{
"type": "FeatureCollection",
"name": "geo_01_小規模多機能型居宅介護",
"crs": { "type": "name", "properties": { "name": "urn:ogc:def:crs:OGC:1.3:CRS84" } },
"features": [
{ "type": "Feature", "properties": { "内容": "小規模多機能型居宅介護事業所海陽亭【小規模多機能型居宅介護】北海道札幌市中央区南11条西1丁目5番8号", "url2": "https://www.kaigokensaku.mhlw.go.jp/01/index.php?action_kouhyou_detail_004_kani=true&JigyosyoCd=0190100222-00&ServiceCd=730&Type=search" }, "geometry": { "type": "Point", "coordinates": [ 141.356852099999969, 43.0462922 ] } },
{ "type": "Feature", "properties": { "内容": "小規模多機能型ホーム　アイケア中島公園通【小規模多機能型居宅介護】北海道札幌市中央区南９条西１１丁目2-11桐越ビル1F", "url2": "https://www.kaigokensaku.mhlw.go.jp/01/index.php?action_kouhyou_detail_004_kani=true&JigyosyoCd=0190100545-00&ServiceCd=730&Type=search" }, "geometry": { "type": "Point", "coordinates": [ 141.345224245260624, 43.045411684084641 ] } },
{ "type": "Feature", "properties": { "内容": "小規模多機能さくらの森【小規模多機能型居宅介護】北海道札幌市中央区南1条西15丁目1-316楽ゆう館南1条", "url2": "https://www.kaigokensaku.mhlw.go.jp/01/index.php?action_kouhyou_detail_004_kani=true&JigyosyoCd=0190100255-00&ServiceCd=730&Type=search" }, "geometry": { "type": "Point", "coordinates": [ 141.33478785153784, 43.056802678540038 ] } },
{ "type": "Feature", "properties": { "内容": "小規模多機能　木蓮【小規模多機能型居宅介護】北海道札幌市中央区南15条西19丁目4-1楽ゆう館ふしみ", "url2": "https://www.kaigokensaku.mhlw.go.jp/01/index.php?action_kouhyou_detail_004_kani=true&JigyosyoCd=0190100800-00&ServiceCd=730&Type=search" }, "geometry": { "type": "Point", "coordinates": [ 141.327841398811302, 43.037481841786118 ] } },
{ "type": "Feature", "properties": { "内容": "小規模多機能型居宅介護事業所つるかめ【小規模多機能型居宅介護】北海道札幌市中央区南14条西18丁目5番33号静明館", "url2": "https://www.kaigokensaku.mhlw.go.jp/01/index.php?action_kouhyou_detail_004_kani=true&JigyosyoCd=0190100792-00&ServiceCd=730&Type=search" }, "geometry": { "type": "Point", "coordinates": [ 141.329363899999947, 43.0399517 ] } },
{ "type": "Feature", "properties": { "内容": "小規模多機能ホーム『ミヤビーの風』【小規模多機能型居宅介護】北海道札幌市中央区宮の森2条14丁目1-20", "url2": "https://www.kaigokensaku.mhlw.go.jp/01/index.php?action_kouhyou_detail_004_kani=true&JigyosyoCd=0190100917-00&ServiceCd=730&Type=search" }, "geometry": { "type": "Point", "coordinates": [ 141.2986985, 43.0513911 ] } },
{ "type": "Feature", "properties": { "内容": "小規模多機能ホーム北のケア【小規模多機能型居宅介護】北海道札幌市中央区南３条東１丁目３番地アルファ創成川公園ビル３階", "url2": "https://www.kaigokensaku.mhlw.go.jp/01/index.php?action_kouhyou_detail_004_kani=true&JigyosyoCd=0190100875-00&ServiceCd=730&Type=search" }, "geometry": { "type": "Point", "coordinates": [ 141.358542899999946, 43.0579408 ] } },
{ "type": "Feature", "properties": { "内容": "小規模多機能ホーム　グッドケア・大通西【小規模多機能型居宅介護】北海道札幌市中央区大通西12丁目4-64", "url2": "https://www.kaigokensaku.mhlw.go.jp/01/index.php?action_kouhyou_detail_004_kani=true&JigyosyoCd=0190101097-00&ServiceCd=730&Type=search" }, "geometry": { "type": "Point", "coordinates": [ 141.3394449, 43.0581801 ] } },
{ "type": "Feature", "properties": { "内容": "小規模多機能型居宅介護　ノテ山鼻【小規模多機能型居宅介護】北海道札幌市中央区南１８条西８丁目1-41", "url2": "https://www.kaigokensaku.mhlw.go.jp/01/index.php?action_kouhyou_detail_004_kani=true&JigyosyoCd=0190100339-00&ServiceCd=730&Type=search" }, "geometry": { "type": "Point", "coordinates": [ 141.34923660000004, 43.0364126 ] } },
{ "type": "Feature", "properties": { "内容": "小規模多機能型居宅介護　ノテ伏見【小規模多機能型居宅介護】北海道札幌市中央区南12条西20丁目2番28号", "url2": "https://www.kaigokensaku.mhlw.go.jp/01/index.php?action_kouhyou_detail_004_kani=true&JigyosyoCd=0190100891-00&ServiceCd=730&Type=search" }, "geometry": { "type": "Point", "coordinates": [ 142.863473699999986, 43.2203266 ] } },
{ "type": "Feature", "properties": { "内容": "小規模多機能型居宅介護　西円山の丘【小規模多機能型居宅介護】札幌市中央区円山西町4丁目3番21号", "url2": "https://www.kaigokensaku.mhlw.go.jp/01/index.php?action_kouhyou_detail_004_kani=true&JigyosyoCd=0190101089-00&ServiceCd=730&Type=search" }, "geometry": { "type": "Point", "coordinates": [ 141.3038321, 43.0422737 ] } },
{ "type": "Feature", "properties": { "内容": "PLACES山鼻【小規模多機能型居宅介護】札幌市中央区南14条西15丁目2-6", "url2": "https://www.kaigokensaku.mhlw.go.jp/01/index.php?action_kouhyou_detail_004_kani=true&JigyosyoCd=0190100198-00&ServiceCd=730&Type=search" }, "geometry": { "type": "Point", "coordinates": [ 141.336249483945721, 43.041032187294313 ] } },
{ "type": "Feature", "properties": { "内容": "ＰＬＡＣＥＳ円山【小規模多機能型居宅介護】北海道札幌市中央区北1条西24丁目1-25ケアグランド円山　3階", "url2": "https://www.kaigokensaku.mhlw.go.jp/01/index.php?action_kouhyou_detail_004_kani=true&JigyosyoCd=0190100206-00&ServiceCd=730&Type=search" }, "geometry": { "type": "Point", "coordinates": [ 141.3203658, 43.0572509 ] } },
{ "type": "Feature", "properties": { "内容": "小規模多機能エスペランサ【小規模多機能型居宅介護】北海道札幌市中央区南11条西13丁目2-5サービス付き高齢者向け住宅エスペランサ", "url2": "https://www.kaigokensaku.mhlw.go.jp/01/index.php?action_kouhyou_detail_004_kani=true&JigyosyoCd=0190100479-00&ServiceCd=730&Type=search" }, "geometry": { "type": "Point", "coordinates": [ 141.3393426, 43.0444614 ] } },
{ "type": "Feature", "properties": { "内容": "小規模多機能ホーム夢なごみ【小規模多機能型居宅介護】北海道札幌市北区新琴似２条１３丁目８番３号", "url2": "https://www.kaigokensaku.mhlw.go.jp/01/index.php?action_kouhyou_detail_004_kani=true&JigyosyoCd=0190200881-00&ServiceCd=730&Type=search" }, "geometry": { "type": "Point", "coordinates": [ 141.306907123278876, 43.113923927954438 ] } },
{ "type": "Feature", "properties": { "内容": "小規模多機能型居宅介護ひまり【小規模多機能型居宅介護】北海道札幌市北区新川２条９丁目１番１５号", "url2": "https://www.kaigokensaku.mhlw.go.jp/01/index.php?action_kouhyou_detail_004_kani=true&JigyosyoCd=0190200469-00&ServiceCd=730&Type=search" }, "geometry": { "type": "Point", "coordinates": [ 141.305872300000033, 43.103481 ] } },
{ "type": "Feature", "properties": { "内容": "『さくら丘』新琴似【小規模多機能型居宅介護】札幌市北区新琴似8条5丁目5-15", "url2": "https://www.kaigokensaku.mhlw.go.jp/01/index.php?action_kouhyou_detail_004_kani=true&JigyosyoCd=0190200071-00&ServiceCd=730&Type=search" }, "geometry": { "type": "Point", "coordinates": [ 141.3292917, 43.1160076 ] } },
{ "type": "Feature", "properties": { "内容": "小規模多機能ホーム千里のこころ【小規模多機能型居宅介護】札幌市北区屯田3条3丁目1番33号", "url2": "https://www.kaigokensaku.mhlw.go.jp/01/index.php?action_kouhyou_detail_004_kani=true&JigyosyoCd=0190200766-00&ServiceCd=730&Type=search" }, "geometry": { "type": "Point", "coordinates": [ 141.338687199999981, 43.1253966 ] } },
{ "type": "Feature", "properties": { "内容": "小規模多機能　ら・すれ【小規模多機能型居宅介護】北海道札幌市北区屯田１１条３丁目７番20号高齢者複合施設　ら・すれ", "url2": "https://www.kaigokensaku.mhlw.go.jp/01/index.php?action_kouhyou_detail_004_kani=true&JigyosyoCd=0190200923-00&ServiceCd=730&Type=search" }, "geometry": { "type": "Point", "coordinates": [ 141.342108, 43.1484259 ] } },
{ "type": "Feature", "properties": { "内容": "小規模多機能型ホームモナミ【小規模多機能型居宅介護】北海道札幌市北区北３７条西６丁目１番２６号小規模多機能型ホームモナミ", "url2": "https://www.kaigokensaku.mhlw.go.jp/01/index.php?action_kouhyou_detail_004_kani=true&JigyosyoCd=0190201095-00&ServiceCd=730&Type=search" }, "geometry": { "type": "Point", "coordinates": [ 141.3379555, 43.1046014 ] } },
{ "type": "Feature", "properties": { "内容": "小規模多機能型ホームモナミサテライト【小規模多機能型居宅介護】北海道札幌市北区篠路6条1丁目4番20号", "url2": "https://www.kaigokensaku.mhlw.go.jp/01/index.php?action_kouhyou_detail_004_kani=true&JigyosyoCd=0190201954-00&ServiceCd=730&Type=search" }, "geometry": { "type": "Point", "coordinates": [ 141.3526335, 43.1513835 ] } },
{ "type": "Feature", "properties": { "内容": "小規模多機能型ホームくらしさ拓北【小規模多機能型居宅介護】北海道札幌市北区拓北6条2丁目4-6", "url2": "https://www.kaigokensaku.mhlw.go.jp/01/index.php?action_kouhyou_detail_004_kani=true&JigyosyoCd=0190200972-00&ServiceCd=730&Type=search" }, "geometry": { "type": "Point", "coordinates": [ 141.3780352, 43.1568846 ] } },
{ "type": "Feature", "properties": { "内容": "小規模多機能型ホーム　くらしさノース21【小規模多機能型居宅介護】北海道札幌市北区北21条西7丁目2-14", "url2": "https://www.kaigokensaku.mhlw.go.jp/01/index.php?action_kouhyou_detail_004_kani=true&JigyosyoCd=0190202267-00&ServiceCd=730&Type=search" }, "geometry": { "type": "Point", "coordinates": [ 141.3397824, 43.0861432 ] } },
{ "type": "Feature", "properties": { "内容": "小機後多機能型居宅介護たく・あい　たんぽぽ【小規模多機能型居宅介護】北海道札幌市北区あいの里1条6丁目1番2号拓北・あいの里福祉センター", "url2": "https://www.kaigokensaku.mhlw.go.jp/01/index.php?action_kouhyou_detail_004_kani=true&JigyosyoCd=0190200980-00&ServiceCd=730&Type=search" }, "geometry": { "type": "Point", "coordinates": [ 141.399819400000069, 43.1555193 ] } },
{ "type": "Feature", "properties": { "内容": "PLACESあいの里【小規模多機能型居宅介護】北海道札幌市北区あいの里３条５丁目１３－４５PLACESあいの里", "url2": "https://www.kaigokensaku.mhlw.go.jp/01/index.php?action_kouhyou_detail_004_kani=true&JigyosyoCd=0190200725-00&ServiceCd=730&Type=search" }, "geometry": { "type": "Point", "coordinates": [ 141.396340449598682, 43.162816205394471 ] } },
{ "type": "Feature", "properties": { "内容": "小規模多機能型居宅介護事業所はる音【小規模多機能型居宅介護】札幌市北区新琴似6条10丁目1番1号", "url2": "https://www.kaigokensaku.mhlw.go.jp/01/index.php?action_kouhyou_detail_004_kani=true&JigyosyoCd=0190200378-00&ServiceCd=730&Type=search" }, "geometry": { "type": "Point", "coordinates": [ 141.318431499999946, 43.1156851 ] } },
{ "type": "Feature", "properties": { "内容": "小規模多機能ホームゆうあい【小規模多機能型居宅介護】札幌市北区篠路２条７丁目６番30号", "url2": "https://www.kaigokensaku.mhlw.go.jp/01/index.php?action_kouhyou_detail_004_kani=true&JigyosyoCd=0190200097-00&ServiceCd=730&Type=search" }, "geometry": { "type": "Point", "coordinates": [ 141.36531489999993, 43.1425439 ] } },
{ "type": "Feature", "properties": { "内容": "小規模多機能型居宅介護つどい【小規模多機能型居宅介護】北海道札幌市北区新川西３条２丁目１－５高齢者複合施設ほほえみの郷（1Ｆ）", "url2": "https://www.kaigokensaku.mhlw.go.jp/01/index.php?action_kouhyou_detail_004_kani=true&JigyosyoCd=0190200840-00&ServiceCd=730&Type=search" }, "geometry": { "type": "Point", "coordinates": [ 141.286564691685498, 43.123570830144295 ] } },
{ "type": "Feature", "properties": { "内容": "小規模多機能型居宅介護　丸心ふわり【小規模多機能型居宅介護】北海道札幌市北区屯田6条6丁目4番48号", "url2": "https://www.kaigokensaku.mhlw.go.jp/01/index.php?action_kouhyou_detail_004_kani=true&JigyosyoCd=0190201038-00&ServiceCd=730&Type=search" }, "geometry": { "type": "Point", "coordinates": [ 141.332997061515812, 43.135241702672978 ] } },
{ "type": "Feature", "properties": { "内容": "小規模多機能ホーム　エターナル【小規模多機能型居宅介護】北海道札幌市北区北３０条西７丁目２-６", "url2": "https://www.kaigokensaku.mhlw.go.jp/01/index.php?action_kouhyou_detail_004_kani=true&JigyosyoCd=0190201863-00&ServiceCd=730&Type=search" }, "geometry": { "type": "Point", "coordinates": [ 141.3375055, 43.096524 ] } },
{ "type": "Feature", "properties": { "内容": "リハケアセンター篠路【小規模多機能型居宅介護】北海道札幌市北区篠路1条2丁目１番7号", "url2": "https://www.kaigokensaku.mhlw.go.jp/01/index.php?action_kouhyou_detail_004_kani=true&JigyosyoCd=0190201616-00&ServiceCd=730&Type=search" }, "geometry": { "type": "Point", "coordinates": [ 141.3516233, 43.1402279 ] } },
{ "type": "Feature", "properties": { "内容": "小規模多機能　コスモス【小規模多機能型居宅介護】札幌市北区屯田２条１丁目７番７号楽ゆう館ポプラ通", "url2": "https://www.kaigokensaku.mhlw.go.jp/01/index.php?action_kouhyou_detail_004_kani=true&JigyosyoCd=0190202184-00&ServiceCd=730&Type=search" }, "geometry": { "type": "Point", "coordinates": [ 141.3429614, 43.122645 ] } },
{ "type": "Feature", "properties": { "内容": "春の歌【小規模多機能型居宅介護】北海道札幌市北区拓北4条3丁目12‐16", "url2": "https://www.kaigokensaku.mhlw.go.jp/01/index.php?action_kouhyou_detail_004_kani=true&JigyosyoCd=0190202333-00&ServiceCd=730&Type=search" }, "geometry": { "type": "Point", "coordinates": [ 141.3826512, 43.1516808 ] } },
{ "type": "Feature", "properties": { "内容": "小規模多機能ホーム和【小規模多機能型居宅介護】札幌市北区篠路４条８丁目９番１号寄宿舎　児童福祉施設等（小規模多機能ホーム）", "url2": "https://www.kaigokensaku.mhlw.go.jp/01/index.php?action_kouhyou_detail_004_kani=true&JigyosyoCd=0190200303-00&ServiceCd=730&Type=search" }, "geometry": { "type": "Point", "coordinates": [ 141.366953400000057, 43.1471934 ] } },
{ "type": "Feature", "properties": { "内容": "小規模多機能エルムの森【小規模多機能型居宅介護】北海道札幌市北区北33条西12丁目1-13楽明館33", "url2": "https://www.kaigokensaku.mhlw.go.jp/01/index.php?action_kouhyou_detail_004_kani=true&JigyosyoCd=0190201301-00&ServiceCd=730&Type=search" }, "geometry": { "type": "Point", "coordinates": [ 141.328809500000034, 43.1019875 ] } },
{ "type": "Feature", "properties": { "内容": "小規模多機能型ホームメロディ【小規模多機能型居宅介護】北海道札幌市北区新琴似5条15丁目5-18小規模多機能ホームメロディ", "url2": "https://www.kaigokensaku.mhlw.go.jp/01/index.php?action_kouhyou_detail_004_kani=true&JigyosyoCd=0190200865-00&ServiceCd=730&Type=search" }, "geometry": { "type": "Point", "coordinates": [ 141.307576599999976, 43.121150700000015 ] } },
{ "type": "Feature", "properties": { "内容": "サテライトえくぼ元町【小規模多機能型居宅介護】北海道札幌市東区北25条東19丁目5番１号", "url2": "https://www.kaigokensaku.mhlw.go.jp/01/index.php?action_kouhyou_detail_004_kani=true&JigyosyoCd=0190200956-00&ServiceCd=730&Type=search" }, "geometry": { "type": "Point", "coordinates": [ 141.379799899999966, 43.0961314 ] } },
{ "type": "Feature", "properties": { "内容": "小規模多機能型居宅介護事業所えくぼ元町【小規模多機能型居宅介護】北海道札幌市東区北25条東２０丁目7-1元町ケアサポートセンター2Ｆ", "url2": "https://www.kaigokensaku.mhlw.go.jp/01/index.php?action_kouhyou_detail_004_kani=true&JigyosyoCd=0190200717-00&ServiceCd=730&Type=search" }, "geometry": { "type": "Point", "coordinates": [ 141.378063900000029, 43.0967507 ] } },
{ "type": "Feature", "properties": { "内容": "小規模多機能型ホーム　椿の里【小規模多機能型居宅介護】北海道札幌市東区北10条東11丁目１－１", "url2": "https://www.kaigokensaku.mhlw.go.jp/01/index.php?action_kouhyou_detail_004_kani=true&JigyosyoCd=0190200089-00&ServiceCd=730&Type=search" }, "geometry": { "type": "Point", "coordinates": [ 141.3708077, 43.075736300000017 ] } },
{ "type": "Feature", "properties": { "内容": "小規模多機能型居宅介護事業所ささえ【小規模多機能型居宅介護】北海道札幌市東区北31条東10丁目1-15小規模多機能型居宅介護事業所ささえ", "url2": "https://www.kaigokensaku.mhlw.go.jp/01/index.php?action_kouhyou_detail_004_kani=true&JigyosyoCd=0190200147-00&ServiceCd=730&Type=search" }, "geometry": { "type": "Point", "coordinates": [ 141.362598299999974, 43.0999915 ] } },
{ "type": "Feature", "properties": { "内容": "小規模多機能型居宅介護事業所サテライトえくぼ【小規模多機能型居宅介護】北海道札幌市東区北23条東23丁目4番30号", "url2": "https://www.kaigokensaku.mhlw.go.jp/01/index.php?action_kouhyou_detail_004_kani=true&JigyosyoCd=0190201228-00&ServiceCd=730&Type=search" }, "geometry": { "type": "Point", "coordinates": [ 141.388988299999937, 43.0922238 ] } },
{ "type": "Feature", "properties": { "内容": "小規模多機能型居宅介護事業所ささえ2号館【小規模多機能型居宅介護】札幌市東区北30条東7丁目1番15号小規模多機能型居宅介護事業所ささえ2号館", "url2": "https://www.kaigokensaku.mhlw.go.jp/01/index.php?action_kouhyou_detail_004_kani=true&JigyosyoCd=0190201756-00&ServiceCd=730&Type=search" }, "geometry": { "type": "Point", "coordinates": [ 141.3589705, 43.0986001 ] } },
{ "type": "Feature", "properties": { "内容": "小規模多機能ホーム北のケア　サテライト北23条【小規模多機能型居宅介護】北海道札幌市東区北23条東1丁目1番7号e-one1階", "url2": "https://www.kaigokensaku.mhlw.go.jp/01/index.php?action_kouhyou_detail_004_kani=true&JigyosyoCd=0190202242-00&ServiceCd=730&Type=search" }, "geometry": { "type": "Point", "coordinates": [ 141.348318299999988, 43.0897834 ] } },
{ "type": "Feature", "properties": { "内容": "小規模多機能型居宅介護施設　うるおいの家　新道東【小規模多機能型居宅介護】北海道札幌市東区北37条東15丁目1－24", "url2": "https://www.kaigokensaku.mhlw.go.jp/01/index.php?action_kouhyou_detail_004_kani=true&JigyosyoCd=0190201749-00&ServiceCd=730&Type=search" }, "geometry": { "type": "Point", "coordinates": [ 141.368147599999986, 43.1073218 ] } },
{ "type": "Feature", "properties": { "内容": "小規模多機能型居宅介護事業所えくぼ【小規模多機能型居宅介護】北海道札幌市東区北24条東22丁目7番7号元町第２ケアサポートセンター", "url2": "https://www.kaigokensaku.mhlw.go.jp/01/index.php?action_kouhyou_detail_004_kani=true&JigyosyoCd=0190200261-00&ServiceCd=730&Type=search" }, "geometry": { "type": "Point", "coordinates": [ 141.386316819821133, 43.095588748236509 ] } },
{ "type": "Feature", "properties": { "内容": "小規模多機能型居宅介護事業所えくぼ東雁来【小規模多機能型居宅介護】北海道札幌市東区東雁来10条2丁目6番1号東雁来第2ケアサポートセンター", "url2": "https://www.kaigokensaku.mhlw.go.jp/01/index.php?action_kouhyou_detail_004_kani=true&JigyosyoCd=0190200345-00&ServiceCd=730&Type=search" }, "geometry": { "type": "Point", "coordinates": [ 141.4256016, 43.0984035 ] } },
{ "type": "Feature", "properties": { "内容": "小規模多機能型居宅介護事業所　サテライトえくぼ東雁来【小規模多機能型居宅介護】北海道札幌市東区東雁来11条4丁目1-12東雁来ケアサポートセンター", "url2": "https://www.kaigokensaku.mhlw.go.jp/01/index.php?action_kouhyou_detail_004_kani=true&JigyosyoCd=0190200774-00&ServiceCd=730&Type=search" }, "geometry": { "type": "Point", "coordinates": [ 141.432614699999931, 43.0974106 ] } },
{ "type": "Feature", "properties": { "内容": "小規模多機能型居宅介護　菜の花北丘珠館【小規模多機能型居宅介護】北海道札幌市東区北丘珠4条1丁目4番16号複合型介護施設　菜の花　北丘珠館", "url2": "https://www.kaigokensaku.mhlw.go.jp/01/index.php?action_kouhyou_detail_004_kani=true&JigyosyoCd=0190200899-00&ServiceCd=730&Type=search" }, "geometry": { "type": "Point", "coordinates": [ 141.401890399999957, 43.127033500000032 ] } },
{ "type": "Feature", "properties": { "内容": "小規模多機能型居宅介護　はぴねす【小規模多機能型居宅介護】北海道札幌市東区伏古8条4丁目1－5ビラ・サンライト第１", "url2": "https://www.kaigokensaku.mhlw.go.jp/01/index.php?action_kouhyou_detail_004_kani=true&JigyosyoCd=0190201012-00&ServiceCd=730&Type=search" }, "geometry": { "type": "Point", "coordinates": [ 141.396415199999979, 43.0907761 ] } },
{ "type": "Feature", "properties": { "内容": "小規模多機能型居宅介護事業所　絆・三角点通り館【小規模多機能型居宅介護】北海道札幌市東区東苗穂５条２丁目１０－１５", "url2": "https://www.kaigokensaku.mhlw.go.jp/01/index.php?action_kouhyou_detail_004_kani=true&JigyosyoCd=0190200857-00&ServiceCd=730&Type=search" }, "geometry": { "type": "Point", "coordinates": [ 141.407250699999963, 43.088622 ] } },
{ "type": "Feature", "properties": { "内容": "社会福祉法人　札幌蒼生会　小規模多機能ホーム　栄町【小規模多機能型居宅介護】札幌市東区北４６条東16丁目１番１８号栄町デイセンター", "url2": "https://www.kaigokensaku.mhlw.go.jp/01/index.php?action_kouhyou_detail_004_kani=true&JigyosyoCd=0190200477-00&ServiceCd=730&Type=search" }, "geometry": { "type": "Point", "coordinates": [ 141.366560700000036, 43.118546942922706 ] } },
{ "type": "Feature", "properties": { "内容": "小規模多機能型居宅介護事業所ひかりの【小規模多機能型居宅介護】北海道札幌市東区東雁来12条4丁目1-12東雁来ふくし交流センター", "url2": "https://www.kaigokensaku.mhlw.go.jp/01/index.php?action_kouhyou_detail_004_kani=true&JigyosyoCd=0190201202-00&ServiceCd=730&Type=search" }, "geometry": { "type": "Point", "coordinates": [ 141.43747859936434, 43.09795667222776 ] } },
{ "type": "Feature", "properties": { "内容": "小規模多機能型居宅介護ライフケア東倶楽部【小規模多機能型居宅介護】札幌市東区北25条東7丁目3-11", "url2": "https://www.kaigokensaku.mhlw.go.jp/01/index.php?action_kouhyou_detail_004_kani=true&JigyosyoCd=0190200048-00&ServiceCd=730&Type=search" }, "geometry": { "type": "Point", "coordinates": [ 141.3602406, 43.0940061 ] } },
{ "type": "Feature", "properties": { "内容": "小規模多機能型居宅介護事業所　ゆず【小規模多機能型居宅介護】北海道札幌市東区北50条東2丁目3-3", "url2": "https://www.kaigokensaku.mhlw.go.jp/01/index.php?action_kouhyou_detail_004_kani=true&JigyosyoCd=0190202127-00&ServiceCd=730&Type=search" }, "geometry": { "type": "Point", "coordinates": [ 141.3449105, 43.121178 ] } },
{ "type": "Feature", "properties": { "内容": "小規模多機能型居宅介護ゆるリハ【小規模多機能型居宅介護】北海道札幌市東区東苗穂11条2丁目21-23", "url2": "https://www.kaigokensaku.mhlw.go.jp/01/index.php?action_kouhyou_detail_004_kani=true&JigyosyoCd=0190201657-00&ServiceCd=730&Type=search" }, "geometry": { "type": "Point", "coordinates": [ 141.419535449876406, 43.103983202775545 ] } },
{ "type": "Feature", "properties": { "内容": "小規模多機能型居宅介護　ノテ元町【小規模多機能型居宅介護】北海道札幌市東区北２５条東２２丁目１番１０号", "url2": "https://www.kaigokensaku.mhlw.go.jp/01/index.php?action_kouhyou_detail_004_kani=true&JigyosyoCd=0190200931-00&ServiceCd=730&Type=search" }, "geometry": { "type": "Point", "coordinates": [ 141.386457699999937, 43.0960316 ] } },
{ "type": "Feature", "properties": { "内容": "小規模多機能　菜の花【小規模多機能型居宅介護】北海道札幌市東区北30条東20丁目7-20", "url2": "https://www.kaigokensaku.mhlw.go.jp/01/index.php?action_kouhyou_detail_004_kani=true&JigyosyoCd=0190201376-00&ServiceCd=730&Type=search" }, "geometry": { "type": "Point", "coordinates": [ 141.381896500000039, 43.1018446 ] } },
{ "type": "Feature", "properties": { "内容": "小規模多機能ホーム森の時計ひなた【小規模多機能型居宅介護】北海道札幌市白石区平和通11丁目北１－２３有限会社弘伸コーポレーション", "url2": "https://www.kaigokensaku.mhlw.go.jp/01/index.php?action_kouhyou_detail_004_kani=true&JigyosyoCd=0190501619-00&ServiceCd=730&Type=search" }, "geometry": { "type": "Point", "coordinates": [ 141.425846, 43.0440134 ] } },
{ "type": "Feature", "properties": { "内容": "小規模多機能型居宅介護　白石の郷【小規模多機能型居宅介護】北海道札幌市白石区本郷通３丁目南１番１６号", "url2": "https://www.kaigokensaku.mhlw.go.jp/01/index.php?action_kouhyou_detail_004_kani=true&JigyosyoCd=0170501035-00&ServiceCd=730&Type=search" }, "geometry": { "type": "Point", "coordinates": [ 141.4046596, 43.0461832 ] } },
{ "type": "Feature", "properties": { "内容": "小規模多機能ケアホーム　はまなす【小規模多機能型居宅介護】北海道札幌市白石区栄通18丁目10番16号", "url2": "https://www.kaigokensaku.mhlw.go.jp/01/index.php?action_kouhyou_detail_004_kani=true&JigyosyoCd=0190503003-00&ServiceCd=730&Type=search" }, "geometry": { "type": "Point", "coordinates": [ 141.433845100000013, 43.0262361 ] } },
{ "type": "Feature", "properties": { "内容": "小規模多機能型ホーム　くらしさ平和通【小規模多機能型居宅介護】北海道札幌市白石区平和通11丁目北1番23号くらしさ平和通", "url2": "https://www.kaigokensaku.mhlw.go.jp/01/index.php?action_kouhyou_detail_004_kani=true&JigyosyoCd=0190502559-00&ServiceCd=730&Type=search" }, "geometry": { "type": "Point", "coordinates": [ 141.425891344180258, 43.043975490493168 ] } },
{ "type": "Feature", "properties": { "内容": "小規模多機能ホーム　バラ苑【小規模多機能型居宅介護】北海道札幌市白石区東札幌５条６丁目６番３３号理想ビル　２Ｆ", "url2": "https://www.kaigokensaku.mhlw.go.jp/01/index.php?action_kouhyou_detail_004_kani=true&JigyosyoCd=0190500223-00&ServiceCd=730&Type=search" }, "geometry": { "type": "Point", "coordinates": [ 141.3980818, 43.0479399 ] } },
{ "type": "Feature", "properties": { "内容": "小規模多機能ホーム　ゆり苑【小規模多機能型居宅介護】札幌市白石区東札幌５条６丁目３－２３理想ハイツ", "url2": "https://www.kaigokensaku.mhlw.go.jp/01/index.php?action_kouhyou_detail_004_kani=true&JigyosyoCd=0190501056-00&ServiceCd=730&Type=search" }, "geometry": { "type": "Point", "coordinates": [ 141.397131899999977, 43.0485231 ] } },
{ "type": "Feature", "properties": { "内容": "小規模多機能型居宅さくら【小規模多機能型居宅介護】北海道札幌市白石区本通12丁目南6番3号", "url2": "https://www.kaigokensaku.mhlw.go.jp/01/index.php?action_kouhyou_detail_004_kani=true&JigyosyoCd=0190503052-00&ServiceCd=730&Type=search" }, "geometry": { "type": "Point", "coordinates": [ 141.423227088086833, 43.039968213824331 ] } },
{ "type": "Feature", "properties": { "内容": "小規模多機能型居宅介護ノテ菊水【小規模多機能型居宅介護】北海道札幌市白石区菊水9条2丁目3-6", "url2": "https://www.kaigokensaku.mhlw.go.jp/01/index.php?action_kouhyou_detail_004_kani=true&JigyosyoCd=0190501221-00&ServiceCd=730&Type=search" }, "geometry": { "type": "Point", "coordinates": [ 141.3836795313523, 43.062562931495663 ] } },
{ "type": "Feature", "properties": { "内容": "小規模多機能型居宅介護　ノテ菊水元町【小規模多機能型居宅介護】北海道札幌市白石区菊水元町7条2丁目8番12号小規模多機能型居宅介護　ノテ菊水元町", "url2": "https://www.kaigokensaku.mhlw.go.jp/01/index.php?action_kouhyou_detail_004_kani=true&JigyosyoCd=0190501353-00&ServiceCd=730&Type=search" }, "geometry": { "type": "Point", "coordinates": [ 141.411862499999984, 43.0708965 ] } },
{ "type": "Feature", "properties": { "内容": "小規模多機能型居宅介護　ノテ本通南【小規模多機能型居宅介護】北海道札幌市白石区本通9丁目南5番18号小規模多機能型居宅介護　ノテ本通南", "url2": "https://www.kaigokensaku.mhlw.go.jp/01/index.php?action_kouhyou_detail_004_kani=true&JigyosyoCd=0190502666-00&ServiceCd=730&Type=search" }, "geometry": { "type": "Point", "coordinates": [ 141.4201836, 43.0431275 ] } },
{ "type": "Feature", "properties": { "内容": "小規模多機能型居宅介護　菊水こまちの郷【小規模多機能型居宅介護】北海道札幌市白石区菊水上町4条3丁目94番地64", "url2": "https://www.kaigokensaku.mhlw.go.jp/01/index.php?action_kouhyou_detail_004_kani=true&JigyosyoCd=0190500074-00&ServiceCd=730&Type=search" }, "geometry": { "type": "Point", "coordinates": [ 141.394415, 43.0631439 ] } },
{ "type": "Feature", "properties": { "内容": "サテライト型小規模多機能ホーム　るぴなす【小規模多機能型居宅介護】北海道札幌市白石区東札幌5条3丁目2-32ｸﾚｱ東札幌103", "url2": "https://www.kaigokensaku.mhlw.go.jp/01/index.php?action_kouhyou_detail_004_kani=true&JigyosyoCd=0190502484-00&ServiceCd=730&Type=search" }, "geometry": { "type": "Point", "coordinates": [ 141.391376199999968, 43.0522962 ] } },
{ "type": "Feature", "properties": { "内容": "小規模多機能型居宅介護　みんなの家II【小規模多機能型居宅介護】北海道札幌市白石区北郷2条1丁目4-11", "url2": "https://www.kaigokensaku.mhlw.go.jp/01/index.php?action_kouhyou_detail_004_kani=true&JigyosyoCd=0190500215-00&ServiceCd=730&Type=search" }, "geometry": { "type": "Point", "coordinates": [ 141.406544100000019, 43.0631776 ] } },
{ "type": "Feature", "properties": { "内容": "札幌市南郷通15丁目北1－41【小規模多機能型居宅介護】札幌市南郷通15丁目北1－41", "url2": "https://www.kaigokensaku.mhlw.go.jp/01/index.php?action_kouhyou_detail_004_kani=true&JigyosyoCd=0190503532-00&ServiceCd=730&Type=search" }, "geometry": { "type": "Point", "coordinates": [ 141.4257847, 43.0348834 ] } },
{ "type": "Feature", "properties": { "内容": "小規模多機能型居宅介護あそーとⅡ【小規模多機能型居宅介護】北海道札幌市白石区米里1条3丁目11-12フレンドリーハウス２号館", "url2": "https://www.kaigokensaku.mhlw.go.jp/01/index.php?action_kouhyou_detail_004_kani=true&JigyosyoCd=0190501981-00&ServiceCd=730&Type=search" }, "geometry": { "type": "Point", "coordinates": [ 141.416903499999989, 43.0724964 ] } },
{ "type": "Feature", "properties": { "内容": "小規模多機能　すみれの花【小規模多機能型居宅介護】北海道札幌市白石区本郷通９丁目北４－１５楽ゆう館　１階", "url2": "https://www.kaigokensaku.mhlw.go.jp/01/index.php?action_kouhyou_detail_004_kani=true&JigyosyoCd=0190501684-00&ServiceCd=730&Type=search" }, "geometry": { "type": "Point", "coordinates": [ 141.418055099999947, 43.04045 ] } },
{ "type": "Feature", "properties": { "内容": "小規模多機能型居宅介護ふる郷【小規模多機能型居宅介護】北海道札幌市白石区北郷4条7丁目6番23号ふる郷", "url2": "https://www.kaigokensaku.mhlw.go.jp/01/index.php?action_kouhyou_detail_004_kani=true&JigyosyoCd=0190501775-00&ServiceCd=730&Type=search" }, "geometry": { "type": "Point", "coordinates": [ 141.4256537, 43.0544846 ] } },
{ "type": "Feature", "properties": { "内容": "つきさっぷみんなの家【小規模多機能型居宅介護】北海道札幌市豊平区月寒西５条１０丁目3-11", "url2": "https://www.kaigokensaku.mhlw.go.jp/01/index.php?action_kouhyou_detail_004_kani=true&JigyosyoCd=0190500082-00&ServiceCd=730&Type=search" }, "geometry": { "type": "Point", "coordinates": [ 141.386964499999976, 43.0250197 ] } },
{ "type": "Feature", "properties": { "内容": "小規模多機能ホームスマイリンク福住【小規模多機能型居宅介護】北海道札幌市豊平区福住１条３丁目８－５小規模多機能ホーム　スマイリンク福住", "url2": "https://www.kaigokensaku.mhlw.go.jp/01/index.php?action_kouhyou_detail_004_kani=true&JigyosyoCd=0190502377-00&ServiceCd=730&Type=search" }, "geometry": { "type": "Point", "coordinates": [ 141.398297100000036, 43.0188124 ] } },
{ "type": "Feature", "properties": { "内容": "小規模多機能型居宅介護事業所　ほのあ【小規模多機能型居宅介護】北海道札幌市豊平区美園２条１丁目１－１９", "url2": "https://www.kaigokensaku.mhlw.go.jp/01/index.php?action_kouhyou_detail_004_kani=true&JigyosyoCd=0190500819-00&ServiceCd=730&Type=search" }, "geometry": { "type": "Point", "coordinates": [ 141.384312960418697, 43.045242272086817 ] } },
{ "type": "Feature", "properties": { "内容": "小規模多機能型居宅介護事業所　ほのあ福住【小規模多機能型居宅介護】北海道札幌市豊平区月寒中央通11丁目７－１マンションパスチャーⅡ", "url2": "https://www.kaigokensaku.mhlw.go.jp/01/index.php?action_kouhyou_detail_004_kani=true&JigyosyoCd=0190501593-00&ServiceCd=730&Type=search" }, "geometry": { "type": "Point", "coordinates": [ 141.399635600000011, 43.0251812 ] } },
{ "type": "Feature", "properties": { "内容": "小規模多機能型居宅介護なの花平岸【小規模多機能型居宅介護】札幌市豊平区平岸6条15丁目1番45号", "url2": "https://www.kaigokensaku.mhlw.go.jp/01/index.php?action_kouhyou_detail_004_kani=true&JigyosyoCd=0190501999-00&ServiceCd=730&Type=search" }, "geometry": { "type": "Point", "coordinates": [ 141.37834870000006, 43.0225893 ] } },
{ "type": "Feature", "properties": { "内容": "小規模多機能型居宅介護すずらん美園【小規模多機能型居宅介護】北海道札幌市豊平区美園9条1丁目5-1サービス付き高齢者向け住宅すずらん美園", "url2": "https://www.kaigokensaku.mhlw.go.jp/01/index.php?action_kouhyou_detail_004_kani=true&JigyosyoCd=0190501825-00&ServiceCd=730&Type=search" }, "geometry": { "type": "Point", "coordinates": [ 141.376427299999932, 43.0386769 ] } },
{ "type": "Feature", "properties": { "内容": "小規模多機能ホームとよひら【小規模多機能型居宅介護】北海道札幌市豊平区豊平1条8丁目2番6号", "url2": "https://www.kaigokensaku.mhlw.go.jp/01/index.php?action_kouhyou_detail_004_kani=true&JigyosyoCd=0190501205-00&ServiceCd=730&Type=search" }, "geometry": { "type": "Point", "coordinates": [ 141.377703577384949, 43.050568361680241 ] } },
{ "type": "Feature", "properties": { "内容": "小規模多機能型居宅介護ノテ月寒西【小規模多機能型居宅介護】札幌市豊平区月寒西4条6丁目1番35号", "url2": "https://www.kaigokensaku.mhlw.go.jp/01/index.php?action_kouhyou_detail_004_kani=true&JigyosyoCd=0190500553-00&ServiceCd=730&Type=search" }, "geometry": { "type": "Point", "coordinates": [ 141.387655900000027, 43.028897 ] } },
{ "type": "Feature", "properties": { "内容": "小規模多機能型居宅介護ノテ福住【小規模多機能型居宅介護】札幌市豊平区福住2条9丁目1-32", "url2": "https://www.kaigokensaku.mhlw.go.jp/01/index.php?action_kouhyou_detail_004_kani=true&JigyosyoCd=0170504062-00&ServiceCd=730&Type=search" }, "geometry": { "type": "Point", "coordinates": [ 141.390484799999967, 43.0059582 ] } },
{ "type": "Feature", "properties": { "内容": "小規模多機能型居宅介護　ノテ月寒東【小規模多機能型居宅介護】札幌市豊平区月寒東4条19丁目1-3", "url2": "https://www.kaigokensaku.mhlw.go.jp/01/index.php?action_kouhyou_detail_004_kani=true&JigyosyoCd=0190500355-00&ServiceCd=730&Type=search" }, "geometry": { "type": "Point", "coordinates": [ 141.427364500000067, 43.0205076 ] } },
{ "type": "Feature", "properties": { "内容": "小規模多機能型居宅介護ノテ西岡【小規模多機能型居宅介護】札幌市豊平区西岡1条9丁目19-5", "url2": "https://www.kaigokensaku.mhlw.go.jp/01/index.php?action_kouhyou_detail_004_kani=true&JigyosyoCd=0190500934-00&ServiceCd=730&Type=search" }, "geometry": { "type": "Point", "coordinates": [ 141.380383339981108, 43.007621040205443 ] } },
{ "type": "Feature", "properties": { "内容": "小規模多機能型居宅介護ノテ豊平【小規模多機能型居宅介護】北海道札幌市豊平区豊平2条3丁目1-28", "url2": "https://www.kaigokensaku.mhlw.go.jp/01/index.php?action_kouhyou_detail_004_kani=true&JigyosyoCd=0190500975-00&ServiceCd=730&Type=search" }, "geometry": { "type": "Point", "coordinates": [ 141.370084, 43.0540609 ] } },
{ "type": "Feature", "properties": { "内容": "小規模多機能型居宅介護　ノテ平岸【小規模多機能型居宅介護】北海道札幌市豊平区平岸5条15丁目1-2-4", "url2": "https://www.kaigokensaku.mhlw.go.jp/01/index.php?action_kouhyou_detail_004_kani=true&JigyosyoCd=0190501601-00&ServiceCd=730&Type=search" }, "geometry": { "type": "Point", "coordinates": [ 141.3761657, 43.0204729 ] } },
{ "type": "Feature", "properties": { "内容": "小規模多機能型居宅介護ノテ月寒中央【小規模多機能型居宅介護】北海道札幌市豊平区月寒西1条11丁目3番30号小規模多機能型居宅介護ノテ月寒中央", "url2": "https://www.kaigokensaku.mhlw.go.jp/01/index.php?action_kouhyou_detail_004_kani=true&JigyosyoCd=0190502427-00&ServiceCd=730&Type=search" }, "geometry": { "type": "Point", "coordinates": [ 141.398483599999963, 43.0229385 ] } },
{ "type": "Feature", "properties": { "内容": "小規模多機能型居宅介護事業所はる音みその館【小規模多機能型居宅介護】北海道札幌市豊平区美園1条2丁目3番32号小規模多機能型居宅介護事業所　はる音　みその館", "url2": "https://www.kaigokensaku.mhlw.go.jp/01/index.php?action_kouhyou_detail_004_kani=true&JigyosyoCd=0190501213-00&ServiceCd=730&Type=search" }, "geometry": { "type": "Point", "coordinates": [ 141.385741651520533, 43.045701082741125 ] } },
{ "type": "Feature", "properties": { "内容": "小規模多機能ホーム　リラックス【小規模多機能型居宅介護】札幌市豊平区平岸１条１０丁目４番３８号", "url2": "https://www.kaigokensaku.mhlw.go.jp/01/index.php?action_kouhyou_detail_004_kani=true&JigyosyoCd=0190500546-00&ServiceCd=730&Type=search" }, "geometry": { "type": "Point", "coordinates": [ 141.362816299999963, 43.0312355 ] } },
{ "type": "Feature", "properties": { "内容": "小規模多機能ホーム　かいてき西岡【小規模多機能型居宅介護】北海道札幌市豊平区西岡４条３丁目6-43サービス付き高齢者向け住宅アメニティホーム西岡１階", "url2": "https://www.kaigokensaku.mhlw.go.jp/01/index.php?action_kouhyou_detail_004_kani=true&JigyosyoCd=0190501486-00&ServiceCd=730&Type=search" }, "geometry": { "type": "Point", "coordinates": [ 141.390403735581884, 43.016986921886051 ] } },
{ "type": "Feature", "properties": { "内容": "小規模多機能すずらん【小規模多機能型居宅介護】北海道札幌市南区南36条西10丁目1-25楽ゆう館36", "url2": "https://www.kaigokensaku.mhlw.go.jp/01/index.php?action_kouhyou_detail_004_kani=true&JigyosyoCd=0190501569-00&ServiceCd=730&Type=search" }, "geometry": { "type": "Point", "coordinates": [ 141.345029599999947, 43.0088102 ] } },
{ "type": "Feature", "properties": { "内容": "小規模多機能ステーション澄川の丘【小規模多機能型居宅介護】札幌市南区澄川６条７丁目１番５号", "url2": "https://www.kaigokensaku.mhlw.go.jp/01/index.php?action_kouhyou_detail_004_kani=true&JigyosyoCd=0190503508-00&ServiceCd=730&Type=search" }, "geometry": { "type": "Point", "coordinates": [ 141.372293899999988, 43.0062236 ] } },
{ "type": "Feature", "properties": { "内容": "ささえーる小規模多機能ホーム【小規模多機能型居宅介護】北海道札幌市南区石山１条５丁目１番３２号", "url2": "https://www.kaigokensaku.mhlw.go.jp/01/index.php?action_kouhyou_detail_004_kani=true&JigyosyoCd=0190500678-00&ServiceCd=730&Type=search" }, "geometry": { "type": "Point", "coordinates": [ 141.325128100000029, 42.9640918 ] } },
{ "type": "Feature", "properties": { "内容": "小規模多機能型居宅介護　うるおいの家　真駒内【小規模多機能型居宅介護】北海道札幌市南区真駒内柏丘１１丁目１－１００", "url2": "https://www.kaigokensaku.mhlw.go.jp/01/index.php?action_kouhyou_detail_004_kani=true&JigyosyoCd=0190502765-00&ServiceCd=730&Type=search" }, "geometry": { "type": "Point", "coordinates": [ 141.346071099999961, 42.977906199999985 ] } },
{ "type": "Feature", "properties": { "内容": "小規模多機能ケアホーム藤野いこいの家【小規模多機能型居宅介護】北海道札幌市南区藤野２条１０丁目１３－１７", "url2": "https://www.kaigokensaku.mhlw.go.jp/01/index.php?action_kouhyou_detail_004_kani=true&JigyosyoCd=0190500090-00&ServiceCd=730&Type=search" }, "geometry": { "type": "Point", "coordinates": [ 141.282628599999953, 42.9630046 ] } },
{ "type": "Feature", "properties": { "内容": "小規模多機能居宅介護HACC石山【小規模多機能型居宅介護】北海道札幌市南区石山2条3丁目13番12号", "url2": "https://www.kaigokensaku.mhlw.go.jp/01/index.php?action_kouhyou_detail_004_kani=true&JigyosyoCd=0190503177-00&ServiceCd=730&Type=search" }, "geometry": { "type": "Point", "coordinates": [ 141.334171300000037, 42.966945600000017 ] } },
{ "type": "Feature", "properties": { "内容": "小規模多機能型ホームくらしさ澄川【小規模多機能型居宅介護】札幌市南区澄川4条9丁目1-7", "url2": "https://www.kaigokensaku.mhlw.go.jp/01/index.php?action_kouhyou_detail_004_kani=true&JigyosyoCd=0190502104-00&ServiceCd=730&Type=search" }, "geometry": { "type": "Point", "coordinates": [ 141.366209, 43.0035529 ] } },
{ "type": "Feature", "properties": { "内容": "小規模多機能型居宅介護ノテ石山【小規模多機能型居宅介護】北海道札幌市南区石山１条6丁目17番33号", "url2": "https://www.kaigokensaku.mhlw.go.jp/01/index.php?action_kouhyou_detail_004_kani=true&JigyosyoCd=0190500843-00&ServiceCd=730&Type=search" }, "geometry": { "type": "Point", "coordinates": [ 141.326465168657052, 42.966102703639322 ] } },
{ "type": "Feature", "properties": { "内容": "小規模多機能型居宅介護ノテ川沿【小規模多機能型居宅介護】北海道札幌市南区川沿1条5丁目1-15", "url2": "https://www.kaigokensaku.mhlw.go.jp/01/index.php?action_kouhyou_detail_004_kani=true&JigyosyoCd=0190501577-00&ServiceCd=730&Type=search" }, "geometry": { "type": "Point", "coordinates": [ 141.325096499999972, 43.0002458 ] } },
{ "type": "Feature", "properties": { "内容": "小規模多機能型居宅介護エルム澄川【小規模多機能型居宅介護】北海道札幌市南区澄川5条4丁目5番20号住宅型有料老人ホームエルム澄川内併設", "url2": "https://www.kaigokensaku.mhlw.go.jp/01/index.php?action_kouhyou_detail_004_kani=true&JigyosyoCd=0190502435-00&ServiceCd=730&Type=search" }, "geometry": { "type": "Point", "coordinates": [ 141.3720284, 43.0113618 ] } },
{ "type": "Feature", "properties": { "内容": "はなえーる小規模多機能ホーム【小規模多機能型居宅介護】北海道札幌市南区石山東１丁目１番１６号", "url2": "https://www.kaigokensaku.mhlw.go.jp/01/index.php?action_kouhyou_detail_004_kani=true&JigyosyoCd=0190501346-00&ServiceCd=730&Type=search" }, "geometry": { "type": "Point", "coordinates": [ 141.343999112865049, 42.972630937646514 ] } },
{ "type": "Feature", "properties": { "内容": "小規模多機能ホーム森の時計【小規模多機能型居宅介護】北海道札幌市南区北ノ沢８丁目５番１４号", "url2": "https://www.kaigokensaku.mhlw.go.jp/01/index.php?action_kouhyou_detail_004_kani=true&JigyosyoCd=0190500330-00&ServiceCd=730&Type=search" }, "geometry": { "type": "Point", "coordinates": [ 141.322496699999988, 43.0019927 ] } },
{ "type": "Feature", "properties": { "内容": "ハーモニーの丘【小規模多機能型居宅介護】北海道札幌市西区八軒9条西4丁目5-15", "url2": "https://www.kaigokensaku.mhlw.go.jp/01/index.php?action_kouhyou_detail_004_kani=true&JigyosyoCd=0190400143-00&ServiceCd=730&Type=search" }, "geometry": { "type": "Point", "coordinates": [ 141.313069700000028, 43.0945182 ] } },
{ "type": "Feature", "properties": { "内容": "小規模多機能ホーム　ドリーム【小規模多機能型居宅介護】札幌市西区西野2条1丁目2-1", "url2": "https://www.kaigokensaku.mhlw.go.jp/01/index.php?action_kouhyou_detail_004_kani=true&JigyosyoCd=0190400259-00&ServiceCd=730&Type=search" }, "geometry": { "type": "Point", "coordinates": [ 141.28575120000005, 43.0737747 ] } },
{ "type": "Feature", "properties": { "内容": "アイケア琴似【小規模多機能型居宅介護】北海道札幌市西区琴似4条7丁目2-25", "url2": "https://www.kaigokensaku.mhlw.go.jp/01/index.php?action_kouhyou_detail_004_kani=true&JigyosyoCd=0190401547-00&ServiceCd=730&Type=search" }, "geometry": { "type": "Point", "coordinates": [ 141.2958047, 43.0761902 ] } },
{ "type": "Feature", "properties": { "内容": "アイケア宮の沢【小規模多機能型居宅介護】北海道札幌市西区宮の沢2条1丁目15-1メビウス宮の沢108", "url2": "https://www.kaigokensaku.mhlw.go.jp/01/index.php?action_kouhyou_detail_004_kani=true&JigyosyoCd=0190401554-00&ServiceCd=730&Type=search" }, "geometry": { "type": "Point", "coordinates": [ 141.2737941, 43.0868277 ] } },
{ "type": "Feature", "properties": { "内容": "まるごとケアの家ホサナホーム【小規模多機能型居宅介護】北海道札幌市西区宮の沢3条3丁目6-1", "url2": "https://www.kaigokensaku.mhlw.go.jp/01/index.php?action_kouhyou_detail_004_kani=true&JigyosyoCd=0190400978-00&ServiceCd=730&Type=search" }, "geometry": { "type": "Point", "coordinates": [ 141.262927799999943, 43.0849408 ] } },
{ "type": "Feature", "properties": { "内容": "『さくら丘』琴似【小規模多機能型居宅介護】札幌市西区琴似３条３丁目３－７", "url2": "https://www.kaigokensaku.mhlw.go.jp/01/index.php?action_kouhyou_detail_004_kani=true&JigyosyoCd=0190400168-00&ServiceCd=730&Type=search" }, "geometry": { "type": "Point", "coordinates": [ 141.3016106, 43.0797082 ] } },
{ "type": "Feature", "properties": { "内容": "小規模多機能型居宅介護はぴねす発寒【小規模多機能型居宅介護】北海道札幌市西区発寒7条14丁目2-23", "url2": "https://www.kaigokensaku.mhlw.go.jp/01/index.php?action_kouhyou_detail_004_kani=true&JigyosyoCd=0190401000-00&ServiceCd=730&Type=search" }, "geometry": { "type": "Point", "coordinates": [ 141.267472199999986, 43.0988871 ] } },
{ "type": "Feature", "properties": { "内容": "小規模多機能型ホームウエスト【小規模多機能型居宅介護】札幌市西区西町南15丁目4-6高伸ハイツ1階", "url2": "https://www.kaigokensaku.mhlw.go.jp/01/index.php?action_kouhyou_detail_004_kani=true&JigyosyoCd=0190400549-00&ServiceCd=730&Type=search" }, "geometry": { "type": "Point", "coordinates": [ 141.278851199999963, 43.0820347 ] } },
{ "type": "Feature", "properties": { "内容": "小規模多機能ホームゆかい西野【小規模多機能型居宅介護】札幌市西区西野6条9丁目1番12号", "url2": "https://www.kaigokensaku.mhlw.go.jp/01/index.php?action_kouhyou_detail_004_kani=true&JigyosyoCd=0190401620-00&ServiceCd=730&Type=search" }, "geometry": { "type": "Point", "coordinates": [ 141.2654284, 43.0742523 ] } },
{ "type": "Feature", "properties": { "内容": "小規模多機能型ホームくらしさ八軒【小規模多機能型居宅介護】北海道札幌市西区八軒6条東2丁目8－10オークビル1階", "url2": "https://www.kaigokensaku.mhlw.go.jp/01/index.php?action_kouhyou_detail_004_kani=true&JigyosyoCd=0190400325-00&ServiceCd=730&Type=search" }, "geometry": { "type": "Point", "coordinates": [ 141.317175400000025, 43.0860139 ] } },
{ "type": "Feature", "properties": { "内容": "小規模多機能型ホーム　くらしさ琴似【小規模多機能型居宅介護】北海道札幌市西区琴似1条7丁目1－8小規模多機能型ホーム　くらしさ琴似", "url2": "https://www.kaigokensaku.mhlw.go.jp/01/index.php?action_kouhyou_detail_004_kani=true&JigyosyoCd=0190400341-00&ServiceCd=730&Type=search" }, "geometry": { "type": "Point", "coordinates": [ 141.3015471, 43.0731923 ] } },
{ "type": "Feature", "properties": { "内容": "小規模多機能型居宅介護いぶき【小規模多機能型居宅介護】北海道札幌市西区発寒１７条３丁目4-25", "url2": "https://www.kaigokensaku.mhlw.go.jp/01/index.php?action_kouhyou_detail_004_kani=true&JigyosyoCd=0190400424-00&ServiceCd=730&Type=search" }, "geometry": { "type": "Point", "coordinates": [ 141.293815, 43.1094821 ] } },
{ "type": "Feature", "properties": { "内容": "小規模多機能型居宅介護事業所　はればれ【小規模多機能型居宅介護】北海度札幌市西区発寒6条9丁目3-1　A.Oビル　3F", "url2": "https://www.kaigokensaku.mhlw.go.jp/01/index.php?action_kouhyou_detail_004_kani=true&JigyosyoCd=0190400911-00&ServiceCd=730&Type=search" }, "geometry": { "type": "Point", "coordinates": [ 141.27819, 43.0899964 ] } },
{ "type": "Feature", "properties": { "内容": "小規模多機能かたくりの花【小規模多機能型居宅介護】北海道札幌市西区西野3条4丁目9番8号楽ゆう館　山の手通", "url2": "https://www.kaigokensaku.mhlw.go.jp/01/index.php?action_kouhyou_detail_004_kani=true&JigyosyoCd=0190400515-00&ServiceCd=730&Type=search" }, "geometry": { "type": "Point", "coordinates": [ 141.278407099999981, 43.0753243 ] } },
{ "type": "Feature", "properties": { "内容": "ＳＯＭＰＯケア　札幌八軒　小規模多機能【小規模多機能型居宅介護】北海道札幌市西区八軒7条東5丁目1番1号", "url2": "https://www.kaigokensaku.mhlw.go.jp/01/index.php?action_kouhyou_detail_004_kani=true&JigyosyoCd=0190400861-00&ServiceCd=730&Type=search" }, "geometry": { "type": "Point", "coordinates": [ 141.326093799999967, 43.0825124 ] } },
{ "type": "Feature", "properties": { "内容": "ニチイケアセンター厚別【小規模多機能型居宅介護】北海道札幌市厚別区厚別東4条4丁目11番31号", "url2": "https://www.kaigokensaku.mhlw.go.jp/01/index.php?action_kouhyou_detail_004_kani=true&JigyosyoCd=0190500371-00&ServiceCd=730&Type=search" }, "geometry": { "type": "Point", "coordinates": [ 141.482707600000026, 43.0489368 ] } },
{ "type": "Feature", "properties": { "内容": "小規模多機能型ホーム　くらしさ厚別西【小規模多機能型居宅介護】北海道札幌市厚別区厚別西４条４丁目5-1", "url2": "https://www.kaigokensaku.mhlw.go.jp/01/index.php?action_kouhyou_detail_004_kani=true&JigyosyoCd=0190500645-00&ServiceCd=730&Type=search" }, "geometry": { "type": "Point", "coordinates": [ 141.464910811268368, 43.047065644982638 ] } },
{ "type": "Feature", "properties": { "内容": "小規模多機能型居宅介護ノテ厚別中央【小規模多機能型居宅介護】北海道札幌市厚別区厚別中央3条3丁目14-10", "url2": "https://www.kaigokensaku.mhlw.go.jp/01/index.php?action_kouhyou_detail_004_kani=true&JigyosyoCd=0190501122-00&ServiceCd=730&Type=search" }, "geometry": { "type": "Point", "coordinates": [ 141.463418, 43.0379267 ] } },
{ "type": "Feature", "properties": { "内容": "小規模多機能ホームかりぷ【小規模多機能型居宅介護】北海道札幌市厚別区上野幌１条２丁目２番３０号ケアセンターかりぷ・上野幌", "url2": "https://www.kaigokensaku.mhlw.go.jp/01/index.php?action_kouhyou_detail_004_kani=true&JigyosyoCd=0190500637-00&ServiceCd=730&Type=search" }, "geometry": { "type": "Point", "coordinates": [ 141.468885199999932, 43.0202091 ] } },
{ "type": "Feature", "properties": { "内容": "小規模多機能型居宅介護　ノテ厚別もみじ台【小規模多機能型居宅介護】北海道札幌市厚別区もみじ台北6丁目2-3", "url2": "https://www.kaigokensaku.mhlw.go.jp/01/index.php?action_kouhyou_detail_004_kani=true&JigyosyoCd=0190500983-00&ServiceCd=730&Type=search" }, "geometry": { "type": "Point", "coordinates": [ 141.492777987835666, 43.034952643006406 ] } },
{ "type": "Feature", "properties": { "内容": "小規模多機能型居宅介護ノテ青葉町【小規模多機能型居宅介護】北海道札幌市厚別区青葉町7丁目10-10", "url2": "https://www.kaigokensaku.mhlw.go.jp/01/index.php?action_kouhyou_detail_004_kani=true&JigyosyoCd=0190502658-00&ServiceCd=730&Type=search" }, "geometry": { "type": "Point", "coordinates": [ 141.479117800000012, 43.0289559 ] } },
{ "type": "Feature", "properties": { "内容": "小規模多機能型居宅介護　あおば【小規模多機能型居宅介護】北海道札幌市厚別区青葉町４丁目１０番２７号青葉ハーティケアセンター", "url2": "https://www.kaigokensaku.mhlw.go.jp/01/index.php?action_kouhyou_detail_004_kani=true&JigyosyoCd=0190501742-00&ServiceCd=730&Type=search" }, "geometry": { "type": "Point", "coordinates": [ 141.478430800000069, 43.0330717 ] } },
{ "type": "Feature", "properties": { "内容": "小規模多機能型居宅介護事業所レガートもみじ台【小規模多機能型居宅介護】北海道札幌市厚別区もみじ台北６丁目１番６号", "url2": "https://www.kaigokensaku.mhlw.go.jp/01/index.php?action_kouhyou_detail_004_kani=true&JigyosyoCd=0190500793-00&ServiceCd=730&Type=search" }, "geometry": { "type": "Point", "coordinates": [ 141.491051700000071, 43.0349773 ] } },
{ "type": "Feature", "properties": { "内容": "小規模多機能型居宅介護事業所レガート青葉【小規模多機能型居宅介護】北海道札幌市厚別区青葉町６丁目１番２９号", "url2": "https://www.kaigokensaku.mhlw.go.jp/01/index.php?action_kouhyou_detail_004_kani=true&JigyosyoCd=0190501338-00&ServiceCd=730&Type=search" }, "geometry": { "type": "Point", "coordinates": [ 141.476297699999975, 43.0305926 ] } },
{ "type": "Feature", "properties": { "内容": "小規模多機能型居宅介護ゆるりゆうづき【小規模多機能型居宅介護】札幌市厚別区もみじ台南３丁目１１番５号", "url2": "https://www.kaigokensaku.mhlw.go.jp/01/index.php?action_kouhyou_detail_004_kani=true&JigyosyoCd=0190503375-00&ServiceCd=730&Type=search" }, "geometry": { "type": "Point", "coordinates": [ 141.4908603, 43.0237128 ] } },
{ "type": "Feature", "properties": { "内容": "小規模多機能型居宅介護ゆうづきもみじ【小規模多機能型居宅介護】北海道札幌市厚別区もみじ台西３丁目3番アルファスクエアもみじ台5号棟101・102号", "url2": "https://www.kaigokensaku.mhlw.go.jp/01/index.php?action_kouhyou_detail_004_kani=true&JigyosyoCd=0190502617-00&ServiceCd=730&Type=search" }, "geometry": { "type": "Point", "coordinates": [ 141.488049600000011, 43.0325298 ] } },
{ "type": "Feature", "properties": { "内容": "小規模多機能ホームぬくもり　２号館【小規模多機能型居宅介護】北海道札幌市手稲区富丘２条５丁目８－３２", "url2": "https://www.kaigokensaku.mhlw.go.jp/01/index.php?action_kouhyou_detail_004_kani=true&JigyosyoCd=0190400416-00&ServiceCd=730&Type=search" }, "geometry": { "type": "Point", "coordinates": [ 141.24952159999998, 43.1109618 ] } },
{ "type": "Feature", "properties": { "内容": "小規模多機能　ゆい【小規模多機能型居宅介護】北海道札幌市手稲区西宮の沢３条２丁目５番２０号サービス付き高齢者向け住宅　ユイガーデンハイム", "url2": "https://www.kaigokensaku.mhlw.go.jp/01/index.php?action_kouhyou_detail_004_kani=true&JigyosyoCd=0190400952-00&ServiceCd=730&Type=search" }, "geometry": { "type": "Point", "coordinates": [ 141.263483602516203, 43.100511140974241 ] } },
{ "type": "Feature", "properties": { "内容": "ツクイ札幌稲穂【小規模多機能型居宅介護】札幌市手稲区稲穂3条4丁目5番37号", "url2": "https://www.kaigokensaku.mhlw.go.jp/01/index.php?action_kouhyou_detail_004_kani=true&JigyosyoCd=0190401190-00&ServiceCd=730&Type=search" }, "geometry": { "type": "Point", "coordinates": [ 141.2236675, 43.1221106 ] } },
{ "type": "Feature", "properties": { "内容": "SOMPOケア　札幌星置　小規模多機能【小規模多機能型居宅介護】北海道札幌市手稲区星置1条4丁目2-29", "url2": "https://www.kaigokensaku.mhlw.go.jp/01/index.php?action_kouhyou_detail_004_kani=true&JigyosyoCd=0190400879-00&ServiceCd=730&Type=search" }, "geometry": { "type": "Point", "coordinates": [ 141.209104199999956, 43.1327993 ] } },
{ "type": "Feature", "properties": { "内容": "小規模多機能とも笑み【小規模多機能型居宅介護】北海道札幌市手稲区曙7条2丁目7-38", "url2": "https://www.kaigokensaku.mhlw.go.jp/01/index.php?action_kouhyou_detail_004_kani=true&JigyosyoCd=0190401463-00&ServiceCd=730&Type=search" }, "geometry": { "type": "Point", "coordinates": [ 141.236221, 43.1405644 ] } },
{ "type": "Feature", "properties": { "内容": "小規模多機能型居宅介護ゆずり葉明日風【小規模多機能型居宅介護】北海道札幌市手稲区明日風４丁目１５番５０号", "url2": "https://www.kaigokensaku.mhlw.go.jp/01/index.php?action_kouhyou_detail_004_kani=true&JigyosyoCd=0190400432-00&ServiceCd=730&Type=search" }, "geometry": { "type": "Point", "coordinates": [ 141.2227881, 43.1402742 ] } },
{ "type": "Feature", "properties": { "内容": "小規模多機能型居宅介護　かがやき西宮の沢【小規模多機能型居宅介護】北海道札幌市手稲区西宮の沢3条1丁目13番20かがやき西宮の沢", "url2": "https://www.kaigokensaku.mhlw.go.jp/01/index.php?action_kouhyou_detail_004_kani=true&JigyosyoCd=0190400788-00&ServiceCd=730&Type=search" }, "geometry": { "type": "Point", "coordinates": [ 141.26286, 43.0988244 ] } },
{ "type": "Feature", "properties": { "内容": "小規模多機能型居宅介護『さくら丘』手稲【小規模多機能型居宅介護】札幌市手稲区前田９条１０丁目２番１２号", "url2": "https://www.kaigokensaku.mhlw.go.jp/01/index.php?action_kouhyou_detail_004_kani=true&JigyosyoCd=0190400358-00&ServiceCd=730&Type=search" }, "geometry": { "type": "Point", "coordinates": [ 141.260724626983574, 43.130310444869416 ] } },
{ "type": "Feature", "properties": { "内容": "さくら丘【小規模多機能型居宅介護】札幌市手稲区前田7条14丁目1番34号", "url2": "https://www.kaigokensaku.mhlw.go.jp/01/index.php?action_kouhyou_detail_004_kani=true&JigyosyoCd=0190401588-00&ServiceCd=730&Type=search" }, "geometry": { "type": "Point", "coordinates": [ 141.25035133068846, 43.131638882595361 ] } },
{ "type": "Feature", "properties": { "内容": "小規模多機能型居宅介護みなみな星置【小規模多機能型居宅介護】北海道札幌市手稲区星置3条1丁目9-3", "url2": "https://www.kaigokensaku.mhlw.go.jp/01/index.php?action_kouhyou_detail_004_kani=true&JigyosyoCd=0190401596-00&ServiceCd=730&Type=search" }, "geometry": { "type": "Point", "coordinates": [ 141.2224948, 43.1392268 ] } },
{ "type": "Feature", "properties": { "内容": "小規模多機能型居宅介護事業所　たまえ【小規模多機能型居宅介護】北海道札幌市手稲区稲穂１条４丁目４番１０号", "url2": "https://www.kaigokensaku.mhlw.go.jp/01/index.php?action_kouhyou_detail_004_kani=true&JigyosyoCd=0190400408-00&ServiceCd=730&Type=search" }, "geometry": { "type": "Point", "coordinates": [ 141.223400700000013, 43.126291400000014 ] } },
{ "type": "Feature", "properties": { "内容": "小規模多機能型居宅介護事業所餡蜜【小規模多機能型居宅介護】北海道札幌市手稲区稲穂１条4丁目4-11秀欧荘手稲いなほ別館", "url2": "https://www.kaigokensaku.mhlw.go.jp/01/index.php?action_kouhyou_detail_004_kani=true&JigyosyoCd=0190401323-00&ServiceCd=730&Type=search" }, "geometry": { "type": "Point", "coordinates": [ 141.223278500000021, 43.1260543 ] } },
{ "type": "Feature", "properties": { "内容": "（介護予防）小規模多機能型居宅介護事業所きなこ【小規模多機能型居宅介護】北海道札幌市手稲区富丘3条5丁目1－１７秀欧荘富丘", "url2": "https://www.kaigokensaku.mhlw.go.jp/01/index.php?action_kouhyou_detail_004_kani=true&JigyosyoCd=0190401638-00&ServiceCd=730&Type=search" }, "geometry": { "type": "Point", "coordinates": [ 141.2489414, 43.1079567 ] } },
{ "type": "Feature", "properties": { "内容": "小規模多機能型居宅介護神愛園かなやま【小規模多機能型居宅介護】札幌市手稲区金山１条３丁目１番３３号", "url2": "https://www.kaigokensaku.mhlw.go.jp/01/index.php?action_kouhyou_detail_004_kani=true&JigyosyoCd=0190400069-00&ServiceCd=730&Type=search" }, "geometry": { "type": "Point", "coordinates": [ 141.203434799999968, 43.1304914 ] } },
{ "type": "Feature", "properties": { "内容": "社会福祉法人　渓仁会　小規模多機能型居宅介護つむぎ【小規模多機能型居宅介護】北海道札幌市手稲区前田3条9丁目2番7号", "url2": "https://www.kaigokensaku.mhlw.go.jp/01/index.php?action_kouhyou_detail_004_kani=true&JigyosyoCd=0190401067-00&ServiceCd=730&Type=search" }, "geometry": { "type": "Point", "coordinates": [ 141.252171800000013, 43.1197599 ] } },
{ "type": "Feature", "properties": { "内容": "小規模多機能型ホーム　アイケアひらおか【小規模多機能型居宅介護】北海道札幌市清田区平岡９条１丁目１５－６小規模多機能ホーム　アイケアひらおか", "url2": "https://www.kaigokensaku.mhlw.go.jp/01/index.php?action_kouhyou_detail_004_kani=true&JigyosyoCd=0190501551-00&ServiceCd=730&Type=search" }, "geometry": { "type": "Point", "coordinates": [ 141.456153299999983, 43.0151983 ] } },
{ "type": "Feature", "properties": { "内容": "小規模多機能ホームぬくもり【小規模多機能型居宅介護】札幌市清田区清田1条4丁目4-31", "url2": "https://www.kaigokensaku.mhlw.go.jp/01/index.php?action_kouhyou_detail_004_kani=true&JigyosyoCd=0190500470-00&ServiceCd=730&Type=search" }, "geometry": { "type": "Point", "coordinates": [ 141.442472100000032, 43.0005743 ] } },
{ "type": "Feature", "properties": { "内容": "小規模多機能ホームスマイリンク平岡【小規模多機能型居宅介護】北海道札幌市清田区平岡２条３丁目２番１０号", "url2": "https://www.kaigokensaku.mhlw.go.jp/01/index.php?action_kouhyou_detail_004_kani=true&JigyosyoCd=0190500835-00&ServiceCd=730&Type=search" }, "geometry": { "type": "Point", "coordinates": [ 141.448657799999978, 42.9982275 ] } },
{ "type": "Feature", "properties": { "内容": "小規模多機能ホーム・美しが丘テラス【小規模多機能型居宅介護】北海道札幌市清田区美しが丘３条８丁目２番１号美しが丘テラス", "url2": "https://www.kaigokensaku.mhlw.go.jp/01/index.php?action_kouhyou_detail_004_kani=true&JigyosyoCd=0190501239-00&ServiceCd=730&Type=search" }, "geometry": { "type": "Point", "coordinates": [ 141.443830299999945, 42.9996356 ] } },
{ "type": "Feature", "properties": { "内容": "アイケアみどりが丘【小規模多機能型居宅介護】北海道札幌市清田区里塚緑ヶ丘９丁目９－１８", "url2": "https://www.kaigokensaku.mhlw.go.jp/01/index.php?action_kouhyou_detail_004_kani=true&JigyosyoCd=0190502096-00&ServiceCd=730&Type=search" }, "geometry": { "type": "Point", "coordinates": [ 141.471205, 42.991087 ] } },
{ "type": "Feature", "properties": { "内容": "アイケア羊ケ丘通【小規模多機能型居宅介護】北海道札幌市清田区美しが丘２条３丁目３－２", "url2": "https://www.kaigokensaku.mhlw.go.jp/01/index.php?action_kouhyou_detail_004_kani=true&JigyosyoCd=0190502120-00&ServiceCd=730&Type=search" }, "geometry": { "type": "Point", "coordinates": [ 141.450600568718158, 42.98699158717892 ] } },
{ "type": "Feature", "properties": { "内容": "小多機アイケア里塚【小規模多機能型居宅介護】北海道札幌市清田区里塚緑が丘12丁目9-2", "url2": "https://www.kaigokensaku.mhlw.go.jp/01/index.php?action_kouhyou_detail_004_kani=true&JigyosyoCd=0190502153-00&ServiceCd=730&Type=search" }, "geometry": { "type": "Point", "coordinates": [ 141.4746821, 42.986022100000014 ] } },
{ "type": "Feature", "properties": { "内容": "小規模多機能ホームふきのとう【小規模多機能型居宅介護】札幌市清田区清田3条1丁目1-18", "url2": "https://www.kaigokensaku.mhlw.go.jp/01/index.php?action_kouhyou_detail_004_kani=true&JigyosyoCd=0190500140-00&ServiceCd=730&Type=search" }, "geometry": { "type": "Point", "coordinates": [ 141.425006399969476, 43.002967082088738 ] } },
{ "type": "Feature", "properties": { "内容": "小規模多機能型居宅介護　ノテ真栄【小規模多機能型居宅介護】札幌市清田区真栄４条２丁目８番８号", "url2": "https://www.kaigokensaku.mhlw.go.jp/01/index.php?action_kouhyou_detail_004_kani=true&JigyosyoCd=0190500462-00&ServiceCd=730&Type=search" }, "geometry": { "type": "Point", "coordinates": [ 141.439711437712077, 42.986503633522595 ] } },
{ "type": "Feature", "properties": { "内容": "小規模多機能型居宅介護　ノテ平岡北【小規模多機能型居宅介護】北海道札幌市清田区平岡7条3丁目1－15", "url2": "https://www.kaigokensaku.mhlw.go.jp/01/index.php?action_kouhyou_detail_004_kani=true&JigyosyoCd=0190500512-00&ServiceCd=730&Type=search" }, "geometry": { "type": "Point", "coordinates": [ 141.4599644, 43.0087795 ] } },
{ "type": "Feature", "properties": { "内容": "小規模多機能型居宅介護ノテ清田【小規模多機能型居宅介護】札幌市清田区清田１条４丁目３－２０", "url2": "https://www.kaigokensaku.mhlw.go.jp/01/index.php?action_kouhyou_detail_004_kani=true&JigyosyoCd=0190500561-00&ServiceCd=730&Type=search" }, "geometry": { "type": "Point", "coordinates": [ 141.439713528836023, 43.00161670726709 ] } },
{ "type": "Feature", "properties": { "内容": "小規模多機能型居宅介護ノテ平岡東【小規模多機能型居宅介護】札幌市清田区平岡公園東11丁目11-6", "url2": "https://www.kaigokensaku.mhlw.go.jp/01/index.php?action_kouhyou_detail_004_kani=true&JigyosyoCd=0190500322-00&ServiceCd=730&Type=search" }, "geometry": { "type": "Point", "coordinates": [ 141.4701612, 43.0019861 ] } },
{ "type": "Feature", "properties": { "内容": "小規模多機能ホーム　シャイニングの森【小規模多機能型居宅介護】北海道札幌市清田区美しが丘1条8丁目1番25号", "url2": "https://www.kaigokensaku.mhlw.go.jp/01/index.php?action_kouhyou_detail_004_kani=true&JigyosyoCd=0190503219-00&ServiceCd=730&Type=search" }, "geometry": { "type": "Point", "coordinates": [ 141.465296971827684, 42.979126097106558 ] } },
{ "type": "Feature", "properties": { "内容": "小規模多機能型居宅介護事業所　海翔【小規模多機能型居宅介護】北海道函館市川汲町586番地1小規模多機能型居宅介護事業所　海翔", "url2": "https://www.kaigokensaku.mhlw.go.jp/01/index.php?action_kouhyou_detail_004_kani=true&JigyosyoCd=0191400456-00&ServiceCd=730&Type=search" }, "geometry": { "type": "Point", "coordinates": [ 140.977242100000012, 41.906686 ] } },
{ "type": "Feature", "properties": { "内容": "小規模多機能ホームなでしこ【小規模多機能型居宅介護】函館市大縄町20番19号", "url2": "https://www.kaigokensaku.mhlw.go.jp/01/index.php?action_kouhyou_detail_004_kani=true&JigyosyoCd=0191400357-00&ServiceCd=730&Type=search" }, "geometry": { "type": "Point", "coordinates": [ 140.734587199999964, 41.7832199 ] } },
{ "type": "Feature", "properties": { "内容": "グッドケア・松風【小規模多機能型居宅介護】北海道函館市松風町13番15号グッドケア・松風", "url2": "https://www.kaigokensaku.mhlw.go.jp/01/index.php?action_kouhyou_detail_004_kani=true&JigyosyoCd=0191400803-00&ServiceCd=730&Type=search" }, "geometry": { "type": "Point", "coordinates": [ 140.734109399999966, 41.7708361 ] } },
{ "type": "Feature", "properties": { "内容": "小規模多機能ホームアニー【小規模多機能型居宅介護】北海道函館市神山３丁目１６番１３号", "url2": "https://www.kaigokensaku.mhlw.go.jp/01/index.php?action_kouhyou_detail_004_kani=true&JigyosyoCd=0191400753-00&ServiceCd=730&Type=search" }, "geometry": { "type": "Point", "coordinates": [ 140.764792490807395, 41.819792787153553 ] } },
{ "type": "Feature", "properties": { "内容": "小規模多機能型居宅介護事業所　海翔【小規模多機能型居宅介護】北海道函館市川汲町586番地1", "url2": "https://www.kaigokensaku.mhlw.go.jp/01/index.php?action_kouhyou_detail_004_kani=true&JigyosyoCd=0191401058-00&ServiceCd=730&Type=search" }, "geometry": { "type": "Point", "coordinates": [ 140.968007, 41.9118852 ] } },
{ "type": "Feature", "properties": { "内容": "小規模多機能型居宅介護事業所あんじゅう日の出【小規模多機能型居宅介護】函館市日乃出町3番9号", "url2": "https://www.kaigokensaku.mhlw.go.jp/01/index.php?action_kouhyou_detail_004_kani=true&JigyosyoCd=0191401215-00&ServiceCd=730&Type=search" }, "geometry": { "type": "Point", "coordinates": [ 140.748796675035749, 41.774135027603485 ] } },
{ "type": "Feature", "properties": { "内容": "小規模多機能ホームのべる手【小規模多機能型居宅介護】北海道函館市中道2丁目26番29号", "url2": "https://www.kaigokensaku.mhlw.go.jp/01/index.php?action_kouhyou_detail_004_kani=true&JigyosyoCd=0191401033-00&ServiceCd=730&Type=search" }, "geometry": { "type": "Point", "coordinates": [ 140.76074159999996, 41.810656 ] } },
{ "type": "Feature", "properties": { "内容": "小規模多機能ホームのべる手　サテライト事業所【小規模多機能型居宅介護】北海道函館市中道２丁目１９番３１号", "url2": "https://www.kaigokensaku.mhlw.go.jp/01/index.php?action_kouhyou_detail_004_kani=true&JigyosyoCd=0191401314-00&ServiceCd=730&Type=search" }, "geometry": { "type": "Point", "coordinates": [ 140.7601531, 41.8096091 ] } },
{ "type": "Feature", "properties": { "内容": "小規模多機能ハウスメイフェア日吉【小規模多機能型居宅介護】北海道函館市日吉町３丁目７番２３号", "url2": "https://www.kaigokensaku.mhlw.go.jp/01/index.php?action_kouhyou_detail_004_kani=true&JigyosyoCd=0191401124-00&ServiceCd=730&Type=search" }, "geometry": { "type": "Point", "coordinates": [ 140.7862705, 41.7938255 ] } },
{ "type": "Feature", "properties": { "内容": "小規模多機能ホームしゅうどう【小規模多機能型居宅介護】北海道函館市北浜町１－９", "url2": "https://www.kaigokensaku.mhlw.go.jp/01/index.php?action_kouhyou_detail_004_kani=true&JigyosyoCd=0191400597-00&ServiceCd=730&Type=search" }, "geometry": { "type": "Point", "coordinates": [ 140.729813550262406, 41.796182159122935 ] } },
{ "type": "Feature", "properties": { "内容": "小規模多機能ホームなでしこ【小規模多機能型居宅介護】函館市大縄町20番19号", "url2": "https://www.kaigokensaku.mhlw.go.jp/01/index.php?action_kouhyou_detail_004_kani=true&JigyosyoCd=0191401249-00&ServiceCd=730&Type=search" }, "geometry": { "type": "Point", "coordinates": [ 140.734612, 41.7832309 ] } },
{ "type": "Feature", "properties": { "内容": "小規模多機能型居宅介護事業所　潮太郎【小規模多機能型居宅介護】北海道函館市釜谷町６０５番地１", "url2": "https://www.kaigokensaku.mhlw.go.jp/01/index.php?action_kouhyou_detail_004_kani=true&JigyosyoCd=0191400035-00&ServiceCd=730&Type=search" }, "geometry": { "type": "Point", "coordinates": [ 140.938472499999989, 41.7367617 ] } },
{ "type": "Feature", "properties": { "内容": "小規模多機能ハウスあい日吉【小規模多機能型居宅介護】北海道函館市日吉町2丁目22-12", "url2": "https://www.kaigokensaku.mhlw.go.jp/01/index.php?action_kouhyou_detail_004_kani=true&JigyosyoCd=0191400654-00&ServiceCd=730&Type=search" }, "geometry": { "type": "Point", "coordinates": [ 140.7928832, 41.7961679 ] } },
{ "type": "Feature", "properties": { "内容": "小規模多機能ハウスあい美原【小規模多機能型居宅介護】北海道函館市美原３丁目１３番３２号", "url2": "https://www.kaigokensaku.mhlw.go.jp/01/index.php?action_kouhyou_detail_004_kani=true&JigyosyoCd=0191400662-00&ServiceCd=730&Type=search" }, "geometry": { "type": "Point", "coordinates": [ 141.346807399999989, 43.0646147 ] } },
{ "type": "Feature", "properties": { "内容": "社会福祉法人函館大庚会　小規模多機能ハウスこん【小規模多機能型居宅介護】北海道函館市本町２９番７号", "url2": "https://www.kaigokensaku.mhlw.go.jp/01/index.php?action_kouhyou_detail_004_kani=true&JigyosyoCd=0191400209-00&ServiceCd=730&Type=search" }, "geometry": { "type": "Point", "coordinates": [ 140.754438299999947, 41.7869729 ] } },
{ "type": "Feature", "properties": { "内容": "凪と汐風【小規模多機能型居宅介護】函館市小安町６９２番地１", "url2": "https://www.kaigokensaku.mhlw.go.jp/01/index.php?action_kouhyou_detail_004_kani=true&JigyosyoCd=0191400175-00&ServiceCd=730&Type=search" }, "geometry": { "type": "Point", "coordinates": [ 140.919985082881112, 41.743977430477521 ] } },
{ "type": "Feature", "properties": { "内容": "小規模多機能型居宅介護事業所ゆのかわわとな【小規模多機能型居宅介護】北海道函館市湯川町１丁目２番９号", "url2": "https://www.kaigokensaku.mhlw.go.jp/01/index.php?action_kouhyou_detail_004_kani=true&JigyosyoCd=0191400068-00&ServiceCd=730&Type=search" }, "geometry": { "type": "Point", "coordinates": [ 140.781654200000048, 41.7750554 ] } },
{ "type": "Feature", "properties": { "内容": "小規模多機能型居宅介護事業所ききょうわとな【小規模多機能型居宅介護】函館市桔梗４丁目３4番９号", "url2": "https://www.kaigokensaku.mhlw.go.jp/01/index.php?action_kouhyou_detail_004_kani=true&JigyosyoCd=0191400233-00&ServiceCd=730&Type=search" }, "geometry": { "type": "Point", "coordinates": [ 140.7280163, 41.8240876 ] } },
{ "type": "Feature", "properties": { "内容": "小規模多機能ぱるむ【小規模多機能型居宅介護】北海道函館市本通4丁目3番21号", "url2": "https://www.kaigokensaku.mhlw.go.jp/01/index.php?action_kouhyou_detail_004_kani=true&JigyosyoCd=0191400779-00&ServiceCd=730&Type=search" }, "geometry": { "type": "Point", "coordinates": [ 140.777956300000028, 41.7965894 ] } },
{ "type": "Feature", "properties": { "内容": "小規模多機能ぱるむⅡ【小規模多機能型居宅介護】北海道函館市志海苔町３００番地４号", "url2": "https://www.kaigokensaku.mhlw.go.jp/01/index.php?action_kouhyou_detail_004_kani=true&JigyosyoCd=0191401199-00&ServiceCd=730&Type=search" }, "geometry": { "type": "Point", "coordinates": [ 140.8169962, 41.7681816 ] } },
{ "type": "Feature", "properties": { "内容": "小規模多機能型居宅介護事業所　海翔【小規模多機能型居宅介護】北海道函館市川汲町586番地1", "url2": "https://www.kaigokensaku.mhlw.go.jp/01/index.php?action_kouhyou_detail_004_kani=true&JigyosyoCd=0191401355-00&ServiceCd=730&Type=search" }, "geometry": { "type": "Point", "coordinates": [ 140.968007, 41.9118852 ] } },
{ "type": "Feature", "properties": { "内容": "あすなろの杜【小規模多機能型居宅介護】北海道小樽市幸２丁目２２番３号", "url2": "https://www.kaigokensaku.mhlw.go.jp/01/index.php?action_kouhyou_detail_004_kani=true&JigyosyoCd=0192000016-00&ServiceCd=730&Type=search" }, "geometry": { "type": "Point", "coordinates": [ 140.96924290000004, 43.2133478 ] } },
{ "type": "Feature", "properties": { "内容": "あすなろの郷【小規模多機能型居宅介護】小樽市花園2丁目5番2号フロックスビル6階", "url2": "https://www.kaigokensaku.mhlw.go.jp/01/index.php?action_kouhyou_detail_004_kani=true&JigyosyoCd=0192000115-00&ServiceCd=730&Type=search" }, "geometry": { "type": "Point", "coordinates": [ 140.997890705943263, 43.191463618475922 ] } },
{ "type": "Feature", "properties": { "内容": "蘭島小規模多機能ホームさくら【小規模多機能型居宅介護】北海道小樽市蘭島1丁目4-14", "url2": "https://www.kaigokensaku.mhlw.go.jp/01/index.php?action_kouhyou_detail_004_kani=true&JigyosyoCd=0192000040-00&ServiceCd=730&Type=search" }, "geometry": { "type": "Point", "coordinates": [ 140.859100500000068, 43.1990793 ] } },
{ "type": "Feature", "properties": { "内容": "あすなろの郷【小規模多機能型居宅介護】北海道小樽市花園2丁目5番2号フロックスビル", "url2": "https://www.kaigokensaku.mhlw.go.jp/01/index.php?action_kouhyou_detail_004_kani=true&JigyosyoCd=0192006021-00&ServiceCd=730&Type=search" }, "geometry": { "type": "Point", "coordinates": [ 140.9979045, 43.191456200000019 ] } },
{ "type": "Feature", "properties": { "内容": "アイケアわかまつ【小規模多機能型居宅介護】小樽市若松２丁目１番１４号", "url2": "https://www.kaigokensaku.mhlw.go.jp/01/index.php?action_kouhyou_detail_004_kani=true&JigyosyoCd=0192000503-00&ServiceCd=730&Type=search" }, "geometry": { "type": "Point", "coordinates": [ 141.00997430000001, 43.1842169 ] } },
{ "type": "Feature", "properties": { "内容": "小規模多機能ホーム奏【小規模多機能型居宅介護】小樽市末広町1番5号", "url2": "https://www.kaigokensaku.mhlw.go.jp/01/index.php?action_kouhyou_detail_004_kani=true&JigyosyoCd=0192000057-00&ServiceCd=730&Type=search" }, "geometry": { "type": "Point", "coordinates": [ 140.996951979762258, 43.210328496658349 ] } },
{ "type": "Feature", "properties": { "内容": "あすなろの杜【小規模多機能型居宅介護】北海道小樽市幸２丁目２２番３号", "url2": "https://www.kaigokensaku.mhlw.go.jp/01/index.php?action_kouhyou_detail_004_kani=true&JigyosyoCd=0192006013-00&ServiceCd=730&Type=search" }, "geometry": { "type": "Point", "coordinates": [ 140.9692715, 43.2134307 ] } },
{ "type": "Feature", "properties": { "内容": "小規模多機能型ホームぬくもり【小規模多機能型居宅介護】北海道小樽市最上町１丁目２４番３号", "url2": "https://www.kaigokensaku.mhlw.go.jp/01/index.php?action_kouhyou_detail_004_kani=true&JigyosyoCd=0192006039-00&ServiceCd=730&Type=search" }, "geometry": { "type": "Point", "coordinates": [ 140.9804509, 43.1833078 ] } },
{ "type": "Feature", "properties": { "内容": "小規模多機能ホームつみき【小規模多機能型居宅介護】北海道小樽市長橋5丁目14番7号", "url2": "https://www.kaigokensaku.mhlw.go.jp/01/index.php?action_kouhyou_detail_004_kani=true&JigyosyoCd=0192000073-00&ServiceCd=730&Type=search" }, "geometry": { "type": "Point", "coordinates": [ 140.968329700000027, 43.2045598 ] } },
{ "type": "Feature", "properties": { "内容": "さざなみ荘III【小規模多機能型居宅介護】旭川市緑町20丁目2164-66", "url2": "https://www.kaigokensaku.mhlw.go.jp/01/index.php?action_kouhyou_detail_004_kani=true&JigyosyoCd=0192900280-00&ServiceCd=730&Type=search" }, "geometry": { "type": "Point", "coordinates": [ 142.327252, 43.7914985 ] } },
{ "type": "Feature", "properties": { "内容": "ＳＯＭＰＯケア　旭川神楽岡小規模多機能【小規模多機能型居宅介護】北海道旭川市神楽岡14条3丁目3-1", "url2": "https://www.kaigokensaku.mhlw.go.jp/01/index.php?action_kouhyou_detail_004_kani=true&JigyosyoCd=0192902468-00&ServiceCd=730&Type=search" }, "geometry": { "type": "Point", "coordinates": [ 142.35691810000003, 43.7439217 ] } },
{ "type": "Feature", "properties": { "内容": "小規模多機能型居宅介護事業所「すまいる」【小規模多機能型居宅介護】北海道旭川市錦町17丁目2660番地の1", "url2": "https://www.kaigokensaku.mhlw.go.jp/01/index.php?action_kouhyou_detail_004_kani=true&JigyosyoCd=0192900249-00&ServiceCd=730&Type=search" }, "geometry": { "type": "Point", "coordinates": [ 142.3334016, 43.7892045 ] } },
{ "type": "Feature", "properties": { "内容": "小規模多機能型居宅介護事業所　グレイス【小規模多機能型居宅介護】北海道旭川市東光８条７丁目２番１５号", "url2": "https://www.kaigokensaku.mhlw.go.jp/01/index.php?action_kouhyou_detail_004_kani=true&JigyosyoCd=0192900215-00&ServiceCd=730&Type=search" }, "geometry": { "type": "Point", "coordinates": [ 142.412239699999986, 43.7474376 ] } },
{ "type": "Feature", "properties": { "内容": "小規模多機能型居宅介護事業所こばやしさんち【小規模多機能型居宅介護】北海道旭川市東光１６条６丁目３番１０号", "url2": "https://www.kaigokensaku.mhlw.go.jp/01/index.php?action_kouhyou_detail_004_kani=true&JigyosyoCd=0192900264-00&ServiceCd=730&Type=search" }, "geometry": { "type": "Point", "coordinates": [ 142.409601498947495, 43.739613686677153 ] } },
{ "type": "Feature", "properties": { "内容": "小規模多機能型居宅介護和が家【小規模多機能型居宅介護】北海道旭川市春光台５条３丁目1-19", "url2": "https://www.kaigokensaku.mhlw.go.jp/01/index.php?action_kouhyou_detail_004_kani=true&JigyosyoCd=0192902039-00&ServiceCd=730&Type=search" }, "geometry": { "type": "Point", "coordinates": [ 142.350282439621566, 43.820422992334926 ] } },
{ "type": "Feature", "properties": { "内容": "小規模多機能型居宅介護事業所ここはな【小規模多機能型居宅介護】北海道旭川市永山９条13丁目１番23号", "url2": "https://www.kaigokensaku.mhlw.go.jp/01/index.php?action_kouhyou_detail_004_kani=true&JigyosyoCd=0192902922-00&ServiceCd=730&Type=search" }, "geometry": { "type": "Point", "coordinates": [ 142.4302427, 43.7955035 ] } },
{ "type": "Feature", "properties": { "内容": "小多機癒庵【小規模多機能型居宅介護】北海道室蘭市御前水町2丁目16-3", "url2": "https://www.kaigokensaku.mhlw.go.jp/01/index.php?action_kouhyou_detail_004_kani=true&JigyosyoCd=0193500246-00&ServiceCd=730&Type=search" }, "geometry": { "type": "Point", "coordinates": [ 141.00036502056858, 42.321457814200762 ] } },
{ "type": "Feature", "properties": { "内容": "小規模多機能型ホームくらしさ室蘭【小規模多機能型居宅介護】北海道室蘭市幸町12-10小規模多機能型ホーム　くらしさ室蘭", "url2": "https://www.kaigokensaku.mhlw.go.jp/01/index.php?action_kouhyou_detail_004_kani=true&JigyosyoCd=0193500253-00&ServiceCd=730&Type=search" }, "geometry": { "type": "Point", "coordinates": [ 140.9687353, 42.3146899 ] } },
{ "type": "Feature", "properties": { "内容": "小規模多機能型居宅介護事業所みたらの杜【小規模多機能型居宅介護】北海道室蘭市絵鞆町２丁目２２番３号", "url2": "https://www.kaigokensaku.mhlw.go.jp/01/index.php?action_kouhyou_detail_004_kani=true&JigyosyoCd=0193500030-00&ServiceCd=730&Type=search" }, "geometry": { "type": "Point", "coordinates": [ 140.936958600000025, 42.3342714 ] } },
{ "type": "Feature", "properties": { "内容": "小多機　癒暖【小規模多機能型居宅介護】北海道室蘭市大沢町2丁目26番4号", "url2": "https://www.kaigokensaku.mhlw.go.jp/01/index.php?action_kouhyou_detail_004_kani=true&JigyosyoCd=0193500303-00&ServiceCd=730&Type=search" }, "geometry": { "type": "Point", "coordinates": [ 141.0056229, 42.3296099 ] } },
{ "type": "Feature", "properties": { "内容": "ニチイのやわらぎ室蘭【小規模多機能型居宅介護】室蘭市中島町３丁目19-5", "url2": "https://www.kaigokensaku.mhlw.go.jp/01/index.php?action_kouhyou_detail_004_kani=true&JigyosyoCd=0193500063-00&ServiceCd=730&Type=search" }, "geometry": { "type": "Point", "coordinates": [ 141.02236640000001, 42.3507604 ] } },
{ "type": "Feature", "properties": { "内容": "ＳＯＭＰＯケア釧路春採　小規模多機能【小規模多機能型居宅介護】北海道釧路市春採４丁目２９－１６", "url2": "https://www.kaigokensaku.mhlw.go.jp/01/index.php?action_kouhyou_detail_004_kani=true&JigyosyoCd=0194100491-00&ServiceCd=730&Type=search" }, "geometry": { "type": "Point", "coordinates": [ 144.409469800000011, 42.9649162 ] } },
{ "type": "Feature", "properties": { "内容": "多機能型グループホームかおり【小規模多機能型居宅介護】北海道釧路市鳥取北３丁目１２番１０号", "url2": "https://www.kaigokensaku.mhlw.go.jp/01/index.php?action_kouhyou_detail_004_kani=true&JigyosyoCd=0194100012-00&ServiceCd=730&Type=search" }, "geometry": { "type": "Point", "coordinates": [ 144.355720799999972, 43.017206 ] } },
{ "type": "Feature", "properties": { "内容": "小規模多機能型居宅介護　フィオーレ貝塚【小規模多機能型居宅介護】北海道釧路市貝塚2丁目6番24号", "url2": "https://www.kaigokensaku.mhlw.go.jp/01/index.php?action_kouhyou_detail_004_kani=true&JigyosyoCd=0194100152-00&ServiceCd=730&Type=search" }, "geometry": { "type": "Point", "coordinates": [ 144.417092899999943, 42.9935884 ] } },
{ "type": "Feature", "properties": { "内容": "小規模多機能型居宅介護フィオーレ弥生【小規模多機能型居宅介護】北海道釧路市弥生1丁目3番20号", "url2": "https://www.kaigokensaku.mhlw.go.jp/01/index.php?action_kouhyou_detail_004_kani=true&JigyosyoCd=0194100350-00&ServiceCd=730&Type=search" }, "geometry": { "type": "Point", "coordinates": [ 144.385927854700441, 42.970758231666842 ] } },
{ "type": "Feature", "properties": { "内容": "小規模多機能ふみぞの【小規模多機能型居宅介護】釧路市文苑2丁目26番14号", "url2": "https://www.kaigokensaku.mhlw.go.jp/01/index.php?action_kouhyou_detail_004_kani=true&JigyosyoCd=0194100285-00&ServiceCd=730&Type=search" }, "geometry": { "type": "Point", "coordinates": [ 144.385425899999973, 43.0214588 ] } },
{ "type": "Feature", "properties": { "内容": "小規模多機能ホームおたっしゃサロンなごみ【小規模多機能型居宅介護】釧路市愛国西2丁目5番20号", "url2": "https://www.kaigokensaku.mhlw.go.jp/01/index.php?action_kouhyou_detail_004_kani=true&JigyosyoCd=0194100020-00&ServiceCd=730&Type=search" }, "geometry": { "type": "Point", "coordinates": [ 144.378974299999982, 43.0118846 ] } },
{ "type": "Feature", "properties": { "内容": "小規模多機能ホームコロイ【小規模多機能型居宅介護】北海道釧路市阿寒町阿寒湖温泉2丁目５－３", "url2": "https://www.kaigokensaku.mhlw.go.jp/01/index.php?action_kouhyou_detail_004_kani=true&JigyosyoCd=0194100202-00&ServiceCd=730&Type=search" }, "geometry": { "type": "Point", "coordinates": [ 144.096593900000016, 43.4317197 ] } },
{ "type": "Feature", "properties": { "内容": "小規模多機能ホームおたっしゃサロン天【小規模多機能型居宅介護】釧路市星が浦大通３丁目１番１５号", "url2": "https://www.kaigokensaku.mhlw.go.jp/01/index.php?action_kouhyou_detail_004_kani=true&JigyosyoCd=0194100293-00&ServiceCd=730&Type=search" }, "geometry": { "type": "Point", "coordinates": [ 144.3168885, 43.0121769 ] } },
{ "type": "Feature", "properties": { "内容": "小規模多機能ホームあさがお【小規模多機能型居宅介護】釧路市興津2丁目29番44号", "url2": "https://www.kaigokensaku.mhlw.go.jp/01/index.php?action_kouhyou_detail_004_kani=true&JigyosyoCd=0194100269-00&ServiceCd=730&Type=search" }, "geometry": { "type": "Point", "coordinates": [ 144.410928099999978, 42.961125 ] } },
{ "type": "Feature", "properties": { "内容": "小規模多機能つどいの郷八重桜【小規模多機能型居宅介護】釧路市鶴野東3丁目25番６号", "url2": "https://www.kaigokensaku.mhlw.go.jp/01/index.php?action_kouhyou_detail_004_kani=true&JigyosyoCd=0194100368-00&ServiceCd=730&Type=search" }, "geometry": { "type": "Point", "coordinates": [ 144.317753652114902, 43.021557139110655 ] } },
{ "type": "Feature", "properties": { "内容": "小規模多機能かっこうの宿【小規模多機能型居宅介護】北海道釧路市鶴ヶ岱3-7-5", "url2": "https://www.kaigokensaku.mhlw.go.jp/01/index.php?action_kouhyou_detail_004_kani=true&JigyosyoCd=0194100244-00&ServiceCd=730&Type=search" }, "geometry": { "type": "Point", "coordinates": [ 144.409363699999972, 42.9797451 ] } },
{ "type": "Feature", "properties": { "内容": "サテライト型小規模多機能型居宅介護あんさんぶる川北【小規模多機能型居宅介護】帯広市西14条北2丁目2番地39", "url2": "https://www.kaigokensaku.mhlw.go.jp/01/index.php?action_kouhyou_detail_004_kani=true&JigyosyoCd=0194600110-00&ServiceCd=730&Type=search" }, "geometry": { "type": "Point", "coordinates": [ 143.1809905, 42.9328442 ] } },
{ "type": "Feature", "properties": { "内容": "帯広けいせい苑小規模多機能ホームはるか【小規模多機能型居宅介護】北海道帯広市西１８条南２丁目６番地４", "url2": "https://www.kaigokensaku.mhlw.go.jp/01/index.php?action_kouhyou_detail_004_kani=true&JigyosyoCd=0194600094-00&ServiceCd=730&Type=search" }, "geometry": { "type": "Point", "coordinates": [ 143.159259499999962, 42.9205058 ] } },
{ "type": "Feature", "properties": { "内容": "帯広けいせい苑小規模多機能ホームいなほ【小規模多機能型居宅介護】北海道帯広市西5条南37丁目1-7多機能ホームいなほ", "url2": "https://www.kaigokensaku.mhlw.go.jp/01/index.php?action_kouhyou_detail_004_kani=true&JigyosyoCd=0194600441-00&ServiceCd=730&Type=search" }, "geometry": { "type": "Point", "coordinates": [ 143.20224782306525, 42.888263493386496 ] } },
{ "type": "Feature", "properties": { "内容": "小規模多機能型居宅介護事業所　清流の里【小規模多機能型居宅介護】北海道帯広市清流東4丁目4番地3", "url2": "https://www.kaigokensaku.mhlw.go.jp/01/index.php?action_kouhyou_detail_004_kani=true&JigyosyoCd=0194600359-00&ServiceCd=730&Type=search" }, "geometry": { "type": "Point", "coordinates": [ 143.190356800000018, 42.8630474 ] } },
{ "type": "Feature", "properties": { "内容": "小規模多機能型居宅介護　奏～かなで～【小規模多機能型居宅介護】北海道帯広市東3条南27丁目4番地", "url2": "https://www.kaigokensaku.mhlw.go.jp/01/index.php?action_kouhyou_detail_004_kani=true&JigyosyoCd=0194600532-00&ServiceCd=730&Type=search" }, "geometry": { "type": "Point", "coordinates": [ 143.2132302, 42.9017998 ] } },
{ "type": "Feature", "properties": { "内容": "太陽園小規模多機能ホーム杜のそら【小規模多機能型居宅介護】北海道帯広市大空町３丁目１５番地２", "url2": "https://www.kaigokensaku.mhlw.go.jp/01/index.php?action_kouhyou_detail_004_kani=true&JigyosyoCd=0194600201-00&ServiceCd=730&Type=search" }, "geometry": { "type": "Point", "coordinates": [ 143.1518122, 42.8766717 ] } },
{ "type": "Feature", "properties": { "内容": "小規模多機能型居宅介護にれの木【小規模多機能型居宅介護】北海道帯広市西２２条南１丁目１１番地１３", "url2": "https://www.kaigokensaku.mhlw.go.jp/01/index.php?action_kouhyou_detail_004_kani=true&JigyosyoCd=0194600235-00&ServiceCd=730&Type=search" }, "geometry": { "type": "Point", "coordinates": [ 143.133228, 42.922319 ] } },
{ "type": "Feature", "properties": { "内容": "小規模多機能型居宅介護ななかまど【小規模多機能型居宅介護】北海道帯広市西16条北1丁目27番地50", "url2": "https://www.kaigokensaku.mhlw.go.jp/01/index.php?action_kouhyou_detail_004_kani=true&JigyosyoCd=0194600284-00&ServiceCd=730&Type=search" }, "geometry": { "type": "Point", "coordinates": [ 143.175927, 42.9322162 ] } },
{ "type": "Feature", "properties": { "内容": "小規模多機能型居宅介護事業所コムニの里おびひろ【小規模多機能型居宅介護】帯広市東９条南１３丁目２－４", "url2": "https://www.kaigokensaku.mhlw.go.jp/01/index.php?action_kouhyou_detail_004_kani=true&JigyosyoCd=0194600177-00&ServiceCd=730&Type=search" }, "geometry": { "type": "Point", "coordinates": [ 143.221425700000026, 42.9184789 ] } },
{ "type": "Feature", "properties": { "内容": "小規模多機能型居宅介護事業所　コムニの里みどりヶ丘【小規模多機能型居宅介護】北海道帯広市緑ヶ丘8丁目1番地32", "url2": "https://www.kaigokensaku.mhlw.go.jp/01/index.php?action_kouhyou_detail_004_kani=true&JigyosyoCd=0194600375-00&ServiceCd=730&Type=search" }, "geometry": { "type": "Point", "coordinates": [ 143.182388400000036, 42.9042784 ] } },
{ "type": "Feature", "properties": { "内容": "小規模多機能型居宅介護あもる【小規模多機能型居宅介護】北海道帯広市西24条南1丁目33－17", "url2": "https://www.kaigokensaku.mhlw.go.jp/01/index.php?action_kouhyou_detail_004_kani=true&JigyosyoCd=0194600300-00&ServiceCd=730&Type=search" }, "geometry": { "type": "Point", "coordinates": [ 143.120626200000061, 42.921455 ] } },
{ "type": "Feature", "properties": { "内容": "小規模多機能型居宅介護事業所光輪【小規模多機能型居宅介護】北海道帯広市西5条南30丁目10番地", "url2": "https://www.kaigokensaku.mhlw.go.jp/01/index.php?action_kouhyou_detail_004_kani=true&JigyosyoCd=0194600185-00&ServiceCd=730&Type=search" }, "geometry": { "type": "Point", "coordinates": [ 143.201600900000017, 42.8973441 ] } },
{ "type": "Feature", "properties": { "内容": "小規模多機能型居宅介護ときわ【小規模多機能型居宅介護】北海道北見市常盤町3丁目5番7号", "url2": "https://www.kaigokensaku.mhlw.go.jp/01/index.php?action_kouhyou_detail_004_kani=true&JigyosyoCd=0195003009-00&ServiceCd=730&Type=search" }, "geometry": { "type": "Point", "coordinates": [ 143.886083280264984, 43.798631339203766 ] } },
{ "type": "Feature", "properties": { "内容": "小規模多機能型居宅介護あるがまま【小規模多機能型居宅介護】北見市北2条西5丁目2番地", "url2": "https://www.kaigokensaku.mhlw.go.jp/01/index.php?action_kouhyou_detail_004_kani=true&JigyosyoCd=0195000211-00&ServiceCd=730&Type=search" }, "geometry": { "type": "Point", "coordinates": [ 143.89147909999997, 43.8026175 ] } },
{ "type": "Feature", "properties": { "内容": "小規模多機能型居宅介護事業所　きたら双葉館【小規模多機能型居宅介護】北見市双葉町１丁目１－１８", "url2": "https://www.kaigokensaku.mhlw.go.jp/01/index.php?action_kouhyou_detail_004_kani=true&JigyosyoCd=0195000278-00&ServiceCd=730&Type=search" }, "geometry": { "type": "Point", "coordinates": [ 143.855226499999958, 43.8070577 ] } },
{ "type": "Feature", "properties": { "内容": "小規模多機能事業所むつみ【小規模多機能型居宅介護】北見市端野町端野25番2", "url2": "https://www.kaigokensaku.mhlw.go.jp/01/index.php?action_kouhyou_detail_004_kani=true&JigyosyoCd=0195000229-00&ServiceCd=730&Type=search" }, "geometry": { "type": "Point", "coordinates": [ 143.944824899999958, 43.8525828 ] } },
{ "type": "Feature", "properties": { "内容": "ＳＯＭＰＯケア北見南町小規模多機能【小規模多機能型居宅介護】北海道北見市南町2丁目7-2", "url2": "https://www.kaigokensaku.mhlw.go.jp/01/index.php?action_kouhyou_detail_004_kani=true&JigyosyoCd=0195003207-00&ServiceCd=730&Type=search" }, "geometry": { "type": "Point", "coordinates": [ 143.903345100000024, 43.7957715 ] } },
{ "type": "Feature", "properties": { "内容": "小規模多機能ホーム　ゆうな木の森【小規模多機能型居宅介護】北海道北見市西三輪６丁目２番地４", "url2": "https://www.kaigokensaku.mhlw.go.jp/01/index.php?action_kouhyou_detail_004_kani=true&JigyosyoCd=0195000252-00&ServiceCd=730&Type=search" }, "geometry": { "type": "Point", "coordinates": [ 143.838850200000024, 43.79522 ] } },
{ "type": "Feature", "properties": { "内容": "小規模多機能ホーム柊の森【小規模多機能型居宅介護】北見市西三輪１丁目６４５番地３", "url2": "https://www.kaigokensaku.mhlw.go.jp/01/index.php?action_kouhyou_detail_004_kani=true&JigyosyoCd=0195002977-00&ServiceCd=730&Type=search" }, "geometry": { "type": "Point", "coordinates": [ 143.840363900000057, 43.7993723 ] } },
{ "type": "Feature", "properties": { "内容": "株式会社エムリンク多機能ホーム夢ふうせんマイム【小規模多機能型居宅介護】北見市常呂町字常呂１８５番地", "url2": "https://www.kaigokensaku.mhlw.go.jp/01/index.php?action_kouhyou_detail_004_kani=true&JigyosyoCd=0195000054-00&ServiceCd=730&Type=search" }, "geometry": { "type": "Point", "coordinates": [ 144.075098700000012, 44.1226602 ] } },
{ "type": "Feature", "properties": { "内容": "小規模多機能ホーム夢ふうせんこころ【小規模多機能型居宅介護】北海道北見市留辺蘂町東町47-3", "url2": "https://www.kaigokensaku.mhlw.go.jp/01/index.php?action_kouhyou_detail_004_kani=true&JigyosyoCd=0195003025-00&ServiceCd=730&Type=search" }, "geometry": { "type": "Point", "coordinates": [ 143.621937106606993, 43.786876315098795 ] } },
{ "type": "Feature", "properties": { "内容": "小規模多機能ホーム　タイム【小規模多機能型居宅介護】北見市春光町5丁目8-50", "url2": "https://www.kaigokensaku.mhlw.go.jp/01/index.php?action_kouhyou_detail_004_kani=true&JigyosyoCd=0195000286-00&ServiceCd=730&Type=search" }, "geometry": { "type": "Point", "coordinates": [ 143.9181284, 43.8206445 ] } },
{ "type": "Feature", "properties": { "内容": "光の苑小規模多機能ホームゆり【小規模多機能型居宅介護】北海道北見市東陵町118番68", "url2": "https://www.kaigokensaku.mhlw.go.jp/01/index.php?action_kouhyou_detail_004_kani=true&JigyosyoCd=0195003140-00&ServiceCd=730&Type=search" }, "geometry": { "type": "Point", "coordinates": [ 143.898960799999941, 43.8261545 ] } },
{ "type": "Feature", "properties": { "内容": "多機能ホームゆうゆうぼたん園【小規模多機能型居宅介護】北見市花月町5番3地域密着型サービス事業所　ゆうゆうぼたん園", "url2": "https://www.kaigokensaku.mhlw.go.jp/01/index.php?action_kouhyou_detail_004_kani=true&JigyosyoCd=0195003017-00&ServiceCd=730&Type=search" }, "geometry": { "type": "Point", "coordinates": [ 143.8805762, 43.81509 ] } },
{ "type": "Feature", "properties": { "内容": "小規模多機能型居宅介護あるがまま【小規模多機能型居宅介護】北海道北見市北2条西5丁目2番地有楽ビル", "url2": "https://www.kaigokensaku.mhlw.go.jp/01/index.php?action_kouhyou_detail_004_kani=true&JigyosyoCd=0195003041-00&ServiceCd=730&Type=search" }, "geometry": { "type": "Point", "coordinates": [ 143.891504784189067, 43.802626292121168 ] } },
{ "type": "Feature", "properties": { "内容": "小規模多機能型居宅介護　ステラ東山【小規模多機能型居宅介護】北海道岩見沢市東山４丁目１‐１ステラ東山", "url2": "https://www.kaigokensaku.mhlw.go.jp/01/index.php?action_kouhyou_detail_004_kani=true&JigyosyoCd=0195700109-00&ServiceCd=730&Type=search" }, "geometry": { "type": "Point", "coordinates": [ 141.783462200000031, 43.1911473 ] } },
{ "type": "Feature", "properties": { "内容": "小規模多機能型居宅介護　ステラ東山【小規模多機能型居宅介護】北海道岩見沢市東山１丁目1-1ステラ東山", "url2": "https://www.kaigokensaku.mhlw.go.jp/01/index.php?action_kouhyou_detail_004_kani=true&JigyosyoCd=0195700265-00&ServiceCd=730&Type=search" }, "geometry": { "type": "Point", "coordinates": [ 141.780330099999986, 43.1940423 ] } },
{ "type": "Feature", "properties": { "内容": "小規模多機能型居宅介護むすぶ【小規模多機能型居宅介護】北海道岩見沢市11条東1丁目1番1号", "url2": "https://www.kaigokensaku.mhlw.go.jp/01/index.php?action_kouhyou_detail_004_kani=true&JigyosyoCd=0195700240-00&ServiceCd=730&Type=search" }, "geometry": { "type": "Point", "coordinates": [ 141.773254214155571, 43.197065474303933 ] } },
{ "type": "Feature", "properties": { "内容": "有限会社リアン　小規模多機能型居宅介護　えみな栄町【小規模多機能型居宅介護】岩見沢市栄町２丁目１番９号", "url2": "https://www.kaigokensaku.mhlw.go.jp/01/index.php?action_kouhyou_detail_004_kani=true&JigyosyoCd=0175700434-00&ServiceCd=730&Type=search" }, "geometry": { "type": "Point", "coordinates": [ 141.798821299999986, 43.2199337 ] } },
{ "type": "Feature", "properties": { "内容": "小規模多機能型ホームくらしさ岩見沢【小規模多機能型居宅介護】北海道岩見沢市緑ヶ丘4丁目221-147", "url2": "https://www.kaigokensaku.mhlw.go.jp/01/index.php?action_kouhyou_detail_004_kani=true&JigyosyoCd=0195700158-00&ServiceCd=730&Type=search" }, "geometry": { "type": "Point", "coordinates": [ 141.773737, 43.1823202 ] } },
{ "type": "Feature", "properties": { "内容": "小規模多機能型居宅介護事業所　大曲レインボーハイツ【小規模多機能型居宅介護】北海道網走市大曲2丁目21番5号", "url2": "https://www.kaigokensaku.mhlw.go.jp/01/index.php?action_kouhyou_detail_004_kani=true&JigyosyoCd=0195300017-00&ServiceCd=730&Type=search" }, "geometry": { "type": "Point", "coordinates": [ 144.227482499999951, 44.0101821 ] } },
{ "type": "Feature", "properties": { "内容": "小規模多機能型居宅介護　花・水・木【小規模多機能型居宅介護】北海道網走市駒場北1丁目3番地の２１サービス付き高齢者向け住宅　花・水・木　駒場", "url2": "https://www.kaigokensaku.mhlw.go.jp/01/index.php?action_kouhyou_detail_004_kani=true&JigyosyoCd=0195300199-00&ServiceCd=730&Type=search" }, "geometry": { "type": "Point", "coordinates": [ 144.275595599999974, 44.0090886 ] } },
{ "type": "Feature", "properties": { "内容": "小規模多機能型居宅介護事業所　向陽ヶ丘レインボーハイツ【小規模多機能型居宅介護】北海道網走市向陽ヶ丘2丁目1番7号", "url2": "https://www.kaigokensaku.mhlw.go.jp/01/index.php?action_kouhyou_detail_004_kani=true&JigyosyoCd=0195300066-00&ServiceCd=730&Type=search" }, "geometry": { "type": "Point", "coordinates": [ 144.2565078, 44.0299972 ] } },
{ "type": "Feature", "properties": { "内容": "小規模多機能型居宅介護事業所ひかり【小規模多機能型居宅介護】北海道留萌市栄町一丁目5番33号", "url2": "https://www.kaigokensaku.mhlw.go.jp/01/index.php?action_kouhyou_detail_004_kani=true&JigyosyoCd=0196400162-00&ServiceCd=730&Type=search" }, "geometry": { "type": "Point", "coordinates": [ 141.648999499999974, 43.9424706 ] } },
{ "type": "Feature", "properties": { "内容": "小規模多機能ホームあかしあ【小規模多機能型居宅介護】北海道留萌市見晴町6丁目84番地", "url2": "https://www.kaigokensaku.mhlw.go.jp/01/index.php?action_kouhyou_detail_004_kani=true&JigyosyoCd=0196400139-00&ServiceCd=730&Type=search" }, "geometry": { "type": "Point", "coordinates": [ 141.649078899999949, 43.9255471 ] } },
{ "type": "Feature", "properties": { "内容": "小規模多機能ホームグッドケア・新中野【小規模多機能型居宅介護】北海道苫小牧市新中野1丁目3番20号", "url2": "https://www.kaigokensaku.mhlw.go.jp/01/index.php?action_kouhyou_detail_004_kani=true&JigyosyoCd=0193600657-00&ServiceCd=730&Type=search" }, "geometry": { "type": "Point", "coordinates": [ 141.6173138, 42.6439518 ] } },
{ "type": "Feature", "properties": { "内容": "小規模多機能ホーム花みずき【小規模多機能型居宅介護】北海道苫小牧市しらかば町3丁目12番10号", "url2": "https://www.kaigokensaku.mhlw.go.jp/01/index.php?action_kouhyou_detail_004_kani=true&JigyosyoCd=0193600178-00&ServiceCd=730&Type=search" }, "geometry": { "type": "Point", "coordinates": [ 141.5346634, 42.6208194 ] } },
{ "type": "Feature", "properties": { "内容": "ニチイケアセンター苫小牧【小規模多機能型居宅介護】北海道苫小牧市光洋町1丁目5番17", "url2": "https://www.kaigokensaku.mhlw.go.jp/01/index.php?action_kouhyou_detail_004_kani=true&JigyosyoCd=0193600160-00&ServiceCd=730&Type=search" }, "geometry": { "type": "Point", "coordinates": [ 141.5603602, 42.6218149 ] } },
{ "type": "Feature", "properties": { "内容": "小規模多機能型居宅介護縁の惠【小規模多機能型居宅介護】北海道苫小牧市緑町２丁目６番２２号", "url2": "https://www.kaigokensaku.mhlw.go.jp/01/index.php?action_kouhyou_detail_004_kani=true&JigyosyoCd=0193600285-00&ServiceCd=730&Type=search" }, "geometry": { "type": "Point", "coordinates": [ 141.59924419999993, 42.6433898 ] } },
{ "type": "Feature", "properties": { "内容": "小規模多機能ホーム花縁すずらん館【小規模多機能型居宅介護】北海道苫小牧市ときわ町3丁目4－11", "url2": "https://www.kaigokensaku.mhlw.go.jp/01/index.php?action_kouhyou_detail_004_kani=true&JigyosyoCd=0193600145-00&ServiceCd=730&Type=search" }, "geometry": { "type": "Point", "coordinates": [ 141.510661806745929, 42.611906480682265 ] } },
{ "type": "Feature", "properties": { "内容": "小規模多機能ホームすまいる【小規模多機能型居宅介護】苫小牧市日新町４丁目１番３４号", "url2": "https://www.kaigokensaku.mhlw.go.jp/01/index.php?action_kouhyou_detail_004_kani=true&JigyosyoCd=0193600301-00&ServiceCd=730&Type=search" }, "geometry": { "type": "Point", "coordinates": [ 141.533023390213003, 42.627176529914863 ] } },
{ "type": "Feature", "properties": { "内容": "小規模多機能型居宅介護　くらしさ苫小牧【小規模多機能型居宅介護】北海道苫小牧市新開町1丁目14番6号小規模多機能型居宅介護くらしさ苫小牧", "url2": "https://www.kaigokensaku.mhlw.go.jp/01/index.php?action_kouhyou_detail_004_kani=true&JigyosyoCd=0193600731-00&ServiceCd=730&Type=search" }, "geometry": { "type": "Point", "coordinates": [ 141.6574534, 42.6689237 ] } },
{ "type": "Feature", "properties": { "内容": "ニチイケアセンター稚内【小規模多機能型居宅介護】稚内市緑５丁目４５番2号", "url2": "https://www.kaigokensaku.mhlw.go.jp/01/index.php?action_kouhyou_detail_004_kani=true&JigyosyoCd=0196700074-00&ServiceCd=730&Type=search" }, "geometry": { "type": "Point", "coordinates": [ 141.680052299999943, 45.3821428 ] } },
{ "type": "Feature", "properties": { "内容": "ニチイケアセンター若葉台【小規模多機能型居宅介護】稚内市若葉台2丁目11-16", "url2": "https://www.kaigokensaku.mhlw.go.jp/01/index.php?action_kouhyou_detail_004_kani=true&JigyosyoCd=0196700140-00&ServiceCd=730&Type=search" }, "geometry": { "type": "Point", "coordinates": [ 141.725848499999984, 45.3832364 ] } },
{ "type": "Feature", "properties": { "内容": "小規模多機能　ちいきの森【小規模多機能型居宅介護】北海道江別市上江別476-4", "url2": "https://www.kaigokensaku.mhlw.go.jp/01/index.php?action_kouhyou_detail_004_kani=true&JigyosyoCd=0191000686-00&ServiceCd=730&Type=search" }, "geometry": { "type": "Point", "coordinates": [ 141.5454637, 43.0946376 ] } },
{ "type": "Feature", "properties": { "内容": "小規模多機能ホームゆめみの【小規模多機能型居宅介護】北海道江別市ゆめみ野東町33番地10", "url2": "https://www.kaigokensaku.mhlw.go.jp/01/index.php?action_kouhyou_detail_004_kani=true&JigyosyoCd=0171000441-00&ServiceCd=730&Type=search" }, "geometry": { "type": "Point", "coordinates": [ 141.568915379098456, 43.097498714724729 ] } },
{ "type": "Feature", "properties": { "内容": "夢ふうせん東光【小規模多機能型居宅介護】北海道江別市東光町12－3", "url2": "https://www.kaigokensaku.mhlw.go.jp/01/index.php?action_kouhyou_detail_004_kani=true&JigyosyoCd=0191000306-00&ServiceCd=730&Type=search" }, "geometry": { "type": "Point", "coordinates": [ 141.569933106096613, 43.112170764140629 ] } },
{ "type": "Feature", "properties": { "内容": "小規模多機能ホームみのりの丘【小規模多機能型居宅介護】北海道江別市大麻東町１５番地の１１", "url2": "https://www.kaigokensaku.mhlw.go.jp/01/index.php?action_kouhyou_detail_004_kani=true&JigyosyoCd=0191000405-00&ServiceCd=730&Type=search" }, "geometry": { "type": "Point", "coordinates": [ 141.501616005429923, 43.081405262908333 ] } },
{ "type": "Feature", "properties": { "内容": "小規模多機能型居宅介護ほのぼのさくら【小規模多機能型居宅介護】北海道江別市高砂町３２番地の５", "url2": "https://www.kaigokensaku.mhlw.go.jp/01/index.php?action_kouhyou_detail_004_kani=true&JigyosyoCd=0191000496-00&ServiceCd=730&Type=search" }, "geometry": { "type": "Point", "coordinates": [ 141.539210599999933, 43.101892 ] } },
{ "type": "Feature", "properties": { "内容": "小規模多機能型居宅介護事業所　結の華【小規模多機能型居宅介護】北海道江別市ゆめみ野東町1番地1", "url2": "https://www.kaigokensaku.mhlw.go.jp/01/index.php?action_kouhyou_detail_004_kani=true&JigyosyoCd=0191000314-00&ServiceCd=730&Type=search" }, "geometry": { "type": "Point", "coordinates": [ 141.565791540753139, 43.105024266554842 ] } },
{ "type": "Feature", "properties": { "内容": "夢ふうせんラポール【小規模多機能型居宅介護】北海道紋別市落石町5丁目4-15", "url2": "https://www.kaigokensaku.mhlw.go.jp/01/index.php?action_kouhyou_detail_004_kani=true&JigyosyoCd=0195100102-00&ServiceCd=730&Type=search" }, "geometry": { "type": "Point", "coordinates": [ 143.3355138, 44.3576561 ] } },
{ "type": "Feature", "properties": { "内容": "小規模多機能ホームはねだ屋【小規模多機能型居宅介護】北海道紋別市花園町6丁目5番20号", "url2": "https://www.kaigokensaku.mhlw.go.jp/01/index.php?action_kouhyou_detail_004_kani=true&JigyosyoCd=0195100110-00&ServiceCd=730&Type=search" }, "geometry": { "type": "Point", "coordinates": [ 143.3409752, 44.3521317 ] } },
{ "type": "Feature", "properties": { "内容": "一期一会【小規模多機能型居宅介護】北海道士別市西１条１８丁目４６３番地52", "url2": "https://www.kaigokensaku.mhlw.go.jp/01/index.php?action_kouhyou_detail_004_kani=true&JigyosyoCd=0193200037-00&ServiceCd=730&Type=search" }, "geometry": { "type": "Point", "coordinates": [ 142.394290930024709, 44.162564783278569 ] } },
{ "type": "Feature", "properties": { "内容": "一般社団法人山笑の里【小規模多機能型居宅介護】北海道名寄市風連町緑町１２１－１", "url2": "https://www.kaigokensaku.mhlw.go.jp/01/index.php?action_kouhyou_detail_004_kani=true&JigyosyoCd=0193200102-00&ServiceCd=730&Type=search" }, "geometry": { "type": "Point", "coordinates": [ 142.429718, 44.28715 ] } },
{ "type": "Feature", "properties": { "内容": "ラヨチの里【小規模多機能型居宅介護】北海道名寄市風連町緑町１０－７", "url2": "https://www.kaigokensaku.mhlw.go.jp/01/index.php?action_kouhyou_detail_004_kani=true&JigyosyoCd=0193200219-00&ServiceCd=730&Type=search" }, "geometry": { "type": "Point", "coordinates": [ 142.418812300000013, 44.2878143 ] } },
{ "type": "Feature", "properties": { "内容": "ひだまりの里【小規模多機能型居宅介護】北海道三笠市若草町３９７番地７３", "url2": "https://www.kaigokensaku.mhlw.go.jp/01/index.php?action_kouhyou_detail_004_kani=true&JigyosyoCd=0196000012-00&ServiceCd=730&Type=search" }, "geometry": { "type": "Point", "coordinates": [ 141.886495599999989, 43.2481236 ] } },
{ "type": "Feature", "properties": { "内容": "小規模多機能根室たんぽぽ【小規模多機能型居宅介護】北海道根室市穂香１０６番地１５", "url2": "https://www.kaigokensaku.mhlw.go.jp/01/index.php?action_kouhyou_detail_004_kani=true&JigyosyoCd=0194200127-00&ServiceCd=730&Type=search" }, "geometry": { "type": "Point", "coordinates": [ 145.548281281684126, 43.314304850934434 ] } },
{ "type": "Feature", "properties": { "内容": "小規模多機能ホームえみな　ままちの家【小規模多機能型居宅介護】北海道千歳市真々地１丁目２番１５-２号", "url2": "https://www.kaigokensaku.mhlw.go.jp/01/index.php?action_kouhyou_detail_004_kani=true&JigyosyoCd=0191100015-00&ServiceCd=730&Type=search" }, "geometry": { "type": "Point", "coordinates": [ 141.643207599999982, 42.8149415 ] } },
{ "type": "Feature", "properties": { "内容": "小規模多機能ホームえみな　エルムの家【小規模多機能型居宅介護】北海道千歳市長都駅前５丁目1-10", "url2": "https://www.kaigokensaku.mhlw.go.jp/01/index.php?action_kouhyou_detail_004_kani=true&JigyosyoCd=0191100064-00&ServiceCd=730&Type=search" }, "geometry": { "type": "Point", "coordinates": [ 141.627158231352269, 42.857913350708394 ] } },
{ "type": "Feature", "properties": { "内容": "小規模多機能型ホームくらしさ千歳【小規模多機能型居宅介護】北海道千歳市本町5丁目1502-1", "url2": "https://www.kaigokensaku.mhlw.go.jp/01/index.php?action_kouhyou_detail_004_kani=true&JigyosyoCd=0191100072-00&ServiceCd=730&Type=search" }, "geometry": { "type": "Point", "coordinates": [ 141.6508235, 42.816586 ] } },
{ "type": "Feature", "properties": { "内容": "小規模多機能型ホームくらしさ千歳サテライト【小規模多機能型居宅介護】北海道千歳市清流3丁目2-1スターライトメゾン1階", "url2": "https://www.kaigokensaku.mhlw.go.jp/01/index.php?action_kouhyou_detail_004_kani=true&JigyosyoCd=0191100304-00&ServiceCd=730&Type=search" }, "geometry": { "type": "Point", "coordinates": [ 141.660737399999988, 42.8468438 ] } },
{ "type": "Feature", "properties": { "内容": "小規模多機能ホーム花園の家【小規模多機能型居宅介護】北海道千歳市花園3丁目8番7号", "url2": "https://www.kaigokensaku.mhlw.go.jp/01/index.php?action_kouhyou_detail_004_kani=true&JigyosyoCd=0191100189-00&ServiceCd=730&Type=search" }, "geometry": { "type": "Point", "coordinates": [ 141.657455199999958, 42.8353311 ] } },
{ "type": "Feature", "properties": { "内容": "小規模多機能ホーム憩の郷【小規模多機能型居宅介護】北海道千歳市北斗４丁目５番５号憩の郷", "url2": "https://www.kaigokensaku.mhlw.go.jp/01/index.php?action_kouhyou_detail_004_kani=true&JigyosyoCd=0191100239-00&ServiceCd=730&Type=search" }, "geometry": { "type": "Point", "coordinates": [ 141.628088600000012, 42.8311779 ] } },
{ "type": "Feature", "properties": { "内容": "小規模多機能ホームプラザ向陽台【小規模多機能型居宅介護】北海道千歳市白樺２丁目１－１", "url2": "https://www.kaigokensaku.mhlw.go.jp/01/index.php?action_kouhyou_detail_004_kani=true&JigyosyoCd=0191100395-00&ServiceCd=730&Type=search" }, "geometry": { "type": "Point", "coordinates": [ 141.599802300000022, 42.788731 ] } },
{ "type": "Feature", "properties": { "内容": "ＰＬＡＣＥＳ千歳【小規模多機能型居宅介護】北海道千歳市東雲町5丁目5番地ＰＬＡＣＥＳ千歳", "url2": "https://www.kaigokensaku.mhlw.go.jp/01/index.php?action_kouhyou_detail_004_kani=true&JigyosyoCd=0191100262-00&ServiceCd=730&Type=search" }, "geometry": { "type": "Point", "coordinates": [ 141.655927698950165, 42.82318190665751 ] } },
{ "type": "Feature", "properties": { "内容": "ニチイケアセンターせせらぎ公園【小規模多機能型居宅介護】北海道滝川市中島町１丁目16番2", "url2": "https://www.kaigokensaku.mhlw.go.jp/01/index.php?action_kouhyou_detail_004_kani=true&JigyosyoCd=0197500069-00&ServiceCd=730&Type=search" }, "geometry": { "type": "Point", "coordinates": [ 141.5761708, 42.8926606 ] } },
{ "type": "Feature", "properties": { "内容": "小規模多機能型居宅介護てらす【小規模多機能型居宅介護】北海道滝川市栄町三丁目６番１２号カーサシーザーズ２号館", "url2": "https://www.kaigokensaku.mhlw.go.jp/01/index.php?action_kouhyou_detail_004_kani=true&JigyosyoCd=0197500051-00&ServiceCd=730&Type=search" }, "geometry": { "type": "Point", "coordinates": [ 141.904134699999986, 43.5566891 ] } },
{ "type": "Feature", "properties": { "内容": "小規模多機能型居宅介護土筆【小規模多機能型居宅介護】北海道滝川市東町4丁目117番地24", "url2": "https://www.kaigokensaku.mhlw.go.jp/01/index.php?action_kouhyou_detail_004_kani=true&JigyosyoCd=0197500101-00&ServiceCd=730&Type=search" }, "geometry": { "type": "Point", "coordinates": [ 141.9337328, 43.5571329 ] } },
{ "type": "Feature", "properties": { "内容": "小規模多機能型居宅介護　土筆の郷【小規模多機能型居宅介護】北海道滝川市東町４丁目2番11号", "url2": "https://www.kaigokensaku.mhlw.go.jp/01/index.php?action_kouhyou_detail_004_kani=true&JigyosyoCd=0197500085-00&ServiceCd=730&Type=search" }, "geometry": { "type": "Point", "coordinates": [ 141.915051799999986, 43.577432 ] } },
{ "type": "Feature", "properties": { "内容": "小規模多機能型居宅介護らくら砂川【小規模多機能型居宅介護】北海道砂川市西2条北3丁目1-1SUNAGAWAエヌタワービル　2階", "url2": "https://www.kaigokensaku.mhlw.go.jp/01/index.php?action_kouhyou_detail_004_kani=true&JigyosyoCd=0197100084-00&ServiceCd=730&Type=search" }, "geometry": { "type": "Point", "coordinates": [ 141.906473, 43.4941208 ] } },
{ "type": "Feature", "properties": { "内容": "小規模多機能型居宅介護事業所清祥園【小規模多機能型居宅介護】北海道深川市納内町北３番５９号地域密着型事業所　ハピネス", "url2": "https://www.kaigokensaku.mhlw.go.jp/01/index.php?action_kouhyou_detail_004_kani=true&JigyosyoCd=0197400096-00&ServiceCd=730&Type=search" }, "geometry": { "type": "Point", "coordinates": [ 142.128974200000016, 43.7350945 ] } },
{ "type": "Feature", "properties": { "内容": "ごりょうの丘小規模多機能ホーム【小規模多機能型居宅介護】北海道富良野市下御料1990番地", "url2": "https://www.kaigokensaku.mhlw.go.jp/01/index.php?action_kouhyou_detail_004_kani=true&JigyosyoCd=0193000072-00&ServiceCd=730&Type=search" }, "geometry": { "type": "Point", "coordinates": [ 142.364777199999907, 43.3388841 ] } },
{ "type": "Feature", "properties": { "内容": "小規模多機能型居宅介護チエロ登別【小規模多機能型居宅介護】北海道登別市柏木町4丁目33番地9チエロ登別", "url2": "https://www.kaigokensaku.mhlw.go.jp/01/index.php?action_kouhyou_detail_004_kani=true&JigyosyoCd=0173501990-00&ServiceCd=730&Type=search" }, "geometry": { "type": "Point", "coordinates": [ 141.097813300000013, 42.4214292 ] } },
{ "type": "Feature", "properties": { "内容": "小規模多機能型居宅介護事業所みずばしょう【小規模多機能型居宅介護】北海道登別市登別東町4丁目48番地1", "url2": "https://www.kaigokensaku.mhlw.go.jp/01/index.php?action_kouhyou_detail_004_kani=true&JigyosyoCd=0193500097-00&ServiceCd=730&Type=search" }, "geometry": { "type": "Point", "coordinates": [ 141.174678699999959, 42.4576391 ] } },
{ "type": "Feature", "properties": { "内容": "小規模多機能施設のりこハウス【小規模多機能型居宅介護】北海道恵庭市駒場町6丁目1-1", "url2": "https://www.kaigokensaku.mhlw.go.jp/01/index.php?action_kouhyou_detail_004_kani=true&JigyosyoCd=0191200054-00&ServiceCd=730&Type=search" }, "geometry": { "type": "Point", "coordinates": [ 141.584670599999981, 42.872754899999983 ] } },
{ "type": "Feature", "properties": { "内容": "小規模多機能型居宅介護事業所アウル【小規模多機能型居宅介護】北海道伊達市弄月町50-28", "url2": "https://www.kaigokensaku.mhlw.go.jp/01/index.php?action_kouhyou_detail_004_kani=true&JigyosyoCd=0193700119-00&ServiceCd=730&Type=search" }, "geometry": { "type": "Point", "coordinates": [ 140.881311500000038, 42.4595524 ] } },
{ "type": "Feature", "properties": { "内容": "小規模多機能型居宅介護ホーム　あさひ北広島【小規模多機能型居宅介護】北海道北広島市西の里南１丁目１－１８", "url2": "https://www.kaigokensaku.mhlw.go.jp/01/index.php?action_kouhyou_detail_004_kani=true&JigyosyoCd=0191300060-00&ServiceCd=730&Type=search" }, "geometry": { "type": "Point", "coordinates": [ 120.650891, 24.1118289 ] } },
{ "type": "Feature", "properties": { "内容": "小規模多機能型ホームくらさしさ北広島【小規模多機能型居宅介護】北海道北広島市大曲南ヶ丘1丁目12-2小規模多機能ホームくらしさ北広島", "url2": "https://www.kaigokensaku.mhlw.go.jp/01/index.php?action_kouhyou_detail_004_kani=true&JigyosyoCd=0191300177-00&ServiceCd=730&Type=search" }, "geometry": { "type": "Point", "coordinates": [ 141.4747939, 42.968543 ] } },
{ "type": "Feature", "properties": { "内容": "小規模多機能型居宅介護ヤマブキ【小規模多機能型居宅介護】北海道北広島市中央4丁目7番地５", "url2": "https://www.kaigokensaku.mhlw.go.jp/01/index.php?action_kouhyou_detail_004_kani=true&JigyosyoCd=0191300094-00&ServiceCd=730&Type=search" }, "geometry": { "type": "Point", "coordinates": [ 141.565168711639444, 42.98311208987473 ] } },
{ "type": "Feature", "properties": { "内容": "小規模多機能ホームすまぃる石狩【小規模多機能型居宅介護】石狩市親船東２条１丁目７０番地", "url2": "https://www.kaigokensaku.mhlw.go.jp/01/index.php?action_kouhyou_detail_004_kani=true&JigyosyoCd=0197600331-00&ServiceCd=730&Type=search" }, "geometry": { "type": "Point", "coordinates": [ 141.341275499999938, 43.2275822 ] } },
{ "type": "Feature", "properties": { "内容": "ケアセンター萌いしかり【小規模多機能型居宅介護】北海道石狩市親船東2条1丁目70番地", "url2": "https://www.kaigokensaku.mhlw.go.jp/01/index.php?action_kouhyou_detail_004_kani=true&JigyosyoCd=0197600471-00&ServiceCd=730&Type=search" }, "geometry": { "type": "Point", "coordinates": [ 141.341275, 43.227582 ] } },
{ "type": "Feature", "properties": { "内容": "コミュニティ若葉【小規模多機能型居宅介護】北海道石狩市花川北6条3丁目16番地", "url2": "https://www.kaigokensaku.mhlw.go.jp/01/index.php?action_kouhyou_detail_004_kani=true&JigyosyoCd=0197600356-00&ServiceCd=730&Type=search" }, "geometry": { "type": "Point", "coordinates": [ 141.31874449999998, 43.1673737 ] } },
{ "type": "Feature", "properties": { "内容": "小規模多機能型居宅介護コミュニティ青葉【小規模多機能型居宅介護】北海道石狩市樽川6条２丁目３番２号", "url2": "https://www.kaigokensaku.mhlw.go.jp/01/index.php?action_kouhyou_detail_004_kani=true&JigyosyoCd=0197600463-00&ServiceCd=730&Type=search" }, "geometry": { "type": "Point", "coordinates": [ 141.280627500000037, 43.1524411 ] } },
{ "type": "Feature", "properties": { "内容": "ケアセンター萌いしかり【小規模多機能型居宅介護】北海道石狩市親船東２条１丁目７０番地", "url2": "https://www.kaigokensaku.mhlw.go.jp/01/index.php?action_kouhyou_detail_004_kani=true&JigyosyoCd=0197600547-00&ServiceCd=730&Type=search" }, "geometry": { "type": "Point", "coordinates": [ 141.3413179, 43.227609100000016 ] } },
{ "type": "Feature", "properties": { "内容": "小規模多機能型居宅介護事業所ひまわり【小規模多機能型居宅介護】北海道北斗市飯生１丁目６番７号", "url2": "https://www.kaigokensaku.mhlw.go.jp/01/index.php?action_kouhyou_detail_004_kani=true&JigyosyoCd=0191500016-00&ServiceCd=730&Type=search" }, "geometry": { "type": "Point", "coordinates": [ 140.644954562413005, 41.820616926257912 ] } },
{ "type": "Feature", "properties": { "内容": "小規模多機能ホームらしさ【小規模多機能型居宅介護】北海道北斗市久根別1-27-30", "url2": "https://www.kaigokensaku.mhlw.go.jp/01/index.php?action_kouhyou_detail_004_kani=true&JigyosyoCd=0191513563-00&ServiceCd=730&Type=search" }, "geometry": { "type": "Point", "coordinates": [ 140.675351, 41.8250521 ] } },
{ "type": "Feature", "properties": { "内容": "小規模多機能ホームらしさ七重浜【小規模多機能型居宅介護】北海道北斗市七重浜2丁目25番18号", "url2": "https://www.kaigokensaku.mhlw.go.jp/01/index.php?action_kouhyou_detail_004_kani=true&JigyosyoCd=0191513613-00&ServiceCd=730&Type=search" }, "geometry": { "type": "Point", "coordinates": [ 140.708318299999974, 41.8147768 ] } },
{ "type": "Feature", "properties": { "内容": "小規模多機能型居宅介護事業所わとな【小規模多機能型居宅介護】北海道北斗市市渡４９１", "url2": "https://www.kaigokensaku.mhlw.go.jp/01/index.php?action_kouhyou_detail_004_kani=true&JigyosyoCd=0191500065-00&ServiceCd=730&Type=search" }, "geometry": { "type": "Point", "coordinates": [ 140.637859899999967, 41.8950981 ] } },
{ "type": "Feature", "properties": { "内容": "小規模多機能型居宅介護事業所ななえはまわとな【小規模多機能型居宅介護】北海道北斗市七重浜８丁目３番３７号", "url2": "https://www.kaigokensaku.mhlw.go.jp/01/index.php?action_kouhyou_detail_004_kani=true&JigyosyoCd=0191500172-00&ServiceCd=730&Type=search" }, "geometry": { "type": "Point", "coordinates": [ 140.693285800000012, 41.8208227 ] } },
{ "type": "Feature", "properties": { "内容": "小規模多機能型居宅介護美ヶ丘敬楽荘せせらぎの家きずな【小規模多機能型居宅介護】北海道北斗市本町4丁目3番37号", "url2": "https://www.kaigokensaku.mhlw.go.jp/01/index.php?action_kouhyou_detail_004_kani=true&JigyosyoCd=0191500198-00&ServiceCd=730&Type=search" }, "geometry": { "type": "Point", "coordinates": [ 140.64077450000002, 41.8803667 ] } },
{ "type": "Feature", "properties": { "内容": "小規模多機能型居宅介護さくら【小規模多機能型居宅介護】北海道石狩郡当別町弥生2-1", "url2": "https://www.kaigokensaku.mhlw.go.jp/01/index.php?action_kouhyou_detail_004_kani=true&JigyosyoCd=0191000330-00&ServiceCd=730&Type=search" }, "geometry": { "type": "Point", "coordinates": [ 141.516242275532477, 43.217252318773618 ] } },
{ "type": "Feature", "properties": { "内容": "木古内町小規模多機能型居宅介護施設さくら【小規模多機能型居宅介護】北海道上磯郡木古内町木古内186-10", "url2": "https://www.kaigokensaku.mhlw.go.jp/01/index.php?action_kouhyou_detail_004_kani=true&JigyosyoCd=0191513746-00&ServiceCd=730&Type=search" }, "geometry": { "type": "Point", "coordinates": [ 140.434265900000014, 41.6786673 ] } },
{ "type": "Feature", "properties": { "内容": "小規模多機能型居宅介護な菜【小規模多機能型居宅介護】北海道亀田郡七飯町字藤城２８８番地２", "url2": "https://www.kaigokensaku.mhlw.go.jp/01/index.php?action_kouhyou_detail_004_kani=true&JigyosyoCd=0191500107-00&ServiceCd=730&Type=search" }, "geometry": { "type": "Point", "coordinates": [ 140.6755204682174, 41.916503945082965 ] } },
{ "type": "Feature", "properties": { "内容": "小規模多機能型居宅介護事業所四丁目の夕日【小規模多機能型居宅介護】北海道亀田郡七飯町大中山４丁目９番１３号四丁目の夕日", "url2": "https://www.kaigokensaku.mhlw.go.jp/01/index.php?action_kouhyou_detail_004_kani=true&JigyosyoCd=0191513522-00&ServiceCd=730&Type=search" }, "geometry": { "type": "Point", "coordinates": [ 140.713180197622705, 41.874148532989445 ] } },
{ "type": "Feature", "properties": { "内容": "小規模多機能型居宅介護事業所ななえわとな【小規模多機能型居宅介護】北海道亀田郡七飯町本町6丁目7番１2号", "url2": "https://www.kaigokensaku.mhlw.go.jp/01/index.php?action_kouhyou_detail_004_kani=true&JigyosyoCd=0191500073-00&ServiceCd=730&Type=search" }, "geometry": { "type": "Point", "coordinates": [ 140.6970023, 41.8938866 ] } },
{ "type": "Feature", "properties": { "内容": "小規模多機能ホーム　松の木【小規模多機能型居宅介護】茅部郡鹿部町字宮浜314-108", "url2": "https://www.kaigokensaku.mhlw.go.jp/01/index.php?action_kouhyou_detail_004_kani=true&JigyosyoCd=0191513480-00&ServiceCd=730&Type=search" }, "geometry": { "type": "Point", "coordinates": [ 140.815650299999987, 42.0357012 ] } },
{ "type": "Feature", "properties": { "内容": "小規模多機能型ホームやすらぎの里【小規模多機能型居宅介護】北海道二海郡八雲町大新４７番地１４", "url2": "https://www.kaigokensaku.mhlw.go.jp/01/index.php?action_kouhyou_detail_004_kani=true&JigyosyoCd=0191500131-00&ServiceCd=730&Type=search" }, "geometry": { "type": "Point", "coordinates": [ 140.261243700000023, 42.2384641 ] } },
{ "type": "Feature", "properties": { "内容": "小規模多機能ホームすえひろ【小規模多機能型居宅介護】北海道瀬棚郡今金町字今金358", "url2": "https://www.kaigokensaku.mhlw.go.jp/01/index.php?action_kouhyou_detail_004_kani=true&JigyosyoCd=0171700198-00&ServiceCd=730&Type=search" }, "geometry": { "type": "Point", "coordinates": [ 140.010878274868787, 42.427246293301472 ] } },
{ "type": "Feature", "properties": { "内容": "小規模多機能型居宅介護事業所あさがお【小規模多機能型居宅介護】北海道久遠郡せたな町北檜山区豊岡139番7", "url2": "https://www.kaigokensaku.mhlw.go.jp/01/index.php?action_kouhyou_detail_004_kani=true&JigyosyoCd=0191700053-00&ServiceCd=730&Type=search" }, "geometry": { "type": "Point", "coordinates": [ 139.861502937051938, 42.422585844386738 ] } },
{ "type": "Feature", "properties": { "内容": "島牧村小規模多機能型居宅介護施設【小規模多機能型居宅介護】北海道島牧郡島牧村字泊35番地", "url2": "https://www.kaigokensaku.mhlw.go.jp/01/index.php?action_kouhyou_detail_004_kani=true&JigyosyoCd=0192100063-00&ServiceCd=730&Type=search" }, "geometry": { "type": "Point", "coordinates": [ 140.125219, 42.6057258 ] } },
{ "type": "Feature", "properties": { "内容": "小規模多機能型居宅介護事業所　ほっとハウス・よいち【小規模多機能型居宅介護】北海道余市郡余市町黒川町15丁目7番地11", "url2": "https://www.kaigokensaku.mhlw.go.jp/01/index.php?action_kouhyou_detail_004_kani=true&JigyosyoCd=0192500080-00&ServiceCd=730&Type=search" }, "geometry": { "type": "Point", "coordinates": [ 140.803081587835635, 43.185989866144382 ] } },
{ "type": "Feature", "properties": { "内容": "小規模多機能型居宅介護「ごきげん」奈井江【小規模多機能型居宅介護】北海道空知郡奈井江町字チャシュナイ995番地５", "url2": "https://www.kaigokensaku.mhlw.go.jp/01/index.php?action_kouhyou_detail_004_kani=true&JigyosyoCd=0197100092-00&ServiceCd=730&Type=search" }, "geometry": { "type": "Point", "coordinates": [ 141.878088299999945, 43.4147483 ] } },
{ "type": "Feature", "properties": { "内容": "小規模多機能ホーム陽だまりの郷【小規模多機能型居宅介護】北海道樺戸郡新十津川町字中央２７－５", "url2": "https://www.kaigokensaku.mhlw.go.jp/01/index.php?action_kouhyou_detail_004_kani=true&JigyosyoCd=0197100019-00&ServiceCd=730&Type=search" }, "geometry": { "type": "Point", "coordinates": [ 141.865138699999989, 43.5487637 ] } },
{ "type": "Feature", "properties": { "内容": "小規模多機能型居宅介護事業所レラ【小規模多機能型居宅介護】北海道雨竜郡妹背牛町字妹背牛482番地23", "url2": "https://www.kaigokensaku.mhlw.go.jp/01/index.php?action_kouhyou_detail_004_kani=true&JigyosyoCd=0197400039-00&ServiceCd=730&Type=search" }, "geometry": { "type": "Point", "coordinates": [ 141.970252100000039, 43.6958018 ] } },
{ "type": "Feature", "properties": { "内容": "小規模多機能ホーム鷹栖なごみの家【小規模多機能型居宅介護】北海道上川郡鷹栖町南1条1丁目1番20号", "url2": "https://www.kaigokensaku.mhlw.go.jp/01/index.php?action_kouhyou_detail_004_kani=true&JigyosyoCd=0193100435-00&ServiceCd=730&Type=search" }, "geometry": { "type": "Point", "coordinates": [ 142.359944700000028, 43.8473802 ] } },
{ "type": "Feature", "properties": { "内容": "小規模多機能ホームぬくもりの家えん【小規模多機能型居宅介護】北海道上川郡鷹栖町9線4号5番", "url2": "https://www.kaigokensaku.mhlw.go.jp/01/index.php?action_kouhyou_detail_004_kani=true&JigyosyoCd=0193100468-00&ServiceCd=730&Type=search" }, "geometry": { "type": "Point", "coordinates": [ 142.339820799999984, 43.8205929 ] } },
{ "type": "Feature", "properties": { "内容": "小規模多機能型居宅介護　風流里.【小規模多機能型居宅介護】北海道上川郡当麻町開明2区", "url2": "https://www.kaigokensaku.mhlw.go.jp/01/index.php?action_kouhyou_detail_004_kani=true&JigyosyoCd=0193100443-00&ServiceCd=730&Type=search" }, "geometry": { "type": "Point", "coordinates": [ 142.589879900000028, 43.8409971 ] } },
{ "type": "Feature", "properties": { "内容": "小規模多機能とうま【小規模多機能型居宅介護】北海道上川郡当麻町宇園別２区", "url2": "https://www.kaigokensaku.mhlw.go.jp/01/index.php?action_kouhyou_detail_004_kani=true&JigyosyoCd=0193100534-00&ServiceCd=730&Type=search" }, "geometry": { "type": "Point", "coordinates": [ 142.475721, 43.8370939 ] } },
{ "type": "Feature", "properties": { "内容": "美瑛慈光園小規模多機能　虹【小規模多機能型居宅介護】北海道上川郡美瑛町南町３丁目１１番地３２２", "url2": "https://www.kaigokensaku.mhlw.go.jp/01/index.php?action_kouhyou_detail_004_kani=true&JigyosyoCd=0172901134-00&ServiceCd=730&Type=search" }, "geometry": { "type": "Point", "coordinates": [ 142.469156387172006, 43.584258822843545 ] } },
{ "type": "Feature", "properties": { "内容": "美瑛慈光園小規模多機能　七彩【小規模多機能型居宅介護】上川郡美瑛町字朗根内８番６号", "url2": "https://www.kaigokensaku.mhlw.go.jp/01/index.php?action_kouhyou_detail_004_kani=true&JigyosyoCd=0193100401-00&ServiceCd=730&Type=search" }, "geometry": { "type": "Point", "coordinates": [ 142.587714499999947, 43.6216096 ] } },
{ "type": "Feature", "properties": { "内容": "美瑛慈光園小規模多機能　燈【小規模多機能型居宅介護】北海道上川郡美瑛町南町1丁目2番33号", "url2": "https://www.kaigokensaku.mhlw.go.jp/01/index.php?action_kouhyou_detail_004_kani=true&JigyosyoCd=0193100427-00&ServiceCd=730&Type=search" }, "geometry": { "type": "Point", "coordinates": [ 142.465677300000038, 43.5861704 ] } },
{ "type": "Feature", "properties": { "内容": "美瑛慈光園小規模多機能ひなた【小規模多機能型居宅介護】北海道上川郡美瑛町美馬牛北１丁目２番９号", "url2": "https://www.kaigokensaku.mhlw.go.jp/01/index.php?action_kouhyou_detail_004_kani=true&JigyosyoCd=0193100450-00&ServiceCd=730&Type=search" }, "geometry": { "type": "Point", "coordinates": [ 142.4473309, 43.5381053 ] } },
{ "type": "Feature", "properties": { "内容": "美瑛慈光園小規模多機能　ほたる【小規模多機能型居宅介護】北海道上川郡美瑛町字北瑛第１", "url2": "https://www.kaigokensaku.mhlw.go.jp/01/index.php?action_kouhyou_detail_004_kani=true&JigyosyoCd=0193100518-00&ServiceCd=730&Type=search" }, "geometry": { "type": "Point", "coordinates": [ 142.448350442791678, 43.62137880173281 ] } },
{ "type": "Feature", "properties": { "内容": "小規模多機能型居宅介護事業所ふくしん【小規模多機能型居宅介護】北海道空知郡上富良野町泉町2丁目4番15号", "url2": "https://www.kaigokensaku.mhlw.go.jp/01/index.php?action_kouhyou_detail_004_kani=true&JigyosyoCd=0193000056-00&ServiceCd=730&Type=search" }, "geometry": { "type": "Point", "coordinates": [ 142.463955299999952, 43.4695317 ] } },
{ "type": "Feature", "properties": { "内容": "占冠村小規模多機能型居宅介護施設【小規模多機能型居宅介護】北海道勇払郡占冠村字シムカプ原野56番21", "url2": "https://www.kaigokensaku.mhlw.go.jp/01/index.php?action_kouhyou_detail_004_kani=true&JigyosyoCd=0193600392-00&ServiceCd=730&Type=search" }, "geometry": { "type": "Point", "coordinates": [ 142.39417656441799, 42.979195551955669 ] } },
{ "type": "Feature", "properties": { "内容": "小規模多機能型居宅介護和楽家【小規模多機能型居宅介護】北海道増毛郡舎熊201番地の11", "url2": "https://www.kaigokensaku.mhlw.go.jp/01/index.php?action_kouhyou_detail_004_kani=true&JigyosyoCd=0196400204-00&ServiceCd=730&Type=search" }, "geometry": { "type": "Point", "coordinates": [ 141.586082299999987, 43.8745027 ] } },
{ "type": "Feature", "properties": { "内容": "猿払村小規模多機能型居宅介護事業所・猿払村介護予防小規模多機能型居宅介護事業所【小規模多機能型居宅介護】北海道宗谷郡猿払村鬼志別南町243番地小規模多機能型居宅介護・地域交流施設「楽楽心」", "url2": "https://www.kaigokensaku.mhlw.go.jp/01/index.php?action_kouhyou_detail_004_kani=true&JigyosyoCd=0196700173-00&ServiceCd=730&Type=search" }, "geometry": { "type": "Point", "coordinates": [ 142.112073915869132, 45.327889656885127 ] } },
{ "type": "Feature", "properties": { "内容": "株式会社エムリンク　小規模多機能ホーム　夢ふうせんこの花【小規模多機能型居宅介護】北海道網走郡美幌町西1条南2丁目8番地2小規模多機能ホーム　夢ふうせんこの花", "url2": "https://www.kaigokensaku.mhlw.go.jp/01/index.php?action_kouhyou_detail_004_kani=true&JigyosyoCd=0195200100-00&ServiceCd=730&Type=search" }, "geometry": { "type": "Point", "coordinates": [ 144.100788200000011, 43.8214916 ] } },
{ "type": "Feature", "properties": { "内容": "夢ふうせんののか【小規模多機能型居宅介護】北海道網走郡津別町達美213－9", "url2": "https://www.kaigokensaku.mhlw.go.jp/01/index.php?action_kouhyou_detail_004_kani=true&JigyosyoCd=0195200043-00&ServiceCd=730&Type=search" }, "geometry": { "type": "Point", "coordinates": [ 144.017371300000036, 43.7122082 ] } },
{ "type": "Feature", "properties": { "内容": "夢ふうせんほんき【小規模多機能型居宅介護】北海道網走郡津別町本岐105", "url2": "https://www.kaigokensaku.mhlw.go.jp/01/index.php?action_kouhyou_detail_004_kani=true&JigyosyoCd=0195200076-00&ServiceCd=730&Type=search" }, "geometry": { "type": "Point", "coordinates": [ 143.990468599999986, 43.6451311 ] } },
{ "type": "Feature", "properties": { "内容": "多機能ホーム　たんぽぽ【小規模多機能型居宅介護】北海道斜里郡斜里町朝日町３６番地２", "url2": "https://www.kaigokensaku.mhlw.go.jp/01/index.php?action_kouhyou_detail_004_kani=true&JigyosyoCd=0195300041-00&ServiceCd=730&Type=search" }, "geometry": { "type": "Point", "coordinates": [ 144.676667586369376, 43.907282911057202 ] } },
{ "type": "Feature", "properties": { "内容": "小規模多機能ホームえみある【小規模多機能型居宅介護】北海道斜里郡斜里町青葉町４０番地１", "url2": "https://www.kaigokensaku.mhlw.go.jp/01/index.php?action_kouhyou_detail_004_kani=true&JigyosyoCd=0195300157-00&ServiceCd=730&Type=search" }, "geometry": { "type": "Point", "coordinates": [ 144.661902899999973, 43.9048937 ] } },
{ "type": "Feature", "properties": { "内容": "小規模多機能ホーム夢ふうせんせせらぎ【小規模多機能型居宅介護】北海道紋別郡遠軽町大通南３丁目1-2", "url2": "https://www.kaigokensaku.mhlw.go.jp/01/index.php?action_kouhyou_detail_004_kani=true&JigyosyoCd=0195400114-00&ServiceCd=730&Type=search" }, "geometry": { "type": "Point", "coordinates": [ 143.52061368584441, 44.05566715245768 ] } },
{ "type": "Feature", "properties": { "内容": "小規模多機能ホーム　夢ふうせんそよかぜ【小規模多機能型居宅介護】北海道紋別郡遠軽町大通北4丁目１-39コスモスの郷　ゆうゆう１階", "url2": "https://www.kaigokensaku.mhlw.go.jp/01/index.php?action_kouhyou_detail_004_kani=true&JigyosyoCd=0195400130-00&ServiceCd=730&Type=search" }, "geometry": { "type": "Point", "coordinates": [ 143.52587410000001, 44.0643758 ] } },
{ "type": "Feature", "properties": { "内容": "遠軽町社協小規模多機能ほーむきなり【小規模多機能型居宅介護】紋別郡遠軽町向遠軽264番地4", "url2": "https://www.kaigokensaku.mhlw.go.jp/01/index.php?action_kouhyou_detail_004_kani=true&JigyosyoCd=0195400049-00&ServiceCd=730&Type=search" }, "geometry": { "type": "Point", "coordinates": [ 143.543482, 44.0595762 ] } },
{ "type": "Feature", "properties": { "内容": "小規模多機能ホーム湖水の杜【小規模多機能型居宅介護】北海道紋別郡湧別町芭露2334番地の2", "url2": "https://www.kaigokensaku.mhlw.go.jp/01/index.php?action_kouhyou_detail_004_kani=true&JigyosyoCd=0195400080-00&ServiceCd=730&Type=search" }, "geometry": { "type": "Point", "coordinates": [ 143.69373957780158, 44.151557828153571 ] } },
{ "type": "Feature", "properties": { "内容": "小規模多機能ホーム　湖水の杜【小規模多機能型居宅介護】北海道紋別郡湧別町芭露2334番地の2", "url2": "https://www.kaigokensaku.mhlw.go.jp/01/index.php?action_kouhyou_detail_004_kani=true&JigyosyoCd=0195400189-00&ServiceCd=730&Type=search" }, "geometry": { "type": "Point", "coordinates": [ 143.6934254, 44.1512605 ] } },
{ "type": "Feature", "properties": { "内容": "小規模多機能ホーム「ほんごう」【小規模多機能型居宅介護】北海道勇払郡厚真町字本郷236番地6", "url2": "https://www.kaigokensaku.mhlw.go.jp/01/index.php?action_kouhyou_detail_004_kani=true&JigyosyoCd=0193600434-00&ServiceCd=730&Type=search" }, "geometry": { "type": "Point", "coordinates": [ 141.867511820237723, 42.731760110049485 ] } },
{ "type": "Feature", "properties": { "内容": "小規模多機能ホーム　夢ふうせんほんごう【小規模多機能型居宅介護】北海道勇払郡厚真町字本郷236-6高齢者生活福祉センター", "url2": "https://www.kaigokensaku.mhlw.go.jp/01/index.php?action_kouhyou_detail_004_kani=true&JigyosyoCd=0193600756-00&ServiceCd=730&Type=search" }, "geometry": { "type": "Point", "coordinates": [ 141.867496499999987, 42.7318112 ] } },
{ "type": "Feature", "properties": { "内容": "小規模多機能型居宅介護事業所華たば【小規模多機能型居宅介護】北海道勇払郡安平町中央１番地４１", "url2": "https://www.kaigokensaku.mhlw.go.jp/01/index.php?action_kouhyou_detail_004_kani=true&JigyosyoCd=0193600368-00&ServiceCd=730&Type=search" }, "geometry": { "type": "Point", "coordinates": [ 141.809393235968059, 42.878295381263655 ] } },
{ "type": "Feature", "properties": { "内容": "医療法人薪水　小規模多機能型居宅介護事業所いろり【小規模多機能型居宅介護】北海道幌泉郡えりも町新浜２６１－１０", "url2": "https://www.kaigokensaku.mhlw.go.jp/01/index.php?action_kouhyou_detail_004_kani=true&JigyosyoCd=0193800190-00&ServiceCd=730&Type=search" }, "geometry": { "type": "Point", "coordinates": [ 143.155681291401606, 42.013963356994921 ] } },
{ "type": "Feature", "properties": { "内容": "小規模多機能型居宅介護　凜【小規模多機能型居宅介護】北海道日高郡新ひだか町静内神森248番地10", "url2": "https://www.kaigokensaku.mhlw.go.jp/01/index.php?action_kouhyou_detail_004_kani=true&JigyosyoCd=0193800174-00&ServiceCd=730&Type=search" }, "geometry": { "type": "Point", "coordinates": [ 142.3800642, 42.3529721 ] } },
{ "type": "Feature", "properties": { "内容": "小規模多機能型居宅介護事業所きずな【小規模多機能型居宅介護】河東郡音更町東通１３丁目３番地９", "url2": "https://www.kaigokensaku.mhlw.go.jp/01/index.php?action_kouhyou_detail_004_kani=true&JigyosyoCd=0194700290-00&ServiceCd=730&Type=search" }, "geometry": { "type": "Point", "coordinates": [ 143.21113349999996, 42.990097 ] } },
{ "type": "Feature", "properties": { "内容": "愛風会小規模多機能施設なごみ【小規模多機能型居宅介護】北海道河東郡士幌町字士幌西2線169番16", "url2": "https://www.kaigokensaku.mhlw.go.jp/01/index.php?action_kouhyou_detail_004_kani=true&JigyosyoCd=0194700340-00&ServiceCd=730&Type=search" }, "geometry": { "type": "Point", "coordinates": [ 143.247012300000051, 43.1717853 ] } },
{ "type": "Feature", "properties": { "内容": "小規模多機能型居宅介護まつば【小規模多機能型居宅介護】北海道河東郡上士幌町字上士幌東2線242番地", "url2": "https://www.kaigokensaku.mhlw.go.jp/01/index.php?action_kouhyou_detail_004_kani=true&JigyosyoCd=0194700522-00&ServiceCd=730&Type=search" }, "geometry": { "type": "Point", "coordinates": [ 143.290783799999986, 43.2363059 ] } },
{ "type": "Feature", "properties": { "内容": "小規模多機能センターらら【小規模多機能型居宅介護】北海道上川郡新得町屈足旭町２丁目８５－１小規模多機能センターらら", "url2": "https://www.kaigokensaku.mhlw.go.jp/01/index.php?action_kouhyou_detail_004_kani=true&JigyosyoCd=0194700324-00&ServiceCd=730&Type=search" }, "geometry": { "type": "Point", "coordinates": [ 142.9064171, 43.099088 ] } },
{ "type": "Feature", "properties": { "内容": "サテライト型小規模多機能きらり【小規模多機能型居宅介護】北海道上川郡新得町屈足旭町２丁目８８サテライト型小規模多機能きらり", "url2": "https://www.kaigokensaku.mhlw.go.jp/01/index.php?action_kouhyou_detail_004_kani=true&JigyosyoCd=0194700589-00&ServiceCd=730&Type=search" }, "geometry": { "type": "Point", "coordinates": [ 142.9064171, 43.099088 ] } },
{ "type": "Feature", "properties": { "内容": "小規模多機能型居宅介護事業所　松沢の郷【小規模多機能型居宅介護】北海道上川郡清水町字熊牛11番地", "url2": "https://www.kaigokensaku.mhlw.go.jp/01/index.php?action_kouhyou_detail_004_kani=true&JigyosyoCd=0194700308-00&ServiceCd=730&Type=search" }, "geometry": { "type": "Point", "coordinates": [ 142.978339930248012, 42.976855901815426 ] } },
{ "type": "Feature", "properties": { "内容": "小規模多機能型居宅介護事業所さくらさくら【小規模多機能型居宅介護】北海道上川郡清水町字下佐幌基線98番地", "url2": "https://www.kaigokensaku.mhlw.go.jp/01/index.php?action_kouhyou_detail_004_kani=true&JigyosyoCd=0194700050-00&ServiceCd=730&Type=search" }, "geometry": { "type": "Point", "coordinates": [ 142.89104569999995, 43.0458545 ] } },
{ "type": "Feature", "properties": { "内容": "小規模多機能型居宅介護事業所　ふたば【小規模多機能型居宅介護】北海道河西郡芽室町西4条4丁目１番地7", "url2": "https://www.kaigokensaku.mhlw.go.jp/01/index.php?action_kouhyou_detail_004_kani=true&JigyosyoCd=0194700241-00&ServiceCd=730&Type=search" }, "geometry": { "type": "Point", "coordinates": [ 143.041659727647357, 42.91319498284512 ] } },
{ "type": "Feature", "properties": { "内容": "小規模多機能型居宅介護事業所　コムニの里さらべつ【小規模多機能型居宅介護】北海道河西郡更別村字更別南3線95番6", "url2": "https://www.kaigokensaku.mhlw.go.jp/01/index.php?action_kouhyou_detail_004_kani=true&JigyosyoCd=0194700092-00&ServiceCd=730&Type=search" }, "geometry": { "type": "Point", "coordinates": [ 143.196154200000024, 42.6453405 ] } },
{ "type": "Feature", "properties": { "内容": "ケアハウスグランパランＨＩＲＯＯ株式会社【小規模多機能型居宅介護】北海道広尾郡広尾町丸山通北4丁目65番地8", "url2": "https://www.kaigokensaku.mhlw.go.jp/01/index.php?action_kouhyou_detail_004_kani=true&JigyosyoCd=0194700704-00&ServiceCd=730&Type=search" }, "geometry": { "type": "Point", "coordinates": [ 143.3043439, 42.295977 ] } },
{ "type": "Feature", "properties": { "内容": "小規模多機能型居宅介護事業所　コムニの里まくべつ【小規模多機能型居宅介護】北海道中川郡幕別町旭町18番地6", "url2": "https://www.kaigokensaku.mhlw.go.jp/01/index.php?action_kouhyou_detail_004_kani=true&JigyosyoCd=0194700423-00&ServiceCd=730&Type=search" }, "geometry": { "type": "Point", "coordinates": [ 143.363959099999988, 42.9155835 ] } },
{ "type": "Feature", "properties": { "内容": "多機能ホーム啓寿幸町　小規模多機能啓寿幸町【小規模多機能型居宅介護】中川郡幕別町幸町47番地の4", "url2": "https://www.kaigokensaku.mhlw.go.jp/01/index.php?action_kouhyou_detail_004_kani=true&JigyosyoCd=0194700175-00&ServiceCd=730&Type=search" }, "geometry": { "type": "Point", "coordinates": [ 143.358629400000041, 42.9109311 ] } },
{ "type": "Feature", "properties": { "内容": "多機能ホームいこい【小規模多機能型居宅介護】北海道中川郡池田町西２条4丁目1番地６", "url2": "https://www.kaigokensaku.mhlw.go.jp/01/index.php?action_kouhyou_detail_004_kani=true&JigyosyoCd=0194700506-00&ServiceCd=730&Type=search" }, "geometry": { "type": "Point", "coordinates": [ 143.448822978573645, 42.92462640907609 ] } },
{ "type": "Feature", "properties": { "内容": "仙美里小規模多機能型居宅介護事業所「陽だまりの里」【小規模多機能型居宅介護】北海道中川郡本別町仙美里元町１４９－１２", "url2": "https://www.kaigokensaku.mhlw.go.jp/01/index.php?action_kouhyou_detail_004_kani=true&JigyosyoCd=0194700027-00&ServiceCd=730&Type=search" }, "geometry": { "type": "Point", "coordinates": [ 143.588378899999952, 43.1795259 ] } },
{ "type": "Feature", "properties": { "内容": "勇足小規模多機能型居宅介護事業所「ゆうあいの里」【小規模多機能型居宅介護】北海道中川郡本別町勇足元町６－１", "url2": "https://www.kaigokensaku.mhlw.go.jp/01/index.php?action_kouhyou_detail_004_kani=true&JigyosyoCd=0194700076-00&ServiceCd=730&Type=search" }, "geometry": { "type": "Point", "coordinates": [ 143.521523399999978, 43.092118 ] } },
{ "type": "Feature", "properties": { "内容": "本別北小規模多機能型居宅介護事業所「清流の里」【小規模多機能型居宅介護】北海道中川郡本別町北６丁目１２－２０", "url2": "https://www.kaigokensaku.mhlw.go.jp/01/index.php?action_kouhyou_detail_004_kani=true&JigyosyoCd=0194700191-00&ServiceCd=730&Type=search" }, "geometry": { "type": "Point", "coordinates": [ 143.60922549999998, 43.1304861 ] } },
{ "type": "Feature", "properties": { "内容": "社会福祉法人足寄町社会福祉協議会小規模多機能型居宅介護事業所【小規模多機能型居宅介護】北海道足寄郡足寄町北2条4丁目41番地", "url2": "https://www.kaigokensaku.mhlw.go.jp/01/index.php?action_kouhyou_detail_004_kani=true&JigyosyoCd=0194700480-00&ServiceCd=730&Type=search" }, "geometry": { "type": "Point", "coordinates": [ 143.550883099999965, 43.2456452 ] } },
{ "type": "Feature", "properties": { "内容": "介護ｻﾎﾟｰﾄえるむ【小規模多機能型居宅介護】北海道釧路町河畔3丁目2番地遠矢コレクティブセンター内", "url2": "https://www.kaigokensaku.mhlw.go.jp/01/index.php?action_kouhyou_detail_004_kani=true&JigyosyoCd=0194300018-00&ServiceCd=730&Type=search" }, "geometry": { "type": "Point", "coordinates": [ 144.455023200000028, 43.0366345 ] } },
{ "type": "Feature", "properties": { "内容": "中標津ケアセンターすずらん【小規模多機能型居宅介護】標津郡中標津町並美ヶ丘2丁目7番地２１", "url2": "https://www.kaigokensaku.mhlw.go.jp/01/index.php?action_kouhyou_detail_004_kani=true&JigyosyoCd=0194200010-00&ServiceCd=730&Type=search" }, "geometry": { "type": "Point", "coordinates": [ 144.961873299999979, 43.5422436 ] } },
{ "type": "Feature", "properties": { "内容": "株式会社やまざき【小規模多機能型居宅介護】北海道標津郡中標津町東三十一条南一丁目6番地", "url2": "https://www.kaigokensaku.mhlw.go.jp/01/index.php?action_kouhyou_detail_004_kani=true&JigyosyoCd=0194200135-00&ServiceCd=730&Type=search" }, "geometry": { "type": "Point", "coordinates": [ 145.002288300000032, 43.5639505 ] } },
{ "type": "Feature", "properties": { "内容": "小規模多機能ホーム陽だまり【小規模多機能型居宅介護】北海道標津郡標津町北２条西５丁目６番１", "url2": "https://www.kaigokensaku.mhlw.go.jp/01/index.php?action_kouhyou_detail_004_kani=true&JigyosyoCd=0194200143-00&ServiceCd=730&Type=search" }, "geometry": { "type": "Point", "coordinates": [ 145.119727541934111, 43.66018461208337 ] } }
]
}
