{
"type": "FeatureCollection",
"name": "geo_01_居宅介護支援",
"crs": { "type": "name", "properties": { "name": "urn:ogc:def:crs:OGC:1.3:CRS84" } },
"features": [
{ "type": "Feature", "properties": { "内容": "愛らんどケアプランセンター【居宅介護支援】北海道札幌市中央区南19条西6丁目3番5号", "url2": "https://www.kaigokensaku.mhlw.go.jp/01/index.php?action_kouhyou_detail_004_kani=true&JigyosyoCd=0170102313-00&ServiceCd=430&Type=search" }, "geometry": { "type": "Point", "coordinates": [ 141.351969899999972, 43.0344018 ] } },
{ "type": "Feature", "properties": { "内容": "株式会社あすも居宅介護支援事業所【居宅介護支援】北海道札幌市中央区北１条西１５丁目１番地3大通ハイム606", "url2": "https://www.kaigokensaku.mhlw.go.jp/01/index.php?action_kouhyou_detail_004_kani=true&JigyosyoCd=0170103162-00&ServiceCd=430&Type=search" }, "geometry": { "type": "Point", "coordinates": [ 141.3336756, 43.0592705 ] } },
{ "type": "Feature", "properties": { "内容": "さくらケアプランセンター【居宅介護支援】札幌市中央区南１６条西１９丁目１－３２シティホーム山鼻", "url2": "https://www.kaigokensaku.mhlw.go.jp/01/index.php?action_kouhyou_detail_004_kani=true&JigyosyoCd=0170402754-00&ServiceCd=430&Type=search" }, "geometry": { "type": "Point", "coordinates": [ 141.33019390000004, 43.0368037 ] } },
{ "type": "Feature", "properties": { "内容": "介護のまどぐち　つなぐ【居宅介護支援】札幌市中央区南19条西12丁目1-35-105", "url2": "https://www.kaigokensaku.mhlw.go.jp/01/index.php?action_kouhyou_detail_004_kani=true&JigyosyoCd=0170512628-00&ServiceCd=430&Type=search" }, "geometry": { "type": "Point", "coordinates": [ 141.342054100000041, 43.0344682 ] } },
{ "type": "Feature", "properties": { "内容": "指定居宅介護支援事業所　えん【居宅介護支援】札幌市中央区宮の森1237番地1", "url2": "https://www.kaigokensaku.mhlw.go.jp/01/index.php?action_kouhyou_detail_004_kani=true&JigyosyoCd=0110114501-00&ServiceCd=430&Type=search" }, "geometry": { "type": "Point", "coordinates": [ 141.292137799999978, 43.0570357 ] } },
{ "type": "Feature", "properties": { "内容": "医療法人讃生会居宅介護支援事業所「宮の森」【居宅介護支援】札幌市中央区南1条西15丁目1-10パレみやざき2階", "url2": "https://www.kaigokensaku.mhlw.go.jp/01/index.php?action_kouhyou_detail_004_kani=true&JigyosyoCd=0110116514-00&ServiceCd=430&Type=search" }, "geometry": { "type": "Point", "coordinates": [ 141.302858903704873, 43.062227954497807 ] } },
{ "type": "Feature", "properties": { "内容": "慈啓会介護総合相談センター【居宅介護支援】札幌市中央区旭ヶ丘５丁目６番５１号", "url2": "https://www.kaigokensaku.mhlw.go.jp/01/index.php?action_kouhyou_detail_004_kani=true&JigyosyoCd=0170100143-00&ServiceCd=430&Type=search" }, "geometry": { "type": "Point", "coordinates": [ 141.323635112194779, 43.036870494439881 ] } },
{ "type": "Feature", "properties": { "内容": "ＰＯＰケアセンター【居宅介護支援】北海道札幌市札幌市中央区南3条西2丁目1-1Ｈ＆Ｂプラザ７Ｆ", "url2": "https://www.kaigokensaku.mhlw.go.jp/01/index.php?action_kouhyou_detail_004_kani=true&JigyosyoCd=0170100440-00&ServiceCd=430&Type=search" }, "geometry": { "type": "Point", "coordinates": [ 141.356024299999916, 43.056959655444977 ] } },
{ "type": "Feature", "properties": { "内容": "たんぽぽの丘介護相談センター【居宅介護支援】札幌市中央区南８条西２６丁目１番２", "url2": "https://www.kaigokensaku.mhlw.go.jp/01/index.php?action_kouhyou_detail_004_kani=true&JigyosyoCd=0170100507-00&ServiceCd=430&Type=search" }, "geometry": { "type": "Point", "coordinates": [ 141.320580299999961, 43.0457662 ] } },
{ "type": "Feature", "properties": { "内容": "ベネッセ介護センター札幌【居宅介護支援】北海道札幌市中央区南16条西7-2-20TOKOビル３階", "url2": "https://www.kaigokensaku.mhlw.go.jp/01/index.php?action_kouhyou_detail_004_kani=true&JigyosyoCd=0170100515-00&ServiceCd=430&Type=search" }, "geometry": { "type": "Point", "coordinates": [ 141.350328, 43.038091700000017 ] } },
{ "type": "Feature", "properties": { "内容": "介護まるごと相談室山鼻【居宅介護支援】札幌市中央区南14条西15丁目２－６", "url2": "https://www.kaigokensaku.mhlw.go.jp/01/index.php?action_kouhyou_detail_004_kani=true&JigyosyoCd=0170101745-00&ServiceCd=430&Type=search" }, "geometry": { "type": "Point", "coordinates": [ 141.336168318775094, 43.04052963028095 ] } },
{ "type": "Feature", "properties": { "内容": "社会福祉法人札幌市社会福祉協議会　中央相談センター【居宅介護支援】北海道札幌市中央区北１条西１３丁目４ＦＷＤ札幌ビル1階", "url2": "https://www.kaigokensaku.mhlw.go.jp/01/index.php?action_kouhyou_detail_004_kani=true&JigyosyoCd=0170102875-00&ServiceCd=430&Type=search" }, "geometry": { "type": "Point", "coordinates": [ 141.336409799552939, 43.060723216614882 ] } },
{ "type": "Feature", "properties": { "内容": "社会福祉法人札幌市社会福祉協議会　総合支援センターえがお【居宅介護支援】北海道札幌市中央区北1条西13丁目4ＦＷＤ札幌ビル1階", "url2": "https://www.kaigokensaku.mhlw.go.jp/01/index.php?action_kouhyou_detail_004_kani=true&JigyosyoCd=0170102883-00&ServiceCd=430&Type=search" }, "geometry": { "type": "Point", "coordinates": [ 141.336349031955024, 43.060733831811845 ] } },
{ "type": "Feature", "properties": { "内容": "幌寧プランニング介護事業所【居宅介護支援】北海道札幌市中央区南9条西５丁目1番１５号ＳＡＫＵＲＡーＳ９", "url2": "https://www.kaigokensaku.mhlw.go.jp/01/index.php?action_kouhyou_detail_004_kani=true&JigyosyoCd=0170103238-00&ServiceCd=430&Type=search" }, "geometry": { "type": "Point", "coordinates": [ 141.352021428835997, 43.048142359577376 ] } },
{ "type": "Feature", "properties": { "内容": "ケアプランセンターモルス【居宅介護支援】北海道札幌市中央区南8条西14丁目3番15号札幌中央ビル4階", "url2": "https://www.kaigokensaku.mhlw.go.jp/01/index.php?action_kouhyou_detail_004_kani=true&JigyosyoCd=0170103360-00&ServiceCd=430&Type=search" }, "geometry": { "type": "Point", "coordinates": [ 141.336007388148118, 43.04814941532581 ] } },
{ "type": "Feature", "properties": { "内容": "札幌西円山病院在宅ケアセンター【居宅介護支援】札幌市中央区円山西町4丁目7番25号札幌西円山病院", "url2": "https://www.kaigokensaku.mhlw.go.jp/01/index.php?action_kouhyou_detail_004_kani=true&JigyosyoCd=0170103949-00&ServiceCd=430&Type=search" }, "geometry": { "type": "Point", "coordinates": [ 141.302556388607172, 43.039163685728781 ] } },
{ "type": "Feature", "properties": { "内容": "イリーゼ宮の森居宅介護支援事業所【居宅介護支援】北海道札幌市中央区宮の森2条10丁目1-43住宅型有料老人ホームイリーゼ宮の森", "url2": "https://www.kaigokensaku.mhlw.go.jp/01/index.php?action_kouhyou_detail_004_kani=true&JigyosyoCd=0170103964-00&ServiceCd=430&Type=search" }, "geometry": { "type": "Point", "coordinates": [ 141.304629600000027, 43.0581842 ] } },
{ "type": "Feature", "properties": { "内容": "ケアプランセンタ－スリースマイル【居宅介護支援】北海道札幌市中央区南8条西13丁目3-10M-STORAGE813-3F01", "url2": "https://www.kaigokensaku.mhlw.go.jp/01/index.php?action_kouhyou_detail_004_kani=true&JigyosyoCd=0170104004-00&ServiceCd=430&Type=search" }, "geometry": { "type": "Point", "coordinates": [ 141.338989628276408, 43.049173838843039 ] } },
{ "type": "Feature", "properties": { "内容": "イリーゼ札幌南三条居宅介護支援事業所【居宅介護支援】北海道札幌市中央区南3条西1丁目10イリーゼ札幌南三条", "url2": "https://www.kaigokensaku.mhlw.go.jp/01/index.php?action_kouhyou_detail_004_kani=true&JigyosyoCd=0170104087-00&ServiceCd=430&Type=search" }, "geometry": { "type": "Point", "coordinates": [ 141.357318099999929, 43.0571548 ] } },
{ "type": "Feature", "properties": { "内容": "ＳＯＭＰＯケア　札幌桑園駅前　居宅介護支援【居宅介護支援】北海道札幌市中央区北11条西14目1番17号", "url2": "https://www.kaigokensaku.mhlw.go.jp/01/index.php?action_kouhyou_detail_004_kani=true&JigyosyoCd=0170104673-00&ServiceCd=430&Type=search" }, "geometry": { "type": "Point", "coordinates": [ 141.332144021520946, 43.071808809251536 ] } },
{ "type": "Feature", "properties": { "内容": "ケアプランセンターすまいる札幌伏見【居宅介護支援】北海道札幌市中央区南24条西11丁目2-33ロードサイド24　408号", "url2": "https://www.kaigokensaku.mhlw.go.jp/01/index.php?action_kouhyou_detail_004_kani=true&JigyosyoCd=0170105027-00&ServiceCd=430&Type=search" }, "geometry": { "type": "Point", "coordinates": [ 141.3448378, 43.027289099999983 ] } },
{ "type": "Feature", "properties": { "内容": "ツクイ・サンフォレスト札幌山鼻【居宅介護支援】北海道札幌市中央区南１４条西１８丁目５－１", "url2": "https://www.kaigokensaku.mhlw.go.jp/01/index.php?action_kouhyou_detail_004_kani=true&JigyosyoCd=0170105076-00&ServiceCd=430&Type=search" }, "geometry": { "type": "Point", "coordinates": [ 141.329843773016393, 43.040042371382334 ] } },
{ "type": "Feature", "properties": { "内容": "静明館居宅介護支援事業所はれのひ【居宅介護支援】札幌市中央区南14条西18丁目5番23号菱沼ビル1階", "url2": "https://www.kaigokensaku.mhlw.go.jp/01/index.php?action_kouhyou_detail_004_kani=true&JigyosyoCd=0170105159-00&ServiceCd=430&Type=search" }, "geometry": { "type": "Point", "coordinates": [ 141.3291159, 43.0393728 ] } },
{ "type": "Feature", "properties": { "内容": "ケアプランセンターあまね【居宅介護支援】札幌市中央区南11条西7丁目1番20号ドミ山鼻1階", "url2": "https://www.kaigokensaku.mhlw.go.jp/01/index.php?action_kouhyou_detail_004_kani=true&JigyosyoCd=0170105167-00&ServiceCd=430&Type=search" }, "geometry": { "type": "Point", "coordinates": [ 141.348844781614673, 43.04561861851063 ] } },
{ "type": "Feature", "properties": { "内容": "ケアセンターカモミール【居宅介護支援】南9条西8丁目1番２６号オリンピア南9条マンション903号", "url2": "https://www.kaigokensaku.mhlw.go.jp/01/index.php?action_kouhyou_detail_004_kani=true&JigyosyoCd=0170105498-00&ServiceCd=430&Type=search" }, "geometry": { "type": "Point", "coordinates": [ 141.346366, 43.0482638 ] } },
{ "type": "Feature", "properties": { "内容": "ＳＯＭＰＯケア旭ヶ丘　居宅介護支援【居宅介護支援】北海道札幌市中央区南14条西18丁目6番22号住宅型有料老人ホーム　ラヴィーレレジデンス旭ヶ丘", "url2": "https://www.kaigokensaku.mhlw.go.jp/01/index.php?action_kouhyou_detail_004_kani=true&JigyosyoCd=0170105605-00&ServiceCd=430&Type=search" }, "geometry": { "type": "Point", "coordinates": [ 141.328674400000011, 43.0400126 ] } },
{ "type": "Feature", "properties": { "内容": "けいら居宅介護支援事業所【居宅介護支援】北海道札幌市中央区南4条西15丁目3-5ホープビルディング3Ｆ", "url2": "https://www.kaigokensaku.mhlw.go.jp/01/index.php?action_kouhyou_detail_004_kani=true&JigyosyoCd=0170404529-00&ServiceCd=430&Type=search" }, "geometry": { "type": "Point", "coordinates": [ 141.334557636051471, 43.052934247884814 ] } },
{ "type": "Feature", "properties": { "内容": "アンビシャス居宅介護支援事業所【居宅介護支援】北海道札幌市中央区南6条西8丁目５", "url2": "https://www.kaigokensaku.mhlw.go.jp/01/index.php?action_kouhyou_detail_004_kani=true&JigyosyoCd=0170105597-00&ServiceCd=430&Type=search" }, "geometry": { "type": "Point", "coordinates": [ 141.3464377, 43.052596 ] } },
{ "type": "Feature", "properties": { "内容": "居宅介護支援事業所　あさがお【居宅介護支援】北海道札幌市中央区南１条東１丁目２番1号太平洋興発ビル５階", "url2": "https://www.kaigokensaku.mhlw.go.jp/01/index.php?action_kouhyou_detail_004_kani=true&JigyosyoCd=0170514079-00&ServiceCd=430&Type=search" }, "geometry": { "type": "Point", "coordinates": [ 141.3580555, 43.060011100000011 ] } },
{ "type": "Feature", "properties": { "内容": "ケアプランセンターALLURE【居宅介護支援】北海道札幌市中央区南4条西10丁目1010－3サンシャイン・シティー21", "url2": "https://www.kaigokensaku.mhlw.go.jp/01/index.php?action_kouhyou_detail_004_kani=true&JigyosyoCd=0170512115-00&ServiceCd=430&Type=search" }, "geometry": { "type": "Point", "coordinates": [ 141.341170711175721, 43.053950105919242 ] } },
{ "type": "Feature", "properties": { "内容": "まごころケアサービス【居宅介護支援】札幌市中央区南６条東１丁目７番地シルキーU６・１　601号", "url2": "https://www.kaigokensaku.mhlw.go.jp/01/index.php?action_kouhyou_detail_004_kani=true&JigyosyoCd=0170510010-00&ServiceCd=430&Type=search" }, "geometry": { "type": "Point", "coordinates": [ 141.3592787, 43.054982 ] } },
{ "type": "Feature", "properties": { "内容": "ケアプランセンターわかば【居宅介護支援】北海道札幌市中央区北３条西２１丁目2-5-902ダイアパレス円山領事館通", "url2": "https://www.kaigokensaku.mhlw.go.jp/01/index.php?action_kouhyou_detail_004_kani=true&JigyosyoCd=0170105118-00&ServiceCd=430&Type=search" }, "geometry": { "type": "Point", "coordinates": [ 141.3236935, 43.0616445 ] } },
{ "type": "Feature", "properties": { "内容": "やまね社会福祉士事務所【居宅介護支援】宮ヶ丘3丁目2-26", "url2": "https://www.kaigokensaku.mhlw.go.jp/01/index.php?action_kouhyou_detail_004_kani=true&JigyosyoCd=0170104632-00&ServiceCd=430&Type=search" }, "geometry": { "type": "Point", "coordinates": [ 141.309656, 43.0573887 ] } },
{ "type": "Feature", "properties": { "内容": "あすなろ居宅介護支援事業所【居宅介護支援】北海道札幌市中央区南１５条西８丁目２－３３－１０２", "url2": "https://www.kaigokensaku.mhlw.go.jp/01/index.php?action_kouhyou_detail_004_kani=true&JigyosyoCd=0170103584-00&ServiceCd=430&Type=search" }, "geometry": { "type": "Point", "coordinates": [ 141.347809873536448, 43.03963601925313 ] } },
{ "type": "Feature", "properties": { "内容": "ケアプラン創優【居宅介護支援】北海道札幌市中央区南1条西20丁目2-1建設管理センタービル6階", "url2": "https://www.kaigokensaku.mhlw.go.jp/01/index.php?action_kouhyou_detail_004_kani=true&JigyosyoCd=0170104012-00&ServiceCd=430&Type=search" }, "geometry": { "type": "Point", "coordinates": [ 141.327194108076441, 43.056046063705629 ] } },
{ "type": "Feature", "properties": { "内容": "イリーゼ札幌中島公園居宅介護支援事業所【居宅介護支援】北海道札幌市中央区南8条西6-420-15イリーゼ札幌中島公園", "url2": "https://www.kaigokensaku.mhlw.go.jp/01/index.php?action_kouhyou_detail_004_kani=true&JigyosyoCd=0170103857-00&ServiceCd=430&Type=search" }, "geometry": { "type": "Point", "coordinates": [ 141.351421475602365, 43.049525932268232 ] } },
{ "type": "Feature", "properties": { "内容": "みかんケアプランセンター【居宅介護支援】札幌市中央区南27条西8丁目1-27101", "url2": "https://www.kaigokensaku.mhlw.go.jp/01/index.php?action_kouhyou_detail_004_kani=true&JigyosyoCd=0170104996-00&ServiceCd=430&Type=search" }, "geometry": { "type": "Point", "coordinates": [ 141.3498744, 43.0243517 ] } },
{ "type": "Feature", "properties": { "内容": "オイデナプランニング【居宅介護支援】北海道札幌市中央区南7条西9丁目1024-42札幌舘ビル2階", "url2": "https://www.kaigokensaku.mhlw.go.jp/01/index.php?action_kouhyou_detail_004_kani=true&JigyosyoCd=0170105241-00&ServiceCd=430&Type=search" }, "geometry": { "type": "Point", "coordinates": [ 141.346013699999986, 43.0515227 ] } },
{ "type": "Feature", "properties": { "内容": "居宅介護支援事業所　こころね【居宅介護支援】北海道札幌市中央区北2条西17丁目1番12号サービス付き高齢者向け住宅　カーサ・パティオ内", "url2": "https://www.kaigokensaku.mhlw.go.jp/01/index.php?action_kouhyou_detail_004_kani=true&JigyosyoCd=0170105472-00&ServiceCd=430&Type=search" }, "geometry": { "type": "Point", "coordinates": [ 141.3300844, 43.0610017 ] } },
{ "type": "Feature", "properties": { "内容": "さっぽろ社会福祉士事務所【居宅介護支援】北海道札幌市中央区南6条西11丁目1285-1共済ハウス2階", "url2": "https://www.kaigokensaku.mhlw.go.jp/01/index.php?action_kouhyou_detail_004_kani=true&JigyosyoCd=0170506398-00&ServiceCd=430&Type=search" }, "geometry": { "type": "Point", "coordinates": [ 141.340897461208186, 43.051892182720117 ] } },
{ "type": "Feature", "properties": { "内容": "ライフマップレラ【居宅介護支援】北海道札幌市中央区北5条西10丁目6番地1ライフシップ植物園前1階", "url2": "https://www.kaigokensaku.mhlw.go.jp/01/index.php?action_kouhyou_detail_004_kani=true&JigyosyoCd=0170406235-00&ServiceCd=430&Type=search" }, "geometry": { "type": "Point", "coordinates": [ 141.339806399999986, 43.0656868 ] } },
{ "type": "Feature", "properties": { "内容": "株式会社　やさしい手札幌北　麻生居宅介護支援事業所【居宅介護支援】北海道札幌市北区麻生町3丁目2-4第5山重ビル1階", "url2": "https://www.kaigokensaku.mhlw.go.jp/01/index.php?action_kouhyou_detail_004_kani=true&JigyosyoCd=0170207245-00&ServiceCd=430&Type=search" }, "geometry": { "type": "Point", "coordinates": [ 141.34231049999994, 43.1099756 ] } },
{ "type": "Feature", "properties": { "内容": "居宅介護支援事業所たんぽぽ【居宅介護支援】北海道札幌市北区あいの里1条6丁目1番2号拓北・あいの里福祉センター", "url2": "https://www.kaigokensaku.mhlw.go.jp/01/index.php?action_kouhyou_detail_004_kani=true&JigyosyoCd=0170207112-00&ServiceCd=430&Type=search" }, "geometry": { "type": "Point", "coordinates": [ 141.396360700000059, 43.1658209 ] } },
{ "type": "Feature", "properties": { "内容": "ふきのとう【居宅介護支援】札幌市北区篠路９条１丁目４－５", "url2": "https://www.kaigokensaku.mhlw.go.jp/01/index.php?action_kouhyou_detail_004_kani=true&JigyosyoCd=0170204044-00&ServiceCd=430&Type=search" }, "geometry": { "type": "Point", "coordinates": [ 141.35298241636653, 43.155975517071809 ] } },
{ "type": "Feature", "properties": { "内容": "るいケア指定居宅介護支援センター【居宅介護支援】北海道札幌市北区北25条西8丁目2－3", "url2": "https://www.kaigokensaku.mhlw.go.jp/01/index.php?action_kouhyou_detail_004_kani=true&JigyosyoCd=0170201818-00&ServiceCd=430&Type=search" }, "geometry": { "type": "Point", "coordinates": [ 141.3373011, 43.0909557 ] } },
{ "type": "Feature", "properties": { "内容": "居宅介護支援事業所たんぽぽ【居宅介護支援】北海道札幌市北区新川西１条６丁目３番１６号", "url2": "https://www.kaigokensaku.mhlw.go.jp/01/index.php?action_kouhyou_detail_004_kani=true&JigyosyoCd=0170203715-00&ServiceCd=430&Type=search" }, "geometry": { "type": "Point", "coordinates": [ 141.272815700000024, 43.1292574 ] } },
{ "type": "Feature", "properties": { "内容": "医療法人社団誠仁会　ケアプランセンター北大通り【居宅介護支援】北海道札幌市北区北23条西4丁目2-23プレイス24プレイス24", "url2": "https://www.kaigokensaku.mhlw.go.jp/01/index.php?action_kouhyou_detail_004_kani=true&JigyosyoCd=0170206635-00&ServiceCd=430&Type=search" }, "geometry": { "type": "Point", "coordinates": [ 141.343413599999963, 43.0899153 ] } },
{ "type": "Feature", "properties": { "内容": "イリーゼ札幌屯田居宅介護支援事業所【居宅介護支援】北海道札幌市北区屯田2条1丁目9-1", "url2": "https://www.kaigokensaku.mhlw.go.jp/01/index.php?action_kouhyou_detail_004_kani=true&JigyosyoCd=0170207997-00&ServiceCd=430&Type=search" }, "geometry": { "type": "Point", "coordinates": [ 141.343354099999942, 43.1215294 ] } },
{ "type": "Feature", "properties": { "内容": "ケアプランセンター結まーる【居宅介護支援】新川西1条3丁目8-21", "url2": "https://www.kaigokensaku.mhlw.go.jp/01/index.php?action_kouhyou_detail_004_kani=true&JigyosyoCd=0170405872-00&ServiceCd=430&Type=search" }, "geometry": { "type": "Point", "coordinates": [ 141.280281438932434, 43.123565971845032 ] } },
{ "type": "Feature", "properties": { "内容": "ケアプランセンターせるん【居宅介護支援】北海道札幌市北区あいの里1条6丁目2-1", "url2": "https://www.kaigokensaku.mhlw.go.jp/01/index.php?action_kouhyou_detail_004_kani=true&JigyosyoCd=0170209035-00&ServiceCd=430&Type=search" }, "geometry": { "type": "Point", "coordinates": [ 141.4001805, 43.156056 ] } },
{ "type": "Feature", "properties": { "内容": "指定居宅介護支援事業所セージュ新ことに【居宅介護支援】北海道札幌市北区新琴似町７８７－２介護老人保健施設施設セージュ新ことに内", "url2": "https://www.kaigokensaku.mhlw.go.jp/01/index.php?action_kouhyou_detail_004_kani=true&JigyosyoCd=0150280055-00&ServiceCd=430&Type=search" }, "geometry": { "type": "Point", "coordinates": [ 141.295615624467473, 43.130833747291135 ] } },
{ "type": "Feature", "properties": { "内容": "サンビオーズ介護サービスセンター【居宅介護支援】北海道札幌市北区新琴似2条5丁目1-1", "url2": "https://www.kaigokensaku.mhlw.go.jp/01/index.php?action_kouhyou_detail_004_kani=true&JigyosyoCd=0150280139-00&ServiceCd=430&Type=search" }, "geometry": { "type": "Point", "coordinates": [ 141.32086819999995, 43.1065393 ] } },
{ "type": "Feature", "properties": { "内容": "茨戸介護相談センター【居宅介護支援】札幌市北区東茨戸2条2丁目8番21号", "url2": "https://www.kaigokensaku.mhlw.go.jp/01/index.php?action_kouhyou_detail_004_kani=true&JigyosyoCd=0170200026-00&ServiceCd=430&Type=search" }, "geometry": { "type": "Point", "coordinates": [ 141.357581, 43.1642911 ] } },
{ "type": "Feature", "properties": { "内容": "オニオンコート指定居宅介護支援事業所【居宅介護支援】札幌市北区百合が原11丁目185－13", "url2": "https://www.kaigokensaku.mhlw.go.jp/01/index.php?action_kouhyou_detail_004_kani=true&JigyosyoCd=0170200125-00&ServiceCd=430&Type=search" }, "geometry": { "type": "Point", "coordinates": [ 141.3668626, 43.1322535 ] } },
{ "type": "Feature", "properties": { "内容": "グリーンピア篠路居宅介護支援事業所【居宅介護支援】札幌市北区篠路２条９丁目１番８０号", "url2": "https://www.kaigokensaku.mhlw.go.jp/01/index.php?action_kouhyou_detail_004_kani=true&JigyosyoCd=0170200224-00&ServiceCd=430&Type=search" }, "geometry": { "type": "Point", "coordinates": [ 141.3690924, 43.1413997 ] } },
{ "type": "Feature", "properties": { "内容": "居宅介護支援事業所　禎心会北【居宅介護支援】札幌市北区新川１条６丁目３番３号", "url2": "https://www.kaigokensaku.mhlw.go.jp/01/index.php?action_kouhyou_detail_004_kani=true&JigyosyoCd=0170200521-00&ServiceCd=430&Type=search" }, "geometry": { "type": "Point", "coordinates": [ 141.310739099999978, 43.1000841 ] } },
{ "type": "Feature", "properties": { "内容": "いこいケアセンター指定居宅介護支援事業所【居宅介護支援】札幌市北区篠路3条8丁目8番7号", "url2": "https://www.kaigokensaku.mhlw.go.jp/01/index.php?action_kouhyou_detail_004_kani=true&JigyosyoCd=0170200851-00&ServiceCd=430&Type=search" }, "geometry": { "type": "Point", "coordinates": [ 141.3693839, 43.1437772 ] } },
{ "type": "Feature", "properties": { "内容": "居宅介護支援事業所ら・ぱーす【居宅介護支援】北海道札幌市北区篠路町上篠路６番２８６", "url2": "https://www.kaigokensaku.mhlw.go.jp/01/index.php?action_kouhyou_detail_004_kani=true&JigyosyoCd=0170202337-00&ServiceCd=430&Type=search" }, "geometry": { "type": "Point", "coordinates": [ 141.382314100000031, 43.1303321 ] } },
{ "type": "Feature", "properties": { "内容": "ライブリーケア中銀あいの里【居宅介護支援】札幌市北区あいの里２条６丁目３", "url2": "https://www.kaigokensaku.mhlw.go.jp/01/index.php?action_kouhyou_detail_004_kani=true&JigyosyoCd=0170202949-00&ServiceCd=430&Type=search" }, "geometry": { "type": "Point", "coordinates": [ 141.402805, 43.1589052 ] } },
{ "type": "Feature", "properties": { "内容": "ケアプランセンター　菜のはな【居宅介護支援】北海道札幌市北区篠路３条７丁目１－４５堀尾ビル103", "url2": "https://www.kaigokensaku.mhlw.go.jp/01/index.php?action_kouhyou_detail_004_kani=true&JigyosyoCd=0170204309-00&ServiceCd=430&Type=search" }, "geometry": { "type": "Point", "coordinates": [ 141.364145931243939, 43.143429262357351 ] } },
{ "type": "Feature", "properties": { "内容": "トーアいこいの杜介護相談センター【居宅介護支援】札幌市北区北31条西4丁目3番18号", "url2": "https://www.kaigokensaku.mhlw.go.jp/01/index.php?action_kouhyou_detail_004_kani=true&JigyosyoCd=0170204721-00&ServiceCd=430&Type=search" }, "geometry": { "type": "Point", "coordinates": [ 141.341540942605633, 43.098377835975853 ] } },
{ "type": "Feature", "properties": { "内容": "さっぽろ居宅介護支援事業所【居宅介護支援】北海道札幌市北区屯田８条９丁目３－７ヴェラス・クオーレ札幌北　１Ｆ", "url2": "https://www.kaigokensaku.mhlw.go.jp/01/index.php?action_kouhyou_detail_004_kani=true&JigyosyoCd=0170204754-00&ServiceCd=430&Type=search" }, "geometry": { "type": "Point", "coordinates": [ 141.32388550628275, 43.141941993292754 ] } },
{ "type": "Feature", "properties": { "内容": "社会医療法人社団愛心館　相談センター「レイル」【居宅介護支援】北海道札幌市北区あいの里2条1丁目20-1", "url2": "https://www.kaigokensaku.mhlw.go.jp/01/index.php?action_kouhyou_detail_004_kani=true&JigyosyoCd=0170205413-00&ServiceCd=430&Type=search" }, "geometry": { "type": "Point", "coordinates": [ 141.385192700000061, 43.1595319 ] } },
{ "type": "Feature", "properties": { "内容": "ケアプランセンター「はじめ」【居宅介護支援】北海道札幌市北区北18条西3丁目2-26コノエビル702", "url2": "https://www.kaigokensaku.mhlw.go.jp/01/index.php?action_kouhyou_detail_004_kani=true&JigyosyoCd=0170205603-00&ServiceCd=430&Type=search" }, "geometry": { "type": "Point", "coordinates": [ 141.346963208452678, 43.082975441417197 ] } },
{ "type": "Feature", "properties": { "内容": "社会福祉法人　札幌市社会福祉協議会　北相談センター【居宅介護支援】北海道札幌市北区北４０条西４丁目2-7札幌Ｎ40ビル　５階", "url2": "https://www.kaigokensaku.mhlw.go.jp/01/index.php?action_kouhyou_detail_004_kani=true&JigyosyoCd=0170205728-00&ServiceCd=430&Type=search" }, "geometry": { "type": "Point", "coordinates": [ 141.338819253164729, 43.108105475041619 ] } },
{ "type": "Feature", "properties": { "内容": "居宅介護支援事業所ら・せれな【居宅介護支援】北海道札幌市北区百合が原3丁目１－１", "url2": "https://www.kaigokensaku.mhlw.go.jp/01/index.php?action_kouhyou_detail_004_kani=true&JigyosyoCd=0170205835-00&ServiceCd=430&Type=search" }, "geometry": { "type": "Point", "coordinates": [ 141.355212, 43.1250837 ] } },
{ "type": "Feature", "properties": { "内容": "ケアプランセンター幸寿【居宅介護支援】北海道札幌市北区新琴似8条13丁目3番11号", "url2": "https://www.kaigokensaku.mhlw.go.jp/01/index.php?action_kouhyou_detail_004_kani=true&JigyosyoCd=0170206825-00&ServiceCd=430&Type=search" }, "geometry": { "type": "Point", "coordinates": [ 141.314217659140809, 43.12279652830675 ] } },
{ "type": "Feature", "properties": { "内容": "イリーゼ新琴似居宅介護支援事業所【居宅介護支援】北海道札幌市北区新琴似４条1丁目1-45", "url2": "https://www.kaigokensaku.mhlw.go.jp/01/index.php?action_kouhyou_detail_004_kani=true&JigyosyoCd=0170207096-00&ServiceCd=430&Type=search" }, "geometry": { "type": "Point", "coordinates": [ 141.3304369, 43.1053093 ] } },
{ "type": "Feature", "properties": { "内容": "ケアプランセンター七色の風【居宅介護支援】北海道札幌市北区屯田9条9丁目5-15", "url2": "https://www.kaigokensaku.mhlw.go.jp/01/index.php?action_kouhyou_detail_004_kani=true&JigyosyoCd=0170207237-00&ServiceCd=430&Type=search" }, "geometry": { "type": "Point", "coordinates": [ 141.324451, 43.1438177 ] } },
{ "type": "Feature", "properties": { "内容": "いろは介護相談センター【居宅介護支援】北海道札幌市北区新琴似６条１４丁目８－１うけなビル３０１号", "url2": "https://www.kaigokensaku.mhlw.go.jp/01/index.php?action_kouhyou_detail_004_kani=true&JigyosyoCd=0170207286-00&ServiceCd=430&Type=search" }, "geometry": { "type": "Point", "coordinates": [ 141.311070800000039, 43.1202926 ] } },
{ "type": "Feature", "properties": { "内容": "北海道医療大学居宅介護支援事業所【居宅介護支援】北海道札幌市北区あいの里2条6丁目2番1号北海道医療大学地域包括ケアセンター内", "url2": "https://www.kaigokensaku.mhlw.go.jp/01/index.php?action_kouhyou_detail_004_kani=true&JigyosyoCd=0170207518-00&ServiceCd=430&Type=search" }, "geometry": { "type": "Point", "coordinates": [ 141.399787415869127, 43.15949547088384 ] } },
{ "type": "Feature", "properties": { "内容": "居宅介護支援事業所清明庵【居宅介護支援】北海道札幌市北区屯田９条３丁目３番３０号介護老人福祉施設　清明庵", "url2": "https://www.kaigokensaku.mhlw.go.jp/01/index.php?action_kouhyou_detail_004_kani=true&JigyosyoCd=0170207708-00&ServiceCd=430&Type=search" }, "geometry": { "type": "Point", "coordinates": [ 141.341258299999936, 43.1433709 ] } },
{ "type": "Feature", "properties": { "内容": "優翔館ケアプランセンター【居宅介護支援】札幌市北区東茨戸２条２丁目8番25号札幌優翔館病院", "url2": "https://www.kaigokensaku.mhlw.go.jp/01/index.php?action_kouhyou_detail_004_kani=true&JigyosyoCd=0170208318-00&ServiceCd=430&Type=search" }, "geometry": { "type": "Point", "coordinates": [ 141.35798920000002, 43.1647688 ] } },
{ "type": "Feature", "properties": { "内容": "社会医療法人　憲仁会　牧田病院　指定居宅介護支援事業所まきた【居宅介護支援】北海道札幌市北区新琴似2条2丁目4番3号", "url2": "https://www.kaigokensaku.mhlw.go.jp/01/index.php?action_kouhyou_detail_004_kani=true&JigyosyoCd=0170208342-00&ServiceCd=430&Type=search" }, "geometry": { "type": "Point", "coordinates": [ 141.326015200000029, 43.103315 ] } },
{ "type": "Feature", "properties": { "内容": "SOMPOケア　札幌北　居宅介護支援【居宅介護支援】北海道札幌市北区北20条西5丁目2番50号CROSSPOINT2階243号", "url2": "https://www.kaigokensaku.mhlw.go.jp/01/index.php?action_kouhyou_detail_004_kani=true&JigyosyoCd=0170208508-00&ServiceCd=430&Type=search" }, "geometry": { "type": "Point", "coordinates": [ 141.343892500000038, 43.0852538 ] } },
{ "type": "Feature", "properties": { "内容": "三草会相談センター篠路【居宅介護支援】北海道札幌市北区篠路1条2丁目1-7", "url2": "https://www.kaigokensaku.mhlw.go.jp/01/index.php?action_kouhyou_detail_004_kani=true&JigyosyoCd=0170208698-00&ServiceCd=430&Type=search" }, "geometry": { "type": "Point", "coordinates": [ 141.351623300000028, 43.1402279 ] } },
{ "type": "Feature", "properties": { "内容": "勤医協きた居宅介護支援事業所【居宅介護支援】北海道札幌市北区北３２条西８丁目１－１勤医協北在宅総合センター", "url2": "https://www.kaigokensaku.mhlw.go.jp/01/index.php?action_kouhyou_detail_004_kani=true&JigyosyoCd=0170208805-00&ServiceCd=430&Type=search" }, "geometry": { "type": "Point", "coordinates": [ 141.335824939227138, 43.098007144530605 ] } },
{ "type": "Feature", "properties": { "内容": "居宅介護支援事業所ジェイケア【居宅介護支援】北海道札幌市北区屯田7条12丁目3番7号", "url2": "https://www.kaigokensaku.mhlw.go.jp/01/index.php?action_kouhyou_detail_004_kani=true&JigyosyoCd=0170209027-00&ServiceCd=430&Type=search" }, "geometry": { "type": "Point", "coordinates": [ 141.3153585, 43.1392665 ] } },
{ "type": "Feature", "properties": { "内容": "ツクイ札幌屯田【居宅介護支援】北海道札幌市北区屯田九条7丁目2番15号", "url2": "https://www.kaigokensaku.mhlw.go.jp/01/index.php?action_kouhyou_detail_004_kani=true&JigyosyoCd=0170209126-00&ServiceCd=430&Type=search" }, "geometry": { "type": "Point", "coordinates": [ 141.329525100000012, 43.1426291 ] } },
{ "type": "Feature", "properties": { "内容": "居宅介護支援事業所　白ゆりあいの里【居宅介護支援】北海道札幌市北区あいの里3条８丁目14番1号", "url2": "https://www.kaigokensaku.mhlw.go.jp/01/index.php?action_kouhyou_detail_004_kani=true&JigyosyoCd=0170209175-00&ServiceCd=430&Type=search" }, "geometry": { "type": "Point", "coordinates": [ 141.411472, 43.1655238 ] } },
{ "type": "Feature", "properties": { "内容": "ケアプランセンターおんおくり【居宅介護支援】北海道札幌市北区北３５条西３丁目３番２３号ノール北３５条１０５号室", "url2": "https://www.kaigokensaku.mhlw.go.jp/01/index.php?action_kouhyou_detail_004_kani=true&JigyosyoCd=0170209225-00&ServiceCd=430&Type=search" }, "geometry": { "type": "Point", "coordinates": [ 141.3423019, 43.1027443 ] } },
{ "type": "Feature", "properties": { "内容": "ケアプランセンターADVANCE【居宅介護支援】北海道札幌市北区新琴似7条2丁目2番58号", "url2": "https://www.kaigokensaku.mhlw.go.jp/01/index.php?action_kouhyou_detail_004_kani=true&JigyosyoCd=0170209241-00&ServiceCd=430&Type=search" }, "geometry": { "type": "Point", "coordinates": [ 141.3314871, 43.1107966 ] } },
{ "type": "Feature", "properties": { "内容": "ケアプランセンター小石川【居宅介護支援】北海道札幌市北区北29条西4丁目2番1-207", "url2": "https://www.kaigokensaku.mhlw.go.jp/01/index.php?action_kouhyou_detail_004_kani=true&JigyosyoCd=0170203673-00&ServiceCd=430&Type=search" }, "geometry": { "type": "Point", "coordinates": [ 141.3416736805016, 43.096479506926791 ] } },
{ "type": "Feature", "properties": { "内容": "サニーライフ新琴似　居宅介護支援事業所【居宅介護支援】北海道札幌市北区新琴似2条1丁目1番54号サニーライフ新琴似", "url2": "https://www.kaigokensaku.mhlw.go.jp/01/index.php?action_kouhyou_detail_004_kani=true&JigyosyoCd=0170209837-00&ServiceCd=430&Type=search" }, "geometry": { "type": "Point", "coordinates": [ 141.3284803, 43.102487 ] } },
{ "type": "Feature", "properties": { "内容": "SOMPOケア北大前居宅介護支援【居宅介護支援】北海道札幌市北区北21条西5丁目2番1号ラヴィーレレジデンス北大前", "url2": "https://www.kaigokensaku.mhlw.go.jp/01/index.php?action_kouhyou_detail_004_kani=true&JigyosyoCd=0170209985-00&ServiceCd=430&Type=search" }, "geometry": { "type": "Point", "coordinates": [ 141.3435819, 43.0865797 ] } },
{ "type": "Feature", "properties": { "内容": "ななケアプラン相談所【居宅介護支援】北海道札幌市北区北22条西6丁目2番8号アルカーサル４　106号", "url2": "https://www.kaigokensaku.mhlw.go.jp/01/index.php?action_kouhyou_detail_004_kani=true&JigyosyoCd=0170208540-00&ServiceCd=430&Type=search" }, "geometry": { "type": "Point", "coordinates": [ 141.341324500524905, 43.087707387914328 ] } },
{ "type": "Feature", "properties": { "内容": "相談センター　ポルト【居宅介護支援】北海道札幌市北区新川５条１６丁目２－１", "url2": "https://www.kaigokensaku.mhlw.go.jp/01/index.php?action_kouhyou_detail_004_kani=true&JigyosyoCd=0170208672-00&ServiceCd=430&Type=search" }, "geometry": { "type": "Point", "coordinates": [ 141.297879920523201, 43.114601840869135 ] } },
{ "type": "Feature", "properties": { "内容": "介護相談センターポット東【居宅介護支援】札幌市北区北28条西12丁目4-13北28条ビル2階", "url2": "https://www.kaigokensaku.mhlw.go.jp/01/index.php?action_kouhyou_detail_004_kani=true&JigyosyoCd=0160290417-00&ServiceCd=430&Type=search" }, "geometry": { "type": "Point", "coordinates": [ 141.330259400000017, 43.096230899999981 ] } },
{ "type": "Feature", "properties": { "内容": "イリーゼ篠路居宅介護支援事業所【居宅介護支援】北海道札幌市北区篠路2条7丁目5番15号", "url2": "https://www.kaigokensaku.mhlw.go.jp/01/index.php?action_kouhyou_detail_004_kani=true&JigyosyoCd=0170206759-00&ServiceCd=430&Type=search" }, "geometry": { "type": "Point", "coordinates": [ 141.363828900000044, 43.142667191134286 ] } },
{ "type": "Feature", "properties": { "内容": "居宅介護支援事業所さいどｂｙさいど【居宅介護支援】北海道札幌市北区北１０条西４丁目１番地ＳＣビル２階", "url2": "https://www.kaigokensaku.mhlw.go.jp/01/index.php?action_kouhyou_detail_004_kani=true&JigyosyoCd=0170207369-00&ServiceCd=430&Type=search" }, "geometry": { "type": "Point", "coordinates": [ 141.348262838622958, 43.072817476083245 ] } },
{ "type": "Feature", "properties": { "内容": "ひまわりプラン【居宅介護支援】北海道札幌市北区新川西５条４丁目4-3", "url2": "https://www.kaigokensaku.mhlw.go.jp/01/index.php?action_kouhyou_detail_004_kani=true&JigyosyoCd=0170209746-00&ServiceCd=430&Type=search" }, "geometry": { "type": "Point", "coordinates": [ 141.282763500000016, 43.1293594 ] } },
{ "type": "Feature", "properties": { "内容": "ケアプランセンターねがい【居宅介護支援】札幌市北区新川4条19丁目3番11号", "url2": "https://www.kaigokensaku.mhlw.go.jp/01/index.php?action_kouhyou_detail_004_kani=true&JigyosyoCd=0170208433-00&ServiceCd=430&Type=search" }, "geometry": { "type": "Point", "coordinates": [ 141.2910678, 43.1175157 ] } },
{ "type": "Feature", "properties": { "内容": "在宅サッポロ介護支援センター【居宅介護支援】北海道札幌市北区北37条西3丁目2-17石川マンション208号室", "url2": "https://www.kaigokensaku.mhlw.go.jp/01/index.php?action_kouhyou_detail_004_kani=true&JigyosyoCd=0170209340-00&ServiceCd=430&Type=search" }, "geometry": { "type": "Point", "coordinates": [ 141.3411511, 43.104976 ] } },
{ "type": "Feature", "properties": { "内容": "ウェルスタイル拓北居宅介護支援事業所【居宅介護支援】札幌市北区拓北８条３丁目２番１号トートイス拓北１階", "url2": "https://www.kaigokensaku.mhlw.go.jp/01/index.php?action_kouhyou_detail_004_kani=true&JigyosyoCd=0170205744-00&ServiceCd=430&Type=search" }, "geometry": { "type": "Point", "coordinates": [ 141.381020900000067, 43.159279 ] } },
{ "type": "Feature", "properties": { "内容": "ケアプランセンター花鈴【居宅介護支援】新琴似１０条１７丁目１番１号和巧ビル２階", "url2": "https://www.kaigokensaku.mhlw.go.jp/01/index.php?action_kouhyou_detail_004_kani=true&JigyosyoCd=0170208987-00&ServiceCd=430&Type=search" }, "geometry": { "type": "Point", "coordinates": [ 141.309961261971296, 43.129380535995878 ] } },
{ "type": "Feature", "properties": { "内容": "介護相談センターらくら【居宅介護支援】札幌市北区新川2条6丁目5番1号サービス高齢者住宅らくら新川内", "url2": "https://www.kaigokensaku.mhlw.go.jp/01/index.php?action_kouhyou_detail_004_kani=true&JigyosyoCd=0170208466-00&ServiceCd=430&Type=search" }, "geometry": { "type": "Point", "coordinates": [ 141.312611, 43.1013868 ] } },
{ "type": "Feature", "properties": { "内容": "TimeCare【居宅介護支援】北海道札幌市北区太平5条5丁目3番18号", "url2": "https://www.kaigokensaku.mhlw.go.jp/01/index.php?action_kouhyou_detail_004_kani=true&JigyosyoCd=0170209910-00&ServiceCd=430&Type=search" }, "geometry": { "type": "Point", "coordinates": [ 141.3538471, 43.128035 ] } },
{ "type": "Feature", "properties": { "内容": "居宅介護支援事業所芝さくら【居宅介護支援】札幌市北区屯田４条３丁目１３ー２", "url2": "https://www.kaigokensaku.mhlw.go.jp/01/index.php?action_kouhyou_detail_004_kani=true&JigyosyoCd=0170405179-00&ServiceCd=430&Type=search" }, "geometry": { "type": "Point", "coordinates": [ 141.3395978, 43.128381 ] } },
{ "type": "Feature", "properties": { "内容": "居宅介護支援事業所チャレンジ【居宅介護支援】札幌市北区屯田５条６丁目２番１２号JA屯田ビル２階", "url2": "https://www.kaigokensaku.mhlw.go.jp/01/index.php?action_kouhyou_detail_004_kani=true&JigyosyoCd=0170210082-00&ServiceCd=430&Type=search" }, "geometry": { "type": "Point", "coordinates": [ 141.3296592, 43.1312567 ] } },
{ "type": "Feature", "properties": { "内容": "ケアプランサービスさつなえ【居宅介護支援】北海道札幌市東区東苗穂７条２丁目８番２０号", "url2": "https://www.kaigokensaku.mhlw.go.jp/01/index.php?action_kouhyou_detail_004_kani=true&JigyosyoCd=0110214350-00&ServiceCd=430&Type=search" }, "geometry": { "type": "Point", "coordinates": [ 141.412755299999958, 43.0948381 ] } },
{ "type": "Feature", "properties": { "内容": "ケアセンターあかり【居宅介護支援】東苗穂9条1丁目7番5号", "url2": "https://www.kaigokensaku.mhlw.go.jp/01/index.php?action_kouhyou_detail_004_kani=true&JigyosyoCd=0170209464-00&ServiceCd=430&Type=search" }, "geometry": { "type": "Point", "coordinates": [ 141.409384100000011, 43.1010124 ] } },
{ "type": "Feature", "properties": { "内容": "居宅介護支援事業所　カレス介護相談センター【居宅介護支援】札幌市東区北12条東4丁目1‐1", "url2": "https://www.kaigokensaku.mhlw.go.jp/01/index.php?action_kouhyou_detail_004_kani=true&JigyosyoCd=0160190153-00&ServiceCd=430&Type=search" }, "geometry": { "type": "Point", "coordinates": [ 141.358441071422021, 43.076557835020417 ] } },
{ "type": "Feature", "properties": { "内容": "大友恵愛園居宅介護支援事業所【居宅介護支援】札幌市東区北１７条東５丁目２番５号", "url2": "https://www.kaigokensaku.mhlw.go.jp/01/index.php?action_kouhyou_detail_004_kani=true&JigyosyoCd=0170200141-00&ServiceCd=430&Type=search" }, "geometry": { "type": "Point", "coordinates": [ 141.359266400000024, 43.0829268 ] } },
{ "type": "Feature", "properties": { "内容": "居宅介護支援事業所フローラルさつなえ【居宅介護支援】北海道札幌市東区東苗穂1条3丁目2番16号", "url2": "https://www.kaigokensaku.mhlw.go.jp/01/index.php?action_kouhyou_detail_004_kani=true&JigyosyoCd=0170200281-00&ServiceCd=430&Type=search" }, "geometry": { "type": "Point", "coordinates": [ 141.4014909, 43.0786314 ] } },
{ "type": "Feature", "properties": { "内容": "社会医療法人社団三草会　指定居宅介護支援事業所モエレ・ケアマネセンター【居宅介護支援】北海道札幌市東区中沼町105-43", "url2": "https://www.kaigokensaku.mhlw.go.jp/01/index.php?action_kouhyou_detail_004_kani=true&JigyosyoCd=0170200471-00&ServiceCd=430&Type=search" }, "geometry": { "type": "Point", "coordinates": [ 141.421330200000057, 43.1287982 ] } },
{ "type": "Feature", "properties": { "内容": "居宅介護支援センター　ウィズ東苗穂【居宅介護支援】北海道札幌市東区東苗穂町1089番1", "url2": "https://www.kaigokensaku.mhlw.go.jp/01/index.php?action_kouhyou_detail_004_kani=true&JigyosyoCd=0170200547-00&ServiceCd=430&Type=search" }, "geometry": { "type": "Point", "coordinates": [ 141.409943800000065, 43.1041258 ] } },
{ "type": "Feature", "properties": { "内容": "ツルハ居宅介護支援事業所【居宅介護支援】札幌市東区北23条東16丁目1-11", "url2": "https://www.kaigokensaku.mhlw.go.jp/01/index.php?action_kouhyou_detail_004_kani=true&JigyosyoCd=0170200703-00&ServiceCd=430&Type=search" }, "geometry": { "type": "Point", "coordinates": [ 141.372175700000071, 43.0934259 ] } },
{ "type": "Feature", "properties": { "内容": "居宅介護支援事業所禎心会東【居宅介護支援】札幌市東区北45条東9丁目2番7号禎心会東センター", "url2": "https://www.kaigokensaku.mhlw.go.jp/01/index.php?action_kouhyou_detail_004_kani=true&JigyosyoCd=0170201438-00&ServiceCd=430&Type=search" }, "geometry": { "type": "Point", "coordinates": [ 141.356749384655842, 43.116289000000506 ] } },
{ "type": "Feature", "properties": { "内容": "ハートさっぽろケアプランセンター【居宅介護支援】札幌市東区北11条東3丁目1番10号", "url2": "https://www.kaigokensaku.mhlw.go.jp/01/index.php?action_kouhyou_detail_004_kani=true&JigyosyoCd=0170202295-00&ServiceCd=430&Type=search" }, "geometry": { "type": "Point", "coordinates": [ 141.357460861376893, 43.075236477220948 ] } },
{ "type": "Feature", "properties": { "内容": "ほっとの木ケアセンター【居宅介護支援】札幌市東区北25条東19丁目2-14", "url2": "https://www.kaigokensaku.mhlw.go.jp/01/index.php?action_kouhyou_detail_004_kani=true&JigyosyoCd=0170202519-00&ServiceCd=430&Type=search" }, "geometry": { "type": "Point", "coordinates": [ 141.378958300000022, 43.0966674 ] } },
{ "type": "Feature", "properties": { "内容": "すまいる東苗穂【居宅介護支援】北海道札幌市東区東苗穂三条１丁目２番９６号", "url2": "https://www.kaigokensaku.mhlw.go.jp/01/index.php?action_kouhyou_detail_004_kani=true&JigyosyoCd=0170203558-00&ServiceCd=430&Type=search" }, "geometry": { "type": "Point", "coordinates": [ 141.39891, 43.0867609 ] } },
{ "type": "Feature", "properties": { "内容": "愛ケアプランセンター【居宅介護支援】札幌市東区北32条東17丁目１－２０", "url2": "https://www.kaigokensaku.mhlw.go.jp/01/index.php?action_kouhyou_detail_004_kani=true&JigyosyoCd=0170203806-00&ServiceCd=430&Type=search" }, "geometry": { "type": "Point", "coordinates": [ 141.371798228836042, 43.102805757040194 ] } },
{ "type": "Feature", "properties": { "内容": "ケアプラン　Nonno【居宅介護支援】北海道札幌市東区北１６条東５丁目1－1", "url2": "https://www.kaigokensaku.mhlw.go.jp/01/index.php?action_kouhyou_detail_004_kani=true&JigyosyoCd=0170204291-00&ServiceCd=430&Type=search" }, "geometry": { "type": "Point", "coordinates": [ 141.358879254631034, 43.081148320822017 ] } },
{ "type": "Feature", "properties": { "内容": "居宅介護支援事業所栄町【居宅介護支援】札幌市東区北４７条東１７丁目１番１号", "url2": "https://www.kaigokensaku.mhlw.go.jp/01/index.php?action_kouhyou_detail_004_kani=true&JigyosyoCd=0170204366-00&ServiceCd=430&Type=search" }, "geometry": { "type": "Point", "coordinates": [ 141.367374499999983, 43.1194138 ] } },
{ "type": "Feature", "properties": { "内容": "居宅介護支援事業所　パワフルひまわり【居宅介護支援】札幌市東区伏古6条4丁目1番18号", "url2": "https://www.kaigokensaku.mhlw.go.jp/01/index.php?action_kouhyou_detail_004_kani=true&JigyosyoCd=0170204481-00&ServiceCd=430&Type=search" }, "geometry": { "type": "Point", "coordinates": [ 141.358727700000031, 43.0793911 ] } },
{ "type": "Feature", "properties": { "内容": "指定居宅介護支援事業所フォルテシモ【居宅介護支援】札幌市東区東苗穂９条３丁目１－３０つどえーる２階", "url2": "https://www.kaigokensaku.mhlw.go.jp/01/index.php?action_kouhyou_detail_004_kani=true&JigyosyoCd=0170205041-00&ServiceCd=430&Type=search" }, "geometry": { "type": "Point", "coordinates": [ 141.416983372491387, 43.097437915524381 ] } },
{ "type": "Feature", "properties": { "内容": "社会福祉法人札幌市社会福祉協議会東相談センター【居宅介護支援】北海道札幌市東区北22条東16丁目1-3", "url2": "https://www.kaigokensaku.mhlw.go.jp/01/index.php?action_kouhyou_detail_004_kani=true&JigyosyoCd=0170205736-00&ServiceCd=430&Type=search" }, "geometry": { "type": "Point", "coordinates": [ 141.372650302655103, 43.091351665103083 ] } },
{ "type": "Feature", "properties": { "内容": "居宅介護支援事業所キオン【居宅介護支援】北海道札幌市東区東雁来10条4丁目15-12", "url2": "https://www.kaigokensaku.mhlw.go.jp/01/index.php?action_kouhyou_detail_004_kani=true&JigyosyoCd=0170205850-00&ServiceCd=430&Type=search" }, "geometry": { "type": "Point", "coordinates": [ 141.434761400000014, 43.0951097 ] } },
{ "type": "Feature", "properties": { "内容": "社会医療法人社団三草会　指定居宅介護支援事業所　クラーク在宅支援相談センター【居宅介護支援】北海道札幌市東区本町2条4丁目8-20クラーク病院内", "url2": "https://www.kaigokensaku.mhlw.go.jp/01/index.php?action_kouhyou_detail_004_kani=true&JigyosyoCd=0170206544-00&ServiceCd=430&Type=search" }, "geometry": { "type": "Point", "coordinates": [ 141.389524553967277, 43.079968882027778 ] } },
{ "type": "Feature", "properties": { "内容": "ケアプランセンターライフ新道東【居宅介護支援】北海道札幌市東区北３４条東２１丁目１番７号", "url2": "https://www.kaigokensaku.mhlw.go.jp/01/index.php?action_kouhyou_detail_004_kani=true&JigyosyoCd=0170206957-00&ServiceCd=430&Type=search" }, "geometry": { "type": "Point", "coordinates": [ 141.3787744, 43.103847 ] } },
{ "type": "Feature", "properties": { "内容": "介護相談センターはるかぜ【居宅介護支援】北海道札幌市東区東雁来9条２丁目2番6号", "url2": "https://www.kaigokensaku.mhlw.go.jp/01/index.php?action_kouhyou_detail_004_kani=true&JigyosyoCd=0170207195-00&ServiceCd=430&Type=search" }, "geometry": { "type": "Point", "coordinates": [ 141.423375194783347, 43.095627062118552 ] } },
{ "type": "Feature", "properties": { "内容": "ＳＯＭＰＯケア　札幌東豊　居宅介護支援【居宅介護支援】北海道札幌市東区北23条東12丁目1番17号サツキビル3階", "url2": "https://www.kaigokensaku.mhlw.go.jp/01/index.php?action_kouhyou_detail_004_kani=true&JigyosyoCd=0170208516-00&ServiceCd=430&Type=search" }, "geometry": { "type": "Point", "coordinates": [ 141.3587096, 43.10198 ] } },
{ "type": "Feature", "properties": { "内容": "ケアプランセンターブルースターEAST【居宅介護支援】札幌市東区北３４条東２４丁目２番１号", "url2": "https://www.kaigokensaku.mhlw.go.jp/01/index.php?action_kouhyou_detail_004_kani=true&JigyosyoCd=0170208722-00&ServiceCd=430&Type=search" }, "geometry": { "type": "Point", "coordinates": [ 141.382392777246082, 43.102949715048943 ] } },
{ "type": "Feature", "properties": { "内容": "勤医協丘珠居宅介護支援事業所【居宅介護支援】北海道札幌市東区北35条東27丁目3番18号", "url2": "https://www.kaigokensaku.mhlw.go.jp/01/index.php?action_kouhyou_detail_004_kani=true&JigyosyoCd=0170208813-00&ServiceCd=430&Type=search" }, "geometry": { "type": "Point", "coordinates": [ 141.388992, 43.101834099999984 ] } },
{ "type": "Feature", "properties": { "内容": "勤医協　ケアプランセンターみどり【居宅介護支援】北海道札幌市東区東苗穂５条１丁目１１-１", "url2": "https://www.kaigokensaku.mhlw.go.jp/01/index.php?action_kouhyou_detail_004_kani=true&JigyosyoCd=0170208821-00&ServiceCd=430&Type=search" }, "geometry": { "type": "Point", "coordinates": [ 141.403419299999968, 43.0904307 ] } },
{ "type": "Feature", "properties": { "内容": "サニーライフ苗穂　居宅介護支援事業所【居宅介護支援】北海道札幌市東区本町2条7丁目6-32有料老人ホーム　サニーライフ苗穂", "url2": "https://www.kaigokensaku.mhlw.go.jp/01/index.php?action_kouhyou_detail_004_kani=true&JigyosyoCd=0170208888-00&ServiceCd=430&Type=search" }, "geometry": { "type": "Point", "coordinates": [ 141.3947621, 43.0778789 ] } },
{ "type": "Feature", "properties": { "内容": "ケアプランセンターオネスト【居宅介護支援】札幌市東区北44条東8丁目1番21号", "url2": "https://www.kaigokensaku.mhlw.go.jp/01/index.php?action_kouhyou_detail_004_kani=true&JigyosyoCd=0170209548-00&ServiceCd=430&Type=search" }, "geometry": { "type": "Point", "coordinates": [ 141.3563686, 43.1150569 ] } },
{ "type": "Feature", "properties": { "内容": "ホームケアサポート紡【居宅介護支援】北海道札幌市東区北三十五条東２２丁目３番２６号", "url2": "https://www.kaigokensaku.mhlw.go.jp/01/index.php?action_kouhyou_detail_004_kani=true&JigyosyoCd=0170209571-00&ServiceCd=430&Type=search" }, "geometry": { "type": "Point", "coordinates": [ 141.381170935581963, 43.106069665086189 ] } },
{ "type": "Feature", "properties": { "内容": "指定居宅介護支援事業所　蒼生会栄町デイセンター【居宅介護支援】北海道札幌市東区北46条東16丁目1-18栄町デイセンター", "url2": "https://www.kaigokensaku.mhlw.go.jp/01/index.php?action_kouhyou_detail_004_kani=true&JigyosyoCd=0170209654-00&ServiceCd=430&Type=search" }, "geometry": { "type": "Point", "coordinates": [ 141.3666495, 43.1185931 ] } },
{ "type": "Feature", "properties": { "内容": "社会医療法人豊生会「ひまわりネットワーク」【居宅介護支援】北海道札幌市東区東苗穂９条３丁目１番３３号地域よりあい相談プラザ　みなえーる", "url2": "https://www.kaigokensaku.mhlw.go.jp/01/index.php?action_kouhyou_detail_004_kani=true&JigyosyoCd=0170203053-00&ServiceCd=430&Type=search" }, "geometry": { "type": "Point", "coordinates": [ 141.416924747136676, 43.097094223313007 ] } },
{ "type": "Feature", "properties": { "内容": "ツクイ札幌東【居宅介護支援】北海道札幌市東区北24条東21丁目7-22", "url2": "https://www.kaigokensaku.mhlw.go.jp/01/index.php?action_kouhyou_detail_004_kani=true&JigyosyoCd=0170209134-00&ServiceCd=430&Type=search" }, "geometry": { "type": "Point", "coordinates": [ 141.385783800000013, 43.0954519 ] } },
{ "type": "Feature", "properties": { "内容": "ケアプラン相談センター健康会【居宅介護支援】北海道札幌市東区丘珠町167-13", "url2": "https://www.kaigokensaku.mhlw.go.jp/01/index.php?action_kouhyou_detail_004_kani=true&JigyosyoCd=0170209555-00&ServiceCd=430&Type=search" }, "geometry": { "type": "Point", "coordinates": [ 141.384472134918212, 43.107418779260769 ] } },
{ "type": "Feature", "properties": { "内容": "プランタン札幌北居宅介護支援事業所【居宅介護支援】北海道札幌市東区北33条東6丁目2‐26サンタウンビル2F　A号室", "url2": "https://www.kaigokensaku.mhlw.go.jp/01/index.php?action_kouhyou_detail_004_kani=true&JigyosyoCd=0170209233-00&ServiceCd=430&Type=search" }, "geometry": { "type": "Point", "coordinates": [ 141.356040800000017, 43.1023711 ] } },
{ "type": "Feature", "properties": { "内容": "居宅介護支援事業所　クローバー【居宅介護支援】北海道札幌市東区北11条東11丁目1-6コミュニティプラザピープル11-302", "url2": "https://www.kaigokensaku.mhlw.go.jp/01/index.php?action_kouhyou_detail_004_kani=true&JigyosyoCd=0170209704-00&ServiceCd=430&Type=search" }, "geometry": { "type": "Point", "coordinates": [ 141.3693917, 43.0771243 ] } },
{ "type": "Feature", "properties": { "内容": "福祉生協イリスケアプランセンター【居宅介護支援】札幌市東区北5条東8丁目4番1号", "url2": "https://www.kaigokensaku.mhlw.go.jp/01/index.php?action_kouhyou_detail_004_kani=true&JigyosyoCd=0170508121-00&ServiceCd=430&Type=search" }, "geometry": { "type": "Point", "coordinates": [ 141.369485565791678, 43.068989546723962 ] } },
{ "type": "Feature", "properties": { "内容": "居宅介護支援事業所ホームケアサプライ【居宅介護支援】札幌市東区北49条東5丁目1番17号", "url2": "https://www.kaigokensaku.mhlw.go.jp/01/index.php?action_kouhyou_detail_004_kani=true&JigyosyoCd=0170201461-00&ServiceCd=430&Type=search" }, "geometry": { "type": "Point", "coordinates": [ 141.350367600000027, 43.1196772 ] } },
{ "type": "Feature", "properties": { "内容": "介護老人保健施設徳洲苑なえぼ介護センター【居宅介護支援】札幌市東区北７条東18丁目１０５－２３介護老人保健施設　徳洲苑なえぼ", "url2": "https://www.kaigokensaku.mhlw.go.jp/01/index.php?action_kouhyou_detail_004_kani=true&JigyosyoCd=0150280089-00&ServiceCd=430&Type=search" }, "geometry": { "type": "Point", "coordinates": [ 141.3814655, 43.0742202 ] } },
{ "type": "Feature", "properties": { "内容": "あいプロデュース24【居宅介護支援】北海道札幌市東区北24条東1丁目3-7ケアメゾン24", "url2": "https://www.kaigokensaku.mhlw.go.jp/01/index.php?action_kouhyou_detail_004_kani=true&JigyosyoCd=0170209878-00&ServiceCd=430&Type=search" }, "geometry": { "type": "Point", "coordinates": [ 141.3501503, 43.0917271 ] } },
{ "type": "Feature", "properties": { "内容": "居宅介護支援事業所ら・かるま【居宅介護支援】札幌市東区北47条東16丁目1番5号社会医療法人禎心会サービス付き高齢者向け住宅ら・かるま", "url2": "https://www.kaigokensaku.mhlw.go.jp/01/index.php?action_kouhyou_detail_004_kani=true&JigyosyoCd=0170207591-00&ServiceCd=430&Type=search" }, "geometry": { "type": "Point", "coordinates": [ 141.366138799999987, 43.1194468 ] } },
{ "type": "Feature", "properties": { "内容": "指定居宅介護支援事業所健寿の里【居宅介護支援】北海道札幌市東区北26条東8丁目4-1", "url2": "https://www.kaigokensaku.mhlw.go.jp/01/index.php?action_kouhyou_detail_004_kani=true&JigyosyoCd=0170204119-00&ServiceCd=430&Type=search" }, "geometry": { "type": "Point", "coordinates": [ 141.3613848, 43.0952309 ] } },
{ "type": "Feature", "properties": { "内容": "あい・Rケアプランセンター【居宅介護支援】北海道札幌市東区北42条東1丁目3-5コンパートメントノースワン306号", "url2": "https://www.kaigokensaku.mhlw.go.jp/01/index.php?action_kouhyou_detail_004_kani=true&JigyosyoCd=0170405534-00&ServiceCd=430&Type=search" }, "geometry": { "type": "Point", "coordinates": [ 141.3453905, 43.1105171 ] } },
{ "type": "Feature", "properties": { "内容": "あいりすケアプランセンター【居宅介護支援】札幌市東区北45条東8丁目3-8GRADEA　1F", "url2": "https://www.kaigokensaku.mhlw.go.jp/01/index.php?action_kouhyou_detail_004_kani=true&JigyosyoCd=0170205066-00&ServiceCd=430&Type=search" }, "geometry": { "type": "Point", "coordinates": [ 141.355606, 43.1160644 ] } },
{ "type": "Feature", "properties": { "内容": "エンパイアー居宅介護支援事業所【居宅介護支援】札幌市東区東苗穂5条2丁目7番14号539ビル", "url2": "https://www.kaigokensaku.mhlw.go.jp/01/index.php?action_kouhyou_detail_004_kani=true&JigyosyoCd=0170206742-00&ServiceCd=430&Type=search" }, "geometry": { "type": "Point", "coordinates": [ 141.408944900000051, 43.0899052 ] } },
{ "type": "Feature", "properties": { "内容": "ケアプランセンターほほえみ【居宅介護支援】北海道札幌市東区北17条東15丁目4番20号リベル元町208", "url2": "https://www.kaigokensaku.mhlw.go.jp/01/index.php?action_kouhyou_detail_004_kani=true&JigyosyoCd=0170207120-00&ServiceCd=430&Type=search" }, "geometry": { "type": "Point", "coordinates": [ 141.373577627519353, 43.085100394275962 ] } },
{ "type": "Feature", "properties": { "内容": "居宅介護支援事業所こもんず【居宅介護支援】北海道札幌市東区東苗穂７条３丁目１－５札苗プラザビル２階", "url2": "https://www.kaigokensaku.mhlw.go.jp/01/index.php?action_kouhyou_detail_004_kani=true&JigyosyoCd=0170207658-00&ServiceCd=430&Type=search" }, "geometry": { "type": "Point", "coordinates": [ 141.412211, 43.0932883 ] } },
{ "type": "Feature", "properties": { "内容": "ねこのて相談センター【居宅介護支援】札幌市東区東苗穂14条3丁目24-8", "url2": "https://www.kaigokensaku.mhlw.go.jp/01/index.php?action_kouhyou_detail_004_kani=true&JigyosyoCd=0170209969-00&ServiceCd=430&Type=search" }, "geometry": { "type": "Point", "coordinates": [ 141.4262535, 43.1096518 ] } },
{ "type": "Feature", "properties": { "内容": "ﾗｲﾌﾞﾗﾘ札幌居宅介護支援事業所【居宅介護支援】北海道札幌市東区北23条東17丁目1-10ﾗｲﾌﾞﾗﾘ元町", "url2": "https://www.kaigokensaku.mhlw.go.jp/01/index.php?action_kouhyou_detail_004_kani=true&JigyosyoCd=0170209084-00&ServiceCd=430&Type=search" }, "geometry": { "type": "Point", "coordinates": [ 141.374767100000014, 43.0931975 ] } },
{ "type": "Feature", "properties": { "内容": "オレンジハート【居宅介護支援】北海道札幌市東区北36条東22丁目3-7", "url2": "https://www.kaigokensaku.mhlw.go.jp/01/index.php?action_kouhyou_detail_004_kani=true&JigyosyoCd=0170210033-00&ServiceCd=430&Type=search" }, "geometry": { "type": "Point", "coordinates": [ 141.3820236, 43.1075977 ] } },
{ "type": "Feature", "properties": { "内容": "あいケアプランセンター【居宅介護支援】北海道札幌市東区北10条東5丁目1番20-103号ダイアパレス北10条Ⅱ", "url2": "https://www.kaigokensaku.mhlw.go.jp/01/index.php?action_kouhyou_detail_004_kani=true&JigyosyoCd=0170207955-00&ServiceCd=430&Type=search" }, "geometry": { "type": "Point", "coordinates": [ 141.361000099999956, 43.0745834 ] } },
{ "type": "Feature", "properties": { "内容": "居宅介護支援事業所スマイルート【居宅介護支援】札幌市東区北31条東1丁目1－1　スマイルホーム北31条2階高齢者向けマンション　スマイルホーム北31条2階", "url2": "https://www.kaigokensaku.mhlw.go.jp/01/index.php?action_kouhyou_detail_004_kani=true&JigyosyoCd=0170210124-00&ServiceCd=430&Type=search" }, "geometry": { "type": "Point", "coordinates": [ 141.346153500000014, 43.0982261 ] } },
{ "type": "Feature", "properties": { "内容": "ケアプランセンターらくだ【居宅介護支援】北海道札幌市白石区菊水元町３条２丁目３番１２号", "url2": "https://www.kaigokensaku.mhlw.go.jp/01/index.php?action_kouhyou_detail_004_kani=true&JigyosyoCd=0170510192-00&ServiceCd=430&Type=search" }, "geometry": { "type": "Point", "coordinates": [ 141.402905499999946, 43.0678049 ] } },
{ "type": "Feature", "properties": { "内容": "きさく苑ケアセンター【居宅介護支援】北海道札幌市白石区川下2128-2", "url2": "https://www.kaigokensaku.mhlw.go.jp/01/index.php?action_kouhyou_detail_004_kani=true&JigyosyoCd=0170511612-00&ServiceCd=430&Type=search" }, "geometry": { "type": "Point", "coordinates": [ 141.446881766784571, 43.077667705093866 ] } },
{ "type": "Feature", "properties": { "内容": "介護の相談窓口　しろいし【居宅介護支援】北海道札幌市白石区本通14丁目南5番25号サービス付き高齢者向け住宅　モーニング１階", "url2": "https://www.kaigokensaku.mhlw.go.jp/01/index.php?action_kouhyou_detail_004_kani=true&JigyosyoCd=0170514483-00&ServiceCd=430&Type=search" }, "geometry": { "type": "Point", "coordinates": [ 141.429211, 43.0378116 ] } },
{ "type": "Feature", "properties": { "内容": "指定居宅介護支援事業所東札幌【居宅介護支援】札幌市白石区東札幌３条３丁目７番３５号東札幌病院内", "url2": "https://www.kaigokensaku.mhlw.go.jp/01/index.php?action_kouhyou_detail_004_kani=true&JigyosyoCd=0110317286-00&ServiceCd=430&Type=search" }, "geometry": { "type": "Point", "coordinates": [ 141.387643900000057, 43.0506893 ] } },
{ "type": "Feature", "properties": { "内容": "居宅介護支援事業所　優ぷらす【居宅介護支援】北海道札幌市白石区本通13丁目南7-9", "url2": "https://www.kaigokensaku.mhlw.go.jp/01/index.php?action_kouhyou_detail_004_kani=true&JigyosyoCd=0170514996-00&ServiceCd=430&Type=search" }, "geometry": { "type": "Point", "coordinates": [ 141.4259475, 43.0391781 ] } },
{ "type": "Feature", "properties": { "内容": "居宅支援事業所カトレア【居宅介護支援】北海道札幌市白石区東札幌５条６丁目４番８号リバー・ストーリーA棟１０２号", "url2": "https://www.kaigokensaku.mhlw.go.jp/01/index.php?action_kouhyou_detail_004_kani=true&JigyosyoCd=0170514574-00&ServiceCd=430&Type=search" }, "geometry": { "type": "Point", "coordinates": [ 141.397824500000013, 43.0488004 ] } },
{ "type": "Feature", "properties": { "内容": "学研ココファン東札幌ケアプランセンター【居宅介護支援】札幌市白石区東札幌4条3丁目1-36学研ココファン東札幌", "url2": "https://www.kaigokensaku.mhlw.go.jp/01/index.php?action_kouhyou_detail_004_kani=true&JigyosyoCd=0170514871-00&ServiceCd=430&Type=search" }, "geometry": { "type": "Point", "coordinates": [ 141.388733800000011, 43.0518851 ] } },
{ "type": "Feature", "properties": { "内容": "介護相談よっこいしょ【居宅介護支援】北海道札幌市白石区栄通６丁目１４－１", "url2": "https://www.kaigokensaku.mhlw.go.jp/01/index.php?action_kouhyou_detail_004_kani=true&JigyosyoCd=0170513600-00&ServiceCd=430&Type=search" }, "geometry": { "type": "Point", "coordinates": [ 141.407445599999988, 43.038677899999982 ] } },
{ "type": "Feature", "properties": { "内容": "居宅介護支援事業所シュエット【居宅介護支援】北海道札幌市白石区栄通18丁目5-45ライブビル3階", "url2": "https://www.kaigokensaku.mhlw.go.jp/01/index.php?action_kouhyou_detail_004_kani=true&JigyosyoCd=0170513923-00&ServiceCd=430&Type=search" }, "geometry": { "type": "Point", "coordinates": [ 141.4343249, 43.0272044 ] } },
{ "type": "Feature", "properties": { "内容": "ＳＯＭＰＯケア　札幌川下　居宅介護支援【居宅介護支援】北海道札幌市白石区川下3条6丁目6－1", "url2": "https://www.kaigokensaku.mhlw.go.jp/01/index.php?action_kouhyou_detail_004_kani=true&JigyosyoCd=0170513253-00&ServiceCd=430&Type=search" }, "geometry": { "type": "Point", "coordinates": [ 141.448452, 43.0496722 ] } },
{ "type": "Feature", "properties": { "内容": "ケアプランセンター啓愛【居宅介護支援】北海道札幌市白石区中央二条7丁目１－１２", "url2": "https://www.kaigokensaku.mhlw.go.jp/01/index.php?action_kouhyou_detail_004_kani=true&JigyosyoCd=0170512883-00&ServiceCd=430&Type=search" }, "geometry": { "type": "Point", "coordinates": [ 141.403125499999987, 43.0541145 ] } },
{ "type": "Feature", "properties": { "内容": "シオンケアプランセンター【居宅介護支援】北海道札幌市白石区北郷1条12丁目6番15号", "url2": "https://www.kaigokensaku.mhlw.go.jp/01/index.php?action_kouhyou_detail_004_kani=true&JigyosyoCd=0170512636-00&ServiceCd=430&Type=search" }, "geometry": { "type": "Point", "coordinates": [ 141.437636904229748, 43.047425282597615 ] } },
{ "type": "Feature", "properties": { "内容": "イリーゼ東札幌居宅介護支援事業所【居宅介護支援】北海道札幌市白石区菊水9条4丁目2-8", "url2": "https://www.kaigokensaku.mhlw.go.jp/01/index.php?action_kouhyou_detail_004_kani=true&JigyosyoCd=0170512420-00&ServiceCd=430&Type=search" }, "geometry": { "type": "Point", "coordinates": [ 141.386965209022009, 43.058959126944082 ] } },
{ "type": "Feature", "properties": { "内容": "ごう内科居宅介護支援事業所【居宅介護支援】北海道札幌市白石区栄通21丁目1-16", "url2": "https://www.kaigokensaku.mhlw.go.jp/01/index.php?action_kouhyou_detail_004_kani=true&JigyosyoCd=0170511844-00&ServiceCd=430&Type=search" }, "geometry": { "type": "Point", "coordinates": [ 141.440325, 43.0236906 ] } },
{ "type": "Feature", "properties": { "内容": "社会医療法人医翔会　居宅介護支援事業所【居宅介護支援】北海道札幌市白石区本通８丁目南１番１０号", "url2": "https://www.kaigokensaku.mhlw.go.jp/01/index.php?action_kouhyou_detail_004_kani=true&JigyosyoCd=0170511661-00&ServiceCd=430&Type=search" }, "geometry": { "type": "Point", "coordinates": [ 141.416595700000016, 43.0432251 ] } },
{ "type": "Feature", "properties": { "内容": "勤医協柏ケ丘居宅介護支援事業所【居宅介護支援】北海道札幌市白石区本通7丁目北2番16号", "url2": "https://www.kaigokensaku.mhlw.go.jp/01/index.php?action_kouhyou_detail_004_kani=true&JigyosyoCd=0170510895-00&ServiceCd=430&Type=search" }, "geometry": { "type": "Point", "coordinates": [ 141.416757800000028, 43.046485 ] } },
{ "type": "Feature", "properties": { "内容": "勤医協居宅介護支援事業所北白石【居宅介護支援】北海道札幌市白石区米里１条４丁目６番１０号", "url2": "https://www.kaigokensaku.mhlw.go.jp/01/index.php?action_kouhyou_detail_004_kani=true&JigyosyoCd=0170510887-00&ServiceCd=430&Type=search" }, "geometry": { "type": "Point", "coordinates": [ 141.419114400000012, 43.0718188 ] } },
{ "type": "Feature", "properties": { "内容": "勤医協ケアプランセンターあゆみ【居宅介護支援】札幌市白石区菊水4条1丁目9番1号", "url2": "https://www.kaigokensaku.mhlw.go.jp/01/index.php?action_kouhyou_detail_004_kani=true&JigyosyoCd=0170510838-00&ServiceCd=430&Type=search" }, "geometry": { "type": "Point", "coordinates": [ 141.372783499999969, 43.0593438 ] } },
{ "type": "Feature", "properties": { "内容": "居宅介護支援事業所　虹の家北郷【居宅介護支援】北海道札幌市白石区北郷２条２丁目２－１７サービス付き高齢者向け住宅虹の家北郷", "url2": "https://www.kaigokensaku.mhlw.go.jp/01/index.php?action_kouhyou_detail_004_kani=true&JigyosyoCd=0170509764-00&ServiceCd=430&Type=search" }, "geometry": { "type": "Point", "coordinates": [ 141.408782841278054, 43.061914889149385 ] } },
{ "type": "Feature", "properties": { "内容": "札幌介護センター徳洲苑しろいし（居宅）【居宅介護支援】北海道札幌市白石区栄通18丁目　4-10", "url2": "https://www.kaigokensaku.mhlw.go.jp/01/index.php?action_kouhyou_detail_004_kani=true&JigyosyoCd=0170509020-00&ServiceCd=430&Type=search" }, "geometry": { "type": "Point", "coordinates": [ 141.431176899999969, 43.0290874 ] } },
{ "type": "Feature", "properties": { "内容": "コルテケア【居宅介護支援】北海道札幌市白石区平和通２丁目南6-34202", "url2": "https://www.kaigokensaku.mhlw.go.jp/01/index.php?action_kouhyou_detail_004_kani=true&JigyosyoCd=0170508980-00&ServiceCd=430&Type=search" }, "geometry": { "type": "Point", "coordinates": [ 141.409241599999973, 43.0517815 ] } },
{ "type": "Feature", "properties": { "内容": "サニーライフ札幌白石　居宅介護支援事業所【居宅介護支援】北海道札幌市白石区川北1条１－１２－４０サニーライフ札幌白石", "url2": "https://www.kaigokensaku.mhlw.go.jp/01/index.php?action_kouhyou_detail_004_kani=true&JigyosyoCd=0170508683-00&ServiceCd=430&Type=search" }, "geometry": { "type": "Point", "coordinates": [ 141.434286199999974, 43.0558821 ] } },
{ "type": "Feature", "properties": { "内容": "指定居宅介護支援事業所　恵佑会【居宅介護支援】北海道札幌市白石区本通9丁目南1番1号恵佑会札幌病院内", "url2": "https://www.kaigokensaku.mhlw.go.jp/01/index.php?action_kouhyou_detail_004_kani=true&JigyosyoCd=0170508212-00&ServiceCd=430&Type=search" }, "geometry": { "type": "Point", "coordinates": [ 141.417477986965508, 43.04223291439547 ] } },
{ "type": "Feature", "properties": { "内容": "居宅介護支援事業所　ゆのゆ【居宅介護支援】北海道札幌市白石区南郷通3丁目北1-23", "url2": "https://www.kaigokensaku.mhlw.go.jp/01/index.php?action_kouhyou_detail_004_kani=true&JigyosyoCd=0170507941-00&ServiceCd=430&Type=search" }, "geometry": { "type": "Point", "coordinates": [ 141.4038107, 43.0442382 ] } },
{ "type": "Feature", "properties": { "内容": "ケアプランセンター　そら【居宅介護支援】札幌市白石区北郷8条7丁目3-1", "url2": "https://www.kaigokensaku.mhlw.go.jp/01/index.php?action_kouhyou_detail_004_kani=true&JigyosyoCd=0170506067-00&ServiceCd=430&Type=search" }, "geometry": { "type": "Point", "coordinates": [ 141.42355299113774, 43.0664426768274 ] } },
{ "type": "Feature", "properties": { "内容": "居宅介護支援事業所はるかがやき【居宅介護支援】北海道札幌市白石区平和通2丁目南3-11ハイツ藤201号", "url2": "https://www.kaigokensaku.mhlw.go.jp/01/index.php?action_kouhyou_detail_004_kani=true&JigyosyoCd=0170505994-00&ServiceCd=430&Type=search" }, "geometry": { "type": "Point", "coordinates": [ 141.408891808615522, 43.053379091411351 ] } },
{ "type": "Feature", "properties": { "内容": "ケアプランセンターむく【居宅介護支援】北海道札幌市白石区平和通3丁目南1番7号アルスタウン", "url2": "https://www.kaigokensaku.mhlw.go.jp/01/index.php?action_kouhyou_detail_004_kani=true&JigyosyoCd=0170505317-00&ServiceCd=430&Type=search" }, "geometry": { "type": "Point", "coordinates": [ 141.410480399999983, 43.0519871 ] } },
{ "type": "Feature", "properties": { "内容": "菜の花居宅介護支援事業所【居宅介護支援】札幌市白石区東札幌１条１丁目１番８号", "url2": "https://www.kaigokensaku.mhlw.go.jp/01/index.php?action_kouhyou_detail_004_kani=true&JigyosyoCd=0170504807-00&ServiceCd=430&Type=search" }, "geometry": { "type": "Point", "coordinates": [ 141.379219499999977, 43.0510614 ] } },
{ "type": "Feature", "properties": { "内容": "介護相談センターたけうち【居宅介護支援】札幌市白石区北郷1条2丁目1番16号", "url2": "https://www.kaigokensaku.mhlw.go.jp/01/index.php?action_kouhyou_detail_004_kani=true&JigyosyoCd=0170501225-00&ServiceCd=430&Type=search" }, "geometry": { "type": "Point", "coordinates": [ 141.4069637, 43.0594169 ] } },
{ "type": "Feature", "properties": { "内容": "居宅介護支援センターすこやか【居宅介護支援】札幌市白石区北郷2条7丁目5-9", "url2": "https://www.kaigokensaku.mhlw.go.jp/01/index.php?action_kouhyou_detail_004_kani=true&JigyosyoCd=0170501001-00&ServiceCd=430&Type=search" }, "geometry": { "type": "Point", "coordinates": [ 141.422998399999983, 43.0533929 ] } },
{ "type": "Feature", "properties": { "内容": "平成苑介護相談センター【居宅介護支援】北海道札幌市白石区菊水元町8条2丁目7-15", "url2": "https://www.kaigokensaku.mhlw.go.jp/01/index.php?action_kouhyou_detail_004_kani=true&JigyosyoCd=0170500441-00&ServiceCd=430&Type=search" }, "geometry": { "type": "Point", "coordinates": [ 141.414292700000033, 43.0718298 ] } },
{ "type": "Feature", "properties": { "内容": "白石ハイツケアプランセンター【居宅介護支援】北海道札幌市白石区本通１６丁目北４番３０号", "url2": "https://www.kaigokensaku.mhlw.go.jp/01/index.php?action_kouhyou_detail_004_kani=true&JigyosyoCd=0170500391-00&ServiceCd=430&Type=search" }, "geometry": { "type": "Point", "coordinates": [ 141.4335678, 43.0392893 ] } },
{ "type": "Feature", "properties": { "内容": "ケアプランセンターはばたき【居宅介護支援】北海道札幌市白石区本郷通３丁目南４番１１号スピタール南郷丘", "url2": "https://www.kaigokensaku.mhlw.go.jp/01/index.php?action_kouhyou_detail_004_kani=true&JigyosyoCd=0170500359-00&ServiceCd=430&Type=search" }, "geometry": { "type": "Point", "coordinates": [ 141.40537, 43.046148600000016 ] } },
{ "type": "Feature", "properties": { "内容": "ケアプランセンターホシ【居宅介護支援】北海道札幌市白石区東札幌3条2丁目1-57東札幌ハイツ306号", "url2": "https://www.kaigokensaku.mhlw.go.jp/01/index.php?action_kouhyou_detail_004_kani=true&JigyosyoCd=0170515647-00&ServiceCd=430&Type=search" }, "geometry": { "type": "Point", "coordinates": [ 141.385269, 43.0518257 ] } },
{ "type": "Feature", "properties": { "内容": "居宅介護支援事業所あおい【居宅介護支援】北海道札幌市白石区本通4丁目南1番12号", "url2": "https://www.kaigokensaku.mhlw.go.jp/01/index.php?action_kouhyou_detail_004_kani=true&JigyosyoCd=0170513006-00&ServiceCd=430&Type=search" }, "geometry": { "type": "Point", "coordinates": [ 141.408854295875358, 43.048545096333925 ] } },
{ "type": "Feature", "properties": { "内容": "ケアマネステーションポットこもれび【居宅介護支援】北海道札幌市白石区栄通１０丁目６番１０号レジデンス稲津102号", "url2": "https://www.kaigokensaku.mhlw.go.jp/01/index.php?action_kouhyou_detail_004_kani=true&JigyosyoCd=0170515779-00&ServiceCd=430&Type=search" }, "geometry": { "type": "Point", "coordinates": [ 141.414968, 43.0355788 ] } },
{ "type": "Feature", "properties": { "内容": "社会福祉法人渓仁会　ケアプランセンター渓仁会東【居宅介護支援】札幌市白石区本郷通３丁目南１番３５号", "url2": "https://www.kaigokensaku.mhlw.go.jp/01/index.php?action_kouhyou_detail_004_kani=true&JigyosyoCd=0170500128-00&ServiceCd=430&Type=search" }, "geometry": { "type": "Point", "coordinates": [ 141.404084099999977, 43.0462707 ] } },
{ "type": "Feature", "properties": { "内容": "ＳＯＭＰＯケア　札幌菊水　居宅介護支援【居宅介護支援】北海道札幌市白石区菊水3条4丁目2番７号樋口ビル１階", "url2": "https://www.kaigokensaku.mhlw.go.jp/01/index.php?action_kouhyou_detail_004_kani=true&JigyosyoCd=0170513261-00&ServiceCd=430&Type=search" }, "geometry": { "type": "Point", "coordinates": [ 141.377486200000021, 43.0551276 ] } },
{ "type": "Feature", "properties": { "内容": "交雄会ケアプランセンター【居宅介護支援】北海道札幌市白石区栄通１６丁目６番１６号", "url2": "https://www.kaigokensaku.mhlw.go.jp/01/index.php?action_kouhyou_detail_004_kani=true&JigyosyoCd=0170515050-00&ServiceCd=430&Type=search" }, "geometry": { "type": "Point", "coordinates": [ 141.4273186, 43.0311854 ] } },
{ "type": "Feature", "properties": { "内容": "パートナーケアプランセンター【居宅介護支援】北海道札幌市白石区菊水上町1条2丁目179番5", "url2": "https://www.kaigokensaku.mhlw.go.jp/01/index.php?action_kouhyou_detail_004_kani=true&JigyosyoCd=0170515936-00&ServiceCd=430&Type=search" }, "geometry": { "type": "Point", "coordinates": [ 141.384618214921318, 43.063897143857133 ] } },
{ "type": "Feature", "properties": { "内容": "しろいし社会福祉士事務所【居宅介護支援】北海道札幌市白石区南郷通19丁目南2-8クリスタル853階D号室", "url2": "https://www.kaigokensaku.mhlw.go.jp/01/index.php?action_kouhyou_detail_004_kani=true&JigyosyoCd=0170512669-00&ServiceCd=430&Type=search" }, "geometry": { "type": "Point", "coordinates": [ 141.435177080733666, 43.029589476167281 ] } },
{ "type": "Feature", "properties": { "内容": "居宅介護支援事業所ルリアン【居宅介護支援】北海道札幌市白石区平和通6丁目南3番3号エルフィーネ2階", "url2": "https://www.kaigokensaku.mhlw.go.jp/01/index.php?action_kouhyou_detail_004_kani=true&JigyosyoCd=0170516058-00&ServiceCd=430&Type=search" }, "geometry": { "type": "Point", "coordinates": [ 141.4150069, 43.0492648 ] } },
{ "type": "Feature", "properties": { "内容": "居宅介護支援事業所東邦エルムケア豊平【居宅介護支援】北海道札幌市豊平区月寒中央通9丁目３－３７CBSビル３F", "url2": "https://www.kaigokensaku.mhlw.go.jp/01/index.php?action_kouhyou_detail_004_kani=true&JigyosyoCd=0170512172-00&ServiceCd=430&Type=search" }, "geometry": { "type": "Point", "coordinates": [ 141.398402299999987, 43.0277253 ] } },
{ "type": "Feature", "properties": { "内容": "居宅介護支援事業所パークウェル【居宅介護支援】北海道札幌市豊平区豊平６条３丁目５番１号パークウェル豊平　２０２号室", "url2": "https://www.kaigokensaku.mhlw.go.jp/01/index.php?action_kouhyou_detail_004_kani=true&JigyosyoCd=0170510796-00&ServiceCd=430&Type=search" }, "geometry": { "type": "Point", "coordinates": [ 141.365337299999965, 43.0503807 ] } },
{ "type": "Feature", "properties": { "内容": "介護の相談窓口にしおか【居宅介護支援】北海道札幌市豊平区西岡４条１０丁目３－３", "url2": "https://www.kaigokensaku.mhlw.go.jp/01/index.php?action_kouhyou_detail_004_kani=true&JigyosyoCd=0170511406-00&ServiceCd=430&Type=search" }, "geometry": { "type": "Point", "coordinates": [ 141.38421059999996, 43.0012141 ] } },
{ "type": "Feature", "properties": { "内容": "ライブリーケア中銀　平岸天神山【居宅介護支援】札幌市豊平区平岸1条18丁目1-1", "url2": "https://www.kaigokensaku.mhlw.go.jp/01/index.php?action_kouhyou_detail_004_kani=true&JigyosyoCd=0170511497-00&ServiceCd=430&Type=search" }, "geometry": { "type": "Point", "coordinates": [ 141.3643806, 43.0223336 ] } },
{ "type": "Feature", "properties": { "内容": "ケアプランセンターえがお【居宅介護支援】北海道札幌市豊平区平岸2条3丁目2-9アークコート平岸Ⅲ301号", "url2": "https://www.kaigokensaku.mhlw.go.jp/01/index.php?action_kouhyou_detail_004_kani=true&JigyosyoCd=0170513527-00&ServiceCd=430&Type=search" }, "geometry": { "type": "Point", "coordinates": [ 141.3685572, 43.040445 ] } },
{ "type": "Feature", "properties": { "内容": "医療法人醫王会居宅介護支援事業所【居宅介護支援】北海道札幌市豊平区豊平７条13丁目1-1", "url2": "https://www.kaigokensaku.mhlw.go.jp/01/index.php?action_kouhyou_detail_004_kani=true&JigyosyoCd=0170506422-00&ServiceCd=430&Type=search" }, "geometry": { "type": "Point", "coordinates": [ 141.3780797, 43.0415971 ] } },
{ "type": "Feature", "properties": { "内容": "ケアプランセンターフィオーレ【居宅介護支援】北海道札幌市豊平区月寒東5条15丁目4番17号", "url2": "https://www.kaigokensaku.mhlw.go.jp/01/index.php?action_kouhyou_detail_004_kani=true&JigyosyoCd=0170510275-00&ServiceCd=430&Type=search" }, "geometry": { "type": "Point", "coordinates": [ 141.425263888423586, 43.029207720660622 ] } },
{ "type": "Feature", "properties": { "内容": "札幌ライラック病院居宅介護支援事業所【居宅介護支援】北海道札幌市豊平区豊平６条８丁目２番１８号", "url2": "https://www.kaigokensaku.mhlw.go.jp/01/index.php?action_kouhyou_detail_004_kani=true&JigyosyoCd=0110320009-00&ServiceCd=430&Type=search" }, "geometry": { "type": "Point", "coordinates": [ 141.372855392729207, 43.04651501404971 ] } },
{ "type": "Feature", "properties": { "内容": "札幌ケアプラン相談センター【居宅介護支援】札幌市豊平区月寒東3条8丁目1番5号瀬野尾ビル１階", "url2": "https://www.kaigokensaku.mhlw.go.jp/01/index.php?action_kouhyou_detail_004_kani=true&JigyosyoCd=0160390084-00&ServiceCd=430&Type=search" }, "geometry": { "type": "Point", "coordinates": [ 141.404751300000044, 43.0325138 ] } },
{ "type": "Feature", "properties": { "内容": "愛全会ケアプランセンターとよひら・ちゅうおう【居宅介護支援】札幌市豊平区平岸2条5丁目2番14号第5平岸グランドビル4階", "url2": "https://www.kaigokensaku.mhlw.go.jp/01/index.php?action_kouhyou_detail_004_kani=true&JigyosyoCd=0160390191-00&ServiceCd=430&Type=search" }, "geometry": { "type": "Point", "coordinates": [ 141.369270990074142, 43.037262738672126 ] } },
{ "type": "Feature", "properties": { "内容": "アメニティ西岡水源池ケアプランセンター【居宅介護支援】札幌市豊平区西岡4条13丁目17番1号西岡水源池通りクリニック2Ｆ", "url2": "https://www.kaigokensaku.mhlw.go.jp/01/index.php?action_kouhyou_detail_004_kani=true&JigyosyoCd=0160590071-00&ServiceCd=430&Type=search" }, "geometry": { "type": "Point", "coordinates": [ 141.377056, 42.9947119 ] } },
{ "type": "Feature", "properties": { "内容": "居宅介護支援事業所くらしさ【居宅介護支援】北海道札幌市豊平区中の島1条7丁目12-1", "url2": "https://www.kaigokensaku.mhlw.go.jp/01/index.php?action_kouhyou_detail_004_kani=true&JigyosyoCd=0170103980-00&ServiceCd=430&Type=search" }, "geometry": { "type": "Point", "coordinates": [ 141.356107099475111, 43.048857609899514 ] } },
{ "type": "Feature", "properties": { "内容": "SOMPOケア豊平居宅介護支援【居宅介護支援】北海道札幌市豊平区豊平3条1丁目1番38号", "url2": "https://www.kaigokensaku.mhlw.go.jp/01/index.php?action_kouhyou_detail_004_kani=true&JigyosyoCd=0170515639-00&ServiceCd=430&Type=search" }, "geometry": { "type": "Point", "coordinates": [ 141.3660145, 43.05542 ] } },
{ "type": "Feature", "properties": { "内容": "北翔会札幌居宅介護支援事業所【居宅介護支援】北海道札幌市豊平区旭町５丁目５－１介護老人保健施設　豊平北翔館　豊翔の郷", "url2": "https://www.kaigokensaku.mhlw.go.jp/01/index.php?action_kouhyou_detail_004_kani=true&JigyosyoCd=0170515522-00&ServiceCd=430&Type=search" }, "geometry": { "type": "Point", "coordinates": [ 141.3667503, 43.0445925 ] } },
{ "type": "Feature", "properties": { "内容": "ケアプランセンタープラネット【居宅介護支援】北海道札幌市豊平区中の島１条１丁目５－１中の島1・1ビル　フェリオ館１２０１号", "url2": "https://www.kaigokensaku.mhlw.go.jp/01/index.php?action_kouhyou_detail_004_kani=true&JigyosyoCd=0170514814-00&ServiceCd=430&Type=search" }, "geometry": { "type": "Point", "coordinates": [ 141.359348899999986, 43.039335199999982 ] } },
{ "type": "Feature", "properties": { "内容": "ケアプランセンターめぐみ【居宅介護支援】北海道札幌市豊平区平岸1条8丁目8番20号ファーストステージ　301号室", "url2": "https://www.kaigokensaku.mhlw.go.jp/01/index.php?action_kouhyou_detail_004_kani=true&JigyosyoCd=0170513857-00&ServiceCd=430&Type=search" }, "geometry": { "type": "Point", "coordinates": [ 141.3636434, 43.0328413 ] } },
{ "type": "Feature", "properties": { "内容": "羊ヶ丘陽光苑居宅介護支援事業所【居宅介護支援】北海道札幌市豊平区福住3条9丁目4番32号", "url2": "https://www.kaigokensaku.mhlw.go.jp/01/index.php?action_kouhyou_detail_004_kani=true&JigyosyoCd=0170513832-00&ServiceCd=430&Type=search" }, "geometry": { "type": "Point", "coordinates": [ 141.393102452778663, 43.003380469601957 ] } },
{ "type": "Feature", "properties": { "内容": "ケアプランセンターらいふ【居宅介護支援】北海道札幌市豊平区平岸３条１７丁目３番４５号エルカミノ平岸203号", "url2": "https://www.kaigokensaku.mhlw.go.jp/01/index.php?action_kouhyou_detail_004_kani=true&JigyosyoCd=0170513162-00&ServiceCd=430&Type=search" }, "geometry": { "type": "Point", "coordinates": [ 141.369001109606927, 43.021288160915283 ] } },
{ "type": "Feature", "properties": { "内容": "ケアマネジメントセンターしろにじ【居宅介護支援】北海道札幌市豊平区平岸２条１７丁目１番３４号梁山舎Ⅲ１０５号室", "url2": "https://www.kaigokensaku.mhlw.go.jp/01/index.php?action_kouhyou_detail_004_kani=true&JigyosyoCd=0170514095-00&ServiceCd=430&Type=search" }, "geometry": { "type": "Point", "coordinates": [ 141.365949, 43.020854500000034 ] } },
{ "type": "Feature", "properties": { "内容": "居宅介護支援事業所　優心【居宅介護支援】北海道札幌市豊平区中の島１条７丁目６－２２デイリーハットⅡ　206号", "url2": "https://www.kaigokensaku.mhlw.go.jp/01/index.php?action_kouhyou_detail_004_kani=true&JigyosyoCd=0170513436-00&ServiceCd=430&Type=search" }, "geometry": { "type": "Point", "coordinates": [ 141.355828200000019, 43.0277219 ] } },
{ "type": "Feature", "properties": { "内容": "つきさっぷケアプラン【居宅介護支援】北海道札幌市豊平区月寒西5条10丁目3番18号", "url2": "https://www.kaigokensaku.mhlw.go.jp/01/index.php?action_kouhyou_detail_004_kani=true&JigyosyoCd=0170513212-00&ServiceCd=430&Type=search" }, "geometry": { "type": "Point", "coordinates": [ 141.386643886508182, 43.024315616298175 ] } },
{ "type": "Feature", "properties": { "内容": "医療法人ひらぎし在宅クリニック　ケアプランセンター【居宅介護支援】北海道札幌市豊平区平岸3条4丁目2-9", "url2": "https://www.kaigokensaku.mhlw.go.jp/01/index.php?action_kouhyou_detail_004_kani=true&JigyosyoCd=0170513071-00&ServiceCd=430&Type=search" }, "geometry": { "type": "Point", "coordinates": [ 141.371777, 43.038965599999983 ] } },
{ "type": "Feature", "properties": { "内容": "オストケア介護相談センター【居宅介護支援】北海道札幌市豊平区美園7条3丁目2-1イオル美園　１F", "url2": "https://www.kaigokensaku.mhlw.go.jp/01/index.php?action_kouhyou_detail_004_kani=true&JigyosyoCd=0170510325-00&ServiceCd=430&Type=search" }, "geometry": { "type": "Point", "coordinates": [ 141.382555799999977, 43.0393625 ] } },
{ "type": "Feature", "properties": { "内容": "ウェルスタイル中の島居宅介護支援事業所【居宅介護支援】北海道札幌市豊平区中の島2条7丁目1-15-2Fフロンティア薬局中の島店　2階", "url2": "https://www.kaigokensaku.mhlw.go.jp/01/index.php?action_kouhyou_detail_004_kani=true&JigyosyoCd=0170511984-00&ServiceCd=430&Type=search" }, "geometry": { "type": "Point", "coordinates": [ 141.358734388638368, 43.026823516126015 ] } },
{ "type": "Feature", "properties": { "内容": "居宅介護支援事業所　川のくまさん【居宅介護支援】北海道札幌市豊平区水車町5丁目1-22-1004", "url2": "https://www.kaigokensaku.mhlw.go.jp/01/index.php?action_kouhyou_detail_004_kani=true&JigyosyoCd=0170511869-00&ServiceCd=430&Type=search" }, "geometry": { "type": "Point", "coordinates": [ 141.362779391767873, 43.045380082455033 ] } },
{ "type": "Feature", "properties": { "内容": "勤医協月寒居宅介護支援事業所【居宅介護支援】北海道札幌市豊平区平岸6条12丁目９－２５", "url2": "https://www.kaigokensaku.mhlw.go.jp/01/index.php?action_kouhyou_detail_004_kani=true&JigyosyoCd=0170510283-00&ServiceCd=430&Type=search" }, "geometry": { "type": "Point", "coordinates": [ 141.379651100000046, 43.0272388 ] } },
{ "type": "Feature", "properties": { "内容": "ケアプランセンターしらかば【居宅介護支援】北海道札幌市豊平区月寒東３条１８丁目２０－４８", "url2": "https://www.kaigokensaku.mhlw.go.jp/01/index.php?action_kouhyou_detail_004_kani=true&JigyosyoCd=0170510267-00&ServiceCd=430&Type=search" }, "geometry": { "type": "Point", "coordinates": [ 141.423456, 43.0183438 ] } },
{ "type": "Feature", "properties": { "内容": "株式会社博友会　南札幌ケアサポートセンター【居宅介護支援】北海道札幌市豊平区月寒西4条10丁目1番13号", "url2": "https://www.kaigokensaku.mhlw.go.jp/01/index.php?action_kouhyou_detail_004_kani=true&JigyosyoCd=0170506737-00&ServiceCd=430&Type=search" }, "geometry": { "type": "Point", "coordinates": [ 141.387481100000059, 43.0248531 ] } },
{ "type": "Feature", "properties": { "内容": "イリーゼ西岡居宅介護支援事業所【居宅介護支援】北海道札幌市豊平区西岡3条13丁目7番10号", "url2": "https://www.kaigokensaku.mhlw.go.jp/01/index.php?action_kouhyou_detail_004_kani=true&JigyosyoCd=0170509863-00&ServiceCd=430&Type=search" }, "geometry": { "type": "Point", "coordinates": [ 141.375608528836068, 42.994357305412947 ] } },
{ "type": "Feature", "properties": { "内容": "イリーゼ月寒居宅介護支援事業所【居宅介護支援】北海道札幌市豊平区月寒西１条１０丁目５－１３", "url2": "https://www.kaigokensaku.mhlw.go.jp/01/index.php?action_kouhyou_detail_004_kani=true&JigyosyoCd=0170509756-00&ServiceCd=430&Type=search" }, "geometry": { "type": "Point", "coordinates": [ 141.396133871757002, 43.025088555485794 ] } },
{ "type": "Feature", "properties": { "内容": "居宅介護支援事業所　ノテ豊平【居宅介護支援】北海道札幌市豊平区中の島２条５丁目５番１号", "url2": "https://www.kaigokensaku.mhlw.go.jp/01/index.php?action_kouhyou_detail_004_kani=true&JigyosyoCd=0170509327-00&ServiceCd=430&Type=search" }, "geometry": { "type": "Point", "coordinates": [ 141.362283900000023, 43.0305601 ] } },
{ "type": "Feature", "properties": { "内容": "サニーライフ札幌豊平　居宅介護支援事業所【居宅介護支援】北海道札幌市豊平区豊平３条１丁目１－５０サニーライフ札幌豊平", "url2": "https://www.kaigokensaku.mhlw.go.jp/01/index.php?action_kouhyou_detail_004_kani=true&JigyosyoCd=0170508709-00&ServiceCd=430&Type=search" }, "geometry": { "type": "Point", "coordinates": [ 141.366056399999934, 43.0554135 ] } },
{ "type": "Feature", "properties": { "内容": "社会福祉法人　札幌市社会福祉協議会　豊平相談センター【居宅介護支援】北海道札幌市豊平区美園12条7丁目7-8八千代ビル１階", "url2": "https://www.kaigokensaku.mhlw.go.jp/01/index.php?action_kouhyou_detail_004_kani=true&JigyosyoCd=0170508527-00&ServiceCd=430&Type=search" }, "geometry": { "type": "Point", "coordinates": [ 141.381411800000024, 43.0313384 ] } },
{ "type": "Feature", "properties": { "内容": "ジョイア居宅介護支援事業所【居宅介護支援】北海道札幌市豊平区平岸1条19丁目2-43-101", "url2": "https://www.kaigokensaku.mhlw.go.jp/01/index.php?action_kouhyou_detail_004_kani=true&JigyosyoCd=0170507107-00&ServiceCd=430&Type=search" }, "geometry": { "type": "Point", "coordinates": [ 141.3619261, 43.0197387 ] } },
{ "type": "Feature", "properties": { "内容": "社会福祉法人　ノテ福祉会　居宅介護支援事業所ノテ月寒【居宅介護支援】札幌市豊平区月寒東1条13丁目4番58号特別養護老人ホーム　ノテ幸栄の里", "url2": "https://www.kaigokensaku.mhlw.go.jp/01/index.php?action_kouhyou_detail_004_kani=true&JigyosyoCd=0170507008-00&ServiceCd=430&Type=search" }, "geometry": { "type": "Point", "coordinates": [ 141.403239908416793, 43.022015689926072 ] } },
{ "type": "Feature", "properties": { "内容": "豊友ケアプランセンター【居宅介護支援】北海道札幌市豊平区月寒西1条7丁目1番27号第2白樺ハイツ101号", "url2": "https://www.kaigokensaku.mhlw.go.jp/01/index.php?action_kouhyou_detail_004_kani=true&JigyosyoCd=0170505648-00&ServiceCd=430&Type=search" }, "geometry": { "type": "Point", "coordinates": [ 141.393757746626989, 43.030305823041047 ] } },
{ "type": "Feature", "properties": { "内容": "生活クラブケアプランセンター【居宅介護支援】北海道札幌市豊平区月寒東3条4丁目1－3生活クラブ館とよひら・3階", "url2": "https://www.kaigokensaku.mhlw.go.jp/01/index.php?action_kouhyou_detail_004_kani=true&JigyosyoCd=0170502793-00&ServiceCd=430&Type=search" }, "geometry": { "type": "Point", "coordinates": [ 141.40116126871726, 43.037241254595315 ] } },
{ "type": "Feature", "properties": { "内容": "コスモス苑指定居宅介護支援事業所【居宅介護支援】北海道札幌市豊平区月寒東４条１０丁目８番３０号", "url2": "https://www.kaigokensaku.mhlw.go.jp/01/index.php?action_kouhyou_detail_004_kani=true&JigyosyoCd=0170502256-00&ServiceCd=430&Type=search" }, "geometry": { "type": "Point", "coordinates": [ 141.411017500000071, 43.03097250000004 ] } },
{ "type": "Feature", "properties": { "内容": "ノアコンツェル居宅介護相談センター【居宅介護支援】札幌市豊平区平岸7条14丁目1-32", "url2": "https://www.kaigokensaku.mhlw.go.jp/01/index.php?action_kouhyou_detail_004_kani=true&JigyosyoCd=0170501449-00&ServiceCd=430&Type=search" }, "geometry": { "type": "Point", "coordinates": [ 141.381686263968959, 43.024128720420691 ] } },
{ "type": "Feature", "properties": { "内容": "ケアプランセンター月寒東【居宅介護支援】北海道札幌市豊平区月寒東3条16丁目３－１０　2F", "url2": "https://www.kaigokensaku.mhlw.go.jp/01/index.php?action_kouhyou_detail_004_kani=true&JigyosyoCd=0170512917-00&ServiceCd=430&Type=search" }, "geometry": { "type": "Point", "coordinates": [ 141.417448404893548, 43.024044617929619 ] } },
{ "type": "Feature", "properties": { "内容": "みどりの丘指定居宅介護事業所【居宅介護支援】札幌市豊平区西岡５条１２丁目１番２号", "url2": "https://www.kaigokensaku.mhlw.go.jp/01/index.php?action_kouhyou_detail_004_kani=true&JigyosyoCd=0170500292-00&ServiceCd=430&Type=search" }, "geometry": { "type": "Point", "coordinates": [ 141.382461, 42.9962897 ] } },
{ "type": "Feature", "properties": { "内容": "ケアプラン笑楽　美園【居宅介護支援】北海道札幌市豊平区美園7条3丁目4-21", "url2": "https://www.kaigokensaku.mhlw.go.jp/01/index.php?action_kouhyou_detail_004_kani=true&JigyosyoCd=0170515407-00&ServiceCd=430&Type=search" }, "geometry": { "type": "Point", "coordinates": [ 141.382218599999987, 43.0387299 ] } },
{ "type": "Feature", "properties": { "内容": "居宅介護支援ぺいしぇんす【居宅介護支援】北海道札幌市豊平区月寒東三条１５丁目６番３２号", "url2": "https://www.kaigokensaku.mhlw.go.jp/01/index.php?action_kouhyou_detail_004_kani=true&JigyosyoCd=0170513428-00&ServiceCd=430&Type=search" }, "geometry": { "type": "Point", "coordinates": [ 141.418985099999986, 43.025583 ] } },
{ "type": "Feature", "properties": { "内容": "ケアpropすこやか【居宅介護支援】札幌市豊平区豊平４条３丁目３－２　さんぱちBLDⅡ２F", "url2": "https://www.kaigokensaku.mhlw.go.jp/01/index.php?action_kouhyou_detail_004_kani=true&JigyosyoCd=0170515316-00&ServiceCd=430&Type=search" }, "geometry": { "type": "Point", "coordinates": [ 141.370270946743773, 43.051740802296727 ] } },
{ "type": "Feature", "properties": { "内容": "居宅介護支援事業所　とびら【居宅介護支援】北海道札幌市豊平区美園3条8丁目4番1号キャンパスビル3F", "url2": "https://www.kaigokensaku.mhlw.go.jp/01/index.php?action_kouhyou_detail_004_kani=true&JigyosyoCd=0170512644-00&ServiceCd=430&Type=search" }, "geometry": { "type": "Point", "coordinates": [ 141.391314500000021, 43.038658900000016 ] } },
{ "type": "Feature", "properties": { "内容": "ケアプランセンターGood【居宅介護支援】北海道札幌市豊平区月寒東二条１９丁目５番２６号ＨＯＵＳＥｏｆＬＩＺＡ月寒東弐番館403号", "url2": "https://www.kaigokensaku.mhlw.go.jp/01/index.php?action_kouhyou_detail_004_kani=true&JigyosyoCd=0170515431-00&ServiceCd=430&Type=search" }, "geometry": { "type": "Point", "coordinates": [ 141.4224704, 43.0155321 ] } },
{ "type": "Feature", "properties": { "内容": "ケアプランセンターやまはな【居宅介護支援】北海道札幌市豊平区美園７条７丁目５番１１号アミカル美園１０３号", "url2": "https://www.kaigokensaku.mhlw.go.jp/01/index.php?action_kouhyou_detail_004_kani=true&JigyosyoCd=0170103543-00&ServiceCd=430&Type=search" }, "geometry": { "type": "Point", "coordinates": [ 141.384419100000059, 43.0383454 ] } },
{ "type": "Feature", "properties": { "内容": "ケアプランセンターふれあい【居宅介護支援】北海道札幌市豊平区美園3条5丁目1-15原ビル2階", "url2": "https://www.kaigokensaku.mhlw.go.jp/01/index.php?action_kouhyou_detail_004_kani=true&JigyosyoCd=0170513097-00&ServiceCd=430&Type=search" }, "geometry": { "type": "Point", "coordinates": [ 141.3873886, 43.0417707 ] } },
{ "type": "Feature", "properties": { "内容": "ザオーケアプラン札幌【居宅介護支援】札幌市豊平区月寒東１条18-5-90-1F", "url2": "https://www.kaigokensaku.mhlw.go.jp/01/index.php?action_kouhyou_detail_004_kani=true&JigyosyoCd=0170515910-00&ServiceCd=430&Type=search" }, "geometry": { "type": "Point", "coordinates": [ 141.418445600000013, 43.0131143 ] } },
{ "type": "Feature", "properties": { "内容": "あおいケアプランセンター【居宅介護支援】北海道札幌市南区北ノ沢8丁目8番20号", "url2": "https://www.kaigokensaku.mhlw.go.jp/01/index.php?action_kouhyou_detail_004_kani=true&JigyosyoCd=0170507735-00&ServiceCd=430&Type=search" }, "geometry": { "type": "Point", "coordinates": [ 141.3213078, 43.0030593 ] } },
{ "type": "Feature", "properties": { "内容": "グラーネ介護サービスセンター【居宅介護支援】札幌市南区北ノ沢１８０４－５２", "url2": "https://www.kaigokensaku.mhlw.go.jp/01/index.php?action_kouhyou_detail_004_kani=true&JigyosyoCd=0150580074-00&ServiceCd=430&Type=search" }, "geometry": { "type": "Point", "coordinates": [ 141.3082306, 43.0079501 ] } },
{ "type": "Feature", "properties": { "内容": "中村記念病院居宅介護支援事業所【居宅介護支援】札幌市南区川沿2条2丁目3番1号", "url2": "https://www.kaigokensaku.mhlw.go.jp/01/index.php?action_kouhyou_detail_004_kani=true&JigyosyoCd=0160190120-00&ServiceCd=430&Type=search" }, "geometry": { "type": "Point", "coordinates": [ 141.335623400000031, 42.997577 ] } },
{ "type": "Feature", "properties": { "内容": "愛全会ケアプランセンターまこまない【居宅介護支援】北海道札幌市南区真駒内幸町1丁目３－１NTT真駒内ビル", "url2": "https://www.kaigokensaku.mhlw.go.jp/01/index.php?action_kouhyou_detail_004_kani=true&JigyosyoCd=0160390118-00&ServiceCd=430&Type=search" }, "geometry": { "type": "Point", "coordinates": [ 141.3526104, 42.9902234 ] } },
{ "type": "Feature", "properties": { "内容": "ドリームケアプランセンター虹【居宅介護支援】北海道札幌市南区北ノ沢1819-9", "url2": "https://www.kaigokensaku.mhlw.go.jp/01/index.php?action_kouhyou_detail_004_kani=true&JigyosyoCd=0170515225-00&ServiceCd=430&Type=search" }, "geometry": { "type": "Point", "coordinates": [ 141.32322880000001, 43.0083464 ] } },
{ "type": "Feature", "properties": { "内容": "ベストライフ居宅介護支援事業所【居宅介護支援】北海道札幌市南区真駒内泉町2-2-10", "url2": "https://www.kaigokensaku.mhlw.go.jp/01/index.php?action_kouhyou_detail_004_kani=true&JigyosyoCd=0170514285-00&ServiceCd=430&Type=search" }, "geometry": { "type": "Point", "coordinates": [ 141.3533074, 42.985361 ] } },
{ "type": "Feature", "properties": { "内容": "ＳＯＭＰＯケア　札幌澄川　居宅介護支援【居宅介護支援】北海道札幌市南区澄川6条4-2-1澄川ﾋﾞﾙ2階", "url2": "https://www.kaigokensaku.mhlw.go.jp/01/index.php?action_kouhyou_detail_004_kani=true&JigyosyoCd=0170513238-00&ServiceCd=430&Type=search" }, "geometry": { "type": "Point", "coordinates": [ 141.375062500000013, 43.01240150000001 ] } },
{ "type": "Feature", "properties": { "内容": "居宅介護支援事業所らいらっく【居宅介護支援】札幌市南区藤野4条4丁目20番30号", "url2": "https://www.kaigokensaku.mhlw.go.jp/01/index.php?action_kouhyou_detail_004_kani=true&JigyosyoCd=0170512347-00&ServiceCd=430&Type=search" }, "geometry": { "type": "Point", "coordinates": [ 141.30172749999997, 42.9563226 ] } },
{ "type": "Feature", "properties": { "内容": "勤医協居宅介護支援事業所もなみの里【居宅介護支援】札幌市南区藤野3条4丁目15番35号", "url2": "https://www.kaigokensaku.mhlw.go.jp/01/index.php?action_kouhyou_detail_004_kani=true&JigyosyoCd=0170509871-00&ServiceCd=430&Type=search" }, "geometry": { "type": "Point", "coordinates": [ 141.342204537959333, 42.981531072352375 ] } },
{ "type": "Feature", "properties": { "内容": "五輪橋介護保険相談センター【居宅介護支援】札幌市南区川沿2条1丁目2番54号", "url2": "https://www.kaigokensaku.mhlw.go.jp/01/index.php?action_kouhyou_detail_004_kani=true&JigyosyoCd=0170508881-00&ServiceCd=430&Type=search" }, "geometry": { "type": "Point", "coordinates": [ 141.338229413452154, 42.998565432937603 ] } },
{ "type": "Feature", "properties": { "内容": "藤野ケアマネジャー事務所【居宅介護支援】札幌市南区藤野２条１３丁目７番１２号", "url2": "https://www.kaigokensaku.mhlw.go.jp/01/index.php?action_kouhyou_detail_004_kani=true&JigyosyoCd=0170508717-00&ServiceCd=430&Type=search" }, "geometry": { "type": "Point", "coordinates": [ 141.273591707795731, 42.963422646254642 ] } },
{ "type": "Feature", "properties": { "内容": "社会福祉法人札幌市社会福祉協議会南相談センター【居宅介護支援】北海道札幌市南区真駒内幸町2丁目１－５幸町ビル403号", "url2": "https://www.kaigokensaku.mhlw.go.jp/01/index.php?action_kouhyou_detail_004_kani=true&JigyosyoCd=0170508535-00&ServiceCd=430&Type=search" }, "geometry": { "type": "Point", "coordinates": [ 141.353582171758291, 42.990414922517616 ] } },
{ "type": "Feature", "properties": { "内容": "ケアプランセンターりん【居宅介護支援】北海道札幌市南区川沿10条3丁目6番12号", "url2": "https://www.kaigokensaku.mhlw.go.jp/01/index.php?action_kouhyou_detail_004_kani=true&JigyosyoCd=0170506117-00&ServiceCd=430&Type=search" }, "geometry": { "type": "Point", "coordinates": [ 141.331656330355003, 42.982925588310927 ] } },
{ "type": "Feature", "properties": { "内容": "居宅介護支援事業所サブチャン【居宅介護支援】札幌市南区川沿11条1丁目1番13号", "url2": "https://www.kaigokensaku.mhlw.go.jp/01/index.php?action_kouhyou_detail_004_kani=true&JigyosyoCd=0170504740-00&ServiceCd=430&Type=search" }, "geometry": { "type": "Point", "coordinates": [ 141.336687299999966, 42.98241740000001 ] } },
{ "type": "Feature", "properties": { "内容": "え～るケアプランセンター【居宅介護支援】北海道札幌市南区石山1条5丁目1-32", "url2": "https://www.kaigokensaku.mhlw.go.jp/01/index.php?action_kouhyou_detail_004_kani=true&JigyosyoCd=0170503213-00&ServiceCd=430&Type=search" }, "geometry": { "type": "Point", "coordinates": [ 141.325128100000029, 42.9640918 ] } },
{ "type": "Feature", "properties": { "内容": "ニチイケアセンターすみかわ居宅介護支援事業所【居宅介護支援】北海道札幌市南区澄川4条4丁目4番50号", "url2": "https://www.kaigokensaku.mhlw.go.jp/01/index.php?action_kouhyou_detail_004_kani=true&JigyosyoCd=0170502983-00&ServiceCd=430&Type=search" }, "geometry": { "type": "Point", "coordinates": [ 141.366783899999973, 43.010321 ] } },
{ "type": "Feature", "properties": { "内容": "アースサポート札幌南【居宅介護支援】北海道札幌市南区澄川4条2丁目3番10号", "url2": "https://www.kaigokensaku.mhlw.go.jp/01/index.php?action_kouhyou_detail_004_kani=true&JigyosyoCd=0170502645-00&ServiceCd=430&Type=search" }, "geometry": { "type": "Point", "coordinates": [ 141.367672299999981, 43.016301 ] } },
{ "type": "Feature", "properties": { "内容": "愛全会ケアプランセンター南の絆【居宅介護支援】北海道札幌市南区川沿１２条２丁目５番７号　２階", "url2": "https://www.kaigokensaku.mhlw.go.jp/01/index.php?action_kouhyou_detail_004_kani=true&JigyosyoCd=0170511240-00&ServiceCd=430&Type=search" }, "geometry": { "type": "Point", "coordinates": [ 141.333971821511682, 42.980071505580625 ] } },
{ "type": "Feature", "properties": { "内容": "あいぜんケアプランセンター【居宅介護支援】札幌市南区川沿12条2丁目5番7号", "url2": "https://www.kaigokensaku.mhlw.go.jp/01/index.php?action_kouhyou_detail_004_kani=true&JigyosyoCd=0170500193-00&ServiceCd=430&Type=search" }, "geometry": { "type": "Point", "coordinates": [ 141.334014324414511, 42.980088443689453 ] } },
{ "type": "Feature", "properties": { "内容": "和幸園指定居宅介護支援事業所【居宅介護支援】札幌市南区常盤5条1丁目1-7", "url2": "https://www.kaigokensaku.mhlw.go.jp/01/index.php?action_kouhyou_detail_004_kani=true&JigyosyoCd=0170500169-00&ServiceCd=430&Type=search" }, "geometry": { "type": "Point", "coordinates": [ 141.342756075271382, 42.938107046563651 ] } },
{ "type": "Feature", "properties": { "内容": "南札幌脳神経外科在宅ケアサポートセンター【居宅介護支援】札幌市南区川沿2条3丁目2番32号", "url2": "https://www.kaigokensaku.mhlw.go.jp/01/index.php?action_kouhyou_detail_004_kani=true&JigyosyoCd=0110510666-00&ServiceCd=430&Type=search" }, "geometry": { "type": "Point", "coordinates": [ 141.331288199999989, 43.0001387 ] } },
{ "type": "Feature", "properties": { "内容": "相談支援センターみなぱ【居宅介護支援】北海道札幌市南区南三十七条西１１丁目４ー１０", "url2": "https://www.kaigokensaku.mhlw.go.jp/01/index.php?action_kouhyou_detail_004_kani=true&JigyosyoCd=0170506018-00&ServiceCd=430&Type=search" }, "geometry": { "type": "Point", "coordinates": [ 141.343283299999939, 43.0083178 ] } },
{ "type": "Feature", "properties": { "内容": "ケアプランセンターもなみ【居宅介護支援】北海道札幌市南区川沿5条2丁目5－10ホワイトピア川沿B201号", "url2": "https://www.kaigokensaku.mhlw.go.jp/01/index.php?action_kouhyou_detail_004_kani=true&JigyosyoCd=0170514202-00&ServiceCd=430&Type=search" }, "geometry": { "type": "Point", "coordinates": [ 141.3320932, 42.992831 ] } },
{ "type": "Feature", "properties": { "内容": "コンフィアンスケアサポート【居宅介護支援】北海道札幌市南区川沿５条４丁目１番３５号", "url2": "https://www.kaigokensaku.mhlw.go.jp/01/index.php?action_kouhyou_detail_004_kani=true&JigyosyoCd=0170515530-00&ServiceCd=430&Type=search" }, "geometry": { "type": "Point", "coordinates": [ 141.3276744, 42.9929775 ] } },
{ "type": "Feature", "properties": { "内容": "うさぎ居宅介護支援事業所【居宅介護支援】北海道札幌市南区南33条西8丁目1-21", "url2": "https://www.kaigokensaku.mhlw.go.jp/01/index.php?action_kouhyou_detail_004_kani=true&JigyosyoCd=0170513998-00&ServiceCd=430&Type=search" }, "geometry": { "type": "Point", "coordinates": [ 141.3498842, 43.0147735 ] } },
{ "type": "Feature", "properties": { "内容": "ケアプラン笑楽　石山東【居宅介護支援】北海道札幌市南区石山東7丁目1-8", "url2": "https://www.kaigokensaku.mhlw.go.jp/01/index.php?action_kouhyou_detail_004_kani=true&JigyosyoCd=0170514921-00&ServiceCd=430&Type=search" }, "geometry": { "type": "Point", "coordinates": [ 141.344038659219024, 42.955457106118494 ] } },
{ "type": "Feature", "properties": { "内容": "碩心会心臓血管センター北海道大野病院居宅介護支援事業所【居宅介護支援】北海道札幌市西区西野４条１丁目１番３０号", "url2": "https://www.kaigokensaku.mhlw.go.jp/01/index.php?action_kouhyou_detail_004_kani=true&JigyosyoCd=0170403109-00&ServiceCd=430&Type=search" }, "geometry": { "type": "Point", "coordinates": [ 141.283170899999959, 43.0712666 ] } },
{ "type": "Feature", "properties": { "内容": "あおぞら居宅介護支援事業所【居宅介護支援】北海道札幌市西区二十四軒３条７丁目1-24ＨARELU宮の森", "url2": "https://www.kaigokensaku.mhlw.go.jp/01/index.php?action_kouhyou_detail_004_kani=true&JigyosyoCd=0170103626-00&ServiceCd=430&Type=search" }, "geometry": { "type": "Point", "coordinates": [ 141.308239545982559, 43.068682822213432 ] } },
{ "type": "Feature", "properties": { "内容": "フレンドリィ居宅介護支援事業所【居宅介護支援】北海道札幌市西区福井１丁目9-15ふくいトラストホーム１階", "url2": "https://www.kaigokensaku.mhlw.go.jp/01/index.php?action_kouhyou_detail_004_kani=true&JigyosyoCd=0170405153-00&ServiceCd=430&Type=search" }, "geometry": { "type": "Point", "coordinates": [ 141.2760088, 43.059528 ] } },
{ "type": "Feature", "properties": { "内容": "札幌山の上病院指定居宅介護支援事業所【居宅介護支援】北海道札幌市西区山の手６条9丁目1番1号", "url2": "https://www.kaigokensaku.mhlw.go.jp/01/index.php?action_kouhyou_detail_004_kani=true&JigyosyoCd=0110415437-00&ServiceCd=430&Type=search" }, "geometry": { "type": "Point", "coordinates": [ 141.2867986, 43.069853 ] } },
{ "type": "Feature", "properties": { "内容": "イムス札幌消化器中央総合病院指定居宅介護支援事業所【居宅介護支援】北海道札幌市西区八軒１条西２丁目６番１２号　３階", "url2": "https://www.kaigokensaku.mhlw.go.jp/01/index.php?action_kouhyou_detail_004_kani=true&JigyosyoCd=0110412459-00&ServiceCd=430&Type=search" }, "geometry": { "type": "Point", "coordinates": [ 141.308005, 43.0836272 ] } },
{ "type": "Feature", "properties": { "内容": "指定居宅介護支援事業所　セージュ山の手【居宅介護支援】札幌市西区山の手3条6丁目4番6号2階", "url2": "https://www.kaigokensaku.mhlw.go.jp/01/index.php?action_kouhyou_detail_004_kani=true&JigyosyoCd=0150480010-00&ServiceCd=430&Type=search" }, "geometry": { "type": "Point", "coordinates": [ 141.29495350000002, 43.0688063 ] } },
{ "type": "Feature", "properties": { "内容": "平和の杜居宅介護支援事業所【居宅介護支援】札幌市西区平和420番地", "url2": "https://www.kaigokensaku.mhlw.go.jp/01/index.php?action_kouhyou_detail_004_kani=true&JigyosyoCd=0150480119-00&ServiceCd=430&Type=search" }, "geometry": { "type": "Point", "coordinates": [ 141.224934500000018, 43.057373 ] } },
{ "type": "Feature", "properties": { "内容": "指定居宅介護支援事業所はっさむ「はる」【居宅介護支援】北海道札幌市西区発寒１１条１丁目３番２０号", "url2": "https://www.kaigokensaku.mhlw.go.jp/01/index.php?action_kouhyou_detail_004_kani=true&JigyosyoCd=0170101513-00&ServiceCd=430&Type=search" }, "geometry": { "type": "Point", "coordinates": [ 141.29995729999996, 43.0907262 ] } },
{ "type": "Feature", "properties": { "内容": "ケアアシスト指定居宅介護支援事業所【居宅介護支援】札幌市西区西町北2丁目3番3号", "url2": "https://www.kaigokensaku.mhlw.go.jp/01/index.php?action_kouhyou_detail_004_kani=true&JigyosyoCd=0170400030-00&ServiceCd=430&Type=search" }, "geometry": { "type": "Point", "coordinates": [ 141.29263370000001, 43.0775579 ] } },
{ "type": "Feature", "properties": { "内容": "五天山園居宅介護支援事業所【居宅介護支援】札幌市西区平和54番地3", "url2": "https://www.kaigokensaku.mhlw.go.jp/01/index.php?action_kouhyou_detail_004_kani=true&JigyosyoCd=0170400147-00&ServiceCd=430&Type=search" }, "geometry": { "type": "Point", "coordinates": [ 141.2616759, 43.0554099 ] } },
{ "type": "Feature", "properties": { "内容": "宏友会指定居宅介護支援事業所【居宅介護支援】札幌市西区西野2条8丁目1-8", "url2": "https://www.kaigokensaku.mhlw.go.jp/01/index.php?action_kouhyou_detail_004_kani=true&JigyosyoCd=0170400204-00&ServiceCd=430&Type=search" }, "geometry": { "type": "Point", "coordinates": [ 141.274493200000052, 43.0810153 ] } },
{ "type": "Feature", "properties": { "内容": "指定居宅介護支援事業所夢紡ぎ・くらら【居宅介護支援】北海道札幌市西区西野4条９丁目４－３８FUJIXビル・宮の丘パークマンション３階", "url2": "https://www.kaigokensaku.mhlw.go.jp/01/index.php?action_kouhyou_detail_004_kani=true&JigyosyoCd=0170400733-00&ServiceCd=430&Type=search" }, "geometry": { "type": "Point", "coordinates": [ 141.270943699999975, 43.0750186 ] } },
{ "type": "Feature", "properties": { "内容": "居宅介護支援事業所オガール【居宅介護支援】北海道札幌市西区西野4条7丁目7番35号", "url2": "https://www.kaigokensaku.mhlw.go.jp/01/index.php?action_kouhyou_detail_004_kani=true&JigyosyoCd=0170400303-00&ServiceCd=430&Type=search" }, "geometry": { "type": "Point", "coordinates": [ 141.270448992486536, 43.076465190494496 ] } },
{ "type": "Feature", "properties": { "内容": "指定居宅介護支援事業所あすか【居宅介護支援】札幌市西区西町北12丁目4-7", "url2": "https://www.kaigokensaku.mhlw.go.jp/01/index.php?action_kouhyou_detail_004_kani=true&JigyosyoCd=0170401012-00&ServiceCd=430&Type=search" }, "geometry": { "type": "Point", "coordinates": [ 141.285497325131246, 43.082699534050562 ] } },
{ "type": "Feature", "properties": { "内容": "さくら苑居宅介護支援事業所【居宅介護支援】北海道札幌市西区発寒１７条３丁目4番３０号", "url2": "https://www.kaigokensaku.mhlw.go.jp/01/index.php?action_kouhyou_detail_004_kani=true&JigyosyoCd=0170402291-00&ServiceCd=430&Type=search" }, "geometry": { "type": "Point", "coordinates": [ 141.277051, 43.0877979 ] } },
{ "type": "Feature", "properties": { "内容": "居宅介護支援センター札幌西【居宅介護支援】北海道札幌市西区西野７条３丁目１－２０ケアタウン徳洲会札幌西", "url2": "https://www.kaigokensaku.mhlw.go.jp/01/index.php?action_kouhyou_detail_004_kani=true&JigyosyoCd=0170403422-00&ServiceCd=430&Type=search" }, "geometry": { "type": "Point", "coordinates": [ 141.272841179692819, 43.066376012144687 ] } },
{ "type": "Feature", "properties": { "内容": "社会福祉法人札幌市社会福祉協議会　西相談センター【居宅介護支援】北海道札幌市西区琴似1条6丁目4-3札幌琴似第一ビルディング　2階", "url2": "https://www.kaigokensaku.mhlw.go.jp/01/index.php?action_kouhyou_detail_004_kani=true&JigyosyoCd=0170403489-00&ServiceCd=430&Type=search" }, "geometry": { "type": "Point", "coordinates": [ 141.301549799999947, 43.0741422 ] } },
{ "type": "Feature", "properties": { "内容": "ぴあケアさくら居宅介護支援事業所【居宅介護支援】北海道札幌市西区小別沢97番地介護老人保健施設", "url2": "https://www.kaigokensaku.mhlw.go.jp/01/index.php?action_kouhyou_detail_004_kani=true&JigyosyoCd=0170403661-00&ServiceCd=430&Type=search" }, "geometry": { "type": "Point", "coordinates": [ 141.267034299999978, 43.0490416 ] } },
{ "type": "Feature", "properties": { "内容": "ケアプランセンター琴似【居宅介護支援】札幌市西区琴似4条4丁目1-30", "url2": "https://www.kaigokensaku.mhlw.go.jp/01/index.php?action_kouhyou_detail_004_kani=true&JigyosyoCd=0170404065-00&ServiceCd=430&Type=search" }, "geometry": { "type": "Point", "coordinates": [ 141.299054699999971, 43.079066800000014 ] } },
{ "type": "Feature", "properties": { "内容": "居宅介護支援事業所まごころ【居宅介護支援】北海道札幌市西区山の手４条１丁目１-１NO.３マックスビル３階", "url2": "https://www.kaigokensaku.mhlw.go.jp/01/index.php?action_kouhyou_detail_004_kani=true&JigyosyoCd=0170404206-00&ServiceCd=430&Type=search" }, "geometry": { "type": "Point", "coordinates": [ 141.298230699999976, 43.0734365 ] } },
{ "type": "Feature", "properties": { "内容": "ＳＯＭＰＯケア　札幌発寒　居宅介護支援【居宅介護支援】北海道札幌市西区発寒6条4丁目6番3号", "url2": "https://www.kaigokensaku.mhlw.go.jp/01/index.php?action_kouhyou_detail_004_kani=true&JigyosyoCd=0170404958-00&ServiceCd=430&Type=search" }, "geometry": { "type": "Point", "coordinates": [ 141.29242469999997, 43.0892759 ] } },
{ "type": "Feature", "properties": { "内容": "札幌介護相談センター【居宅介護支援】札幌市西区西野6条1丁目6番23号", "url2": "https://www.kaigokensaku.mhlw.go.jp/01/index.php?action_kouhyou_detail_004_kani=true&JigyosyoCd=0170405005-00&ServiceCd=430&Type=search" }, "geometry": { "type": "Point", "coordinates": [ 141.27653829999997, 43.0652339 ] } },
{ "type": "Feature", "properties": { "内容": "ケアセンターかがやき八軒【居宅介護支援】北海道札幌市西区八軒6条西9丁目1番37", "url2": "https://www.kaigokensaku.mhlw.go.jp/01/index.php?action_kouhyou_detail_004_kani=true&JigyosyoCd=0170405161-00&ServiceCd=430&Type=search" }, "geometry": { "type": "Point", "coordinates": [ 141.3042697, 43.0947454 ] } },
{ "type": "Feature", "properties": { "内容": "勤医協ケアプランセンターすずらん【居宅介護支援】北海道札幌市西区西町北19丁目1－5", "url2": "https://www.kaigokensaku.mhlw.go.jp/01/index.php?action_kouhyou_detail_004_kani=true&JigyosyoCd=0170405245-00&ServiceCd=430&Type=search" }, "geometry": { "type": "Point", "coordinates": [ 141.2768714, 43.0868775 ] } },
{ "type": "Feature", "properties": { "内容": "メディケアサポート未来花【居宅介護支援】北海道札幌市西区八軒5条西1丁目1-70-101グランメール藤ハウス　101号室", "url2": "https://www.kaigokensaku.mhlw.go.jp/01/index.php?action_kouhyou_detail_004_kani=true&JigyosyoCd=0170406185-00&ServiceCd=430&Type=search" }, "geometry": { "type": "Point", "coordinates": [ 141.3136874, 43.0859945 ] } },
{ "type": "Feature", "properties": { "内容": "桜秀会ケアプランセンター山の手【居宅介護支援】山の手3条11丁目2番20号", "url2": "https://www.kaigokensaku.mhlw.go.jp/01/index.php?action_kouhyou_detail_004_kani=true&JigyosyoCd=0170405849-00&ServiceCd=430&Type=search" }, "geometry": { "type": "Point", "coordinates": [ 141.2899215, 43.0653292 ] } },
{ "type": "Feature", "properties": { "内容": "ご近助テラス札幌【居宅介護支援】北海道札幌市西区発寒六条９丁目１番１０号　２階", "url2": "https://www.kaigokensaku.mhlw.go.jp/01/index.php?action_kouhyou_detail_004_kani=true&JigyosyoCd=0170405757-00&ServiceCd=430&Type=search" }, "geometry": { "type": "Point", "coordinates": [ 141.279114066831795, 43.088287911698771 ] } },
{ "type": "Feature", "properties": { "内容": "グッドタイムケアプランセンター・札幌【居宅介護支援】札幌市西区宮の沢３条4丁目7-5", "url2": "https://www.kaigokensaku.mhlw.go.jp/01/index.php?action_kouhyou_detail_004_kani=true&JigyosyoCd=0170405898-00&ServiceCd=430&Type=search" }, "geometry": { "type": "Point", "coordinates": [ 141.2635077, 43.0873478 ] } },
{ "type": "Feature", "properties": { "内容": "相談センター　ひばり【居宅介護支援】北海道札幌市西区西野10条6丁目5－1ララコム西野102", "url2": "https://www.kaigokensaku.mhlw.go.jp/01/index.php?action_kouhyou_detail_004_kani=true&JigyosyoCd=0170405815-00&ServiceCd=430&Type=search" }, "geometry": { "type": "Point", "coordinates": [ 141.260336200000012, 43.0632762 ] } },
{ "type": "Feature", "properties": { "内容": "つなぐ手ケアマネセンター【居宅介護支援】北海道札幌市西区発寒十六条十二丁目１−２０", "url2": "https://www.kaigokensaku.mhlw.go.jp/01/index.php?action_kouhyou_detail_004_kani=true&JigyosyoCd=0170405609-00&ServiceCd=430&Type=search" }, "geometry": { "type": "Point", "coordinates": [ 141.289438, 43.108017976868631 ] } },
{ "type": "Feature", "properties": { "内容": "℮·すまいる【居宅介護支援】北海道札幌市西区発寒９条１３丁目１番１-702号クリーンリバー新発寒１号棟", "url2": "https://www.kaigokensaku.mhlw.go.jp/01/index.php?action_kouhyou_detail_004_kani=true&JigyosyoCd=0170405567-00&ServiceCd=430&Type=search" }, "geometry": { "type": "Point", "coordinates": [ 141.2775129, 43.0989883 ] } },
{ "type": "Feature", "properties": { "内容": "介護ケアマネージャーoffice　翔【居宅介護支援】北海道札幌市西区西野6条4丁目6-6", "url2": "https://www.kaigokensaku.mhlw.go.jp/01/index.php?action_kouhyou_detail_004_kani=true&JigyosyoCd=0170405344-00&ServiceCd=430&Type=search" }, "geometry": { "type": "Point", "coordinates": [ 141.270857, 43.0678113 ] } },
{ "type": "Feature", "properties": { "内容": "介護相談センター　萌　やまのて【居宅介護支援】北海道札幌市西区山の手１条１丁目３番地", "url2": "https://www.kaigokensaku.mhlw.go.jp/01/index.php?action_kouhyou_detail_004_kani=true&JigyosyoCd=0170403547-00&ServiceCd=430&Type=search" }, "geometry": { "type": "Point", "coordinates": [ 141.304297, 43.0694818 ] } },
{ "type": "Feature", "properties": { "内容": "ケアプランセンター裕【居宅介護支援】北海道札幌市西区琴似1条3丁目3番12号しなねん琴似ビル3階", "url2": "https://www.kaigokensaku.mhlw.go.jp/01/index.php?action_kouhyou_detail_004_kani=true&JigyosyoCd=0170403166-00&ServiceCd=430&Type=search" }, "geometry": { "type": "Point", "coordinates": [ 141.304996499999987, 43.0774226 ] } },
{ "type": "Feature", "properties": { "内容": "セントケア札幌【居宅介護支援】札幌市西区琴似一条六丁目４番３号札幌琴似第一ビル１Ｆ", "url2": "https://www.kaigokensaku.mhlw.go.jp/01/index.php?action_kouhyou_detail_004_kani=true&JigyosyoCd=0170500110-00&ServiceCd=430&Type=search" }, "geometry": { "type": "Point", "coordinates": [ 141.301556500000061, 43.0741163 ] } },
{ "type": "Feature", "properties": { "内容": "静和ケアプランセンター【居宅介護支援】札幌市西区琴似1条5丁目1-10琴似1条ビル2階", "url2": "https://www.kaigokensaku.mhlw.go.jp/01/index.php?action_kouhyou_detail_004_kani=true&JigyosyoCd=0110415379-00&ServiceCd=430&Type=search" }, "geometry": { "type": "Point", "coordinates": [ 141.304257799999959, 43.074995 ] } },
{ "type": "Feature", "properties": { "内容": "ケアプランセンター滝の詩【居宅介護支援】北海道札幌市西区発寒11条1丁目8番5号", "url2": "https://www.kaigokensaku.mhlw.go.jp/01/index.php?action_kouhyou_detail_004_kani=true&JigyosyoCd=0170401137-00&ServiceCd=430&Type=search" }, "geometry": { "type": "Point", "coordinates": [ 141.298337460713128, 43.091975073703964 ] } },
{ "type": "Feature", "properties": { "内容": "灯ーあかりーケアプランセンター【居宅介護支援】北海道札幌市西区二十四軒1条7丁目2番6ー106号ケントピア106号", "url2": "https://www.kaigokensaku.mhlw.go.jp/01/index.php?action_kouhyou_detail_004_kani=true&JigyosyoCd=0170406078-00&ServiceCd=430&Type=search" }, "geometry": { "type": "Point", "coordinates": [ 141.3131132, 43.066140200000014 ] } },
{ "type": "Feature", "properties": { "内容": "ニチイケアセンター八軒【居宅介護支援】北海道札幌市西区八軒１０条西６丁目５－１", "url2": "https://www.kaigokensaku.mhlw.go.jp/01/index.php?action_kouhyou_detail_004_kani=true&JigyosyoCd=0170400485-00&ServiceCd=430&Type=search" }, "geometry": { "type": "Point", "coordinates": [ 141.312347400000021, 43.0971568 ] } },
{ "type": "Feature", "properties": { "内容": "ケアプランセンターD-care【居宅介護支援】北海道札幌市西区西町南8丁目1-5　トレジャーガーデン302号", "url2": "https://www.kaigokensaku.mhlw.go.jp/01/index.php?action_kouhyou_detail_004_kani=true&JigyosyoCd=0170405880-00&ServiceCd=430&Type=search" }, "geometry": { "type": "Point", "coordinates": [ 141.2604409, 43.0856276 ] } },
{ "type": "Feature", "properties": { "内容": "ＣＰケアプランセンターけんそういん【居宅介護支援】北海道札幌市西区西野3条1丁目3-10", "url2": "https://www.kaigokensaku.mhlw.go.jp/01/index.php?action_kouhyou_detail_004_kani=true&JigyosyoCd=0170404727-00&ServiceCd=430&Type=search" }, "geometry": { "type": "Point", "coordinates": [ 141.282743100000062, 43.0721415 ] } },
{ "type": "Feature", "properties": { "内容": "りそねケアマネステーション【居宅介護支援】北海道札幌市西区西町南15丁目4-6高伸ハイツ306", "url2": "https://www.kaigokensaku.mhlw.go.jp/01/index.php?action_kouhyou_detail_004_kani=true&JigyosyoCd=0170406136-00&ServiceCd=430&Type=search" }, "geometry": { "type": "Point", "coordinates": [ 141.278856600000012, 43.0820238 ] } },
{ "type": "Feature", "properties": { "内容": "サニーライフ宮の沢　居宅介護支援事業所【居宅介護支援】北海道札幌市西区宮の沢2条4丁目7-18", "url2": "https://www.kaigokensaku.mhlw.go.jp/01/index.php?action_kouhyou_detail_004_kani=true&JigyosyoCd=0170406227-00&ServiceCd=430&Type=search" }, "geometry": { "type": "Point", "coordinates": [ 141.2657428, 43.0920904 ] } },
{ "type": "Feature", "properties": { "内容": "ケアプランセンターかるた【居宅介護支援】北海道札幌市厚別区厚別中央5条6丁目１番5号医療法人社団　H・N・メディック内", "url2": "https://www.kaigokensaku.mhlw.go.jp/01/index.php?action_kouhyou_detail_004_kani=true&JigyosyoCd=0170514954-00&ServiceCd=430&Type=search" }, "geometry": { "type": "Point", "coordinates": [ 141.470922300000012, 43.045881 ] } },
{ "type": "Feature", "properties": { "内容": "新札幌ひばりが丘ケアサポートセンター【居宅介護支援】札幌市厚別区厚別中央3条2丁目12番40号", "url2": "https://www.kaigokensaku.mhlw.go.jp/01/index.php?action_kouhyou_detail_004_kani=true&JigyosyoCd=0110316676-00&ServiceCd=430&Type=search" }, "geometry": { "type": "Point", "coordinates": [ 141.461327951589965, 43.035862718204605 ] } },
{ "type": "Feature", "properties": { "内容": "新札幌パウロ病院　指定居宅介護支援事業所【居宅介護支援】札幌市厚別区厚別東2条6丁目４番１号", "url2": "https://www.kaigokensaku.mhlw.go.jp/01/index.php?action_kouhyou_detail_004_kani=true&JigyosyoCd=0110510476-00&ServiceCd=430&Type=search" }, "geometry": { "type": "Point", "coordinates": [ 141.489862600000038, 43.0465122 ] } },
{ "type": "Feature", "properties": { "内容": "指定居宅介護支援事業所ディ・グリューネン【居宅介護支援】北海道札幌市厚別区厚別中央3条1丁目12番28号長谷川第2ビル2階", "url2": "https://www.kaigokensaku.mhlw.go.jp/01/index.php?action_kouhyou_detail_004_kani=true&JigyosyoCd=0150380046-00&ServiceCd=430&Type=search" }, "geometry": { "type": "Point", "coordinates": [ 141.455117345657584, 43.032213352591938 ] } },
{ "type": "Feature", "properties": { "内容": "医療法人徳洲会　介護老人保健施設コスモス介護センター【居宅介護支援】札幌市厚別区厚別町山本１０６３―２８", "url2": "https://www.kaigokensaku.mhlw.go.jp/01/index.php?action_kouhyou_detail_004_kani=true&JigyosyoCd=0150380095-00&ServiceCd=430&Type=search" }, "geometry": { "type": "Point", "coordinates": [ 141.460436100000038, 43.0671567 ] } },
{ "type": "Feature", "properties": { "内容": "なないろケアプランセンター【居宅介護支援】北海道札幌市厚別区もみじ台北７丁目１−２もみじ台ショッピングセンター２F", "url2": "https://www.kaigokensaku.mhlw.go.jp/01/index.php?action_kouhyou_detail_004_kani=true&JigyosyoCd=0170515993-00&ServiceCd=430&Type=search" }, "geometry": { "type": "Point", "coordinates": [ 141.492459700000012, 43.0318417 ] } },
{ "type": "Feature", "properties": { "内容": "ファミリークリニックこころ居宅介護支援事業所【居宅介護支援】北海道札幌市厚別区もみじ台東4丁目2-7", "url2": "https://www.kaigokensaku.mhlw.go.jp/01/index.php?action_kouhyou_detail_004_kani=true&JigyosyoCd=0170515175-00&ServiceCd=430&Type=search" }, "geometry": { "type": "Point", "coordinates": [ 141.4989899, 43.0301815 ] } },
{ "type": "Feature", "properties": { "内容": "居宅介護支援事業所コンシェルジュ厚別【居宅介護支援】北海道札幌市厚別区大谷地西６－１－３サカイコーポ1階", "url2": "https://www.kaigokensaku.mhlw.go.jp/01/index.php?action_kouhyou_detail_004_kani=true&JigyosyoCd=0170514939-00&ServiceCd=430&Type=search" }, "geometry": { "type": "Point", "coordinates": [ 141.455341, 43.0218248 ] } },
{ "type": "Feature", "properties": { "内容": "DCM居宅介護支援事業所【居宅介護支援】北海道札幌市厚別区厚別東５条１丁目２番１０号DCM厚別東店", "url2": "https://www.kaigokensaku.mhlw.go.jp/01/index.php?action_kouhyou_detail_004_kani=true&JigyosyoCd=0170514558-00&ServiceCd=430&Type=search" }, "geometry": { "type": "Point", "coordinates": [ 141.4755146, 43.0459167 ] } },
{ "type": "Feature", "properties": { "内容": "ケアプランセンターかなえ手【居宅介護支援】北海道札幌市厚別区厚別東3条3丁目14-50第6佐藤マンション102", "url2": "https://www.kaigokensaku.mhlw.go.jp/01/index.php?action_kouhyou_detail_004_kani=true&JigyosyoCd=0170514061-00&ServiceCd=430&Type=search" }, "geometry": { "type": "Point", "coordinates": [ 141.4826912, 43.0450598 ] } },
{ "type": "Feature", "properties": { "内容": "生活介護相談室ゆうづき【居宅介護支援】北海道札幌市厚別区もみじ台西3丁目3番5-102アルファスクエアもみじ台", "url2": "https://www.kaigokensaku.mhlw.go.jp/01/index.php?action_kouhyou_detail_004_kani=true&JigyosyoCd=0170513915-00&ServiceCd=430&Type=search" }, "geometry": { "type": "Point", "coordinates": [ 141.4885831, 43.0329758 ] } },
{ "type": "Feature", "properties": { "内容": "栄和会ケアプランセンター【居宅介護支援】北海道札幌市厚別区厚別南５丁目１番１０号", "url2": "https://www.kaigokensaku.mhlw.go.jp/01/index.php?action_kouhyou_detail_004_kani=true&JigyosyoCd=0170513725-00&ServiceCd=430&Type=search" }, "geometry": { "type": "Point", "coordinates": [ 141.4723464, 43.023681 ] } },
{ "type": "Feature", "properties": { "内容": "SOMPOケア札幌青葉　居宅介護支援【居宅介護支援】北海道札幌市厚別区青葉町13丁目5番40号", "url2": "https://www.kaigokensaku.mhlw.go.jp/01/index.php?action_kouhyou_detail_004_kani=true&JigyosyoCd=0170513246-00&ServiceCd=430&Type=search" }, "geometry": { "type": "Point", "coordinates": [ 141.480034899999964, 43.033239899999984 ] } },
{ "type": "Feature", "properties": { "内容": "ケアプランセンターラピネス【居宅介護支援】北海道札幌市厚別区厚別西3条5丁目5番25号", "url2": "https://www.kaigokensaku.mhlw.go.jp/01/index.php?action_kouhyou_detail_004_kani=true&JigyosyoCd=0170511547-00&ServiceCd=430&Type=search" }, "geometry": { "type": "Point", "coordinates": [ 141.469176473233006, 43.052354030538304 ] } },
{ "type": "Feature", "properties": { "内容": "介護相談センターえがお【居宅介護支援】北海道札幌市厚別区青葉町2丁目5－16", "url2": "https://www.kaigokensaku.mhlw.go.jp/01/index.php?action_kouhyou_detail_004_kani=true&JigyosyoCd=0170512784-00&ServiceCd=430&Type=search" }, "geometry": { "type": "Point", "coordinates": [ 141.474531708893778, 43.034559772286926 ] } },
{ "type": "Feature", "properties": { "内容": "居宅介護支援事業所「サポーティ・もみじ台」【居宅介護支援】北海道札幌市厚別区もみじ台北６丁目2-5-2", "url2": "https://www.kaigokensaku.mhlw.go.jp/01/index.php?action_kouhyou_detail_004_kani=true&JigyosyoCd=0170512529-00&ServiceCd=430&Type=search" }, "geometry": { "type": "Point", "coordinates": [ 141.493215400000054, 43.0350857 ] } },
{ "type": "Feature", "properties": { "内容": "社会福祉法人　札幌市社会福祉協議会　白石・厚別・清田相談センター【居宅介護支援】北海道札幌市厚別区大谷地東2丁目4-1札幌市交通局本局庁舎6階", "url2": "https://www.kaigokensaku.mhlw.go.jp/01/index.php?action_kouhyou_detail_004_kani=true&JigyosyoCd=0170508519-00&ServiceCd=430&Type=search" }, "geometry": { "type": "Point", "coordinates": [ 141.452251012303122, 43.028069200000189 ] } },
{ "type": "Feature", "properties": { "内容": "イリーゼ厚別居宅介護支援事業所【居宅介護支援】札幌市厚別区厚別東5条7丁目1-7イリーゼ厚別", "url2": "https://www.kaigokensaku.mhlw.go.jp/01/index.php?action_kouhyou_detail_004_kani=true&JigyosyoCd=0170509285-00&ServiceCd=430&Type=search" }, "geometry": { "type": "Point", "coordinates": [ 141.484620559524501, 43.052550212774051 ] } },
{ "type": "Feature", "properties": { "内容": "居宅介護支援事業所　厚別園【居宅介護支援】札幌市厚別区厚別東5条3丁目24番地9", "url2": "https://www.kaigokensaku.mhlw.go.jp/01/index.php?action_kouhyou_detail_004_kani=true&JigyosyoCd=0170508956-00&ServiceCd=430&Type=search" }, "geometry": { "type": "Point", "coordinates": [ 141.4794322, 43.0493536 ] } },
{ "type": "Feature", "properties": { "内容": "ケアプランセンター光生舎ゆいま～る・もみじ台【居宅介護支援】北海道札幌市厚別区もみじ台南３丁目４番地１", "url2": "https://www.kaigokensaku.mhlw.go.jp/01/index.php?action_kouhyou_detail_004_kani=true&JigyosyoCd=0170508105-00&ServiceCd=430&Type=search" }, "geometry": { "type": "Point", "coordinates": [ 141.494860300000028, 43.0247175 ] } },
{ "type": "Feature", "properties": { "内容": "居宅介護支援事業所ケアサポート青葉のまち【居宅介護支援】札幌市厚別区青葉町15丁目18番1号", "url2": "https://www.kaigokensaku.mhlw.go.jp/01/index.php?action_kouhyou_detail_004_kani=true&JigyosyoCd=0170503379-00&ServiceCd=430&Type=search" }, "geometry": { "type": "Point", "coordinates": [ 141.483764, 43.0269475 ] } },
{ "type": "Feature", "properties": { "内容": "指定居宅介護支援事業所かりぷ【居宅介護支援】北海道札幌市厚別区厚別中央５条６丁目５番２０号", "url2": "https://www.kaigokensaku.mhlw.go.jp/01/index.php?action_kouhyou_detail_004_kani=true&JigyosyoCd=0170500037-00&ServiceCd=430&Type=search" }, "geometry": { "type": "Point", "coordinates": [ 141.472175099999959, 43.046542500000015 ] } },
{ "type": "Feature", "properties": { "内容": "ケアプランセンター新さっぽろ【居宅介護支援】北海道札幌市厚別区厚別中央五条４丁目８番１２－７０３号", "url2": "https://www.kaigokensaku.mhlw.go.jp/01/index.php?action_kouhyou_detail_004_kani=true&JigyosyoCd=0170515613-00&ServiceCd=430&Type=search" }, "geometry": { "type": "Point", "coordinates": [ 141.469147600000014, 43.0467753 ] } },
{ "type": "Feature", "properties": { "内容": "介護の相談窓口新さっぽろ【居宅介護支援】札幌市厚別区厚別中央2条5丁目6番3号新さっぽろアークシティデュオ2　4階", "url2": "https://www.kaigokensaku.mhlw.go.jp/01/index.php?action_kouhyou_detail_004_kani=true&JigyosyoCd=0170512149-00&ServiceCd=430&Type=search" }, "geometry": { "type": "Point", "coordinates": [ 141.472408800000039, 43.0385295 ] } },
{ "type": "Feature", "properties": { "内容": "ケアプランセンター来夢【居宅介護支援】厚別北2条2丁目3－20", "url2": "https://www.kaigokensaku.mhlw.go.jp/01/index.php?action_kouhyou_detail_004_kani=true&JigyosyoCd=0170506364-00&ServiceCd=430&Type=search" }, "geometry": { "type": "Point", "coordinates": [ 141.4724125, 43.0545117 ] } },
{ "type": "Feature", "properties": { "内容": "イムス札幌リハビリテーション病院【居宅介護支援】札幌市手稲区手稲金山１２４番地", "url2": "https://www.kaigokensaku.mhlw.go.jp/01/index.php?action_kouhyou_detail_004_kani=true&JigyosyoCd=0110412467-00&ServiceCd=430&Type=search" }, "geometry": { "type": "Point", "coordinates": [ 141.198519, 43.1228922 ] } },
{ "type": "Feature", "properties": { "内容": "ウェルネスケアナビ札幌【居宅介護支援】札幌市手稲区前田７条８丁目２番15号", "url2": "https://www.kaigokensaku.mhlw.go.jp/01/index.php?action_kouhyou_detail_004_kani=true&JigyosyoCd=0170203681-00&ServiceCd=430&Type=search" }, "geometry": { "type": "Point", "coordinates": [ 141.260471700000011, 43.123988530721967 ] } },
{ "type": "Feature", "properties": { "内容": "手稲ゆうゆう指定居宅介護支援事業所【居宅介護支援】北海道札幌市手稲区稲穂5条2丁目6番5号", "url2": "https://www.kaigokensaku.mhlw.go.jp/01/index.php?action_kouhyou_detail_004_kani=true&JigyosyoCd=0170400055-00&ServiceCd=430&Type=search" }, "geometry": { "type": "Point", "coordinates": [ 141.227803, 43.1175687 ] } },
{ "type": "Feature", "properties": { "内容": "愛輪園居宅介護支援事業所【居宅介護支援】北海道札幌市手稲区西宮の沢4条3丁目3番40号", "url2": "https://www.kaigokensaku.mhlw.go.jp/01/index.php?action_kouhyou_detail_004_kani=true&JigyosyoCd=0170400105-00&ServiceCd=430&Type=search" }, "geometry": { "type": "Point", "coordinates": [ 141.2565022, 43.1000049 ] } },
{ "type": "Feature", "properties": { "内容": "札幌市稲寿園介護総合相談センター【居宅介護支援】北海道札幌市手稲区曙5条2丁目2-21", "url2": "https://www.kaigokensaku.mhlw.go.jp/01/index.php?action_kouhyou_detail_004_kani=true&JigyosyoCd=0170400121-00&ServiceCd=430&Type=search" }, "geometry": { "type": "Point", "coordinates": [ 141.237407100000041, 43.1328088 ] } },
{ "type": "Feature", "properties": { "内容": "秀友会介護保険相談センター【居宅介護支援】北海道札幌市手稲区前田4条10丁目2-8　タケシンスクエアビル3Fタケシンスクエアビル3F", "url2": "https://www.kaigokensaku.mhlw.go.jp/01/index.php?action_kouhyou_detail_004_kani=true&JigyosyoCd=0170400436-00&ServiceCd=430&Type=search" }, "geometry": { "type": "Point", "coordinates": [ 141.267989100000023, 43.1174502 ] } },
{ "type": "Feature", "properties": { "内容": "ケアプランセンター　ゆ・らいふ【居宅介護支援】北海道札幌市手稲区前田9条11丁目9-16国中ビル22号", "url2": "https://www.kaigokensaku.mhlw.go.jp/01/index.php?action_kouhyou_detail_004_kani=true&JigyosyoCd=0170401343-00&ServiceCd=430&Type=search" }, "geometry": { "type": "Point", "coordinates": [ 141.261802699999947, 43.1321818 ] } },
{ "type": "Feature", "properties": { "内容": "ケアプランむつみ【居宅介護支援】北海道札幌市手稲区富丘４条３丁目4-5", "url2": "https://www.kaigokensaku.mhlw.go.jp/01/index.php?action_kouhyou_detail_004_kani=true&JigyosyoCd=0170401939-00&ServiceCd=430&Type=search" }, "geometry": { "type": "Point", "coordinates": [ 141.249256800000012, 43.1037196 ] } },
{ "type": "Feature", "properties": { "内容": "合同会社ケアプランセンターあさ【居宅介護支援】北海道札幌市手稲区曙11条2丁目6-3", "url2": "https://www.kaigokensaku.mhlw.go.jp/01/index.php?action_kouhyou_detail_004_kani=true&JigyosyoCd=0170402069-00&ServiceCd=430&Type=search" }, "geometry": { "type": "Point", "coordinates": [ 141.2354767, 43.1466384 ] } },
{ "type": "Feature", "properties": { "内容": "ケアプランセンター渓仁会西【居宅介護支援】札幌市手稲区前田2条10丁目1番7号(介護老人福祉施設　手稲つむぎの杜)", "url2": "https://www.kaigokensaku.mhlw.go.jp/01/index.php?action_kouhyou_detail_004_kani=true&JigyosyoCd=0170402580-00&ServiceCd=430&Type=search" }, "geometry": { "type": "Point", "coordinates": [ 141.249529069480872, 43.120288686597675 ] } },
{ "type": "Feature", "properties": { "内容": "社会福祉法人　札幌市社会福祉協議会　手稲相談センター【居宅介護支援】北海道札幌市手稲区手稲本町２条２丁目1-1村田ビル１階", "url2": "https://www.kaigokensaku.mhlw.go.jp/01/index.php?action_kouhyou_detail_004_kani=true&JigyosyoCd=0170403497-00&ServiceCd=430&Type=search" }, "geometry": { "type": "Point", "coordinates": [ 141.243355, 43.1160221 ] } },
{ "type": "Feature", "properties": { "内容": "居宅介護支援事業所おおの【居宅介護支援】北海道札幌市手稲区星置3条4丁目2番25号マイトピアハイツ201号", "url2": "https://www.kaigokensaku.mhlw.go.jp/01/index.php?action_kouhyou_detail_004_kani=true&JigyosyoCd=0170403620-00&ServiceCd=430&Type=search" }, "geometry": { "type": "Point", "coordinates": [ 141.207964805557253, 43.138483813407269 ] } },
{ "type": "Feature", "properties": { "内容": "神愛園手稲高齢者居宅介護相談センター【居宅介護支援】北海道札幌市手稲区手稲金山133-5", "url2": "https://www.kaigokensaku.mhlw.go.jp/01/index.php?action_kouhyou_detail_004_kani=true&JigyosyoCd=0170404362-00&ServiceCd=430&Type=search" }, "geometry": { "type": "Point", "coordinates": [ 141.198835700000018, 43.1217812 ] } },
{ "type": "Feature", "properties": { "内容": "あらいぶ在宅介護支援センター【居宅介護支援】札幌市手稲区富丘3条4丁目10-30キロバビル2階", "url2": "https://www.kaigokensaku.mhlw.go.jp/01/index.php?action_kouhyou_detail_004_kani=true&JigyosyoCd=0170404891-00&ServiceCd=430&Type=search" }, "geometry": { "type": "Point", "coordinates": [ 141.250000238973485, 43.107051195775327 ] } },
{ "type": "Feature", "properties": { "内容": "SOMPOケア　札幌星置　居宅介護支援【居宅介護支援】北海道札幌市手稲区星置1条4丁目2-29", "url2": "https://www.kaigokensaku.mhlw.go.jp/01/index.php?action_kouhyou_detail_004_kani=true&JigyosyoCd=0170404966-00&ServiceCd=430&Type=search" }, "geometry": { "type": "Point", "coordinates": [ 141.209210268317293, 43.132694315981496 ] } },
{ "type": "Feature", "properties": { "内容": "勤医協ていね居宅介護支援事業所【居宅介護支援】北海道札幌市手稲区新発寒６条３丁目９番３号", "url2": "https://www.kaigokensaku.mhlw.go.jp/01/index.php?action_kouhyou_detail_004_kani=true&JigyosyoCd=0170405252-00&ServiceCd=430&Type=search" }, "geometry": { "type": "Point", "coordinates": [ 141.279105100000038, 43.1172725 ] } },
{ "type": "Feature", "properties": { "内容": "温ったか介護ぬくぬく【居宅介護支援】札幌市手稲区稲穂３条２丁目４番２０号ぬくもり山荘", "url2": "https://www.kaigokensaku.mhlw.go.jp/01/index.php?action_kouhyou_detail_004_kani=true&JigyosyoCd=0170400741-00&ServiceCd=430&Type=search" }, "geometry": { "type": "Point", "coordinates": [ 141.230238399999962, 43.1202408 ] } },
{ "type": "Feature", "properties": { "内容": "ツクイ札幌稲穂【居宅介護支援】北海道札幌市手稲区稲穂3条4丁目5-37", "url2": "https://www.kaigokensaku.mhlw.go.jp/01/index.php?action_kouhyou_detail_004_kani=true&JigyosyoCd=0170405401-00&ServiceCd=430&Type=search" }, "geometry": { "type": "Point", "coordinates": [ 141.2236675, 43.1221106 ] } },
{ "type": "Feature", "properties": { "内容": "手稲ロータス指定居宅介護支援事業所【居宅介護支援】北海道札幌市手稲区稲穂3条6丁目7番5号", "url2": "https://www.kaigokensaku.mhlw.go.jp/01/index.php?action_kouhyou_detail_004_kani=true&JigyosyoCd=0170405369-00&ServiceCd=430&Type=search" }, "geometry": { "type": "Point", "coordinates": [ 141.215032199999968, 43.1261503 ] } },
{ "type": "Feature", "properties": { "内容": "北都病院居宅介護支援事業所【居宅介護支援】札幌市手稲区手稲本町3条4丁目2番5号", "url2": "https://www.kaigokensaku.mhlw.go.jp/01/index.php?action_kouhyou_detail_004_kani=true&JigyosyoCd=0110416120-00&ServiceCd=430&Type=search" }, "geometry": { "type": "Point", "coordinates": [ 141.2378079, 43.119141 ] } },
{ "type": "Feature", "properties": { "内容": "ゆうき介護相談センター【居宅介護支援】北海道札幌市手稲区前田1条1丁目5番10号", "url2": "https://www.kaigokensaku.mhlw.go.jp/01/index.php?action_kouhyou_detail_004_kani=true&JigyosyoCd=0170406029-00&ServiceCd=430&Type=search" }, "geometry": { "type": "Point", "coordinates": [ 142.863473699999986, 43.2203266 ] } },
{ "type": "Feature", "properties": { "内容": "ホームケアサポートMeetSmile【居宅介護支援】北海道札幌市手稲区曙７条１丁目６－２６", "url2": "https://www.kaigokensaku.mhlw.go.jp/01/index.php?action_kouhyou_detail_004_kani=true&JigyosyoCd=0170405351-00&ServiceCd=430&Type=search" }, "geometry": { "type": "Point", "coordinates": [ 141.2389418, 43.1392038 ] } },
{ "type": "Feature", "properties": { "内容": "ライフサポートみき【居宅介護支援】北海道札幌市手稲区前田9条14丁目1番25号", "url2": "https://www.kaigokensaku.mhlw.go.jp/01/index.php?action_kouhyou_detail_004_kani=true&JigyosyoCd=0170405096-00&ServiceCd=430&Type=search" }, "geometry": { "type": "Point", "coordinates": [ 141.254577, 43.1347664 ] } },
{ "type": "Feature", "properties": { "内容": "奏笑ケアプランセンター【居宅介護支援】札幌市手稲区西宮の沢2条3丁目4番12-101号", "url2": "https://www.kaigokensaku.mhlw.go.jp/01/index.php?action_kouhyou_detail_004_kani=true&JigyosyoCd=0170405021-00&ServiceCd=430&Type=search" }, "geometry": { "type": "Point", "coordinates": [ 141.2622883, 43.1033364 ] } },
{ "type": "Feature", "properties": { "内容": "居宅ピンポンハート【居宅介護支援】北海道札幌市手稲区曙2条3丁目4-28ピンポンホームほっこり", "url2": "https://www.kaigokensaku.mhlw.go.jp/01/index.php?action_kouhyou_detail_004_kani=true&JigyosyoCd=0170404842-00&ServiceCd=430&Type=search" }, "geometry": { "type": "Point", "coordinates": [ 141.23753750000003, 43.134541900000038 ] } },
{ "type": "Feature", "properties": { "内容": "あんみケアプランセンター【居宅介護支援】北海道札幌市手稲区稲穂３条４丁目2‐3", "url2": "https://www.kaigokensaku.mhlw.go.jp/01/index.php?action_kouhyou_detail_004_kani=true&JigyosyoCd=0170405302-00&ServiceCd=430&Type=search" }, "geometry": { "type": "Point", "coordinates": [ 141.22458290000003, 43.1225499 ] } },
{ "type": "Feature", "properties": { "内容": "ケアプランセンターパレード【居宅介護支援】北海道札幌市手稲区西宮の沢4条3丁目2番ビレッジハウス西宮の沢4号棟　304号室", "url2": "https://www.kaigokensaku.mhlw.go.jp/01/index.php?action_kouhyou_detail_004_kani=true&JigyosyoCd=0170405724-00&ServiceCd=430&Type=search" }, "geometry": { "type": "Point", "coordinates": [ 141.257265499999988, 43.0985197 ] } },
{ "type": "Feature", "properties": { "内容": "イリーゼ西宮の沢居宅介護支援事業所【居宅介護支援】北海道札幌市手稲区西宮の沢5条1丁目15番11号", "url2": "https://www.kaigokensaku.mhlw.go.jp/01/index.php?action_kouhyou_detail_004_kani=true&JigyosyoCd=0170404503-00&ServiceCd=430&Type=search" }, "geometry": { "type": "Point", "coordinates": [ 141.2602882, 43.0939416 ] } },
{ "type": "Feature", "properties": { "内容": "ケアプランセンター我が家【居宅介護支援】北海道札幌市手稲区前田5条15丁目7-20", "url2": "https://www.kaigokensaku.mhlw.go.jp/01/index.php?action_kouhyou_detail_004_kani=true&JigyosyoCd=0170406037-00&ServiceCd=430&Type=search" }, "geometry": { "type": "Point", "coordinates": [ 141.242013899999989, 43.1318921 ] } },
{ "type": "Feature", "properties": { "内容": "清幌園居宅介護支援事業所【居宅介護支援】北海道札幌市清田区北野７条４丁目８番２５号", "url2": "https://www.kaigokensaku.mhlw.go.jp/01/index.php?action_kouhyou_detail_004_kani=true&JigyosyoCd=0170500367-00&ServiceCd=430&Type=search" }, "geometry": { "type": "Point", "coordinates": [ 141.443520700000022, 43.0213055 ] } },
{ "type": "Feature", "properties": { "内容": "秀寿園居宅介護支援事業所【居宅介護支援】札幌市清田区真栄３９５番地１", "url2": "https://www.kaigokensaku.mhlw.go.jp/01/index.php?action_kouhyou_detail_004_kani=true&JigyosyoCd=0170500060-00&ServiceCd=430&Type=search" }, "geometry": { "type": "Point", "coordinates": [ 141.4393043, 42.9766326 ] } },
{ "type": "Feature", "properties": { "内容": "あおいケア北野【居宅介護支援】札幌市清田区北野7条2丁目12－14", "url2": "https://www.kaigokensaku.mhlw.go.jp/01/index.php?action_kouhyou_detail_004_kani=true&JigyosyoCd=0170505853-00&ServiceCd=430&Type=search" }, "geometry": { "type": "Point", "coordinates": [ 141.4372462, 43.0224024 ] } },
{ "type": "Feature", "properties": { "内容": "尚仁会　居宅介護支援事業所「しんえい」【居宅介護支援】札幌市清田区真栄331番地", "url2": "https://www.kaigokensaku.mhlw.go.jp/01/index.php?action_kouhyou_detail_004_kani=true&JigyosyoCd=0110314705-00&ServiceCd=430&Type=search" }, "geometry": { "type": "Point", "coordinates": [ 141.444084400000094, 42.9784687 ] } },
{ "type": "Feature", "properties": { "内容": "ケアプランセンターかたりな【居宅介護支援】北海道札幌市清田区平岡８条４丁目１０番５号", "url2": "https://www.kaigokensaku.mhlw.go.jp/01/index.php?action_kouhyou_detail_004_kani=true&JigyosyoCd=0170513964-00&ServiceCd=430&Type=search" }, "geometry": { "type": "Point", "coordinates": [ 141.463987, 43.0089424 ] } },
{ "type": "Feature", "properties": { "内容": "ケアプランセンターデイズ【居宅介護支援】北海道札幌市清田区里塚緑ヶ丘８丁目15-8", "url2": "https://www.kaigokensaku.mhlw.go.jp/01/index.php?action_kouhyou_detail_004_kani=true&JigyosyoCd=0170515563-00&ServiceCd=430&Type=search" }, "geometry": { "type": "Point", "coordinates": [ 141.473696100000012, 42.9911909 ] } },
{ "type": "Feature", "properties": { "内容": "指定居宅介護支援事業所楓あざみ【居宅介護支援】北海道札幌市清田区清田7条2丁目8番3号", "url2": "https://www.kaigokensaku.mhlw.go.jp/01/index.php?action_kouhyou_detail_004_kani=true&JigyosyoCd=0170513089-00&ServiceCd=430&Type=search" }, "geometry": { "type": "Point", "coordinates": [ 141.4333342, 42.9848389 ] } },
{ "type": "Feature", "properties": { "内容": "医療法人徳洲会　ケアプランセンター南徳洲会【居宅介護支援】札幌市清田区平岡5条1丁目5-1札幌南徳洲会病院内", "url2": "https://www.kaigokensaku.mhlw.go.jp/01/index.php?action_kouhyou_detail_004_kani=true&JigyosyoCd=0170512867-00&ServiceCd=430&Type=search" }, "geometry": { "type": "Point", "coordinates": [ 141.451477382250545, 43.008507023349054 ] } },
{ "type": "Feature", "properties": { "内容": "居宅介護支援センター札幌南【居宅介護支援】札幌市清田区里塚２条２丁目４－２１", "url2": "https://www.kaigokensaku.mhlw.go.jp/01/index.php?action_kouhyou_detail_004_kani=true&JigyosyoCd=0170512677-00&ServiceCd=430&Type=search" }, "geometry": { "type": "Point", "coordinates": [ 141.461498900000038, 42.9892207 ] } },
{ "type": "Feature", "properties": { "内容": "居宅介護支援事業所セラヴィ【居宅介護支援】北海道札幌市清田区真栄319", "url2": "https://www.kaigokensaku.mhlw.go.jp/01/index.php?action_kouhyou_detail_004_kani=true&JigyosyoCd=0170510028-00&ServiceCd=430&Type=search" }, "geometry": { "type": "Point", "coordinates": [ 141.444582892416094, 42.977407815908279 ] } },
{ "type": "Feature", "properties": { "内容": "社会福祉法人　ノテ福祉会　居宅介護支援事業所　ノテ真栄【居宅介護支援】北海道札幌市清田区真栄434番地6", "url2": "https://www.kaigokensaku.mhlw.go.jp/01/index.php?action_kouhyou_detail_004_kani=true&JigyosyoCd=0170505986-00&ServiceCd=430&Type=search" }, "geometry": { "type": "Point", "coordinates": [ 141.43185463490093, 42.972030242491137 ] } },
{ "type": "Feature", "properties": { "内容": "居宅介護支援事業所　桜テラス平岡【居宅介護支援】札幌市清田区平岡1条2丁目12-11", "url2": "https://www.kaigokensaku.mhlw.go.jp/01/index.php?action_kouhyou_detail_004_kani=true&JigyosyoCd=0170500318-00&ServiceCd=430&Type=search" }, "geometry": { "type": "Point", "coordinates": [ 141.446744348436823, 42.996897162457735 ] } },
{ "type": "Feature", "properties": { "内容": "指定居宅介護支援事業所はる清田【居宅介護支援】北海道札幌市清田区真栄1条1丁目1-15ウィステリア清田GF", "url2": "https://www.kaigokensaku.mhlw.go.jp/01/index.php?action_kouhyou_detail_004_kani=true&JigyosyoCd=0170508725-00&ServiceCd=430&Type=search" }, "geometry": { "type": "Point", "coordinates": [ 141.43928704921268, 42.999253654508877 ] } },
{ "type": "Feature", "properties": { "内容": "清幌園里塚緑ヶ丘ケアプランセンター【居宅介護支援】北海道札幌市清田区里塚緑ヶ丘７丁目１４番１号", "url2": "https://www.kaigokensaku.mhlw.go.jp/01/index.php?action_kouhyou_detail_004_kani=true&JigyosyoCd=0170507610-00&ServiceCd=430&Type=search" }, "geometry": { "type": "Point", "coordinates": [ 141.47719189999998, 42.9917458 ] } },
{ "type": "Feature", "properties": { "内容": "介護相談どころ・ぽっけ【居宅介護支援】札幌市清田区清田1条2丁目２－２", "url2": "https://www.kaigokensaku.mhlw.go.jp/01/index.php?action_kouhyou_detail_004_kani=true&JigyosyoCd=0170501563-00&ServiceCd=430&Type=search" }, "geometry": { "type": "Point", "coordinates": [ 141.440138899999965, 43.002099 ] } },
{ "type": "Feature", "properties": { "内容": "神愛園清田高齢者居宅介護相談センター【居宅介護支援】札幌市清田区清田6条１丁目１－３０", "url2": "https://www.kaigokensaku.mhlw.go.jp/01/index.php?action_kouhyou_detail_004_kani=true&JigyosyoCd=0170500243-00&ServiceCd=430&Type=search" }, "geometry": { "type": "Point", "coordinates": [ 141.420438200000035, 42.9965297 ] } },
{ "type": "Feature", "properties": { "内容": "ケアプランセンターのぞみ【居宅介護支援】北海道札幌市清田区美しが丘２条７丁目３番６号", "url2": "https://www.kaigokensaku.mhlw.go.jp/01/index.php?action_kouhyou_detail_004_kani=true&JigyosyoCd=0170508626-00&ServiceCd=430&Type=search" }, "geometry": { "type": "Point", "coordinates": [ 141.4607404, 42.9793585 ] } },
{ "type": "Feature", "properties": { "内容": "医療法人社団エスエスジェイ　居宅介護支援事業所　北野のかけ橋【居宅介護支援】札幌市清田北野１条２丁目１１番２５号", "url2": "https://www.kaigokensaku.mhlw.go.jp/01/index.php?action_kouhyou_detail_004_kani=true&JigyosyoCd=0110316213-00&ServiceCd=430&Type=search" }, "geometry": { "type": "Point", "coordinates": [ 141.4303334, 43.0066754 ] } },
{ "type": "Feature", "properties": { "内容": "鈴木内科居宅介護支援事業所【居宅介護支援】北海道札幌市清田区清田4条2丁目10-25", "url2": "https://www.kaigokensaku.mhlw.go.jp/01/index.php?action_kouhyou_detail_004_kani=true&JigyosyoCd=0110317328-00&ServiceCd=430&Type=search" }, "geometry": { "type": "Point", "coordinates": [ 141.431254466934206, 42.998144744824721 ] } },
{ "type": "Feature", "properties": { "内容": "介護支援ハーベスト【居宅介護支援】札幌市清田区北野3条3丁目27番6号", "url2": "https://www.kaigokensaku.mhlw.go.jp/01/index.php?action_kouhyou_detail_004_kani=true&JigyosyoCd=0170506927-00&ServiceCd=430&Type=search" }, "geometry": { "type": "Point", "coordinates": [ 141.435607166378759, 43.013752972961775 ] } },
{ "type": "Feature", "properties": { "内容": "居宅介護支援事業所office　kato【居宅介護支援】北海道札幌市清田区清田６条１丁目７番３１号", "url2": "https://www.kaigokensaku.mhlw.go.jp/01/index.php?action_kouhyou_detail_004_kani=true&JigyosyoCd=0170512354-00&ServiceCd=430&Type=search" }, "geometry": { "type": "Point", "coordinates": [ 141.421285300000022, 42.9964075 ] } },
{ "type": "Feature", "properties": { "内容": "北野病院　居宅介護支援事業所【居宅介護支援】北海道札幌市清田区北野1条1丁目6－30", "url2": "https://www.kaigokensaku.mhlw.go.jp/01/index.php?action_kouhyou_detail_004_kani=true&JigyosyoCd=0170515209-00&ServiceCd=430&Type=search" }, "geometry": { "type": "Point", "coordinates": [ 141.426071799999988, 43.0093543 ] } },
{ "type": "Feature", "properties": { "内容": "ひとみケアプランセンター【居宅介護支援】北海道　札幌市　清田区真栄1条2丁目1番28号真栄ビル308号室", "url2": "https://www.kaigokensaku.mhlw.go.jp/01/index.php?action_kouhyou_detail_004_kani=true&JigyosyoCd=0170513840-00&ServiceCd=430&Type=search" }, "geometry": { "type": "Point", "coordinates": [ 141.4420159, 42.9961956 ] } },
{ "type": "Feature", "properties": { "内容": "みどりケアプランセンター【居宅介護支援】北海道札幌市清田区里塚1条2丁目18番1号", "url2": "https://www.kaigokensaku.mhlw.go.jp/01/index.php?action_kouhyou_detail_004_kani=true&JigyosyoCd=0170514640-00&ServiceCd=430&Type=search" }, "geometry": { "type": "Point", "coordinates": [ 141.459533, 42.9895368 ] } },
{ "type": "Feature", "properties": { "内容": "ケアプランセンターＣＬＡＰ【居宅介護支援】札幌市清田区北野5条5丁目15番23号サンローゼ北野A201号室", "url2": "https://www.kaigokensaku.mhlw.go.jp/01/index.php?action_kouhyou_detail_004_kani=true&JigyosyoCd=0170515712-00&ServiceCd=430&Type=search" }, "geometry": { "type": "Point", "coordinates": [ 141.4506108, 43.0144064 ] } },
{ "type": "Feature", "properties": { "内容": "指定居宅介護支援事業所　すずらん【居宅介護支援】北海道函館市宮前町11番10号みやびの和　206号", "url2": "https://www.kaigokensaku.mhlw.go.jp/01/index.php?action_kouhyou_detail_004_kani=true&JigyosyoCd=0171400831-00&ServiceCd=430&Type=search" }, "geometry": { "type": "Point", "coordinates": [ 140.734823, 41.7886666 ] } },
{ "type": "Feature", "properties": { "内容": "居宅介護支援事業所　テーオーケアサービス【居宅介護支援】函館市北浜町５番１２号", "url2": "https://www.kaigokensaku.mhlw.go.jp/01/index.php?action_kouhyou_detail_004_kani=true&JigyosyoCd=0171402829-00&ServiceCd=430&Type=search" }, "geometry": { "type": "Point", "coordinates": [ 140.727770436909481, 41.797569345158017 ] } },
{ "type": "Feature", "properties": { "内容": "居宅介護支援事業所なでしこ【居宅介護支援】北海道函館市大縄町20番19号", "url2": "https://www.kaigokensaku.mhlw.go.jp/01/index.php?action_kouhyou_detail_004_kani=true&JigyosyoCd=0171403223-00&ServiceCd=430&Type=search" }, "geometry": { "type": "Point", "coordinates": [ 140.734587199999964, 41.7832199 ] } },
{ "type": "Feature", "properties": { "内容": "居宅介護支援事業所テーオーケアサービス【居宅介護支援】北海道函館市北浜町5-10", "url2": "https://www.kaigokensaku.mhlw.go.jp/01/index.php?action_kouhyou_detail_004_kani=true&JigyosyoCd=0171404288-00&ServiceCd=430&Type=search" }, "geometry": { "type": "Point", "coordinates": [ 140.727487197483811, 41.797055495963079 ] } },
{ "type": "Feature", "properties": { "内容": "ケアプランセンターむすぶ【居宅介護支援】北海道函館市上新川町9番10号平野マンション202号室", "url2": "https://www.kaigokensaku.mhlw.go.jp/01/index.php?action_kouhyou_detail_004_kani=true&JigyosyoCd=0171404304-00&ServiceCd=430&Type=search" }, "geometry": { "type": "Point", "coordinates": [ 140.738016690492657, 41.779478608952637 ] } },
{ "type": "Feature", "properties": { "内容": "居宅介護支援事業所プリマステラ【居宅介護支援】北海道函館市湯川町2丁目43-4", "url2": "https://www.kaigokensaku.mhlw.go.jp/01/index.php?action_kouhyou_detail_004_kani=true&JigyosyoCd=0171405194-00&ServiceCd=430&Type=search" }, "geometry": { "type": "Point", "coordinates": [ 140.788057049073814, 41.785328699308792 ] } },
{ "type": "Feature", "properties": { "内容": "プランニングセンター　アリア【居宅介護支援】北海道函館市大森町17-12ハウスマルキタ202号", "url2": "https://www.kaigokensaku.mhlw.go.jp/01/index.php?action_kouhyou_detail_004_kani=true&JigyosyoCd=0171403025-00&ServiceCd=430&Type=search" }, "geometry": { "type": "Point", "coordinates": [ 140.7340044, 41.770205 ] } },
{ "type": "Feature", "properties": { "内容": "ケアプランセンター明日葉【居宅介護支援】函館市堀川町22番3号", "url2": "https://www.kaigokensaku.mhlw.go.jp/01/index.php?action_kouhyou_detail_004_kani=true&JigyosyoCd=0171402589-00&ServiceCd=430&Type=search" }, "geometry": { "type": "Point", "coordinates": [ 140.74502, 41.7781346 ] } },
{ "type": "Feature", "properties": { "内容": "居宅介護支援事業所　　函館在宅ケア【居宅介護支援】北海道函館市住吉町２番１３号住宅型有料老人ホーム泰１階", "url2": "https://www.kaigokensaku.mhlw.go.jp/01/index.php?action_kouhyou_detail_004_kani=true&JigyosyoCd=0171403652-00&ServiceCd=430&Type=search" }, "geometry": { "type": "Point", "coordinates": [ 140.715956118605021, 41.749869573527562 ] } },
{ "type": "Feature", "properties": { "内容": "ケアプランセンターハートToハート【居宅介護支援】北海道函館市北浜町5番10号", "url2": "https://www.kaigokensaku.mhlw.go.jp/01/index.php?action_kouhyou_detail_004_kani=true&JigyosyoCd=0171405566-00&ServiceCd=430&Type=search" }, "geometry": { "type": "Point", "coordinates": [ 140.7274722, 41.7970254 ] } },
{ "type": "Feature", "properties": { "内容": "ケアプランセンター港【居宅介護支援】北海道函館市港町1丁目23番21号シャトーツイン201", "url2": "https://www.kaigokensaku.mhlw.go.jp/01/index.php?action_kouhyou_detail_004_kani=true&JigyosyoCd=0171405210-00&ServiceCd=430&Type=search" }, "geometry": { "type": "Point", "coordinates": [ 140.723591, 41.8039172 ] } },
{ "type": "Feature", "properties": { "内容": "ケアプランセンターとびらプラス【居宅介護支援】北海道函館市神山1丁目10番3-101号グリーンヒルズ101号", "url2": "https://www.kaigokensaku.mhlw.go.jp/01/index.php?action_kouhyou_detail_004_kani=true&JigyosyoCd=0171405491-00&ServiceCd=430&Type=search" }, "geometry": { "type": "Point", "coordinates": [ 141.3913143, 43.038659 ] } },
{ "type": "Feature", "properties": { "内容": "ケアプランセンターシュ・シュ【居宅介護支援】北海道函館市花園町２１番１１号", "url2": "https://www.kaigokensaku.mhlw.go.jp/01/index.php?action_kouhyou_detail_004_kani=true&JigyosyoCd=0171405384-00&ServiceCd=430&Type=search" }, "geometry": { "type": "Point", "coordinates": [ 140.782242700000012, 41.7917565 ] } },
{ "type": "Feature", "properties": { "内容": "居宅介護支援事業所　西桔梗【居宅介護支援】函館市西桔梗町735番地4", "url2": "https://www.kaigokensaku.mhlw.go.jp/01/index.php?action_kouhyou_detail_004_kani=true&JigyosyoCd=0151480084-00&ServiceCd=430&Type=search" }, "geometry": { "type": "Point", "coordinates": [ 140.716369, 41.8451153 ] } },
{ "type": "Feature", "properties": { "内容": "医療法人大庚会ケアプランセンターこん【居宅介護支援】北海道函館市本町３０番３６号", "url2": "https://www.kaigokensaku.mhlw.go.jp/01/index.php?action_kouhyou_detail_004_kani=true&JigyosyoCd=0111416533-00&ServiceCd=430&Type=search" }, "geometry": { "type": "Point", "coordinates": [ 140.753804899999977, 41.7875812 ] } },
{ "type": "Feature", "properties": { "内容": "指定居宅介護支援事業所　スマイルはこだて【居宅介護支援】北海道函館市石川町３３１番地１", "url2": "https://www.kaigokensaku.mhlw.go.jp/01/index.php?action_kouhyou_detail_004_kani=true&JigyosyoCd=0111415980-00&ServiceCd=430&Type=search" }, "geometry": { "type": "Point", "coordinates": [ 140.738157199999932, 41.82496 ] } },
{ "type": "Feature", "properties": { "内容": "Journeyofalifetime【居宅介護支援】函館市美原5丁目21-20コーポM＆YⅡ　B号室", "url2": "https://www.kaigokensaku.mhlw.go.jp/01/index.php?action_kouhyou_detail_004_kani=true&JigyosyoCd=0161490198-00&ServiceCd=430&Type=search" }, "geometry": { "type": "Point", "coordinates": [ 140.7493843, 41.824616 ] } },
{ "type": "Feature", "properties": { "内容": "高橋病院指定居宅介護支援事業所「元町」【居宅介護支援】北海道函館市宝来町14番27号介護老人保健施設ゆとりろ", "url2": "https://www.kaigokensaku.mhlw.go.jp/01/index.php?action_kouhyou_detail_004_kani=true&JigyosyoCd=0111410346-00&ServiceCd=430&Type=search" }, "geometry": { "type": "Point", "coordinates": [ 140.721815878845831, 41.757639867333445 ] } },
{ "type": "Feature", "properties": { "内容": "函館脳神経外科指定居宅介護支援事業所【居宅介護支援】北海道函館市神山１丁目４番１２号", "url2": "https://www.kaigokensaku.mhlw.go.jp/01/index.php?action_kouhyou_detail_004_kani=true&JigyosyoCd=0111415006-00&ServiceCd=430&Type=search" }, "geometry": { "type": "Point", "coordinates": [ 140.763097799999969, 41.8131872 ] } },
{ "type": "Feature", "properties": { "内容": "指定居宅介護支援事業所　グランドサン亀田【居宅介護支援】北海道函館市石川町191番地4", "url2": "https://www.kaigokensaku.mhlw.go.jp/01/index.php?action_kouhyou_detail_004_kani=true&JigyosyoCd=0151480019-00&ServiceCd=430&Type=search" }, "geometry": { "type": "Point", "coordinates": [ 140.742872495770229, 41.835844023740393 ] } },
{ "type": "Feature", "properties": { "内容": "指定居宅介護支援事業所はぁとふる日吉【居宅介護支援】北海道函館市日吉町4丁目7番81号", "url2": "https://www.kaigokensaku.mhlw.go.jp/01/index.php?action_kouhyou_detail_004_kani=true&JigyosyoCd=0151480027-00&ServiceCd=430&Type=search" }, "geometry": { "type": "Point", "coordinates": [ 140.795093800000018, 41.8021869 ] } },
{ "type": "Feature", "properties": { "内容": "ＳＯＭＰＯケア函館昭和居宅介護支援【居宅介護支援】北海道函館市昭和4丁目30-35", "url2": "https://www.kaigokensaku.mhlw.go.jp/01/index.php?action_kouhyou_detail_004_kani=true&JigyosyoCd=0171404635-00&ServiceCd=430&Type=search" }, "geometry": { "type": "Point", "coordinates": [ 140.731966400000033, 41.8166858 ] } },
{ "type": "Feature", "properties": { "内容": "アースサポート函館【居宅介護支援】北海道函館市富岡町３丁目１番１号", "url2": "https://www.kaigokensaku.mhlw.go.jp/01/index.php?action_kouhyou_detail_004_kani=true&JigyosyoCd=0171402258-00&ServiceCd=430&Type=search" }, "geometry": { "type": "Point", "coordinates": [ 140.752598499999976, 41.8075625 ] } },
{ "type": "Feature", "properties": { "内容": "ケアパートナー函館【居宅介護支援】函館市日吉町3丁目21‐14", "url2": "https://www.kaigokensaku.mhlw.go.jp/01/index.php?action_kouhyou_detail_004_kani=true&JigyosyoCd=0171402001-00&ServiceCd=430&Type=search" }, "geometry": { "type": "Point", "coordinates": [ 140.786644799999976, 41.7987256 ] } },
{ "type": "Feature", "properties": { "内容": "ケアプランセンターふかせ【居宅介護支援】北海道函館市宮前町27番11号北海道函館市宮前町27番11号", "url2": "https://www.kaigokensaku.mhlw.go.jp/01/index.php?action_kouhyou_detail_004_kani=true&JigyosyoCd=0171405111-00&ServiceCd=430&Type=search" }, "geometry": { "type": "Point", "coordinates": [ 140.73829734954532, 41.790739377331121 ] } },
{ "type": "Feature", "properties": { "内容": "医療法人社団　恵翔会　在宅介護相談センター【居宅介護支援】北海道函館市千代台町17番13号カームレスト千代台201", "url2": "https://www.kaigokensaku.mhlw.go.jp/01/index.php?action_kouhyou_detail_004_kani=true&JigyosyoCd=0171403264-00&ServiceCd=430&Type=search" }, "geometry": { "type": "Point", "coordinates": [ 140.748171899999988, 41.7832227 ] } },
{ "type": "Feature", "properties": { "内容": "ケアプランセンターおおむら【居宅介護支援】北海道函館市石川町125番地1", "url2": "https://www.kaigokensaku.mhlw.go.jp/01/index.php?action_kouhyou_detail_004_kani=true&JigyosyoCd=0171400856-00&ServiceCd=430&Type=search" }, "geometry": { "type": "Point", "coordinates": [ 140.745867100000027, 41.832735500000034 ] } },
{ "type": "Feature", "properties": { "内容": "居宅介護支援センターあさひ【居宅介護支援】函館市桔梗町557介護老人保健施設ジョイウェルス桔梗", "url2": "https://www.kaigokensaku.mhlw.go.jp/01/index.php?action_kouhyou_detail_004_kani=true&JigyosyoCd=0171400054-00&ServiceCd=430&Type=search" }, "geometry": { "type": "Point", "coordinates": [ 140.754061119978843, 41.860526914396885 ] } },
{ "type": "Feature", "properties": { "内容": "ケアプランセンターぱるむ【居宅介護支援】北海道函館市金堀町5番3号", "url2": "https://www.kaigokensaku.mhlw.go.jp/01/index.php?action_kouhyou_detail_004_kani=true&JigyosyoCd=0171404338-00&ServiceCd=430&Type=search" }, "geometry": { "type": "Point", "coordinates": [ 140.755691500000012, 41.779087599999983 ] } },
{ "type": "Feature", "properties": { "内容": "ケアプランセンター富岡【居宅介護支援】北海道函館市富岡町３丁目２６番１３号", "url2": "https://www.kaigokensaku.mhlw.go.jp/01/index.php?action_kouhyou_detail_004_kani=true&JigyosyoCd=0171404106-00&ServiceCd=430&Type=search" }, "geometry": { "type": "Point", "coordinates": [ 140.752592667091562, 41.809594271366336 ] } },
{ "type": "Feature", "properties": { "内容": "ケアプランセンター豊川【居宅介護支援】北海道函館市豊川町2番11号豊川町アパートメント403", "url2": "https://www.kaigokensaku.mhlw.go.jp/01/index.php?action_kouhyou_detail_004_kani=true&JigyosyoCd=0171405079-00&ServiceCd=430&Type=search" }, "geometry": { "type": "Point", "coordinates": [ 140.720294200000012, 41.764548 ] } },
{ "type": "Feature", "properties": { "内容": "居宅介護支援事業所なないろ【居宅介護支援】函館市亀田町１７番３４号", "url2": "https://www.kaigokensaku.mhlw.go.jp/01/index.php?action_kouhyou_detail_004_kani=true&JigyosyoCd=0171404056-00&ServiceCd=430&Type=search" }, "geometry": { "type": "Point", "coordinates": [ 140.7349365, 41.7972325 ] } },
{ "type": "Feature", "properties": { "内容": "居宅介護支援事業所あんじゅう【居宅介護支援】函館市金堀町8番20号", "url2": "https://www.kaigokensaku.mhlw.go.jp/01/index.php?action_kouhyou_detail_004_kani=true&JigyosyoCd=0171402324-00&ServiceCd=430&Type=search" }, "geometry": { "type": "Point", "coordinates": [ 140.762686565387185, 41.774328831297474 ] } },
{ "type": "Feature", "properties": { "内容": "ケアプランセンターおおた【居宅介護支援】函館市高盛町５番６号", "url2": "https://www.kaigokensaku.mhlw.go.jp/01/index.php?action_kouhyou_detail_004_kani=true&JigyosyoCd=0171401979-00&ServiceCd=430&Type=search" }, "geometry": { "type": "Point", "coordinates": [ 140.7419231, 41.775082 ] } },
{ "type": "Feature", "properties": { "内容": "ケアプランセンターくりの木【居宅介護支援】北海道函館市美原５丁目２４番３号", "url2": "https://www.kaigokensaku.mhlw.go.jp/01/index.php?action_kouhyou_detail_004_kani=true&JigyosyoCd=0171402100-00&ServiceCd=430&Type=search" }, "geometry": { "type": "Point", "coordinates": [ 140.752130099999931, 41.8237723 ] } },
{ "type": "Feature", "properties": { "内容": "五稜郭介護相談センター【居宅介護支援】北海道函館市本町35番1号プロシード五稜郭", "url2": "https://www.kaigokensaku.mhlw.go.jp/01/index.php?action_kouhyou_detail_004_kani=true&JigyosyoCd=0171402746-00&ServiceCd=430&Type=search" }, "geometry": { "type": "Point", "coordinates": [ 142.13435, 42.5857171 ] } },
{ "type": "Feature", "properties": { "内容": "居宅介護支援事業所笑福【居宅介護支援】北海道函館市本通4丁目15番5号", "url2": "https://www.kaigokensaku.mhlw.go.jp/01/index.php?action_kouhyou_detail_004_kani=true&JigyosyoCd=0171403322-00&ServiceCd=430&Type=search" }, "geometry": { "type": "Point", "coordinates": [ 140.777575784730516, 41.799589706479935 ] } },
{ "type": "Feature", "properties": { "内容": "居宅介護支援事業所ever【居宅介護支援】北海道函館市桔梗5丁目22番30号", "url2": "https://www.kaigokensaku.mhlw.go.jp/01/index.php?action_kouhyou_detail_004_kani=true&JigyosyoCd=0171402803-00&ServiceCd=430&Type=search" }, "geometry": { "type": "Point", "coordinates": [ 140.732496787236187, 41.852274362164728 ] } },
{ "type": "Feature", "properties": { "内容": "ニチイケアセンター松陰【居宅介護支援】函館市松陰町16-4", "url2": "https://www.kaigokensaku.mhlw.go.jp/01/index.php?action_kouhyou_detail_004_kani=true&JigyosyoCd=0171400310-00&ServiceCd=430&Type=search" }, "geometry": { "type": "Point", "coordinates": [ 140.760957400000052, 41.7866676 ] } },
{ "type": "Feature", "properties": { "内容": "居宅介護支援事業所ともしび【居宅介護支援】北海道函館市富岡町１丁目５６番２３号アーバンライフユタカ１０１号室", "url2": "https://www.kaigokensaku.mhlw.go.jp/01/index.php?action_kouhyou_detail_004_kani=true&JigyosyoCd=0171404734-00&ServiceCd=430&Type=search" }, "geometry": { "type": "Point", "coordinates": [ 140.745421817335426, 41.810096053534046 ] } },
{ "type": "Feature", "properties": { "内容": "ポラリスケアプランセンター【居宅介護支援】北海道函館市大川町15番22号", "url2": "https://www.kaigokensaku.mhlw.go.jp/01/index.php?action_kouhyou_detail_004_kani=true&JigyosyoCd=0171405095-00&ServiceCd=430&Type=search" }, "geometry": { "type": "Point", "coordinates": [ 140.737196, 41.8003111 ] } },
{ "type": "Feature", "properties": { "内容": "ケアプランセンター白ゆり【居宅介護支援】北海道函館市富岡町1丁目23番12号", "url2": "https://www.kaigokensaku.mhlw.go.jp/01/index.php?action_kouhyou_detail_004_kani=true&JigyosyoCd=0171404916-00&ServiceCd=430&Type=search" }, "geometry": { "type": "Point", "coordinates": [ 140.743465285280479, 41.806372544618313 ] } },
{ "type": "Feature", "properties": { "内容": "居宅介護支援事業所輪【居宅介護支援】北海道函館市山の手1丁目6番15号", "url2": "https://www.kaigokensaku.mhlw.go.jp/01/index.php?action_kouhyou_detail_004_kani=true&JigyosyoCd=0171402936-00&ServiceCd=430&Type=search" }, "geometry": { "type": "Point", "coordinates": [ 140.777850400000034, 41.8055219 ] } },
{ "type": "Feature", "properties": { "内容": "サポートえん【居宅介護支援】北海道函館市西桔梗町587番地52", "url2": "https://www.kaigokensaku.mhlw.go.jp/01/index.php?action_kouhyou_detail_004_kani=true&JigyosyoCd=0171404064-00&ServiceCd=430&Type=search" }, "geometry": { "type": "Point", "coordinates": [ 140.726769200000035, 41.8243153 ] } },
{ "type": "Feature", "properties": { "内容": "ケアプランセンターよしずみ【居宅介護支援】北海道函館市白鳥町１６番１号", "url2": "https://www.kaigokensaku.mhlw.go.jp/01/index.php?action_kouhyou_detail_004_kani=true&JigyosyoCd=0171400807-00&ServiceCd=430&Type=search" }, "geometry": { "type": "Point", "coordinates": [ 140.744640855819739, 41.795034626184155 ] } },
{ "type": "Feature", "properties": { "内容": "ケアプランサービスすみれ【居宅介護支援】北海道函館市的場町２２番７号ラ・マーレⅡ１F", "url2": "https://www.kaigokensaku.mhlw.go.jp/01/index.php?action_kouhyou_detail_004_kani=true&JigyosyoCd=0171402993-00&ServiceCd=430&Type=search" }, "geometry": { "type": "Point", "coordinates": [ 140.755163700000026, 41.7790403 ] } },
{ "type": "Feature", "properties": { "内容": "介護の相談　丸山事務所【居宅介護支援】北海道函館市富岡町1-49-5", "url2": "https://www.kaigokensaku.mhlw.go.jp/01/index.php?action_kouhyou_detail_004_kani=true&JigyosyoCd=0171403967-00&ServiceCd=430&Type=search" }, "geometry": { "type": "Point", "coordinates": [ 140.743258880807645, 41.808537945096589 ] } },
{ "type": "Feature", "properties": { "内容": "介護相談センターフルールハピネスはこだて【居宅介護支援】北海道函館市谷地頭町８番２７号", "url2": "https://www.kaigokensaku.mhlw.go.jp/01/index.php?action_kouhyou_detail_004_kani=true&JigyosyoCd=0171402282-00&ServiceCd=430&Type=search" }, "geometry": { "type": "Point", "coordinates": [ 140.712118, 41.7529281 ] } },
{ "type": "Feature", "properties": { "内容": "サポートステーション　友【居宅介護支援】函館市日吉町３丁目５番１５号", "url2": "https://www.kaigokensaku.mhlw.go.jp/01/index.php?action_kouhyou_detail_004_kani=true&JigyosyoCd=0171401227-00&ServiceCd=430&Type=search" }, "geometry": { "type": "Point", "coordinates": [ 140.784687607934501, 41.793443689671321 ] } },
{ "type": "Feature", "properties": { "内容": "ケアプランセンターオハナ【居宅介護支援】北海道函館市亀田港町１０番１７号", "url2": "https://www.kaigokensaku.mhlw.go.jp/01/index.php?action_kouhyou_detail_004_kani=true&JigyosyoCd=0171404619-00&ServiceCd=430&Type=search" }, "geometry": { "type": "Point", "coordinates": [ 140.7298171, 41.8073563 ] } },
{ "type": "Feature", "properties": { "内容": "居宅介護支援事業所てのひら【居宅介護支援】北海道函館市山の手1丁目17番7号", "url2": "https://www.kaigokensaku.mhlw.go.jp/01/index.php?action_kouhyou_detail_004_kani=true&JigyosyoCd=0171404924-00&ServiceCd=430&Type=search" }, "geometry": { "type": "Point", "coordinates": [ 140.7806678, 41.8076836 ] } },
{ "type": "Feature", "properties": { "内容": "居宅介護支援事業所クオリティーライズ【居宅介護支援】北海道函館市日吉町2丁目27番19号", "url2": "https://www.kaigokensaku.mhlw.go.jp/01/index.php?action_kouhyou_detail_004_kani=true&JigyosyoCd=0171403538-00&ServiceCd=430&Type=search" }, "geometry": { "type": "Point", "coordinates": [ 140.790602314825776, 41.797383664805167 ] } },
{ "type": "Feature", "properties": { "内容": "くらし相談センターつなぐ【居宅介護支援】北海道函館市高盛町17番19号", "url2": "https://www.kaigokensaku.mhlw.go.jp/01/index.php?action_kouhyou_detail_004_kani=true&JigyosyoCd=0171404692-00&ServiceCd=430&Type=search" }, "geometry": { "type": "Point", "coordinates": [ 140.743244202153306, 41.773417636990551 ] } },
{ "type": "Feature", "properties": { "内容": "ケアプランセンター　りら【居宅介護支援】北海道函館市元町26番11号1F", "url2": "https://www.kaigokensaku.mhlw.go.jp/01/index.php?action_kouhyou_detail_004_kani=true&JigyosyoCd=0171403892-00&ServiceCd=430&Type=search" }, "geometry": { "type": "Point", "coordinates": [ 140.717236433729596, 41.764824308681241 ] } },
{ "type": "Feature", "properties": { "内容": "居宅介護支援事業所いろは【居宅介護支援】函館市本通2丁目55番16号", "url2": "https://www.kaigokensaku.mhlw.go.jp/01/index.php?action_kouhyou_detail_004_kani=true&JigyosyoCd=0171404007-00&ServiceCd=430&Type=search" }, "geometry": { "type": "Point", "coordinates": [ 140.755242100000032, 41.826877 ] } },
{ "type": "Feature", "properties": { "内容": "居宅介護支援事業所花笑み【居宅介護支援】北海道函館市石川町３５３番地１１", "url2": "https://www.kaigokensaku.mhlw.go.jp/01/index.php?action_kouhyou_detail_004_kani=true&JigyosyoCd=0171404270-00&ServiceCd=430&Type=search" }, "geometry": { "type": "Point", "coordinates": [ 140.745526100000035, 41.8258601 ] } },
{ "type": "Feature", "properties": { "内容": "居宅介護支援事業所　つむぎ【居宅介護支援】北海道函館市日吉町２丁目1番31号", "url2": "https://www.kaigokensaku.mhlw.go.jp/01/index.php?action_kouhyou_detail_004_kani=true&JigyosyoCd=0171403991-00&ServiceCd=430&Type=search" }, "geometry": { "type": "Point", "coordinates": [ 140.78865204513599, 41.791930037547459 ] } },
{ "type": "Feature", "properties": { "内容": "ケアプランセンター翔和【居宅介護支援】北海道函館市昭和２丁目４３番７号", "url2": "https://www.kaigokensaku.mhlw.go.jp/01/index.php?action_kouhyou_detail_004_kani=true&JigyosyoCd=0171405012-00&ServiceCd=430&Type=search" }, "geometry": { "type": "Point", "coordinates": [ 140.737879990428894, 41.816607692935705 ] } },
{ "type": "Feature", "properties": { "内容": "居宅介護支援事業所なでしこ【居宅介護支援】北海道函館市大縄町２０番１９号", "url2": "https://www.kaigokensaku.mhlw.go.jp/01/index.php?action_kouhyou_detail_004_kani=true&JigyosyoCd=0171405020-00&ServiceCd=430&Type=search" }, "geometry": { "type": "Point", "coordinates": [ 140.734612, 41.7832309 ] } },
{ "type": "Feature", "properties": { "内容": "青雲の森居宅介護支援事業所函館【居宅介護支援】北海道函館市上新川町20-18", "url2": "https://www.kaigokensaku.mhlw.go.jp/01/index.php?action_kouhyou_detail_004_kani=true&JigyosyoCd=0171404601-00&ServiceCd=430&Type=search" }, "geometry": { "type": "Point", "coordinates": [ 140.738709200000017, 41.7817146 ] } },
{ "type": "Feature", "properties": { "内容": "居宅介護支援事業所シンフォニー【居宅介護支援】北海道函館市中野町74番地１", "url2": "https://www.kaigokensaku.mhlw.go.jp/01/index.php?action_kouhyou_detail_004_kani=true&JigyosyoCd=0171400948-00&ServiceCd=430&Type=search" }, "geometry": { "type": "Point", "coordinates": [ 140.839165900000012, 41.7633536 ] } },
{ "type": "Feature", "properties": { "内容": "旭ヶ岡の家　居宅介護支援事業所【居宅介護支援】北海道函館市旭岡町76番地", "url2": "https://www.kaigokensaku.mhlw.go.jp/01/index.php?action_kouhyou_detail_004_kani=true&JigyosyoCd=0171400039-00&ServiceCd=430&Type=search" }, "geometry": { "type": "Point", "coordinates": [ 140.846374299999979, 41.8065747 ] } },
{ "type": "Feature", "properties": { "内容": "居宅介護支援事業所函館あいの里【居宅介護支援】函館市亀田中野町278番地34", "url2": "https://www.kaigokensaku.mhlw.go.jp/01/index.php?action_kouhyou_detail_004_kani=true&JigyosyoCd=0171400781-00&ServiceCd=430&Type=search" }, "geometry": { "type": "Point", "coordinates": [ 140.775709199999937, 41.8526528 ] } },
{ "type": "Feature", "properties": { "内容": "居宅介護支援事業所こうせいえん【居宅介護支援】北海道函館市桔梗町435-28", "url2": "https://www.kaigokensaku.mhlw.go.jp/01/index.php?action_kouhyou_detail_004_kani=true&JigyosyoCd=0171400021-00&ServiceCd=430&Type=search" }, "geometry": { "type": "Point", "coordinates": [ 140.742511700000023, 41.8465411 ] } },
{ "type": "Feature", "properties": { "内容": "ケアプランセンターこうじゅ【居宅介護支援】函館市亀田町7番1号", "url2": "https://www.kaigokensaku.mhlw.go.jp/01/index.php?action_kouhyou_detail_004_kani=true&JigyosyoCd=0171401862-00&ServiceCd=430&Type=search" }, "geometry": { "type": "Point", "coordinates": [ 140.7343062, 41.7922635 ] } },
{ "type": "Feature", "properties": { "内容": "社会福祉法人函館市社会福祉協議会指定居宅介護支援事業所みなみかやべ【居宅介護支援】北海道函館市川汲町1520番地函館市南茅部支所内", "url2": "https://www.kaigokensaku.mhlw.go.jp/01/index.php?action_kouhyou_detail_004_kani=true&JigyosyoCd=0171401359-00&ServiceCd=430&Type=search" }, "geometry": { "type": "Point", "coordinates": [ 140.970064900000011, 41.9055912 ] } },
{ "type": "Feature", "properties": { "内容": "函館市社会福祉協議会　指定居宅介護支援事業所とどほっけ【居宅介護支援】北海道函館市新浜町１８８番地２", "url2": "https://www.kaigokensaku.mhlw.go.jp/01/index.php?action_kouhyou_detail_004_kani=true&JigyosyoCd=0171401367-00&ServiceCd=430&Type=search" }, "geometry": { "type": "Point", "coordinates": [ 141.138751800000023, 41.830819600000019 ] } },
{ "type": "Feature", "properties": { "内容": "居宅介護支援事業所函館はくあい園【居宅介護支援】北海道函館市吉川町３番１６号", "url2": "https://www.kaigokensaku.mhlw.go.jp/01/index.php?action_kouhyou_detail_004_kani=true&JigyosyoCd=0171400229-00&ServiceCd=430&Type=search" }, "geometry": { "type": "Point", "coordinates": [ 140.728512300000034, 41.7922939 ] } },
{ "type": "Feature", "properties": { "内容": "ケアプランセンターそよかぜ桔梗【居宅介護支援】北海道函館市桔梗４丁目３４番９号２階", "url2": "https://www.kaigokensaku.mhlw.go.jp/01/index.php?action_kouhyou_detail_004_kani=true&JigyosyoCd=0171403496-00&ServiceCd=430&Type=search" }, "geometry": { "type": "Point", "coordinates": [ 140.723051199999986, 41.8504655 ] } },
{ "type": "Feature", "properties": { "内容": "居宅介護支援事業所のぞみ【居宅介護支援】函館市東雲町15番16号", "url2": "https://www.kaigokensaku.mhlw.go.jp/01/index.php?action_kouhyou_detail_004_kani=true&JigyosyoCd=0171402043-00&ServiceCd=430&Type=search" }, "geometry": { "type": "Point", "coordinates": [ 140.729143600000043, 41.770757 ] } },
{ "type": "Feature", "properties": { "内容": "居宅介護支援事業所ひなたぼっこ【居宅介護支援】函館市西桔梗町７８３－８", "url2": "https://www.kaigokensaku.mhlw.go.jp/01/index.php?action_kouhyou_detail_004_kani=true&JigyosyoCd=0171401086-00&ServiceCd=430&Type=search" }, "geometry": { "type": "Point", "coordinates": [ 140.714525399999957, 41.8294345 ] } },
{ "type": "Feature", "properties": { "内容": "居宅介護支援事業所ディアーズ【居宅介護支援】北海道函館市桔梗2丁目11番9号", "url2": "https://www.kaigokensaku.mhlw.go.jp/01/index.php?action_kouhyou_detail_004_kani=true&JigyosyoCd=0171403397-00&ServiceCd=430&Type=search" }, "geometry": { "type": "Point", "coordinates": [ 140.729184299999986, 41.837237800000018 ] } },
{ "type": "Feature", "properties": { "内容": "居宅介護支援事業所ひだまり【居宅介護支援】北海道函館市高松町430番地12", "url2": "https://www.kaigokensaku.mhlw.go.jp/01/index.php?action_kouhyou_detail_004_kani=true&JigyosyoCd=0171401557-00&ServiceCd=430&Type=search" }, "geometry": { "type": "Point", "coordinates": [ 140.807538300000033, 41.7692628 ] } },
{ "type": "Feature", "properties": { "内容": "ライフアート【居宅介護支援】函館市宮前町３番６号", "url2": "https://www.kaigokensaku.mhlw.go.jp/01/index.php?action_kouhyou_detail_004_kani=true&JigyosyoCd=0171401466-00&ServiceCd=430&Type=search" }, "geometry": { "type": "Point", "coordinates": [ 140.739603200000033, 41.7880946 ] } },
{ "type": "Feature", "properties": { "内容": "ケアプランセンターあんしん松風【居宅介護支援】北海道函館市松風町18番14号", "url2": "https://www.kaigokensaku.mhlw.go.jp/01/index.php?action_kouhyou_detail_004_kani=true&JigyosyoCd=0171404130-00&ServiceCd=430&Type=search" }, "geometry": { "type": "Point", "coordinates": [ 140.732454400000051, 41.7732096 ] } },
{ "type": "Feature", "properties": { "内容": "共愛会病院指定居宅介護支援事業所【居宅介護支援】北海道函館市海岸町6番3号共愛会病院", "url2": "https://www.kaigokensaku.mhlw.go.jp/01/index.php?action_kouhyou_detail_004_kani=true&JigyosyoCd=0171404809-00&ServiceCd=430&Type=search" }, "geometry": { "type": "Point", "coordinates": [ 140.731618405392993, 41.780090825871049 ] } },
{ "type": "Feature", "properties": { "内容": "介護相談センター亮【居宅介護支援】北海道函館市本通3丁目14番1号", "url2": "https://www.kaigokensaku.mhlw.go.jp/01/index.php?action_kouhyou_detail_004_kani=true&JigyosyoCd=0171405350-00&ServiceCd=430&Type=search" }, "geometry": { "type": "Point", "coordinates": [ 140.7762324, 41.7927367 ] } },
{ "type": "Feature", "properties": { "内容": "介護サポート　めぐみ【居宅介護支援】函館市桔梗町405-20", "url2": "https://www.kaigokensaku.mhlw.go.jp/01/index.php?action_kouhyou_detail_004_kani=true&JigyosyoCd=0161490529-00&ServiceCd=430&Type=search" }, "geometry": { "type": "Point", "coordinates": [ 140.732347424847262, 41.828530977976797 ] } },
{ "type": "Feature", "properties": { "内容": "ケアプランセンター晴れのち晴れ【居宅介護支援】北海道函館市海岸町５番５号ヴィラシティシュウワ３０６号", "url2": "https://www.kaigokensaku.mhlw.go.jp/01/index.php?action_kouhyou_detail_004_kani=true&JigyosyoCd=0171405467-00&ServiceCd=430&Type=search" }, "geometry": { "type": "Point", "coordinates": [ 140.730716199999989, 41.7791025 ] } },
{ "type": "Feature", "properties": { "内容": "グッドタイムケアプランセンター・函館【居宅介護支援】北海道函館市鍛治2丁目35-19スワローズネスト206", "url2": "https://www.kaigokensaku.mhlw.go.jp/01/index.php?action_kouhyou_detail_004_kani=true&JigyosyoCd=0171405301-00&ServiceCd=430&Type=search" }, "geometry": { "type": "Point", "coordinates": [ 140.770172699999961, 41.809437100000011 ] } },
{ "type": "Feature", "properties": { "内容": "ライフマップ函館【居宅介護支援】北海道函館市石川町2番地61", "url2": "https://www.kaigokensaku.mhlw.go.jp/01/index.php?action_kouhyou_detail_004_kani=true&JigyosyoCd=0171404684-00&ServiceCd=430&Type=search" }, "geometry": { "type": "Point", "coordinates": [ 140.739529888034753, 41.822804047575325 ] } },
{ "type": "Feature", "properties": { "内容": "メディケアセンターあおい【居宅介護支援】北海道函館市松風町18番17号Gウェーブ松風207号室", "url2": "https://www.kaigokensaku.mhlw.go.jp/01/index.php?action_kouhyou_detail_004_kani=true&JigyosyoCd=0171405608-00&ServiceCd=430&Type=search" }, "geometry": { "type": "Point", "coordinates": [ 140.7320399, 41.7729244 ] } },
{ "type": "Feature", "properties": { "内容": "ケアプランセンター花みずき【居宅介護支援】北海道函館市松陰町31番16号クオレ松陰303号室", "url2": "https://www.kaigokensaku.mhlw.go.jp/01/index.php?action_kouhyou_detail_004_kani=true&JigyosyoCd=0171405616-00&ServiceCd=430&Type=search" }, "geometry": { "type": "Point", "coordinates": [ 140.76394, 41.791952 ] } },
{ "type": "Feature", "properties": { "内容": "介護まるごと相談室函館【居宅介護支援】函館市大川町15-20", "url2": "https://www.kaigokensaku.mhlw.go.jp/01/index.php?action_kouhyou_detail_004_kani=true&JigyosyoCd=0171404478-00&ServiceCd=430&Type=search" }, "geometry": { "type": "Point", "coordinates": [ 140.736672159579882, 41.800446620818072 ] } },
{ "type": "Feature", "properties": { "内容": "居宅介護支援事業所ハッピードウナン【居宅介護支援】北海道函館市桔梗3丁目41番10号", "url2": "https://www.kaigokensaku.mhlw.go.jp/01/index.php?action_kouhyou_detail_004_kani=true&JigyosyoCd=0171400161-00&ServiceCd=430&Type=search" }, "geometry": { "type": "Point", "coordinates": [ 140.7230601, 41.8476541 ] } },
{ "type": "Feature", "properties": { "内容": "恵山恵愛会居宅介護支援事業所【居宅介護支援】北海道函館市柏野町１１７番地", "url2": "https://www.kaigokensaku.mhlw.go.jp/01/index.php?action_kouhyou_detail_004_kani=true&JigyosyoCd=0171500184-00&ServiceCd=430&Type=search" }, "geometry": { "type": "Point", "coordinates": [ 141.154155700000047, 41.790963 ] } },
{ "type": "Feature", "properties": { "内容": "居宅介護支援事業所みすず【居宅介護支援】北海道函館市宮前町3番20号", "url2": "https://www.kaigokensaku.mhlw.go.jp/01/index.php?action_kouhyou_detail_004_kani=true&JigyosyoCd=0171405541-00&ServiceCd=430&Type=search" }, "geometry": { "type": "Point", "coordinates": [ 140.739812, 41.7883121 ] } },
{ "type": "Feature", "properties": { "内容": "ケアプランセンター花奏【居宅介護支援】山の手１丁目10番15-1ケアプランセンター花奏", "url2": "https://www.kaigokensaku.mhlw.go.jp/01/index.php?action_kouhyou_detail_004_kani=true&JigyosyoCd=0161490487-00&ServiceCd=430&Type=search" }, "geometry": { "type": "Point", "coordinates": [ 140.779242449073791, 41.806228305377267 ] } },
{ "type": "Feature", "properties": { "内容": "居宅介護支援事業所百楽園【居宅介護支援】北海道函館市高丘町３番１号", "url2": "https://www.kaigokensaku.mhlw.go.jp/01/index.php?action_kouhyou_detail_004_kani=true&JigyosyoCd=0171400237-00&ServiceCd=430&Type=search" }, "geometry": { "type": "Point", "coordinates": [ 140.801341208073381, 41.787622142008253 ] } },
{ "type": "Feature", "properties": { "内容": "居宅介護支援事業所ももハウス【居宅介護支援】北海道函館市赤川町390番地の2特別養護老人ホームももハウス内", "url2": "https://www.kaigokensaku.mhlw.go.jp/01/index.php?action_kouhyou_detail_004_kani=true&JigyosyoCd=0171404791-00&ServiceCd=430&Type=search" }, "geometry": { "type": "Point", "coordinates": [ 140.7695678, 41.8365269 ] } },
{ "type": "Feature", "properties": { "内容": "居宅介護支援事業所ケンゆのかわ【居宅介護支援】北海道函館市湯川町３丁目29番15号", "url2": "https://www.kaigokensaku.mhlw.go.jp/01/index.php?action_kouhyou_detail_004_kani=true&JigyosyoCd=0171404510-00&ServiceCd=430&Type=search" }, "geometry": { "type": "Point", "coordinates": [ 140.791242099999977, 41.783655 ] } },
{ "type": "Feature", "properties": { "内容": "居宅介護支援事業所らいふ【居宅介護支援】北海道函館市富岡町３丁目23-53階", "url2": "https://www.kaigokensaku.mhlw.go.jp/01/index.php?action_kouhyou_detail_004_kani=true&JigyosyoCd=0171402761-00&ServiceCd=430&Type=search" }, "geometry": { "type": "Point", "coordinates": [ 140.752894700000041, 41.8122577 ] } },
{ "type": "Feature", "properties": { "内容": "ケアプランセンターあまりりす【居宅介護支援】函館市湯川町2丁目15番3号ケアタウン昭里", "url2": "https://www.kaigokensaku.mhlw.go.jp/01/index.php?action_kouhyou_detail_004_kani=true&JigyosyoCd=0171402134-00&ServiceCd=430&Type=search" }, "geometry": { "type": "Point", "coordinates": [ 140.791015483636386, 41.778362612877203 ] } },
{ "type": "Feature", "properties": { "内容": "介護相談センターくらしさ函館【居宅介護支援】北海道函館市中道2丁目6番11号", "url2": "https://www.kaigokensaku.mhlw.go.jp/01/index.php?action_kouhyou_detail_004_kani=true&JigyosyoCd=0171403561-00&ServiceCd=430&Type=search" }, "geometry": { "type": "Point", "coordinates": [ 140.758094208422932, 41.805845109506762 ] } },
{ "type": "Feature", "properties": { "内容": "居宅介護支援事業所ホオノキ【居宅介護支援】北海道小樽市オタモイ１丁目１１番２６号", "url2": "https://www.kaigokensaku.mhlw.go.jp/01/index.php?action_kouhyou_detail_004_kani=true&JigyosyoCd=0172001711-00&ServiceCd=430&Type=search" }, "geometry": { "type": "Point", "coordinates": [ 140.959979299999986, 43.2175056 ] } },
{ "type": "Feature", "properties": { "内容": "ケアプランセンターあすなろ【居宅介護支援】小樽市入船4丁目5番15号", "url2": "https://www.kaigokensaku.mhlw.go.jp/01/index.php?action_kouhyou_detail_004_kani=true&JigyosyoCd=0172000572-00&ServiceCd=430&Type=search" }, "geometry": { "type": "Point", "coordinates": [ 140.998834399999964, 43.1826293 ] } },
{ "type": "Feature", "properties": { "内容": "ケアプランセンターゆらぎ【居宅介護支援】北海道小樽市朝里川温泉１丁目２１９番地１デイサービスゆらぎの家　内", "url2": "https://www.kaigokensaku.mhlw.go.jp/01/index.php?action_kouhyou_detail_004_kani=true&JigyosyoCd=0172002578-00&ServiceCd=430&Type=search" }, "geometry": { "type": "Point", "coordinates": [ 141.039557, 43.154619700000019 ] } },
{ "type": "Feature", "properties": { "内容": "居宅介護支援事業所かなる【居宅介護支援】北海道小樽市長橋３丁目８番２１号備前ビル３０２号", "url2": "https://www.kaigokensaku.mhlw.go.jp/01/index.php?action_kouhyou_detail_004_kani=true&JigyosyoCd=0172003006-00&ServiceCd=430&Type=search" }, "geometry": { "type": "Point", "coordinates": [ 140.981792399999989, 43.2084374 ] } },
{ "type": "Feature", "properties": { "内容": "札樽病院介護相談センターひまわり銭函【居宅介護支援】小樽市銭函3丁目298番地", "url2": "https://www.kaigokensaku.mhlw.go.jp/01/index.php?action_kouhyou_detail_004_kani=true&JigyosyoCd=0112013362-00&ServiceCd=430&Type=search" }, "geometry": { "type": "Point", "coordinates": [ 141.146675329433833, 43.142506961362962 ] } },
{ "type": "Feature", "properties": { "内容": "済生会指定居宅介護支援事業所はまなす【居宅介護支援】北海道小樽市築港11番5号ウイングベイ５番街１階", "url2": "https://www.kaigokensaku.mhlw.go.jp/01/index.php?action_kouhyou_detail_004_kani=true&JigyosyoCd=0152080065-00&ServiceCd=430&Type=search" }, "geometry": { "type": "Point", "coordinates": [ 141.022867090768386, 43.183694305082405 ] } },
{ "type": "Feature", "properties": { "内容": "ケアステーションはあと【居宅介護支援】北海道小樽市入船２丁目10-13　日成ビルディング2F", "url2": "https://www.kaigokensaku.mhlw.go.jp/01/index.php?action_kouhyou_detail_004_kani=true&JigyosyoCd=0172002610-00&ServiceCd=430&Type=search" }, "geometry": { "type": "Point", "coordinates": [ 140.999186546249376, 43.184817266896573 ] } },
{ "type": "Feature", "properties": { "内容": "ＳＯＭＰＯケア　小樽入船　居宅介護支援【居宅介護支援】小樽市入船2丁目10番13号日成ビルディング2Ｆ", "url2": "https://www.kaigokensaku.mhlw.go.jp/01/index.php?action_kouhyou_detail_004_kani=true&JigyosyoCd=0172002529-00&ServiceCd=430&Type=search" }, "geometry": { "type": "Point", "coordinates": [ 140.9991731, 43.1848346 ] } },
{ "type": "Feature", "properties": { "内容": "居宅介護支援センターつばさ【居宅介護支援】小樽市高島５丁目９番７号", "url2": "https://www.kaigokensaku.mhlw.go.jp/01/index.php?action_kouhyou_detail_004_kani=true&JigyosyoCd=0172001174-00&ServiceCd=430&Type=search" }, "geometry": { "type": "Point", "coordinates": [ 140.984686099999976, 43.2149285 ] } },
{ "type": "Feature", "properties": { "内容": "居宅がじゅまる【居宅介護支援】北海道小樽市最上２丁目２ー２メゾンエル５　２０１", "url2": "https://www.kaigokensaku.mhlw.go.jp/01/index.php?action_kouhyou_detail_004_kani=true&JigyosyoCd=0172002669-00&ServiceCd=430&Type=search" }, "geometry": { "type": "Point", "coordinates": [ 140.974006, 43.1831153 ] } },
{ "type": "Feature", "properties": { "内容": "ケアプランセンターきりん【居宅介護支援】北海道小樽市緑２丁目１番８号", "url2": "https://www.kaigokensaku.mhlw.go.jp/01/index.php?action_kouhyou_detail_004_kani=true&JigyosyoCd=0172001497-00&ServiceCd=430&Type=search" }, "geometry": { "type": "Point", "coordinates": [ 140.988899899999979, 43.187440900000013 ] } },
{ "type": "Feature", "properties": { "内容": "居宅介護支援事業所　季実の杜おたる【居宅介護支援】北海道小樽市稲穂２丁目２２番６号", "url2": "https://www.kaigokensaku.mhlw.go.jp/01/index.php?action_kouhyou_detail_004_kani=true&JigyosyoCd=0172001661-00&ServiceCd=430&Type=search" }, "geometry": { "type": "Point", "coordinates": [ 140.994750599999946, 43.196539 ] } },
{ "type": "Feature", "properties": { "内容": "ハートケア朝里　居宅介護支援事業所【居宅介護支援】北海道小樽市新光1丁目22番13号", "url2": "https://www.kaigokensaku.mhlw.go.jp/01/index.php?action_kouhyou_detail_004_kani=true&JigyosyoCd=0172001216-00&ServiceCd=430&Type=search" }, "geometry": { "type": "Point", "coordinates": [ 141.053463500000021, 43.175129 ] } },
{ "type": "Feature", "properties": { "内容": "ケアプランセンター自由の空【居宅介護支援】北海道小樽市緑１丁目７番１１号", "url2": "https://www.kaigokensaku.mhlw.go.jp/01/index.php?action_kouhyou_detail_004_kani=true&JigyosyoCd=0172001141-00&ServiceCd=430&Type=search" }, "geometry": { "type": "Point", "coordinates": [ 140.99088740000002, 43.1909478 ] } },
{ "type": "Feature", "properties": { "内容": "ケアサポートほほえみ居宅介護支援事業所【居宅介護支援】北海道小樽市朝里３丁目１３番８号", "url2": "https://www.kaigokensaku.mhlw.go.jp/01/index.php?action_kouhyou_detail_004_kani=true&JigyosyoCd=0172002081-00&ServiceCd=430&Type=search" }, "geometry": { "type": "Point", "coordinates": [ 141.061665400000038, 43.175132 ] } },
{ "type": "Feature", "properties": { "内容": "居宅介護支援事業所ケアプラン銭函【居宅介護支援】小樽市銭函1丁目32-5", "url2": "https://www.kaigokensaku.mhlw.go.jp/01/index.php?action_kouhyou_detail_004_kani=true&JigyosyoCd=0172002065-00&ServiceCd=430&Type=search" }, "geometry": { "type": "Point", "coordinates": [ 141.144064763076813, 43.144749440626413 ] } },
{ "type": "Feature", "properties": { "内容": "ケアプランセンターさくらんぼ【居宅介護支援】北海道小樽市桜1丁目15番７号", "url2": "https://www.kaigokensaku.mhlw.go.jp/01/index.php?action_kouhyou_detail_004_kani=true&JigyosyoCd=0172002461-00&ServiceCd=430&Type=search" }, "geometry": { "type": "Point", "coordinates": [ 141.035084500000039, 43.1746034 ] } },
{ "type": "Feature", "properties": { "内容": "あさがおケアプランセンター【居宅介護支援】北海道小樽市奥沢３丁目２３番１３号", "url2": "https://www.kaigokensaku.mhlw.go.jp/01/index.php?action_kouhyou_detail_004_kani=true&JigyosyoCd=0172001844-00&ServiceCd=430&Type=search" }, "geometry": { "type": "Point", "coordinates": [ 140.996662900000047, 43.1735357 ] } },
{ "type": "Feature", "properties": { "内容": "居宅介護支援事業所はるかぜ【居宅介護支援】北海道小樽市入船4丁目9番1号共育の森学園", "url2": "https://www.kaigokensaku.mhlw.go.jp/01/index.php?action_kouhyou_detail_004_kani=true&JigyosyoCd=0172002560-00&ServiceCd=430&Type=search" }, "geometry": { "type": "Point", "coordinates": [ 140.995620899999949, 43.1818515 ] } },
{ "type": "Feature", "properties": { "内容": "株式会社なの花北海道　なの花ケアプランセンター【居宅介護支援】小樽市稲穂1丁目4番2号地下1階ウィステリア小樽稲穂", "url2": "https://www.kaigokensaku.mhlw.go.jp/01/index.php?action_kouhyou_detail_004_kani=true&JigyosyoCd=0172000762-00&ServiceCd=430&Type=search" }, "geometry": { "type": "Point", "coordinates": [ 140.9980607, 43.195288500000018 ] } },
{ "type": "Feature", "properties": { "内容": "ケアマネジメントセンターぽえむ【居宅介護支援】北海道小樽市望洋台2丁目30番7号", "url2": "https://www.kaigokensaku.mhlw.go.jp/01/index.php?action_kouhyou_detail_004_kani=true&JigyosyoCd=0172001422-00&ServiceCd=430&Type=search" }, "geometry": { "type": "Point", "coordinates": [ 141.038199879924747, 43.165180218825107 ] } },
{ "type": "Feature", "properties": { "内容": "居宅介護支援事業所ほーぷ【居宅介護支援】北海道小樽市稲穂3丁目6番110号小樽グランドパレス1階", "url2": "https://www.kaigokensaku.mhlw.go.jp/01/index.php?action_kouhyou_detail_004_kani=true&JigyosyoCd=0172002636-00&ServiceCd=430&Type=search" }, "geometry": { "type": "Point", "coordinates": [ 140.9951704, 43.1993903 ] } },
{ "type": "Feature", "properties": { "内容": "株式会社道央ケアセンター居宅介護支援事業所【居宅介護支援】北海道小樽市稲穂２丁目13番1号道央ケアセンタービル４階", "url2": "https://www.kaigokensaku.mhlw.go.jp/01/index.php?action_kouhyou_detail_004_kani=true&JigyosyoCd=0172000226-00&ServiceCd=430&Type=search" }, "geometry": { "type": "Point", "coordinates": [ 140.996406, 43.1969862 ] } },
{ "type": "Feature", "properties": { "内容": "合同会社はせ川ケアプランセンター光【居宅介護支援】北海道小樽市望洋台１丁目５番３号", "url2": "https://www.kaigokensaku.mhlw.go.jp/01/index.php?action_kouhyou_detail_004_kani=true&JigyosyoCd=0172001901-00&ServiceCd=430&Type=search" }, "geometry": { "type": "Point", "coordinates": [ 141.04213690000006, 43.168607 ] } },
{ "type": "Feature", "properties": { "内容": "ケアプランセンターいちえ【居宅介護支援】北海道小樽市最上1丁目25番", "url2": "https://www.kaigokensaku.mhlw.go.jp/01/index.php?action_kouhyou_detail_004_kani=true&JigyosyoCd=0172002701-00&ServiceCd=430&Type=search" }, "geometry": { "type": "Point", "coordinates": [ 140.980532899999986, 43.1829517 ] } },
{ "type": "Feature", "properties": { "内容": "指定居宅介護支援事業所はる【居宅介護支援】北海道小樽市赤岩２丁目１８番２２号", "url2": "https://www.kaigokensaku.mhlw.go.jp/01/index.php?action_kouhyou_detail_004_kani=true&JigyosyoCd=0172000051-00&ServiceCd=430&Type=search" }, "geometry": { "type": "Point", "coordinates": [ 140.9939206, 43.2250981 ] } },
{ "type": "Feature", "properties": { "内容": "勤医協居宅介護支援事業所しおさい【居宅介護支援】北海道小樽市長橋４丁目５番２３号", "url2": "https://www.kaigokensaku.mhlw.go.jp/01/index.php?action_kouhyou_detail_004_kani=true&JigyosyoCd=0172002149-00&ServiceCd=430&Type=search" }, "geometry": { "type": "Point", "coordinates": [ 140.973834500000066, 43.2089095 ] } },
{ "type": "Feature", "properties": { "内容": "社会福祉法人小樽市社会福祉協議会たんぽぽ指定居宅介護支援事業所【居宅介護支援】北海道小樽市稲穂２丁目２２番１号小樽経済センタービル１F", "url2": "https://www.kaigokensaku.mhlw.go.jp/01/index.php?action_kouhyou_detail_004_kani=true&JigyosyoCd=0172000093-00&ServiceCd=430&Type=search" }, "geometry": { "type": "Point", "coordinates": [ 140.995125510034228, 43.196069476132969 ] } },
{ "type": "Feature", "properties": { "内容": "居宅介護支援事業所　朝里温泉【居宅介護支援】小樽市朝里川温泉2丁目693番地6", "url2": "https://www.kaigokensaku.mhlw.go.jp/01/index.php?action_kouhyou_detail_004_kani=true&JigyosyoCd=0172000242-00&ServiceCd=430&Type=search" }, "geometry": { "type": "Point", "coordinates": [ 141.0407904, 43.1483038 ] } },
{ "type": "Feature", "properties": { "内容": "居宅介護支援若葉【居宅介護支援】北海道小樽市住ノ江１丁目８番１１号", "url2": "https://www.kaigokensaku.mhlw.go.jp/01/index.php?action_kouhyou_detail_004_kani=true&JigyosyoCd=0172000853-00&ServiceCd=430&Type=search" }, "geometry": { "type": "Point", "coordinates": [ 141.004303199999981, 43.184843 ] } },
{ "type": "Feature", "properties": { "内容": "居宅介護支援この葉【居宅介護支援】北海道小樽市新光4丁目3番21号", "url2": "https://www.kaigokensaku.mhlw.go.jp/01/index.php?action_kouhyou_detail_004_kani=true&JigyosyoCd=0172002586-00&ServiceCd=430&Type=search" }, "geometry": { "type": "Point", "coordinates": [ 141.049983500000053, 43.1657576 ] } },
{ "type": "Feature", "properties": { "内容": "ケアプランスタジオ　A・Rinco【居宅介護支援】北海道小樽市新光町227番地23", "url2": "https://www.kaigokensaku.mhlw.go.jp/01/index.php?action_kouhyou_detail_004_kani=true&JigyosyoCd=0172002800-00&ServiceCd=430&Type=search" }, "geometry": { "type": "Point", "coordinates": [ 141.0574729, 43.1649287 ] } },
{ "type": "Feature", "properties": { "内容": "らいく居宅支援事業所【居宅介護支援】小樽市オタモイ3丁目11番10号", "url2": "https://www.kaigokensaku.mhlw.go.jp/01/index.php?action_kouhyou_detail_004_kani=true&JigyosyoCd=0172001562-00&ServiceCd=430&Type=search" }, "geometry": { "type": "Point", "coordinates": [ 140.948900145102556, 43.222906488821934 ] } },
{ "type": "Feature", "properties": { "内容": "ケアプランセンターone【居宅介護支援】北海道小樽市赤岩1丁目21番20号", "url2": "https://www.kaigokensaku.mhlw.go.jp/01/index.php?action_kouhyou_detail_004_kani=true&JigyosyoCd=0172002693-00&ServiceCd=430&Type=search" }, "geometry": { "type": "Point", "coordinates": [ 140.9921521, 43.2229705 ] } },
{ "type": "Feature", "properties": { "内容": "居宅はいびすかす【居宅介護支援】北海道小樽市新光５丁目２－１２エスポワール新光　１０２", "url2": "https://www.kaigokensaku.mhlw.go.jp/01/index.php?action_kouhyou_detail_004_kani=true&JigyosyoCd=0172002990-00&ServiceCd=430&Type=search" }, "geometry": { "type": "Point", "coordinates": [ 141.05213950000001, 43.1650495 ] } },
{ "type": "Feature", "properties": { "内容": "株式会社とよかわケアプランセンター【居宅介護支援】北海道小樽市豊川町１７番６号一軒家", "url2": "https://www.kaigokensaku.mhlw.go.jp/01/index.php?action_kouhyou_detail_004_kani=true&JigyosyoCd=0172002982-00&ServiceCd=430&Type=search" }, "geometry": { "type": "Point", "coordinates": [ 140.989704499999988, 43.2108258 ] } },
{ "type": "Feature", "properties": { "内容": "介護相談センターみはらし【居宅介護支援】北海道小樽市見晴町７番２５号", "url2": "https://www.kaigokensaku.mhlw.go.jp/01/index.php?action_kouhyou_detail_004_kani=true&JigyosyoCd=0172003022-00&ServiceCd=430&Type=search" }, "geometry": { "type": "Point", "coordinates": [ 141.1602325, 43.1372584 ] } },
{ "type": "Feature", "properties": { "内容": "居宅介護支援事業所　理想【居宅介護支援】小樽市長橋5丁目6番14号", "url2": "https://www.kaigokensaku.mhlw.go.jp/01/index.php?action_kouhyou_detail_004_kani=true&JigyosyoCd=0172003105-00&ServiceCd=430&Type=search" }, "geometry": { "type": "Point", "coordinates": [ 140.9732889, 43.2059136 ] } },
{ "type": "Feature", "properties": { "内容": "介護相談センター萌おたる【居宅介護支援】北海道小樽市若松2丁目7-12", "url2": "https://www.kaigokensaku.mhlw.go.jp/01/index.php?action_kouhyou_detail_004_kani=true&JigyosyoCd=0172002826-00&ServiceCd=430&Type=search" }, "geometry": { "type": "Point", "coordinates": [ 141.0076449, 43.1824769 ] } },
{ "type": "Feature", "properties": { "内容": "居宅介護支援事業所　レラ【居宅介護支援】旭川市北門町16丁目2159-165", "url2": "https://www.kaigokensaku.mhlw.go.jp/01/index.php?action_kouhyou_detail_004_kani=true&JigyosyoCd=0172904039-00&ServiceCd=430&Type=search" }, "geometry": { "type": "Point", "coordinates": [ 142.340370099999973, 43.7931237 ] } },
{ "type": "Feature", "properties": { "内容": "株式会社　緑ケアライフサービス居宅介護支援事業所【居宅介護支援】旭川市４条通１３丁目１３８５番地３", "url2": "https://www.kaigokensaku.mhlw.go.jp/01/index.php?action_kouhyou_detail_004_kani=true&JigyosyoCd=0172900300-00&ServiceCd=430&Type=search" }, "geometry": { "type": "Point", "coordinates": [ 142.368907600000057, 43.7668471 ] } },
{ "type": "Feature", "properties": { "内容": "こまがた介護相談センター【居宅介護支援】旭川市4条通4丁目324番地", "url2": "https://www.kaigokensaku.mhlw.go.jp/01/index.php?action_kouhyou_detail_004_kani=true&JigyosyoCd=0172903577-00&ServiceCd=430&Type=search" }, "geometry": { "type": "Point", "coordinates": [ 142.35597, 43.7706491 ] } },
{ "type": "Feature", "properties": { "内容": "居宅介護支援事業所〇【居宅介護支援】北海道旭川市永山3条24丁目2-2", "url2": "https://www.kaigokensaku.mhlw.go.jp/01/index.php?action_kouhyou_detail_004_kani=true&JigyosyoCd=0172904641-00&ServiceCd=430&Type=search" }, "geometry": { "type": "Point", "coordinates": [ 142.447716200000059, 43.8175837 ] } },
{ "type": "Feature", "properties": { "内容": "指定居宅介護支援事業所　野の花【居宅介護支援】旭川市台場３条1丁目５番８号", "url2": "https://www.kaigokensaku.mhlw.go.jp/01/index.php?action_kouhyou_detail_004_kani=true&JigyosyoCd=0172902215-00&ServiceCd=430&Type=search" }, "geometry": { "type": "Point", "coordinates": [ 142.2788716, 43.7683467 ] } },
{ "type": "Feature", "properties": { "内容": "居宅介護支援事業所永山園【居宅介護支援】旭川市永山町１５丁目１１６－４", "url2": "https://www.kaigokensaku.mhlw.go.jp/01/index.php?action_kouhyou_detail_004_kani=true&JigyosyoCd=0172901027-00&ServiceCd=430&Type=search" }, "geometry": { "type": "Point", "coordinates": [ 142.464203199999929, 43.8251142 ] } },
{ "type": "Feature", "properties": { "内容": "居宅介護支援事業所煌【居宅介護支援】北海道旭川市神居２条１２丁目１－１９", "url2": "https://www.kaigokensaku.mhlw.go.jp/01/index.php?action_kouhyou_detail_004_kani=true&JigyosyoCd=0172907982-00&ServiceCd=430&Type=search" }, "geometry": { "type": "Point", "coordinates": [ 142.337613, 43.758123400000017 ] } },
{ "type": "Feature", "properties": { "内容": "居宅介護支援事業所ファミリー【居宅介護支援】北海道旭川市４条通２３丁目左１号エイプロスビル", "url2": "https://www.kaigokensaku.mhlw.go.jp/01/index.php?action_kouhyou_detail_004_kani=true&JigyosyoCd=0172905754-00&ServiceCd=430&Type=search" }, "geometry": { "type": "Point", "coordinates": [ 142.351278, 43.7719942 ] } },
{ "type": "Feature", "properties": { "内容": "ケアサポート　ともしあ【居宅介護支援】北海道旭川市東光８条５丁目３番６号２０１", "url2": "https://www.kaigokensaku.mhlw.go.jp/01/index.php?action_kouhyou_detail_004_kani=true&JigyosyoCd=0172906661-00&ServiceCd=430&Type=search" }, "geometry": { "type": "Point", "coordinates": [ 142.406442136571741, 43.747507739829629 ] } },
{ "type": "Feature", "properties": { "内容": "医療法人社団恩和会旭川高砂台病院指定居宅介護支援事業所【居宅介護支援】北海道旭川市高砂台１丁目１番２２号", "url2": "https://www.kaigokensaku.mhlw.go.jp/01/index.php?action_kouhyou_detail_004_kani=true&JigyosyoCd=01B2900061-00&ServiceCd=430&Type=search" }, "geometry": { "type": "Point", "coordinates": [ 142.3124379, 43.7683068 ] } },
{ "type": "Feature", "properties": { "内容": "居宅介護支援事業所　瀬戸介護相談室【居宅介護支援】北海道旭川市末広2条5丁目2番7号", "url2": "https://www.kaigokensaku.mhlw.go.jp/01/index.php?action_kouhyou_detail_004_kani=true&JigyosyoCd=0172908501-00&ServiceCd=430&Type=search" }, "geometry": { "type": "Point", "coordinates": [ 142.386856200000011, 43.8083662 ] } },
{ "type": "Feature", "properties": { "内容": "居宅介護支援事業所　たいせつの郷【居宅介護支援】北海道旭川市東鷹栖２線１８号１０４５番地", "url2": "https://www.kaigokensaku.mhlw.go.jp/01/index.php?action_kouhyou_detail_004_kani=true&JigyosyoCd=0172900771-00&ServiceCd=430&Type=search" }, "geometry": { "type": "Point", "coordinates": [ 142.444495400000051, 43.8480221 ] } },
{ "type": "Feature", "properties": { "内容": "居宅介護支援事業所めいか【居宅介護支援】北海道旭川市東光６条８丁目１番１３号", "url2": "https://www.kaigokensaku.mhlw.go.jp/01/index.php?action_kouhyou_detail_004_kani=true&JigyosyoCd=0172908378-00&ServiceCd=430&Type=search" }, "geometry": { "type": "Point", "coordinates": [ 142.4170392, 43.7492284 ] } },
{ "type": "Feature", "properties": { "内容": "はるかぜ介護相談室【居宅介護支援】北海道旭川市東光１３条4丁目3-13シャトル東光101", "url2": "https://www.kaigokensaku.mhlw.go.jp/01/index.php?action_kouhyou_detail_004_kani=true&JigyosyoCd=0172908618-00&ServiceCd=430&Type=search" }, "geometry": { "type": "Point", "coordinates": [ 142.3997967, 43.7425332 ] } },
{ "type": "Feature", "properties": { "内容": "ケアプランセンター兎角【居宅介護支援】北海道旭川市東光３条４丁目　１番２号SK-V　2F-C", "url2": "https://www.kaigokensaku.mhlw.go.jp/01/index.php?action_kouhyou_detail_004_kani=true&JigyosyoCd=0172908642-00&ServiceCd=430&Type=search" }, "geometry": { "type": "Point", "coordinates": [ 142.399649, 43.7531965 ] } },
{ "type": "Feature", "properties": { "内容": "ケアプランセンターそら【居宅介護支援】北海道旭川市北門町14丁目2144-146", "url2": "https://www.kaigokensaku.mhlw.go.jp/01/index.php?action_kouhyou_detail_004_kani=true&JigyosyoCd=0172908626-00&ServiceCd=430&Type=search" }, "geometry": { "type": "Point", "coordinates": [ 142.340516799999989, 43.7897819 ] } },
{ "type": "Feature", "properties": { "内容": "医療法人フクダ　末広５・7ケアプランセンター【居宅介護支援】北海道旭川市末広５条７丁目１番１１号末広介護支援館２Ｆ", "url2": "https://www.kaigokensaku.mhlw.go.jp/01/index.php?action_kouhyou_detail_004_kani=true&JigyosyoCd=0112917059-00&ServiceCd=430&Type=search" }, "geometry": { "type": "Point", "coordinates": [ 142.3830673, 43.8156843 ] } },
{ "type": "Feature", "properties": { "内容": "大西病院居宅介護支援事業所【居宅介護支援】旭川市４条通11丁目右3号", "url2": "https://www.kaigokensaku.mhlw.go.jp/01/index.php?action_kouhyou_detail_004_kani=true&JigyosyoCd=0112911383-00&ServiceCd=430&Type=search" }, "geometry": { "type": "Point", "coordinates": [ 142.365989577246069, 43.767173266156689 ] } },
{ "type": "Feature", "properties": { "内容": "介護総合相談センター　ルナ【居宅介護支援】旭川市豊岡１３条１丁目１番１７号", "url2": "https://www.kaigokensaku.mhlw.go.jp/01/index.php?action_kouhyou_detail_004_kani=true&JigyosyoCd=0152980074-00&ServiceCd=430&Type=search" }, "geometry": { "type": "Point", "coordinates": [ 142.390141, 43.7711474 ] } },
{ "type": "Feature", "properties": { "内容": "ふれあい指定居宅介護支援事業所【居宅介護支援】北海道旭川市錦町18丁目2150番地", "url2": "https://www.kaigokensaku.mhlw.go.jp/01/index.php?action_kouhyou_detail_004_kani=true&JigyosyoCd=0152980017-00&ServiceCd=430&Type=search" }, "geometry": { "type": "Point", "coordinates": [ 142.332359799999949, 43.7916903 ] } },
{ "type": "Feature", "properties": { "内容": "指定居宅介護支援事業所こちょうらん【居宅介護支援】北海道旭川市永山5条6丁目4番6号住宅型有料老人ホームなでしこ　内", "url2": "https://www.kaigokensaku.mhlw.go.jp/01/index.php?action_kouhyou_detail_004_kani=true&JigyosyoCd=0152980033-00&ServiceCd=430&Type=search" }, "geometry": { "type": "Point", "coordinates": [ 142.410241476721239, 43.791833624514226 ] } },
{ "type": "Feature", "properties": { "内容": "医療法人社団慶友会吉田病院居宅介護支援事業所【居宅介護支援】旭川市4条西4丁目2番1号さくら館4階", "url2": "https://www.kaigokensaku.mhlw.go.jp/01/index.php?action_kouhyou_detail_004_kani=true&JigyosyoCd=0112915681-00&ServiceCd=430&Type=search" }, "geometry": { "type": "Point", "coordinates": [ 142.345852379762277, 43.773627977960643 ] } },
{ "type": "Feature", "properties": { "内容": "医療法人社団春光台クリニック　介護支援センター【居宅介護支援】旭川市春光台４条３丁目１３番１７号", "url2": "https://www.kaigokensaku.mhlw.go.jp/01/index.php?action_kouhyou_detail_004_kani=true&JigyosyoCd=0112917109-00&ServiceCd=430&Type=search" }, "geometry": { "type": "Point", "coordinates": [ 142.354913900000042, 43.8203575 ] } },
{ "type": "Feature", "properties": { "内容": "指定居宅介護支援事業所みなみ【居宅介護支援】北海道旭川市神楽岡14条7丁目1番1号", "url2": "https://www.kaigokensaku.mhlw.go.jp/01/index.php?action_kouhyou_detail_004_kani=true&JigyosyoCd=0112914973-00&ServiceCd=430&Type=search" }, "geometry": { "type": "Point", "coordinates": [ 142.362476199999946, 43.7348758 ] } },
{ "type": "Feature", "properties": { "内容": "林医院居宅介護支援事業部【居宅介護支援】北海道旭川市東旭川南1条5丁目8番20号", "url2": "https://www.kaigokensaku.mhlw.go.jp/01/index.php?action_kouhyou_detail_004_kani=true&JigyosyoCd=0112915400-00&ServiceCd=430&Type=search" }, "geometry": { "type": "Point", "coordinates": [ 142.439350551358416, 43.770607545413888 ] } },
{ "type": "Feature", "properties": { "内容": "「介護の里萌」居宅介護支援事業所【居宅介護支援】旭川市神居2条18丁目16番16号", "url2": "https://www.kaigokensaku.mhlw.go.jp/01/index.php?action_kouhyou_detail_004_kani=true&JigyosyoCd=0112916242-00&ServiceCd=430&Type=search" }, "geometry": { "type": "Point", "coordinates": [ 142.341541621706739, 43.750366498547727 ] } },
{ "type": "Feature", "properties": { "内容": "指定居宅介護支援事業所・圭【居宅介護支援】北海道旭川市永山３条３丁目１番１９号グレートビューF３・３Ｂ棟　１０２号室", "url2": "https://www.kaigokensaku.mhlw.go.jp/01/index.php?action_kouhyou_detail_004_kani=true&JigyosyoCd=0172901811-00&ServiceCd=430&Type=search" }, "geometry": { "type": "Point", "coordinates": [ 142.401569699999982, 43.7875575 ] } },
{ "type": "Feature", "properties": { "内容": "大丸指定居宅介護支援事業所【居宅介護支援】旭川市4条通1丁目1963番地4", "url2": "https://www.kaigokensaku.mhlw.go.jp/01/index.php?action_kouhyou_detail_004_kani=true&JigyosyoCd=0172900029-00&ServiceCd=430&Type=search" }, "geometry": { "type": "Point", "coordinates": [ 142.351512100000036, 43.7713988 ] } },
{ "type": "Feature", "properties": { "内容": "居宅介護支援事業所　圭泉会ケアセンター【居宅介護支援】旭川市豊岡13条5丁目4番14号", "url2": "https://www.kaigokensaku.mhlw.go.jp/01/index.php?action_kouhyou_detail_004_kani=true&JigyosyoCd=0172901183-00&ServiceCd=430&Type=search" }, "geometry": { "type": "Point", "coordinates": [ 142.408541499999956, 43.7712595 ] } },
{ "type": "Feature", "properties": { "内容": "北彩都指定居宅介護支援事業所【居宅介護支援】旭川市宮下通9丁目2番1号", "url2": "https://www.kaigokensaku.mhlw.go.jp/01/index.php?action_kouhyou_detail_004_kani=true&JigyosyoCd=0172900037-00&ServiceCd=430&Type=search" }, "geometry": { "type": "Point", "coordinates": [ 142.360286500000029, 43.7633278 ] } },
{ "type": "Feature", "properties": { "内容": "ケアプランセンターＥ湯【居宅介護支援】北海道旭川市豊岡13条6丁目4番8号", "url2": "https://www.kaigokensaku.mhlw.go.jp/01/index.php?action_kouhyou_detail_004_kani=true&JigyosyoCd=0172901100-00&ServiceCd=430&Type=search" }, "geometry": { "type": "Point", "coordinates": [ 142.411291200000051, 43.7709347 ] } },
{ "type": "Feature", "properties": { "内容": "ニチイケアセンター亀吉【居宅介護支援】北海道旭川市亀吉１条３丁目１－１０", "url2": "https://www.kaigokensaku.mhlw.go.jp/01/index.php?action_kouhyou_detail_004_kani=true&JigyosyoCd=0172900276-00&ServiceCd=430&Type=search" }, "geometry": { "type": "Point", "coordinates": [ 142.335024500000031, 43.7749618 ] } },
{ "type": "Feature", "properties": { "内容": "ニチイケアセンター永山【居宅介護支援】旭川市永山8条19丁目4-17", "url2": "https://www.kaigokensaku.mhlw.go.jp/01/index.php?action_kouhyou_detail_004_kani=true&JigyosyoCd=0172900664-00&ServiceCd=430&Type=search" }, "geometry": { "type": "Point", "coordinates": [ 142.44420070000001, 43.8060263 ] } },
{ "type": "Feature", "properties": { "内容": "指定居宅介護支援事業所愛善【居宅介護支援】北海道旭川市春光台４条１１丁目5249番地の10", "url2": "https://www.kaigokensaku.mhlw.go.jp/01/index.php?action_kouhyou_detail_004_kani=true&JigyosyoCd=0172900052-00&ServiceCd=430&Type=search" }, "geometry": { "type": "Point", "coordinates": [ 142.372094800000013, 43.8303405 ] } },
{ "type": "Feature", "properties": { "内容": "居宅介護支援事業所共生園【居宅介護支援】北海道旭川市東旭川町共栄１２３番地", "url2": "https://www.kaigokensaku.mhlw.go.jp/01/index.php?action_kouhyou_detail_004_kani=true&JigyosyoCd=0172901126-00&ServiceCd=430&Type=search" }, "geometry": { "type": "Point", "coordinates": [ 142.428566, 43.7432305 ] } },
{ "type": "Feature", "properties": { "内容": "あさがおケアプランセンター【居宅介護支援】旭川市豊岡4条6丁目4番27号", "url2": "https://www.kaigokensaku.mhlw.go.jp/01/index.php?action_kouhyou_detail_004_kani=true&JigyosyoCd=0172901043-00&ServiceCd=430&Type=search" }, "geometry": { "type": "Point", "coordinates": [ 142.408939299999929, 43.7601359 ] } },
{ "type": "Feature", "properties": { "内容": "旭川大成居宅介護支援事業所【居宅介護支援】旭川市7条通14丁目66番地の16", "url2": "https://www.kaigokensaku.mhlw.go.jp/01/index.php?action_kouhyou_detail_004_kani=true&JigyosyoCd=0172901415-00&ServiceCd=430&Type=search" }, "geometry": { "type": "Point", "coordinates": [ 142.372852644705176, 43.769737688620602 ] } },
{ "type": "Feature", "properties": { "内容": "あさひ園居宅介護支援事業所【居宅介護支援】北海道旭川市緑が丘東１条２丁目１番２１号", "url2": "https://www.kaigokensaku.mhlw.go.jp/01/index.php?action_kouhyou_detail_004_kani=true&JigyosyoCd=0172900045-00&ServiceCd=430&Type=search" }, "geometry": { "type": "Point", "coordinates": [ 142.389432400000032, 43.7288581 ] } },
{ "type": "Feature", "properties": { "内容": "指定居宅介護支援事業所旭川のなか園【居宅介護支援】旭川市神居９条３丁目1－24特別養護老人ホーム　旭川のなか園", "url2": "https://www.kaigokensaku.mhlw.go.jp/01/index.php?action_kouhyou_detail_004_kani=true&JigyosyoCd=0172900193-00&ServiceCd=430&Type=search" }, "geometry": { "type": "Point", "coordinates": [ 142.3217985, 43.764465300000019 ] } },
{ "type": "Feature", "properties": { "内容": "サンハイム居宅介護支援事業所【居宅介護支援】北海道旭川市末広８条５丁目５３１７の１４", "url2": "https://www.kaigokensaku.mhlw.go.jp/01/index.php?action_kouhyou_detail_004_kani=true&JigyosyoCd=0172900151-00&ServiceCd=430&Type=search" }, "geometry": { "type": "Point", "coordinates": [ 142.372023600000034, 43.8188834 ] } },
{ "type": "Feature", "properties": { "内容": "サンライズ居宅介護支援事業所【居宅介護支援】旭川市永山町１０丁目２６３番地１", "url2": "https://www.kaigokensaku.mhlw.go.jp/01/index.php?action_kouhyou_detail_004_kani=true&JigyosyoCd=0172901878-00&ServiceCd=430&Type=search" }, "geometry": { "type": "Point", "coordinates": [ 142.4457036, 43.8020934 ] } },
{ "type": "Feature", "properties": { "内容": "リバーサイド居宅介護支援事業所【居宅介護支援】旭川市旭神町22－67", "url2": "https://www.kaigokensaku.mhlw.go.jp/01/index.php?action_kouhyou_detail_004_kani=true&JigyosyoCd=0172900235-00&ServiceCd=430&Type=search" }, "geometry": { "type": "Point", "coordinates": [ 142.395345300000031, 43.7336133 ] } },
{ "type": "Feature", "properties": { "内容": "誠徳園居宅介護支援事業所【居宅介護支援】旭川市末広８条６丁目５３０７番地", "url2": "https://www.kaigokensaku.mhlw.go.jp/01/index.php?action_kouhyou_detail_004_kani=true&JigyosyoCd=0172900078-00&ServiceCd=430&Type=search" }, "geometry": { "type": "Point", "coordinates": [ 142.373348399999941, 43.8196834 ] } },
{ "type": "Feature", "properties": { "内容": "指定居宅介護支援事業所　緑苑【居宅介護支援】旭川市東旭川町上兵村229番地の8", "url2": "https://www.kaigokensaku.mhlw.go.jp/01/index.php?action_kouhyou_detail_004_kani=true&JigyosyoCd=0172900474-00&ServiceCd=430&Type=search" }, "geometry": { "type": "Point", "coordinates": [ 142.451209400000039, 43.7756579 ] } },
{ "type": "Feature", "properties": { "内容": "居宅介護支援事業所希望【居宅介護支援】北海道旭川市2条通11丁目133番地の3高齢者賃貸はぷる211　301号室", "url2": "https://www.kaigokensaku.mhlw.go.jp/01/index.php?action_kouhyou_detail_004_kani=true&JigyosyoCd=0172901498-00&ServiceCd=430&Type=search" }, "geometry": { "type": "Point", "coordinates": [ 142.365555200000017, 43.7653861 ] } },
{ "type": "Feature", "properties": { "内容": "居宅介護支援事業所　　養生の杜カムイ【居宅介護支援】北海道旭川市永山町５丁目１３６番地の１", "url2": "https://www.kaigokensaku.mhlw.go.jp/01/index.php?action_kouhyou_detail_004_kani=true&JigyosyoCd=0172900201-00&ServiceCd=430&Type=search" }, "geometry": { "type": "Point", "coordinates": [ 142.432152500000029, 43.7862616 ] } },
{ "type": "Feature", "properties": { "内容": "居宅介護支援事業所きらら【居宅介護支援】旭川市東光１７条８丁目１番１０号", "url2": "https://www.kaigokensaku.mhlw.go.jp/01/index.php?action_kouhyou_detail_004_kani=true&JigyosyoCd=0172900870-00&ServiceCd=430&Type=search" }, "geometry": { "type": "Point", "coordinates": [ 142.415437099999963, 43.73835 ] } },
{ "type": "Feature", "properties": { "内容": "NPO法人居宅介護支援事業所　たのしび【居宅介護支援】旭川市豊岡5条3丁目1番5号", "url2": "https://www.kaigokensaku.mhlw.go.jp/01/index.php?action_kouhyou_detail_004_kani=true&JigyosyoCd=0172901266-00&ServiceCd=430&Type=search" }, "geometry": { "type": "Point", "coordinates": [ 142.396310200000016, 43.7614794 ] } },
{ "type": "Feature", "properties": { "内容": "プランタン居宅介護支援事業所【居宅介護支援】北海道旭川市10条通19丁目1-1", "url2": "https://www.kaigokensaku.mhlw.go.jp/01/index.php?action_kouhyou_detail_004_kani=true&JigyosyoCd=0172902223-00&ServiceCd=430&Type=search" }, "geometry": { "type": "Point", "coordinates": [ 142.381148956127987, 43.76974340147617 ] } },
{ "type": "Feature", "properties": { "内容": "ケアプランセンターさざなみ【居宅介護支援】北海道旭川市高砂台５丁目２１番７号", "url2": "https://www.kaigokensaku.mhlw.go.jp/01/index.php?action_kouhyou_detail_004_kani=true&JigyosyoCd=0172900946-00&ServiceCd=430&Type=search" }, "geometry": { "type": "Point", "coordinates": [ 142.309874799999989, 43.7596682 ] } },
{ "type": "Feature", "properties": { "内容": "居宅介護支援センター　ほほえみ【居宅介護支援】北海道旭川市東光15条5丁目2番12号", "url2": "https://www.kaigokensaku.mhlw.go.jp/01/index.php?action_kouhyou_detail_004_kani=true&JigyosyoCd=0172901316-00&ServiceCd=430&Type=search" }, "geometry": { "type": "Point", "coordinates": [ 142.403591099999971, 43.7410434 ] } },
{ "type": "Feature", "properties": { "内容": "旭川高齢者居宅介護支援事業所ほーぷ【居宅介護支援】北海道旭川市大町2条10丁目173-48", "url2": "https://www.kaigokensaku.mhlw.go.jp/01/index.php?action_kouhyou_detail_004_kani=true&JigyosyoCd=0172900714-00&ServiceCd=430&Type=search" }, "geometry": { "type": "Point", "coordinates": [ 142.35381510000002, 43.7930808 ] } },
{ "type": "Feature", "properties": { "内容": "居宅介護支援事業所　仕合わせの里【居宅介護支援】北海道旭川市末広7条6丁目1-16", "url2": "https://www.kaigokensaku.mhlw.go.jp/01/index.php?action_kouhyou_detail_004_kani=true&JigyosyoCd=0172901837-00&ServiceCd=430&Type=search" }, "geometry": { "type": "Point", "coordinates": [ 142.376280127139353, 43.817734068961137 ] } },
{ "type": "Feature", "properties": { "内容": "すえひろ指定居宅介護支援事業所【居宅介護支援】旭川市末広３条３丁目２番２０号パールハウス２号舘", "url2": "https://www.kaigokensaku.mhlw.go.jp/01/index.php?action_kouhyou_detail_004_kani=true&JigyosyoCd=0172900243-00&ServiceCd=430&Type=search" }, "geometry": { "type": "Point", "coordinates": [ 142.381301500000063, 43.8079323 ] } },
{ "type": "Feature", "properties": { "内容": "指定居宅介護支援事業所　あいさぽーと【居宅介護支援】北海道旭川市神楽岡８条６丁目２番８号", "url2": "https://www.kaigokensaku.mhlw.go.jp/01/index.php?action_kouhyou_detail_004_kani=true&JigyosyoCd=0172905838-00&ServiceCd=430&Type=search" }, "geometry": { "type": "Point", "coordinates": [ 142.370333699999946, 43.7382895 ] } },
{ "type": "Feature", "properties": { "内容": "ＳＯＭＰＯケア旭川中央居宅介護支援【居宅介護支援】北海道旭川市宮下通13丁目1200番地2", "url2": "https://www.kaigokensaku.mhlw.go.jp/01/index.php?action_kouhyou_detail_004_kani=true&JigyosyoCd=0172907313-00&ServiceCd=430&Type=search" }, "geometry": { "type": "Point", "coordinates": [ 142.366853318462859, 43.762320171302555 ] } },
{ "type": "Feature", "properties": { "内容": "ＳＯＭＰＯケア　旭川神楽岡　居宅介護支援【居宅介護支援】北海道旭川市神楽岡14条3丁目3番1号", "url2": "https://www.kaigokensaku.mhlw.go.jp/01/index.php?action_kouhyou_detail_004_kani=true&JigyosyoCd=0172907339-00&ServiceCd=430&Type=search" }, "geometry": { "type": "Point", "coordinates": [ 142.35691810000003, 43.7439217 ] } },
{ "type": "Feature", "properties": { "内容": "アースサポート旭川【居宅介護支援】北海道旭川市神居2条3丁目2番15号", "url2": "https://www.kaigokensaku.mhlw.go.jp/01/index.php?action_kouhyou_detail_004_kani=true&JigyosyoCd=0172903403-00&ServiceCd=430&Type=search" }, "geometry": { "type": "Point", "coordinates": [ 142.331205800000021, 43.7674459 ] } },
{ "type": "Feature", "properties": { "内容": "ケアプラン相談センタージャンティ【居宅介護支援】北海道旭川市永山11条2丁目2番2号", "url2": "https://www.kaigokensaku.mhlw.go.jp/01/index.php?action_kouhyou_detail_004_kani=true&JigyosyoCd=0172908154-00&ServiceCd=430&Type=search" }, "geometry": { "type": "Point", "coordinates": [ 142.407705760796773, 43.77881559845617 ] } },
{ "type": "Feature", "properties": { "内容": "ケアプラン相談室オスピタリテ【居宅介護支援】北海道旭川市10条通21丁目1番地の132階", "url2": "https://www.kaigokensaku.mhlw.go.jp/01/index.php?action_kouhyou_detail_004_kani=true&JigyosyoCd=0172908014-00&ServiceCd=430&Type=search" }, "geometry": { "type": "Point", "coordinates": [ 142.3856404, 43.7694498 ] } },
{ "type": "Feature", "properties": { "内容": "居宅介護支援事業所ピュアハウス【居宅介護支援】北海道旭川市神居9条2丁目１番１５－２号", "url2": "https://www.kaigokensaku.mhlw.go.jp/01/index.php?action_kouhyou_detail_004_kani=true&JigyosyoCd=0172904732-00&ServiceCd=430&Type=search" }, "geometry": { "type": "Point", "coordinates": [ 142.321502955373035, 43.765578098989835 ] } },
{ "type": "Feature", "properties": { "内容": "居宅介護支援　むらかみさん【居宅介護支援】北海道旭川市神楽岡9条3丁目4番7号訪問看護ステーション　むらかみさん（併設）", "url2": "https://www.kaigokensaku.mhlw.go.jp/01/index.php?action_kouhyou_detail_004_kani=true&JigyosyoCd=0172906745-00&ServiceCd=430&Type=search" }, "geometry": { "type": "Point", "coordinates": [ 142.364518800000042, 43.7454452 ] } },
{ "type": "Feature", "properties": { "内容": "医療法人仁友会　介護相談センターみやびの森【居宅介護支援】北海道旭川市東旭川北1条4丁目89番地121なし。", "url2": "https://www.kaigokensaku.mhlw.go.jp/01/index.php?action_kouhyou_detail_004_kani=true&JigyosyoCd=0172906729-00&ServiceCd=430&Type=search" }, "geometry": { "type": "Point", "coordinates": [ 142.433334513214106, 43.772657820702463 ] } },
{ "type": "Feature", "properties": { "内容": "永山指定居宅介護支援事業所【居宅介護支援】北海道旭川市永山２条７丁目１番４２号", "url2": "https://www.kaigokensaku.mhlw.go.jp/01/index.php?action_kouhyou_detail_004_kani=true&JigyosyoCd=0172907438-00&ServiceCd=430&Type=search" }, "geometry": { "type": "Point", "coordinates": [ 142.408401, 43.7950221 ] } },
{ "type": "Feature", "properties": { "内容": "かどわきCareplanセンター【居宅介護支援】北海道旭川市末広1条5丁目4番24号", "url2": "https://www.kaigokensaku.mhlw.go.jp/01/index.php?action_kouhyou_detail_004_kani=true&JigyosyoCd=0172905630-00&ServiceCd=430&Type=search" }, "geometry": { "type": "Point", "coordinates": [ 142.3880676, 43.8068467 ] } },
{ "type": "Feature", "properties": { "内容": "居宅介護支援事業所元気【居宅介護支援】北海道旭川市永山5条22丁目4番1号早川コーポ1-B", "url2": "https://www.kaigokensaku.mhlw.go.jp/01/index.php?action_kouhyou_detail_004_kani=true&JigyosyoCd=0172905812-00&ServiceCd=430&Type=search" }, "geometry": { "type": "Point", "coordinates": [ 142.446342521704054, 43.813939368735369 ] } },
{ "type": "Feature", "properties": { "内容": "居宅介護支援事業所あかり【居宅介護支援】北海道旭川市旭町１条５丁目２５９３－２６", "url2": "https://www.kaigokensaku.mhlw.go.jp/01/index.php?action_kouhyou_detail_004_kani=true&JigyosyoCd=0172903742-00&ServiceCd=430&Type=search" }, "geometry": { "type": "Point", "coordinates": [ 142.3537278, 43.783853 ] } },
{ "type": "Feature", "properties": { "内容": "ケアプランセンター大地【居宅介護支援】旭川市大町１条１５丁目２３１－１６９", "url2": "https://www.kaigokensaku.mhlw.go.jp/01/index.php?action_kouhyou_detail_004_kani=true&JigyosyoCd=0172904591-00&ServiceCd=430&Type=search" }, "geometry": { "type": "Point", "coordinates": [ 142.345816677176686, 43.795018624533455 ] } },
{ "type": "Feature", "properties": { "内容": "ツクイ旭川豊岡【居宅介護支援】旭川市豊岡7条8丁目5番8号", "url2": "https://www.kaigokensaku.mhlw.go.jp/01/index.php?action_kouhyou_detail_004_kani=true&JigyosyoCd=0172907941-00&ServiceCd=430&Type=search" }, "geometry": { "type": "Point", "coordinates": [ 142.419186420237736, 43.76410829535871 ] } },
{ "type": "Feature", "properties": { "内容": "居宅介護支援事業所ラポール【居宅介護支援】旭川市神楽岡６条６丁目１番１号", "url2": "https://www.kaigokensaku.mhlw.go.jp/01/index.php?action_kouhyou_detail_004_kani=true&JigyosyoCd=0172904146-00&ServiceCd=430&Type=search" }, "geometry": { "type": "Point", "coordinates": [ 142.372361100000035, 43.7412197 ] } },
{ "type": "Feature", "properties": { "内容": "指定居宅介護支援事業所縁【居宅介護支援】北海道旭川市豊岡７条７丁目４番１号", "url2": "https://www.kaigokensaku.mhlw.go.jp/01/index.php?action_kouhyou_detail_004_kani=true&JigyosyoCd=0172903882-00&ServiceCd=430&Type=search" }, "geometry": { "type": "Point", "coordinates": [ 142.4146634, 43.764299600000015 ] } },
{ "type": "Feature", "properties": { "内容": "居宅介護支援事業所はる【居宅介護支援】北海道旭川市豊岡４条８丁目１番２号", "url2": "https://www.kaigokensaku.mhlw.go.jp/01/index.php?action_kouhyou_detail_004_kani=true&JigyosyoCd=0172906240-00&ServiceCd=430&Type=search" }, "geometry": { "type": "Point", "coordinates": [ 142.416227400000025, 43.7587059 ] } },
{ "type": "Feature", "properties": { "内容": "居宅介護支援事業所ヒナゲシ【居宅介護支援】旭川市東光11条2丁目1-17ハミング東光202号", "url2": "https://www.kaigokensaku.mhlw.go.jp/01/index.php?action_kouhyou_detail_004_kani=true&JigyosyoCd=0172907370-00&ServiceCd=430&Type=search" }, "geometry": { "type": "Point", "coordinates": [ 142.391505278650385, 43.74551629441617 ] } },
{ "type": "Feature", "properties": { "内容": "居宅介護支援事業所りぼんさぽーと【居宅介護支援】北海道旭川市宮下通19丁目1442番地7", "url2": "https://www.kaigokensaku.mhlw.go.jp/01/index.php?action_kouhyou_detail_004_kani=true&JigyosyoCd=0172906182-00&ServiceCd=430&Type=search" }, "geometry": { "type": "Point", "coordinates": [ 142.376239087171939, 43.759543561649416 ] } },
{ "type": "Feature", "properties": { "内容": "指定居宅介護支援事業所ぽぷら舘【居宅介護支援】北海道旭川市神楽岡14条3丁目5番2号", "url2": "https://www.kaigokensaku.mhlw.go.jp/01/index.php?action_kouhyou_detail_004_kani=true&JigyosyoCd=0172903635-00&ServiceCd=430&Type=search" }, "geometry": { "type": "Point", "coordinates": [ 142.358384658988342, 43.742695671885727 ] } },
{ "type": "Feature", "properties": { "内容": "居宅介護支援事業所　日和【居宅介護支援】北海道旭川市神居６条１０丁目１番２号「", "url2": "https://www.kaigokensaku.mhlw.go.jp/01/index.php?action_kouhyou_detail_004_kani=true&JigyosyoCd=0172904997-00&ServiceCd=430&Type=search" }, "geometry": { "type": "Point", "coordinates": [ 142.330265129107289, 43.758310663365549 ] } },
{ "type": "Feature", "properties": { "内容": "居宅介護支援事業所りぶれ【居宅介護支援】北海道旭川市旭岡５丁目３番地の６", "url2": "https://www.kaigokensaku.mhlw.go.jp/01/index.php?action_kouhyou_detail_004_kani=true&JigyosyoCd=0172907693-00&ServiceCd=430&Type=search" }, "geometry": { "type": "Point", "coordinates": [ 142.325925372559482, 43.79831720826833 ] } },
{ "type": "Feature", "properties": { "内容": "株式会社健康会　ケアプラン相談センターあけぼの【居宅介護支援】北海道旭川市曙1条7丁目2番1号國本ビル", "url2": "https://www.kaigokensaku.mhlw.go.jp/01/index.php?action_kouhyou_detail_004_kani=true&JigyosyoCd=0172906521-00&ServiceCd=430&Type=search" }, "geometry": { "type": "Point", "coordinates": [ 142.34020906438397, 43.770843610304098 ] } },
{ "type": "Feature", "properties": { "内容": "厚友会　居宅介護支援事業所【居宅介護支援】北海道旭川市神楽3条8丁目2番15号サービス付き高齢者向け住宅けあらいふ神楽館", "url2": "https://www.kaigokensaku.mhlw.go.jp/01/index.php?action_kouhyou_detail_004_kani=true&JigyosyoCd=0172905135-00&ServiceCd=430&Type=search" }, "geometry": { "type": "Point", "coordinates": [ 142.353004709262109, 43.757238350576245 ] } },
{ "type": "Feature", "properties": { "内容": "居宅介護支援事業所こもれび【居宅介護支援】旭川市忠和7条3丁目4番33号", "url2": "https://www.kaigokensaku.mhlw.go.jp/01/index.php?action_kouhyou_detail_004_kani=true&JigyosyoCd=0172903072-00&ServiceCd=430&Type=search" }, "geometry": { "type": "Point", "coordinates": [ 142.309387230088987, 43.776182358114767 ] } },
{ "type": "Feature", "properties": { "内容": "居宅介護支援事業所かなで【居宅介護支援】北海道旭川市旭町2条13丁目98-22ニューファミリーA101", "url2": "https://www.kaigokensaku.mhlw.go.jp/01/index.php?action_kouhyou_detail_004_kani=true&JigyosyoCd=0172906943-00&ServiceCd=430&Type=search" }, "geometry": { "type": "Point", "coordinates": [ 142.348104972572855, 43.792503019103243 ] } },
{ "type": "Feature", "properties": { "内容": "居宅介護支援事業所へいせいどう【居宅介護支援】北海道旭川市東光１２条２丁目４－２３ゴトーハイム１０２号", "url2": "https://www.kaigokensaku.mhlw.go.jp/01/index.php?action_kouhyou_detail_004_kani=true&JigyosyoCd=0172903387-00&ServiceCd=430&Type=search" }, "geometry": { "type": "Point", "coordinates": [ 142.3904341, 43.7441895 ] } },
{ "type": "Feature", "properties": { "内容": "ゆあらいふ拠り所【居宅介護支援】北海道旭川市永山8条13丁目8番23号有料老人ホーム菜の花内", "url2": "https://www.kaigokensaku.mhlw.go.jp/01/index.php?action_kouhyou_detail_004_kani=true&JigyosyoCd=0172907354-00&ServiceCd=430&Type=search" }, "geometry": { "type": "Point", "coordinates": [ 142.428891300000032, 43.7968213 ] } },
{ "type": "Feature", "properties": { "内容": "居宅介護支援事業所　向日葵【居宅介護支援】北海道旭川市近文町23丁目1178-151住宅型有料老人ホーム　グループハウス　向日葵Ⅱ内", "url2": "https://www.kaigokensaku.mhlw.go.jp/01/index.php?action_kouhyou_detail_004_kani=true&JigyosyoCd=0172908253-00&ServiceCd=430&Type=search" }, "geometry": { "type": "Point", "coordinates": [ 142.3198181, 43.7913555 ] } },
{ "type": "Feature", "properties": { "内容": "キョクトウ指定居宅介護支援センター【居宅介護支援】北海道旭川市永山北1条10丁目11番19号極東警備保障株式会社内", "url2": "https://www.kaigokensaku.mhlw.go.jp/01/index.php?action_kouhyou_detail_004_kani=true&JigyosyoCd=0172905192-00&ServiceCd=430&Type=search" }, "geometry": { "type": "Point", "coordinates": [ 142.434556599999951, 43.8150722 ] } },
{ "type": "Feature", "properties": { "内容": "ケアプラン東光まごのて【居宅介護支援】旭川市東光7条3丁目1番6-1号", "url2": "https://www.kaigokensaku.mhlw.go.jp/01/index.php?action_kouhyou_detail_004_kani=true&JigyosyoCd=0172904542-00&ServiceCd=430&Type=search" }, "geometry": { "type": "Point", "coordinates": [ 142.395682572352598, 43.749552176971697 ] } },
{ "type": "Feature", "properties": { "内容": "居宅介護支援事業所はるの木【居宅介護支援】北海道旭川市神楽岡３条４丁目２番１号ホワイトハウス３・４　１０５号室", "url2": "https://www.kaigokensaku.mhlw.go.jp/01/index.php?action_kouhyou_detail_004_kani=true&JigyosyoCd=0172906869-00&ServiceCd=430&Type=search" }, "geometry": { "type": "Point", "coordinates": [ 142.373048648955518, 43.746022577036946 ] } },
{ "type": "Feature", "properties": { "内容": "指定居宅介護支援事業所　ケアプランセンターライフ【居宅介護支援】北海道旭川市東旭川北１条２丁目１番２２号　北１・ハイツＢ-３号室", "url2": "https://www.kaigokensaku.mhlw.go.jp/01/index.php?action_kouhyou_detail_004_kani=true&JigyosyoCd=0172905986-00&ServiceCd=430&Type=search" }, "geometry": { "type": "Point", "coordinates": [ 142.427081795251667, 43.771686124174096 ] } },
{ "type": "Feature", "properties": { "内容": "居宅介護支援事業所　ともプラン【居宅介護支援】北海道旭川市豊岡２条３丁目４番１１号", "url2": "https://www.kaigokensaku.mhlw.go.jp/01/index.php?action_kouhyou_detail_004_kani=true&JigyosyoCd=0172905762-00&ServiceCd=430&Type=search" }, "geometry": { "type": "Point", "coordinates": [ 142.3971381, 43.7581354 ] } },
{ "type": "Feature", "properties": { "内容": "ケアプランセンター虹華【居宅介護支援】北海道旭川市東光17条7丁目1番5号", "url2": "https://www.kaigokensaku.mhlw.go.jp/01/index.php?action_kouhyou_detail_004_kani=true&JigyosyoCd=0172907453-00&ServiceCd=430&Type=search" }, "geometry": { "type": "Point", "coordinates": [ 142.41073270000004, 43.7387079 ] } },
{ "type": "Feature", "properties": { "内容": "介護２４ケアプランセンター旭川中央【居宅介護支援】北海道旭川市５条通１１丁目１７２６番地の１エムズコート旭川１Ｆ", "url2": "https://www.kaigokensaku.mhlw.go.jp/01/index.php?action_kouhyou_detail_004_kani=true&JigyosyoCd=0172904435-00&ServiceCd=430&Type=search" }, "geometry": { "type": "Point", "coordinates": [ 142.366564380183036, 43.768349918811168 ] } },
{ "type": "Feature", "properties": { "内容": "ケアプランセンター仁【居宅介護支援】北海道旭川市春光台１条1丁目2番23号", "url2": "https://www.kaigokensaku.mhlw.go.jp/01/index.php?action_kouhyou_detail_004_kani=true&JigyosyoCd=0172908238-00&ServiceCd=430&Type=search" }, "geometry": { "type": "Point", "coordinates": [ 142.3549591, 43.8100844 ] } },
{ "type": "Feature", "properties": { "内容": "居宅介護支援事業所あるく【居宅介護支援】北海道旭川市末広2条15丁目7番12号", "url2": "https://www.kaigokensaku.mhlw.go.jp/01/index.php?action_kouhyou_detail_004_kani=true&JigyosyoCd=0172907024-00&ServiceCd=430&Type=search" }, "geometry": { "type": "Point", "coordinates": [ 142.402881500000035, 43.8214565 ] } },
{ "type": "Feature", "properties": { "内容": "居宅介護支援事業所桃の花【居宅介護支援】北海道忠和5条5丁目5番9号", "url2": "https://www.kaigokensaku.mhlw.go.jp/01/index.php?action_kouhyou_detail_004_kani=true&JigyosyoCd=0172906273-00&ServiceCd=430&Type=search" }, "geometry": { "type": "Point", "coordinates": [ 142.3111592, 43.7906286 ] } },
{ "type": "Feature", "properties": { "内容": "ケアサポート　ふくろう【居宅介護支援】旭川市永山１条１５丁目５番１５号", "url2": "https://www.kaigokensaku.mhlw.go.jp/01/index.php?action_kouhyou_detail_004_kani=true&JigyosyoCd=0172906489-00&ServiceCd=430&Type=search" }, "geometry": { "type": "Point", "coordinates": [ 142.425235599999951, 43.808156 ] } },
{ "type": "Feature", "properties": { "内容": "森山メモリアル病院居宅介護支援センター【居宅介護支援】北海道旭川市旭町2条1丁目31番31", "url2": "https://www.kaigokensaku.mhlw.go.jp/01/index.php?action_kouhyou_detail_004_kani=true&JigyosyoCd=0172905846-00&ServiceCd=430&Type=search" }, "geometry": { "type": "Point", "coordinates": [ 142.36147692313989, 43.780965197915485 ] } },
{ "type": "Feature", "properties": { "内容": "森山病院居宅介護支援事業所【居宅介護支援】北海道旭川市旭町1条1丁目438-62", "url2": "https://www.kaigokensaku.mhlw.go.jp/01/index.php?action_kouhyou_detail_004_kani=true&JigyosyoCd=0172907818-00&ServiceCd=430&Type=search" }, "geometry": { "type": "Point", "coordinates": [ 142.360473242920733, 43.781076577413756 ] } },
{ "type": "Feature", "properties": { "内容": "道北勤医協ケアプランセンターかぐら指定居宅介護支援事業所【居宅介護支援】北海道旭川市神楽3条4丁目2番14号かたくりの郷", "url2": "https://www.kaigokensaku.mhlw.go.jp/01/index.php?action_kouhyou_detail_004_kani=true&JigyosyoCd=0172904948-00&ServiceCd=430&Type=search" }, "geometry": { "type": "Point", "coordinates": [ 142.348051700000042, 43.7622248 ] } },
{ "type": "Feature", "properties": { "内容": "居宅介護支援事業所末広たいせつの郷【居宅介護支援】北海道旭川市末広東1条13丁目2番34号", "url2": "https://www.kaigokensaku.mhlw.go.jp/01/index.php?action_kouhyou_detail_004_kani=true&JigyosyoCd=0172904393-00&ServiceCd=430&Type=search" }, "geometry": { "type": "Point", "coordinates": [ 142.405617799999959, 43.814429600000018 ] } },
{ "type": "Feature", "properties": { "内容": "居宅介護支援事業所ＳＫたいせつの郷【居宅介護支援】北海道旭川市末広東１条１３丁目２番３８号サービス付き高齢者向け住宅", "url2": "https://www.kaigokensaku.mhlw.go.jp/01/index.php?action_kouhyou_detail_004_kani=true&JigyosyoCd=0172907966-00&ServiceCd=430&Type=search" }, "geometry": { "type": "Point", "coordinates": [ 142.405044211240607, 43.814753415202979 ] } },
{ "type": "Feature", "properties": { "内容": "居宅介護支援事業所笑美【居宅介護支援】北海道旭川市東7条7丁目2番8号", "url2": "https://www.kaigokensaku.mhlw.go.jp/01/index.php?action_kouhyou_detail_004_kani=true&JigyosyoCd=0172905705-00&ServiceCd=430&Type=search" }, "geometry": { "type": "Point", "coordinates": [ 142.3829551, 43.782644400000017 ] } },
{ "type": "Feature", "properties": { "内容": "介護相談センター大雪【居宅介護支援】北海道旭川市永山４条１３丁目１番２５号", "url2": "https://www.kaigokensaku.mhlw.go.jp/01/index.php?action_kouhyou_detail_004_kani=true&JigyosyoCd=0172907263-00&ServiceCd=430&Type=search" }, "geometry": { "type": "Point", "coordinates": [ 142.4239278, 43.8012095 ] } },
{ "type": "Feature", "properties": { "内容": "介護相談支援センター　ここね【居宅介護支援】北海道旭川市忠和５条５丁目８－１", "url2": "https://www.kaigokensaku.mhlw.go.jp/01/index.php?action_kouhyou_detail_004_kani=true&JigyosyoCd=0172905358-00&ServiceCd=430&Type=search" }, "geometry": { "type": "Point", "coordinates": [ 142.3181121, 43.7757084 ] } },
{ "type": "Feature", "properties": { "内容": "ぱぴりおケアプラン相談所【居宅介護支援】北海道旭川市豊岡１５条５丁目４番１５号グループリビング103号室", "url2": "https://www.kaigokensaku.mhlw.go.jp/01/index.php?action_kouhyou_detail_004_kani=true&JigyosyoCd=0172906497-00&ServiceCd=430&Type=search" }, "geometry": { "type": "Point", "coordinates": [ 142.408867557077542, 43.773566373420863 ] } },
{ "type": "Feature", "properties": { "内容": "フルール居宅【居宅介護支援】北海道東旭川町上兵村４６４－１", "url2": "https://www.kaigokensaku.mhlw.go.jp/01/index.php?action_kouhyou_detail_004_kani=true&JigyosyoCd=0172907826-00&ServiceCd=430&Type=search" }, "geometry": { "type": "Point", "coordinates": [ 142.4481894, 43.7656157 ] } },
{ "type": "Feature", "properties": { "内容": "居宅介護支援事業所りんく【居宅介護支援】北海道旭川市豊岡4条2丁目5番24号", "url2": "https://www.kaigokensaku.mhlw.go.jp/01/index.php?action_kouhyou_detail_004_kani=true&JigyosyoCd=0172908279-00&ServiceCd=430&Type=search" }, "geometry": { "type": "Point", "coordinates": [ 142.394271410428928, 43.760206881261887 ] } },
{ "type": "Feature", "properties": { "内容": "うさぎ居宅【居宅介護支援】北海道旭川市永山5条11丁目2-23グランデ22　201号室", "url2": "https://www.kaigokensaku.mhlw.go.jp/01/index.php?action_kouhyou_detail_004_kani=true&JigyosyoCd=0172908519-00&ServiceCd=430&Type=search" }, "geometry": { "type": "Point", "coordinates": [ 142.4211513, 43.7986007 ] } },
{ "type": "Feature", "properties": { "内容": "ケアプランセンター・ミント【居宅介護支援】北海道旭川市豊岡十二条１０丁目６番２２号", "url2": "https://www.kaigokensaku.mhlw.go.jp/01/index.php?action_kouhyou_detail_004_kani=true&JigyosyoCd=0172908733-00&ServiceCd=430&Type=search" }, "geometry": { "type": "Point", "coordinates": [ 142.424647, 43.7681442 ] } },
{ "type": "Feature", "properties": { "内容": "まぁぶる居宅【居宅介護支援】北海道旭川市9条通15丁目24番地グランデ102号室", "url2": "https://www.kaigokensaku.mhlw.go.jp/01/index.php?action_kouhyou_detail_004_kani=true&JigyosyoCd=0172908741-00&ServiceCd=430&Type=search" }, "geometry": { "type": "Point", "coordinates": [ 142.375872933204619, 43.771411231854529 ] } },
{ "type": "Feature", "properties": { "内容": "秋桜居宅介護支援事業所【居宅介護支援】旭川市西神楽北2条1丁目133番地の18", "url2": "https://www.kaigokensaku.mhlw.go.jp/01/index.php?action_kouhyou_detail_004_kani=true&JigyosyoCd=0172908725-00&ServiceCd=430&Type=search" }, "geometry": { "type": "Point", "coordinates": [ 142.3920297, 43.687917 ] } },
{ "type": "Feature", "properties": { "内容": "医療法人社団真佑会　居宅介護支援事業所笑顔のプレゼント【居宅介護支援】旭川市末広１条３丁目2番32号", "url2": "https://www.kaigokensaku.mhlw.go.jp/01/index.php?action_kouhyou_detail_004_kani=true&JigyosyoCd=0172901712-00&ServiceCd=430&Type=search" }, "geometry": { "type": "Point", "coordinates": [ 142.385577040475482, 43.804078152919537 ] } },
{ "type": "Feature", "properties": { "内容": "るつ介護支援センター【居宅介護支援】北海道旭川市末広東1条14丁目2番15号", "url2": "https://www.kaigokensaku.mhlw.go.jp/01/index.php?action_kouhyou_detail_004_kani=true&JigyosyoCd=0172906471-00&ServiceCd=430&Type=search" }, "geometry": { "type": "Point", "coordinates": [ 142.40655240000001, 43.8164052 ] } },
{ "type": "Feature", "properties": { "内容": "医療法人一誠会はらだ居宅介護支援事業所【居宅介護支援】北海道旭川市１条通16丁目右７号", "url2": "https://www.kaigokensaku.mhlw.go.jp/01/index.php?action_kouhyou_detail_004_kani=true&JigyosyoCd=0112919808-00&ServiceCd=430&Type=search" }, "geometry": { "type": "Point", "coordinates": [ 142.371932500000014, 43.7615151 ] } },
{ "type": "Feature", "properties": { "内容": "ケアサポートゆうか【居宅介護支援】北海道旭川市永山2条23丁目2番17号", "url2": "https://www.kaigokensaku.mhlw.go.jp/01/index.php?action_kouhyou_detail_004_kani=true&JigyosyoCd=0172906794-00&ServiceCd=430&Type=search" }, "geometry": { "type": "Point", "coordinates": [ 142.44448890000001, 43.8175335 ] } },
{ "type": "Feature", "properties": { "内容": "居宅介護支援事業所　陽咲【居宅介護支援】秋月１条１丁目１０－４", "url2": "https://www.kaigokensaku.mhlw.go.jp/01/index.php?action_kouhyou_detail_004_kani=true&JigyosyoCd=0172908469-00&ServiceCd=430&Type=search" }, "geometry": { "type": "Point", "coordinates": [ 142.3885841, 43.7932313 ] } },
{ "type": "Feature", "properties": { "内容": "居宅介護支援事業所Ｋ＆Ｋ【居宅介護支援】室蘭市母恋北町２丁目３番１８号２０２号", "url2": "https://www.kaigokensaku.mhlw.go.jp/01/index.php?action_kouhyou_detail_004_kani=true&JigyosyoCd=0163590110-00&ServiceCd=430&Type=search" }, "geometry": { "type": "Point", "coordinates": [ 140.9895259, 42.3156642 ] } },
{ "type": "Feature", "properties": { "内容": "合同会社ケアプラン相談所かしわの木【居宅介護支援】北海道室蘭市柏木町４４番８号", "url2": "https://www.kaigokensaku.mhlw.go.jp/01/index.php?action_kouhyou_detail_004_kani=true&JigyosyoCd=0173502303-00&ServiceCd=430&Type=search" }, "geometry": { "type": "Point", "coordinates": [ 141.0005421, 42.3785546 ] } },
{ "type": "Feature", "properties": { "内容": "太平洋居宅介護支援事業所【居宅介護支援】室蘭市白鳥台５丁目１９番２号", "url2": "https://www.kaigokensaku.mhlw.go.jp/01/index.php?action_kouhyou_detail_004_kani=true&JigyosyoCd=0113511992-00&ServiceCd=430&Type=search" }, "geometry": { "type": "Point", "coordinates": [ 140.941609299999982, 42.378773 ] } },
{ "type": "Feature", "properties": { "内容": "指定居宅介護支援事業者ことぶき【居宅介護支援】室蘭市寿町１丁目５番２６号", "url2": "https://www.kaigokensaku.mhlw.go.jp/01/index.php?action_kouhyou_detail_004_kani=true&JigyosyoCd=0163590037-00&ServiceCd=430&Type=search" }, "geometry": { "type": "Point", "coordinates": [ 141.029834825131275, 42.347337994299323 ] } },
{ "type": "Feature", "properties": { "内容": "居宅介護支援事業所エバーグリーン【居宅介護支援】北海道室蘭市宮の森町４丁目22番20号", "url2": "https://www.kaigokensaku.mhlw.go.jp/01/index.php?action_kouhyou_detail_004_kani=true&JigyosyoCd=0153580014-00&ServiceCd=430&Type=search" }, "geometry": { "type": "Point", "coordinates": [ 141.027263724259711, 42.351394125146768 ] } },
{ "type": "Feature", "properties": { "内容": "ＳＯＭＰＯケア　室蘭入江　居宅介護支援【居宅介護支援】北海道室蘭市入江町1-11ＫＡＺＵ入江ビル　2階", "url2": "https://www.kaigokensaku.mhlw.go.jp/01/index.php?action_kouhyou_detail_004_kani=true&JigyosyoCd=0173502121-00&ServiceCd=430&Type=search" }, "geometry": { "type": "Point", "coordinates": [ 140.973051899999973, 42.321249800000047 ] } },
{ "type": "Feature", "properties": { "内容": "ケアプランセンターこころ【居宅介護支援】北海道室蘭市白鳥台５丁目１番３号", "url2": "https://www.kaigokensaku.mhlw.go.jp/01/index.php?action_kouhyou_detail_004_kani=true&JigyosyoCd=0173501032-00&ServiceCd=430&Type=search" }, "geometry": { "type": "Point", "coordinates": [ 140.94099540000002, 42.378112 ] } },
{ "type": "Feature", "properties": { "内容": "おたがいサロン【居宅介護支援】北海道室蘭市白鳥台5丁目20番1", "url2": "https://www.kaigokensaku.mhlw.go.jp/01/index.php?action_kouhyou_detail_004_kani=true&JigyosyoCd=0173501511-00&ServiceCd=430&Type=search" }, "geometry": { "type": "Point", "coordinates": [ 140.942512, 42.3787258 ] } },
{ "type": "Feature", "properties": { "内容": "指定居宅介護支援事業所ケアプランナー【居宅介護支援】北海道室蘭市祝津町2丁目5番6号", "url2": "https://www.kaigokensaku.mhlw.go.jp/01/index.php?action_kouhyou_detail_004_kani=true&JigyosyoCd=0173502212-00&ServiceCd=430&Type=search" }, "geometry": { "type": "Point", "coordinates": [ 140.9528736, 42.3384631 ] } },
{ "type": "Feature", "properties": { "内容": "日鋼記念指定居宅介護支援支援事業所【居宅介護支援】北海道室蘭市新富町１丁目５番１３号老人保健施設母恋内", "url2": "https://www.kaigokensaku.mhlw.go.jp/01/index.php?action_kouhyou_detail_004_kani=true&JigyosyoCd=0173500018-00&ServiceCd=430&Type=search" }, "geometry": { "type": "Point", "coordinates": [ 140.98385410000003, 42.3153169 ] } },
{ "type": "Feature", "properties": { "内容": "勤医協室蘭居宅介護支援事業所【居宅介護支援】北海道室蘭市輪西町2丁目3番17号勤医協室蘭診療所", "url2": "https://www.kaigokensaku.mhlw.go.jp/01/index.php?action_kouhyou_detail_004_kani=true&JigyosyoCd=0173502196-00&ServiceCd=430&Type=search" }, "geometry": { "type": "Point", "coordinates": [ 141.011899642387988, 42.334509377652566 ] } },
{ "type": "Feature", "properties": { "内容": "エンルムハイツ指定居宅介護支援事業所【居宅介護支援】室蘭市祝津町3丁目16番32号", "url2": "https://www.kaigokensaku.mhlw.go.jp/01/index.php?action_kouhyou_detail_004_kani=true&JigyosyoCd=0173500059-00&ServiceCd=430&Type=search" }, "geometry": { "type": "Point", "coordinates": [ 140.943394600000033, 42.3334853 ] } },
{ "type": "Feature", "properties": { "内容": "わっく室蘭　居宅介護支援事業部【居宅介護支援】室蘭市高砂町１丁目１０番１７号", "url2": "https://www.kaigokensaku.mhlw.go.jp/01/index.php?action_kouhyou_detail_004_kani=true&JigyosyoCd=0173500208-00&ServiceCd=430&Type=search" }, "geometry": { "type": "Point", "coordinates": [ 141.03520063988114, 42.357405883895311 ] } },
{ "type": "Feature", "properties": { "内容": "居宅介護支援コスモス悠【居宅介護支援】室蘭市本輪西町3丁目16番8号", "url2": "https://www.kaigokensaku.mhlw.go.jp/01/index.php?action_kouhyou_detail_004_kani=true&JigyosyoCd=0173500984-00&ServiceCd=430&Type=search" }, "geometry": { "type": "Point", "coordinates": [ 140.982004128835996, 42.366705026969456 ] } },
{ "type": "Feature", "properties": { "内容": "居宅介護支援事業所　しらかば【居宅介護支援】北海道室蘭市大沢町２丁目２６番地６号", "url2": "https://www.kaigokensaku.mhlw.go.jp/01/index.php?action_kouhyou_detail_004_kani=true&JigyosyoCd=0173500992-00&ServiceCd=430&Type=search" }, "geometry": { "type": "Point", "coordinates": [ 141.005629699999986, 42.3299472 ] } },
{ "type": "Feature", "properties": { "内容": "ふくしの相談センターまぐねっと【居宅介護支援】北海道室蘭市中島町３丁目８－１５A３　ｅ号室", "url2": "https://www.kaigokensaku.mhlw.go.jp/01/index.php?action_kouhyou_detail_004_kani=true&JigyosyoCd=0173502402-00&ServiceCd=430&Type=search" }, "geometry": { "type": "Point", "coordinates": [ 141.0217386, 42.3497164 ] } },
{ "type": "Feature", "properties": { "内容": "居宅介護相談センタ－憩【居宅介護支援】北海道室蘭市知利別町１丁目４５番地", "url2": "https://www.kaigokensaku.mhlw.go.jp/01/index.php?action_kouhyou_detail_004_kani=true&JigyosyoCd=0153580048-00&ServiceCd=430&Type=search" }, "geometry": { "type": "Point", "coordinates": [ 141.016511, 42.3575237 ] } },
{ "type": "Feature", "properties": { "内容": "居宅介護支援事業所ふれ愛【居宅介護支援】北海道釧路市若竹町18番18号", "url2": "https://www.kaigokensaku.mhlw.go.jp/01/index.php?action_kouhyou_detail_004_kani=true&JigyosyoCd=0174142687-00&ServiceCd=430&Type=search" }, "geometry": { "type": "Point", "coordinates": [ 144.375292699999989, 43.0011352 ] } },
{ "type": "Feature", "properties": { "内容": "居宅介護支援事業所　縁屋【居宅介護支援】北海道釧路市鳥取北4丁目20番12号", "url2": "https://www.kaigokensaku.mhlw.go.jp/01/index.php?action_kouhyou_detail_004_kani=true&JigyosyoCd=0174142414-00&ServiceCd=430&Type=search" }, "geometry": { "type": "Point", "coordinates": [ 144.350350583190902, 43.018647903984224 ] } },
{ "type": "Feature", "properties": { "内容": "ケアプランルーム　蓮【居宅介護支援】北海道釧路市新栄町12番15号理興ビル2階", "url2": "https://www.kaigokensaku.mhlw.go.jp/01/index.php?action_kouhyou_detail_004_kani=true&JigyosyoCd=0164190142-00&ServiceCd=430&Type=search" }, "geometry": { "type": "Point", "coordinates": [ 144.383235600000035, 42.9984666 ] } },
{ "type": "Feature", "properties": { "内容": "ケアプランニングメルシー【居宅介護支援】北海道釧路市幸町12－２－１８プレシャスワタナベ１０２号室", "url2": "https://www.kaigokensaku.mhlw.go.jp/01/index.php?action_kouhyou_detail_004_kani=true&JigyosyoCd=0174142844-00&ServiceCd=430&Type=search" }, "geometry": { "type": "Point", "coordinates": [ 144.378682489549249, 42.98828242021623 ] } },
{ "type": "Feature", "properties": { "内容": "ケアプランえーる【居宅介護支援】北海道釧路市星が浦大通2-3-26", "url2": "https://www.kaigokensaku.mhlw.go.jp/01/index.php?action_kouhyou_detail_004_kani=true&JigyosyoCd=0174142745-00&ServiceCd=430&Type=search" }, "geometry": { "type": "Point", "coordinates": [ 144.3227249, 43.0132045 ] } },
{ "type": "Feature", "properties": { "内容": "ケアオフィスヒバリ【居宅介護支援】北海道釧路市米町３丁目１番３３号", "url2": "https://www.kaigokensaku.mhlw.go.jp/01/index.php?action_kouhyou_detail_004_kani=true&JigyosyoCd=0174142893-00&ServiceCd=430&Type=search" }, "geometry": { "type": "Point", "coordinates": [ 144.3765779, 42.9708025 ] } },
{ "type": "Feature", "properties": { "内容": "ケアプランセンターたまき【居宅介護支援】北海道釧路市芦野1丁目21番2号", "url2": "https://www.kaigokensaku.mhlw.go.jp/01/index.php?action_kouhyou_detail_004_kani=true&JigyosyoCd=0174142943-00&ServiceCd=430&Type=search" }, "geometry": { "type": "Point", "coordinates": [ 144.399495853967295, 43.013457958872735 ] } },
{ "type": "Feature", "properties": { "内容": "居宅介護支援事業所みなみ【居宅介護支援】北海道釧路市新富町８番１６号パッションハイツハイツ1-A", "url2": "https://www.kaigokensaku.mhlw.go.jp/01/index.php?action_kouhyou_detail_004_kani=true&JigyosyoCd=0174102087-00&ServiceCd=430&Type=search" }, "geometry": { "type": "Point", "coordinates": [ 144.3908764, 42.9917645 ] } },
{ "type": "Feature", "properties": { "内容": "西池彰記念クリニック居宅介護支援事業所【居宅介護支援】北海道釧路市若竹町17番19号iハイツ　１０５", "url2": "https://www.kaigokensaku.mhlw.go.jp/01/index.php?action_kouhyou_detail_004_kani=true&JigyosyoCd=0114113129-00&ServiceCd=430&Type=search" }, "geometry": { "type": "Point", "coordinates": [ 144.375386950857092, 43.000677993936165 ] } },
{ "type": "Feature", "properties": { "内容": "ふわり居宅介護支援事業所【居宅介護支援】北海道釧路市入江町9番14号", "url2": "https://www.kaigokensaku.mhlw.go.jp/01/index.php?action_kouhyou_detail_004_kani=true&JigyosyoCd=0114113186-00&ServiceCd=430&Type=search" }, "geometry": { "type": "Point", "coordinates": [ 144.395345300000031, 43.0012445 ] } },
{ "type": "Feature", "properties": { "内容": "介護老人保健施設老健くしろ指定居宅介護支援事業所【居宅介護支援】釧路市昭和190番地4462", "url2": "https://www.kaigokensaku.mhlw.go.jp/01/index.php?action_kouhyou_detail_004_kani=true&JigyosyoCd=0154180012-00&ServiceCd=430&Type=search" }, "geometry": { "type": "Point", "coordinates": [ 144.355748233729514, 43.032384487827585 ] } },
{ "type": "Feature", "properties": { "内容": "星が浦ケアプラン企画センター【居宅介護支援】釧路市星が浦大通３丁目９番３５号", "url2": "https://www.kaigokensaku.mhlw.go.jp/01/index.php?action_kouhyou_detail_004_kani=true&JigyosyoCd=0154180046-00&ServiceCd=430&Type=search" }, "geometry": { "type": "Point", "coordinates": [ 144.316907799999967, 43.0165404 ] } },
{ "type": "Feature", "properties": { "内容": "釧路赤十字病院居宅介護支援事業所【居宅介護支援】釧路市新栄町21番14号", "url2": "https://www.kaigokensaku.mhlw.go.jp/01/index.php?action_kouhyou_detail_004_kani=true&JigyosyoCd=0114110679-00&ServiceCd=430&Type=search" }, "geometry": { "type": "Point", "coordinates": [ 144.381016300000027, 43.0015884 ] } },
{ "type": "Feature", "properties": { "内容": "あいいろケアプランセンター【居宅介護支援】北海道釧路市文苑1丁目41番11号", "url2": "https://www.kaigokensaku.mhlw.go.jp/01/index.php?action_kouhyou_detail_004_kani=true&JigyosyoCd=0174142653-00&ServiceCd=430&Type=search" }, "geometry": { "type": "Point", "coordinates": [ 144.3883339, 43.0200261 ] } },
{ "type": "Feature", "properties": { "内容": "ＳＯＭＰＯケア　釧路春採　居宅介護支援【居宅介護支援】釧路市春採4丁目29番16号", "url2": "https://www.kaigokensaku.mhlw.go.jp/01/index.php?action_kouhyou_detail_004_kani=true&JigyosyoCd=0174142422-00&ServiceCd=430&Type=search" }, "geometry": { "type": "Point", "coordinates": [ 144.409469800000011, 42.9649162 ] } },
{ "type": "Feature", "properties": { "内容": "医療法人社団あさひ会ケアプランセンター【居宅介護支援】北海道釧路市若竹町12番14号", "url2": "https://www.kaigokensaku.mhlw.go.jp/01/index.php?action_kouhyou_detail_004_kani=true&JigyosyoCd=0174101907-00&ServiceCd=430&Type=search" }, "geometry": { "type": "Point", "coordinates": [ 144.37745173320647, 42.999919999623458 ] } },
{ "type": "Feature", "properties": { "内容": "釧路中央病院ケアプランセンター【居宅介護支援】北海道釧路市幸町9丁目3番地医療法人扶恵会　釧路中央病院", "url2": "https://www.kaigokensaku.mhlw.go.jp/01/index.php?action_kouhyou_detail_004_kani=true&JigyosyoCd=0174142471-00&ServiceCd=430&Type=search" }, "geometry": { "type": "Point", "coordinates": [ 144.37809348081214, 42.985540031793441 ] } },
{ "type": "Feature", "properties": { "内容": "ケアプランセンターONE【居宅介護支援】北海道釧路市貝塚2丁目16番34号", "url2": "https://www.kaigokensaku.mhlw.go.jp/01/index.php?action_kouhyou_detail_004_kani=true&JigyosyoCd=0174142539-00&ServiceCd=430&Type=search" }, "geometry": { "type": "Point", "coordinates": [ 144.417226, 42.991369 ] } },
{ "type": "Feature", "properties": { "内容": "あいけあ釧路ケアプランセンター【居宅介護支援】北海道釧路市大川町7番10号", "url2": "https://www.kaigokensaku.mhlw.go.jp/01/index.php?action_kouhyou_detail_004_kani=true&JigyosyoCd=0174100966-00&ServiceCd=430&Type=search" }, "geometry": { "type": "Point", "coordinates": [ 144.391968499999962, 42.9817938 ] } },
{ "type": "Feature", "properties": { "内容": "あやとりケアプランセンター【居宅介護支援】釧路市住之江町8番2号", "url2": "https://www.kaigokensaku.mhlw.go.jp/01/index.php?action_kouhyou_detail_004_kani=true&JigyosyoCd=0174142406-00&ServiceCd=430&Type=search" }, "geometry": { "type": "Point", "coordinates": [ 144.371263460188288, 43.003602817035521 ] } },
{ "type": "Feature", "properties": { "内容": "いちごケアプランセンター【居宅介護支援】北海道釧路市益浦2丁目22番16号", "url2": "https://www.kaigokensaku.mhlw.go.jp/01/index.php?action_kouhyou_detail_004_kani=true&JigyosyoCd=0174101642-00&ServiceCd=430&Type=search" }, "geometry": { "type": "Point", "coordinates": [ 144.423157421053418, 42.954597363092461 ] } },
{ "type": "Feature", "properties": { "内容": "介護センターえくぼ【居宅介護支援】釧路市双葉町8番21号", "url2": "https://www.kaigokensaku.mhlw.go.jp/01/index.php?action_kouhyou_detail_004_kani=true&JigyosyoCd=0174101626-00&ServiceCd=430&Type=search" }, "geometry": { "type": "Point", "coordinates": [ 144.386592941564231, 42.996225644918688 ] } },
{ "type": "Feature", "properties": { "内容": "居宅介護支援事業所こまば【居宅介護支援】北海道釧路市駒場町3番29号", "url2": "https://www.kaigokensaku.mhlw.go.jp/01/index.php?action_kouhyou_detail_004_kani=true&JigyosyoCd=0174142109-00&ServiceCd=430&Type=search" }, "geometry": { "type": "Point", "coordinates": [ 144.367392600000017, 42.9997664 ] } },
{ "type": "Feature", "properties": { "内容": "ケアプランセンタークプナ【居宅介護支援】北海道釧路市昭和南5丁目5番8号", "url2": "https://www.kaigokensaku.mhlw.go.jp/01/index.php?action_kouhyou_detail_004_kani=true&JigyosyoCd=0174142026-00&ServiceCd=430&Type=search" }, "geometry": { "type": "Point", "coordinates": [ 144.3478381, 43.0218579 ] } },
{ "type": "Feature", "properties": { "内容": "いきいきプラン【居宅介護支援】北海道釧路市新橋大通1丁目2番20号農協ビル1階", "url2": "https://www.kaigokensaku.mhlw.go.jp/01/index.php?action_kouhyou_detail_004_kani=true&JigyosyoCd=0174142679-00&ServiceCd=430&Type=search" }, "geometry": { "type": "Point", "coordinates": [ 144.378221200000013, 43.002208 ] } },
{ "type": "Feature", "properties": { "内容": "そんぐケアセンター【居宅介護支援】北海道釧路市鳥取大通５丁目６番１０号", "url2": "https://www.kaigokensaku.mhlw.go.jp/01/index.php?action_kouhyou_detail_004_kani=true&JigyosyoCd=0174100339-00&ServiceCd=430&Type=search" }, "geometry": { "type": "Point", "coordinates": [ 144.345931562843361, 43.016012627095137 ] } },
{ "type": "Feature", "properties": { "内容": "株式会社ダイチサポート　居宅介護支援事業所【居宅介護支援】北海道釧路市貝塚1丁目6番20号", "url2": "https://www.kaigokensaku.mhlw.go.jp/01/index.php?action_kouhyou_detail_004_kani=true&JigyosyoCd=0174101592-00&ServiceCd=430&Type=search" }, "geometry": { "type": "Point", "coordinates": [ 144.409937600000035, 42.993183 ] } },
{ "type": "Feature", "properties": { "内容": "ケアセンタードナルド【居宅介護支援】北海道釧路市入舟4丁目1-1", "url2": "https://www.kaigokensaku.mhlw.go.jp/01/index.php?action_kouhyou_detail_004_kani=true&JigyosyoCd=0174100586-00&ServiceCd=430&Type=search" }, "geometry": { "type": "Point", "coordinates": [ 144.381116900000052, 42.9795409 ] } },
{ "type": "Feature", "properties": { "内容": "ニチイケアセンターくしろ【居宅介護支援】北海道釧路市文苑４丁６６番１５号", "url2": "https://www.kaigokensaku.mhlw.go.jp/01/index.php?action_kouhyou_detail_004_kani=true&JigyosyoCd=0174100016-00&ServiceCd=430&Type=search" }, "geometry": { "type": "Point", "coordinates": [ 144.395888499999955, 43.0220593 ] } },
{ "type": "Feature", "properties": { "内容": "ニチイケアセンター　ひぶな【居宅介護支援】北海道釧路市武佐1丁目40番28号", "url2": "https://www.kaigokensaku.mhlw.go.jp/01/index.php?action_kouhyou_detail_004_kani=true&JigyosyoCd=0174100263-00&ServiceCd=430&Type=search" }, "geometry": { "type": "Point", "coordinates": [ 144.429225026983659, 42.977170687825314 ] } },
{ "type": "Feature", "properties": { "内容": "ニチイケアセンター星が浦【居宅介護支援】北海道釧路市星が浦大通3-1-4", "url2": "https://www.kaigokensaku.mhlw.go.jp/01/index.php?action_kouhyou_detail_004_kani=true&JigyosyoCd=0174101550-00&ServiceCd=430&Type=search" }, "geometry": { "type": "Point", "coordinates": [ 144.318935499999952, 43.0126964 ] } },
{ "type": "Feature", "properties": { "内容": "居宅介護支援事業所ハートフルプラン【居宅介護支援】北海道釧路市米町２丁目１番３２号", "url2": "https://www.kaigokensaku.mhlw.go.jp/01/index.php?action_kouhyou_detail_004_kani=true&JigyosyoCd=0174101832-00&ServiceCd=430&Type=search" }, "geometry": { "type": "Point", "coordinates": [ 144.3748233, 42.9722499 ] } },
{ "type": "Feature", "properties": { "内容": "ケアプランこころ【居宅介護支援】北海道釧路市若竹町8番20号", "url2": "https://www.kaigokensaku.mhlw.go.jp/01/index.php?action_kouhyou_detail_004_kani=true&JigyosyoCd=0174101246-00&ServiceCd=430&Type=search" }, "geometry": { "type": "Point", "coordinates": [ 144.3745669, 42.9994442 ] } },
{ "type": "Feature", "properties": { "内容": "咲笑ケアサービス【居宅介護支援】釧路市東川町12番3号杉田貸事務所", "url2": "https://www.kaigokensaku.mhlw.go.jp/01/index.php?action_kouhyou_detail_004_kani=true&JigyosyoCd=0174101733-00&ServiceCd=430&Type=search" }, "geometry": { "type": "Point", "coordinates": [ 144.374197, 43.0114457 ] } },
{ "type": "Feature", "properties": { "内容": "ケアプランセンターみちる【居宅介護支援】北海道釧路市芦野５丁目６－１８", "url2": "https://www.kaigokensaku.mhlw.go.jp/01/index.php?action_kouhyou_detail_004_kani=true&JigyosyoCd=0174142141-00&ServiceCd=430&Type=search" }, "geometry": { "type": "Point", "coordinates": [ 144.392778300000032, 43.0133404 ] } },
{ "type": "Feature", "properties": { "内容": "介護支援優輪【居宅介護支援】北海道釧路市住吉２丁目３番２１号", "url2": "https://www.kaigokensaku.mhlw.go.jp/01/index.php?action_kouhyou_detail_004_kani=true&JigyosyoCd=0174142083-00&ServiceCd=430&Type=search" }, "geometry": { "type": "Point", "coordinates": [ 144.41374129999997, 42.967694 ] } },
{ "type": "Feature", "properties": { "内容": "ヤシの木けあぷらん【居宅介護支援】北海道釧路市貝塚2丁目14番14号", "url2": "https://www.kaigokensaku.mhlw.go.jp/01/index.php?action_kouhyou_detail_004_kani=true&JigyosyoCd=0174142497-00&ServiceCd=430&Type=search" }, "geometry": { "type": "Point", "coordinates": [ 144.4157212, 42.9931478 ] } },
{ "type": "Feature", "properties": { "内容": "ケアプランセンターななかまど【居宅介護支援】北海道釧路市鶴野東4丁目20番６号", "url2": "https://www.kaigokensaku.mhlw.go.jp/01/index.php?action_kouhyou_detail_004_kani=true&JigyosyoCd=0174142588-00&ServiceCd=430&Type=search" }, "geometry": { "type": "Point", "coordinates": [ 144.3237437, 43.0255609 ] } },
{ "type": "Feature", "properties": { "内容": "居宅介護支援事業所　ケアプラン　あおい【居宅介護支援】北海道釧路市愛国西１丁目１３番７号ドミール愛国", "url2": "https://www.kaigokensaku.mhlw.go.jp/01/index.php?action_kouhyou_detail_004_kani=true&JigyosyoCd=0174102061-00&ServiceCd=430&Type=search" }, "geometry": { "type": "Point", "coordinates": [ 144.384607932346739, 43.010482523605091 ] } },
{ "type": "Feature", "properties": { "内容": "はるケアプランセンター【居宅介護支援】北海道釧路市暁町6番5号", "url2": "https://www.kaigokensaku.mhlw.go.jp/01/index.php?action_kouhyou_detail_004_kani=true&JigyosyoCd=0174142562-00&ServiceCd=430&Type=search" }, "geometry": { "type": "Point", "coordinates": [ 144.372760199999988, 43.0076816 ] } },
{ "type": "Feature", "properties": { "内容": "ケアプラン笑家【居宅介護支援】北海道釧路市昭和中央5-29-20サニーコーポ２　103号室", "url2": "https://www.kaigokensaku.mhlw.go.jp/01/index.php?action_kouhyou_detail_004_kani=true&JigyosyoCd=0174142158-00&ServiceCd=430&Type=search" }, "geometry": { "type": "Point", "coordinates": [ 144.359248523942654, 43.028844836194494 ] } },
{ "type": "Feature", "properties": { "内容": "居宅介護支援事業所虹いろプラン【居宅介護支援】北海道釧路市新栄町１１番１０号サニーハイムメイプル１０２号室", "url2": "https://www.kaigokensaku.mhlw.go.jp/01/index.php?action_kouhyou_detail_004_kani=true&JigyosyoCd=0174142638-00&ServiceCd=430&Type=search" }, "geometry": { "type": "Point", "coordinates": [ 144.382567500000022, 42.9988869 ] } },
{ "type": "Feature", "properties": { "内容": "鶴ヶ岱ケアプラン企画センター【居宅介護支援】北海道釧路市鶴ヶ岱１丁目１０番４６号", "url2": "https://www.kaigokensaku.mhlw.go.jp/01/index.php?action_kouhyou_detail_004_kani=true&JigyosyoCd=0174101121-00&ServiceCd=430&Type=search" }, "geometry": { "type": "Point", "coordinates": [ 144.397567900000013, 42.980711 ] } },
{ "type": "Feature", "properties": { "内容": "愛国ケアプラン企画センター【居宅介護支援】北海道釧路市愛国191-5065", "url2": "https://www.kaigokensaku.mhlw.go.jp/01/index.php?action_kouhyou_detail_004_kani=true&JigyosyoCd=0174102020-00&ServiceCd=430&Type=search" }, "geometry": { "type": "Point", "coordinates": [ 144.4009125, 43.0283729 ] } },
{ "type": "Feature", "properties": { "内容": "道東勤医協ひまわり居宅介護支援事業部【居宅介護支援】北海道釧路市堀川町8番４３号", "url2": "https://www.kaigokensaku.mhlw.go.jp/01/index.php?action_kouhyou_detail_004_kani=true&JigyosyoCd=0174100081-00&ServiceCd=430&Type=search" }, "geometry": { "type": "Point", "coordinates": [ 144.3928568, 42.9980947 ] } },
{ "type": "Feature", "properties": { "内容": "道東勤医協すこやか居宅介護支援事業所【居宅介護支援】北海道釧路市治水町３番１４号", "url2": "https://www.kaigokensaku.mhlw.go.jp/01/index.php?action_kouhyou_detail_004_kani=true&JigyosyoCd=0174100503-00&ServiceCd=430&Type=search" }, "geometry": { "type": "Point", "coordinates": [ 144.371360440965617, 43.008293239679674 ] } },
{ "type": "Feature", "properties": { "内容": "在宅サービス鶴ケ岱居宅介護支援事業所【居宅介護支援】釧路市鶴ケ岱2丁目2番5号", "url2": "https://www.kaigokensaku.mhlw.go.jp/01/index.php?action_kouhyou_detail_004_kani=true&JigyosyoCd=0174100099-00&ServiceCd=430&Type=search" }, "geometry": { "type": "Point", "coordinates": [ 144.401856400000042, 42.9772672 ] } },
{ "type": "Feature", "properties": { "内容": "在宅サービス昭和居宅介護支援事業所【居宅介護支援】釧路市昭和南５丁目２３番１号", "url2": "https://www.kaigokensaku.mhlw.go.jp/01/index.php?action_kouhyou_detail_004_kani=true&JigyosyoCd=0174100107-00&ServiceCd=430&Type=search" }, "geometry": { "type": "Point", "coordinates": [ 144.351890499999968, 43.0220553 ] } },
{ "type": "Feature", "properties": { "内容": "あさひまち居宅介護支援事業所【居宅介護支援】釧路市旭町12番3号釧路市総合福祉センター内", "url2": "https://www.kaigokensaku.mhlw.go.jp/01/index.php?action_kouhyou_detail_004_kani=true&JigyosyoCd=0174100818-00&ServiceCd=430&Type=search" }, "geometry": { "type": "Point", "coordinates": [ 144.390949099999943, 42.9854239 ] } },
{ "type": "Feature", "properties": { "内容": "阿寒町居宅介護支援事業所【居宅介護支援】北海道釧路市阿寒町中央1丁目７番1２号阿寒町保健・福祉サービス複合施設「ひだまり」内", "url2": "https://www.kaigokensaku.mhlw.go.jp/01/index.php?action_kouhyou_detail_004_kani=true&JigyosyoCd=0174100859-00&ServiceCd=430&Type=search" }, "geometry": { "type": "Point", "coordinates": [ 144.122135800000024, 43.1122922 ] } },
{ "type": "Feature", "properties": { "内容": "おんべつ居宅介護支援事業所【居宅介護支援】釧路市音別町本町3丁目50番地音別町社会福祉会館内", "url2": "https://www.kaigokensaku.mhlw.go.jp/01/index.php?action_kouhyou_detail_004_kani=true&JigyosyoCd=0174101113-00&ServiceCd=430&Type=search" }, "geometry": { "type": "Point", "coordinates": [ 143.927903, 42.8898304 ] } },
{ "type": "Feature", "properties": { "内容": "さくらの里居宅介護支援事業所【居宅介護支援】釧路市桜ヶ岡4丁目14番10号", "url2": "https://www.kaigokensaku.mhlw.go.jp/01/index.php?action_kouhyou_detail_004_kani=true&JigyosyoCd=0174101261-00&ServiceCd=430&Type=search" }, "geometry": { "type": "Point", "coordinates": [ 144.425018, 42.9639144 ] } },
{ "type": "Feature", "properties": { "内容": "のんき家居宅介護支援事業所【居宅介護支援】釧路市星が浦大通3丁目7番22号", "url2": "https://www.kaigokensaku.mhlw.go.jp/01/index.php?action_kouhyou_detail_004_kani=true&JigyosyoCd=0174102129-00&ServiceCd=430&Type=search" }, "geometry": { "type": "Point", "coordinates": [ 144.313783199999989, 43.0154764 ] } },
{ "type": "Feature", "properties": { "内容": "歩々居宅介護支援事業所【居宅介護支援】北海道釧路市昭和中央6丁目20番1号ホーム歩々", "url2": "https://www.kaigokensaku.mhlw.go.jp/01/index.php?action_kouhyou_detail_004_kani=true&JigyosyoCd=0174100941-00&ServiceCd=430&Type=search" }, "geometry": { "type": "Point", "coordinates": [ 144.352848600000016, 43.0283213 ] } },
{ "type": "Feature", "properties": { "内容": "鶴の園指定居宅介護支援事業所【居宅介護支援】北海道釧路市阿寒町富士見２丁目５番３９号ライフステージ鶴の園", "url2": "https://www.kaigokensaku.mhlw.go.jp/01/index.php?action_kouhyou_detail_004_kani=true&JigyosyoCd=0174300160-00&ServiceCd=430&Type=search" }, "geometry": { "type": "Point", "coordinates": [ 144.121090557147227, 43.10669142369261 ] } },
{ "type": "Feature", "properties": { "内容": "ケアプランセンターいおり【居宅介護支援】北海道釧路市南大通8丁目1番19号", "url2": "https://www.kaigokensaku.mhlw.go.jp/01/index.php?action_kouhyou_detail_004_kani=true&JigyosyoCd=0174142752-00&ServiceCd=430&Type=search" }, "geometry": { "type": "Point", "coordinates": [ 144.3744757, 42.9747224 ] } },
{ "type": "Feature", "properties": { "内容": "Ｅプランセンター【居宅介護支援】北海道釧路市芦野2丁目21番20号", "url2": "https://www.kaigokensaku.mhlw.go.jp/01/index.php?action_kouhyou_detail_004_kani=true&JigyosyoCd=0174142760-00&ServiceCd=430&Type=search" }, "geometry": { "type": "Point", "coordinates": [ 144.3983395, 43.0140561 ] } },
{ "type": "Feature", "properties": { "内容": "りもぷら【居宅介護支援】北海道釧路市星が浦北4丁目3番34号", "url2": "https://www.kaigokensaku.mhlw.go.jp/01/index.php?action_kouhyou_detail_004_kani=true&JigyosyoCd=0174142836-00&ServiceCd=430&Type=search" }, "geometry": { "type": "Point", "coordinates": [ 144.308435800000012, 43.0169894 ] } },
{ "type": "Feature", "properties": { "内容": "ケアプランセンターティーダ【居宅介護支援】北海道釧路市紫雲台2番31号", "url2": "https://www.kaigokensaku.mhlw.go.jp/01/index.php?action_kouhyou_detail_004_kani=true&JigyosyoCd=0174142968-00&ServiceCd=430&Type=search" }, "geometry": { "type": "Point", "coordinates": [ 144.3978584, 42.965505 ] } },
{ "type": "Feature", "properties": { "内容": "居宅介護支援事業所　ぱろーら【居宅介護支援】北海道釧路市文苑４丁目３７番１８号", "url2": "https://www.kaigokensaku.mhlw.go.jp/01/index.php?action_kouhyou_detail_004_kani=true&JigyosyoCd=0174101535-00&ServiceCd=430&Type=search" }, "geometry": { "type": "Point", "coordinates": [ 144.389711300000045, 43.0236199 ] } },
{ "type": "Feature", "properties": { "内容": "指定居宅介護支援事業所　株式会社ハートピア【居宅介護支援】釧路市大楽毛５丁目１番１6号", "url2": "https://www.kaigokensaku.mhlw.go.jp/01/index.php?action_kouhyou_detail_004_kani=true&JigyosyoCd=0174100578-00&ServiceCd=430&Type=search" }, "geometry": { "type": "Point", "coordinates": [ 144.271324099999987, 43.0094471 ] } },
{ "type": "Feature", "properties": { "内容": "明日香ケアプランセンター【居宅介護支援】北海道釧路市白金町１１番１１号ルミエール１０８号室", "url2": "https://www.kaigokensaku.mhlw.go.jp/01/index.php?action_kouhyou_detail_004_kani=true&JigyosyoCd=0174101485-00&ServiceCd=430&Type=search" }, "geometry": { "type": "Point", "coordinates": [ 144.376216900000031, 42.994228100000015 ] } },
{ "type": "Feature", "properties": { "内容": "居宅介護支援事業所いそしお【居宅介護支援】北海道釧路市宮本２丁目９番１１号", "url2": "https://www.kaigokensaku.mhlw.go.jp/01/index.php?action_kouhyou_detail_004_kani=true&JigyosyoCd=0174142372-00&ServiceCd=430&Type=search" }, "geometry": { "type": "Point", "coordinates": [ 144.386348859143027, 42.971238330377119 ] } },
{ "type": "Feature", "properties": { "内容": "スマートテンダー居宅介護支援事業所【居宅介護支援】北海道帯広市東6条南11丁目2番地3", "url2": "https://www.kaigokensaku.mhlw.go.jp/01/index.php?action_kouhyou_detail_004_kani=true&JigyosyoCd=0174602672-00&ServiceCd=430&Type=search" }, "geometry": { "type": "Point", "coordinates": [ 143.215761818345555, 42.920736624753168 ] } },
{ "type": "Feature", "properties": { "内容": "居宅介護支援事業所あいのて【居宅介護支援】北海道帯広市西5条南16丁目2番地3", "url2": "https://www.kaigokensaku.mhlw.go.jp/01/index.php?action_kouhyou_detail_004_kani=true&JigyosyoCd=0174602862-00&ServiceCd=430&Type=search" }, "geometry": { "type": "Point", "coordinates": [ 143.1994372, 42.9144359 ] } },
{ "type": "Feature", "properties": { "内容": "居宅介護支援事業所シマエナガ【居宅介護支援】北海道帯広市東9条南15丁目1番地38ピースフルハウスＤ号室", "url2": "https://www.kaigokensaku.mhlw.go.jp/01/index.php?action_kouhyou_detail_004_kani=true&JigyosyoCd=0174602979-00&ServiceCd=430&Type=search" }, "geometry": { "type": "Point", "coordinates": [ 143.2215914, 42.916141 ] } },
{ "type": "Feature", "properties": { "内容": "ケアプランサービスエムズ【居宅介護支援】北海道帯広市21条南3丁目5-4", "url2": "https://www.kaigokensaku.mhlw.go.jp/01/index.php?action_kouhyou_detail_004_kani=true&JigyosyoCd=0174601823-00&ServiceCd=430&Type=search" }, "geometry": { "type": "Point", "coordinates": [ 143.1781221, 42.9052448 ] } },
{ "type": "Feature", "properties": { "内容": "指定居宅介護支援事業所向日葵【居宅介護支援】北海道帯広市西16条北1丁目27番地", "url2": "https://www.kaigokensaku.mhlw.go.jp/01/index.php?action_kouhyou_detail_004_kani=true&JigyosyoCd=0114611932-00&ServiceCd=430&Type=search" }, "geometry": { "type": "Point", "coordinates": [ 143.176085472491394, 42.931361244666931 ] } },
{ "type": "Feature", "properties": { "内容": "指定居宅介護支援事業所白樺【居宅介護支援】北海道帯広市白樺１６条西１丁目３－１", "url2": "https://www.kaigokensaku.mhlw.go.jp/01/index.php?action_kouhyou_detail_004_kani=true&JigyosyoCd=0154680029-00&ServiceCd=430&Type=search" }, "geometry": { "type": "Point", "coordinates": [ 143.172974899999986, 42.91939 ] } },
{ "type": "Feature", "properties": { "内容": "ケアプランセンター帯広中央【居宅介護支援】北海道帯広市西7条南8丁目1番地3", "url2": "https://www.kaigokensaku.mhlw.go.jp/01/index.php?action_kouhyou_detail_004_kani=true&JigyosyoCd=0164690166-00&ServiceCd=430&Type=search" }, "geometry": { "type": "Point", "coordinates": [ 143.194315759161782, 42.922567186303638 ] } },
{ "type": "Feature", "properties": { "内容": "開西病院在宅ケアセンター【居宅介護支援】北海道帯広市西２４条南２丁目２１番地８", "url2": "https://www.kaigokensaku.mhlw.go.jp/01/index.php?action_kouhyou_detail_004_kani=true&JigyosyoCd=0114613235-00&ServiceCd=430&Type=search" }, "geometry": { "type": "Point", "coordinates": [ 143.129626696364539, 42.918812994757275 ] } },
{ "type": "Feature", "properties": { "内容": "指定居宅介護支援事業所ふぁ－すと【居宅介護支援】北海道帯広市稲田町基線２番地１十勝自立支援センター　介護老人保健施設かけはし", "url2": "https://www.kaigokensaku.mhlw.go.jp/01/index.php?action_kouhyou_detail_004_kani=true&JigyosyoCd=0114613078-00&ServiceCd=430&Type=search" }, "geometry": { "type": "Point", "coordinates": [ 143.190953115621966, 42.884750369808451 ] } },
{ "type": "Feature", "properties": { "内容": "指定居宅介護支援事業所　木もれび【居宅介護支援】北海道帯広市西17条北2丁目37番8号", "url2": "https://www.kaigokensaku.mhlw.go.jp/01/index.php?action_kouhyou_detail_004_kani=true&JigyosyoCd=0164690109-00&ServiceCd=430&Type=search" }, "geometry": { "type": "Point", "coordinates": [ 143.165652460713233, 42.934503072533509 ] } },
{ "type": "Feature", "properties": { "内容": "ＳＯＭＰＯケア　帯広南　居宅介護支援【居宅介護支援】帯広市西5条南34丁目29-4", "url2": "https://www.kaigokensaku.mhlw.go.jp/01/index.php?action_kouhyou_detail_004_kani=true&JigyosyoCd=0174602557-00&ServiceCd=430&Type=search" }, "geometry": { "type": "Point", "coordinates": [ 143.201067800000033, 42.8926724 ] } },
{ "type": "Feature", "properties": { "内容": "アースサポート帯広【居宅介護支援】北海道帯広市東７条南１４丁目１番地１３", "url2": "https://www.kaigokensaku.mhlw.go.jp/01/index.php?action_kouhyou_detail_004_kani=true&JigyosyoCd=0174601401-00&ServiceCd=430&Type=search" }, "geometry": { "type": "Point", "coordinates": [ 143.216567899999973, 42.9167788 ] } },
{ "type": "Feature", "properties": { "内容": "指定居宅介護支援事業所ねこの手【居宅介護支援】北海道帯広市西6条南11丁目31-1コーポ渡辺7号室", "url2": "https://www.kaigokensaku.mhlw.go.jp/01/index.php?action_kouhyou_detail_004_kani=true&JigyosyoCd=0174602789-00&ServiceCd=430&Type=search" }, "geometry": { "type": "Point", "coordinates": [ 143.1964279, 42.9188461 ] } },
{ "type": "Feature", "properties": { "内容": "ツクイ帯広ＷＯＷ【居宅介護支援】北海道帯広市西四条南29-1-8ＷＯＷ西館1階", "url2": "https://www.kaigokensaku.mhlw.go.jp/01/index.php?action_kouhyou_detail_004_kani=true&JigyosyoCd=0174602748-00&ServiceCd=430&Type=search" }, "geometry": { "type": "Point", "coordinates": [ 143.2023868, 42.8985324 ] } },
{ "type": "Feature", "properties": { "内容": "居宅介護支援事業所すみれ【居宅介護支援】北海道帯広市西19条南4丁目19-7", "url2": "https://www.kaigokensaku.mhlw.go.jp/01/index.php?action_kouhyou_detail_004_kani=true&JigyosyoCd=0174601203-00&ServiceCd=430&Type=search" }, "geometry": { "type": "Point", "coordinates": [ 143.156410100000016, 42.9087186 ] } },
{ "type": "Feature", "properties": { "内容": "ニチイケアセンター帯広【居宅介護支援】帯広市西22条南3丁目33-1", "url2": "https://www.kaigokensaku.mhlw.go.jp/01/index.php?action_kouhyou_detail_004_kani=true&JigyosyoCd=0174600031-00&ServiceCd=430&Type=search" }, "geometry": { "type": "Point", "coordinates": [ 143.131711662565635, 42.912517521405491 ] } },
{ "type": "Feature", "properties": { "内容": "ライフマップ　帯広【居宅介護支援】北海道帯広市西7条南6丁目1番地4", "url2": "https://www.kaigokensaku.mhlw.go.jp/01/index.php?action_kouhyou_detail_004_kani=true&JigyosyoCd=0174602599-00&ServiceCd=430&Type=search" }, "geometry": { "type": "Point", "coordinates": [ 143.193175600000018, 42.925193 ] } },
{ "type": "Feature", "properties": { "内容": "居宅介護支援事業所ぬくもり【居宅介護支援】北海道帯広市東10条南12丁目1番地29", "url2": "https://www.kaigokensaku.mhlw.go.jp/01/index.php?action_kouhyou_detail_004_kani=true&JigyosyoCd=0174602607-00&ServiceCd=430&Type=search" }, "geometry": { "type": "Point", "coordinates": [ 143.223315899999989, 42.9198491 ] } },
{ "type": "Feature", "properties": { "内容": "指定居宅介護支援事業所そらいろ【居宅介護支援】北海道帯広市大空町3-9-8", "url2": "https://www.kaigokensaku.mhlw.go.jp/01/index.php?action_kouhyou_detail_004_kani=true&JigyosyoCd=0174602474-00&ServiceCd=430&Type=search" }, "geometry": { "type": "Point", "coordinates": [ 143.1553977, 42.875553 ] } },
{ "type": "Feature", "properties": { "内容": "居宅介護支援真ごころ【居宅介護支援】北海道帯広市西11条南17丁目2番地エスレイアⅤ", "url2": "https://www.kaigokensaku.mhlw.go.jp/01/index.php?action_kouhyou_detail_004_kani=true&JigyosyoCd=0174602722-00&ServiceCd=430&Type=search" }, "geometry": { "type": "Point", "coordinates": [ 143.188488799999988, 42.9119702 ] } },
{ "type": "Feature", "properties": { "内容": "居宅介護支援事業所　ふるさと【居宅介護支援】帯広市白樺１６条東５丁目１０番地", "url2": "https://www.kaigokensaku.mhlw.go.jp/01/index.php?action_kouhyou_detail_004_kani=true&JigyosyoCd=0174601757-00&ServiceCd=430&Type=search" }, "geometry": { "type": "Point", "coordinates": [ 143.178156686508146, 42.919025497580463 ] } },
{ "type": "Feature", "properties": { "内容": "帯広けいせい苑　居宅介護支援事業所はるか【居宅介護支援】北海道帯広市川西町西１線４７番地３", "url2": "https://www.kaigokensaku.mhlw.go.jp/01/index.php?action_kouhyou_detail_004_kani=true&JigyosyoCd=0174601229-00&ServiceCd=430&Type=search" }, "geometry": { "type": "Point", "coordinates": [ 143.177981318923884, 42.854989186318257 ] } },
{ "type": "Feature", "properties": { "内容": "ケア　コンシェルジュ　シルバーウィング【居宅介護支援】帯広市西17条南3丁目24番地24号", "url2": "https://www.kaigokensaku.mhlw.go.jp/01/index.php?action_kouhyou_detail_004_kani=true&JigyosyoCd=0174601500-00&ServiceCd=430&Type=search" }, "geometry": { "type": "Point", "coordinates": [ 143.153916200000026, 42.8996558 ] } },
{ "type": "Feature", "properties": { "内容": "居宅介護支援センター帯広至心寮【居宅介護支援】帯広市西4条南35丁目3番8号", "url2": "https://www.kaigokensaku.mhlw.go.jp/01/index.php?action_kouhyou_detail_004_kani=true&JigyosyoCd=0174600080-00&ServiceCd=430&Type=search" }, "geometry": { "type": "Point", "coordinates": [ 143.203081683081109, 42.891028281610545 ] } },
{ "type": "Feature", "properties": { "内容": "社会福祉法人帯広市社会福祉協議会　居宅介護支援事業所【居宅介護支援】北海道帯広市公園東町3丁目9番地1", "url2": "https://www.kaigokensaku.mhlw.go.jp/01/index.php?action_kouhyou_detail_004_kani=true&JigyosyoCd=0174600015-00&ServiceCd=430&Type=search" }, "geometry": { "type": "Point", "coordinates": [ 143.192454, 42.9081228 ] } },
{ "type": "Feature", "properties": { "内容": "居宅介護支援センター太陽園【居宅介護支援】帯広市大正町西１線９６－１", "url2": "https://www.kaigokensaku.mhlw.go.jp/01/index.php?action_kouhyou_detail_004_kani=true&JigyosyoCd=0174600106-00&ServiceCd=430&Type=search" }, "geometry": { "type": "Point", "coordinates": [ 143.157440400000041, 42.7986643 ] } },
{ "type": "Feature", "properties": { "内容": "指定居宅介護支援事業所　愛仁園【居宅介護支援】北海道帯広市西16条南28丁目2番地1", "url2": "https://www.kaigokensaku.mhlw.go.jp/01/index.php?action_kouhyou_detail_004_kani=true&JigyosyoCd=0174600072-00&ServiceCd=430&Type=search" }, "geometry": { "type": "Point", "coordinates": [ 143.180423041664085, 42.898881972884411 ] } },
{ "type": "Feature", "properties": { "内容": "十勝バス介護サービスセンター【居宅介護支援】北海道帯広市西14条南32丁目2-13", "url2": "https://www.kaigokensaku.mhlw.go.jp/01/index.php?action_kouhyou_detail_004_kani=true&JigyosyoCd=0174601062-00&ServiceCd=430&Type=search" }, "geometry": { "type": "Point", "coordinates": [ 143.1853678, 42.894118 ] } },
{ "type": "Feature", "properties": { "内容": "シグナル帯広居宅介護ステーション【居宅介護支援】帯広市西２条南20丁目10番地", "url2": "https://www.kaigokensaku.mhlw.go.jp/01/index.php?action_kouhyou_detail_004_kani=true&JigyosyoCd=0174600353-00&ServiceCd=430&Type=search" }, "geometry": { "type": "Point", "coordinates": [ 143.204461199999969, 42.9091567 ] } },
{ "type": "Feature", "properties": { "内容": "指定居宅介護支援事業所なのはな【居宅介護支援】北海道帯広市東1条南24丁目2番地４日東ハイツ205号室", "url2": "https://www.kaigokensaku.mhlw.go.jp/01/index.php?action_kouhyou_detail_004_kani=true&JigyosyoCd=0174602854-00&ServiceCd=430&Type=search" }, "geometry": { "type": "Point", "coordinates": [ 143.2096951, 42.9052695 ] } },
{ "type": "Feature", "properties": { "内容": "ケアマネCOCO【居宅介護支援】北海道帯広市西９条南２８丁目２３番地", "url2": "https://www.kaigokensaku.mhlw.go.jp/01/index.php?action_kouhyou_detail_004_kani=true&JigyosyoCd=0174602920-00&ServiceCd=430&Type=search" }, "geometry": { "type": "Point", "coordinates": [ 143.1935665, 42.8987407 ] } },
{ "type": "Feature", "properties": { "内容": "はるすケアプランサービス【居宅介護支援】北海道帯広市西１２条北２丁目３番地１５", "url2": "https://www.kaigokensaku.mhlw.go.jp/01/index.php?action_kouhyou_detail_004_kani=true&JigyosyoCd=0174602300-00&ServiceCd=430&Type=search" }, "geometry": { "type": "Point", "coordinates": [ 143.185734499999967, 42.9322556 ] } },
{ "type": "Feature", "properties": { "内容": "あかりケアプランサービス【居宅介護支援】北海道帯広市大通南８丁目５番", "url2": "https://www.kaigokensaku.mhlw.go.jp/01/index.php?action_kouhyou_detail_004_kani=true&JigyosyoCd=0174602698-00&ServiceCd=430&Type=search" }, "geometry": { "type": "Point", "coordinates": [ 143.2044764, 42.9235259 ] } },
{ "type": "Feature", "properties": { "内容": "ケアプランセンターあおいとり【居宅介護支援】北海道帯広市南の森西2丁目1番1号", "url2": "https://www.kaigokensaku.mhlw.go.jp/01/index.php?action_kouhyou_detail_004_kani=true&JigyosyoCd=0174602714-00&ServiceCd=430&Type=search" }, "geometry": { "type": "Point", "coordinates": [ 143.168838724947051, 42.883767197610091 ] } },
{ "type": "Feature", "properties": { "内容": "指定居宅介護支援事業所ポプラ【居宅介護支援】北海道帯広市西18条南5丁目52番地5HOUSE１８５ＰＵＬＡＺＡ", "url2": "https://www.kaigokensaku.mhlw.go.jp/01/index.php?action_kouhyou_detail_004_kani=true&JigyosyoCd=0174602995-00&ServiceCd=430&Type=search" }, "geometry": { "type": "Point", "coordinates": [ 143.1647501, 42.905822200000017 ] } },
{ "type": "Feature", "properties": { "内容": "アンジュ介護支援センター【居宅介護支援】北海道北見市とん田東町539番地1", "url2": "https://www.kaigokensaku.mhlw.go.jp/01/index.php?action_kouhyou_detail_004_kani=true&JigyosyoCd=0175013044-00&ServiceCd=430&Type=search" }, "geometry": { "type": "Point", "coordinates": [ 143.8794871, 43.7911389 ] } },
{ "type": "Feature", "properties": { "内容": "鈴音介護サービス【居宅介護支援】北見市公園町１６１－７", "url2": "https://www.kaigokensaku.mhlw.go.jp/01/index.php?action_kouhyou_detail_004_kani=true&JigyosyoCd=0175013093-00&ServiceCd=430&Type=search" }, "geometry": { "type": "Point", "coordinates": [ 143.9089821, 43.8217176 ] } },
{ "type": "Feature", "properties": { "内容": "居宅介護支援事業所勤医協【居宅介護支援】北見市常盤町5丁目9番地５", "url2": "https://www.kaigokensaku.mhlw.go.jp/01/index.php?action_kouhyou_detail_004_kani=true&JigyosyoCd=0115012064-00&ServiceCd=430&Type=search" }, "geometry": { "type": "Point", "coordinates": [ 143.889291640475449, 43.792520146599315 ] } },
{ "type": "Feature", "properties": { "内容": "医療法人ケイ・アイ　オホーツク海病院　指定居宅介護支援事業所【居宅介護支援】北見市端野町二区793番地1", "url2": "https://www.kaigokensaku.mhlw.go.jp/01/index.php?action_kouhyou_detail_004_kani=true&JigyosyoCd=0115011934-00&ServiceCd=430&Type=search" }, "geometry": { "type": "Point", "coordinates": [ 143.9282174, 43.8638982 ] } },
{ "type": "Feature", "properties": { "内容": "介護老人保健施設いきいき指定居宅介護支援事業所【居宅介護支援】北見市東相内町172番地80", "url2": "https://www.kaigokensaku.mhlw.go.jp/01/index.php?action_kouhyou_detail_004_kani=true&JigyosyoCd=0155080021-00&ServiceCd=430&Type=search" }, "geometry": { "type": "Point", "coordinates": [ 143.819465199999968, 43.8007554 ] } },
{ "type": "Feature", "properties": { "内容": "一般社団法人北海道総合在宅ケア事業団　北見地域ケアプラン相談センター【居宅介護支援】北海道北見市東相内町268番地441階", "url2": "https://www.kaigokensaku.mhlw.go.jp/01/index.php?action_kouhyou_detail_004_kani=true&JigyosyoCd=0165090010-00&ServiceCd=430&Type=search" }, "geometry": { "type": "Point", "coordinates": [ 143.810071858137718, 43.804873929511565 ] } },
{ "type": "Feature", "properties": { "内容": "居宅介護支援事業所明日は晴【居宅介護支援】北海道北見市美山町南７丁目４-１０", "url2": "https://www.kaigokensaku.mhlw.go.jp/01/index.php?action_kouhyou_detail_004_kani=true&JigyosyoCd=0165090135-00&ServiceCd=430&Type=search" }, "geometry": { "type": "Point", "coordinates": [ 143.882651500000065, 43.8196824 ] } },
{ "type": "Feature", "properties": { "内容": "ケアプランセンターむか川【居宅介護支援】北海道北見市留辺蘂町温根湯温泉440-1", "url2": "https://www.kaigokensaku.mhlw.go.jp/01/index.php?action_kouhyou_detail_004_kani=true&JigyosyoCd=0115012551-00&ServiceCd=430&Type=search" }, "geometry": { "type": "Point", "coordinates": [ 143.505388399999987, 43.7578026 ] } },
{ "type": "Feature", "properties": { "内容": "老人保健施設緑風　指定居宅介護支援事業所【居宅介護支援】北海道北見市緑ヶ丘3丁目29番8号介護老人保健施設緑風", "url2": "https://www.kaigokensaku.mhlw.go.jp/01/index.php?action_kouhyou_detail_004_kani=true&JigyosyoCd=0155080047-00&ServiceCd=430&Type=search" }, "geometry": { "type": "Point", "coordinates": [ 143.8702591, 43.8246429 ] } },
{ "type": "Feature", "properties": { "内容": "ケアプランステーション親水（しんすい）【居宅介護支援】北海道北見市北斗町２丁目４−２４", "url2": "https://www.kaigokensaku.mhlw.go.jp/01/index.php?action_kouhyou_detail_004_kani=true&JigyosyoCd=0165090168-00&ServiceCd=430&Type=search" }, "geometry": { "type": "Point", "coordinates": [ 143.883591900000056, 43.811745400000014 ] } },
{ "type": "Feature", "properties": { "内容": "ケアプランセンター和里（にこり）【居宅介護支援】北海道北見市東相内町167番地35", "url2": "https://www.kaigokensaku.mhlw.go.jp/01/index.php?action_kouhyou_detail_004_kani=true&JigyosyoCd=0175012442-00&ServiceCd=430&Type=search" }, "geometry": { "type": "Point", "coordinates": [ 143.820426099999963, 43.8028358 ] } },
{ "type": "Feature", "properties": { "内容": "医療法人社団潤清会　指定居宅介護支援事業所アザレア【居宅介護支援】北海道北見市端野町一区667番地5", "url2": "https://www.kaigokensaku.mhlw.go.jp/01/index.php?action_kouhyou_detail_004_kani=true&JigyosyoCd=0175012806-00&ServiceCd=430&Type=search" }, "geometry": { "type": "Point", "coordinates": [ 143.98057445137357, 43.88601516498268 ] } },
{ "type": "Feature", "properties": { "内容": "介護支援もあ【居宅介護支援】北海道北見市北1条西4丁目6番地", "url2": "https://www.kaigokensaku.mhlw.go.jp/01/index.php?action_kouhyou_detail_004_kani=true&JigyosyoCd=0175000652-00&ServiceCd=430&Type=search" }, "geometry": { "type": "Point", "coordinates": [ 143.892973399999931, 43.8029898 ] } },
{ "type": "Feature", "properties": { "内容": "居宅介護支援事業所　夢ふうせん【居宅介護支援】北海道北見市光西町169-38", "url2": "https://www.kaigokensaku.mhlw.go.jp/01/index.php?action_kouhyou_detail_004_kani=true&JigyosyoCd=0175012814-00&ServiceCd=430&Type=search" }, "geometry": { "type": "Point", "coordinates": [ 143.865414885710294, 43.79818936990516 ] } },
{ "type": "Feature", "properties": { "内容": "居宅介護支援事業所あんしん【居宅介護支援】北海道北見市北４条東７丁目１番地6サンケイビル2F", "url2": "https://www.kaigokensaku.mhlw.go.jp/01/index.php?action_kouhyou_detail_004_kani=true&JigyosyoCd=0175012426-00&ServiceCd=430&Type=search" }, "geometry": { "type": "Point", "coordinates": [ 143.899660901128073, 43.812237948705992 ] } },
{ "type": "Feature", "properties": { "内容": "株式会社ノーブル【居宅介護支援】北見市とん田西町304番地29有料老人ホーム　モーリ", "url2": "https://www.kaigokensaku.mhlw.go.jp/01/index.php?action_kouhyou_detail_004_kani=true&JigyosyoCd=0175011865-00&ServiceCd=430&Type=search" }, "geometry": { "type": "Point", "coordinates": [ 143.876093210975682, 43.792449226661994 ] } },
{ "type": "Feature", "properties": { "内容": "ふれやか居宅介護支援事業所【居宅介護支援】北見市大正５６番地３５", "url2": "https://www.kaigokensaku.mhlw.go.jp/01/index.php?action_kouhyou_detail_004_kani=true&JigyosyoCd=0175000041-00&ServiceCd=430&Type=search" }, "geometry": { "type": "Point", "coordinates": [ 143.840083, 43.8086936 ] } },
{ "type": "Feature", "properties": { "内容": "居宅介護支援事業所ピース【居宅介護支援】北海道北見市栄町4丁目２番地2", "url2": "https://www.kaigokensaku.mhlw.go.jp/01/index.php?action_kouhyou_detail_004_kani=true&JigyosyoCd=0175011923-00&ServiceCd=430&Type=search" }, "geometry": { "type": "Point", "coordinates": [ 143.875553207409666, 43.801295515220225 ] } },
{ "type": "Feature", "properties": { "内容": "ケアプランセンターましろ【居宅介護支援】北海道北見市清月町７６番地９４", "url2": "https://www.kaigokensaku.mhlw.go.jp/01/index.php?action_kouhyou_detail_004_kani=true&JigyosyoCd=0175012590-00&ServiceCd=430&Type=search" }, "geometry": { "type": "Point", "coordinates": [ 143.90608334320612, 43.801902704664592 ] } },
{ "type": "Feature", "properties": { "内容": "居宅介護支援事業所　佳縁【居宅介護支援】北海道北見市末広町384番地62", "url2": "https://www.kaigokensaku.mhlw.go.jp/01/index.php?action_kouhyou_detail_004_kani=true&JigyosyoCd=0175012871-00&ServiceCd=430&Type=search" }, "geometry": { "type": "Point", "coordinates": [ 143.866676500000011, 43.7868372 ] } },
{ "type": "Feature", "properties": { "内容": "居宅介護支援事業所We'll　be【居宅介護支援】北海道北見市朝日町１４番地１２", "url2": "https://www.kaigokensaku.mhlw.go.jp/01/index.php?action_kouhyou_detail_004_kani=true&JigyosyoCd=0175012780-00&ServiceCd=430&Type=search" }, "geometry": { "type": "Point", "coordinates": [ 143.908367199999986, 43.8141576 ] } },
{ "type": "Feature", "properties": { "内容": "居宅介護支援事業所つむぎ【居宅介護支援】北海道北見市双葉町2丁目8番2号", "url2": "https://www.kaigokensaku.mhlw.go.jp/01/index.php?action_kouhyou_detail_004_kani=true&JigyosyoCd=0175012707-00&ServiceCd=430&Type=search" }, "geometry": { "type": "Point", "coordinates": [ 143.855876587859882, 43.804991531338878 ] } },
{ "type": "Feature", "properties": { "内容": "居宅介護支援事業所　ひかり野【居宅介護支援】北海道北見市ひかり野6丁目1番地９", "url2": "https://www.kaigokensaku.mhlw.go.jp/01/index.php?action_kouhyou_detail_004_kani=true&JigyosyoCd=0175012491-00&ServiceCd=430&Type=search" }, "geometry": { "type": "Point", "coordinates": [ 143.93185189999997, 43.8286411 ] } },
{ "type": "Feature", "properties": { "内容": "居宅介護支援事業所茉莉花【居宅介護支援】北海道北見市朝日町41番地60ヴァンドーム青葉　116号室", "url2": "https://www.kaigokensaku.mhlw.go.jp/01/index.php?action_kouhyou_detail_004_kani=true&JigyosyoCd=0175012848-00&ServiceCd=430&Type=search" }, "geometry": { "type": "Point", "coordinates": [ 143.9023939, 43.8082085 ] } },
{ "type": "Feature", "properties": { "内容": "指定居宅介護支援事業所こもれびの里【居宅介護支援】北海道北見市北光296番地9", "url2": "https://www.kaigokensaku.mhlw.go.jp/01/index.php?action_kouhyou_detail_004_kani=true&JigyosyoCd=0175000215-00&ServiceCd=430&Type=search" }, "geometry": { "type": "Point", "coordinates": [ 143.871425536654073, 43.77938035266903 ] } },
{ "type": "Feature", "properties": { "内容": "居宅介護支援事業所くつろぎ【居宅介護支援】北海道北見市とん田東町450番地9", "url2": "https://www.kaigokensaku.mhlw.go.jp/01/index.php?action_kouhyou_detail_004_kani=true&JigyosyoCd=0175012087-00&ServiceCd=430&Type=search" }, "geometry": { "type": "Point", "coordinates": [ 143.878101104090888, 43.798141782828679 ] } },
{ "type": "Feature", "properties": { "内容": "光の苑居宅介護支援事業所【居宅介護支援】北海道北見市東陵町116番1", "url2": "https://www.kaigokensaku.mhlw.go.jp/01/index.php?action_kouhyou_detail_004_kani=true&JigyosyoCd=0175012384-00&ServiceCd=430&Type=search" }, "geometry": { "type": "Point", "coordinates": [ 143.898155299999985, 43.82651 ] } },
{ "type": "Feature", "properties": { "内容": "北見市社会福祉協議会中央地区居宅介護支援事業所【居宅介護支援】北海道北見市常盤町１丁目５番９号", "url2": "https://www.kaigokensaku.mhlw.go.jp/01/index.php?action_kouhyou_detail_004_kani=true&JigyosyoCd=0175000884-00&ServiceCd=430&Type=search" }, "geometry": { "type": "Point", "coordinates": [ 143.89319428442758, 43.793550834097935 ] } },
{ "type": "Feature", "properties": { "内容": "北見市社会福祉協議会常呂地区居宅介護支援事業所【居宅介護支援】北見市常呂町字常呂３３２番地２", "url2": "https://www.kaigokensaku.mhlw.go.jp/01/index.php?action_kouhyou_detail_004_kani=true&JigyosyoCd=0175300441-00&ServiceCd=430&Type=search" }, "geometry": { "type": "Point", "coordinates": [ 144.07068240000001, 44.1210269 ] } },
{ "type": "Feature", "properties": { "内容": "指定居宅介護支援事業所　ゆうゆう【居宅介護支援】北見市東相内町１７１番地５７複合施設ゆうゆう", "url2": "https://www.kaigokensaku.mhlw.go.jp/01/index.php?action_kouhyou_detail_004_kani=true&JigyosyoCd=0175000470-00&ServiceCd=430&Type=search" }, "geometry": { "type": "Point", "coordinates": [ 143.816659800000025, 43.8017802 ] } },
{ "type": "Feature", "properties": { "内容": "北見睦会ケアプランセンター【居宅介護支援】北見市北８条西１丁目1番地", "url2": "https://www.kaigokensaku.mhlw.go.jp/01/index.php?action_kouhyou_detail_004_kani=true&JigyosyoCd=0175000173-00&ServiceCd=430&Type=search" }, "geometry": { "type": "Point", "coordinates": [ 141.145996700000012, 39.7386047 ] } },
{ "type": "Feature", "properties": { "内容": "居宅介護支援事業所有楽【居宅介護支援】北見市北２条西５丁目２有楽ビル7階", "url2": "https://www.kaigokensaku.mhlw.go.jp/01/index.php?action_kouhyou_detail_004_kani=true&JigyosyoCd=0175011956-00&ServiceCd=430&Type=search" }, "geometry": { "type": "Point", "coordinates": [ 143.89147909999997, 43.8026175 ] } },
{ "type": "Feature", "properties": { "内容": "社会福祉法人北陽会　るべしべ希楽苑居宅介護支援事業所【居宅介護支援】北海道北見市留辺蘂町上町143番地1", "url2": "https://www.kaigokensaku.mhlw.go.jp/01/index.php?action_kouhyou_detail_004_kani=true&JigyosyoCd=0175000140-00&ServiceCd=430&Type=search" }, "geometry": { "type": "Point", "coordinates": [ 143.602926499999967, 43.788375 ] } },
{ "type": "Feature", "properties": { "内容": "居宅介護支援あゆみ【居宅介護支援】北見市高栄東町３丁目２０－２０", "url2": "https://www.kaigokensaku.mhlw.go.jp/01/index.php?action_kouhyou_detail_004_kani=true&JigyosyoCd=0175000587-00&ServiceCd=430&Type=search" }, "geometry": { "type": "Point", "coordinates": [ 143.869587372244268, 43.814313995742594 ] } },
{ "type": "Feature", "properties": { "内容": "高齢者ケアプランセンターらぶ＆ぴーす蓮(れん）【居宅介護支援】北見市北光328番地16", "url2": "https://www.kaigokensaku.mhlw.go.jp/01/index.php?action_kouhyou_detail_004_kani=true&JigyosyoCd=0175000702-00&ServiceCd=430&Type=search" }, "geometry": { "type": "Point", "coordinates": [ 143.870537281036377, 43.781652581650285 ] } },
{ "type": "Feature", "properties": { "内容": "居宅介護支援事業所きずな【居宅介護支援】北海道北見市末広町350-20", "url2": "https://www.kaigokensaku.mhlw.go.jp/01/index.php?action_kouhyou_detail_004_kani=true&JigyosyoCd=0175011758-00&ServiceCd=430&Type=search" }, "geometry": { "type": "Point", "coordinates": [ 143.8688596, 43.7846683 ] } },
{ "type": "Feature", "properties": { "内容": "ニチイケアセンター小泉【居宅介護支援】北海道北見市ひかり野６丁目２－２", "url2": "https://www.kaigokensaku.mhlw.go.jp/01/index.php?action_kouhyou_detail_004_kani=true&JigyosyoCd=0175000736-00&ServiceCd=430&Type=search" }, "geometry": { "type": "Point", "coordinates": [ 143.93140470000003, 43.829579900000013 ] } },
{ "type": "Feature", "properties": { "内容": "居宅介護支援事業所三楽【居宅介護支援】北海道北見市三楽町７０番地３０", "url2": "https://www.kaigokensaku.mhlw.go.jp/01/index.php?action_kouhyou_detail_004_kani=true&JigyosyoCd=0175012970-00&ServiceCd=430&Type=search" }, "geometry": { "type": "Point", "coordinates": [ 143.8945779, 43.8137079 ] } },
{ "type": "Feature", "properties": { "内容": "医療法人社団煌生会　介護支援センターさくら【居宅介護支援】北見市北光280番6号", "url2": "https://www.kaigokensaku.mhlw.go.jp/01/index.php?action_kouhyou_detail_004_kani=true&JigyosyoCd=0155080039-00&ServiceCd=430&Type=search" }, "geometry": { "type": "Point", "coordinates": [ 143.867901599999982, 43.7787836 ] } },
{ "type": "Feature", "properties": { "内容": "介護支援センターえーる【居宅介護支援】北海道北見市緑ヶ丘2丁目12-13グリーンヒルズB4", "url2": "https://www.kaigokensaku.mhlw.go.jp/01/index.php?action_kouhyou_detail_004_kani=true&JigyosyoCd=0175012988-00&ServiceCd=430&Type=search" }, "geometry": { "type": "Point", "coordinates": [ 143.8727213, 43.8216085 ] } },
{ "type": "Feature", "properties": { "内容": "みんとけあ居宅介護支援事業所【居宅介護支援】北海道北見西三輪7丁目6番地", "url2": "https://www.kaigokensaku.mhlw.go.jp/01/index.php?action_kouhyou_detail_004_kani=true&JigyosyoCd=0175013028-00&ServiceCd=430&Type=search" }, "geometry": { "type": "Point", "coordinates": [ 143.832182, 43.7969035 ] } },
{ "type": "Feature", "properties": { "内容": "ケアプランセンター　まえだ【居宅介護支援】北海道北見市とん田西町３０５番地１４", "url2": "https://www.kaigokensaku.mhlw.go.jp/01/index.php?action_kouhyou_detail_004_kani=true&JigyosyoCd=0175012954-00&ServiceCd=430&Type=search" }, "geometry": { "type": "Point", "coordinates": [ 143.8758077, 43.7934078 ] } },
{ "type": "Feature", "properties": { "内容": "居宅介護支援事業所ラベンダー【居宅介護支援】北海道北見市小泉３９７番地１１", "url2": "https://www.kaigokensaku.mhlw.go.jp/01/index.php?action_kouhyou_detail_004_kani=true&JigyosyoCd=0175012889-00&ServiceCd=430&Type=search" }, "geometry": { "type": "Point", "coordinates": [ 143.9270917, 43.8326624 ] } },
{ "type": "Feature", "properties": { "内容": "ＳＯＭＰＯケア　北見　居宅介護支援【居宅介護支援】北海道北見市三住町14番地1PENTHOUSE　1階", "url2": "https://www.kaigokensaku.mhlw.go.jp/01/index.php?action_kouhyou_detail_004_kani=true&JigyosyoCd=0175012749-00&ServiceCd=430&Type=search" }, "geometry": { "type": "Point", "coordinates": [ 143.89029866765037, 43.812236152712586 ] } },
{ "type": "Feature", "properties": { "内容": "居宅介護支援事業所シーズン【居宅介護支援】北海道北見市本町1丁目2番8号網走交通元町ビル3階", "url2": "https://www.kaigokensaku.mhlw.go.jp/01/index.php?action_kouhyou_detail_004_kani=true&JigyosyoCd=0175013069-00&ServiceCd=430&Type=search" }, "geometry": { "type": "Point", "coordinates": [ 143.892467539811719, 43.80082508094776 ] } },
{ "type": "Feature", "properties": { "内容": "ＳＯＭＰＯケア夕張　居宅介護支援【居宅介護支援】北海道夕張市沼ノ沢38番地", "url2": "https://www.kaigokensaku.mhlw.go.jp/01/index.php?action_kouhyou_detail_004_kani=true&JigyosyoCd=0175900216-00&ServiceCd=430&Type=search" }, "geometry": { "type": "Point", "coordinates": [ 142.03061660000003, 42.9551587 ] } },
{ "type": "Feature", "properties": { "内容": "清光園居宅介護支援事業所【居宅介護支援】北海道夕張市南清水沢1丁目55番地1", "url2": "https://www.kaigokensaku.mhlw.go.jp/01/index.php?action_kouhyou_detail_004_kani=true&JigyosyoCd=0175900034-00&ServiceCd=430&Type=search" }, "geometry": { "type": "Point", "coordinates": [ 142.001627613738947, 42.986839214529269 ] } },
{ "type": "Feature", "properties": { "内容": "社協指定居宅支援事業所あさか【居宅介護支援】北海道夕張市若菜３番地夕張市老人福祉会館内", "url2": "https://www.kaigokensaku.mhlw.go.jp/01/index.php?action_kouhyou_detail_004_kani=true&JigyosyoCd=0175900026-00&ServiceCd=430&Type=search" }, "geometry": { "type": "Point", "coordinates": [ 141.965893406082131, 43.027727400390631 ] } },
{ "type": "Feature", "properties": { "内容": "居宅介護支援事業所夕明かり【居宅介護支援】北海道夕張市鹿の谷3丁目118番2", "url2": "https://www.kaigokensaku.mhlw.go.jp/01/index.php?action_kouhyou_detail_004_kani=true&JigyosyoCd=0175900240-00&ServiceCd=430&Type=search" }, "geometry": { "type": "Point", "coordinates": [ 141.965313117128716, 43.032365810127331 ] } },
{ "type": "Feature", "properties": { "内容": "居宅サービス計画作成　介護プランニングセンター【居宅介護支援】北海道岩見沢市春日町1丁目9番4号", "url2": "https://www.kaigokensaku.mhlw.go.jp/01/index.php?action_kouhyou_detail_004_kani=true&JigyosyoCd=0175700251-00&ServiceCd=430&Type=search" }, "geometry": { "type": "Point", "coordinates": [ 141.770171939881152, 43.189237943631838 ] } },
{ "type": "Feature", "properties": { "内容": "介護老人保健施設ゆあみーる【居宅介護支援】岩見沢市８条西１９丁目８－１", "url2": "https://www.kaigokensaku.mhlw.go.jp/01/index.php?action_kouhyou_detail_004_kani=true&JigyosyoCd=0155780034-00&ServiceCd=430&Type=search" }, "geometry": { "type": "Point", "coordinates": [ 141.752543699999933, 43.1910026 ] } },
{ "type": "Feature", "properties": { "内容": "ケアマネセンター　まちのケアマネさん【居宅介護支援】北海道岩見沢市7条西3丁目22-1", "url2": "https://www.kaigokensaku.mhlw.go.jp/01/index.php?action_kouhyou_detail_004_kani=true&JigyosyoCd=0165790098-00&ServiceCd=430&Type=search" }, "geometry": { "type": "Point", "coordinates": [ 141.767284331738182, 43.199158356678723 ] } },
{ "type": "Feature", "properties": { "内容": "居宅介護支援事業所絆【居宅介護支援】岩見沢市６条西１３丁目３８－２", "url2": "https://www.kaigokensaku.mhlw.go.jp/01/index.php?action_kouhyou_detail_004_kani=true&JigyosyoCd=0175700921-00&ServiceCd=430&Type=search" }, "geometry": { "type": "Point", "coordinates": [ 141.756944451590016, 43.196009325767726 ] } },
{ "type": "Feature", "properties": { "内容": "居宅介護支援ささえるさん【居宅介護支援】北海道岩見沢市志文本町４条２丁目１番２号", "url2": "https://www.kaigokensaku.mhlw.go.jp/01/index.php?action_kouhyou_detail_004_kani=true&JigyosyoCd=0175900182-00&ServiceCd=430&Type=search" }, "geometry": { "type": "Point", "coordinates": [ 141.747534687654138, 43.157407791400338 ] } },
{ "type": "Feature", "properties": { "内容": "医療法人　北翔会　岩見沢居宅介護支援事業所【居宅介護支援】岩見沢市１０条西２１丁目２番地", "url2": "https://www.kaigokensaku.mhlw.go.jp/01/index.php?action_kouhyou_detail_004_kani=true&JigyosyoCd=0175700012-00&ServiceCd=430&Type=search" }, "geometry": { "type": "Point", "coordinates": [ 141.753453922090102, 43.187901415596755 ] } },
{ "type": "Feature", "properties": { "内容": "北村居宅介護支援事業所【居宅介護支援】北海道岩見沢市北村赤川586-64", "url2": "https://www.kaigokensaku.mhlw.go.jp/01/index.php?action_kouhyou_detail_004_kani=true&JigyosyoCd=0175700483-00&ServiceCd=430&Type=search" }, "geometry": { "type": "Point", "coordinates": [ 141.70195190000004, 43.2590105 ] } },
{ "type": "Feature", "properties": { "内容": "ほろむい介護相談センター【居宅介護支援】北海道岩見沢市幌向北二条一丁目611番地108", "url2": "https://www.kaigokensaku.mhlw.go.jp/01/index.php?action_kouhyou_detail_004_kani=true&JigyosyoCd=0175700574-00&ServiceCd=430&Type=search" }, "geometry": { "type": "Point", "coordinates": [ 141.656558200000063, 43.1581694 ] } },
{ "type": "Feature", "properties": { "内容": "居宅介護支援事業所ほほえみプラザ【居宅介護支援】北海道岩見沢市志文町301番地", "url2": "https://www.kaigokensaku.mhlw.go.jp/01/index.php?action_kouhyou_detail_004_kani=true&JigyosyoCd=0175700079-00&ServiceCd=430&Type=search" }, "geometry": { "type": "Point", "coordinates": [ 141.758146900000042, 43.1647697 ] } },
{ "type": "Feature", "properties": { "内容": "社会福祉法人岩見沢市社会福祉協議会指定居宅介護支援事業所【居宅介護支援】北海道岩見沢市11条西3丁目1番地9岩見沢広域総合福祉センター", "url2": "https://www.kaigokensaku.mhlw.go.jp/01/index.php?action_kouhyou_detail_004_kani=true&JigyosyoCd=0175700046-00&ServiceCd=430&Type=search" }, "geometry": { "type": "Point", "coordinates": [ 141.7704781, 43.1957304 ] } },
{ "type": "Feature", "properties": { "内容": "居宅介護支援事業所　もとまち【居宅介護支援】北海道岩見沢市元町2条東4丁目1-1", "url2": "https://www.kaigokensaku.mhlw.go.jp/01/index.php?action_kouhyou_detail_004_kani=true&JigyosyoCd=0175700558-00&ServiceCd=430&Type=search" }, "geometry": { "type": "Point", "coordinates": [ 141.766089, 43.2095591 ] } },
{ "type": "Feature", "properties": { "内容": "居宅介護支援事業所くらしさ岩見沢【居宅介護支援】北海道岩見沢市元町3条東5丁目1ｰ5　2F介護付き有料老人ホーム　サンヴィレッジ岩見沢元町", "url2": "https://www.kaigokensaku.mhlw.go.jp/01/index.php?action_kouhyou_detail_004_kani=true&JigyosyoCd=0175701341-00&ServiceCd=430&Type=search" }, "geometry": { "type": "Point", "coordinates": [ 141.7665585, 43.2113787 ] } },
{ "type": "Feature", "properties": { "内容": "介護プランセンターほろむい【居宅介護支援】岩見沢市幌向南2条3丁目311番地", "url2": "https://www.kaigokensaku.mhlw.go.jp/01/index.php?action_kouhyou_detail_004_kani=true&JigyosyoCd=0175700301-00&ServiceCd=430&Type=search" }, "geometry": { "type": "Point", "coordinates": [ 141.658795279901142, 43.147008889498842 ] } },
{ "type": "Feature", "properties": { "内容": "ケアマネセンター北翔会【居宅介護支援】岩見沢市１０条西２１丁目２番地", "url2": "https://www.kaigokensaku.mhlw.go.jp/01/index.php?action_kouhyou_detail_004_kani=true&JigyosyoCd=0175700590-00&ServiceCd=430&Type=search" }, "geometry": { "type": "Point", "coordinates": [ 141.753427099999953, 43.1877919 ] } },
{ "type": "Feature", "properties": { "内容": "居宅介護支援なかむら【居宅介護支援】北海道岩見沢市緑が丘4丁目221番地87", "url2": "https://www.kaigokensaku.mhlw.go.jp/01/index.php?action_kouhyou_detail_004_kani=true&JigyosyoCd=0175701259-00&ServiceCd=430&Type=search" }, "geometry": { "type": "Point", "coordinates": [ 141.773707800000011, 43.1810067 ] } },
{ "type": "Feature", "properties": { "内容": "あすも介護相談室【居宅介護支援】北海道岩見沢市７条東７丁目２番地７", "url2": "https://www.kaigokensaku.mhlw.go.jp/01/index.php?action_kouhyou_detail_004_kani=true&JigyosyoCd=0175700988-00&ServiceCd=430&Type=search" }, "geometry": { "type": "Point", "coordinates": [ 141.77598661667173, 43.203103936231201 ] } },
{ "type": "Feature", "properties": { "内容": "小林恵子指定居宅介護支援事業所【居宅介護支援】岩見沢市春日町4丁目3番8号", "url2": "https://www.kaigokensaku.mhlw.go.jp/01/index.php?action_kouhyou_detail_004_kani=true&JigyosyoCd=0175700582-00&ServiceCd=430&Type=search" }, "geometry": { "type": "Point", "coordinates": [ 141.780344, 43.19167 ] } },
{ "type": "Feature", "properties": { "内容": "医療法人讃生会　網走記念病院　ケアプランセンター【居宅介護支援】北海道網走市字潮見１５７番地５", "url2": "https://www.kaigokensaku.mhlw.go.jp/01/index.php?action_kouhyou_detail_004_kani=true&JigyosyoCd=0165390089-00&ServiceCd=430&Type=search" }, "geometry": { "type": "Point", "coordinates": [ 144.2671785, 43.9924908 ] } },
{ "type": "Feature", "properties": { "内容": "医療法人社団　網走中央病院　指定居宅介護支援事業所　すずらん【居宅介護支援】北海道網走市南7条西1丁目1番地4CMS　１F", "url2": "https://www.kaigokensaku.mhlw.go.jp/01/index.php?action_kouhyou_detail_004_kani=true&JigyosyoCd=0165390063-00&ServiceCd=430&Type=search" }, "geometry": { "type": "Point", "coordinates": [ 144.268015500000047, 44.0192374 ] } },
{ "type": "Feature", "properties": { "内容": "一般社団法人北海道総合在宅ケア事業団　網走地域ケアプラン相談センター【居宅介護支援】北海道網走市北４条西８丁目１－８グリーンリバーIII　２１０号", "url2": "https://www.kaigokensaku.mhlw.go.jp/01/index.php?action_kouhyou_detail_004_kani=true&JigyosyoCd=0165390014-00&ServiceCd=430&Type=search" }, "geometry": { "type": "Point", "coordinates": [ 144.255084399999987, 44.0222245 ] } },
{ "type": "Feature", "properties": { "内容": "いせの里　指定居宅介護支援事業所【居宅介護支援】北海道網走市字潮見１９２番地", "url2": "https://www.kaigokensaku.mhlw.go.jp/01/index.php?action_kouhyou_detail_004_kani=true&JigyosyoCd=0155380017-00&ServiceCd=430&Type=search" }, "geometry": { "type": "Point", "coordinates": [ 144.2691188, 43.9980867 ] } },
{ "type": "Feature", "properties": { "内容": "ＪＡ北海道厚生連網走厚生訪問看護指定居宅介護支援事業所【居宅介護支援】北海道網走市北６条西１丁目９番地", "url2": "https://www.kaigokensaku.mhlw.go.jp/01/index.php?action_kouhyou_detail_004_kani=true&JigyosyoCd=0165390071-00&ServiceCd=430&Type=search" }, "geometry": { "type": "Point", "coordinates": [ 144.26315180000006, 44.0254812 ] } },
{ "type": "Feature", "properties": { "内容": "網走レインボーハイツ　在宅介護支援センター【居宅介護支援】北海道網走市南6条東6丁目8番地の3", "url2": "https://www.kaigokensaku.mhlw.go.jp/01/index.php?action_kouhyou_detail_004_kani=true&JigyosyoCd=0175300037-00&ServiceCd=430&Type=search" }, "geometry": { "type": "Point", "coordinates": [ 144.276586533157058, 44.020379364959616 ] } },
{ "type": "Feature", "properties": { "内容": "社会福祉法人緑明会　ケアサービスはまなす支援事業所【居宅介護支援】北海道網走市つくしヶ丘3丁目9番1号", "url2": "https://www.kaigokensaku.mhlw.go.jp/01/index.php?action_kouhyou_detail_004_kani=true&JigyosyoCd=0175300292-00&ServiceCd=430&Type=search" }, "geometry": { "type": "Point", "coordinates": [ 144.279964899999982, 43.992997600000017 ] } },
{ "type": "Feature", "properties": { "内容": "介護支援センターオリーブ【居宅介護支援】北海道網走市南2条東1丁目４番地2", "url2": "https://www.kaigokensaku.mhlw.go.jp/01/index.php?action_kouhyou_detail_004_kani=true&JigyosyoCd=0175300797-00&ServiceCd=430&Type=search" }, "geometry": { "type": "Point", "coordinates": [ 144.268837545330058, 44.022360376226622 ] } },
{ "type": "Feature", "properties": { "内容": "留萌市社会福祉協議会居宅介護支援事業所【居宅介護支援】北海道留萌市五十嵐町１丁目１番１０号はーとふる２Ｆ", "url2": "https://www.kaigokensaku.mhlw.go.jp/01/index.php?action_kouhyou_detail_004_kani=true&JigyosyoCd=0176400224-00&ServiceCd=430&Type=search" }, "geometry": { "type": "Point", "coordinates": [ 141.663790899999981, 43.9357522 ] } },
{ "type": "Feature", "properties": { "内容": "一般社団法人北海道総合在宅ケア事業団　留萌地域ケアプラン相談センター【居宅介護支援】北海道留萌市五十嵐町1丁目1番10号留萌市保健福祉センターはーとふる2階", "url2": "https://www.kaigokensaku.mhlw.go.jp/01/index.php?action_kouhyou_detail_004_kani=true&JigyosyoCd=0166490011-00&ServiceCd=430&Type=search" }, "geometry": { "type": "Point", "coordinates": [ 141.663584300000025, 43.9358715 ] } },
{ "type": "Feature", "properties": { "内容": "医療法人社団心優会居宅介護支援事業所季実の杜【居宅介護支援】北海道留萌市開運町１丁目５番１号医療法人社団心優会介護老人保健施設季実の杜内", "url2": "https://www.kaigokensaku.mhlw.go.jp/01/index.php?action_kouhyou_detail_004_kani=true&JigyosyoCd=0176400455-00&ServiceCd=430&Type=search" }, "geometry": { "type": "Point", "coordinates": [ 141.648210865029654, 43.940316734320362 ] } },
{ "type": "Feature", "properties": { "内容": "居宅介護支援事業所コンフォートケア【居宅介護支援】北海道留萌市錦町2丁目3番30号佐々木第二ビル", "url2": "https://www.kaigokensaku.mhlw.go.jp/01/index.php?action_kouhyou_detail_004_kani=true&JigyosyoCd=0176400604-00&ServiceCd=430&Type=search" }, "geometry": { "type": "Point", "coordinates": [ 141.643525368786669, 43.939051883911965 ] } },
{ "type": "Feature", "properties": { "内容": "ファミリーケアサポート居宅介護支援事業所【居宅介護支援】留萌市栄町一丁目5番6号", "url2": "https://www.kaigokensaku.mhlw.go.jp/01/index.php?action_kouhyou_detail_004_kani=true&JigyosyoCd=0176400208-00&ServiceCd=430&Type=search" }, "geometry": { "type": "Point", "coordinates": [ 141.6492, 43.9422509 ] } },
{ "type": "Feature", "properties": { "内容": "介護相談センター萌るもい【居宅介護支援】留萌市開運町１丁目２番１号", "url2": "https://www.kaigokensaku.mhlw.go.jp/01/index.php?action_kouhyou_detail_004_kani=true&JigyosyoCd=0176400018-00&ServiceCd=430&Type=search" }, "geometry": { "type": "Point", "coordinates": [ 141.650036300000011, 43.9391457 ] } },
{ "type": "Feature", "properties": { "内容": "留萌セントラル居宅介護支援事業所サンタ【居宅介護支援】北海道留萌市栄町１丁目7番35号", "url2": "https://www.kaigokensaku.mhlw.go.jp/01/index.php?action_kouhyou_detail_004_kani=true&JigyosyoCd=0176400414-00&ServiceCd=430&Type=search" }, "geometry": { "type": "Point", "coordinates": [ 141.64796979867242, 43.942248852166799 ] } },
{ "type": "Feature", "properties": { "内容": "指定居宅介護支援事業所萌寿園【居宅介護支援】北海道留萌市沖見町６丁目１８番地６", "url2": "https://www.kaigokensaku.mhlw.go.jp/01/index.php?action_kouhyou_detail_004_kani=true&JigyosyoCd=0176400034-00&ServiceCd=430&Type=search" }, "geometry": { "type": "Point", "coordinates": [ 141.643401499999982, 43.9254248 ] } },
{ "type": "Feature", "properties": { "内容": "やさしい手江戸居宅介護支援事業所【居宅介護支援】留萌市錦町3丁目１－３０　江戸薬局ビル２Ｆ", "url2": "https://www.kaigokensaku.mhlw.go.jp/01/index.php?action_kouhyou_detail_004_kani=true&JigyosyoCd=0176400521-00&ServiceCd=430&Type=search" }, "geometry": { "type": "Point", "coordinates": [ 141.64612539999996, 43.938615 ] } },
{ "type": "Feature", "properties": { "内容": "介護支援事業所ライフケア・ウトナイ【居宅介護支援】北海道苫小牧市字植苗220-27", "url2": "https://www.kaigokensaku.mhlw.go.jp/01/index.php?action_kouhyou_detail_004_kani=true&JigyosyoCd=0173600685-00&ServiceCd=430&Type=search" }, "geometry": { "type": "Point", "coordinates": [ 141.693593100000044, 42.7027259 ] } },
{ "type": "Feature", "properties": { "内容": "居宅介護支援事業所かすが【居宅介護支援】北海道苫小牧市春日町１丁目7番11号レインボーハウスⅠ　101", "url2": "https://www.kaigokensaku.mhlw.go.jp/01/index.php?action_kouhyou_detail_004_kani=true&JigyosyoCd=0173602004-00&ServiceCd=430&Type=search" }, "geometry": { "type": "Point", "coordinates": [ 141.60574307954559, 42.646648429811201 ] } },
{ "type": "Feature", "properties": { "内容": "ケアプランセンター縁【居宅介護支援】北海道苫小牧市花園町3丁目3-21", "url2": "https://www.kaigokensaku.mhlw.go.jp/01/index.php?action_kouhyou_detail_004_kani=true&JigyosyoCd=0173629882-00&ServiceCd=430&Type=search" }, "geometry": { "type": "Point", "coordinates": [ 141.5683627, 42.6339534 ] } },
{ "type": "Feature", "properties": { "内容": "居宅介護支援事業所すずのき【居宅介護支援】北海道苫小牧市拓勇東町２丁目１番１号", "url2": "https://www.kaigokensaku.mhlw.go.jp/01/index.php?action_kouhyou_detail_004_kani=true&JigyosyoCd=0173629916-00&ServiceCd=430&Type=search" }, "geometry": { "type": "Point", "coordinates": [ 141.67786430000001, 42.6700314 ] } },
{ "type": "Feature", "properties": { "内容": "居宅介護支援事業所ふくるる【居宅介護支援】北海道苫小牧市沼ノ端中央2丁目29番38号", "url2": "https://www.kaigokensaku.mhlw.go.jp/01/index.php?action_kouhyou_detail_004_kani=true&JigyosyoCd=0173629890-00&ServiceCd=430&Type=search" }, "geometry": { "type": "Point", "coordinates": [ 141.6993272, 42.6726911 ] } },
{ "type": "Feature", "properties": { "内容": "ケアプランセンター茉莉花～まつりか～【居宅介護支援】苫小牧市日吉町２丁目１０番１８号２階", "url2": "https://www.kaigokensaku.mhlw.go.jp/01/index.php?action_kouhyou_detail_004_kani=true&JigyosyoCd=0173629866-00&ServiceCd=430&Type=search" }, "geometry": { "type": "Point", "coordinates": [ 141.547574643551258, 42.619729372044105 ] } },
{ "type": "Feature", "properties": { "内容": "居宅介護支援事業所　王子【居宅介護支援】苫小牧市若草町３丁目4番8号", "url2": "https://www.kaigokensaku.mhlw.go.jp/01/index.php?action_kouhyou_detail_004_kani=true&JigyosyoCd=0153680038-00&ServiceCd=430&Type=search" }, "geometry": { "type": "Point", "coordinates": [ 141.604738399999974, 42.63851 ] } },
{ "type": "Feature", "properties": { "内容": "苫都病院指定居宅介護支援事業所【居宅介護支援】苫小牧市若草町５丁目１０番２４号", "url2": "https://www.kaigokensaku.mhlw.go.jp/01/index.php?action_kouhyou_detail_004_kani=true&JigyosyoCd=0113612303-00&ServiceCd=430&Type=search" }, "geometry": { "type": "Point", "coordinates": [ 141.607837600000039, 42.6420015 ] } },
{ "type": "Feature", "properties": { "内容": "光洋居宅介護支援事業所【居宅介護支援】北海道苫小牧市光洋町１丁目16-16", "url2": "https://www.kaigokensaku.mhlw.go.jp/01/index.php?action_kouhyou_detail_004_kani=true&JigyosyoCd=0173601865-00&ServiceCd=430&Type=search" }, "geometry": { "type": "Point", "coordinates": [ 141.562604299999947, 42.6229121 ] } },
{ "type": "Feature", "properties": { "内容": "日翔ケアプランセンター【居宅介護支援】北海道苫小牧市青葉町2丁目9番19号", "url2": "https://www.kaigokensaku.mhlw.go.jp/01/index.php?action_kouhyou_detail_004_kani=true&JigyosyoCd=0173600693-00&ServiceCd=430&Type=search" }, "geometry": { "type": "Point", "coordinates": [ 141.569958300000053, 42.6300702 ] } },
{ "type": "Feature", "properties": { "内容": "居宅介護支援事業所おあしす【居宅介護支援】苫小牧市有珠の沢町３丁目１１番８号", "url2": "https://www.kaigokensaku.mhlw.go.jp/01/index.php?action_kouhyou_detail_004_kani=true&JigyosyoCd=0173601600-00&ServiceCd=430&Type=search" }, "geometry": { "type": "Point", "coordinates": [ 141.551832200000035, 42.6395827 ] } },
{ "type": "Feature", "properties": { "内容": "居宅介護支援事業所オールワン【居宅介護支援】北海道苫小牧市光洋町１丁目７番１０号", "url2": "https://www.kaigokensaku.mhlw.go.jp/01/index.php?action_kouhyou_detail_004_kani=true&JigyosyoCd=0173602558-00&ServiceCd=430&Type=search" }, "geometry": { "type": "Point", "coordinates": [ 141.56370764055157, 42.622532374354726 ] } },
{ "type": "Feature", "properties": { "内容": "居宅介護支援事業所えがお【居宅介護支援】北海道苫小牧市沼ノ端中央4丁目3番20号自社", "url2": "https://www.kaigokensaku.mhlw.go.jp/01/index.php?action_kouhyou_detail_004_kani=true&JigyosyoCd=0173601758-00&ServiceCd=430&Type=search" }, "geometry": { "type": "Point", "coordinates": [ 141.691324099999946, 42.6688077 ] } },
{ "type": "Feature", "properties": { "内容": "ニチイケアセンター苫小牧【居宅介護支援】北海道苫小牧市光洋町１丁目５番１７号", "url2": "https://www.kaigokensaku.mhlw.go.jp/01/index.php?action_kouhyou_detail_004_kani=true&JigyosyoCd=0173600016-00&ServiceCd=430&Type=search" }, "geometry": { "type": "Point", "coordinates": [ 141.5603602, 42.6218149 ] } },
{ "type": "Feature", "properties": { "内容": "ケアプランセンター明野【居宅介護支援】北海道苫小牧市明野3丁目1-222F", "url2": "https://www.kaigokensaku.mhlw.go.jp/01/index.php?action_kouhyou_detail_004_kani=true&JigyosyoCd=0173602582-00&ServiceCd=430&Type=search" }, "geometry": { "type": "Point", "coordinates": [ 141.605372100000068, 42.6343021 ] } },
{ "type": "Feature", "properties": { "内容": "株式会社健康会　ケアプラン相談センターしらかば【居宅介護支援】苫小牧市しらかば町2丁目1番23号糸井駅前オフィス2階", "url2": "https://www.kaigokensaku.mhlw.go.jp/01/index.php?action_kouhyou_detail_004_kani=true&JigyosyoCd=0173600438-00&ServiceCd=430&Type=search" }, "geometry": { "type": "Point", "coordinates": [ 141.5446624, 42.6223472 ] } },
{ "type": "Feature", "properties": { "内容": "介護相談センターフルールハピネスとまこまい【居宅介護支援】北海道苫小牧市錦岡443番地443", "url2": "https://www.kaigokensaku.mhlw.go.jp/01/index.php?action_kouhyou_detail_004_kani=true&JigyosyoCd=0173601592-00&ServiceCd=430&Type=search" }, "geometry": { "type": "Point", "coordinates": [ 141.491584900000021, 42.6267757 ] } },
{ "type": "Feature", "properties": { "内容": "居宅介護支援事業所ひなた【居宅介護支援】苫小牧市澄川町5丁目7番16号", "url2": "https://www.kaigokensaku.mhlw.go.jp/01/index.php?action_kouhyou_detail_004_kani=true&JigyosyoCd=0173602434-00&ServiceCd=430&Type=search" }, "geometry": { "type": "Point", "coordinates": [ 141.505459611639395, 42.620085337299962 ] } },
{ "type": "Feature", "properties": { "内容": "ケアサポートすずらん【居宅介護支援】苫小牧市有珠の沢町４丁目２２番１号", "url2": "https://www.kaigokensaku.mhlw.go.jp/01/index.php?action_kouhyou_detail_004_kani=true&JigyosyoCd=0173601071-00&ServiceCd=430&Type=search" }, "geometry": { "type": "Point", "coordinates": [ 141.549529300000017, 42.6425628 ] } },
{ "type": "Feature", "properties": { "内容": "指定居宅介護支援事業所マコト【居宅介護支援】苫小牧市見山町２丁目１番１０号", "url2": "https://www.kaigokensaku.mhlw.go.jp/01/index.php?action_kouhyou_detail_004_kani=true&JigyosyoCd=0173601501-00&ServiceCd=430&Type=search" }, "geometry": { "type": "Point", "coordinates": [ 141.5704842876969, 42.638541683261771 ] } },
{ "type": "Feature", "properties": { "内容": "ケアプランサポート澄春【居宅介護支援】北海道苫小牧市澄川町1丁目１２番４号", "url2": "https://www.kaigokensaku.mhlw.go.jp/01/index.php?action_kouhyou_detail_004_kani=true&JigyosyoCd=0173602954-00&ServiceCd=430&Type=search" }, "geometry": { "type": "Point", "coordinates": [ 141.5172519, 42.622412399999988 ] } },
{ "type": "Feature", "properties": { "内容": "指定居宅介護支援事業所介護相談センターすみかわ【居宅介護支援】北海道苫小牧市澄川町７丁目9-18", "url2": "https://www.kaigokensaku.mhlw.go.jp/01/index.php?action_kouhyou_detail_004_kani=true&JigyosyoCd=0173600412-00&ServiceCd=430&Type=search" }, "geometry": { "type": "Point", "coordinates": [ 141.514112899999986, 42.6238572 ] } },
{ "type": "Feature", "properties": { "内容": "ふれんど居宅介護支援事業所【居宅介護支援】北海道苫小牧市若草町5丁目10番1号", "url2": "https://www.kaigokensaku.mhlw.go.jp/01/index.php?action_kouhyou_detail_004_kani=true&JigyosyoCd=0173602244-00&ServiceCd=430&Type=search" }, "geometry": { "type": "Point", "coordinates": [ 141.607839718738092, 42.641883477950586 ] } },
{ "type": "Feature", "properties": { "内容": "勤医協苫小牧居宅介護支援事業所【居宅介護支援】北海道苫小牧市山手町2丁目14番9号", "url2": "https://www.kaigokensaku.mhlw.go.jp/01/index.php?action_kouhyou_detail_004_kani=true&JigyosyoCd=0173602756-00&ServiceCd=430&Type=search" }, "geometry": { "type": "Point", "coordinates": [ 141.570976, 42.640578 ] } },
{ "type": "Feature", "properties": { "内容": "指定居宅介護支援事業所　山手の里【居宅介護支援】北海道苫小牧市山手町１丁目１２番３号", "url2": "https://www.kaigokensaku.mhlw.go.jp/01/index.php?action_kouhyou_detail_004_kani=true&JigyosyoCd=0173602947-00&ServiceCd=430&Type=search" }, "geometry": { "type": "Point", "coordinates": [ 141.579511326319846, 42.643108718046193 ] } },
{ "type": "Feature", "properties": { "内容": "樽前慈生園居宅介護支援事業所【居宅介護支援】北海道苫小牧市明徳町2丁目24番9号", "url2": "https://www.kaigokensaku.mhlw.go.jp/01/index.php?action_kouhyou_detail_004_kani=true&JigyosyoCd=0173600073-00&ServiceCd=430&Type=search" }, "geometry": { "type": "Point", "coordinates": [ 141.483735599421209, 42.610206062492729 ] } },
{ "type": "Feature", "properties": { "内容": "指定居宅介護支援事業所　陽だまりの樹【居宅介護支援】北海道苫小牧市元中野町2丁目3-3", "url2": "https://www.kaigokensaku.mhlw.go.jp/01/index.php?action_kouhyou_detail_004_kani=true&JigyosyoCd=0173602087-00&ServiceCd=430&Type=search" }, "geometry": { "type": "Point", "coordinates": [ 141.61820339999997, 42.6348862 ] } },
{ "type": "Feature", "properties": { "内容": "居宅介護支援センター　陽明園【居宅介護支援】北海道苫小牧市双葉町3丁目22-8", "url2": "https://www.kaigokensaku.mhlw.go.jp/01/index.php?action_kouhyou_detail_004_kani=true&JigyosyoCd=0173600081-00&ServiceCd=430&Type=search" }, "geometry": { "type": "Point", "coordinates": [ 141.71967559999996, 42.7248101 ] } },
{ "type": "Feature", "properties": { "内容": "居宅介護支援事業所　緑陽【居宅介護支援】苫小牧市松風町2番15号", "url2": "https://www.kaigokensaku.mhlw.go.jp/01/index.php?action_kouhyou_detail_004_kani=true&JigyosyoCd=0173600123-00&ServiceCd=430&Type=search" }, "geometry": { "type": "Point", "coordinates": [ 141.558639800000037, 42.6378276 ] } },
{ "type": "Feature", "properties": { "内容": "居宅介護支援事業所さくら【居宅介護支援】苫小牧市桜木町２丁目１９番５号", "url2": "https://www.kaigokensaku.mhlw.go.jp/01/index.php?action_kouhyou_detail_004_kani=true&JigyosyoCd=0173601063-00&ServiceCd=430&Type=search" }, "geometry": { "type": "Point", "coordinates": [ 141.550825, 42.6262837 ] } },
{ "type": "Feature", "properties": { "内容": "介護サービスさわやか居宅支援事業部【居宅介護支援】北海道苫小牧市宮の森町１丁目７番１６号", "url2": "https://www.kaigokensaku.mhlw.go.jp/01/index.php?action_kouhyou_detail_004_kani=true&JigyosyoCd=0173600677-00&ServiceCd=430&Type=search" }, "geometry": { "type": "Point", "coordinates": [ 141.5265776, 42.6316153 ] } },
{ "type": "Feature", "properties": { "内容": "ケア・サービス　苫小牧【居宅介護支援】苫小牧市青葉町1丁目2番３号", "url2": "https://www.kaigokensaku.mhlw.go.jp/01/index.php?action_kouhyou_detail_004_kani=true&JigyosyoCd=0173600024-00&ServiceCd=430&Type=search" }, "geometry": { "type": "Point", "coordinates": [ 141.573961982803297, 42.629551793355915 ] } },
{ "type": "Feature", "properties": { "内容": "居宅介護支援事業所えにし【居宅介護支援】北海道苫小牧市元中野町2丁目18番9号2階右", "url2": "https://www.kaigokensaku.mhlw.go.jp/01/index.php?action_kouhyou_detail_004_kani=true&JigyosyoCd=0173629973-00&ServiceCd=430&Type=search" }, "geometry": { "type": "Point", "coordinates": [ 141.6141978, 42.636346 ] } },
{ "type": "Feature", "properties": { "内容": "ケアプラン桜坂【居宅介護支援】北海道苫小牧市桜坂町2丁目14番5号", "url2": "https://www.kaigokensaku.mhlw.go.jp/01/index.php?action_kouhyou_detail_004_kani=true&JigyosyoCd=0173629759-00&ServiceCd=430&Type=search" }, "geometry": { "type": "Point", "coordinates": [ 141.5340359, 42.6404416 ] } },
{ "type": "Feature", "properties": { "内容": "ケアプランセンター　すまいる【居宅介護支援】苫小牧市日新町４－１－３４", "url2": "https://www.kaigokensaku.mhlw.go.jp/01/index.php?action_kouhyou_detail_004_kani=true&JigyosyoCd=0173601238-00&ServiceCd=430&Type=search" }, "geometry": { "type": "Point", "coordinates": [ 141.532929940991437, 42.627160717013091 ] } },
{ "type": "Feature", "properties": { "内容": "居宅介護支援事業所くるみ【居宅介護支援】苫小牧市北星町2丁目24-20", "url2": "https://www.kaigokensaku.mhlw.go.jp/01/index.php?action_kouhyou_detail_004_kani=true&JigyosyoCd=0173601139-00&ServiceCd=430&Type=search" }, "geometry": { "type": "Point", "coordinates": [ 141.464533299999971, 42.6033568 ] } },
{ "type": "Feature", "properties": { "内容": "居宅介護支援事業所美原【居宅介護支援】北海道苫小牧市美原町２丁目５－１４　共同ハウス美原の郷", "url2": "https://www.kaigokensaku.mhlw.go.jp/01/index.php?action_kouhyou_detail_004_kani=true&JigyosyoCd=0173602525-00&ServiceCd=430&Type=search" }, "geometry": { "type": "Point", "coordinates": [ 141.502526, 42.608197 ] } },
{ "type": "Feature", "properties": { "内容": "ケアプランセンター結【居宅介護支援】北海道苫小牧市光洋町2丁目2番1号りょう恵マンション１階", "url2": "https://www.kaigokensaku.mhlw.go.jp/01/index.php?action_kouhyou_detail_004_kani=true&JigyosyoCd=0173629767-00&ServiceCd=430&Type=search" }, "geometry": { "type": "Point", "coordinates": [ 141.566731580534366, 42.624920806968255 ] } },
{ "type": "Feature", "properties": { "内容": "ケアプランセンターふきのとう【居宅介護支援】北海道苫小牧市沼ノ端中央４丁目５番５号", "url2": "https://www.kaigokensaku.mhlw.go.jp/01/index.php?action_kouhyou_detail_004_kani=true&JigyosyoCd=0173629833-00&ServiceCd=430&Type=search" }, "geometry": { "type": "Point", "coordinates": [ 141.6938836, 42.6694429 ] } },
{ "type": "Feature", "properties": { "内容": "居宅介護支援事業所みやび【居宅介護支援】北海道苫小牧市新開町１丁目１１番２号", "url2": "https://www.kaigokensaku.mhlw.go.jp/01/index.php?action_kouhyou_detail_004_kani=true&JigyosyoCd=0173602905-00&ServiceCd=430&Type=search" }, "geometry": { "type": "Point", "coordinates": [ 141.6587752, 42.6679971 ] } },
{ "type": "Feature", "properties": { "内容": "ビーエスケアプランセンター【居宅介護支援】北海道稚内市栄1丁目44番1号有限会社ビーエスネットワーク内", "url2": "https://www.kaigokensaku.mhlw.go.jp/01/index.php?action_kouhyou_detail_004_kani=true&JigyosyoCd=0176711240-00&ServiceCd=430&Type=search" }, "geometry": { "type": "Point", "coordinates": [ 141.6925877, 45.392076 ] } },
{ "type": "Feature", "properties": { "内容": "一般社団法人北海道総合在宅ケア事業団　稚内ケアプラン相談センター【居宅介護支援】北海道稚内市中央4丁目16番2号稚内市保健福祉センター２階", "url2": "https://www.kaigokensaku.mhlw.go.jp/01/index.php?action_kouhyou_detail_004_kani=true&JigyosyoCd=0166790014-00&ServiceCd=430&Type=search" }, "geometry": { "type": "Point", "coordinates": [ 141.673082199999953, 45.4156641 ] } },
{ "type": "Feature", "properties": { "内容": "稚内市南地区居宅介護支援事業所【居宅介護支援】稚内市栄1丁目24番2号", "url2": "https://www.kaigokensaku.mhlw.go.jp/01/index.php?action_kouhyou_detail_004_kani=true&JigyosyoCd=0156780017-00&ServiceCd=430&Type=search" }, "geometry": { "type": "Point", "coordinates": [ 141.69623662380377, 45.38693568766589 ] } },
{ "type": "Feature", "properties": { "内容": "ケアマネステーションエール【居宅介護支援】北海道稚内市潮見4丁目4番35号", "url2": "https://www.kaigokensaku.mhlw.go.jp/01/index.php?action_kouhyou_detail_004_kani=true&JigyosyoCd=0176700961-00&ServiceCd=430&Type=search" }, "geometry": { "type": "Point", "coordinates": [ 141.705046779877136, 45.395219110275441 ] } },
{ "type": "Feature", "properties": { "内容": "ケアプランセンターケイト【居宅介護支援】北海道稚内市港1丁目3番8号", "url2": "https://www.kaigokensaku.mhlw.go.jp/01/index.php?action_kouhyou_detail_004_kani=true&JigyosyoCd=0176701084-00&ServiceCd=430&Type=search" }, "geometry": { "type": "Point", "coordinates": [ 141.674353, 45.4087597 ] } },
{ "type": "Feature", "properties": { "内容": "宗谷医院指定居宅介護支援事業所【居宅介護支援】稚内市末広3丁目6番5号", "url2": "https://www.kaigokensaku.mhlw.go.jp/01/index.php?action_kouhyou_detail_004_kani=true&JigyosyoCd=0176700276-00&ServiceCd=430&Type=search" }, "geometry": { "type": "Point", "coordinates": [ 141.692224422090106, 45.399867600506113 ] } },
{ "type": "Feature", "properties": { "内容": "社会福祉法人稚内市社会福祉協議会　在宅介護サービスセンター【居宅介護支援】稚内市中央４丁目16番2号", "url2": "https://www.kaigokensaku.mhlw.go.jp/01/index.php?action_kouhyou_detail_004_kani=true&JigyosyoCd=0176700300-00&ServiceCd=430&Type=search" }, "geometry": { "type": "Point", "coordinates": [ 141.676254250956731, 45.411897206207534 ] } },
{ "type": "Feature", "properties": { "内容": "居宅介護支援事業所稚内緑風苑【居宅介護支援】北海道稚内市声問５丁目４４番１１号", "url2": "https://www.kaigokensaku.mhlw.go.jp/01/index.php?action_kouhyou_detail_004_kani=true&JigyosyoCd=0176700524-00&ServiceCd=430&Type=search" }, "geometry": { "type": "Point", "coordinates": [ 141.760571700000014, 45.397847 ] } },
{ "type": "Feature", "properties": { "内容": "あったかケアプランセンター【居宅介護支援】稚内市大黒５丁目１０番２３号", "url2": "https://www.kaigokensaku.mhlw.go.jp/01/index.php?action_kouhyou_detail_004_kani=true&JigyosyoCd=0176700441-00&ServiceCd=430&Type=search" }, "geometry": { "type": "Point", "coordinates": [ 141.695200500000027, 45.3945394 ] } },
{ "type": "Feature", "properties": { "内容": "医療法人社団慶北会花田病院　居宅介護支援事業部すずかけ【居宅介護支援】北海道美唄市大通東1条北2丁目1番5号", "url2": "https://www.kaigokensaku.mhlw.go.jp/01/index.php?action_kouhyou_detail_004_kani=true&JigyosyoCd=0116110511-00&ServiceCd=430&Type=search" }, "geometry": { "type": "Point", "coordinates": [ 141.861437, 43.334239699999983 ] } },
{ "type": "Feature", "properties": { "内容": "居宅介護支援事業所びばおい【居宅介護支援】北海道美唄市西4条北4丁目6番6-62", "url2": "https://www.kaigokensaku.mhlw.go.jp/01/index.php?action_kouhyou_detail_004_kani=true&JigyosyoCd=0176100337-00&ServiceCd=430&Type=search" }, "geometry": { "type": "Point", "coordinates": [ 141.853710199999966, 43.3385646 ] } },
{ "type": "Feature", "properties": { "内容": "ケアマネセンターさくらガーデン【居宅介護支援】北海道美唄市東3条北2丁目１－９3条ハイデンス2号", "url2": "https://www.kaigokensaku.mhlw.go.jp/01/index.php?action_kouhyou_detail_004_kani=true&JigyosyoCd=0176100352-00&ServiceCd=430&Type=search" }, "geometry": { "type": "Point", "coordinates": [ 141.8656009, 43.3338993 ] } },
{ "type": "Feature", "properties": { "内容": "社会福祉法人渓仁会　居宅介護支援事業所　すまいる【居宅介護支援】美唄市東4条南5丁目1番4号（美唄市東地区生活支援センターすまいる内）", "url2": "https://www.kaigokensaku.mhlw.go.jp/01/index.php?action_kouhyou_detail_004_kani=true&JigyosyoCd=0176100048-00&ServiceCd=430&Type=search" }, "geometry": { "type": "Point", "coordinates": [ 141.853784799999971, 43.3328813 ] } },
{ "type": "Feature", "properties": { "内容": "びばい社協生活支援センター【居宅介護支援】美唄市西３条南３丁目６番２号　美唄市総合福祉センターぽぷら内", "url2": "https://www.kaigokensaku.mhlw.go.jp/01/index.php?action_kouhyou_detail_004_kani=true&JigyosyoCd=0176100022-00&ServiceCd=430&Type=search" }, "geometry": { "type": "Point", "coordinates": [ 141.854287600000021, 43.3312398 ] } },
{ "type": "Feature", "properties": { "内容": "介護相談センター萌　モエズヴィラ美唄【居宅介護支援】美唄市東７条南２丁目５番２４号", "url2": "https://www.kaigokensaku.mhlw.go.jp/01/index.php?action_kouhyou_detail_004_kani=true&JigyosyoCd=0176100196-00&ServiceCd=430&Type=search" }, "geometry": { "type": "Point", "coordinates": [ 141.883955499999956, 43.3271493 ] } },
{ "type": "Feature", "properties": { "内容": "勤医協芦別居宅介護支援事業所【居宅介護支援】北海道芦別市北５条西４丁目10-7", "url2": "https://www.kaigokensaku.mhlw.go.jp/01/index.php?action_kouhyou_detail_004_kani=true&JigyosyoCd=0177300209-00&ServiceCd=430&Type=search" }, "geometry": { "type": "Point", "coordinates": [ 142.171834916398041, 43.527671391781794 ] } },
{ "type": "Feature", "properties": { "内容": "ケアサポートすまいる【居宅介護支援】芦別市北１条東２丁目９番地の７", "url2": "https://www.kaigokensaku.mhlw.go.jp/01/index.php?action_kouhyou_detail_004_kani=true&JigyosyoCd=0177300118-00&ServiceCd=430&Type=search" }, "geometry": { "type": "Point", "coordinates": [ 142.190283920312822, 43.518879725594402 ] } },
{ "type": "Feature", "properties": { "内容": "芦別慈恵園ケアプラン相談センター【居宅介護支援】北海道芦別市旭町２８番地", "url2": "https://www.kaigokensaku.mhlw.go.jp/01/index.php?action_kouhyou_detail_004_kani=true&JigyosyoCd=0177300027-00&ServiceCd=430&Type=search" }, "geometry": { "type": "Point", "coordinates": [ 142.197282399999949, 43.5257846 ] } },
{ "type": "Feature", "properties": { "内容": "江別介護相談センター　ひまわり【居宅介護支援】北海道江別市弥生町２４番地の８バルタンランド１０２号", "url2": "https://www.kaigokensaku.mhlw.go.jp/01/index.php?action_kouhyou_detail_004_kani=true&JigyosyoCd=0171001183-00&ServiceCd=430&Type=search" }, "geometry": { "type": "Point", "coordinates": [ 141.544587800000045, 43.1066416 ] } },
{ "type": "Feature", "properties": { "内容": "ケアプランセンター　かっこうの郷【居宅介護支援】北海道江別市西野幌９２番地１６かっこうの杜　２階", "url2": "https://www.kaigokensaku.mhlw.go.jp/01/index.php?action_kouhyou_detail_004_kani=true&JigyosyoCd=0171001456-00&ServiceCd=430&Type=search" }, "geometry": { "type": "Point", "coordinates": [ 141.541412, 43.0765055 ] } },
{ "type": "Feature", "properties": { "内容": "ハピネス介護相談センター【居宅介護支援】北海道江別市上江別東町21番地18", "url2": "https://www.kaigokensaku.mhlw.go.jp/01/index.php?action_kouhyou_detail_004_kani=true&JigyosyoCd=0171002157-00&ServiceCd=430&Type=search" }, "geometry": { "type": "Point", "coordinates": [ 141.5601519, 43.1065178 ] } },
{ "type": "Feature", "properties": { "内容": "ケアプランセンターのんの【居宅介護支援】北海道江別市高砂町33番地の12高砂駅前ハイツルーシ106", "url2": "https://www.kaigokensaku.mhlw.go.jp/01/index.php?action_kouhyou_detail_004_kani=true&JigyosyoCd=0171002165-00&ServiceCd=430&Type=search" }, "geometry": { "type": "Point", "coordinates": [ 141.5383969, 43.1022607 ] } },
{ "type": "Feature", "properties": { "内容": "はるにれ居宅介護支援事業所【居宅介護支援】北海道江別市大麻北町607番地2", "url2": "https://www.kaigokensaku.mhlw.go.jp/01/index.php?action_kouhyou_detail_004_kani=true&JigyosyoCd=0161090105-00&ServiceCd=430&Type=search" }, "geometry": { "type": "Point", "coordinates": [ 141.499348400000031, 43.0891781 ] } },
{ "type": "Feature", "properties": { "内容": "在宅介護相談えべつ　英生会ケアプランセンター【居宅介護支援】北海道江別市野幌町53番地5野幌病院4F", "url2": "https://www.kaigokensaku.mhlw.go.jp/01/index.php?action_kouhyou_detail_004_kani=true&JigyosyoCd=0171000409-00&ServiceCd=430&Type=search" }, "geometry": { "type": "Point", "coordinates": [ 141.527226145369013, 43.092274161721406 ] } },
{ "type": "Feature", "properties": { "内容": "いきいきセンター指定居宅介護支援事業所【居宅介護支援】江別市大麻沢町５番地の６", "url2": "https://www.kaigokensaku.mhlw.go.jp/01/index.php?action_kouhyou_detail_004_kani=true&JigyosyoCd=0171000011-00&ServiceCd=430&Type=search" }, "geometry": { "type": "Point", "coordinates": [ 141.486650899999972, 43.0722237 ] } },
{ "type": "Feature", "properties": { "内容": "あかしや指定居宅介護支援事業所【居宅介護支援】江別市東野幌町47番地の8", "url2": "https://www.kaigokensaku.mhlw.go.jp/01/index.php?action_kouhyou_detail_004_kani=true&JigyosyoCd=0171000029-00&ServiceCd=430&Type=search" }, "geometry": { "type": "Point", "coordinates": [ 141.5422638, 43.0922569 ] } },
{ "type": "Feature", "properties": { "内容": "わかくさ指定居宅介護支援事業所【居宅介護支援】江別市若草町６－１", "url2": "https://www.kaigokensaku.mhlw.go.jp/01/index.php?action_kouhyou_detail_004_kani=true&JigyosyoCd=0171000276-00&ServiceCd=430&Type=search" }, "geometry": { "type": "Point", "coordinates": [ 141.545606799999973, 43.112466 ] } },
{ "type": "Feature", "properties": { "内容": "ケアプランセンターれんがの森【居宅介護支援】北海道江別市錦町13-14", "url2": "https://www.kaigokensaku.mhlw.go.jp/01/index.php?action_kouhyou_detail_004_kani=true&JigyosyoCd=0171001977-00&ServiceCd=430&Type=search" }, "geometry": { "type": "Point", "coordinates": [ 141.526783788165858, 43.10047990398715 ] } },
{ "type": "Feature", "properties": { "内容": "ニチイケアセンター野幌【居宅介護支援】北海道江別市野幌松並町2番地の4レジデンス三幸1F", "url2": "https://www.kaigokensaku.mhlw.go.jp/01/index.php?action_kouhyou_detail_004_kani=true&JigyosyoCd=0171000136-00&ServiceCd=430&Type=search" }, "geometry": { "type": "Point", "coordinates": [ 141.52292609999995, 43.0907064 ] } },
{ "type": "Feature", "properties": { "内容": "居宅介護支援事業所　ケアプランナーズ【居宅介護支援】北海道江別市大麻新町２２－２新町ハイツ２０２", "url2": "https://www.kaigokensaku.mhlw.go.jp/01/index.php?action_kouhyou_detail_004_kani=true&JigyosyoCd=0171000839-00&ServiceCd=430&Type=search" }, "geometry": { "type": "Point", "coordinates": [ 141.506431099999986, 43.085098100000046 ] } },
{ "type": "Feature", "properties": { "内容": "ケアプランセンター雪の華【居宅介護支援】北海道江別市元江別７３８番地４７", "url2": "https://www.kaigokensaku.mhlw.go.jp/01/index.php?action_kouhyou_detail_004_kani=true&JigyosyoCd=0171001258-00&ServiceCd=430&Type=search" }, "geometry": { "type": "Point", "coordinates": [ 141.529195249073837, 43.112404219492831 ] } },
{ "type": "Feature", "properties": { "内容": "株式会社健康会　ケアプラン相談センターおおあさ【居宅介護支援】北海道江別市大麻中町2-17メディカルビル1階", "url2": "https://www.kaigokensaku.mhlw.go.jp/01/index.php?action_kouhyou_detail_004_kani=true&JigyosyoCd=0171001589-00&ServiceCd=430&Type=search" }, "geometry": { "type": "Point", "coordinates": [ 141.49217509999994, 43.074790300000018 ] } },
{ "type": "Feature", "properties": { "内容": "ひだまり居宅介護支援事業所【居宅介護支援】北海道江別市大麻北町608番地", "url2": "https://www.kaigokensaku.mhlw.go.jp/01/index.php?action_kouhyou_detail_004_kani=true&JigyosyoCd=0171000052-00&ServiceCd=430&Type=search" }, "geometry": { "type": "Point", "coordinates": [ 141.498937399999932, 43.0888142 ] } },
{ "type": "Feature", "properties": { "内容": "葵の園・江別居宅支援事業所【居宅介護支援】北海道江別市大麻南樹町１－１", "url2": "https://www.kaigokensaku.mhlw.go.jp/01/index.php?action_kouhyou_detail_004_kani=true&JigyosyoCd=0171001118-00&ServiceCd=430&Type=search" }, "geometry": { "type": "Point", "coordinates": [ 141.502642899999955, 43.0823899 ] } },
{ "type": "Feature", "properties": { "内容": "のぞみ指定居宅介護支援事業所【居宅介護支援】北海道江別市江別太222番地7", "url2": "https://www.kaigokensaku.mhlw.go.jp/01/index.php?action_kouhyou_detail_004_kani=true&JigyosyoCd=0171000045-00&ServiceCd=430&Type=search" }, "geometry": { "type": "Point", "coordinates": [ 141.577421700000059, 43.098329600000014 ] } },
{ "type": "Feature", "properties": { "内容": "居宅介護支援事業所　友愛ナーシングホーム【居宅介護支援】北海道江別市新栄台４６番地の１２", "url2": "https://www.kaigokensaku.mhlw.go.jp/01/index.php?action_kouhyou_detail_004_kani=true&JigyosyoCd=0171000128-00&ServiceCd=430&Type=search" }, "geometry": { "type": "Point", "coordinates": [ 141.511354200000028, 43.1081016 ] } },
{ "type": "Feature", "properties": { "内容": "静苑ホーム居宅介護支援事業所友愛野幌【居宅介護支援】江別市新栄台４６番地の１０", "url2": "https://www.kaigokensaku.mhlw.go.jp/01/index.php?action_kouhyou_detail_004_kani=true&JigyosyoCd=0171000144-00&ServiceCd=430&Type=search" }, "geometry": { "type": "Point", "coordinates": [ 141.512493, 43.1075267 ] } },
{ "type": "Feature", "properties": { "内容": "ケアプランセンターみのりの丘【居宅介護支援】北海道江別市大麻東町15番地の11", "url2": "https://www.kaigokensaku.mhlw.go.jp/01/index.php?action_kouhyou_detail_004_kani=true&JigyosyoCd=0171000953-00&ServiceCd=430&Type=search" }, "geometry": { "type": "Point", "coordinates": [ 141.50157166442736, 43.081535610068535 ] } },
{ "type": "Feature", "properties": { "内容": "ケアプランセンターこはる【居宅介護支援】江別市緑ヶ丘５８番地の１安心住宅こはる内", "url2": "https://www.kaigokensaku.mhlw.go.jp/01/index.php?action_kouhyou_detail_004_kani=true&JigyosyoCd=0171001084-00&ServiceCd=430&Type=search" }, "geometry": { "type": "Point", "coordinates": [ 141.542639399999985, 43.0813912 ] } },
{ "type": "Feature", "properties": { "内容": "ケアマネ事務所おりか【居宅介護支援】北海道江別市文京台49番地の3カーサーオーロックス弐番館106", "url2": "https://www.kaigokensaku.mhlw.go.jp/01/index.php?action_kouhyou_detail_004_kani=true&JigyosyoCd=0171002074-00&ServiceCd=430&Type=search" }, "geometry": { "type": "Point", "coordinates": [ 141.4868935, 43.0608471 ] } },
{ "type": "Feature", "properties": { "内容": "ケアプランセンターちいきの森【居宅介護支援】北海道江別市上江別476－4", "url2": "https://www.kaigokensaku.mhlw.go.jp/01/index.php?action_kouhyou_detail_004_kani=true&JigyosyoCd=0171001993-00&ServiceCd=430&Type=search" }, "geometry": { "type": "Point", "coordinates": [ 141.5450908, 43.0940444 ] } },
{ "type": "Feature", "properties": { "内容": "ライフマップ大麻【居宅介護支援】北海道江別市大麻ひかり町44-15ソルシティパレス102", "url2": "https://www.kaigokensaku.mhlw.go.jp/01/index.php?action_kouhyou_detail_004_kani=true&JigyosyoCd=0171002058-00&ServiceCd=430&Type=search" }, "geometry": { "type": "Point", "coordinates": [ 141.48202950000001, 43.0697467 ] } },
{ "type": "Feature", "properties": { "内容": "赤平市社会福祉協議会　居宅介護支援事業所【居宅介護支援】北海道赤平市東大町３丁目４番地", "url2": "https://www.kaigokensaku.mhlw.go.jp/01/index.php?action_kouhyou_detail_004_kani=true&JigyosyoCd=0177200029-00&ServiceCd=430&Type=search" }, "geometry": { "type": "Point", "coordinates": [ 142.0573157, 43.5526807 ] } },
{ "type": "Feature", "properties": { "内容": "JA北海道厚生連遠軽地域訪問看護ステーションにじ指定居宅介護支援事業所【居宅介護支援】北海道紋別郡遠軽町大通北4丁目1-39コスモスの郷　ゆうゆう", "url2": "https://www.kaigokensaku.mhlw.go.jp/01/index.php?action_kouhyou_detail_004_kani=true&JigyosyoCd=0165490012-00&ServiceCd=430&Type=search" }, "geometry": { "type": "Point", "coordinates": [ 143.524722099999963, 44.0646391 ] } },
{ "type": "Feature", "properties": { "内容": "安養園ケアプランセンター【居宅介護支援】北海道紋別市大山町1丁目52番15号", "url2": "https://www.kaigokensaku.mhlw.go.jp/01/index.php?action_kouhyou_detail_004_kani=true&JigyosyoCd=0175100320-00&ServiceCd=430&Type=search" }, "geometry": { "type": "Point", "coordinates": [ 143.339619581167312, 44.340041641486152 ] } },
{ "type": "Feature", "properties": { "内容": "一般社団法人北海道総合在宅ケア事業団　紋別地域ケアプラン相談センター【居宅介護支援】北海道紋別市本町３丁目１－３１", "url2": "https://www.kaigokensaku.mhlw.go.jp/01/index.php?action_kouhyou_detail_004_kani=true&JigyosyoCd=0165190018-00&ServiceCd=430&Type=search" }, "geometry": { "type": "Point", "coordinates": [ 143.354992300000049, 44.354070600000014 ] } },
{ "type": "Feature", "properties": { "内容": "みらいケアプラン相談室【居宅介護支援】北海道紋別市渚滑町元新２丁目１６９番地２", "url2": "https://www.kaigokensaku.mhlw.go.jp/01/index.php?action_kouhyou_detail_004_kani=true&JigyosyoCd=0175100304-00&ServiceCd=430&Type=search" }, "geometry": { "type": "Point", "coordinates": [ 143.327540099999965, 44.365952 ] } },
{ "type": "Feature", "properties": { "内容": "かさいケアプラン相談室【居宅介護支援】北海道紋別市南が丘町４丁目９番１５号", "url2": "https://www.kaigokensaku.mhlw.go.jp/01/index.php?action_kouhyou_detail_004_kani=true&JigyosyoCd=0175100346-00&ServiceCd=430&Type=search" }, "geometry": { "type": "Point", "coordinates": [ 143.355527, 44.3378332 ] } },
{ "type": "Feature", "properties": { "内容": "居宅介護支援事業所ほくしあ【居宅介護支援】北海道紋別市幸町1丁目3-6", "url2": "https://www.kaigokensaku.mhlw.go.jp/01/index.php?action_kouhyou_detail_004_kani=true&JigyosyoCd=0175100437-00&ServiceCd=430&Type=search" }, "geometry": { "type": "Point", "coordinates": [ 143.354550199999949, 44.3588146 ] } },
{ "type": "Feature", "properties": { "内容": "結ケアプランサービス【居宅介護支援】北海道紋別市緑町５丁目１８番３号", "url2": "https://www.kaigokensaku.mhlw.go.jp/01/index.php?action_kouhyou_detail_004_kani=true&JigyosyoCd=0175100460-00&ServiceCd=430&Type=search" }, "geometry": { "type": "Point", "coordinates": [ 143.341310499999963, 44.3443933 ] } },
{ "type": "Feature", "properties": { "内容": "コミュニティ　ケアプラン相談室【居宅介護支援】北海道紋別市大山町１丁目３６番１４号", "url2": "https://www.kaigokensaku.mhlw.go.jp/01/index.php?action_kouhyou_detail_004_kani=true&JigyosyoCd=0175100247-00&ServiceCd=430&Type=search" }, "geometry": { "type": "Point", "coordinates": [ 143.345032053967316, 44.339525457532233 ] } },
{ "type": "Feature", "properties": { "内容": "みんと紋別ケアプラン相談センター【居宅介護支援】紋別市大山町１丁目３６番１号", "url2": "https://www.kaigokensaku.mhlw.go.jp/01/index.php?action_kouhyou_detail_004_kani=true&JigyosyoCd=0175100189-00&ServiceCd=430&Type=search" }, "geometry": { "type": "Point", "coordinates": [ 143.345604775221318, 44.339850921115286 ] } },
{ "type": "Feature", "properties": { "内容": "有限会社紋別介護サービス【居宅介護支援】北海道紋別市潮見町4丁目2番23号", "url2": "https://www.kaigokensaku.mhlw.go.jp/01/index.php?action_kouhyou_detail_004_kani=true&JigyosyoCd=0175100015-00&ServiceCd=430&Type=search" }, "geometry": { "type": "Point", "coordinates": [ 143.348543886508196, 44.35873096064433 ] } },
{ "type": "Feature", "properties": { "内容": "居宅介護支援センター「しあわせ」【居宅介護支援】北海道士別市東５条１６丁目３１２９番地１４３　在宅介護支援センターしあわせ内", "url2": "https://www.kaigokensaku.mhlw.go.jp/01/index.php?action_kouhyou_detail_004_kani=true&JigyosyoCd=0173200049-00&ServiceCd=430&Type=search" }, "geometry": { "type": "Point", "coordinates": [ 142.403662199999985, 44.1665769 ] } },
{ "type": "Feature", "properties": { "内容": "士別市社協居宅介護支援事業所【居宅介護支援】北海道士別市東５条３丁目１－１サポートセンターしべつ内", "url2": "https://www.kaigokensaku.mhlw.go.jp/01/index.php?action_kouhyou_detail_004_kani=true&JigyosyoCd=0173200635-00&ServiceCd=430&Type=search" }, "geometry": { "type": "Point", "coordinates": [ 142.398998200000051, 44.1792995 ] } },
{ "type": "Feature", "properties": { "内容": "朝日美土里ハイツ　ケアプラン相談センター【居宅介護支援】士別市朝日町中央4029", "url2": "https://www.kaigokensaku.mhlw.go.jp/01/index.php?action_kouhyou_detail_004_kani=true&JigyosyoCd=0173200205-00&ServiceCd=430&Type=search" }, "geometry": { "type": "Point", "coordinates": [ 142.591587580950943, 44.118055887945694 ] } },
{ "type": "Feature", "properties": { "内容": "居宅介護支援事業所さつき【居宅介護支援】北海道名寄市名寄市字緑丘11番地23　そよかぜ館内", "url2": "https://www.kaigokensaku.mhlw.go.jp/01/index.php?action_kouhyou_detail_004_kani=true&JigyosyoCd=0113211502-00&ServiceCd=430&Type=search" }, "geometry": { "type": "Point", "coordinates": [ 142.479029378507732, 44.343670488313329 ] } },
{ "type": "Feature", "properties": { "内容": "居宅介護支援事業所SUN【居宅介護支援】北海道名寄市西10条北1丁目74番地78", "url2": "https://www.kaigokensaku.mhlw.go.jp/01/index.php?action_kouhyou_detail_004_kani=true&JigyosyoCd=0173201047-00&ServiceCd=430&Type=search" }, "geometry": { "type": "Point", "coordinates": [ 142.448485, 44.3575457 ] } },
{ "type": "Feature", "properties": { "内容": "名寄社協指定居宅介護支援事業所【居宅介護支援】名寄市西１条南１２丁目", "url2": "https://www.kaigokensaku.mhlw.go.jp/01/index.php?action_kouhyou_detail_004_kani=true&JigyosyoCd=0173200692-00&ServiceCd=430&Type=search" }, "geometry": { "type": "Point", "coordinates": [ 142.461943499999961, 44.3421813 ] } },
{ "type": "Feature", "properties": { "内容": "名寄事業団指定居宅介護支援事業所うらら【居宅介護支援】名寄市東8条南8丁目117番地", "url2": "https://www.kaigokensaku.mhlw.go.jp/01/index.php?action_kouhyou_detail_004_kani=true&JigyosyoCd=0173200700-00&ServiceCd=430&Type=search" }, "geometry": { "type": "Point", "coordinates": [ 142.476905699999946, 44.3485338 ] } },
{ "type": "Feature", "properties": { "内容": "一般社団法人北海道総合在宅ケア事業団　南空知ケアプラン相談センター【居宅介護支援】北海道三笠市高美町４４４ふれあい健康センター", "url2": "https://www.kaigokensaku.mhlw.go.jp/01/index.php?action_kouhyou_detail_004_kani=true&JigyosyoCd=0166090019-00&ServiceCd=430&Type=search" }, "geometry": { "type": "Point", "coordinates": [ 141.8756439, 43.2492304 ] } },
{ "type": "Feature", "properties": { "内容": "社協ケアプラン相談センター【居宅介護支援】三笠市若草町280番地", "url2": "https://www.kaigokensaku.mhlw.go.jp/01/index.php?action_kouhyou_detail_004_kani=true&JigyosyoCd=0176000057-00&ServiceCd=430&Type=search" }, "geometry": { "type": "Point", "coordinates": [ 141.881864287371826, 43.245026005838625 ] } },
{ "type": "Feature", "properties": { "内容": "ファブ・フレンド　ケアプランセンター【居宅介護支援】北海道根室市宝林町2丁目10番地", "url2": "https://www.kaigokensaku.mhlw.go.jp/01/index.php?action_kouhyou_detail_004_kani=true&JigyosyoCd=0174200725-00&ServiceCd=430&Type=search" }, "geometry": { "type": "Point", "coordinates": [ 145.5856389, 43.3258742 ] } },
{ "type": "Feature", "properties": { "内容": "道東勤医協訪問看護ステーションエトピリカ居宅介護支援事業部【居宅介護支援】根室市曙町３丁目３番地", "url2": "https://www.kaigokensaku.mhlw.go.jp/01/index.php?action_kouhyou_detail_004_kani=true&JigyosyoCd=0164290033-00&ServiceCd=430&Type=search" }, "geometry": { "type": "Point", "coordinates": [ 145.596397300000035, 43.3317926 ] } },
{ "type": "Feature", "properties": { "内容": "社会福祉法人　根室市社会福祉協議会　ケアサービスセンターしゃきょう【居宅介護支援】北海道根室市有磯町２丁目６番地根室市福祉会館", "url2": "https://www.kaigokensaku.mhlw.go.jp/01/index.php?action_kouhyou_detail_004_kani=true&JigyosyoCd=0174200089-00&ServiceCd=430&Type=search" }, "geometry": { "type": "Point", "coordinates": [ 145.587520330024745, 43.334730987061526 ] } },
{ "type": "Feature", "properties": { "内容": "根室隣保院居宅介護支援事業所【居宅介護支援】北海道根室市月岡町２丁目８８番地", "url2": "https://www.kaigokensaku.mhlw.go.jp/01/index.php?action_kouhyou_detail_004_kani=true&JigyosyoCd=0174200113-00&ServiceCd=430&Type=search" }, "geometry": { "type": "Point", "coordinates": [ 145.5817664, 43.2977934 ] } },
{ "type": "Feature", "properties": { "内容": "道夢ケアセンター居宅介護支援事業所【居宅介護支援】北海道根室市宝林町4丁目255番地13住宅型有料老人ホーム　宝林道夢", "url2": "https://www.kaigokensaku.mhlw.go.jp/01/index.php?action_kouhyou_detail_004_kani=true&JigyosyoCd=0174200618-00&ServiceCd=430&Type=search" }, "geometry": { "type": "Point", "coordinates": [ 145.5947698, 43.3142863 ] } },
{ "type": "Feature", "properties": { "内容": "根室市介護サービスセンター【居宅介護支援】北海道根室市常盤町2丁目27番地", "url2": "https://www.kaigokensaku.mhlw.go.jp/01/index.php?action_kouhyou_detail_004_kani=true&JigyosyoCd=0174200162-00&ServiceCd=430&Type=search" }, "geometry": { "type": "Point", "coordinates": [ 145.5827626, 43.3300648 ] } },
{ "type": "Feature", "properties": { "内容": "居宅介護支援事業所白樺【居宅介護支援】北海道根室市月岡町１丁目３０番地９", "url2": "https://www.kaigokensaku.mhlw.go.jp/01/index.php?action_kouhyou_detail_004_kani=true&JigyosyoCd=0174200493-00&ServiceCd=430&Type=search" }, "geometry": { "type": "Point", "coordinates": [ 145.582860367459119, 43.316831949559855 ] } },
{ "type": "Feature", "properties": { "内容": "グラン・セラ居宅介護支援事業所【居宅介護支援】千歳市柏陽４丁目３番2グラン・セラ柏陽A館", "url2": "https://www.kaigokensaku.mhlw.go.jp/01/index.php?action_kouhyou_detail_004_kani=true&JigyosyoCd=0171100944-00&ServiceCd=430&Type=search" }, "geometry": { "type": "Point", "coordinates": [ 141.59236139999993, 42.7805925 ] } },
{ "type": "Feature", "properties": { "内容": "資生会居宅介護支援事業所【居宅介護支援】千歳市桂木１丁目５番７号", "url2": "https://www.kaigokensaku.mhlw.go.jp/01/index.php?action_kouhyou_detail_004_kani=true&JigyosyoCd=0171100068-00&ServiceCd=430&Type=search" }, "geometry": { "type": "Point", "coordinates": [ 141.624294268523698, 42.819748869692198 ] } },
{ "type": "Feature", "properties": { "内容": "居宅介護支援事業所えいぶる【居宅介護支援】北海道千歳市豊里1丁目3-3", "url2": "https://www.kaigokensaku.mhlw.go.jp/01/index.php?action_kouhyou_detail_004_kani=true&JigyosyoCd=0171100183-00&ServiceCd=430&Type=search" }, "geometry": { "type": "Point", "coordinates": [ 141.6646518, 42.8321012 ] } },
{ "type": "Feature", "properties": { "内容": "有限会社　新富メディカル・サービス【居宅介護支援】千歳市柏陽5丁目5番地の3", "url2": "https://www.kaigokensaku.mhlw.go.jp/01/index.php?action_kouhyou_detail_004_kani=true&JigyosyoCd=0171100092-00&ServiceCd=430&Type=search" }, "geometry": { "type": "Point", "coordinates": [ 141.588326599999959, 42.7812901 ] } },
{ "type": "Feature", "properties": { "内容": "ＳＯＭＰＯケア　千歳　居宅介護支援【居宅介護支援】北海道千歳市北陽1丁目13番17号溝ビルＸ・２００１Ｂ－１Ｆ", "url2": "https://www.kaigokensaku.mhlw.go.jp/01/index.php?action_kouhyou_detail_004_kani=true&JigyosyoCd=0171101041-00&ServiceCd=430&Type=search" }, "geometry": { "type": "Point", "coordinates": [ 141.64279645819704, 42.847346482574011 ] } },
{ "type": "Feature", "properties": { "内容": "千歳豊友会居宅介護支援事業所【居宅介護支援】北海道千歳市富丘1丁目618-6", "url2": "https://www.kaigokensaku.mhlw.go.jp/01/index.php?action_kouhyou_detail_004_kani=true&JigyosyoCd=0171100415-00&ServiceCd=430&Type=search" }, "geometry": { "type": "Point", "coordinates": [ 141.643898, 42.8354279 ] } },
{ "type": "Feature", "properties": { "内容": "向陽台・ケアプランセンター【居宅介護支援】北海道千歳市柏陽４丁目３番２号", "url2": "https://www.kaigokensaku.mhlw.go.jp/01/index.php?action_kouhyou_detail_004_kani=true&JigyosyoCd=0171101181-00&ServiceCd=430&Type=search" }, "geometry": { "type": "Point", "coordinates": [ 141.591995700000012, 42.7808514 ] } },
{ "type": "Feature", "properties": { "内容": "居宅介護支援事業所なごみ【居宅介護支援】北海道千歳市緑町1丁目3-22サービス付き高齢者住宅VIAREST千歳緑町", "url2": "https://www.kaigokensaku.mhlw.go.jp/01/index.php?action_kouhyou_detail_004_kani=true&JigyosyoCd=0171100837-00&ServiceCd=430&Type=search" }, "geometry": { "type": "Point", "coordinates": [ 141.639726800000062, 42.8236348 ] } },
{ "type": "Feature", "properties": { "内容": "居宅介護支援ゆうしんかんらいふ【居宅介護支援】北海道千歳市みどり台北2丁目5番15号", "url2": "https://www.kaigokensaku.mhlw.go.jp/01/index.php?action_kouhyou_detail_004_kani=true&JigyosyoCd=0171101124-00&ServiceCd=430&Type=search" }, "geometry": { "type": "Point", "coordinates": [ 141.613718899999981, 42.8630015 ] } },
{ "type": "Feature", "properties": { "内容": "居宅介護支援事業所くらしさ千歳【居宅介護支援】千歳市本町5丁目1502-3メイライズA-2", "url2": "https://www.kaigokensaku.mhlw.go.jp/01/index.php?action_kouhyou_detail_004_kani=true&JigyosyoCd=0171101157-00&ServiceCd=430&Type=search" }, "geometry": { "type": "Point", "coordinates": [ 141.649928502446755, 42.81603211916736 ] } },
{ "type": "Feature", "properties": { "内容": "ケアマネージメント千歳ふくろうの森【居宅介護支援】千歳市大和４丁目２番４号", "url2": "https://www.kaigokensaku.mhlw.go.jp/01/index.php?action_kouhyou_detail_004_kani=true&JigyosyoCd=0171100399-00&ServiceCd=430&Type=search" }, "geometry": { "type": "Point", "coordinates": [ 141.630630688430074, 42.820626606772016 ] } },
{ "type": "Feature", "properties": { "内容": "新富ほっとす支援事業所【居宅介護支援】北海道千歳市新富１丁目３番５号", "url2": "https://www.kaigokensaku.mhlw.go.jp/01/index.php?action_kouhyou_detail_004_kani=true&JigyosyoCd=0171100662-00&ServiceCd=430&Type=search" }, "geometry": { "type": "Point", "coordinates": [ 141.639920800000027, 42.8305228 ] } },
{ "type": "Feature", "properties": { "内容": "居宅介護支援ゆうしんかん【居宅介護支援】北海道千歳市北陽4丁目11-8", "url2": "https://www.kaigokensaku.mhlw.go.jp/01/index.php?action_kouhyou_detail_004_kani=true&JigyosyoCd=0171101264-00&ServiceCd=430&Type=search" }, "geometry": { "type": "Point", "coordinates": [ 141.630951308372659, 42.850348824687885 ] } },
{ "type": "Feature", "properties": { "内容": "ケアデザイン　ポライト【居宅介護支援】北海道千歳市あずさ５丁目2-13ピュアパレスⅡA102", "url2": "https://www.kaigokensaku.mhlw.go.jp/01/index.php?action_kouhyou_detail_004_kani=true&JigyosyoCd=0171101256-00&ServiceCd=430&Type=search" }, "geometry": { "type": "Point", "coordinates": [ 141.647539199999983, 42.846104200000042 ] } },
{ "type": "Feature", "properties": { "内容": "指定居宅介護支援事業所サンカヨウ【居宅介護支援】北海道滝川市栄町１丁目１４番３１号招福ハイツ１階A号室", "url2": "https://www.kaigokensaku.mhlw.go.jp/01/index.php?action_kouhyou_detail_004_kani=true&JigyosyoCd=0177540606-00&ServiceCd=430&Type=search" }, "geometry": { "type": "Point", "coordinates": [ 141.901510300000041, 43.551734 ] } },
{ "type": "Feature", "properties": { "内容": "指定居宅介護支援事業所ゆうゆう【居宅介護支援】北海道滝川市栄町３丁目３番１６号神部メディケアビル", "url2": "https://www.kaigokensaku.mhlw.go.jp/01/index.php?action_kouhyou_detail_004_kani=true&JigyosyoCd=0117510446-00&ServiceCd=430&Type=search" }, "geometry": { "type": "Point", "coordinates": [ 141.906269912785774, 43.557748967989369 ] } },
{ "type": "Feature", "properties": { "内容": "居宅介護支援事業所　あじさい【居宅介護支援】北海道滝川市空知町２丁目４番１０号医療法人社団　青藍会クリニック", "url2": "https://www.kaigokensaku.mhlw.go.jp/01/index.php?action_kouhyou_detail_004_kani=true&JigyosyoCd=0177540614-00&ServiceCd=430&Type=search" }, "geometry": { "type": "Point", "coordinates": [ 141.909293, 43.54884 ] } },
{ "type": "Feature", "properties": { "内容": "医療法人翔陽会居宅介護支援事業所こうよう【居宅介護支援】北海道滝川市西町1丁目3番13号", "url2": "https://www.kaigokensaku.mhlw.go.jp/01/index.php?action_kouhyou_detail_004_kani=true&JigyosyoCd=0177500360-00&ServiceCd=430&Type=search" }, "geometry": { "type": "Point", "coordinates": [ 141.903787100000045, 43.5622359 ] } },
{ "type": "Feature", "properties": { "内容": "社会福祉法人滝川市社会福祉協議会　居宅介護支援事業所すずらん【居宅介護支援】北海道滝川市明神町1丁目3番1号ＮＴＴ東日本滝川ビル1階", "url2": "https://www.kaigokensaku.mhlw.go.jp/01/index.php?action_kouhyou_detail_004_kani=true&JigyosyoCd=0177500188-00&ServiceCd=430&Type=search" }, "geometry": { "type": "Point", "coordinates": [ 141.908422246418723, 43.555987322960803 ] } },
{ "type": "Feature", "properties": { "内容": "居宅介護支援事業所すずかけ【居宅介護支援】北海道滝川市江部乙町東13丁目1番60号", "url2": "https://www.kaigokensaku.mhlw.go.jp/01/index.php?action_kouhyou_detail_004_kani=true&JigyosyoCd=0177540747-00&ServiceCd=430&Type=search" }, "geometry": { "type": "Point", "coordinates": [ 141.9440928, 43.6302005 ] } },
{ "type": "Feature", "properties": { "内容": "居宅介護支援事業所土筆【居宅介護支援】北海道滝川市東町4丁目2番11号", "url2": "https://www.kaigokensaku.mhlw.go.jp/01/index.php?action_kouhyou_detail_004_kani=true&JigyosyoCd=0177500162-00&ServiceCd=430&Type=search" }, "geometry": { "type": "Point", "coordinates": [ 141.922970123125765, 43.560094972587827 ] } },
{ "type": "Feature", "properties": { "内容": "砂川介護計画相談センター【居宅介護支援】砂川市西7条北4丁目1番1号", "url2": "https://www.kaigokensaku.mhlw.go.jp/01/index.php?action_kouhyou_detail_004_kani=true&JigyosyoCd=0177100062-00&ServiceCd=430&Type=search" }, "geometry": { "type": "Point", "coordinates": [ 141.9029428, 43.4957345 ] } },
{ "type": "Feature", "properties": { "内容": "一般社団法人北海道総合在宅ケア事業団　砂川ケアプラン相談センター【居宅介護支援】北海道砂川市西6条北5丁目1番15号", "url2": "https://www.kaigokensaku.mhlw.go.jp/01/index.php?action_kouhyou_detail_004_kani=true&JigyosyoCd=0167190016-00&ServiceCd=430&Type=search" }, "geometry": { "type": "Point", "coordinates": [ 141.904364699999974, 43.4967817 ] } },
{ "type": "Feature", "properties": { "内容": "ＳＯＭＰＯケア　空知　居宅介護支援【居宅介護支援】北海道砂川市東１条北８丁目１番２号", "url2": "https://www.kaigokensaku.mhlw.go.jp/01/index.php?action_kouhyou_detail_004_kani=true&JigyosyoCd=0177100815-00&ServiceCd=430&Type=search" }, "geometry": { "type": "Point", "coordinates": [ 141.906164699999977, 43.4950291 ] } },
{ "type": "Feature", "properties": { "内容": "野田福祉相談支援センター【居宅介護支援】北海道砂川市東1条北12丁目1番1号", "url2": "https://www.kaigokensaku.mhlw.go.jp/01/index.php?action_kouhyou_detail_004_kani=true&JigyosyoCd=0177100674-00&ServiceCd=430&Type=search" }, "geometry": { "type": "Point", "coordinates": [ 141.911441723596056, 43.504838368826725 ] } },
{ "type": "Feature", "properties": { "内容": "居宅介護支援事業所　神部相談センター【居宅介護支援】砂川市晴見3条北10丁目5番6号", "url2": "https://www.kaigokensaku.mhlw.go.jp/01/index.php?action_kouhyou_detail_004_kani=true&JigyosyoCd=0177100310-00&ServiceCd=430&Type=search" }, "geometry": { "type": "Point", "coordinates": [ 141.9270732, 43.4993903 ] } },
{ "type": "Feature", "properties": { "内容": "勤医協歌志内居宅介護支援事業所【居宅介護支援】北海道歌志内市字中村２６番地２", "url2": "https://www.kaigokensaku.mhlw.go.jp/01/index.php?action_kouhyou_detail_004_kani=true&JigyosyoCd=0177100906-00&ServiceCd=430&Type=search" }, "geometry": { "type": "Point", "coordinates": [ 142.004559199999989, 43.5018199 ] } },
{ "type": "Feature", "properties": { "内容": "在宅介護支援事業所みどりの風【居宅介護支援】北海道深川市開西町１丁目２番１", "url2": "https://www.kaigokensaku.mhlw.go.jp/01/index.php?action_kouhyou_detail_004_kani=true&JigyosyoCd=0177400637-00&ServiceCd=430&Type=search" }, "geometry": { "type": "Point", "coordinates": [ 142.017927699999973, 43.7124365 ] } },
{ "type": "Feature", "properties": { "内容": "安寿ケアセンター【居宅介護支援】深川市4条12番6号いちご館２階", "url2": "https://www.kaigokensaku.mhlw.go.jp/01/index.php?action_kouhyou_detail_004_kani=true&JigyosyoCd=0177400256-00&ServiceCd=430&Type=search" }, "geometry": { "type": "Point", "coordinates": [ 142.048396362040677, 43.720454995070625 ] } },
{ "type": "Feature", "properties": { "内容": "居宅介護支援事業所ひろさと【居宅介護支援】北海道深川市広里町２丁目３番７号", "url2": "https://www.kaigokensaku.mhlw.go.jp/01/index.php?action_kouhyou_detail_004_kani=true&JigyosyoCd=0177400660-00&ServiceCd=430&Type=search" }, "geometry": { "type": "Point", "coordinates": [ 142.050796100000014, 43.7067525 ] } },
{ "type": "Feature", "properties": { "内容": "居宅介護支援事業所生活サポートみんソラ【居宅介護支援】北海道深川市広里町２－３－２", "url2": "https://www.kaigokensaku.mhlw.go.jp/01/index.php?action_kouhyou_detail_004_kani=true&JigyosyoCd=0177400538-00&ServiceCd=430&Type=search" }, "geometry": { "type": "Point", "coordinates": [ 142.052083499999981, 43.7086398 ] } },
{ "type": "Feature", "properties": { "内容": "ライフマップ深川【居宅介護支援】北海道深川市3条8番18号2F", "url2": "https://www.kaigokensaku.mhlw.go.jp/01/index.php?action_kouhyou_detail_004_kani=true&JigyosyoCd=0177400645-00&ServiceCd=430&Type=search" }, "geometry": { "type": "Point", "coordinates": [ 142.042545100000012, 43.71911430000003 ] } },
{ "type": "Feature", "properties": { "内容": "指定居宅介護支援事業所アニスティ深川【居宅介護支援】北海道深川市2条4番3号", "url2": "https://www.kaigokensaku.mhlw.go.jp/01/index.php?action_kouhyou_detail_004_kani=true&JigyosyoCd=0177400355-00&ServiceCd=430&Type=search" }, "geometry": { "type": "Point", "coordinates": [ 142.035270500000024, 43.7180215 ] } },
{ "type": "Feature", "properties": { "内容": "居宅介護支援事業所清祥園【居宅介護支援】北海道深川市納内町北３番９７号", "url2": "https://www.kaigokensaku.mhlw.go.jp/01/index.php?action_kouhyou_detail_004_kani=true&JigyosyoCd=0177400520-00&ServiceCd=430&Type=search" }, "geometry": { "type": "Point", "coordinates": [ 142.129546399999981, 43.734705699999935 ] } },
{ "type": "Feature", "properties": { "内容": "深川市社会福祉協議会指定居宅介護支援事業所【居宅介護支援】北海道深川市３条１８番３６号深川市総合福祉センター内", "url2": "https://www.kaigokensaku.mhlw.go.jp/01/index.php?action_kouhyou_detail_004_kani=true&JigyosyoCd=0177400074-00&ServiceCd=430&Type=search" }, "geometry": { "type": "Point", "coordinates": [ 142.0548129, 43.7233159 ] } },
{ "type": "Feature", "properties": { "内容": "介護相談センター青いとり【居宅介護支援】北海道富良野市桂木町2番77号", "url2": "https://www.kaigokensaku.mhlw.go.jp/01/index.php?action_kouhyou_detail_004_kani=true&JigyosyoCd=0163090012-00&ServiceCd=430&Type=search" }, "geometry": { "type": "Point", "coordinates": [ 142.379178, 43.3504304 ] } },
{ "type": "Feature", "properties": { "内容": "介護老人保健施設ふらの指定居宅介護支援事業所【居宅介護支援】富良野市住吉町１－２５", "url2": "https://www.kaigokensaku.mhlw.go.jp/01/index.php?action_kouhyou_detail_004_kani=true&JigyosyoCd=0153080015-00&ServiceCd=430&Type=search" }, "geometry": { "type": "Point", "coordinates": [ 142.393518800000038, 43.3456785 ] } },
{ "type": "Feature", "properties": { "内容": "指定居宅介護支援事業所すいふと【居宅介護支援】北海道富良野市春日町11番23号　Ａ-106", "url2": "https://www.kaigokensaku.mhlw.go.jp/01/index.php?action_kouhyou_detail_004_kani=true&JigyosyoCd=0172902579-00&ServiceCd=430&Type=search" }, "geometry": { "type": "Point", "coordinates": [ 142.3948019353424, 43.341146487946069 ] } },
{ "type": "Feature", "properties": { "内容": "ＳＯＭＰＯケア　富良野　居宅介護支援【居宅介護支援】北海道富良野市本町6-29本社貸事務所1Ｆ", "url2": "https://www.kaigokensaku.mhlw.go.jp/01/index.php?action_kouhyou_detail_004_kani=true&JigyosyoCd=0173000506-00&ServiceCd=430&Type=search" }, "geometry": { "type": "Point", "coordinates": [ 142.385013500000014, 43.348548 ] } },
{ "type": "Feature", "properties": { "内容": "ニチイケアセンターふらの【居宅介護支援】北海道富良野市緑町11番5号", "url2": "https://www.kaigokensaku.mhlw.go.jp/01/index.php?action_kouhyou_detail_004_kani=true&JigyosyoCd=0173000381-00&ServiceCd=430&Type=search" }, "geometry": { "type": "Point", "coordinates": [ 142.397597, 43.3326941 ] } },
{ "type": "Feature", "properties": { "内容": "指定居宅介護支援事業所歩み【居宅介護支援】富良野市山部北町12番18号富良野市寿光園　内", "url2": "https://www.kaigokensaku.mhlw.go.jp/01/index.php?action_kouhyou_detail_004_kani=true&JigyosyoCd=0173000183-00&ServiceCd=430&Type=search" }, "geometry": { "type": "Point", "coordinates": [ 142.374986734918281, 43.243814865013931 ] } },
{ "type": "Feature", "properties": { "内容": "ふらのケアプラン相談センター「いちい」【居宅介護支援】富良野市住吉町1番28号　富良野市地域福祉センターいちい", "url2": "https://www.kaigokensaku.mhlw.go.jp/01/index.php?action_kouhyou_detail_004_kani=true&JigyosyoCd=0173000019-00&ServiceCd=430&Type=search" }, "geometry": { "type": "Point", "coordinates": [ 142.39313, 43.3464475 ] } },
{ "type": "Feature", "properties": { "内容": "ケアプランセンターＣＯＣＯ【居宅介護支援】北海道富良野市幸町10番20号", "url2": "https://www.kaigokensaku.mhlw.go.jp/01/index.php?action_kouhyou_detail_004_kani=true&JigyosyoCd=0173000530-00&ServiceCd=430&Type=search" }, "geometry": { "type": "Point", "coordinates": [ 142.3865939, 43.3439442 ] } },
{ "type": "Feature", "properties": { "内容": "若草指定居宅介護支援事業所【居宅介護支援】登別市若草町2丁目17番地14", "url2": "https://www.kaigokensaku.mhlw.go.jp/01/index.php?action_kouhyou_detail_004_kani=true&JigyosyoCd=0173501057-00&ServiceCd=430&Type=search" }, "geometry": { "type": "Point", "coordinates": [ 141.0579775, 42.3697157 ] } },
{ "type": "Feature", "properties": { "内容": "緑風園居宅介護支援事業所【居宅介護支援】北海道登別市千歳町2丁目11番地10", "url2": "https://www.kaigokensaku.mhlw.go.jp/01/index.php?action_kouhyou_detail_004_kani=true&JigyosyoCd=0173500133-00&ServiceCd=430&Type=search" }, "geometry": { "type": "Point", "coordinates": [ 141.11584865421321, 42.419454749127759 ] } },
{ "type": "Feature", "properties": { "内容": "医療法人社団楽生会　皆川病院居宅介護支援事業所【居宅介護支援】登別市中央町3丁目19番地5皆川病院在宅サポートセンター2階", "url2": "https://www.kaigokensaku.mhlw.go.jp/01/index.php?action_kouhyou_detail_004_kani=true&JigyosyoCd=0113513220-00&ServiceCd=430&Type=search" }, "geometry": { "type": "Point", "coordinates": [ 141.103374300000013, 42.4091547 ] } },
{ "type": "Feature", "properties": { "内容": "指定居宅介護支援事業所あおい（愛桜）【居宅介護支援】北海道登別市登別東町３丁目１番地２", "url2": "https://www.kaigokensaku.mhlw.go.jp/01/index.php?action_kouhyou_detail_004_kani=true&JigyosyoCd=0113511505-00&ServiceCd=430&Type=search" }, "geometry": { "type": "Point", "coordinates": [ 141.17809520000003, 42.454845 ] } },
{ "type": "Feature", "properties": { "内容": "地域医療機能推進機構登別病院附属居宅介護支援センター【居宅介護支援】北海道登別市片倉町6丁目9番地1総合福祉センターしんた21内2F", "url2": "https://www.kaigokensaku.mhlw.go.jp/01/index.php?action_kouhyou_detail_004_kani=true&JigyosyoCd=0113510622-00&ServiceCd=430&Type=search" }, "geometry": { "type": "Point", "coordinates": [ 141.084961900000025, 42.4188952 ] } },
{ "type": "Feature", "properties": { "内容": "ＳＯＭＰＯケア登別　居宅介護支援【居宅介護支援】北海道登別市富岸町２丁目１１－１２生田ビル　２Ｆ", "url2": "https://www.kaigokensaku.mhlw.go.jp/01/index.php?action_kouhyou_detail_004_kani=true&JigyosyoCd=0173502113-00&ServiceCd=430&Type=search" }, "geometry": { "type": "Point", "coordinates": [ 141.067898300000024, 42.3829091 ] } },
{ "type": "Feature", "properties": { "内容": "医療法人登別すずらん病院　居宅介護支援事業所すずらん【居宅介護支援】北海道登別市青葉町３４番地９", "url2": "https://www.kaigokensaku.mhlw.go.jp/01/index.php?action_kouhyou_detail_004_kani=true&JigyosyoCd=0173502253-00&ServiceCd=430&Type=search" }, "geometry": { "type": "Point", "coordinates": [ 141.078538, 42.3935466 ] } },
{ "type": "Feature", "properties": { "内容": "指定居宅介護支援事業所「けいあい」【居宅介護支援】北海道登別市鷲別町２丁目３２番地１", "url2": "https://www.kaigokensaku.mhlw.go.jp/01/index.php?action_kouhyou_detail_004_kani=true&JigyosyoCd=0173501164-00&ServiceCd=430&Type=search" }, "geometry": { "type": "Point", "coordinates": [ 141.047953499999949, 42.3569496 ] } },
{ "type": "Feature", "properties": { "内容": "居宅介護支援事業所　アンデルセンの丘【居宅介護支援】北海道登別市富岸町１丁目７番地８", "url2": "https://www.kaigokensaku.mhlw.go.jp/01/index.php?action_kouhyou_detail_004_kani=true&JigyosyoCd=0173501982-00&ServiceCd=430&Type=search" }, "geometry": { "type": "Point", "coordinates": [ 141.072953, 42.3878088 ] } },
{ "type": "Feature", "properties": { "内容": "ＮＰＯ法人いぶりたすけ愛　優サービス(ケアプラン)【居宅介護支援】登別市桜木町3丁目2-10", "url2": "https://www.kaigokensaku.mhlw.go.jp/01/index.php?action_kouhyou_detail_004_kani=true&JigyosyoCd=0173500034-00&ServiceCd=430&Type=search" }, "geometry": { "type": "Point", "coordinates": [ 141.090333399999963, 42.4066966 ] } },
{ "type": "Feature", "properties": { "内容": "ケアプランステーション恵庭みなみ【居宅介護支援】北海道恵庭市住吉町２丁目４－１４", "url2": "https://www.kaigokensaku.mhlw.go.jp/01/index.php?action_kouhyou_detail_004_kani=true&JigyosyoCd=0111210563-00&ServiceCd=430&Type=search" }, "geometry": { "type": "Point", "coordinates": [ 141.5828206, 42.8773543 ] } },
{ "type": "Feature", "properties": { "内容": "医療法人　盟侑会　指定居宅介護支援事業所　アートプラン【居宅介護支援】恵庭市西島松５６７番地の１", "url2": "https://www.kaigokensaku.mhlw.go.jp/01/index.php?action_kouhyou_detail_004_kani=true&JigyosyoCd=0151280013-00&ServiceCd=430&Type=search" }, "geometry": { "type": "Point", "coordinates": [ 141.561765799999989, 42.9102885 ] } },
{ "type": "Feature", "properties": { "内容": "一般社団法人北海道総合在宅ケア事業団　恵庭ケアプラン相談センター【居宅介護支援】北海道恵庭市恵み野北３丁目１番１号恵庭RBパークセンタービル　W-209号", "url2": "https://www.kaigokensaku.mhlw.go.jp/01/index.php?action_kouhyou_detail_004_kani=true&JigyosyoCd=0161290010-00&ServiceCd=430&Type=search" }, "geometry": { "type": "Point", "coordinates": [ 141.580800299999964, 42.9105029 ] } },
{ "type": "Feature", "properties": { "内容": "いちいケアプランステーションえにわ【居宅介護支援】北海道恵庭市有明町4丁目1番1号", "url2": "https://www.kaigokensaku.mhlw.go.jp/01/index.php?action_kouhyou_detail_004_kani=true&JigyosyoCd=0161290044-00&ServiceCd=430&Type=search" }, "geometry": { "type": "Point", "coordinates": [ 141.575443896339863, 42.890210053870611 ] } },
{ "type": "Feature", "properties": { "内容": "居宅介護支援事業所プレサポ【居宅介護支援】北海道恵庭市黄金中央1丁目13番地１", "url2": "https://www.kaigokensaku.mhlw.go.jp/01/index.php?action_kouhyou_detail_004_kani=true&JigyosyoCd=0171200850-00&ServiceCd=430&Type=search" }, "geometry": { "type": "Point", "coordinates": [ 141.5878569, 42.8847096 ] } },
{ "type": "Feature", "properties": { "内容": "介護相談所ふぁいん【居宅介護支援】恵庭市恵み野西３丁目８番８", "url2": "https://www.kaigokensaku.mhlw.go.jp/01/index.php?action_kouhyou_detail_004_kani=true&JigyosyoCd=0171200397-00&ServiceCd=430&Type=search" }, "geometry": { "type": "Point", "coordinates": [ 141.581442299999907, 42.9006349 ] } },
{ "type": "Feature", "properties": { "内容": "居宅介護支援事業所リリーフ【居宅介護支援】北海道恵庭市本町178番地エルムハイツⅡ101号", "url2": "https://www.kaigokensaku.mhlw.go.jp/01/index.php?action_kouhyou_detail_004_kani=true&JigyosyoCd=0171200827-00&ServiceCd=430&Type=search" }, "geometry": { "type": "Point", "coordinates": [ 141.571594648701449, 42.882400417272237 ] } },
{ "type": "Feature", "properties": { "内容": "居宅介護支援事業所きずな【居宅介護支援】北海道恵庭市大町1丁目8番5号", "url2": "https://www.kaigokensaku.mhlw.go.jp/01/index.php?action_kouhyou_detail_004_kani=true&JigyosyoCd=0171200389-00&ServiceCd=430&Type=search" }, "geometry": { "type": "Point", "coordinates": [ 141.567406694067557, 42.888988060688746 ] } },
{ "type": "Feature", "properties": { "内容": "居宅介護支援事業所だんらん【居宅介護支援】北海道恵庭市有明町１丁目８番８号", "url2": "https://www.kaigokensaku.mhlw.go.jp/01/index.php?action_kouhyou_detail_004_kani=true&JigyosyoCd=0171200298-00&ServiceCd=430&Type=search" }, "geometry": { "type": "Point", "coordinates": [ 141.5705769, 42.8900023 ] } },
{ "type": "Feature", "properties": { "内容": "介護相談つくし【居宅介護支援】北海道恵庭市恵み野東２丁目７－５", "url2": "https://www.kaigokensaku.mhlw.go.jp/01/index.php?action_kouhyou_detail_004_kani=true&JigyosyoCd=0171200520-00&ServiceCd=430&Type=search" }, "geometry": { "type": "Point", "coordinates": [ 141.59182439999995, 42.905179 ] } },
{ "type": "Feature", "properties": { "内容": "指定居宅介護支援事業所えびす【居宅介護支援】北海道恵庭市島松東町４丁目３番１３号", "url2": "https://www.kaigokensaku.mhlw.go.jp/01/index.php?action_kouhyou_detail_004_kani=true&JigyosyoCd=0171200900-00&ServiceCd=430&Type=search" }, "geometry": { "type": "Point", "coordinates": [ 141.5768233, 42.9157615 ] } },
{ "type": "Feature", "properties": { "内容": "社会医療法人北晨会　恵み野居宅介護支援事業所【居宅介護支援】恵庭市恵み野西２丁目３番地１０", "url2": "https://www.kaigokensaku.mhlw.go.jp/01/index.php?action_kouhyou_detail_004_kani=true&JigyosyoCd=0171200082-00&ServiceCd=430&Type=search" }, "geometry": { "type": "Point", "coordinates": [ 141.57632720660709, 42.90043371778421 ] } },
{ "type": "Feature", "properties": { "内容": "恵庭市社会福祉協議会　指定居宅介護支援事業所【居宅介護支援】北海道恵庭市末広町125番地1第２福祉会館", "url2": "https://www.kaigokensaku.mhlw.go.jp/01/index.php?action_kouhyou_detail_004_kani=true&JigyosyoCd=0171200025-00&ServiceCd=430&Type=search" }, "geometry": { "type": "Point", "coordinates": [ 141.58039991468047, 42.881405428797592 ] } },
{ "type": "Feature", "properties": { "内容": "恵望園居宅介護支援事業所【居宅介護支援】恵庭市柏木町４２９番地６", "url2": "https://www.kaigokensaku.mhlw.go.jp/01/index.php?action_kouhyou_detail_004_kani=true&JigyosyoCd=0171200017-00&ServiceCd=430&Type=search" }, "geometry": { "type": "Point", "coordinates": [ 141.556372799999963, 42.8853161 ] } },
{ "type": "Feature", "properties": { "内容": "介護相談センター萌えにわ【居宅介護支援】北海道恵庭市和光町5丁目16番６号", "url2": "https://www.kaigokensaku.mhlw.go.jp/01/index.php?action_kouhyou_detail_004_kani=true&JigyosyoCd=0171200959-00&ServiceCd=430&Type=search" }, "geometry": { "type": "Point", "coordinates": [ 141.5981703, 42.8710904 ] } },
{ "type": "Feature", "properties": { "内容": "ケア相談センターはるひ【居宅介護支援】恵庭市恵み野南3丁目8番24", "url2": "https://www.kaigokensaku.mhlw.go.jp/01/index.php?action_kouhyou_detail_004_kani=true&JigyosyoCd=0171200975-00&ServiceCd=430&Type=search" }, "geometry": { "type": "Point", "coordinates": [ 141.5887205, 42.9008826 ] } },
{ "type": "Feature", "properties": { "内容": "居宅介護支援事業所あいことば【居宅介護支援】北海道伊達市松ヶ枝町154番地20ケアハウス伊達ぷらいむ館内", "url2": "https://www.kaigokensaku.mhlw.go.jp/01/index.php?action_kouhyou_detail_004_kani=true&JigyosyoCd=0173700782-00&ServiceCd=430&Type=search" }, "geometry": { "type": "Point", "coordinates": [ 140.8848832, 42.4782832 ] } },
{ "type": "Feature", "properties": { "内容": "社会医療法人　慈恵会　ケアプランセンター　セイント・ヴィレッジ【居宅介護支援】北海道伊達市舟岡町214-28", "url2": "https://www.kaigokensaku.mhlw.go.jp/01/index.php?action_kouhyou_detail_004_kani=true&JigyosyoCd=0173700774-00&ServiceCd=430&Type=search" }, "geometry": { "type": "Point", "coordinates": [ 140.8812063, 42.4674128 ] } },
{ "type": "Feature", "properties": { "内容": "ケアプラン風花【居宅介護支援】北海道伊達市弄月町46番地14グランシェーヌⅠ　102号", "url2": "https://www.kaigokensaku.mhlw.go.jp/01/index.php?action_kouhyou_detail_004_kani=true&JigyosyoCd=0173700683-00&ServiceCd=430&Type=search" }, "geometry": { "type": "Point", "coordinates": [ 140.884302083328294, 42.460279280857314 ] } },
{ "type": "Feature", "properties": { "内容": "居宅介護支援事業所ともあれ【居宅介護支援】北海道伊達市長和町382番地17", "url2": "https://www.kaigokensaku.mhlw.go.jp/01/index.php?action_kouhyou_detail_004_kani=true&JigyosyoCd=0173700741-00&ServiceCd=430&Type=search" }, "geometry": { "type": "Point", "coordinates": [ 140.833094610450758, 42.489158542517217 ] } },
{ "type": "Feature", "properties": { "内容": "プライムヘルシータウン湘南居宅介護支援事業所【居宅介護支援】伊達市松ヶ枝町157番地１１０", "url2": "https://www.kaigokensaku.mhlw.go.jp/01/index.php?action_kouhyou_detail_004_kani=true&JigyosyoCd=0153780028-00&ServiceCd=430&Type=search" }, "geometry": { "type": "Point", "coordinates": [ 140.883904799999982, 42.4765841 ] } },
{ "type": "Feature", "properties": { "内容": "医療法人交雄会居宅介護支援事業所【居宅介護支援】北海道伊達市山下町1番3", "url2": "https://www.kaigokensaku.mhlw.go.jp/01/index.php?action_kouhyou_detail_004_kani=true&JigyosyoCd=0113711766-00&ServiceCd=430&Type=search" }, "geometry": { "type": "Point", "coordinates": [ 143.8873096, 43.8053295 ] } },
{ "type": "Feature", "properties": { "内容": "ＭＣＦ介護相談シリウス【居宅介護支援】北海道北広島市大曲緑ヶ丘2丁目10-4", "url2": "https://www.kaigokensaku.mhlw.go.jp/01/index.php?action_kouhyou_detail_004_kani=true&JigyosyoCd=0171301054-00&ServiceCd=430&Type=search" }, "geometry": { "type": "Point", "coordinates": [ 141.4779768, 42.9789133 ] } },
{ "type": "Feature", "properties": { "内容": "合同会社飯田介護支援事務所【居宅介護支援】北海道北広島市松葉町6丁目1番地パークヒルズ北広島B-501", "url2": "https://www.kaigokensaku.mhlw.go.jp/01/index.php?action_kouhyou_detail_004_kani=true&JigyosyoCd=0171301047-00&ServiceCd=430&Type=search" }, "geometry": { "type": "Point", "coordinates": [ 141.55018758992378, 42.967117335827567 ] } },
{ "type": "Feature", "properties": { "内容": "居宅介護支援事業所　ひなた【居宅介護支援】北海道北広島市中央3丁目7-1第6ニューオータニビル　2階", "url2": "https://www.kaigokensaku.mhlw.go.jp/01/index.php?action_kouhyou_detail_004_kani=true&JigyosyoCd=0171301062-00&ServiceCd=430&Type=search" }, "geometry": { "type": "Point", "coordinates": [ 141.5625506, 42.9867055 ] } },
{ "type": "Feature", "properties": { "内容": "居宅支援相談センターきぼう【居宅介護支援】北広島市輪厚７０４番地１６", "url2": "https://www.kaigokensaku.mhlw.go.jp/01/index.php?action_kouhyou_detail_004_kani=true&JigyosyoCd=0151380011-00&ServiceCd=430&Type=search" }, "geometry": { "type": "Point", "coordinates": [ 141.507922404229703, 42.944743722098991 ] } },
{ "type": "Feature", "properties": { "内容": "居宅介護支援ささえるさんきたひろ【居宅介護支援】北海道北広島市美沢1丁目2番地12", "url2": "https://www.kaigokensaku.mhlw.go.jp/01/index.php?action_kouhyou_detail_004_kani=true&JigyosyoCd=0171300957-00&ServiceCd=430&Type=search" }, "geometry": { "type": "Point", "coordinates": [ 141.56026940000001, 42.9849622 ] } },
{ "type": "Feature", "properties": { "内容": "介護支援センターひかり【居宅介護支援】北海道北広島市大曲末広2丁目1-13", "url2": "https://www.kaigokensaku.mhlw.go.jp/01/index.php?action_kouhyou_detail_004_kani=true&JigyosyoCd=0171300890-00&ServiceCd=430&Type=search" }, "geometry": { "type": "Point", "coordinates": [ 141.482585099197422, 42.977573322549631 ] } },
{ "type": "Feature", "properties": { "内容": "ケアプランセンター　Ｅはうす札幌【居宅介護支援】北広島市西の里北1丁目1番地18", "url2": "https://www.kaigokensaku.mhlw.go.jp/01/index.php?action_kouhyou_detail_004_kani=true&JigyosyoCd=0171300650-00&ServiceCd=430&Type=search" }, "geometry": { "type": "Point", "coordinates": [ 141.501819989622248, 43.015632775551005 ] } },
{ "type": "Feature", "properties": { "内容": "株式会社　ライフ・クリエイト　居宅介護支援事業所喜望の杜【居宅介護支援】北海道北広島市共栄町４丁目５－１３", "url2": "https://www.kaigokensaku.mhlw.go.jp/01/index.php?action_kouhyou_detail_004_kani=true&JigyosyoCd=0171300833-00&ServiceCd=430&Type=search" }, "geometry": { "type": "Point", "coordinates": [ 141.5599724, 42.9923703 ] } },
{ "type": "Feature", "properties": { "内容": "北広島市高齢者総合ケアセンター聖芳園指定居宅介護支援ステーション【居宅介護支援】北海道北広島市西の里３４７番地４", "url2": "https://www.kaigokensaku.mhlw.go.jp/01/index.php?action_kouhyou_detail_004_kani=true&JigyosyoCd=0171300015-00&ServiceCd=430&Type=search" }, "geometry": { "type": "Point", "coordinates": [ 141.515873100000022, 43.0120559 ] } },
{ "type": "Feature", "properties": { "内容": "ケアプランセンター　東部緑の苑【居宅介護支援】北広島市朝日町2丁目6-9", "url2": "https://www.kaigokensaku.mhlw.go.jp/01/index.php?action_kouhyou_detail_004_kani=true&JigyosyoCd=0171300627-00&ServiceCd=430&Type=search" }, "geometry": { "type": "Point", "coordinates": [ 141.569009869656156, 42.987552235721786 ] } },
{ "type": "Feature", "properties": { "内容": "北広島居宅介護支援事業所四恩園【居宅介護支援】北広島市緑陽町1丁目2番地", "url2": "https://www.kaigokensaku.mhlw.go.jp/01/index.php?action_kouhyou_detail_004_kani=true&JigyosyoCd=0171300023-00&ServiceCd=430&Type=search" }, "geometry": { "type": "Point", "coordinates": [ 141.542268841864058, 42.964317088796783 ] } },
{ "type": "Feature", "properties": { "内容": "ＳＯＭＰＯケア石狩　居宅介護支援【居宅介護支援】石狩市花畔2条1丁目9番地１北ガスプラザ石狩", "url2": "https://www.kaigokensaku.mhlw.go.jp/01/index.php?action_kouhyou_detail_004_kani=true&JigyosyoCd=0177640638-00&ServiceCd=430&Type=search" }, "geometry": { "type": "Point", "coordinates": [ 141.314580799999931, 43.1722647 ] } },
{ "type": "Feature", "properties": { "内容": "ホットライン21居宅介護支援事業所【居宅介護支援】北海道石狩市花川南7条4丁目376番地1サービ付き高齢者向け住宅花ぴりか　1階", "url2": "https://www.kaigokensaku.mhlw.go.jp/01/index.php?action_kouhyou_detail_004_kani=true&JigyosyoCd=0177600186-00&ServiceCd=430&Type=search" }, "geometry": { "type": "Point", "coordinates": [ 141.292524433065864, 43.140261885242815 ] } },
{ "type": "Feature", "properties": { "内容": "指定居宅介護支援センタートムテの里『花川』【居宅介護支援】北海道石狩市花川北6条2丁目28番地トムテの里『花川』Ｄ棟", "url2": "https://www.kaigokensaku.mhlw.go.jp/01/index.php?action_kouhyou_detail_004_kani=true&JigyosyoCd=0177600640-00&ServiceCd=430&Type=search" }, "geometry": { "type": "Point", "coordinates": [ 141.318205600000027, 43.1685403 ] } },
{ "type": "Feature", "properties": { "内容": "介護相談センターSun【居宅介護支援】北海道石狩市花川北6条2丁目88番地", "url2": "https://www.kaigokensaku.mhlw.go.jp/01/index.php?action_kouhyou_detail_004_kani=true&JigyosyoCd=0177640729-00&ServiceCd=430&Type=search" }, "geometry": { "type": "Point", "coordinates": [ 141.318533699999989, 43.1707586 ] } },
{ "type": "Feature", "properties": { "内容": "石狩病院ケアプランセンター【居宅介護支援】北海道石狩市花川北３条３丁目６番地２", "url2": "https://www.kaigokensaku.mhlw.go.jp/01/index.php?action_kouhyou_detail_004_kani=true&JigyosyoCd=0177640653-00&ServiceCd=430&Type=search" }, "geometry": { "type": "Point", "coordinates": [ 141.309323400000068, 43.1624367 ] } },
{ "type": "Feature", "properties": { "内容": "指定居宅介護支援事業所ケアプランセンター社協いしかり【居宅介護支援】北海道石狩市花川北6条1丁目41-1石狩市総合保健福祉センター2Ｆ", "url2": "https://www.kaigokensaku.mhlw.go.jp/01/index.php?action_kouhyou_detail_004_kani=true&JigyosyoCd=0177600137-00&ServiceCd=430&Type=search" }, "geometry": { "type": "Point", "coordinates": [ 141.317441599999938, 43.1710316 ] } },
{ "type": "Feature", "properties": { "内容": "石狩希久の園ケアプランセンター【居宅介護支援】石狩市八幡町高岡２７番９", "url2": "https://www.kaigokensaku.mhlw.go.jp/01/index.php?action_kouhyou_detail_004_kani=true&JigyosyoCd=0177600129-00&ServiceCd=430&Type=search" }, "geometry": { "type": "Point", "coordinates": [ 141.422479100000032, 43.254568 ] } },
{ "type": "Feature", "properties": { "内容": "ケアプランセンターあるふぁ【居宅介護支援】北海道石狩市花川東2条3丁目28番地", "url2": "https://www.kaigokensaku.mhlw.go.jp/01/index.php?action_kouhyou_detail_004_kani=true&JigyosyoCd=0177640752-00&ServiceCd=430&Type=search" }, "geometry": { "type": "Point", "coordinates": [ 141.34002910000001, 43.1671587 ] } },
{ "type": "Feature", "properties": { "内容": "居宅介護支援事業所はまます【居宅介護支援】石狩市浜益区浜益2番地3", "url2": "https://www.kaigokensaku.mhlw.go.jp/01/index.php?action_kouhyou_detail_004_kani=true&JigyosyoCd=0177600350-00&ServiceCd=430&Type=search" }, "geometry": { "type": "Point", "coordinates": [ 141.386735499999986, 43.6006307 ] } },
{ "type": "Feature", "properties": { "内容": "居宅介護支援事業所けあるーぷ【居宅介護支援】北斗市七重浜１丁目１０番３３号フローラ壱番館２０３号室", "url2": "https://www.kaigokensaku.mhlw.go.jp/01/index.php?action_kouhyou_detail_004_kani=true&JigyosyoCd=0171502156-00&ServiceCd=430&Type=search" }, "geometry": { "type": "Point", "coordinates": [ 140.706971399999986, 41.8143469 ] } },
{ "type": "Feature", "properties": { "内容": "居宅介護支援事業所　えびさわ【居宅介護支援】北海道北斗市飯生3丁目1番36号", "url2": "https://www.kaigokensaku.mhlw.go.jp/01/index.php?action_kouhyou_detail_004_kani=true&JigyosyoCd=0171501778-00&ServiceCd=430&Type=search" }, "geometry": { "type": "Point", "coordinates": [ 140.6405207, 41.8175098 ] } },
{ "type": "Feature", "properties": { "内容": "居宅介護支援事業所　はまなすの里【居宅介護支援】北海道北斗市野崎１９９－１", "url2": "https://www.kaigokensaku.mhlw.go.jp/01/index.php?action_kouhyou_detail_004_kani=true&JigyosyoCd=0171500564-00&ServiceCd=430&Type=search" }, "geometry": { "type": "Point", "coordinates": [ 140.612747399999989, 41.8550189 ] } },
{ "type": "Feature", "properties": { "内容": "居宅介護支援事業所　美ヶ丘ケアプランセンター【居宅介護支援】北海道北斗市向野２丁目１９番１８号", "url2": "https://www.kaigokensaku.mhlw.go.jp/01/index.php?action_kouhyou_detail_004_kani=true&JigyosyoCd=0171500275-00&ServiceCd=430&Type=search" }, "geometry": { "type": "Point", "coordinates": [ 140.634798441881458, 41.887686493504965 ] } },
{ "type": "Feature", "properties": { "内容": "北斗市社会福祉協議会　指定居宅介護支援事業所【居宅介護支援】北斗市中野通2丁目18番1号", "url2": "https://www.kaigokensaku.mhlw.go.jp/01/index.php?action_kouhyou_detail_004_kani=true&JigyosyoCd=0171501034-00&ServiceCd=430&Type=search" }, "geometry": { "type": "Point", "coordinates": [ 140.648906, 41.824454 ] } },
{ "type": "Feature", "properties": { "内容": "居宅介護支援事業清華園【居宅介護支援】北海道北斗市添山４７２番地１", "url2": "https://www.kaigokensaku.mhlw.go.jp/01/index.php?action_kouhyou_detail_004_kani=true&JigyosyoCd=0171500523-00&ServiceCd=430&Type=search" }, "geometry": { "type": "Point", "coordinates": [ 140.632829799999968, 41.8245676 ] } },
{ "type": "Feature", "properties": { "内容": "ケアプランセンターほなみ【居宅介護支援】北海道北斗市清水川1番地1複合型施設いなほ内（1階）", "url2": "https://www.kaigokensaku.mhlw.go.jp/01/index.php?action_kouhyou_detail_004_kani=true&JigyosyoCd=0171501851-00&ServiceCd=430&Type=search" }, "geometry": { "type": "Point", "coordinates": [ 140.653044375179206, 41.872999423950986 ] } },
{ "type": "Feature", "properties": { "内容": "ケアプランセンターそよかぜ北斗【居宅介護支援】北海道北斗市七重浜８丁目３番３７号", "url2": "https://www.kaigokensaku.mhlw.go.jp/01/index.php?action_kouhyou_detail_004_kani=true&JigyosyoCd=0171501141-00&ServiceCd=430&Type=search" }, "geometry": { "type": "Point", "coordinates": [ 140.693285800000012, 41.8208227 ] } },
{ "type": "Feature", "properties": { "内容": "プランセンターどんぐり【居宅介護支援】北斗市七重浜８丁目９番１６号", "url2": "https://www.kaigokensaku.mhlw.go.jp/01/index.php?action_kouhyou_detail_004_kani=true&JigyosyoCd=0171500689-00&ServiceCd=430&Type=search" }, "geometry": { "type": "Point", "coordinates": [ 140.687947300000019, 41.8235472 ] } },
{ "type": "Feature", "properties": { "内容": "大野ケアプランサービス【居宅介護支援】北海道北斗市向野３丁目７－２1", "url2": "https://www.kaigokensaku.mhlw.go.jp/01/index.php?action_kouhyou_detail_004_kani=true&JigyosyoCd=0171501315-00&ServiceCd=430&Type=search" }, "geometry": { "type": "Point", "coordinates": [ 140.632927399999971, 41.889979 ] } },
{ "type": "Feature", "properties": { "内容": "居宅介護支援事業所ひな【居宅介護支援】北海道北斗市七重浜2丁目14番15号", "url2": "https://www.kaigokensaku.mhlw.go.jp/01/index.php?action_kouhyou_detail_004_kani=true&JigyosyoCd=0171501968-00&ServiceCd=430&Type=search" }, "geometry": { "type": "Point", "coordinates": [ 140.7151534, 41.8143045 ] } },
{ "type": "Feature", "properties": { "内容": "合同会社居宅介護支援事業所清水【居宅介護支援】北斗市渡926-25", "url2": "https://www.kaigokensaku.mhlw.go.jp/01/index.php?action_kouhyou_detail_004_kani=true&JigyosyoCd=0171502164-00&ServiceCd=430&Type=search" }, "geometry": { "type": "Point", "coordinates": [ 140.643004100000013, 41.9098266 ] } },
{ "type": "Feature", "properties": { "内容": "居宅介護支援事業所かみいそ【居宅介護支援】北斗市追分5丁目3番13号", "url2": "https://www.kaigokensaku.mhlw.go.jp/01/index.php?action_kouhyou_detail_004_kani=true&JigyosyoCd=0151580040-00&ServiceCd=430&Type=search" }, "geometry": { "type": "Point", "coordinates": [ 140.695954699999987, 41.8298747 ] } },
{ "type": "Feature", "properties": { "内容": "一般社団法人北海道総合在宅ケア事業団　当別ケアプラン相談センター【居宅介護支援】北海道石狩郡当別町錦町５５番地９ＪＲドーミー当別１階", "url2": "https://www.kaigokensaku.mhlw.go.jp/01/index.php?action_kouhyou_detail_004_kani=true&JigyosyoCd=0161090063-00&ServiceCd=430&Type=search" }, "geometry": { "type": "Point", "coordinates": [ 141.51378473480986, 43.22186144910021 ] } },
{ "type": "Feature", "properties": { "内容": "介護相談センター亜麻の海【居宅介護支援】北海道石狩郡当別町幸町51番地31サービス付き高齢者向け住宅　とうべつりっか内", "url2": "https://www.kaigokensaku.mhlw.go.jp/01/index.php?action_kouhyou_detail_004_kani=true&JigyosyoCd=0171001803-00&ServiceCd=430&Type=search" }, "geometry": { "type": "Point", "coordinates": [ 141.517586199999982, 43.216222500000015 ] } },
{ "type": "Feature", "properties": { "内容": "居宅介護支援事業所ゆかり【居宅介護支援】北海道石狩郡当別町春日町97‐1はつらつ当別", "url2": "https://www.kaigokensaku.mhlw.go.jp/01/index.php?action_kouhyou_detail_004_kani=true&JigyosyoCd=0171000565-00&ServiceCd=430&Type=search" }, "geometry": { "type": "Point", "coordinates": [ 141.520728914005616, 43.224097916465688 ] } },
{ "type": "Feature", "properties": { "内容": "勤医協当別居宅介護支援事業所【居宅介護支援】北海道石狩郡当別町末広118番地52", "url2": "https://www.kaigokensaku.mhlw.go.jp/01/index.php?action_kouhyou_detail_004_kani=true&JigyosyoCd=0171001878-00&ServiceCd=430&Type=search" }, "geometry": { "type": "Point", "coordinates": [ 141.513496, 43.2178965 ] } },
{ "type": "Feature", "properties": { "内容": "ケアプランセンター結【居宅介護支援】北海道石狩郡当別町太美町1488番地18-19-274養護老人ホーム長寿園", "url2": "https://www.kaigokensaku.mhlw.go.jp/01/index.php?action_kouhyou_detail_004_kani=true&JigyosyoCd=0171001332-00&ServiceCd=430&Type=search" }, "geometry": { "type": "Point", "coordinates": [ 141.449863623608621, 43.196784543051933 ] } },
{ "type": "Feature", "properties": { "内容": "新篠津指定居宅介護支援事業所　ポプラ【居宅介護支援】北海道石狩郡新篠津村第45線北12番地", "url2": "https://www.kaigokensaku.mhlw.go.jp/01/index.php?action_kouhyou_detail_004_kani=true&JigyosyoCd=0171000037-00&ServiceCd=430&Type=search" }, "geometry": { "type": "Point", "coordinates": [ 141.640819599999986, 43.2232791 ] } },
{ "type": "Feature", "properties": { "内容": "居宅介護支援事業所セレン【居宅介護支援】北海道松前郡松前町字博多235番地1コミュニティホーム緑洋館", "url2": "https://www.kaigokensaku.mhlw.go.jp/01/index.php?action_kouhyou_detail_004_kani=true&JigyosyoCd=0171501794-00&ServiceCd=430&Type=search" }, "geometry": { "type": "Point", "coordinates": [ 140.101293700000014, 41.4265614 ] } },
{ "type": "Feature", "properties": { "内容": "居宅介護支援事業所あさひ【居宅介護支援】北海道松前郡松前町朝日495-2", "url2": "https://www.kaigokensaku.mhlw.go.jp/01/index.php?action_kouhyou_detail_004_kani=true&JigyosyoCd=0171501711-00&ServiceCd=430&Type=search" }, "geometry": { "type": "Point", "coordinates": [ 140.133811400000013, 41.429872 ] } },
{ "type": "Feature", "properties": { "内容": "ケアサポートまもる【居宅介護支援】北海道松前郡松前町字札前126番地", "url2": "https://www.kaigokensaku.mhlw.go.jp/01/index.php?action_kouhyou_detail_004_kani=true&JigyosyoCd=0171501885-00&ServiceCd=430&Type=search" }, "geometry": { "type": "Point", "coordinates": [ 140.028980474378159, 41.466285951736225 ] } },
{ "type": "Feature", "properties": { "内容": "居宅介護支援事業所あゆみ【居宅介護支援】北海道松前郡松前町字静浦3番地", "url2": "https://www.kaigokensaku.mhlw.go.jp/01/index.php?action_kouhyou_detail_004_kani=true&JigyosyoCd=0171501877-00&ServiceCd=430&Type=search" }, "geometry": { "type": "Point", "coordinates": [ 140.022700699999973, 41.483745 ] } },
{ "type": "Feature", "properties": { "内容": "社会福祉法人松前町社会福祉協議会指定居宅介護支援事業所【居宅介護支援】北海道松前郡松前町字福山２３６番地４", "url2": "https://www.kaigokensaku.mhlw.go.jp/01/index.php?action_kouhyou_detail_004_kani=true&JigyosyoCd=0171500341-00&ServiceCd=430&Type=search" }, "geometry": { "type": "Point", "coordinates": [ 140.111698435581957, 41.433041865369844 ] } },
{ "type": "Feature", "properties": { "内容": "指定居宅介護支援事業所　松前南殿荘【居宅介護支援】北海道松前郡松前町字建石２１６－１８４", "url2": "https://www.kaigokensaku.mhlw.go.jp/01/index.php?action_kouhyou_detail_004_kani=true&JigyosyoCd=0171500168-00&ServiceCd=430&Type=search" }, "geometry": { "type": "Point", "coordinates": [ 140.078996301188681, 41.431912992275926 ] } },
{ "type": "Feature", "properties": { "内容": "居宅介護支援事業所ダンデライオン【居宅介護支援】北海道松前郡松前町字館浜４７９", "url2": "https://www.kaigokensaku.mhlw.go.jp/01/index.php?action_kouhyou_detail_004_kani=true&JigyosyoCd=0171501497-00&ServiceCd=430&Type=search" }, "geometry": { "type": "Point", "coordinates": [ 140.042850700000031, 41.4492761 ] } },
{ "type": "Feature", "properties": { "内容": "友愛サポ－ト居宅介護支援事業所【居宅介護支援】北海道松前郡松前町字朝日237番地の11", "url2": "https://www.kaigokensaku.mhlw.go.jp/01/index.php?action_kouhyou_detail_004_kani=true&JigyosyoCd=0171501257-00&ServiceCd=430&Type=search" }, "geometry": { "type": "Point", "coordinates": [ 140.127277400000025, 41.4311814 ] } },
{ "type": "Feature", "properties": { "内容": "陽光園　居宅介護支援事業所【居宅介護支援】北海道松前郡福島町字三岳１６０番地の１３", "url2": "https://www.kaigokensaku.mhlw.go.jp/01/index.php?action_kouhyou_detail_004_kani=true&JigyosyoCd=0171500200-00&ServiceCd=430&Type=search" }, "geometry": { "type": "Point", "coordinates": [ 140.255172600000037, 41.4902573 ] } },
{ "type": "Feature", "properties": { "内容": "福島町社会福祉協議会指定居宅介護支援事業所【居宅介護支援】北海道松前郡福島町字三岳32-3福島町福祉センター内", "url2": "https://www.kaigokensaku.mhlw.go.jp/01/index.php?action_kouhyou_detail_004_kani=true&JigyosyoCd=0171500150-00&ServiceCd=430&Type=search" }, "geometry": { "type": "Point", "coordinates": [ 140.255193745399538, 41.486020593426574 ] } },
{ "type": "Feature", "properties": { "内容": "スマイル指定居宅介護支援事業所【居宅介護支援】松前郡福島町字月崎261番地の1", "url2": "https://www.kaigokensaku.mhlw.go.jp/01/index.php?action_kouhyou_detail_004_kani=true&JigyosyoCd=0171500705-00&ServiceCd=430&Type=search" }, "geometry": { "type": "Point", "coordinates": [ 140.257703399999968, 41.4832886 ] } },
{ "type": "Feature", "properties": { "内容": "社会福祉法人　知内町社会福祉協議会　指定居宅介護支援事業所【居宅介護支援】北海道上磯郡知内町字重内２１番地の１", "url2": "https://www.kaigokensaku.mhlw.go.jp/01/index.php?action_kouhyou_detail_004_kani=true&JigyosyoCd=0171500143-00&ServiceCd=430&Type=search" }, "geometry": { "type": "Point", "coordinates": [ 140.420184799999987, 41.5989312 ] } },
{ "type": "Feature", "properties": { "内容": "木古内町在宅介護支援センター【居宅介護支援】北海道上磯郡木古内町字本町150-1番地", "url2": "https://www.kaigokensaku.mhlw.go.jp/01/index.php?action_kouhyou_detail_004_kani=true&JigyosyoCd=0171500457-00&ServiceCd=430&Type=search" }, "geometry": { "type": "Point", "coordinates": [ 140.436732099999972, 41.6754169 ] } },
{ "type": "Feature", "properties": { "内容": "居宅介護支援事業所えん【居宅介護支援】上磯郡木古内町字本町340ー11", "url2": "https://www.kaigokensaku.mhlw.go.jp/01/index.php?action_kouhyou_detail_004_kani=true&JigyosyoCd=0171501240-00&ServiceCd=430&Type=search" }, "geometry": { "type": "Point", "coordinates": [ 140.436357, 41.6782443 ] } },
{ "type": "Feature", "properties": { "内容": "居宅介護支援事業所とまと【居宅介護支援】北海道上磯郡木古内町字木古内73番地の29", "url2": "https://www.kaigokensaku.mhlw.go.jp/01/index.php?action_kouhyou_detail_004_kani=true&JigyosyoCd=0171501356-00&ServiceCd=430&Type=search" }, "geometry": { "type": "Point", "coordinates": [ 140.442564800000014, 41.6866824 ] } },
{ "type": "Feature", "properties": { "内容": "ケアプランセンターひかり【居宅介護支援】北海道上磯郡木古内町字本町621", "url2": "https://www.kaigokensaku.mhlw.go.jp/01/index.php?action_kouhyou_detail_004_kani=true&JigyosyoCd=0171501836-00&ServiceCd=430&Type=search" }, "geometry": { "type": "Point", "coordinates": [ 140.430099299999938, 41.6718838 ] } },
{ "type": "Feature", "properties": { "内容": "社会福祉法人木古内町社会福祉協議会指定居宅介護支援事業所【居宅介護支援】上磯郡木古内町字本町150番地1", "url2": "https://www.kaigokensaku.mhlw.go.jp/01/index.php?action_kouhyou_detail_004_kani=true&JigyosyoCd=0171500077-00&ServiceCd=430&Type=search" }, "geometry": { "type": "Point", "coordinates": [ 140.436722336719868, 41.674997986692254 ] } },
{ "type": "Feature", "properties": { "内容": "ケアプランセンターやまだ【居宅介護支援】北海道上磯郡木古内町字札苅221－1", "url2": "https://www.kaigokensaku.mhlw.go.jp/01/index.php?action_kouhyou_detail_004_kani=true&JigyosyoCd=0171502172-00&ServiceCd=430&Type=search" }, "geometry": { "type": "Point", "coordinates": [ 140.4703499, 41.6982002 ] } },
{ "type": "Feature", "properties": { "内容": "ケアサポートこのか【居宅介護支援】北海道亀田郡七飯町本町2丁目29-9", "url2": "https://www.kaigokensaku.mhlw.go.jp/01/index.php?action_kouhyou_detail_004_kani=true&JigyosyoCd=0171501562-00&ServiceCd=430&Type=search" }, "geometry": { "type": "Point", "coordinates": [ 140.683700700000031, 41.8990856 ] } },
{ "type": "Feature", "properties": { "内容": "居宅介護支援事業所輝【居宅介護支援】北海道亀田郡七飯町字藤城363‐10", "url2": "https://www.kaigokensaku.mhlw.go.jp/01/index.php?action_kouhyou_detail_004_kani=true&JigyosyoCd=0171501463-00&ServiceCd=430&Type=search" }, "geometry": { "type": "Point", "coordinates": [ 140.6696074, 41.9281481 ] } },
{ "type": "Feature", "properties": { "内容": "居宅介護支援事務所　Lagom【居宅介護支援】北海道亀田郡七飯町字藤城289-45", "url2": "https://www.kaigokensaku.mhlw.go.jp/01/index.php?action_kouhyou_detail_004_kani=true&JigyosyoCd=0171502149-00&ServiceCd=430&Type=search" }, "geometry": { "type": "Point", "coordinates": [ 140.6759606, 41.9185498 ] } },
{ "type": "Feature", "properties": { "内容": "ケアプランセンターあうたの家【居宅介護支援】北海道亀田郡七飯町大川9丁目12番10号", "url2": "https://www.kaigokensaku.mhlw.go.jp/01/index.php?action_kouhyou_detail_004_kani=true&JigyosyoCd=0171502131-00&ServiceCd=430&Type=search" }, "geometry": { "type": "Point", "coordinates": [ 140.727731799999987, 41.8620571 ] } },
{ "type": "Feature", "properties": { "内容": "ケアプランセンターあかまつ【居宅介護支援】北海道亀田郡七飯町本町４丁目６番１０号", "url2": "https://www.kaigokensaku.mhlw.go.jp/01/index.php?action_kouhyou_detail_004_kani=true&JigyosyoCd=0151580024-00&ServiceCd=430&Type=search" }, "geometry": { "type": "Point", "coordinates": [ 140.69014459999994, 41.8968527 ] } },
{ "type": "Feature", "properties": { "内容": "医療法人社団　慈友会　望ヶ丘医院　居宅介護支援事業所【居宅介護支援】北海道亀田郡七飯町大川３丁目５－２８", "url2": "https://www.kaigokensaku.mhlw.go.jp/01/index.php?action_kouhyou_detail_004_kani=true&JigyosyoCd=0111512299-00&ServiceCd=430&Type=search" }, "geometry": { "type": "Point", "coordinates": [ 140.720971100000042, 41.8558947 ] } },
{ "type": "Feature", "properties": { "内容": "ケアプランふれあい【居宅介護支援】北海道亀田郡七飯町本町４丁目１１－１５", "url2": "https://www.kaigokensaku.mhlw.go.jp/01/index.php?action_kouhyou_detail_004_kani=true&JigyosyoCd=0171500853-00&ServiceCd=430&Type=search" }, "geometry": { "type": "Point", "coordinates": [ 140.689128100000062, 41.8998634 ] } },
{ "type": "Feature", "properties": { "内容": "七飯町介護プランセンター「しゃきょう」【居宅介護支援】北海道亀田郡七飯町字中野２１０－２", "url2": "https://www.kaigokensaku.mhlw.go.jp/01/index.php?action_kouhyou_detail_004_kani=true&JigyosyoCd=0171500010-00&ServiceCd=430&Type=search" }, "geometry": { "type": "Point", "coordinates": [ 140.707410699999969, 41.8610714 ] } },
{ "type": "Feature", "properties": { "内容": "ケアプランセンターそよかぜ【居宅介護支援】北海道亀田郡七飯町本町６丁目７番１２号", "url2": "https://www.kaigokensaku.mhlw.go.jp/01/index.php?action_kouhyou_detail_004_kani=true&JigyosyoCd=0171500580-00&ServiceCd=430&Type=search" }, "geometry": { "type": "Point", "coordinates": [ 140.692422, 41.899889 ] } },
{ "type": "Feature", "properties": { "内容": "ケアセンターこはく【居宅介護支援】北海道亀田郡七飯町本町2丁目9番1号サービス付き高齢者住宅ももか内", "url2": "https://www.kaigokensaku.mhlw.go.jp/01/index.php?action_kouhyou_detail_004_kani=true&JigyosyoCd=0171501927-00&ServiceCd=430&Type=search" }, "geometry": { "type": "Point", "coordinates": [ 140.683882, 41.8922668 ] } },
{ "type": "Feature", "properties": { "内容": "鹿部ケアプランセンター【居宅介護支援】北海道茅部郡鹿部町字鹿部258番地75", "url2": "https://www.kaigokensaku.mhlw.go.jp/01/index.php?action_kouhyou_detail_004_kani=true&JigyosyoCd=0171500309-00&ServiceCd=430&Type=search" }, "geometry": { "type": "Point", "coordinates": [ 140.833741599999939, 42.023142 ] } },
{ "type": "Feature", "properties": { "内容": "道南森ロイヤル居宅介護支援事業所【居宅介護支援】北海道茅部郡森町字上台町326番地１１７", "url2": "https://www.kaigokensaku.mhlw.go.jp/01/index.php?action_kouhyou_detail_004_kani=true&JigyosyoCd=0171500127-00&ServiceCd=430&Type=search" }, "geometry": { "type": "Point", "coordinates": [ 140.568085699999983, 42.1035977 ] } },
{ "type": "Feature", "properties": { "内容": "居宅介護支援事業所ひいらぎ【居宅介護支援】北海道茅部郡森町字東森町73番地2", "url2": "https://www.kaigokensaku.mhlw.go.jp/01/index.php?action_kouhyou_detail_004_kani=true&JigyosyoCd=0171501976-00&ServiceCd=430&Type=search" }, "geometry": { "type": "Point", "coordinates": [ 140.6009508, 42.1068253 ] } },
{ "type": "Feature", "properties": { "内容": "道南森ロイヤル居宅介護支援事業所【居宅介護支援】北海道茅部郡森町字上台町326-117", "url2": "https://www.kaigokensaku.mhlw.go.jp/01/index.php?action_kouhyou_detail_004_kani=true&JigyosyoCd=0171502115-00&ServiceCd=430&Type=search" }, "geometry": { "type": "Point", "coordinates": [ 140.5681696, 42.1036222 ] } },
{ "type": "Feature", "properties": { "内容": "居宅介護支援事業所碧【居宅介護支援】北海道茅部郡森町字上台町302番地1", "url2": "https://www.kaigokensaku.mhlw.go.jp/01/index.php?action_kouhyou_detail_004_kani=true&JigyosyoCd=0171502123-00&ServiceCd=430&Type=search" }, "geometry": { "type": "Point", "coordinates": [ 140.5647299, 42.1043164 ] } },
{ "type": "Feature", "properties": { "内容": "居宅介護支援事業所　実のり【居宅介護支援】北海道茅部郡森町字森川町296番地86", "url2": "https://www.kaigokensaku.mhlw.go.jp/01/index.php?action_kouhyou_detail_004_kani=true&JigyosyoCd=0171501695-00&ServiceCd=430&Type=search" }, "geometry": { "type": "Point", "coordinates": [ 140.572995230209216, 42.092227613522816 ] } },
{ "type": "Feature", "properties": { "内容": "居宅介護支援事業所サムハラ【居宅介護支援】北海道茅部郡森町字本町45番地1", "url2": "https://www.kaigokensaku.mhlw.go.jp/01/index.php?action_kouhyou_detail_004_kani=true&JigyosyoCd=0171501919-00&ServiceCd=430&Type=search" }, "geometry": { "type": "Point", "coordinates": [ 140.5715212, 42.1089704 ] } },
{ "type": "Feature", "properties": { "内容": "居宅介護支援事業所青雲の森【居宅介護支援】北海道茅部郡森町字駒ケ岳３５８番地", "url2": "https://www.kaigokensaku.mhlw.go.jp/01/index.php?action_kouhyou_detail_004_kani=true&JigyosyoCd=0171400864-00&ServiceCd=430&Type=search" }, "geometry": { "type": "Point", "coordinates": [ 140.611828400000036, 42.0378976 ] } },
{ "type": "Feature", "properties": { "内容": "居宅介護支援事業所ゆう【居宅介護支援】北海道茅部郡森町字尾白内町614番地5", "url2": "https://www.kaigokensaku.mhlw.go.jp/01/index.php?action_kouhyou_detail_004_kani=true&JigyosyoCd=0171502040-00&ServiceCd=430&Type=search" }, "geometry": { "type": "Point", "coordinates": [ 140.624127500350312, 42.116211811194731 ] } },
{ "type": "Feature", "properties": { "内容": "居宅介護支援事業所あんず【居宅介護支援】北海道茅部郡森町字森川町186-15", "url2": "https://www.kaigokensaku.mhlw.go.jp/01/index.php?action_kouhyou_detail_004_kani=true&JigyosyoCd=0171501554-00&ServiceCd=430&Type=search" }, "geometry": { "type": "Point", "coordinates": [ 140.568769738233101, 42.105937671973209 ] } },
{ "type": "Feature", "properties": { "内容": "居宅介護支援事業所やくも【居宅介護支援】北海道二海郡八雲町栄町13番地1介護老人保健施設コミュニティホーム八雲内", "url2": "https://www.kaigokensaku.mhlw.go.jp/01/index.php?action_kouhyou_detail_004_kani=true&JigyosyoCd=0171500069-00&ServiceCd=430&Type=search" }, "geometry": { "type": "Point", "coordinates": [ 140.257836179623354, 42.255692628226193 ] } },
{ "type": "Feature", "properties": { "内容": "八雲町社協指定居宅介護支援事業所【居宅介護支援】北海道二海郡八雲町栄町１３番地1八雲町総合保健福祉施設シルバープラザ内八雲町総合保健福祉施設シルバープラザ内", "url2": "https://www.kaigokensaku.mhlw.go.jp/01/index.php?action_kouhyou_detail_004_kani=true&JigyosyoCd=0171501117-00&ServiceCd=430&Type=search" }, "geometry": { "type": "Point", "coordinates": [ 140.258662299999969, 42.256220700000014 ] } },
{ "type": "Feature", "properties": { "内容": "熊石居宅介護支援事業所【居宅介護支援】北海道二海郡八雲町熊石根崎町116番地八雲町熊石総合支所内", "url2": "https://www.kaigokensaku.mhlw.go.jp/01/index.php?action_kouhyou_detail_004_kani=true&JigyosyoCd=0171500978-00&ServiceCd=430&Type=search" }, "geometry": { "type": "Point", "coordinates": [ 139.982872899999961, 42.1292501 ] } },
{ "type": "Feature", "properties": { "内容": "八雲総合病院指定居宅介護支援事業所【居宅介護支援】北海道二海郡八雲町東雲町50番地", "url2": "https://www.kaigokensaku.mhlw.go.jp/01/index.php?action_kouhyou_detail_004_kani=true&JigyosyoCd=0171500986-00&ServiceCd=430&Type=search" }, "geometry": { "type": "Point", "coordinates": [ 140.2787032, 42.2532716 ] } },
{ "type": "Feature", "properties": { "内容": "長万部長愛会居宅介護支援事業所【居宅介護支援】北海道山越郡長万部町字長万部422番地26", "url2": "https://www.kaigokensaku.mhlw.go.jp/01/index.php?action_kouhyou_detail_004_kani=true&JigyosyoCd=0171500093-00&ServiceCd=430&Type=search" }, "geometry": { "type": "Point", "coordinates": [ 140.35351449999996, 42.4938878 ] } },
{ "type": "Feature", "properties": { "内容": "指定居宅介護支援事業者　「ゆいっこ」【居宅介護支援】北海道檜山郡江差町字中歌町199-6番", "url2": "https://www.kaigokensaku.mhlw.go.jp/01/index.php?action_kouhyou_detail_004_kani=true&JigyosyoCd=0111610846-00&ServiceCd=430&Type=search" }, "geometry": { "type": "Point", "coordinates": [ 140.1291043, 41.8702974 ] } },
{ "type": "Feature", "properties": { "内容": "ちもと居宅介護支援事業所【居宅介護支援】北海道檜山郡江差町字新栄町237-9", "url2": "https://www.kaigokensaku.mhlw.go.jp/01/index.php?action_kouhyou_detail_004_kani=true&JigyosyoCd=0171600406-00&ServiceCd=430&Type=search" }, "geometry": { "type": "Point", "coordinates": [ 140.1436789, 41.914297 ] } },
{ "type": "Feature", "properties": { "内容": "ケアプランサービスすがさわ【居宅介護支援】北海道桧山郡江差町字橋本町147番地", "url2": "https://www.kaigokensaku.mhlw.go.jp/01/index.php?action_kouhyou_detail_004_kani=true&JigyosyoCd=0171600489-00&ServiceCd=430&Type=search" }, "geometry": { "type": "Point", "coordinates": [ 140.124357599999939, 41.8646342 ] } },
{ "type": "Feature", "properties": { "内容": "えさし社協居宅介護支援事業所【居宅介護支援】北海道桧山郡江差町字新栄町264番地の2江差町老人福祉センター", "url2": "https://www.kaigokensaku.mhlw.go.jp/01/index.php?action_kouhyou_detail_004_kani=true&JigyosyoCd=0171600042-00&ServiceCd=430&Type=search" }, "geometry": { "type": "Point", "coordinates": [ 140.135537099999965, 41.8737778 ] } },
{ "type": "Feature", "properties": { "内容": "ケアプランセンターひのき【居宅介護支援】北海道檜山郡江差町字柳崎町86-2", "url2": "https://www.kaigokensaku.mhlw.go.jp/01/index.php?action_kouhyou_detail_004_kani=true&JigyosyoCd=0171600547-00&ServiceCd=430&Type=search" }, "geometry": { "type": "Point", "coordinates": [ 140.149437600000027, 41.9262244 ] } },
{ "type": "Feature", "properties": { "内容": "居宅介護支援事業所そよかぜ【居宅介護支援】北海道檜山郡上ノ国町字勝山164番地1", "url2": "https://www.kaigokensaku.mhlw.go.jp/01/index.php?action_kouhyou_detail_004_kani=true&JigyosyoCd=0171600307-00&ServiceCd=430&Type=search" }, "geometry": { "type": "Point", "coordinates": [ 140.113612997353357, 41.798970301711805 ] } },
{ "type": "Feature", "properties": { "内容": "あっさぶ社協居宅介護支援事業所【居宅介護支援】檜山郡厚沢部町新町181番地6", "url2": "https://www.kaigokensaku.mhlw.go.jp/01/index.php?action_kouhyou_detail_004_kani=true&JigyosyoCd=0171600182-00&ServiceCd=430&Type=search" }, "geometry": { "type": "Point", "coordinates": [ 140.224261100000035, 41.920606299999989 ] } },
{ "type": "Feature", "properties": { "内容": "居宅介護支援事業所ＢＬＵＥ【居宅介護支援】北海道檜山郡厚沢部町字上里６番地の８", "url2": "https://www.kaigokensaku.mhlw.go.jp/01/index.php?action_kouhyou_detail_004_kani=true&JigyosyoCd=0171600349-00&ServiceCd=430&Type=search" }, "geometry": { "type": "Point", "coordinates": [ 140.231343599999946, 41.9235921 ] } },
{ "type": "Feature", "properties": { "内容": "居宅介護支援事業所　ノテ乙部【居宅介護支援】北海道爾志郡乙部町字緑町704-10", "url2": "https://www.kaigokensaku.mhlw.go.jp/01/index.php?action_kouhyou_detail_004_kani=true&JigyosyoCd=0171600505-00&ServiceCd=430&Type=search" }, "geometry": { "type": "Point", "coordinates": [ 140.140380199999981, 41.9688508 ] } },
{ "type": "Feature", "properties": { "内容": "居宅介護支援事業所おとべ【居宅介護支援】北海道爾志郡乙部町字緑町704-10", "url2": "https://www.kaigokensaku.mhlw.go.jp/01/index.php?action_kouhyou_detail_004_kani=true&JigyosyoCd=0171600570-00&ServiceCd=430&Type=search" }, "geometry": { "type": "Point", "coordinates": [ 140.140478300000012, 41.9690151 ] } },
{ "type": "Feature", "properties": { "内容": "松岡ケアプランサービス【居宅介護支援】爾志郡乙部町字元町151-1", "url2": "https://www.kaigokensaku.mhlw.go.jp/01/index.php?action_kouhyou_detail_004_kani=true&JigyosyoCd=0171600331-00&ServiceCd=430&Type=search" }, "geometry": { "type": "Point", "coordinates": [ 140.131266900000014, 41.9680756 ] } },
{ "type": "Feature", "properties": { "内容": "奥尻町居宅介護支援事業所【居宅介護支援】北海道奥尻郡奥尻町字奥尻428番地2", "url2": "https://www.kaigokensaku.mhlw.go.jp/01/index.php?action_kouhyou_detail_004_kani=true&JigyosyoCd=0171600133-00&ServiceCd=430&Type=search" }, "geometry": { "type": "Point", "coordinates": [ 139.512366779117343, 42.172296237560914 ] } },
{ "type": "Feature", "properties": { "内容": "居宅介護支援としべつ【居宅介護支援】北海道瀬棚郡今金町字今金１７番地の２", "url2": "https://www.kaigokensaku.mhlw.go.jp/01/index.php?action_kouhyou_detail_004_kani=true&JigyosyoCd=0171700081-00&ServiceCd=430&Type=search" }, "geometry": { "type": "Point", "coordinates": [ 140.007439742327847, 42.429779754542977 ] } },
{ "type": "Feature", "properties": { "内容": "居宅介護支援事業所すえひろ【居宅介護支援】北海道瀬棚郡今金町字今金357", "url2": "https://www.kaigokensaku.mhlw.go.jp/01/index.php?action_kouhyou_detail_004_kani=true&JigyosyoCd=0171700206-00&ServiceCd=430&Type=search" }, "geometry": { "type": "Point", "coordinates": [ 140.010624900000039, 42.427181 ] } },
{ "type": "Feature", "properties": { "内容": "ケアサポートほのぼの【居宅介護支援】北海道久遠郡せたな町北檜山区徳島２４番地７", "url2": "https://www.kaigokensaku.mhlw.go.jp/01/index.php?action_kouhyou_detail_004_kani=true&JigyosyoCd=0171700305-00&ServiceCd=430&Type=search" }, "geometry": { "type": "Point", "coordinates": [ 139.882004400000028, 42.4156448 ] } },
{ "type": "Feature", "properties": { "内容": "ケアプランセンターきたひやま【居宅介護支援】北海道久遠郡せたな町北檜山区豊岡337番地1", "url2": "https://www.kaigokensaku.mhlw.go.jp/01/index.php?action_kouhyou_detail_004_kani=true&JigyosyoCd=0171700347-00&ServiceCd=430&Type=search" }, "geometry": { "type": "Point", "coordinates": [ 139.8727888, 42.4220435 ] } },
{ "type": "Feature", "properties": { "内容": "せたな町居宅介護支援事業所【居宅介護支援】北海道久遠郡せたな町北檜山区徳島63-1", "url2": "https://www.kaigokensaku.mhlw.go.jp/01/index.php?action_kouhyou_detail_004_kani=true&JigyosyoCd=0171700339-00&ServiceCd=430&Type=search" }, "geometry": { "type": "Point", "coordinates": [ 139.882987425656125, 42.417159829592883 ] } },
{ "type": "Feature", "properties": { "内容": "医療法人財団明理会　道南ロイヤル病院【居宅介護支援】北海道久遠郡せたな町北檜山区北檜山322番地4", "url2": "https://www.kaigokensaku.mhlw.go.jp/01/index.php?action_kouhyou_detail_004_kani=true&JigyosyoCd=0171700289-00&ServiceCd=430&Type=search" }, "geometry": { "type": "Point", "coordinates": [ 139.878913, 42.4147003 ] } },
{ "type": "Feature", "properties": { "内容": "介護相談センター灯り【居宅介護支援】北海道久遠郡せたな町北檜山区北檜山９１番地２", "url2": "https://www.kaigokensaku.mhlw.go.jp/01/index.php?action_kouhyou_detail_004_kani=true&JigyosyoCd=0171700297-00&ServiceCd=430&Type=search" }, "geometry": { "type": "Point", "coordinates": [ 139.873838465642905, 42.414314197514194 ] } },
{ "type": "Feature", "properties": { "内容": "しままき居宅介護支援センター【居宅介護支援】北海道島牧郡島牧村字泊２９番地1", "url2": "https://www.kaigokensaku.mhlw.go.jp/01/index.php?action_kouhyou_detail_004_kani=true&JigyosyoCd=0172100190-00&ServiceCd=430&Type=search" }, "geometry": { "type": "Point", "coordinates": [ 140.061896, 42.702553 ] } },
{ "type": "Feature", "properties": { "内容": "寿都町立寿都診療所【居宅介護支援】北海道寿都郡寿都町字渡島町72番地2", "url2": "https://www.kaigokensaku.mhlw.go.jp/01/index.php?action_kouhyou_detail_004_kani=true&JigyosyoCd=0112110382-00&ServiceCd=430&Type=search" }, "geometry": { "type": "Point", "coordinates": [ 140.229956, 42.7927787 ] } },
{ "type": "Feature", "properties": { "内容": "寿都在宅介護支援センター【居宅介護支援】北海道寿都郡寿都町字開進町50番地", "url2": "https://www.kaigokensaku.mhlw.go.jp/01/index.php?action_kouhyou_detail_004_kani=true&JigyosyoCd=0172100059-00&ServiceCd=430&Type=search" }, "geometry": { "type": "Point", "coordinates": [ 140.23616221887437, 42.787541596576531 ] } },
{ "type": "Feature", "properties": { "内容": "黒松内つくし園居宅介護支援事業所【居宅介護支援】北海道寿都郡黒松内町字黒松内５６２番地４", "url2": "https://www.kaigokensaku.mhlw.go.jp/01/index.php?action_kouhyou_detail_004_kani=true&JigyosyoCd=0172100034-00&ServiceCd=430&Type=search" }, "geometry": { "type": "Point", "coordinates": [ 140.3096069, 42.6610217 ] } },
{ "type": "Feature", "properties": { "内容": "蘭越町居宅介護支援事業所【居宅介護支援】北海道磯谷郡蘭越町蘭越町250番地1", "url2": "https://www.kaigokensaku.mhlw.go.jp/01/index.php?action_kouhyou_detail_004_kani=true&JigyosyoCd=0172200164-00&ServiceCd=430&Type=search" }, "geometry": { "type": "Point", "coordinates": [ 140.527631499999984, 42.8083059 ] } },
{ "type": "Feature", "properties": { "内容": "ニセコ福祉会居宅介護支援事業所【居宅介護支援】虻田郡ニセコ町字有島87-5", "url2": "https://www.kaigokensaku.mhlw.go.jp/01/index.php?action_kouhyou_detail_004_kani=true&JigyosyoCd=0172200024-00&ServiceCd=430&Type=search" }, "geometry": { "type": "Point", "coordinates": [ 140.706874400000061, 42.8085247 ] } },
{ "type": "Feature", "properties": { "内容": "医療法人　野の花　介護プランセンターレラ【居宅介護支援】北海道虻田郡真狩村字社２０－１", "url2": "https://www.kaigokensaku.mhlw.go.jp/01/index.php?action_kouhyou_detail_004_kani=true&JigyosyoCd=0172200289-00&ServiceCd=430&Type=search" }, "geometry": { "type": "Point", "coordinates": [ 140.802113100000042, 42.7715952 ] } },
{ "type": "Feature", "properties": { "内容": "真狩村居宅介護支援事業所【居宅介護支援】北海道虻田郡真狩村共明37-6", "url2": "https://www.kaigokensaku.mhlw.go.jp/01/index.php?action_kouhyou_detail_004_kani=true&JigyosyoCd=0172200073-00&ServiceCd=430&Type=search" }, "geometry": { "type": "Point", "coordinates": [ 140.8076625, 42.7688679 ] } },
{ "type": "Feature", "properties": { "内容": "社会福祉法人渓仁会　ケアプランセンターこころようてい【居宅介護支援】北海道虻田郡留寿都村字留寿都186番地18", "url2": "https://www.kaigokensaku.mhlw.go.jp/01/index.php?action_kouhyou_detail_004_kani=true&JigyosyoCd=0172200354-00&ServiceCd=430&Type=search" }, "geometry": { "type": "Point", "coordinates": [ 140.869022399999949, 42.7363542 ] } },
{ "type": "Feature", "properties": { "内容": "ケアプランセンターきもべつ【居宅介護支援】北海道虻田郡喜茂別町字喜茂別15番地の1", "url2": "https://www.kaigokensaku.mhlw.go.jp/01/index.php?action_kouhyou_detail_004_kani=true&JigyosyoCd=0172200362-00&ServiceCd=430&Type=search" }, "geometry": { "type": "Point", "coordinates": [ 140.9321529, 42.7973997 ] } },
{ "type": "Feature", "properties": { "内容": "京極町社会福祉協議会　居宅介護支援事業所【居宅介護支援】北海道虻田郡京極町字三崎６８番地京極町福祉センター", "url2": "https://www.kaigokensaku.mhlw.go.jp/01/index.php?action_kouhyou_detail_004_kani=true&JigyosyoCd=0172200081-00&ServiceCd=430&Type=search" }, "geometry": { "type": "Point", "coordinates": [ 140.880615499999976, 42.8605685 ] } },
{ "type": "Feature", "properties": { "内容": "居宅介護支援事業所　ろっかえん【居宅介護支援】北海道虻田郡倶知安町南3条東5丁目1番地2", "url2": "https://www.kaigokensaku.mhlw.go.jp/01/index.php?action_kouhyou_detail_004_kani=true&JigyosyoCd=0152280012-00&ServiceCd=430&Type=search" }, "geometry": { "type": "Point", "coordinates": [ 140.762161699999979, 42.8994327 ] } },
{ "type": "Feature", "properties": { "内容": "ＪＡ北海道厚生連　ようてい居宅介護支援事業所【居宅介護支援】虻田郡倶知安町北４条東１丁目２番地ＪＡ北海道厚生連倶知安厚生病院内", "url2": "https://www.kaigokensaku.mhlw.go.jp/01/index.php?action_kouhyou_detail_004_kani=true&JigyosyoCd=0162290019-00&ServiceCd=430&Type=search" }, "geometry": { "type": "Point", "coordinates": [ 140.758697699999971, 42.9018294 ] } },
{ "type": "Feature", "properties": { "内容": "羊蹄ハイツケアプランニングセンター【居宅介護支援】北海道虻田郡倶知安町字峠下113番地2", "url2": "https://www.kaigokensaku.mhlw.go.jp/01/index.php?action_kouhyou_detail_004_kani=true&JigyosyoCd=0172200032-00&ServiceCd=430&Type=search" }, "geometry": { "type": "Point", "coordinates": [ 140.739700766581791, 42.922641149879887 ] } },
{ "type": "Feature", "properties": { "内容": "共和町指定居宅介護支援事業所【居宅介護支援】岩内郡共和町南幌似３８番地２", "url2": "https://www.kaigokensaku.mhlw.go.jp/01/index.php?action_kouhyou_detail_004_kani=true&JigyosyoCd=0172300048-00&ServiceCd=430&Type=search" }, "geometry": { "type": "Point", "coordinates": [ 140.611236500000018, 42.9804702 ] } },
{ "type": "Feature", "properties": { "内容": "岩内町指定居宅介護支援事業所【居宅介護支援】北海道岩内郡岩内町字高台134番地1", "url2": "https://www.kaigokensaku.mhlw.go.jp/01/index.php?action_kouhyou_detail_004_kani=true&JigyosyoCd=0172300105-00&ServiceCd=430&Type=search" }, "geometry": { "type": "Point", "coordinates": [ 140.51479657854739, 42.979774998514387 ] } },
{ "type": "Feature", "properties": { "内容": "居宅介護支援いわない【居宅介護支援】北海道岩内郡岩内町字清住１６７岩内町老人福祉センター内", "url2": "https://www.kaigokensaku.mhlw.go.jp/01/index.php?action_kouhyou_detail_004_kani=true&JigyosyoCd=0172300089-00&ServiceCd=430&Type=search" }, "geometry": { "type": "Point", "coordinates": [ 140.504892899999959, 42.979671 ] } },
{ "type": "Feature", "properties": { "内容": "社会福祉法人渓仁会　ケアプランセンターさつき【居宅介護支援】北海道岩内郡岩内町字野束69番地26コミュニティホーム岩内", "url2": "https://www.kaigokensaku.mhlw.go.jp/01/index.php?action_kouhyou_detail_004_kani=true&JigyosyoCd=0172300220-00&ServiceCd=430&Type=search" }, "geometry": { "type": "Point", "coordinates": [ 140.5098736, 42.9668281 ] } },
{ "type": "Feature", "properties": { "内容": "岩内町指定居宅介護支援事業所【居宅介護支援】北海道岩内郡岩内町字高台134番地1", "url2": "https://www.kaigokensaku.mhlw.go.jp/01/index.php?action_kouhyou_detail_004_kani=true&JigyosyoCd=0176700177-00&ServiceCd=430&Type=search" }, "geometry": { "type": "Point", "coordinates": [ 140.5147826, 42.97984 ] } },
{ "type": "Feature", "properties": { "内容": "泊村指定居宅介護支援事業所【居宅介護支援】北海道古宇郡泊村大字茅沼村５００番地の２", "url2": "https://www.kaigokensaku.mhlw.go.jp/01/index.php?action_kouhyou_detail_004_kani=true&JigyosyoCd=0172300022-00&ServiceCd=430&Type=search" }, "geometry": { "type": "Point", "coordinates": [ 140.510819742939333, 43.056610534994526 ] } },
{ "type": "Feature", "properties": { "内容": "かもえない居宅介護支援事業所【居宅介護支援】北海道古宇郡神恵内村大字神恵内村40-1", "url2": "https://www.kaigokensaku.mhlw.go.jp/01/index.php?action_kouhyou_detail_004_kani=true&JigyosyoCd=0172300238-00&ServiceCd=430&Type=search" }, "geometry": { "type": "Point", "coordinates": [ 140.432656, 43.1438768 ] } },
{ "type": "Feature", "properties": { "内容": "ケアプランセンターたいむ【居宅介護支援】北海道積丹郡積丹町大字美国町", "url2": "https://www.kaigokensaku.mhlw.go.jp/01/index.php?action_kouhyou_detail_004_kani=true&JigyosyoCd=0172500613-00&ServiceCd=430&Type=search" }, "geometry": { "type": "Point", "coordinates": [ 140.595267346032756, 43.300152107787206 ] } },
{ "type": "Feature", "properties": { "内容": "ケアプラン事業所ふるびら和み【居宅介護支援】古平郡古平町大字浜町字土場514番地3", "url2": "https://www.kaigokensaku.mhlw.go.jp/01/index.php?action_kouhyou_detail_004_kani=true&JigyosyoCd=0172500423-00&ServiceCd=430&Type=search" }, "geometry": { "type": "Point", "coordinates": [ 140.643185136735667, 43.261106191630361 ] } },
{ "type": "Feature", "properties": { "内容": "古平町社協居宅介護支援事業所【居宅介護支援】北海道古平郡古平町大字浜町711番地古平町地域福祉センター内", "url2": "https://www.kaigokensaku.mhlw.go.jp/01/index.php?action_kouhyou_detail_004_kani=true&JigyosyoCd=0172500142-00&ServiceCd=430&Type=search" }, "geometry": { "type": "Point", "coordinates": [ 140.634209300000066, 43.2581551 ] } },
{ "type": "Feature", "properties": { "内容": "居宅介護支援事業所微・助っ人【居宅介護支援】北海道古平郡古平町大字浜町893番地5古平町高齢者複合施設　ほほえみくらす2Ｆ", "url2": "https://www.kaigokensaku.mhlw.go.jp/01/index.php?action_kouhyou_detail_004_kani=true&JigyosyoCd=0172500167-00&ServiceCd=430&Type=search" }, "geometry": { "type": "Point", "coordinates": [ 140.636024490747417, 43.260622047615982 ] } },
{ "type": "Feature", "properties": { "内容": "社会福祉法人仁木町社会福祉協議会指定居宅介護支援事業所【居宅介護支援】余市郡仁木町西町１丁目52番地6", "url2": "https://www.kaigokensaku.mhlw.go.jp/01/index.php?action_kouhyou_detail_004_kani=true&JigyosyoCd=0172500050-00&ServiceCd=430&Type=search" }, "geometry": { "type": "Point", "coordinates": [ 140.763494829783326, 43.153158620914255 ] } },
{ "type": "Feature", "properties": { "内容": "居宅介護支援事業所みはら【居宅介護支援】北海道余市郡仁木町北町６丁目37-32", "url2": "https://www.kaigokensaku.mhlw.go.jp/01/index.php?action_kouhyou_detail_004_kani=true&JigyosyoCd=0172500365-00&ServiceCd=430&Type=search" }, "geometry": { "type": "Point", "coordinates": [ 140.768534600000066, 43.1621708 ] } },
{ "type": "Feature", "properties": { "内容": "よいち介護相談センター【居宅介護支援】北海道余市郡余市町山田町201番地5", "url2": "https://www.kaigokensaku.mhlw.go.jp/01/index.php?action_kouhyou_detail_004_kani=true&JigyosyoCd=0172500654-00&ServiceCd=430&Type=search" }, "geometry": { "type": "Point", "coordinates": [ 140.7807047, 43.1843514 ] } },
{ "type": "Feature", "properties": { "内容": "居宅介護支援事業所　フルーツ・シャトーよいち【居宅介護支援】北海道余市郡余市町黒川町19丁目1番地2", "url2": "https://www.kaigokensaku.mhlw.go.jp/01/index.php?action_kouhyou_detail_004_kani=true&JigyosyoCd=0172500068-00&ServiceCd=430&Type=search" }, "geometry": { "type": "Point", "coordinates": [ 140.814256900000032, 43.187276 ] } },
{ "type": "Feature", "properties": { "内容": "居宅介護支援事業所かるな【居宅介護支援】北海道余市郡余市町沢町５丁目７７番地", "url2": "https://www.kaigokensaku.mhlw.go.jp/01/index.php?action_kouhyou_detail_004_kani=true&JigyosyoCd=0172500027-00&ServiceCd=430&Type=search" }, "geometry": { "type": "Point", "coordinates": [ 140.7693236, 43.1986618 ] } },
{ "type": "Feature", "properties": { "内容": "社会福祉法人赤井川村社会福祉協議会【居宅介護支援】北海道余市郡赤井川村字赤井川３１８番地１赤井川村デイサービスセンター", "url2": "https://www.kaigokensaku.mhlw.go.jp/01/index.php?action_kouhyou_detail_004_kani=true&JigyosyoCd=0172500639-00&ServiceCd=430&Type=search" }, "geometry": { "type": "Point", "coordinates": [ 140.810694, 43.0873396 ] } },
{ "type": "Feature", "properties": { "内容": "医療法人やわらぎ　居宅介護支援事業所アザレア【居宅介護支援】空知郡南幌町栄町1丁目1番20号", "url2": "https://www.kaigokensaku.mhlw.go.jp/01/index.php?action_kouhyou_detail_004_kani=true&JigyosyoCd=0155880024-00&ServiceCd=430&Type=search" }, "geometry": { "type": "Point", "coordinates": [ 141.653604800000039, 43.0642545 ] } },
{ "type": "Feature", "properties": { "内容": "南幌みどり苑居宅介護支援事業所【居宅介護支援】北海道空知郡南幌町元町２丁目２番２号", "url2": "https://www.kaigokensaku.mhlw.go.jp/01/index.php?action_kouhyou_detail_004_kani=true&JigyosyoCd=0175800051-00&ServiceCd=430&Type=search" }, "geometry": { "type": "Point", "coordinates": [ 141.651063, 43.0699094 ] } },
{ "type": "Feature", "properties": { "内容": "ＳＯＭＰＯケア奈井江　居宅介護支援【居宅介護支援】北海道空知郡奈井江町字奈井江28番地15", "url2": "https://www.kaigokensaku.mhlw.go.jp/01/index.php?action_kouhyou_detail_004_kani=true&JigyosyoCd=0177100856-00&ServiceCd=430&Type=search" }, "geometry": { "type": "Point", "coordinates": [ 141.887035, 43.4325944 ] } },
{ "type": "Feature", "properties": { "内容": "介護相談センター萌　かみすながわ【居宅介護支援】空知郡上砂川町字上砂川22番地16", "url2": "https://www.kaigokensaku.mhlw.go.jp/01/index.php?action_kouhyou_detail_004_kani=true&JigyosyoCd=0177100591-00&ServiceCd=430&Type=search" }, "geometry": { "type": "Point", "coordinates": [ 142.01251149999996, 43.466681 ] } },
{ "type": "Feature", "properties": { "内容": "中空知ケアマネジメント事業所【居宅介護支援】北海道空知郡上砂川町字上砂川町１３４番地４北海道空知郡上砂川町字上砂川町１３４番地４", "url2": "https://www.kaigokensaku.mhlw.go.jp/01/index.php?action_kouhyou_detail_004_kani=true&JigyosyoCd=0177100690-00&ServiceCd=430&Type=search" }, "geometry": { "type": "Point", "coordinates": [ 141.9840398, 43.4826012 ] } },
{ "type": "Feature", "properties": { "内容": "由仁町社協居宅介護支援事業所【居宅介護支援】夕張郡由仁町東栄87番地の１", "url2": "https://www.kaigokensaku.mhlw.go.jp/01/index.php?action_kouhyou_detail_004_kani=true&JigyosyoCd=0175800101-00&ServiceCd=430&Type=search" }, "geometry": { "type": "Point", "coordinates": [ 141.7871404, 43.0119426 ] } },
{ "type": "Feature", "properties": { "内容": "ケアプランセンターかえでの杜【居宅介護支援】夕張郡長沼町西町1丁目8番1号介護付有料老人ホームかえでの杜", "url2": "https://www.kaigokensaku.mhlw.go.jp/01/index.php?action_kouhyou_detail_004_kani=true&JigyosyoCd=0175809532-00&ServiceCd=430&Type=search" }, "geometry": { "type": "Point", "coordinates": [ 141.683386880950934, 43.014903454212288 ] } },
{ "type": "Feature", "properties": { "内容": "ケアプランステーションマオイ【居宅介護支援】北海道夕張郡長沼町東５線北４番地", "url2": "https://www.kaigokensaku.mhlw.go.jp/01/index.php?action_kouhyou_detail_004_kani=true&JigyosyoCd=0155880032-00&ServiceCd=430&Type=search" }, "geometry": { "type": "Point", "coordinates": [ 141.717622099999971, 43.0046107 ] } },
{ "type": "Feature", "properties": { "内容": "迎光園居宅介護支援事業所【居宅介護支援】北海道夕張郡長沼町南町２丁目３番１号長沼町総合保健福祉センター「りふれ」内", "url2": "https://www.kaigokensaku.mhlw.go.jp/01/index.php?action_kouhyou_detail_004_kani=true&JigyosyoCd=0175800085-00&ServiceCd=430&Type=search" }, "geometry": { "type": "Point", "coordinates": [ 141.687756719049048, 43.00542021470747 ] } },
{ "type": "Feature", "properties": { "内容": "長沼町社会福祉協議会　介護支援事業所【居宅介護支援】北海道夕張郡長沼町宮下2丁目11番1号", "url2": "https://www.kaigokensaku.mhlw.go.jp/01/index.php?action_kouhyou_detail_004_kani=true&JigyosyoCd=0175800143-00&ServiceCd=430&Type=search" }, "geometry": { "type": "Point", "coordinates": [ 141.702811900000029, 43.0110037 ] } },
{ "type": "Feature", "properties": { "内容": "居宅介護支援事業所くらしさ栗山【居宅介護支援】北海道夕張郡栗山町松風4丁目19-4", "url2": "https://www.kaigokensaku.mhlw.go.jp/01/index.php?action_kouhyou_detail_004_kani=true&JigyosyoCd=0175809458-00&ServiceCd=430&Type=search" }, "geometry": { "type": "Point", "coordinates": [ 141.785478750886426, 43.053690307841286 ] } },
{ "type": "Feature", "properties": { "内容": "ケアプランセンターくりやま【居宅介護支援】夕張郡栗山町朝日4丁目9番42号", "url2": "https://www.kaigokensaku.mhlw.go.jp/01/index.php?action_kouhyou_detail_004_kani=true&JigyosyoCd=0175800028-00&ServiceCd=430&Type=search" }, "geometry": { "type": "Point", "coordinates": [ 141.7957874, 43.055246 ] } },
{ "type": "Feature", "properties": { "内容": "居宅介護支援事業所パートナー【居宅介護支援】北海道夕張郡栗山町角田284番地5", "url2": "https://www.kaigokensaku.mhlw.go.jp/01/index.php?action_kouhyou_detail_004_kani=true&JigyosyoCd=0175800432-00&ServiceCd=430&Type=search" }, "geometry": { "type": "Point", "coordinates": [ 141.812545575732997, 43.031540950450726 ] } },
{ "type": "Feature", "properties": { "内容": "居宅介護支援事業所　　ほのか【居宅介護支援】夕張郡栗山町松風２丁目１２０番地１１", "url2": "https://www.kaigokensaku.mhlw.go.jp/01/index.php?action_kouhyou_detail_004_kani=true&JigyosyoCd=0175800366-00&ServiceCd=430&Type=search" }, "geometry": { "type": "Point", "coordinates": [ 141.7836079, 43.0613477 ] } },
{ "type": "Feature", "properties": { "内容": "医療法人讃生会　居宅介護支援事業所月形緑苑【居宅介護支援】北海道樺戸郡月形町８１番７２", "url2": "https://www.kaigokensaku.mhlw.go.jp/01/index.php?action_kouhyou_detail_004_kani=true&JigyosyoCd=0176100303-00&ServiceCd=430&Type=search" }, "geometry": { "type": "Point", "coordinates": [ 141.682173544180273, 43.341508318364063 ] } },
{ "type": "Feature", "properties": { "内容": "居宅介護支援事業所雪割草【居宅介護支援】北海道樺戸郡月形町１０１１番地２９２", "url2": "https://www.kaigokensaku.mhlw.go.jp/01/index.php?action_kouhyou_detail_004_kani=true&JigyosyoCd=0176100329-00&ServiceCd=430&Type=search" }, "geometry": { "type": "Point", "coordinates": [ 141.685765304670326, 43.349393781367191 ] } },
{ "type": "Feature", "properties": { "内容": "介護相談室　ぴあねっと【居宅介護支援】北海道樺戸郡新十津川町字中央525番地3やまぐちさんち内", "url2": "https://www.kaigokensaku.mhlw.go.jp/01/index.php?action_kouhyou_detail_004_kani=true&JigyosyoCd=0177100922-00&ServiceCd=430&Type=search" }, "geometry": { "type": "Point", "coordinates": [ 141.871236399999987, 43.5473009 ] } },
{ "type": "Feature", "properties": { "内容": "社会福祉法人新十津川町社会福祉協議会居宅介護支援事業所【居宅介護支援】北海道樺戸郡新十津川町字中央306番地３農村環境改善センターみらいえ", "url2": "https://www.kaigokensaku.mhlw.go.jp/01/index.php?action_kouhyou_detail_004_kani=true&JigyosyoCd=0177100187-00&ServiceCd=430&Type=search" }, "geometry": { "type": "Point", "coordinates": [ 141.876400709152222, 43.550970336771691 ] } },
{ "type": "Feature", "properties": { "内容": "居宅介護支援事業所りぶれ【居宅介護支援】北海道雨竜郡妹背牛町字妹背牛361番地22", "url2": "https://www.kaigokensaku.mhlw.go.jp/01/index.php?action_kouhyou_detail_004_kani=true&JigyosyoCd=0177400439-00&ServiceCd=430&Type=search" }, "geometry": { "type": "Point", "coordinates": [ 141.954159, 43.6921462 ] } },
{ "type": "Feature", "properties": { "内容": "妹背牛町指定居宅介護支援事業所【居宅介護支援】北海道雨竜郡妹背牛町字妹背牛５２００番地", "url2": "https://www.kaigokensaku.mhlw.go.jp/01/index.php?action_kouhyou_detail_004_kani=true&JigyosyoCd=0177400116-00&ServiceCd=430&Type=search" }, "geometry": { "type": "Point", "coordinates": [ 141.962080199999946, 43.7003427 ] } },
{ "type": "Feature", "properties": { "内容": "指定居宅介護支援事業所　幸鐘会【居宅介護支援】北海道雨竜郡秩父別町1542番地1", "url2": "https://www.kaigokensaku.mhlw.go.jp/01/index.php?action_kouhyou_detail_004_kani=true&JigyosyoCd=0177400454-00&ServiceCd=430&Type=search" }, "geometry": { "type": "Point", "coordinates": [ 141.95525031227271, 43.767255776621617 ] } },
{ "type": "Feature", "properties": { "内容": "秩父別町社会福祉協議会指定居宅介護支援事業所【居宅介護支援】北海道雨竜郡秩父別町4101番地秩父別町老人福祉センター", "url2": "https://www.kaigokensaku.mhlw.go.jp/01/index.php?action_kouhyou_detail_004_kani=true&JigyosyoCd=0177400629-00&ServiceCd=430&Type=search" }, "geometry": { "type": "Point", "coordinates": [ 141.958195, 43.7670812 ] } },
{ "type": "Feature", "properties": { "内容": "和敬園指定居宅介護支援事業所【居宅介護支援】北海道雨竜郡秩父別町1514番地", "url2": "https://www.kaigokensaku.mhlw.go.jp/01/index.php?action_kouhyou_detail_004_kani=true&JigyosyoCd=0177400132-00&ServiceCd=430&Type=search" }, "geometry": { "type": "Point", "coordinates": [ 141.954291300000023, 43.7708128 ] } },
{ "type": "Feature", "properties": { "内容": "雨竜寿園居宅介護支援事業所【居宅介護支援】北海道雨竜郡雨竜町字満寿37番地43", "url2": "https://www.kaigokensaku.mhlw.go.jp/01/index.php?action_kouhyou_detail_004_kani=true&JigyosyoCd=0177400140-00&ServiceCd=430&Type=search" }, "geometry": { "type": "Point", "coordinates": [ 141.8889974, 43.674002 ] } },
{ "type": "Feature", "properties": { "内容": "特別養護老人ホーム北竜町永楽園居宅介護支援事業所【居宅介護支援】北海道雨竜郡北竜町字和19番地６", "url2": "https://www.kaigokensaku.mhlw.go.jp/01/index.php?action_kouhyou_detail_004_kani=true&JigyosyoCd=0177400405-00&ServiceCd=430&Type=search" }, "geometry": { "type": "Point", "coordinates": [ 141.88221139999996, 43.7262233 ] } },
{ "type": "Feature", "properties": { "内容": "沼田町社会福祉協議会指定居宅介護支援事業所【居宅介護支援】雨竜郡沼田町南１条１丁目８番２５号沼田町暮らしの安心センター内", "url2": "https://www.kaigokensaku.mhlw.go.jp/01/index.php?action_kouhyou_detail_004_kani=true&JigyosyoCd=0177400199-00&ServiceCd=430&Type=search" }, "geometry": { "type": "Point", "coordinates": [ 141.933852099999967, 43.8066856 ] } },
{ "type": "Feature", "properties": { "内容": "鷹栖町介護センターさつき苑【居宅介護支援】北海道上川郡鷹栖町南1条3丁目2番1号", "url2": "https://www.kaigokensaku.mhlw.go.jp/01/index.php?action_kouhyou_detail_004_kani=true&JigyosyoCd=0173100082-00&ServiceCd=430&Type=search" }, "geometry": { "type": "Point", "coordinates": [ 142.356464599999981, 43.8438277 ] } },
{ "type": "Feature", "properties": { "内容": "回生苑　居宅介護支援事業所【居宅介護支援】上川郡東神楽町ひじり野南1条10丁目1番6号", "url2": "https://www.kaigokensaku.mhlw.go.jp/01/index.php?action_kouhyou_detail_004_kani=true&JigyosyoCd=0153180070-00&ServiceCd=430&Type=search" }, "geometry": { "type": "Point", "coordinates": [ 142.401178399999935, 43.7274978 ] } },
{ "type": "Feature", "properties": { "内容": "指定居宅介護支援事業所ひばり【居宅介護支援】北海道上川郡東神楽町北１条東2丁目11番7号住宅型有料老人ホームひばりの森", "url2": "https://www.kaigokensaku.mhlw.go.jp/01/index.php?action_kouhyou_detail_004_kani=true&JigyosyoCd=0173100538-00&ServiceCd=430&Type=search" }, "geometry": { "type": "Point", "coordinates": [ 142.45833036652823, 43.697139841310978 ] } },
{ "type": "Feature", "properties": { "内容": "東神楽町ケアプラン相談センター【居宅介護支援】北海道上川郡東神楽町南２条東１丁目４番２号", "url2": "https://www.kaigokensaku.mhlw.go.jp/01/index.php?action_kouhyou_detail_004_kani=true&JigyosyoCd=0173100058-00&ServiceCd=430&Type=search" }, "geometry": { "type": "Point", "coordinates": [ 142.45383430000004, 43.6938539 ] } },
{ "type": "Feature", "properties": { "内容": "当麻町ケアプラン相談センター【居宅介護支援】北海道上川郡当麻町4条東2丁目16番3号農村環境改善センター", "url2": "https://www.kaigokensaku.mhlw.go.jp/01/index.php?action_kouhyou_detail_004_kani=true&JigyosyoCd=0173100181-00&ServiceCd=430&Type=search" }, "geometry": { "type": "Point", "coordinates": [ 142.510570899999948, 43.828486821252291 ] } },
{ "type": "Feature", "properties": { "内容": "指定居宅介護支援事業所　福寿草【居宅介護支援】北海道上川郡当麻町３条東２丁目１番１１号介護老人保健施設愛泉苑　内", "url2": "https://www.kaigokensaku.mhlw.go.jp/01/index.php?action_kouhyou_detail_004_kani=true&JigyosyoCd=0153180047-00&ServiceCd=430&Type=search" }, "geometry": { "type": "Point", "coordinates": [ 142.507390699999974, 43.8273349 ] } },
{ "type": "Feature", "properties": { "内容": "居宅介護支援事業所当麻柏陽園【居宅介護支援】北海道上川郡当麻町6条東4丁目6番1号", "url2": "https://www.kaigokensaku.mhlw.go.jp/01/index.php?action_kouhyou_detail_004_kani=true&JigyosyoCd=0173100108-00&ServiceCd=430&Type=search" }, "geometry": { "type": "Point", "coordinates": [ 142.530677400000059, 43.8306216 ] } },
{ "type": "Feature", "properties": { "内容": "居宅介護支援事業所　菜の花【居宅介護支援】北海道上川郡当麻町中央２区１８０-４", "url2": "https://www.kaigokensaku.mhlw.go.jp/01/index.php?action_kouhyou_detail_004_kani=true&JigyosyoCd=0173100413-00&ServiceCd=430&Type=search" }, "geometry": { "type": "Point", "coordinates": [ 142.498679376074278, 43.819566267193601 ] } },
{ "type": "Feature", "properties": { "内容": "居宅介護支援事業所あそか苑【居宅介護支援】北海道上川郡比布町東町2丁目5番2号", "url2": "https://www.kaigokensaku.mhlw.go.jp/01/index.php?action_kouhyou_detail_004_kani=true&JigyosyoCd=0173100116-00&ServiceCd=430&Type=search" }, "geometry": { "type": "Point", "coordinates": [ 142.481209900000067, 43.8754117 ] } },
{ "type": "Feature", "properties": { "内容": "指定居宅介護支援事業所【居宅介護支援】北海道上川郡比布町北町１丁目２番２号", "url2": "https://www.kaigokensaku.mhlw.go.jp/01/index.php?action_kouhyou_detail_004_kani=true&JigyosyoCd=0173100140-00&ServiceCd=430&Type=search" }, "geometry": { "type": "Point", "coordinates": [ 142.477623866934209, 43.875335367755298 ] } },
{ "type": "Feature", "properties": { "内容": "介護計画サービスセンター「あい」【居宅介護支援】北海道上川郡愛別町字北町298番地1", "url2": "https://www.kaigokensaku.mhlw.go.jp/01/index.php?action_kouhyou_detail_004_kani=true&JigyosyoCd=0173100280-00&ServiceCd=430&Type=search" }, "geometry": { "type": "Point", "coordinates": [ 142.577247899999946, 43.914572 ] } },
{ "type": "Feature", "properties": { "内容": "上川町ケアプラン相談センター【居宅介護支援】北海道上川郡上川町本町２番地保健福祉センター", "url2": "https://www.kaigokensaku.mhlw.go.jp/01/index.php?action_kouhyou_detail_004_kani=true&JigyosyoCd=0173100017-00&ServiceCd=430&Type=search" }, "geometry": { "type": "Point", "coordinates": [ 142.772359, 43.848485800000013 ] } },
{ "type": "Feature", "properties": { "内容": "居宅介護支援事業所　ゆう【居宅介護支援】北海道上川郡東川町北町4丁目9番28号", "url2": "https://www.kaigokensaku.mhlw.go.jp/01/index.php?action_kouhyou_detail_004_kani=true&JigyosyoCd=0173100355-00&ServiceCd=430&Type=search" }, "geometry": { "type": "Point", "coordinates": [ 142.4998091, 43.7048123 ] } },
{ "type": "Feature", "properties": { "内容": "ひだまりの里居宅介護支援事業所【居宅介護支援】上川郡東川町西町８丁目２９番１号", "url2": "https://www.kaigokensaku.mhlw.go.jp/01/index.php?action_kouhyou_detail_004_kani=true&JigyosyoCd=0173100041-00&ServiceCd=430&Type=search" }, "geometry": { "type": "Point", "coordinates": [ 142.47723110000004, 43.7006427 ] } },
{ "type": "Feature", "properties": { "内容": "東川町社協居宅介護支援事業所【居宅介護支援】北海道上川郡東川町東町２丁目１２－１０", "url2": "https://www.kaigokensaku.mhlw.go.jp/01/index.php?action_kouhyou_detail_004_kani=true&JigyosyoCd=0173100033-00&ServiceCd=430&Type=search" }, "geometry": { "type": "Point", "coordinates": [ 142.514624749468737, 43.697455149329855 ] } },
{ "type": "Feature", "properties": { "内容": "居宅介護支援事業所　おうか【居宅介護支援】北海道上川郡東川町西町８丁目５番２３号", "url2": "https://www.kaigokensaku.mhlw.go.jp/01/index.php?action_kouhyou_detail_004_kani=true&JigyosyoCd=0173100694-00&ServiceCd=430&Type=search" }, "geometry": { "type": "Point", "coordinates": [ 142.4847651, 43.7080571 ] } },
{ "type": "Feature", "properties": { "内容": "ひがしかわ介護相談センター【居宅介護支援】北海道上川郡東川町北町７丁目５番１６号有料老人ホーム華", "url2": "https://www.kaigokensaku.mhlw.go.jp/01/index.php?action_kouhyou_detail_004_kani=true&JigyosyoCd=0173100629-00&ServiceCd=430&Type=search" }, "geometry": { "type": "Point", "coordinates": [ 142.49199185002513, 43.707928363184259 ] } },
{ "type": "Feature", "properties": { "内容": "シルバーハウス居宅介護支援事業所【居宅介護支援】北海道上川郡美瑛町大町２丁目５番２８号", "url2": "https://www.kaigokensaku.mhlw.go.jp/01/index.php?action_kouhyou_detail_004_kani=true&JigyosyoCd=0173100496-00&ServiceCd=430&Type=search" }, "geometry": { "type": "Point", "coordinates": [ 142.454730833729514, 43.589868986333521 ] } },
{ "type": "Feature", "properties": { "内容": "美瑛慈光園居宅介護支援事業所【居宅介護支援】北海道上川郡美瑛町南町4丁目4番18号", "url2": "https://www.kaigokensaku.mhlw.go.jp/01/index.php?action_kouhyou_detail_004_kani=true&JigyosyoCd=0173100025-00&ServiceCd=430&Type=search" }, "geometry": { "type": "Point", "coordinates": [ 142.469394282417284, 43.583369156665057 ] } },
{ "type": "Feature", "properties": { "内容": "美瑛町ケアプラン相談センター【居宅介護支援】北海道上川郡美瑛町南町１丁目５番５号美瑛町福祉センター内", "url2": "https://www.kaigokensaku.mhlw.go.jp/01/index.php?action_kouhyou_detail_004_kani=true&JigyosyoCd=0173100066-00&ServiceCd=430&Type=search" }, "geometry": { "type": "Point", "coordinates": [ 142.4656635, 43.5846344 ] } },
{ "type": "Feature", "properties": { "内容": "社会福祉法人上富良野町社会福祉協議会指定居宅介護支援事業所【居宅介護支援】北海道空知郡上富良野町大町２丁目８番４号", "url2": "https://www.kaigokensaku.mhlw.go.jp/01/index.php?action_kouhyou_detail_004_kani=true&JigyosyoCd=0173000050-00&ServiceCd=430&Type=search" }, "geometry": { "type": "Point", "coordinates": [ 142.468361400000049, 43.4550585 ] } },
{ "type": "Feature", "properties": { "内容": "上富良野町ラベンダーハイツ居宅介護支援事業所【居宅介護支援】北海道空知郡上富良野町西１線北２４号", "url2": "https://www.kaigokensaku.mhlw.go.jp/01/index.php?action_kouhyou_detail_004_kani=true&JigyosyoCd=0173000068-00&ServiceCd=430&Type=search" }, "geometry": { "type": "Point", "coordinates": [ 142.454784199999949, 43.4593687 ] } },
{ "type": "Feature", "properties": { "内容": "居宅介護支援事業所たんぽぽ【居宅介護支援】北海道空知郡中富良野町宮町1番5号シルバーマンション１Ｆ103号", "url2": "https://www.kaigokensaku.mhlw.go.jp/01/index.php?action_kouhyou_detail_004_kani=true&JigyosyoCd=0173000431-00&ServiceCd=430&Type=search" }, "geometry": { "type": "Point", "coordinates": [ 142.420162533451816, 43.409740704953215 ] } },
{ "type": "Feature", "properties": { "内容": "社会福祉法人中富良野町社会福祉協議会居宅介護支援事業所【居宅介護支援】北海道空知郡中富良野町南町10番10号ふれあいセンターなかまーる", "url2": "https://www.kaigokensaku.mhlw.go.jp/01/index.php?action_kouhyou_detail_004_kani=true&JigyosyoCd=0173000084-00&ServiceCd=430&Type=search" }, "geometry": { "type": "Point", "coordinates": [ 142.424122600000032, 43.4052873 ] } },
{ "type": "Feature", "properties": { "内容": "南富良野町地域ケアセンターほのぼの　居宅介護支援事業所【居宅介護支援】空知郡南富良野町字幾寅７０８番地保健福祉センター　みなくる内", "url2": "https://www.kaigokensaku.mhlw.go.jp/01/index.php?action_kouhyou_detail_004_kani=true&JigyosyoCd=0173000100-00&ServiceCd=430&Type=search" }, "geometry": { "type": "Point", "coordinates": [ 142.569968134087475, 43.1688383500464 ] } },
{ "type": "Feature", "properties": { "内容": "和寒町指定居宅介護支援事業所【居宅介護支援】北海道上川郡和寒町字西町１１１番地和寒町保健福祉センター", "url2": "https://www.kaigokensaku.mhlw.go.jp/01/index.php?action_kouhyou_detail_004_kani=true&JigyosyoCd=0173200155-00&ServiceCd=430&Type=search" }, "geometry": { "type": "Point", "coordinates": [ 142.4124425, 44.0220462 ] } },
{ "type": "Feature", "properties": { "内容": "剣淵町社協居宅介護支援事業所【居宅介護支援】北海道上川郡剣淵町仲町２８番１号ふれあい健康センター内", "url2": "https://www.kaigokensaku.mhlw.go.jp/01/index.php?action_kouhyou_detail_004_kani=true&JigyosyoCd=0173200015-00&ServiceCd=430&Type=search" }, "geometry": { "type": "Point", "coordinates": [ 142.36153969999998, 44.1008682 ] } },
{ "type": "Feature", "properties": { "内容": "介護センター　ひまわり【居宅介護支援】北海道上川郡下川町錦町３３番地", "url2": "https://www.kaigokensaku.mhlw.go.jp/01/index.php?action_kouhyou_detail_004_kani=true&JigyosyoCd=0173200767-00&ServiceCd=430&Type=search" }, "geometry": { "type": "Point", "coordinates": [ 142.637108, 44.3031617 ] } },
{ "type": "Feature", "properties": { "内容": "下川町立デイサービスセンター居宅介護支援事業所【居宅介護支援】北海道上川郡下川町西町352番地", "url2": "https://www.kaigokensaku.mhlw.go.jp/01/index.php?action_kouhyou_detail_004_kani=true&JigyosyoCd=0173200353-00&ServiceCd=430&Type=search" }, "geometry": { "type": "Point", "coordinates": [ 142.627858899999978, 44.3032892 ] } },
{ "type": "Feature", "properties": { "内容": "株式会社馬場商店居宅介護支援事業所あおぞら【居宅介護支援】北海道中川郡美深町字大通北２丁目１０番地", "url2": "https://www.kaigokensaku.mhlw.go.jp/01/index.php?action_kouhyou_detail_004_kani=true&JigyosyoCd=0173200247-00&ServiceCd=430&Type=search" }, "geometry": { "type": "Point", "coordinates": [ 142.345266700000025, 44.4835674 ] } },
{ "type": "Feature", "properties": { "内容": "社会福祉法人美深町社会福祉協議会指定居宅介護事業所【居宅介護支援】中川郡美深町字西１条北１丁目４番地第３コミュニティーセンター内", "url2": "https://www.kaigokensaku.mhlw.go.jp/01/index.php?action_kouhyou_detail_004_kani=true&JigyosyoCd=0173200148-00&ServiceCd=430&Type=search" }, "geometry": { "type": "Point", "coordinates": [ 142.344621328836041, 44.482238791378784 ] } },
{ "type": "Feature", "properties": { "内容": "ゆき居宅介護支援事業所【居宅介護支援】北海道中川郡美深町字南町２５番地", "url2": "https://www.kaigokensaku.mhlw.go.jp/01/index.php?action_kouhyou_detail_004_kani=true&JigyosyoCd=0173200585-00&ServiceCd=430&Type=search" }, "geometry": { "type": "Point", "coordinates": [ 142.355084299999987, 44.4764934 ] } },
{ "type": "Feature", "properties": { "内容": "社会福祉法人音威子府村社会福祉協議会居宅介護支援事業所【居宅介護支援】北海道中川郡音威子府村字音威子府509番地88音威子府村福祉交流拠点地域複合施設ときわ", "url2": "https://www.kaigokensaku.mhlw.go.jp/01/index.php?action_kouhyou_detail_004_kani=true&JigyosyoCd=0173200361-00&ServiceCd=430&Type=search" }, "geometry": { "type": "Point", "coordinates": [ 142.260206908161194, 44.728576422429683 ] } },
{ "type": "Feature", "properties": { "内容": "中川町社協指定居宅介護支援事業所【居宅介護支援】北海道中川郡中川町字中川337番地中川町総合保健福祉センター「ぬくもり」内", "url2": "https://www.kaigokensaku.mhlw.go.jp/01/index.php?action_kouhyou_detail_004_kani=true&JigyosyoCd=0173200312-00&ServiceCd=430&Type=search" }, "geometry": { "type": "Point", "coordinates": [ 142.071341, 44.8116236 ] } },
{ "type": "Feature", "properties": { "内容": "幌加内町居宅介護支援事業所【居宅介護支援】雨竜郡幌加内町字親和4596番地の3", "url2": "https://www.kaigokensaku.mhlw.go.jp/01/index.php?action_kouhyou_detail_004_kani=true&JigyosyoCd=0177400215-00&ServiceCd=430&Type=search" }, "geometry": { "type": "Point", "coordinates": [ 142.154888799999981, 44.0072767 ] } },
{ "type": "Feature", "properties": { "内容": "横木介護サービス居宅介護支援事業所【居宅介護支援】北海道増毛郡増毛町阿分２２４番地の７", "url2": "https://www.kaigokensaku.mhlw.go.jp/01/index.php?action_kouhyou_detail_004_kani=true&JigyosyoCd=0176400349-00&ServiceCd=430&Type=search" }, "geometry": { "type": "Point", "coordinates": [ 141.592058116532911, 43.88001323132319 ] } },
{ "type": "Feature", "properties": { "内容": "小平町指定居宅介護支援事業所【居宅介護支援】北海道留萌郡小平町字小平町216番地", "url2": "https://www.kaigokensaku.mhlw.go.jp/01/index.php?action_kouhyou_detail_004_kani=true&JigyosyoCd=0176400182-00&ServiceCd=430&Type=search" }, "geometry": { "type": "Point", "coordinates": [ 141.662827900000025, 44.0151409 ] } },
{ "type": "Feature", "properties": { "内容": "居宅介護支援事業所なごみ【居宅介護支援】北海道苫前郡苫前町字古丹別249-33", "url2": "https://www.kaigokensaku.mhlw.go.jp/01/index.php?action_kouhyou_detail_004_kani=true&JigyosyoCd=0176400711-00&ServiceCd=430&Type=search" }, "geometry": { "type": "Point", "coordinates": [ 141.717793321426427, 44.262966048302594 ] } },
{ "type": "Feature", "properties": { "内容": "苫前幸寿園ケアプランセンター【居宅介護支援】北海道苫前郡苫前町字旭105-7", "url2": "https://www.kaigokensaku.mhlw.go.jp/01/index.php?action_kouhyou_detail_004_kani=true&JigyosyoCd=0176400091-00&ServiceCd=430&Type=search" }, "geometry": { "type": "Point", "coordinates": [ 141.659265099999971, 44.3060032 ] } },
{ "type": "Feature", "properties": { "内容": "はぼろ調剤薬局【居宅介護支援】苫前郡羽幌町栄町103番地47", "url2": "https://www.kaigokensaku.mhlw.go.jp/01/index.php?action_kouhyou_detail_004_kani=true&JigyosyoCd=0146440532-00&ServiceCd=430&Type=search" }, "geometry": { "type": "Point", "coordinates": [ 141.695949873680121, 44.354364545018882 ] } },
{ "type": "Feature", "properties": { "内容": "羽幌町指定居宅介護支援事業所【居宅介護支援】北海道苫前郡羽幌町南６条３丁目１４番地羽幌町すこやか健康センター", "url2": "https://www.kaigokensaku.mhlw.go.jp/01/index.php?action_kouhyou_detail_004_kani=true&JigyosyoCd=0176400687-00&ServiceCd=430&Type=search" }, "geometry": { "type": "Point", "coordinates": [ 141.705655200000024, 44.3619126 ] } },
{ "type": "Feature", "properties": { "内容": "はぼろ社協指定居宅介護支援事業所【居宅介護支援】北海道苫前郡羽幌町南７条３丁目１番地羽幌町勤労青少年ホーム内", "url2": "https://www.kaigokensaku.mhlw.go.jp/01/index.php?action_kouhyou_detail_004_kani=true&JigyosyoCd=0176400448-00&ServiceCd=430&Type=search" }, "geometry": { "type": "Point", "coordinates": [ 141.706255, 44.3615467 ] } },
{ "type": "Feature", "properties": { "内容": "介護相談センターフルールハピネスはぼろ【居宅介護支援】苫前郡羽幌町南町３番地４", "url2": "https://www.kaigokensaku.mhlw.go.jp/01/index.php?action_kouhyou_detail_004_kani=true&JigyosyoCd=0176400380-00&ServiceCd=430&Type=search" }, "geometry": { "type": "Point", "coordinates": [ 141.696630899999946, 44.3603075 ] } },
{ "type": "Feature", "properties": { "内容": "初山別村居宅介護支援事業所【居宅介護支援】苫前郡初山別村字初山別１４９番地", "url2": "https://www.kaigokensaku.mhlw.go.jp/01/index.php?action_kouhyou_detail_004_kani=true&JigyosyoCd=0176400117-00&ServiceCd=430&Type=search" }, "geometry": { "type": "Point", "coordinates": [ 141.76928369999996, 44.533679 ] } },
{ "type": "Feature", "properties": { "内容": "居宅介護支援事業所宮川【居宅介護支援】北海道天塩郡遠別町字本町3丁目40番地", "url2": "https://www.kaigokensaku.mhlw.go.jp/01/index.php?action_kouhyou_detail_004_kani=true&JigyosyoCd=0176701068-00&ServiceCd=430&Type=search" }, "geometry": { "type": "Point", "coordinates": [ 141.79255369527587, 44.722433824628105 ] } },
{ "type": "Feature", "properties": { "内容": "居宅介護支援事業所小山【居宅介護支援】北海道天塩郡遠別町字北浜76番地3", "url2": "https://www.kaigokensaku.mhlw.go.jp/01/index.php?action_kouhyou_detail_004_kani=true&JigyosyoCd=0176711232-00&ServiceCd=430&Type=search" }, "geometry": { "type": "Point", "coordinates": [ 141.796333299999986, 44.7259196 ] } },
{ "type": "Feature", "properties": { "内容": "居宅介護支援事業所オルラボ【居宅介護支援】北海道天塩郡天塩町海岸通４丁目１０８－１", "url2": "https://www.kaigokensaku.mhlw.go.jp/01/index.php?action_kouhyou_detail_004_kani=true&JigyosyoCd=0176701092-00&ServiceCd=430&Type=search" }, "geometry": { "type": "Point", "coordinates": [ 141.743381906884764, 44.883099031480405 ] } },
{ "type": "Feature", "properties": { "内容": "天塩町社会福祉協議会居宅介護支援事業所【居宅介護支援】天塩郡天塩町字川口５６９９番地の１", "url2": "https://www.kaigokensaku.mhlw.go.jp/01/index.php?action_kouhyou_detail_004_kani=true&JigyosyoCd=0176700334-00&ServiceCd=430&Type=search" }, "geometry": { "type": "Point", "coordinates": [ 141.749407799999972, 44.8850417 ] } },
{ "type": "Feature", "properties": { "内容": "天塩町居宅介護支援事業所【居宅介護支援】北海道天塩郡天塩町新栄通8丁目1466番地の113天塩町役場", "url2": "https://www.kaigokensaku.mhlw.go.jp/01/index.php?action_kouhyou_detail_004_kani=true&JigyosyoCd=0176700045-00&ServiceCd=430&Type=search" }, "geometry": { "type": "Point", "coordinates": [ 141.745233, 44.8882634 ] } },
{ "type": "Feature", "properties": { "内容": "さるふつやすらぎ苑居宅介護支援事業所【居宅介護支援】宗谷郡猿払村鬼志別北町７０番地", "url2": "https://www.kaigokensaku.mhlw.go.jp/01/index.php?action_kouhyou_detail_004_kani=true&JigyosyoCd=0176700011-00&ServiceCd=430&Type=search" }, "geometry": { "type": "Point", "coordinates": [ 142.120404600000029, 45.3325358 ] } },
{ "type": "Feature", "properties": { "内容": "浜頓別町国民健康保険病院　介護相談室　指定居宅介護支援事業所【居宅介護支援】北海道枝幸郡浜頓別町中央南３番地", "url2": "https://www.kaigokensaku.mhlw.go.jp/01/index.php?action_kouhyou_detail_004_kani=true&JigyosyoCd=0116711821-00&ServiceCd=430&Type=search" }, "geometry": { "type": "Point", "coordinates": [ 142.3579834, 45.1235098 ] } },
{ "type": "Feature", "properties": { "内容": "株式会社黒田ケアプラン相談所【居宅介護支援】北海道枝幸郡浜頓別町日の出３丁目１６番地", "url2": "https://www.kaigokensaku.mhlw.go.jp/01/index.php?action_kouhyou_detail_004_kani=true&JigyosyoCd=0176700714-00&ServiceCd=430&Type=search" }, "geometry": { "type": "Point", "coordinates": [ 142.358244900000045, 45.1278598 ] } },
{ "type": "Feature", "properties": { "内容": "長寿園居宅介護支援事業所【居宅介護支援】北海道枝幸郡中頓別町字中頓別160番地", "url2": "https://www.kaigokensaku.mhlw.go.jp/01/index.php?action_kouhyou_detail_004_kani=true&JigyosyoCd=0176700102-00&ServiceCd=430&Type=search" }, "geometry": { "type": "Point", "coordinates": [ 142.287454900000057, 44.9695937 ] } },
{ "type": "Feature", "properties": { "内容": "中頓別町国民健康保険病院指定居宅介護支援事業所【居宅介護支援】北海道枝幸郡中頓別町字中頓別175番地中頓別町国民健康保険病院", "url2": "https://www.kaigokensaku.mhlw.go.jp/01/index.php?action_kouhyou_detail_004_kani=true&JigyosyoCd=0116711276-00&ServiceCd=430&Type=search" }, "geometry": { "type": "Point", "coordinates": [ 142.2843729, 44.9697157 ] } },
{ "type": "Feature", "properties": { "内容": "歌登居宅介護支援事業所【居宅介護支援】北海道枝幸郡枝幸町歌登桧垣町１４２番地", "url2": "https://www.kaigokensaku.mhlw.go.jp/01/index.php?action_kouhyou_detail_004_kani=true&JigyosyoCd=0176700037-00&ServiceCd=430&Type=search" }, "geometry": { "type": "Point", "coordinates": [ 142.466947, 44.8371826 ] } },
{ "type": "Feature", "properties": { "内容": "枝幸町介護支援総合相談所【居宅介護支援】北海道枝幸郡枝幸町北栄町１４７４番地１枝幸町保健福祉センター内", "url2": "https://www.kaigokensaku.mhlw.go.jp/01/index.php?action_kouhyou_detail_004_kani=true&JigyosyoCd=0176700607-00&ServiceCd=430&Type=search" }, "geometry": { "type": "Point", "coordinates": [ 142.575878248358322, 44.942488306280971 ] } },
{ "type": "Feature", "properties": { "内容": "豊富町社会福祉協議会　居宅介護支援事業所【居宅介護支援】北海道天塩郡豊富町上サロベツ２５４５番地の２", "url2": "https://www.kaigokensaku.mhlw.go.jp/01/index.php?action_kouhyou_detail_004_kani=true&JigyosyoCd=0176700433-00&ServiceCd=430&Type=search" }, "geometry": { "type": "Point", "coordinates": [ 141.775457351127358, 45.10447032858719 ] } },
{ "type": "Feature", "properties": { "内容": "社会福祉法人礼文町社会福祉協議会　指定居宅介護支援事業所【居宅介護支援】礼文郡礼文町香深村字ベッシュ961番2　稚内港湾事務所礼文分駐所", "url2": "https://www.kaigokensaku.mhlw.go.jp/01/index.php?action_kouhyou_detail_004_kani=true&JigyosyoCd=0176700110-00&ServiceCd=430&Type=search" }, "geometry": { "type": "Point", "coordinates": [ 141.047350382883934, 45.299782830653591 ] } },
{ "type": "Feature", "properties": { "内容": "社会福祉法人利尻町社会福祉協議会居宅介護支援事業所【居宅介護支援】北海道利尻郡利尻町沓形字緑町9番地2", "url2": "https://www.kaigokensaku.mhlw.go.jp/01/index.php?action_kouhyou_detail_004_kani=true&JigyosyoCd=0176700359-00&ServiceCd=430&Type=search" }, "geometry": { "type": "Point", "coordinates": [ 141.138357700000029, 45.1861934 ] } },
{ "type": "Feature", "properties": { "内容": "利尻町指定居宅介護支援事業所【居宅介護支援】北海道利尻郡利尻町沓形字緑町14番地1利尻町役場", "url2": "https://www.kaigokensaku.mhlw.go.jp/01/index.php?action_kouhyou_detail_004_kani=true&JigyosyoCd=0176711190-00&ServiceCd=430&Type=search" }, "geometry": { "type": "Point", "coordinates": [ 141.1395432, 45.1870957 ] } },
{ "type": "Feature", "properties": { "内容": "利尻富士町居宅介護支援事業所【居宅介護支援】北海道利尻郡利尻富士町鴛泊字栄町117番地", "url2": "https://www.kaigokensaku.mhlw.go.jp/01/index.php?action_kouhyou_detail_004_kani=true&JigyosyoCd=0176700318-00&ServiceCd=430&Type=search" }, "geometry": { "type": "Point", "coordinates": [ 141.216219799999976, 45.2468022 ] } },
{ "type": "Feature", "properties": { "内容": "幌延町居宅介護支援事業所【居宅介護支援】北海道天塩郡幌延町宮園町1番地幌延町役場", "url2": "https://www.kaigokensaku.mhlw.go.jp/01/index.php?action_kouhyou_detail_004_kani=true&JigyosyoCd=0176700029-00&ServiceCd=430&Type=search" }, "geometry": { "type": "Point", "coordinates": [ 141.849350994092703, 45.017854706551432 ] } },
{ "type": "Feature", "properties": { "内容": "一般社団法人北海道総合在宅ケア事業団　美幌地域ケアプラン相談センター【居宅介護支援】北海道網走郡美幌町字西1条北1丁目1番地１", "url2": "https://www.kaigokensaku.mhlw.go.jp/01/index.php?action_kouhyou_detail_004_kani=true&JigyosyoCd=0165290016-00&ServiceCd=430&Type=search" }, "geometry": { "type": "Point", "coordinates": [ 144.101909141890701, 43.823771343557667 ] } },
{ "type": "Feature", "properties": { "内容": "社会医療法人恵和会　アメニティ美幌指定居宅介護支援事業所【居宅介護支援】北海道網走郡美幌町字仲町2丁目38番地２", "url2": "https://www.kaigokensaku.mhlw.go.jp/01/index.php?action_kouhyou_detail_004_kani=true&JigyosyoCd=0155280019-00&ServiceCd=430&Type=search" }, "geometry": { "type": "Point", "coordinates": [ 144.10517470000002, 43.8326392 ] } },
{ "type": "Feature", "properties": { "内容": "いなみ介護支援センター【居宅介護支援】北海道網走郡美幌町字稲美５９番地１２９", "url2": "https://www.kaigokensaku.mhlw.go.jp/01/index.php?action_kouhyou_detail_004_kani=true&JigyosyoCd=0175200088-00&ServiceCd=430&Type=search" }, "geometry": { "type": "Point", "coordinates": [ 144.114971338915552, 43.816699235561565 ] } },
{ "type": "Feature", "properties": { "内容": "津別町居宅介護支援事業所【居宅介護支援】北海道網走郡津別町字共和25番地1津別町デイサービスセンター内", "url2": "https://www.kaigokensaku.mhlw.go.jp/01/index.php?action_kouhyou_detail_004_kani=true&JigyosyoCd=0175200229-00&ServiceCd=430&Type=search" }, "geometry": { "type": "Point", "coordinates": [ 144.028740400000061, 43.6984766 ] } },
{ "type": "Feature", "properties": { "内容": "斜里町居宅介護支援事業所【居宅介護支援】北海道斜里郡斜里町青葉町40番地2", "url2": "https://www.kaigokensaku.mhlw.go.jp/01/index.php?action_kouhyou_detail_004_kani=true&JigyosyoCd=0175300045-00&ServiceCd=430&Type=search" }, "geometry": { "type": "Point", "coordinates": [ 144.662585625131186, 43.904860974533889 ] } },
{ "type": "Feature", "properties": { "内容": "社会福祉法人斜里町社会福祉協議会ケアプランセンター【居宅介護支援】斜里郡斜里町文光町５２番地１７斜里町老人福祉センター内", "url2": "https://www.kaigokensaku.mhlw.go.jp/01/index.php?action_kouhyou_detail_004_kani=true&JigyosyoCd=0175300185-00&ServiceCd=430&Type=search" }, "geometry": { "type": "Point", "coordinates": [ 144.664913699999943, 43.9082906 ] } },
{ "type": "Feature", "properties": { "内容": "社会福祉法人清里町社会福祉協議会指定居宅介護支援事業所【居宅介護支援】北海道斜里郡清里町羽衣町35番地35", "url2": "https://www.kaigokensaku.mhlw.go.jp/01/index.php?action_kouhyou_detail_004_kani=true&JigyosyoCd=0175300151-00&ServiceCd=430&Type=search" }, "geometry": { "type": "Point", "coordinates": [ 144.592945699999973, 43.8302609 ] } },
{ "type": "Feature", "properties": { "内容": "社会福祉法人清里町社会福祉協議会指定居宅介護支援事業所【居宅介護支援】北海道斜里郡清里町羽衣町35番地35", "url2": "https://www.kaigokensaku.mhlw.go.jp/01/index.php?action_kouhyou_detail_004_kani=true&JigyosyoCd=0175300813-00&ServiceCd=430&Type=search" }, "geometry": { "type": "Point", "coordinates": [ 144.5933216, 43.8303731 ] } },
{ "type": "Feature", "properties": { "内容": "社会福祉法人小清水町社会福祉協議会　指定居宅介護支援事業所【居宅介護支援】北海道斜里郡小清水町字共和13番地の3", "url2": "https://www.kaigokensaku.mhlw.go.jp/01/index.php?action_kouhyou_detail_004_kani=true&JigyosyoCd=0175300169-00&ServiceCd=430&Type=search" }, "geometry": { "type": "Point", "coordinates": [ 144.457509399999907, 43.8528578 ] } },
{ "type": "Feature", "properties": { "内容": "小清水町指定居宅介護支援事業所【居宅介護支援】斜里郡小清水町元町２丁目１番１号", "url2": "https://www.kaigokensaku.mhlw.go.jp/01/index.php?action_kouhyou_detail_004_kani=true&JigyosyoCd=0175300078-00&ServiceCd=430&Type=search" }, "geometry": { "type": "Point", "coordinates": [ 144.462114299999939, 43.856724100000015 ] } },
{ "type": "Feature", "properties": { "内容": "訓子府町社会福祉協議会居宅介護支援事業所【居宅介護支援】常呂郡訓子府町東町398番地訓子府町総合福祉センター「うらら」", "url2": "https://www.kaigokensaku.mhlw.go.jp/01/index.php?action_kouhyou_detail_004_kani=true&JigyosyoCd=0175000082-00&ServiceCd=430&Type=search" }, "geometry": { "type": "Point", "coordinates": [ 143.741720877089307, 43.725414256041283 ] } },
{ "type": "Feature", "properties": { "内容": "置戸町居宅介護支援事業所【居宅介護支援】常呂郡置戸町字置戸２４６番地の３", "url2": "https://www.kaigokensaku.mhlw.go.jp/01/index.php?action_kouhyou_detail_004_kani=true&JigyosyoCd=0175000066-00&ServiceCd=430&Type=search" }, "geometry": { "type": "Point", "coordinates": [ 143.593696499999965, 43.6780975 ] } },
{ "type": "Feature", "properties": { "内容": "居宅介護支援事業所夢ふうせんさろま【居宅介護支援】北海道常呂郡佐呂間町字北３０２－１０", "url2": "https://www.kaigokensaku.mhlw.go.jp/01/index.php?action_kouhyou_detail_004_kani=true&JigyosyoCd=0175400639-00&ServiceCd=430&Type=search" }, "geometry": { "type": "Point", "coordinates": [ 143.767936100000043, 44.025502 ] } },
{ "type": "Feature", "properties": { "内容": "佐呂間町指定居宅介護支援事業所【居宅介護支援】常呂郡佐呂間町字永代町３番地の１佐呂間町役場保健福祉課内", "url2": "https://www.kaigokensaku.mhlw.go.jp/01/index.php?action_kouhyou_detail_004_kani=true&JigyosyoCd=0175400027-00&ServiceCd=430&Type=search" }, "geometry": { "type": "Point", "coordinates": [ 143.774722099999963, 44.0178531 ] } },
{ "type": "Feature", "properties": { "内容": "居宅介護支援事業所サンガーデンさろま【居宅介護支援】北海道常呂郡佐呂間町字宮前町152番地6", "url2": "https://www.kaigokensaku.mhlw.go.jp/01/index.php?action_kouhyou_detail_004_kani=true&JigyosyoCd=0175400183-00&ServiceCd=430&Type=search" }, "geometry": { "type": "Point", "coordinates": [ 143.773669599999948, 44.014284 ] } },
{ "type": "Feature", "properties": { "内容": "遠軽町社協居宅介護支援事業所【居宅介護支援】北海道紋別郡遠軽町１条通北１丁目1番地保健福祉総合センターげんき２１内", "url2": "https://www.kaigokensaku.mhlw.go.jp/01/index.php?action_kouhyou_detail_004_kani=true&JigyosyoCd=0175400373-00&ServiceCd=430&Type=search" }, "geometry": { "type": "Point", "coordinates": [ 143.525728, 44.058867400000025 ] } },
{ "type": "Feature", "properties": { "内容": "遠軽町丸瀬布ヒルトップハイツ居宅介護支援事業所【居宅介護支援】北海道紋別郡遠軽町丸瀬布新町274番地2", "url2": "https://www.kaigokensaku.mhlw.go.jp/01/index.php?action_kouhyou_detail_004_kani=true&JigyosyoCd=0175400142-00&ServiceCd=430&Type=search" }, "geometry": { "type": "Point", "coordinates": [ 143.339042711639365, 44.003320275871445 ] } },
{ "type": "Feature", "properties": { "内容": "遠軽町在宅介護支援センター指定居宅介護支援事業所【居宅介護支援】紋別郡遠軽町岩見通北７丁目2-91", "url2": "https://www.kaigokensaku.mhlw.go.jp/01/index.php?action_kouhyou_detail_004_kani=true&JigyosyoCd=0175400043-00&ServiceCd=430&Type=search" }, "geometry": { "type": "Point", "coordinates": [ 143.5259384, 44.069349799999983 ] } },
{ "type": "Feature", "properties": { "内容": "居宅介護支援事業所かたつむり【居宅介護支援】北海道紋別郡遠軽町西町２丁目４番地６１", "url2": "https://www.kaigokensaku.mhlw.go.jp/01/index.php?action_kouhyou_detail_004_kani=true&JigyosyoCd=0175400621-00&ServiceCd=430&Type=search" }, "geometry": { "type": "Point", "coordinates": [ 143.507275236528386, 44.051275043617728 ] } },
{ "type": "Feature", "properties": { "内容": "上湧別福祉会　居宅介護支援事業所【居宅介護支援】北海道紋別郡湧別町上湧別屯田市街地335番地の１", "url2": "https://www.kaigokensaku.mhlw.go.jp/01/index.php?action_kouhyou_detail_004_kani=true&JigyosyoCd=0175400357-00&ServiceCd=430&Type=search" }, "geometry": { "type": "Point", "coordinates": [ 143.574737899999946, 44.1543426 ] } },
{ "type": "Feature", "properties": { "内容": "居宅介護支援事業所オリーブ【居宅介護支援】紋別郡湧別町上湧別屯田市街地１３８番地", "url2": "https://www.kaigokensaku.mhlw.go.jp/01/index.php?action_kouhyou_detail_004_kani=true&JigyosyoCd=0175400597-00&ServiceCd=430&Type=search" }, "geometry": { "type": "Point", "coordinates": [ 143.569493900341769, 44.146822876897922 ] } },
{ "type": "Feature", "properties": { "内容": "湧別町社協居宅介護支援事業所【居宅介護支援】北海道紋別郡湧別町栄町112番地の1", "url2": "https://www.kaigokensaku.mhlw.go.jp/01/index.php?action_kouhyou_detail_004_kani=true&JigyosyoCd=0175400563-00&ServiceCd=430&Type=search" }, "geometry": { "type": "Point", "coordinates": [ 143.616823, 44.2217784 ] } },
{ "type": "Feature", "properties": { "内容": "指定居宅介護支援事業所滝上町在宅介護支援センター【居宅介護支援】紋別郡滝上町字オシラネップ原野北1線10番地滝上地域サポートセンター　ウエル　内", "url2": "https://www.kaigokensaku.mhlw.go.jp/01/index.php?action_kouhyou_detail_004_kani=true&JigyosyoCd=0175100023-00&ServiceCd=430&Type=search" }, "geometry": { "type": "Point", "coordinates": [ 143.113197106881671, 44.192641278520725 ] } },
{ "type": "Feature", "properties": { "内容": "興部町指定居宅介護支援事業所【居宅介護支援】紋別郡興部町字興部138番地の１福祉保健総合センターきらり内", "url2": "https://www.kaigokensaku.mhlw.go.jp/01/index.php?action_kouhyou_detail_004_kani=true&JigyosyoCd=0175100171-00&ServiceCd=430&Type=search" }, "geometry": { "type": "Point", "coordinates": [ 143.127749963893137, 44.470774019102635 ] } },
{ "type": "Feature", "properties": { "内容": "西興部村指定居宅介護支援事業所【居宅介護支援】北海道紋別郡西興部村字西興部100番地西興部村役場内", "url2": "https://www.kaigokensaku.mhlw.go.jp/01/index.php?action_kouhyou_detail_004_kani=true&JigyosyoCd=0175100122-00&ServiceCd=430&Type=search" }, "geometry": { "type": "Point", "coordinates": [ 142.944380861238074, 44.328840706365405 ] } },
{ "type": "Feature", "properties": { "内容": "雄武町指定居宅介護支援事業所【居宅介護支援】紋別郡雄武町字雄武７００番地", "url2": "https://www.kaigokensaku.mhlw.go.jp/01/index.php?action_kouhyou_detail_004_kani=true&JigyosyoCd=0175100049-00&ServiceCd=430&Type=search" }, "geometry": { "type": "Point", "coordinates": [ 142.96164771534427, 44.58306245587152 ] } },
{ "type": "Feature", "properties": { "内容": "ケアプラン相談センターおおぞら【居宅介護支援】北海道網走郡大空町女満別西2条4丁目1番8", "url2": "https://www.kaigokensaku.mhlw.go.jp/01/index.php?action_kouhyou_detail_004_kani=true&JigyosyoCd=0175200294-00&ServiceCd=430&Type=search" }, "geometry": { "type": "Point", "coordinates": [ 144.1734654, 43.9125573 ] } },
{ "type": "Feature", "properties": { "内容": "居宅介護支援事業所　女満別ドリーム苑【居宅介護支援】網走郡大空町女満別西４条５丁目４番１０号", "url2": "https://www.kaigokensaku.mhlw.go.jp/01/index.php?action_kouhyou_detail_004_kani=true&JigyosyoCd=0175200021-00&ServiceCd=430&Type=search" }, "geometry": { "type": "Point", "coordinates": [ 144.170818, 43.915941 ] } },
{ "type": "Feature", "properties": { "内容": "介護相談センターたんと【居宅介護支援】北海道網走郡大空町東藻琴160番地の44", "url2": "https://www.kaigokensaku.mhlw.go.jp/01/index.php?action_kouhyou_detail_004_kani=true&JigyosyoCd=0175200310-00&ServiceCd=430&Type=search" }, "geometry": { "type": "Point", "coordinates": [ 144.2950093, 43.8471287 ] } },
{ "type": "Feature", "properties": { "内容": "道央佐藤病院居宅介護支援事業所白老【居宅介護支援】北海道白老郡白老町東町2丁目4番12号", "url2": "https://www.kaigokensaku.mhlw.go.jp/01/index.php?action_kouhyou_detail_004_kani=true&JigyosyoCd=0173601832-00&ServiceCd=430&Type=search" }, "geometry": { "type": "Point", "coordinates": [ 141.3611267, 42.5541541 ] } },
{ "type": "Feature", "properties": { "内容": "北海道リハビリテーションセンター特養部　　居宅介護支援事業所【居宅介護支援】白老郡白老町字竹浦１３２番地", "url2": "https://www.kaigokensaku.mhlw.go.jp/01/index.php?action_kouhyou_detail_004_kani=true&JigyosyoCd=0173600156-00&ServiceCd=430&Type=search" }, "geometry": { "type": "Point", "coordinates": [ 141.230429, 42.4712946 ] } },
{ "type": "Feature", "properties": { "内容": "居宅介護支援事業所どんぐり【居宅介護支援】北海道白老郡白老町字萩野310-112", "url2": "https://www.kaigokensaku.mhlw.go.jp/01/index.php?action_kouhyou_detail_004_kani=true&JigyosyoCd=0173602657-00&ServiceCd=430&Type=search" }, "geometry": { "type": "Point", "coordinates": [ 141.310035699999958, 42.5258488 ] } },
{ "type": "Feature", "properties": { "内容": "白老町社協介護支援相談所【居宅介護支援】北海道白老郡白老町東町４丁目６番７号白老町総合保健福祉センターいきいき４・６内", "url2": "https://www.kaigokensaku.mhlw.go.jp/01/index.php?action_kouhyou_detail_004_kani=true&JigyosyoCd=0173600222-00&ServiceCd=430&Type=search" }, "geometry": { "type": "Point", "coordinates": [ 141.368207100000063, 42.5550432 ] } },
{ "type": "Feature", "properties": { "内容": "ケアプランセンターつむぎ【居宅介護支援】北海道勇払郡厚真町上厚真211番地の25", "url2": "https://www.kaigokensaku.mhlw.go.jp/01/index.php?action_kouhyou_detail_004_kani=true&JigyosyoCd=0173629932-00&ServiceCd=430&Type=search" }, "geometry": { "type": "Point", "coordinates": [ 141.84679995396732, 42.642674831792576 ] } },
{ "type": "Feature", "properties": { "内容": "あつま居宅介護支援事業所【居宅介護支援】北海道勇払郡厚真町新町１１６－３", "url2": "https://www.kaigokensaku.mhlw.go.jp/01/index.php?action_kouhyou_detail_004_kani=true&JigyosyoCd=0173600271-00&ServiceCd=430&Type=search" }, "geometry": { "type": "Point", "coordinates": [ 141.88207908650574, 42.720910100181953 ] } },
{ "type": "Feature", "properties": { "内容": "指定居宅介護支援事業者さくら【居宅介護支援】虻田郡洞爺湖町洞爺町５４番地４１", "url2": "https://www.kaigokensaku.mhlw.go.jp/01/index.php?action_kouhyou_detail_004_kani=true&JigyosyoCd=0113711121-00&ServiceCd=430&Type=search" }, "geometry": { "type": "Point", "coordinates": [ 140.82978090000006, 42.6568793 ] } },
{ "type": "Feature", "properties": { "内容": "ふる里の丘居宅介護支援事業所【居宅介護支援】北海道虻田郡洞爺湖町清水２１－９８", "url2": "https://www.kaigokensaku.mhlw.go.jp/01/index.php?action_kouhyou_detail_004_kani=true&JigyosyoCd=0173700097-00&ServiceCd=430&Type=search" }, "geometry": { "type": "Point", "coordinates": [ 140.7454583, 42.5590695 ] } },
{ "type": "Feature", "properties": { "内容": "居宅介護支援事業所えんじゅ【居宅介護支援】北海道虻田郡洞爺湖町高砂町126番地社会福祉法人北海道社会事業協会　洞爺病院", "url2": "https://www.kaigokensaku.mhlw.go.jp/01/index.php?action_kouhyou_detail_004_kani=true&JigyosyoCd=0173700014-00&ServiceCd=430&Type=search" }, "geometry": { "type": "Point", "coordinates": [ 140.774278135260033, 42.550957240177439 ] } },
{ "type": "Feature", "properties": { "内容": "追分陽光苑居宅介護支援事業所【居宅介護支援】北海道勇払群安平町追分追分青葉1丁目102番地", "url2": "https://www.kaigokensaku.mhlw.go.jp/01/index.php?action_kouhyou_detail_004_kani=true&JigyosyoCd=0173600164-00&ServiceCd=430&Type=search" }, "geometry": { "type": "Point", "coordinates": [ 141.820952199999965, 42.8697033 ] } },
{ "type": "Feature", "properties": { "内容": "サックル介護保険相談所【居宅介護支援】北海道勇払郡安平町早来栄町１５７番地１", "url2": "https://www.kaigokensaku.mhlw.go.jp/01/index.php?action_kouhyou_detail_004_kani=true&JigyosyoCd=0173600321-00&ServiceCd=430&Type=search" }, "geometry": { "type": "Point", "coordinates": [ 141.81146549999994, 42.7588597 ] } },
{ "type": "Feature", "properties": { "内容": "穂別居宅介護支援事業所【居宅介護支援】北海道勇払郡むかわ町穂別８１番地", "url2": "https://www.kaigokensaku.mhlw.go.jp/01/index.php?action_kouhyou_detail_004_kani=true&JigyosyoCd=0173600974-00&ServiceCd=430&Type=search" }, "geometry": { "type": "Point", "coordinates": [ 142.138669899999968, 42.7664582 ] } },
{ "type": "Feature", "properties": { "内容": "むかわ町鵡川厚生指定居宅介護支援事業所【居宅介護支援】北海道勇払郡むかわ町美幸１丁目８６番地", "url2": "https://www.kaigokensaku.mhlw.go.jp/01/index.php?action_kouhyou_detail_004_kani=true&JigyosyoCd=0173601196-00&ServiceCd=430&Type=search" }, "geometry": { "type": "Point", "coordinates": [ 141.923106100000041, 42.5764341 ] } },
{ "type": "Feature", "properties": { "内容": "たんぽぽケアプランセンター【居宅介護支援】北海道勇払郡むかわ町美幸３－３－１", "url2": "https://www.kaigokensaku.mhlw.go.jp/01/index.php?action_kouhyou_detail_004_kani=true&JigyosyoCd=0173602863-00&ServiceCd=430&Type=search" }, "geometry": { "type": "Point", "coordinates": [ 141.925022500000011, 42.5741263 ] } },
{ "type": "Feature", "properties": { "内容": "社会福祉法人むかわ町社会福祉協議会指定居宅介護支援事業所【居宅介護支援】北海道勇払郡むかわ町美幸３－３－１四季の館", "url2": "https://www.kaigokensaku.mhlw.go.jp/01/index.php?action_kouhyou_detail_004_kani=true&JigyosyoCd=0173602962-00&ServiceCd=430&Type=search" }, "geometry": { "type": "Point", "coordinates": [ 141.925022500000011, 42.5741263 ] } },
{ "type": "Feature", "properties": { "内容": "ケアマネージメント日高ふくろうの森【居宅介護支援】北海道沙流郡日高町門別本町12-8特別養護老人ホーム門別得陽園内", "url2": "https://www.kaigokensaku.mhlw.go.jp/01/index.php?action_kouhyou_detail_004_kani=true&JigyosyoCd=0173801069-00&ServiceCd=430&Type=search" }, "geometry": { "type": "Point", "coordinates": [ 142.059707099999969, 42.4816146 ] } },
{ "type": "Feature", "properties": { "内容": "社会福祉法人愛光会　在宅ケアセンター【居宅介護支援】沙流郡日高町門別本町１２番地の２７門別ふれあいセンター", "url2": "https://www.kaigokensaku.mhlw.go.jp/01/index.php?action_kouhyou_detail_004_kani=true&JigyosyoCd=0173800061-00&ServiceCd=430&Type=search" }, "geometry": { "type": "Point", "coordinates": [ 142.067625899999939, 42.480651 ] } },
{ "type": "Feature", "properties": { "内容": "日高町立日高居宅介護支援事業所【居宅介護支援】沙流郡日高町本町東３丁目２９９番地の１日高町日高総合支所", "url2": "https://www.kaigokensaku.mhlw.go.jp/01/index.php?action_kouhyou_detail_004_kani=true&JigyosyoCd=0173800665-00&ServiceCd=430&Type=search" }, "geometry": { "type": "Point", "coordinates": [ 142.441330451065056, 42.878037524361424 ] } },
{ "type": "Feature", "properties": { "内容": "日高町立門別居宅介護支援事業所【居宅介護支援】沙流郡日高町門別本町２１０番地の１日高町役場", "url2": "https://www.kaigokensaku.mhlw.go.jp/01/index.php?action_kouhyou_detail_004_kani=true&JigyosyoCd=0173800681-00&ServiceCd=430&Type=search" }, "geometry": { "type": "Point", "coordinates": [ 142.074359246287088, 42.480365408139747 ] } },
{ "type": "Feature", "properties": { "内容": "居宅介護支援事業所センカ【居宅介護支援】北海道沙流郡日高町字厚賀町１７５番地の３", "url2": "https://www.kaigokensaku.mhlw.go.jp/01/index.php?action_kouhyou_detail_004_kani=true&JigyosyoCd=0173801572-00&ServiceCd=430&Type=search" }, "geometry": { "type": "Point", "coordinates": [ 142.224340399999988, 42.4263346 ] } },
{ "type": "Feature", "properties": { "内容": "平取町指定居宅介護支援事業所【居宅介護支援】北海道沙流郡平取町本町３５番地１ふれあいセンターびらとり", "url2": "https://www.kaigokensaku.mhlw.go.jp/01/index.php?action_kouhyou_detail_004_kani=true&JigyosyoCd=0173800103-00&ServiceCd=430&Type=search" }, "geometry": { "type": "Point", "coordinates": [ 142.134369399999969, 42.5856921 ] } },
{ "type": "Feature", "properties": { "内容": "社会福祉法人平取町社会福祉協議会指定居宅介護支援事業所【居宅介護支援】北海道沙流郡平取町本町８８番地１", "url2": "https://www.kaigokensaku.mhlw.go.jp/01/index.php?action_kouhyou_detail_004_kani=true&JigyosyoCd=0173800772-00&ServiceCd=430&Type=search" }, "geometry": { "type": "Point", "coordinates": [ 142.137309101080291, 42.589610018872825 ] } },
{ "type": "Feature", "properties": { "内容": "新冠町居宅介護支援事業所【居宅介護支援】新冠町字北星町３－２", "url2": "https://www.kaigokensaku.mhlw.go.jp/01/index.php?action_kouhyou_detail_004_kani=true&JigyosyoCd=0173800012-00&ServiceCd=430&Type=search" }, "geometry": { "type": "Point", "coordinates": [ 142.31831539999996, 42.3624166 ] } },
{ "type": "Feature", "properties": { "内容": "指定居宅介護支援事業所ケアラボ【居宅介護支援】北海道新冠郡新冠町字北星町8番地の51", "url2": "https://www.kaigokensaku.mhlw.go.jp/01/index.php?action_kouhyou_detail_004_kani=true&JigyosyoCd=0173801473-00&ServiceCd=430&Type=search" }, "geometry": { "type": "Point", "coordinates": [ 142.318779200000023, 42.3658098 ] } },
{ "type": "Feature", "properties": { "内容": "医療法人讃生会居宅介護支援事業所浦河緑苑【居宅介護支援】北海道浦河郡浦河町字東栄571番3", "url2": "https://www.kaigokensaku.mhlw.go.jp/01/index.php?action_kouhyou_detail_004_kani=true&JigyosyoCd=0173801226-00&ServiceCd=430&Type=search" }, "geometry": { "type": "Point", "coordinates": [ 142.694920799999977, 42.1953432 ] } },
{ "type": "Feature", "properties": { "内容": "ルピナス居宅介護支援事業所【居宅介護支援】北海道浦河郡浦河町字野深1番地の１", "url2": "https://www.kaigokensaku.mhlw.go.jp/01/index.php?action_kouhyou_detail_004_kani=true&JigyosyoCd=0173801200-00&ServiceCd=430&Type=search" }, "geometry": { "type": "Point", "coordinates": [ 142.733742, 42.2441927 ] } },
{ "type": "Feature", "properties": { "内容": "ケアプランセンター　エール【居宅介護支援】北海道浦河郡浦河町東町かしわ4丁目1番10号", "url2": "https://www.kaigokensaku.mhlw.go.jp/01/index.php?action_kouhyou_detail_004_kani=true&JigyosyoCd=0173801184-00&ServiceCd=430&Type=search" }, "geometry": { "type": "Point", "coordinates": [ 142.795951837704592, 42.167706071842353 ] } },
{ "type": "Feature", "properties": { "内容": "浦河町社協居宅介護支援事業所【居宅介護支援】北海道浦河郡浦河町築地１丁目４番３８号浦河町社会福祉会館内", "url2": "https://www.kaigokensaku.mhlw.go.jp/01/index.php?action_kouhyou_detail_004_kani=true&JigyosyoCd=0173800236-00&ServiceCd=430&Type=search" }, "geometry": { "type": "Point", "coordinates": [ 142.767695499999945, 42.1677576 ] } },
{ "type": "Feature", "properties": { "内容": "勤医協浦河居宅介護支援事業所【居宅介護支援】北海道浦河郡浦河町築地２丁目１番２号", "url2": "https://www.kaigokensaku.mhlw.go.jp/01/index.php?action_kouhyou_detail_004_kani=true&JigyosyoCd=0173801325-00&ServiceCd=430&Type=search" }, "geometry": { "type": "Point", "coordinates": [ 142.767582899999979, 42.1697679 ] } },
{ "type": "Feature", "properties": { "内容": "居宅介護支援事業所サニーサイド【居宅介護支援】北海道様似郡様似町大通1丁目49番地", "url2": "https://www.kaigokensaku.mhlw.go.jp/01/index.php?action_kouhyou_detail_004_kani=true&JigyosyoCd=0173801374-00&ServiceCd=430&Type=search" }, "geometry": { "type": "Point", "coordinates": [ 142.931144100000012, 42.1277729 ] } },
{ "type": "Feature", "properties": { "内容": "さまに居宅介護支援事業所【居宅介護支援】北海道様似郡様似町大通２丁目98番地の２様似町保健福祉センターきらく内", "url2": "https://www.kaigokensaku.mhlw.go.jp/01/index.php?action_kouhyou_detail_004_kani=true&JigyosyoCd=0173800020-00&ServiceCd=430&Type=search" }, "geometry": { "type": "Point", "coordinates": [ 142.936363300000039, 42.1270055 ] } },
{ "type": "Feature", "properties": { "内容": "様似町指定居宅介護支援事業所【居宅介護支援】北海道様似郡様似町大通２丁目98番地の2様似町保健福祉センター", "url2": "https://www.kaigokensaku.mhlw.go.jp/01/index.php?action_kouhyou_detail_004_kani=true&JigyosyoCd=0173800038-00&ServiceCd=430&Type=search" }, "geometry": { "type": "Point", "coordinates": [ 142.936646809525627, 42.128319012114417 ] } },
{ "type": "Feature", "properties": { "内容": "えりも町社協居宅介護支援事業所【居宅介護支援】北海道幌泉郡えりも町字本町206番地えりも町役場　１階", "url2": "https://www.kaigokensaku.mhlw.go.jp/01/index.php?action_kouhyou_detail_004_kani=true&JigyosyoCd=0173800293-00&ServiceCd=430&Type=search" }, "geometry": { "type": "Point", "coordinates": [ 143.148486084655786, 42.016267384169673 ] } },
{ "type": "Feature", "properties": { "内容": "しずないケアプラン相談センター【居宅介護支援】北海道日高郡新ひだか町静内神森２４８番地１０", "url2": "https://www.kaigokensaku.mhlw.go.jp/01/index.php?action_kouhyou_detail_004_kani=true&JigyosyoCd=0173801085-00&ServiceCd=430&Type=search" }, "geometry": { "type": "Point", "coordinates": [ 142.3800642, 42.3529721 ] } },
{ "type": "Feature", "properties": { "内容": "新ひだか町指定みついし居宅介護支援事業所【居宅介護支援】北海道日高郡新ひだか町三石旭町50番地の１", "url2": "https://www.kaigokensaku.mhlw.go.jp/01/index.php?action_kouhyou_detail_004_kani=true&JigyosyoCd=0173800756-00&ServiceCd=430&Type=search" }, "geometry": { "type": "Point", "coordinates": [ 142.56602040000007, 42.2481826 ] } },
{ "type": "Feature", "properties": { "内容": "指定居宅支援事業所さくら【居宅介護支援】日高郡新ひだか町静内柏台23-13", "url2": "https://www.kaigokensaku.mhlw.go.jp/01/index.php?action_kouhyou_detail_004_kani=true&JigyosyoCd=0173801564-00&ServiceCd=430&Type=search" }, "geometry": { "type": "Point", "coordinates": [ 142.3500079, 42.3492941 ] } },
{ "type": "Feature", "properties": { "内容": "一般社団法人北海道総合在宅ケア事業団　新ひだか地域ケアプラン相談センター【居宅介護支援】北海道日高郡新ひだか町静内緑町４丁目５－１新ひだか町保健福祉センター１F", "url2": "https://www.kaigokensaku.mhlw.go.jp/01/index.php?action_kouhyou_detail_004_kani=true&JigyosyoCd=0163890023-00&ServiceCd=430&Type=search" }, "geometry": { "type": "Point", "coordinates": [ 142.374590399999988, 42.3388982 ] } },
{ "type": "Feature", "properties": { "内容": "日高徳洲会居宅介護センター【居宅介護支援】北海道日高郡新ひだか町静内こうせい町1丁目10番27号", "url2": "https://www.kaigokensaku.mhlw.go.jp/01/index.php?action_kouhyou_detail_004_kani=true&JigyosyoCd=0173801283-00&ServiceCd=430&Type=search" }, "geometry": { "type": "Point", "coordinates": [ 142.374876099999938, 42.3446283 ] } },
{ "type": "Feature", "properties": { "内容": "介護相談センター萌みついし【居宅介護支援】北海道日高郡新ひだか町三石旭町49番地の16", "url2": "https://www.kaigokensaku.mhlw.go.jp/01/index.php?action_kouhyou_detail_004_kani=true&JigyosyoCd=0173801390-00&ServiceCd=430&Type=search" }, "geometry": { "type": "Point", "coordinates": [ 142.56733709895019, 42.247973821730469 ] } },
{ "type": "Feature", "properties": { "内容": "新ひだか社協介護支援センター【居宅介護支援】日高郡新ひだか町静内青柳町２丁目３番１号", "url2": "https://www.kaigokensaku.mhlw.go.jp/01/index.php?action_kouhyou_detail_004_kani=true&JigyosyoCd=0173800087-00&ServiceCd=430&Type=search" }, "geometry": { "type": "Point", "coordinates": [ 142.3704464, 42.3356678 ] } },
{ "type": "Feature", "properties": { "内容": "新ひだか町指定居宅介護支援事業所【居宅介護支援】北海道日高郡新ひだか町静内緑町４丁目５番１号", "url2": "https://www.kaigokensaku.mhlw.go.jp/01/index.php?action_kouhyou_detail_004_kani=true&JigyosyoCd=0173800707-00&ServiceCd=430&Type=search" }, "geometry": { "type": "Point", "coordinates": [ 142.374590399999988, 42.3388982 ] } },
{ "type": "Feature", "properties": { "内容": "山口介護相談所【居宅介護支援】北海道日高郡新ひだか町静内ときわ町三丁目５番１４号", "url2": "https://www.kaigokensaku.mhlw.go.jp/01/index.php?action_kouhyou_detail_004_kani=true&JigyosyoCd=0173801515-00&ServiceCd=430&Type=search" }, "geometry": { "type": "Point", "coordinates": [ 142.3652756, 42.3452278 ] } },
{ "type": "Feature", "properties": { "内容": "ケアプランセンター月のうさぎ【居宅介護支援】北海道日高郡新ひだか町静内山手町1丁目2番4号", "url2": "https://www.kaigokensaku.mhlw.go.jp/01/index.php?action_kouhyou_detail_004_kani=true&JigyosyoCd=0173801580-00&ServiceCd=430&Type=search" }, "geometry": { "type": "Point", "coordinates": [ 142.3630665, 42.3419817 ] } },
{ "type": "Feature", "properties": { "内容": "公益財団法人北海道医療団ケアマネジメントセンターほほえみ【居宅介護支援】河東郡音更町緑陽台南区２番地６", "url2": "https://www.kaigokensaku.mhlw.go.jp/01/index.php?action_kouhyou_detail_004_kani=true&JigyosyoCd=0164690075-00&ServiceCd=430&Type=search" }, "geometry": { "type": "Point", "coordinates": [ 143.197973, 42.9638387 ] } },
{ "type": "Feature", "properties": { "内容": "北勝館ケアプランセンター【居宅介護支援】河東郡音更町木野大通東17丁目2番地4", "url2": "https://www.kaigokensaku.mhlw.go.jp/01/index.php?action_kouhyou_detail_004_kani=true&JigyosyoCd=0174701458-00&ServiceCd=430&Type=search" }, "geometry": { "type": "Point", "coordinates": [ 143.208760997869803, 42.970509547924657 ] } },
{ "type": "Feature", "properties": { "内容": "指定居宅介護支援事業所結おとふけ【居宅介護支援】北海道河東郡音更町新通12丁目7番地ﾄｰｼﾝﾋﾞﾙ", "url2": "https://www.kaigokensaku.mhlw.go.jp/01/index.php?action_kouhyou_detail_004_kani=true&JigyosyoCd=0174701649-00&ServiceCd=430&Type=search" }, "geometry": { "type": "Point", "coordinates": [ 143.204115, 42.991355 ] } },
{ "type": "Feature", "properties": { "内容": "ケアサポート　あっとほーむ【居宅介護支援】北海道河東郡音更町木野大通東13丁目1-43ルゼルK　101号室ルゼルK　101号室", "url2": "https://www.kaigokensaku.mhlw.go.jp/01/index.php?action_kouhyou_detail_004_kani=true&JigyosyoCd=0174701813-00&ServiceCd=430&Type=search" }, "geometry": { "type": "Point", "coordinates": [ 143.20894748838009, 42.961599037461319 ] } },
{ "type": "Feature", "properties": { "内容": "居宅介護支援事業所らんらん【居宅介護支援】河東郡音更町柏寿台1番地5", "url2": "https://www.kaigokensaku.mhlw.go.jp/01/index.php?action_kouhyou_detail_004_kani=true&JigyosyoCd=0174700146-00&ServiceCd=430&Type=search" }, "geometry": { "type": "Point", "coordinates": [ 143.192948099999967, 43.0030641 ] } },
{ "type": "Feature", "properties": { "内容": "あんじゅ音更指定居宅介護支援事業所【居宅介護支援】北海道河東郡音更町中鈴蘭元町２番地９", "url2": "https://www.kaigokensaku.mhlw.go.jp/01/index.php?action_kouhyou_detail_004_kani=true&JigyosyoCd=0174700997-00&ServiceCd=430&Type=search" }, "geometry": { "type": "Point", "coordinates": [ 143.190677100000016, 42.9555115 ] } },
{ "type": "Feature", "properties": { "内容": "おとふけケアプランサービス【居宅介護支援】北海道河東郡音更町東通１２丁目４番地１７", "url2": "https://www.kaigokensaku.mhlw.go.jp/01/index.php?action_kouhyou_detail_004_kani=true&JigyosyoCd=0174702233-00&ServiceCd=430&Type=search" }, "geometry": { "type": "Point", "coordinates": [ 143.208707800000013, 42.9919607 ] } },
{ "type": "Feature", "properties": { "内容": "帯広徳洲会介護センター【居宅介護支援】河東郡音更町木野西通１４丁目２－１帯広徳洲会病院1階", "url2": "https://www.kaigokensaku.mhlw.go.jp/01/index.php?action_kouhyou_detail_004_kani=true&JigyosyoCd=0114712888-00&ServiceCd=430&Type=search" }, "geometry": { "type": "Point", "coordinates": [ 143.203908400000046, 42.9633252 ] } },
{ "type": "Feature", "properties": { "内容": "士幌町居宅介護支援事業所【居宅介護支援】北海道河東郡士幌町字士幌西２線１６７番地総合福祉センター内", "url2": "https://www.kaigokensaku.mhlw.go.jp/01/index.php?action_kouhyou_detail_004_kani=true&JigyosyoCd=0174700096-00&ServiceCd=430&Type=search" }, "geometry": { "type": "Point", "coordinates": [ 143.24823416945037, 43.170852767623032 ] } },
{ "type": "Feature", "properties": { "内容": "上士幌町居宅介護支援事業所【居宅介護支援】北海道河東郡上士幌町字上士幌東3線236番地", "url2": "https://www.kaigokensaku.mhlw.go.jp/01/index.php?action_kouhyou_detail_004_kani=true&JigyosyoCd=0174700526-00&ServiceCd=430&Type=search" }, "geometry": { "type": "Point", "coordinates": [ 143.296427900000026, 43.2300623 ] } },
{ "type": "Feature", "properties": { "内容": "社会医療法人北斗　上士幌在宅ケアセンター栞【居宅介護支援】北海道上士幌町字上士幌東３線２４０番地73社会医療法人北斗　介護老人保健施設かみしほろ１階", "url2": "https://www.kaigokensaku.mhlw.go.jp/01/index.php?action_kouhyou_detail_004_kani=true&JigyosyoCd=0174702092-00&ServiceCd=430&Type=search" }, "geometry": { "type": "Point", "coordinates": [ 143.2964771, 43.233376 ] } },
{ "type": "Feature", "properties": { "内容": "社会福祉法人上士幌町社会福祉協議会　ケアプランセンター上士幌【居宅介護支援】北海道河東郡上士幌町字上士幌東3線237番地上士幌町生涯学習センター", "url2": "https://www.kaigokensaku.mhlw.go.jp/01/index.php?action_kouhyou_detail_004_kani=true&JigyosyoCd=0174700294-00&ServiceCd=430&Type=search" }, "geometry": { "type": "Point", "coordinates": [ 143.2931393, 43.232473 ] } },
{ "type": "Feature", "properties": { "内容": "社会福祉法人上士幌福寿協会指定居宅介護支援事業所ひまわり【居宅介護支援】北海道河東郡上士幌町字上士幌東2線242番地", "url2": "https://www.kaigokensaku.mhlw.go.jp/01/index.php?action_kouhyou_detail_004_kani=true&JigyosyoCd=0174701730-00&ServiceCd=430&Type=search" }, "geometry": { "type": "Point", "coordinates": [ 143.290783799999986, 43.2363059 ] } },
{ "type": "Feature", "properties": { "内容": "鹿追町居宅介護支援事業所【居宅介護支援】河東郡鹿追町東町４丁目２番地１鹿追町トリムセンター", "url2": "https://www.kaigokensaku.mhlw.go.jp/01/index.php?action_kouhyou_detail_004_kani=true&JigyosyoCd=0174700112-00&ServiceCd=430&Type=search" }, "geometry": { "type": "Point", "coordinates": [ 142.991179200000033, 43.0957273 ] } },
{ "type": "Feature", "properties": { "内容": "もみじの里居宅介護支援事業所【居宅介護支援】北海道河東郡鹿追町鹿追北２線８番地３３", "url2": "https://www.kaigokensaku.mhlw.go.jp/01/index.php?action_kouhyou_detail_004_kani=true&JigyosyoCd=0174701474-00&ServiceCd=430&Type=search" }, "geometry": { "type": "Point", "coordinates": [ 142.99464, 43.0950663 ] } },
{ "type": "Feature", "properties": { "内容": "ケアプランセンターしかおい社協【居宅介護支援】北海道河東郡鹿追町東町４丁目２番地１鹿追町トリムセンター内", "url2": "https://www.kaigokensaku.mhlw.go.jp/01/index.php?action_kouhyou_detail_004_kani=true&JigyosyoCd=0174700401-00&ServiceCd=430&Type=search" }, "geometry": { "type": "Point", "coordinates": [ 142.9910652, 43.0954122 ] } },
{ "type": "Feature", "properties": { "内容": "居宅介護支援事業所　かしわのもり【居宅介護支援】北海道河東郡鹿追町南町3丁目10-1", "url2": "https://www.kaigokensaku.mhlw.go.jp/01/index.php?action_kouhyou_detail_004_kani=true&JigyosyoCd=0174702134-00&ServiceCd=430&Type=search" }, "geometry": { "type": "Point", "coordinates": [ 142.989312471623919, 43.095410133837341 ] } },
{ "type": "Feature", "properties": { "内容": "新得町介護サービスセンター【居宅介護支援】北海道上川郡新得町３条南３丁目５番地新得町保健福祉センターなごみ", "url2": "https://www.kaigokensaku.mhlw.go.jp/01/index.php?action_kouhyou_detail_004_kani=true&JigyosyoCd=0174700468-00&ServiceCd=430&Type=search" }, "geometry": { "type": "Point", "coordinates": [ 142.837323, 43.0803935 ] } },
{ "type": "Feature", "properties": { "内容": "居宅介護支援事業所　新得やすらぎ荘【居宅介護支援】北海道上川郡新得町西3条北１丁目", "url2": "https://www.kaigokensaku.mhlw.go.jp/01/index.php?action_kouhyou_detail_004_kani=true&JigyosyoCd=0174700179-00&ServiceCd=430&Type=search" }, "geometry": { "type": "Point", "coordinates": [ 142.825190853550652, 43.081100281728325 ] } },
{ "type": "Feature", "properties": { "内容": "ケアプランセンターしんとく社協【居宅介護支援】北海道上川郡新得町3条南3丁目5番地新得町保健福祉センターなごみ", "url2": "https://www.kaigokensaku.mhlw.go.jp/01/index.php?action_kouhyou_detail_004_kani=true&JigyosyoCd=0174701334-00&ServiceCd=430&Type=search" }, "geometry": { "type": "Point", "coordinates": [ 142.8375413, 43.0804494 ] } },
{ "type": "Feature", "properties": { "内容": "特定非営利活動法人地域福祉支援センターちいさな手【居宅介護支援】北海道上川郡新得町字新得西３線50番地18", "url2": "https://www.kaigokensaku.mhlw.go.jp/01/index.php?action_kouhyou_detail_004_kani=true&JigyosyoCd=0174700062-00&ServiceCd=430&Type=search" }, "geometry": { "type": "Point", "coordinates": [ 142.810013700000013, 43.0782651 ] } },
{ "type": "Feature", "properties": { "内容": "清水町指定居宅介護支援事業所【居宅介護支援】上川郡清水町南３条２丁目１番地１", "url2": "https://www.kaigokensaku.mhlw.go.jp/01/index.php?action_kouhyou_detail_004_kani=true&JigyosyoCd=0174700187-00&ServiceCd=430&Type=search" }, "geometry": { "type": "Point", "coordinates": [ 142.880123899999944, 43.0088814 ] } },
{ "type": "Feature", "properties": { "内容": "清水赤十字居宅介護支援事業所【居宅介護支援】北海道上川郡清水町南2条西2丁目番地アンリーハイツB-6", "url2": "https://www.kaigokensaku.mhlw.go.jp/01/index.php?action_kouhyou_detail_004_kani=true&JigyosyoCd=0114710270-00&ServiceCd=430&Type=search" }, "geometry": { "type": "Point", "coordinates": [ 142.879262978452061, 43.010324873107045 ] } },
{ "type": "Feature", "properties": { "内容": "せせらぎ荘介護支援相談センター【居宅介護支援】北海道上川郡清水町南3条1丁目1番地", "url2": "https://www.kaigokensaku.mhlw.go.jp/01/index.php?action_kouhyou_detail_004_kani=true&JigyosyoCd=0174700823-00&ServiceCd=430&Type=search" }, "geometry": { "type": "Point", "coordinates": [ 142.882526399999961, 43.0109451 ] } },
{ "type": "Feature", "properties": { "内容": "指定居宅介護支援事業所　ケアマネセンター　りらく【居宅介護支援】北海道河西郡芽室町東芽室南２線１６-２", "url2": "https://www.kaigokensaku.mhlw.go.jp/01/index.php?action_kouhyou_detail_004_kani=true&JigyosyoCd=0154780035-00&ServiceCd=430&Type=search" }, "geometry": { "type": "Point", "coordinates": [ 143.093450599999983, 42.9132552 ] } },
{ "type": "Feature", "properties": { "内容": "社会福祉法人　芽室町社会福祉協議会　指定居宅介護支援事業所【居宅介護支援】河西郡芽室町東4条4丁目5番地芽室町保健福祉センター内", "url2": "https://www.kaigokensaku.mhlw.go.jp/01/index.php?action_kouhyou_detail_004_kani=true&JigyosyoCd=0174700344-00&ServiceCd=430&Type=search" }, "geometry": { "type": "Point", "coordinates": [ 143.054514583678753, 42.914235320359843 ] } },
{ "type": "Feature", "properties": { "内容": "中札内村居宅介護支援事業所【居宅介護支援】河西郡中札内村西２条南２丁目２番地中札内村老人保健福祉センター", "url2": "https://www.kaigokensaku.mhlw.go.jp/01/index.php?action_kouhyou_detail_004_kani=true&JigyosyoCd=0174700435-00&ServiceCd=430&Type=search" }, "geometry": { "type": "Point", "coordinates": [ 143.129126, 42.6987744 ] } },
{ "type": "Feature", "properties": { "内容": "更別村社会福祉協議会居宅介護支援事業所【居宅介護支援】河西郡更別村字更別１９０番地１", "url2": "https://www.kaigokensaku.mhlw.go.jp/01/index.php?action_kouhyou_detail_004_kani=true&JigyosyoCd=0174700708-00&ServiceCd=430&Type=search" }, "geometry": { "type": "Point", "coordinates": [ 143.193666921426399, 42.645705993251184 ] } },
{ "type": "Feature", "properties": { "内容": "居宅介護支援事業所「ひなたぼっこ」【居宅介護支援】広尾郡大樹町緑町22番地97", "url2": "https://www.kaigokensaku.mhlw.go.jp/01/index.php?action_kouhyou_detail_004_kani=true&JigyosyoCd=0174700724-00&ServiceCd=430&Type=search" }, "geometry": { "type": "Point", "coordinates": [ 143.270731699999942, 42.4899684 ] } },
{ "type": "Feature", "properties": { "内容": "南十勝居宅サービス事業所つばさ【居宅介護支援】北海道広尾郡大樹町字大樹10-8", "url2": "https://www.kaigokensaku.mhlw.go.jp/01/index.php?action_kouhyou_detail_004_kani=true&JigyosyoCd=0174700302-00&ServiceCd=430&Type=search" }, "geometry": { "type": "Point", "coordinates": [ 143.267089599999963, 42.502128 ] } },
{ "type": "Feature", "properties": { "内容": "ケアプランセンターひろお【居宅介護支援】北海道広尾郡広尾町公園通南４丁目１番地", "url2": "https://www.kaigokensaku.mhlw.go.jp/01/index.php?action_kouhyou_detail_004_kani=true&JigyosyoCd=0174700336-00&ServiceCd=430&Type=search" }, "geometry": { "type": "Point", "coordinates": [ 143.305481200000031, 42.2988669 ] } },
{ "type": "Feature", "properties": { "内容": "ケアマネセンターつなぐ【居宅介護支援】北海道中川郡幕別町札内新北町47-18レジデンスマンワⅣ101", "url2": "https://www.kaigokensaku.mhlw.go.jp/01/index.php?action_kouhyou_detail_004_kani=true&JigyosyoCd=0174701789-00&ServiceCd=430&Type=search" }, "geometry": { "type": "Point", "coordinates": [ 143.25058690000003, 42.9183964 ] } },
{ "type": "Feature", "properties": { "内容": "居宅介護支援事業所RegionalNurture【居宅介護支援】北海道中川郡幕別町札内共栄町175番地の8", "url2": "https://www.kaigokensaku.mhlw.go.jp/01/index.php?action_kouhyou_detail_004_kani=true&JigyosyoCd=0174702126-00&ServiceCd=430&Type=search" }, "geometry": { "type": "Point", "coordinates": [ 143.2456999, 42.9168915 ] } },
{ "type": "Feature", "properties": { "内容": "居宅介護支援事業所はなえみ【居宅介護支援】北海道中川郡幕別町札内北栄町45番地の1", "url2": "https://www.kaigokensaku.mhlw.go.jp/01/index.php?action_kouhyou_detail_004_kani=true&JigyosyoCd=0174702043-00&ServiceCd=430&Type=search" }, "geometry": { "type": "Point", "coordinates": [ 143.235180784655796, 42.917693628773719 ] } },
{ "type": "Feature", "properties": { "内容": "居宅介護支援事業所ブルーベリー【居宅介護支援】北海道中川郡札内桜町116番地の1", "url2": "https://www.kaigokensaku.mhlw.go.jp/01/index.php?action_kouhyou_detail_004_kani=true&JigyosyoCd=0174701375-00&ServiceCd=430&Type=search" }, "geometry": { "type": "Point", "coordinates": [ 143.243984599999976, 42.9205043 ] } },
{ "type": "Feature", "properties": { "内容": "てと手【居宅介護支援】北海道中川郡幕別町札内文京町37番地30", "url2": "https://www.kaigokensaku.mhlw.go.jp/01/index.php?action_kouhyou_detail_004_kani=true&JigyosyoCd=0174701979-00&ServiceCd=430&Type=search" }, "geometry": { "type": "Point", "coordinates": [ 143.246339649332157, 42.909763567612515 ] } },
{ "type": "Feature", "properties": { "内容": "札内寮介護サービスセンター【居宅介護支援】中川郡幕別町字依田379番地", "url2": "https://www.kaigokensaku.mhlw.go.jp/01/index.php?action_kouhyou_detail_004_kani=true&JigyosyoCd=0174700237-00&ServiceCd=430&Type=search" }, "geometry": { "type": "Point", "coordinates": [ 143.253529599999979, 42.8965519 ] } },
{ "type": "Feature", "properties": { "内容": "居宅介護支援事業所にこっとはなまる【居宅介護支援】北海道中川郡幕別町札内桂町569番地111", "url2": "https://www.kaigokensaku.mhlw.go.jp/01/index.php?action_kouhyou_detail_004_kani=true&JigyosyoCd=0174702183-00&ServiceCd=430&Type=search" }, "geometry": { "type": "Point", "coordinates": [ 143.244318445885824, 42.913910044401575 ] } },
{ "type": "Feature", "properties": { "内容": "公益社団法人　地域医療振興協会　東十勝居宅介護支援事業所【居宅介護支援】北海道中川郡池田町字西２条５丁目２３番地１", "url2": "https://www.kaigokensaku.mhlw.go.jp/01/index.php?action_kouhyou_detail_004_kani=true&JigyosyoCd=0164790172-00&ServiceCd=430&Type=search" }, "geometry": { "type": "Point", "coordinates": [ 143.446998247885176, 42.925800358349719 ] } },
{ "type": "Feature", "properties": { "内容": "池田町デイサービスセンター居宅介護支援事業所【居宅介護支援】北海道中川郡池田町字西2条10丁目2番地20", "url2": "https://www.kaigokensaku.mhlw.go.jp/01/index.php?action_kouhyou_detail_004_kani=true&JigyosyoCd=0174700245-00&ServiceCd=430&Type=search" }, "geometry": { "type": "Point", "coordinates": [ 143.442963400000053, 42.9357928 ] } },
{ "type": "Feature", "properties": { "内容": "ケアプランセンターいけだ【居宅介護支援】中川郡池田町字西３条６丁目１４番地の１", "url2": "https://www.kaigokensaku.mhlw.go.jp/01/index.php?action_kouhyou_detail_004_kani=true&JigyosyoCd=0174700047-00&ServiceCd=430&Type=search" }, "geometry": { "type": "Point", "coordinates": [ 143.445575, 42.9266912 ] } },
{ "type": "Feature", "properties": { "内容": "特定非営利活動法人　虹の家【居宅介護支援】北海道中川郡池田町字利別西町32番地の16", "url2": "https://www.kaigokensaku.mhlw.go.jp/01/index.php?action_kouhyou_detail_004_kani=true&JigyosyoCd=0174701383-00&ServiceCd=430&Type=search" }, "geometry": { "type": "Point", "coordinates": [ 143.423284400000057, 42.9322009 ] } },
{ "type": "Feature", "properties": { "内容": "とよころ居宅介護支援事業所【居宅介護支援】北海道中川郡豊頃町茂岩４９番地７８", "url2": "https://www.kaigokensaku.mhlw.go.jp/01/index.php?action_kouhyou_detail_004_kani=true&JigyosyoCd=0174700070-00&ServiceCd=430&Type=search" }, "geometry": { "type": "Point", "coordinates": [ 143.4980498, 42.8017401 ] } },
{ "type": "Feature", "properties": { "内容": "本別町指定居宅介護支援事業所【居宅介護支援】中川郡本別町西美里別６－１５", "url2": "https://www.kaigokensaku.mhlw.go.jp/01/index.php?action_kouhyou_detail_004_kani=true&JigyosyoCd=0174700377-00&ServiceCd=430&Type=search" }, "geometry": { "type": "Point", "coordinates": [ 143.591266799999971, 43.1219694 ] } },
{ "type": "Feature", "properties": { "内容": "ケアプランセンターほんべつ【居宅介護支援】北海道中川郡本別町西美里別６番地１５", "url2": "https://www.kaigokensaku.mhlw.go.jp/01/index.php?action_kouhyou_detail_004_kani=true&JigyosyoCd=0174702159-00&ServiceCd=430&Type=search" }, "geometry": { "type": "Point", "coordinates": [ 143.5912725, 43.1219681 ] } },
{ "type": "Feature", "properties": { "内容": "足寄町指定居宅介護支援事業所【居宅介護支援】北海道足寄郡足寄町北１条４丁目４８－１足寄町役場", "url2": "https://www.kaigokensaku.mhlw.go.jp/01/index.php?action_kouhyou_detail_004_kani=true&JigyosyoCd=0174700286-00&ServiceCd=430&Type=search" }, "geometry": { "type": "Point", "coordinates": [ 143.554124600000023, 43.2448343 ] } },
{ "type": "Feature", "properties": { "内容": "ケアプランセンターわtoわ【居宅介護支援】北海道足寄郡足寄町旭町２丁目丁目２７番地１", "url2": "https://www.kaigokensaku.mhlw.go.jp/01/index.php?action_kouhyou_detail_004_kani=true&JigyosyoCd=0174700971-00&ServiceCd=430&Type=search" }, "geometry": { "type": "Point", "coordinates": [ 143.559492799999987, 43.2430689 ] } },
{ "type": "Feature", "properties": { "内容": "足寄町社会福祉協議会指定居宅介護支援事業所【居宅介護支援】北海道足寄郡足寄町南６条２丁目７番地", "url2": "https://www.kaigokensaku.mhlw.go.jp/01/index.php?action_kouhyou_detail_004_kani=true&JigyosyoCd=0174700443-00&ServiceCd=430&Type=search" }, "geometry": { "type": "Point", "coordinates": [ 143.547718554631018, 43.237903633913376 ] } },
{ "type": "Feature", "properties": { "内容": "陸別町居宅介護支援事業所【居宅介護支援】北海道足寄郡陸別町字陸別東２条３丁目２番地陸別町保健センター", "url2": "https://www.kaigokensaku.mhlw.go.jp/01/index.php?action_kouhyou_detail_004_kani=true&JigyosyoCd=0174701888-00&ServiceCd=430&Type=search" }, "geometry": { "type": "Point", "coordinates": [ 143.748440842327909, 43.46850518936283 ] } },
{ "type": "Feature", "properties": { "内容": "うらほろ居宅介護支援センター【居宅介護支援】北海道十勝郡浦幌町字北町７番地２３", "url2": "https://www.kaigokensaku.mhlw.go.jp/01/index.php?action_kouhyou_detail_004_kani=true&JigyosyoCd=0174700138-00&ServiceCd=430&Type=search" }, "geometry": { "type": "Point", "coordinates": [ 143.661211500000036, 42.815746 ] } },
{ "type": "Feature", "properties": { "内容": "ケアプランセンターうらほろ【居宅介護支援】北海道十勝郡浦幌町字北町８番地１浦幌町保健福祉センター内", "url2": "https://www.kaigokensaku.mhlw.go.jp/01/index.php?action_kouhyou_detail_004_kani=true&JigyosyoCd=0174700310-00&ServiceCd=430&Type=search" }, "geometry": { "type": "Point", "coordinates": [ 143.6622059, 42.8153656 ] } },
{ "type": "Feature", "properties": { "内容": "きずな居宅介護支援事業所【居宅介護支援】北海道釧路郡釧路町新開5丁目32番地", "url2": "https://www.kaigokensaku.mhlw.go.jp/01/index.php?action_kouhyou_detail_004_kani=true&JigyosyoCd=0174300954-00&ServiceCd=430&Type=search" }, "geometry": { "type": "Point", "coordinates": [ 144.40498, 43.0012681 ] } },
{ "type": "Feature", "properties": { "内容": "社会福祉法人釧路町富喜会指定居宅介護支援事業所【居宅介護支援】北海道釧路郡釧路町睦2丁目1番地10", "url2": "https://www.kaigokensaku.mhlw.go.jp/01/index.php?action_kouhyou_detail_004_kani=true&JigyosyoCd=0154380026-00&ServiceCd=430&Type=search" }, "geometry": { "type": "Point", "coordinates": [ 144.4113817, 43.0115584 ] } },
{ "type": "Feature", "properties": { "内容": "そよかぜ釧路居宅介護支援事業所【居宅介護支援】北海道釧路郡釧路町中央4-1-1", "url2": "https://www.kaigokensaku.mhlw.go.jp/01/index.php?action_kouhyou_detail_004_kani=true&JigyosyoCd=0174101394-00&ServiceCd=430&Type=search" }, "geometry": { "type": "Point", "coordinates": [ 144.4230258, 43.0050983 ] } },
{ "type": "Feature", "properties": { "内容": "指定居宅介護支援事業所　にこにこケアセンター【居宅介護支援】北海道釧路郡釧路町新開６丁目２０番地２", "url2": "https://www.kaigokensaku.mhlw.go.jp/01/index.php?action_kouhyou_detail_004_kani=true&JigyosyoCd=0174300400-00&ServiceCd=430&Type=search" }, "geometry": { "type": "Point", "coordinates": [ 144.405819, 43.0019923 ] } },
{ "type": "Feature", "properties": { "内容": "合同会社KTケアプランセンターなごみ【居宅介護支援】北海道厚岸郡厚岸町白浜4丁目7番地", "url2": "https://www.kaigokensaku.mhlw.go.jp/01/index.php?action_kouhyou_detail_004_kani=true&JigyosyoCd=0174300939-00&ServiceCd=430&Type=search" }, "geometry": { "type": "Point", "coordinates": [ 144.8188326, 43.0696302 ] } },
{ "type": "Feature", "properties": { "内容": "ケアセンターＨＯＲＩ(有)指定居宅介護支援事業所【居宅介護支援】厚岸郡厚岸町港町２丁目１５番地マリンブルーハイツ１－Ａ", "url2": "https://www.kaigokensaku.mhlw.go.jp/01/index.php?action_kouhyou_detail_004_kani=true&JigyosyoCd=0174300426-00&ServiceCd=430&Type=search" }, "geometry": { "type": "Point", "coordinates": [ 144.850843, 43.0542481 ] } },
{ "type": "Feature", "properties": { "内容": "医療法人社団田中医院　厚岸居宅介護支援センターあやめ【居宅介護支援】北海道厚岸郡厚岸町真栄1丁目82番地", "url2": "https://www.kaigokensaku.mhlw.go.jp/01/index.php?action_kouhyou_detail_004_kani=true&JigyosyoCd=0174300285-00&ServiceCd=430&Type=search" }, "geometry": { "type": "Point", "coordinates": [ 144.842063100000018, 43.0554033 ] } },
{ "type": "Feature", "properties": { "内容": "社会福祉法人厚岸町社会福祉協議会指定居宅介護支援事業所【居宅介護支援】北海道厚岸郡厚岸町梅香2丁目1番地", "url2": "https://www.kaigokensaku.mhlw.go.jp/01/index.php?action_kouhyou_detail_004_kani=true&JigyosyoCd=0174300020-00&ServiceCd=430&Type=search" }, "geometry": { "type": "Point", "coordinates": [ 144.848349699999972, 43.0375251 ] } },
{ "type": "Feature", "properties": { "内容": "医療法人社団田中医院　浜中居宅介護支援センターあやめ【居宅介護支援】北海道厚岸郡浜中町琵琶瀬60番地", "url2": "https://www.kaigokensaku.mhlw.go.jp/01/index.php?action_kouhyou_detail_004_kani=true&JigyosyoCd=0174300806-00&ServiceCd=430&Type=search" }, "geometry": { "type": "Point", "coordinates": [ 145.084138755457246, 43.062053136211297 ] } },
{ "type": "Feature", "properties": { "内容": "ハイツ・野いちご居宅介護支援事業所【居宅介護支援】北海道厚岸郡浜中町茶内緑91番地", "url2": "https://www.kaigokensaku.mhlw.go.jp/01/index.php?action_kouhyou_detail_004_kani=true&JigyosyoCd=0174300038-00&ServiceCd=430&Type=search" }, "geometry": { "type": "Point", "coordinates": [ 145.024446, 43.1288102 ] } },
{ "type": "Feature", "properties": { "内容": "浜中町ケアマネジメントセンター【居宅介護支援】北海道厚岸郡浜中町湯沸４４５番地浜中町役場", "url2": "https://www.kaigokensaku.mhlw.go.jp/01/index.php?action_kouhyou_detail_004_kani=true&JigyosyoCd=0174300012-00&ServiceCd=430&Type=search" }, "geometry": { "type": "Point", "coordinates": [ 145.131233760586412, 43.076360440868037 ] } },
{ "type": "Feature", "properties": { "内容": "標茶町指定居宅介護支援事業所【居宅介護支援】北海道川上郡標茶町開運４丁目２番地標茶町ふれあい交流センター１Ｆ", "url2": "https://www.kaigokensaku.mhlw.go.jp/01/index.php?action_kouhyou_detail_004_kani=true&JigyosyoCd=0174300111-00&ServiceCd=430&Type=search" }, "geometry": { "type": "Point", "coordinates": [ 144.59746240000004, 43.2998738 ] } },
{ "type": "Feature", "properties": { "内容": "居宅介護支援事業所こすもす【居宅介護支援】北海道川上郡標茶町字コッタロ原野北17線東49番地17", "url2": "https://www.kaigokensaku.mhlw.go.jp/01/index.php?action_kouhyou_detail_004_kani=true&JigyosyoCd=0174300475-00&ServiceCd=430&Type=search" }, "geometry": { "type": "Point", "coordinates": [ 144.520251277246075, 43.199659650625271 ] } },
{ "type": "Feature", "properties": { "内容": "指定居宅介護支援　あさひ【居宅介護支援】川上郡標茶町旭２丁目４番１９号", "url2": "https://www.kaigokensaku.mhlw.go.jp/01/index.php?action_kouhyou_detail_004_kani=true&JigyosyoCd=0174300558-00&ServiceCd=430&Type=search" }, "geometry": { "type": "Point", "coordinates": [ 144.60441179999998, 43.3001657 ] } },
{ "type": "Feature", "properties": { "内容": "居宅介護支援事業所いちご【居宅介護支援】北海道川上郡標茶町開運4丁目5番地", "url2": "https://www.kaigokensaku.mhlw.go.jp/01/index.php?action_kouhyou_detail_004_kani=true&JigyosyoCd=0174300491-00&ServiceCd=430&Type=search" }, "geometry": { "type": "Point", "coordinates": [ 144.598176200000012, 43.2992572 ] } },
{ "type": "Feature", "properties": { "内容": "社会福祉法人標茶町社会福祉協議会指定居宅介護支援事業所【居宅介護支援】北海道川上郡標茶町川上10丁目1番地", "url2": "https://www.kaigokensaku.mhlw.go.jp/01/index.php?action_kouhyou_detail_004_kani=true&JigyosyoCd=0174300087-00&ServiceCd=430&Type=search" }, "geometry": { "type": "Point", "coordinates": [ 144.5954097, 43.3016652 ] } },
{ "type": "Feature", "properties": { "内容": "医療法人社団田中医院　居宅介護支援事業所いたわり【居宅介護支援】北海道川上郡弟子屈町湯の島3丁目2番12号", "url2": "https://www.kaigokensaku.mhlw.go.jp/01/index.php?action_kouhyou_detail_004_kani=true&JigyosyoCd=0174300970-00&ServiceCd=430&Type=search" }, "geometry": { "type": "Point", "coordinates": [ 144.4518898, 43.4890673 ] } },
{ "type": "Feature", "properties": { "内容": "居宅介護支援事業所まつやま【居宅介護支援】北海道川上郡弟子屈町川湯温泉1丁目3番6号", "url2": "https://www.kaigokensaku.mhlw.go.jp/01/index.php?action_kouhyou_detail_004_kani=true&JigyosyoCd=0174300665-00&ServiceCd=430&Type=search" }, "geometry": { "type": "Point", "coordinates": [ 144.437866699999972, 43.6359352 ] } },
{ "type": "Feature", "properties": { "内容": "社会福祉法人弟子屈町社会福祉協議会指定居宅介護支援事業所【居宅介護支援】北海道川上郡弟子屈町中央２丁目１０番２５号弟子屈町社会老人福祉センター内", "url2": "https://www.kaigokensaku.mhlw.go.jp/01/index.php?action_kouhyou_detail_004_kani=true&JigyosyoCd=0174300731-00&ServiceCd=430&Type=search" }, "geometry": { "type": "Point", "coordinates": [ 144.460422429638697, 43.484051798305131 ] } },
{ "type": "Feature", "properties": { "内容": "鶴居村指定居宅介護支援事業所【居宅介護支援】阿寒郡鶴居村鶴居西１丁目１番地鶴居村役場　保健福祉課内", "url2": "https://www.kaigokensaku.mhlw.go.jp/01/index.php?action_kouhyou_detail_004_kani=true&JigyosyoCd=0174300061-00&ServiceCd=430&Type=search" }, "geometry": { "type": "Point", "coordinates": [ 144.321148544377024, 43.229746408759475 ] } },
{ "type": "Feature", "properties": { "内容": "居宅介護支援ケアトカ【居宅介護支援】北海道白糠郡白糠町東1条南2丁目2-29白糠デンタル・ラボ3号室", "url2": "https://www.kaigokensaku.mhlw.go.jp/01/index.php?action_kouhyou_detail_004_kani=true&JigyosyoCd=0174300913-00&ServiceCd=430&Type=search" }, "geometry": { "type": "Point", "coordinates": [ 144.075384899999989, 42.9547249 ] } },
{ "type": "Feature", "properties": { "内容": "白糠町社会福祉協議会　指定居宅介護支援事業所【居宅介護支援】北海道白糠郡白糠町東１条北１丁目１番地９", "url2": "https://www.kaigokensaku.mhlw.go.jp/01/index.php?action_kouhyou_detail_004_kani=true&JigyosyoCd=0174300459-00&ServiceCd=430&Type=search" }, "geometry": { "type": "Point", "coordinates": [ 144.075357299999951, 42.9574578 ] } },
{ "type": "Feature", "properties": { "内容": "社会福祉法人別海町社会福祉協議会　居宅介護支援事業所　ケアサポートしゃきょう【居宅介護支援】野付郡別海町別海常盤町246番地の24", "url2": "https://www.kaigokensaku.mhlw.go.jp/01/index.php?action_kouhyou_detail_004_kani=true&JigyosyoCd=0174200170-00&ServiceCd=430&Type=search" }, "geometry": { "type": "Point", "coordinates": [ 145.124703899999986, 43.3913435 ] } },
{ "type": "Feature", "properties": { "内容": "別海町居宅介護支援事業所【居宅介護支援】北海道野付郡別海町別海常盤町280番地", "url2": "https://www.kaigokensaku.mhlw.go.jp/01/index.php?action_kouhyou_detail_004_kani=true&JigyosyoCd=0174200121-00&ServiceCd=430&Type=search" }, "geometry": { "type": "Point", "coordinates": [ 145.117971099999977, 43.3940874 ] } },
{ "type": "Feature", "properties": { "内容": "中標津町社協ケアサービスセンター【居宅介護支援】標津郡中標津町西１０条南９丁目１番地４中標津町総合福祉センター　プラット", "url2": "https://www.kaigokensaku.mhlw.go.jp/01/index.php?action_kouhyou_detail_004_kani=true&JigyosyoCd=0174200030-00&ServiceCd=430&Type=search" }, "geometry": { "type": "Point", "coordinates": [ 144.971586800000068, 43.5370528 ] } },
{ "type": "Feature", "properties": { "内容": "居宅介護支援事業所萩の里【居宅介護支援】北海道標津郡中標津町川西7丁目20番地", "url2": "https://www.kaigokensaku.mhlw.go.jp/01/index.php?action_kouhyou_detail_004_kani=true&JigyosyoCd=0174200717-00&ServiceCd=430&Type=search" }, "geometry": { "type": "Point", "coordinates": [ 135.3998086, 34.8666559 ] } },
{ "type": "Feature", "properties": { "内容": "石田病院居宅介護支援事業所ナイス・ケアもみの樹【居宅介護支援】北海道標津郡中標津町西４条北１丁目１番地1", "url2": "https://www.kaigokensaku.mhlw.go.jp/01/index.php?action_kouhyou_detail_004_kani=true&JigyosyoCd=0114210818-00&ServiceCd=430&Type=search" }, "geometry": { "type": "Point", "coordinates": [ 144.969190918385266, 43.546259383154784 ] } },
{ "type": "Feature", "properties": { "内容": "居宅介護支援センター　中標津りんどう園【居宅介護支援】北海道標津郡中標津町りんどう町5番地8", "url2": "https://www.kaigokensaku.mhlw.go.jp/01/index.php?action_kouhyou_detail_004_kani=true&JigyosyoCd=0174200063-00&ServiceCd=430&Type=search" }, "geometry": { "type": "Point", "coordinates": [ 144.926576100000034, 43.5433979 ] } },
{ "type": "Feature", "properties": { "内容": "居宅介護支援事業所　たんぽぽ【居宅介護支援】北海道標津郡中標津町東１９条南１０丁目２番地", "url2": "https://www.kaigokensaku.mhlw.go.jp/01/index.php?action_kouhyou_detail_004_kani=true&JigyosyoCd=0174200337-00&ServiceCd=430&Type=search" }, "geometry": { "type": "Point", "coordinates": [ 144.9970978, 43.5518296 ] } },
{ "type": "Feature", "properties": { "内容": "白樺並木ケアプランニング【居宅介護支援】標津郡中標津町東8条南1丁目1番地1", "url2": "https://www.kaigokensaku.mhlw.go.jp/01/index.php?action_kouhyou_detail_004_kani=true&JigyosyoCd=0174200311-00&ServiceCd=430&Type=search" }, "geometry": { "type": "Point", "coordinates": [ 144.980428661460223, 43.552615100059889 ] } },
{ "type": "Feature", "properties": { "内容": "標津病院居宅介護支援事業所【居宅介護支援】標津郡標津町北１条西５丁目６番１－１号", "url2": "https://www.kaigokensaku.mhlw.go.jp/01/index.php?action_kouhyou_detail_004_kani=true&JigyosyoCd=0114210784-00&ServiceCd=430&Type=search" }, "geometry": { "type": "Point", "coordinates": [ 145.120405600000026, 43.6596703 ] } },
{ "type": "Feature", "properties": { "内容": "羅臼町社協居宅介護支援事業所【居宅介護支援】北海道目梨郡羅臼町栄町８番地１", "url2": "https://www.kaigokensaku.mhlw.go.jp/01/index.php?action_kouhyou_detail_004_kani=true&JigyosyoCd=0174200147-00&ServiceCd=430&Type=search" }, "geometry": { "type": "Point", "coordinates": [ 145.181923173680161, 44.028593678001229 ] } }
]
}
