{
"type": "FeatureCollection",
"name": "geo_01_介護老人福祉施設",
"crs": { "type": "name", "properties": { "name": "urn:ogc:def:crs:OGC:1.3:CRS84" } },
"features": [
{ "type": "Feature", "properties": { "内容": "特別養護老人ホーム　ラスール苗穂【介護老人福祉施設】北海道札幌市中央区北２条東１９丁目１１－２特別養護老人ホームラスール苗穂", "url2": "https://www.kaigokensaku.mhlw.go.jp/01/index.php?action_kouhyou_detail_004_kani=true&JigyosyoCd=0170103865-00&ServiceCd=510&Type=search" }, "geometry": { "type": "Point", "coordinates": [ 141.3860545, 43.069182 ] } },
{ "type": "Feature", "properties": { "内容": "あすかHOUSE中央【介護老人福祉施設】北海道札幌市中央区南3条西14丁目1-1", "url2": "https://www.kaigokensaku.mhlw.go.jp/01/index.php?action_kouhyou_detail_004_kani=true&JigyosyoCd=0170104939-00&ServiceCd=510&Type=search" }, "geometry": { "type": "Point", "coordinates": [ 141.3353756, 43.0545046 ] } },
{ "type": "Feature", "properties": { "内容": "特別養護老人ホーム　ラスール苗穂リバーサイド【介護老人福祉施設】北海道札幌市中央区北1条東19丁目6番地3", "url2": "https://www.kaigokensaku.mhlw.go.jp/01/index.php?action_kouhyou_detail_004_kani=true&JigyosyoCd=0170105308-00&ServiceCd=510&Type=search" }, "geometry": { "type": "Point", "coordinates": [ 141.386975814155591, 43.068625005044815 ] } },
{ "type": "Feature", "properties": { "内容": "特別養護老人ホーム　札幌こもれびの家【介護老人福祉施設】北海道札幌市中央区南25条西11丁目1番40号特別養護老人ホーム　札幌こもれびの家", "url2": "https://www.kaigokensaku.mhlw.go.jp/01/index.php?action_kouhyou_detail_004_kani=true&JigyosyoCd=0170104434-00&ServiceCd=510&Type=search" }, "geometry": { "type": "Point", "coordinates": [ 141.344440500000019, 43.0258662 ] } },
{ "type": "Feature", "properties": { "内容": "慈啓会特別養護老人ホーム【介護老人福祉施設】札幌市中央区旭ヶ丘５丁目６番５１号", "url2": "https://www.kaigokensaku.mhlw.go.jp/01/index.php?action_kouhyou_detail_004_kani=true&JigyosyoCd=0170100143-00&ServiceCd=510&Type=search" }, "geometry": { "type": "Point", "coordinates": [ 141.323592196850541, 43.036631317130485 ] } },
{ "type": "Feature", "properties": { "内容": "慈啓会特別養護老人ホームユニット型【介護老人福祉施設】北海道札幌市中央区旭ヶ丘5丁目6番51号", "url2": "https://www.kaigokensaku.mhlw.go.jp/01/index.php?action_kouhyou_detail_004_kani=true&JigyosyoCd=0170103329-00&ServiceCd=510&Type=search" }, "geometry": { "type": "Point", "coordinates": [ 141.323307882694962, 43.03695675488045 ] } },
{ "type": "Feature", "properties": { "内容": "西円山敬樹園【介護老人福祉施設】札幌市中央区円山西町4丁目3番20号", "url2": "https://www.kaigokensaku.mhlw.go.jp/01/index.php?action_kouhyou_detail_004_kani=true&JigyosyoCd=0170100069-00&ServiceCd=510&Type=search" }, "geometry": { "type": "Point", "coordinates": [ 141.303795900000068, 43.0421855 ] } },
{ "type": "Feature", "properties": { "内容": "介護老人福祉施設　たんぽぽの丘【介護老人福祉施設】南8条西26丁目1-2", "url2": "https://www.kaigokensaku.mhlw.go.jp/01/index.php?action_kouhyou_detail_004_kani=true&JigyosyoCd=0170100531-00&ServiceCd=510&Type=search" }, "geometry": { "type": "Point", "coordinates": [ 141.320677, 43.0458138 ] } },
{ "type": "Feature", "properties": { "内容": "特別養護老人ホーム　ラスール苗穂　ウエストサイド【介護老人福祉施設】北海道札幌市中央区北１条東１９丁目6-3", "url2": "https://www.kaigokensaku.mhlw.go.jp/01/index.php?action_kouhyou_detail_004_kani=true&JigyosyoCd=0170105613-00&ServiceCd=510&Type=search" }, "geometry": { "type": "Point", "coordinates": [ 141.3869602, 43.0686373 ] } },
{ "type": "Feature", "properties": { "内容": "介護老人福祉施設　福寿園【介護老人福祉施設】札幌市北区東茨戸２条２丁目８番２１号", "url2": "https://www.kaigokensaku.mhlw.go.jp/01/index.php?action_kouhyou_detail_004_kani=true&JigyosyoCd=0170200026-00&ServiceCd=510&Type=search" }, "geometry": { "type": "Point", "coordinates": [ 141.357581, 43.1642911 ] } },
{ "type": "Feature", "properties": { "内容": "新川エバーライフ【介護老人福祉施設】北海道札幌市北区新川７１５番地２", "url2": "https://www.kaigokensaku.mhlw.go.jp/01/index.php?action_kouhyou_detail_004_kani=true&JigyosyoCd=0170200067-00&ServiceCd=510&Type=search" }, "geometry": { "type": "Point", "coordinates": [ 141.29700874418026, 43.11815041937011 ] } },
{ "type": "Feature", "properties": { "内容": "特別養護老人ホーム　グリーンピア篠路【介護老人福祉施設】札幌市北区篠路２条９丁目１番８０号", "url2": "https://www.kaigokensaku.mhlw.go.jp/01/index.php?action_kouhyou_detail_004_kani=true&JigyosyoCd=0170200224-00&ServiceCd=510&Type=search" }, "geometry": { "type": "Point", "coordinates": [ 141.3690924, 43.1413997 ] } },
{ "type": "Feature", "properties": { "内容": "特別養護老人ホーム　オニオンコート【介護老人福祉施設】札幌市北区百合が原11丁目185－13", "url2": "https://www.kaigokensaku.mhlw.go.jp/01/index.php?action_kouhyou_detail_004_kani=true&JigyosyoCd=0170200216-00&ServiceCd=510&Type=search" }, "geometry": { "type": "Point", "coordinates": [ 141.3668626, 43.1322535 ] } },
{ "type": "Feature", "properties": { "内容": "特別養護老人ホーム　清明庵【介護老人福祉施設】北海道札幌市北区屯田９条３丁目３番３０号特別養護老人ホーム清明庵", "url2": "https://www.kaigokensaku.mhlw.go.jp/01/index.php?action_kouhyou_detail_004_kani=true&JigyosyoCd=0170202121-00&ServiceCd=510&Type=search" }, "geometry": { "type": "Point", "coordinates": [ 141.341258299999936, 43.1433709 ] } },
{ "type": "Feature", "properties": { "内容": "特別養護老人ホーム清香園【介護老人福祉施設】北海道札幌市北区新琴似1条3丁目3番6号", "url2": "https://www.kaigokensaku.mhlw.go.jp/01/index.php?action_kouhyou_detail_004_kani=true&JigyosyoCd=0170200893-00&ServiceCd=510&Type=search" }, "geometry": { "type": "Point", "coordinates": [ 141.322173799999973, 43.104623 ] } },
{ "type": "Feature", "properties": { "内容": "特別養護老人ホーム七色の風【介護老人福祉施設】北海道札幌市北区屯田9条9丁目5番15号", "url2": "https://www.kaigokensaku.mhlw.go.jp/01/index.php?action_kouhyou_detail_004_kani=true&JigyosyoCd=0170207278-00&ServiceCd=510&Type=search" }, "geometry": { "type": "Point", "coordinates": [ 141.324451, 43.1438177 ] } },
{ "type": "Feature", "properties": { "内容": "介護老人福祉施設ら・せれな【介護老人福祉施設】北海道札幌市北区百合が原3丁目１－１", "url2": "https://www.kaigokensaku.mhlw.go.jp/01/index.php?action_kouhyou_detail_004_kani=true&JigyosyoCd=0170205884-00&ServiceCd=510&Type=search" }, "geometry": { "type": "Point", "coordinates": [ 141.355301282278475, 43.125083901243158 ] } },
{ "type": "Feature", "properties": { "内容": "介護老人福祉施設白ゆりあいの里【介護老人福祉施設】北海道札幌市北区あいの里３条８丁目１４番１号", "url2": "https://www.kaigokensaku.mhlw.go.jp/01/index.php?action_kouhyou_detail_004_kani=true&JigyosyoCd=0170205215-00&ServiceCd=510&Type=search" }, "geometry": { "type": "Point", "coordinates": [ 141.411576100000048, 43.1655135 ] } },
{ "type": "Feature", "properties": { "内容": "特別養護老人ホーム　あいの郷【介護老人福祉施設】北海道札幌市北区あいの里1条6丁目1番25号", "url2": "https://www.kaigokensaku.mhlw.go.jp/01/index.php?action_kouhyou_detail_004_kani=true&JigyosyoCd=0170209001-00&ServiceCd=510&Type=search" }, "geometry": { "type": "Point", "coordinates": [ 141.4024697051712, 43.155482053858151 ] } },
{ "type": "Feature", "properties": { "内容": "特別養護老人ホームしのろ三清荘【介護老人福祉施設】北海道札幌市北区篠路5条8丁目2-8", "url2": "https://www.kaigokensaku.mhlw.go.jp/01/index.php?action_kouhyou_detail_004_kani=true&JigyosyoCd=0170208649-00&ServiceCd=510&Type=search" }, "geometry": { "type": "Point", "coordinates": [ 141.3676724, 43.1476905 ] } },
{ "type": "Feature", "properties": { "内容": "特別養護老人ホーム　藤苑【介護老人福祉施設】北海道札幌市東区伏古７条３丁目１番３３号", "url2": "https://www.kaigokensaku.mhlw.go.jp/01/index.php?action_kouhyou_detail_004_kani=true&JigyosyoCd=0170200083-00&ServiceCd=510&Type=search" }, "geometry": { "type": "Point", "coordinates": [ 141.392971499999931, 43.0897742 ] } },
{ "type": "Feature", "properties": { "内容": "とくべつようごろうじんほーむもえれのさと【介護老人福祉施設】北海道札幌市東区東雁来11条3丁目2番15号", "url2": "https://www.kaigokensaku.mhlw.go.jp/01/index.php?action_kouhyou_detail_004_kani=true&JigyosyoCd=0170208086-00&ServiceCd=510&Type=search" }, "geometry": { "type": "Point", "coordinates": [ 141.4313272, 43.0978058 ] } },
{ "type": "Feature", "properties": { "内容": "特別養護老人ホーム　セボラ・コリーナ【介護老人福祉施設】札幌市東区北42条東19丁目1番10号", "url2": "https://www.kaigokensaku.mhlw.go.jp/01/index.php?action_kouhyou_detail_004_kani=true&JigyosyoCd=0170200133-00&ServiceCd=510&Type=search" }, "geometry": { "type": "Point", "coordinates": [ 141.372816686863672, 43.114525142020291 ] } },
{ "type": "Feature", "properties": { "内容": "特別養護老人ホーム　大友恵愛園【介護老人福祉施設】札幌市東区北17条東5丁目2番5号", "url2": "https://www.kaigokensaku.mhlw.go.jp/01/index.php?action_kouhyou_detail_004_kani=true&JigyosyoCd=0170200141-00&ServiceCd=510&Type=search" }, "geometry": { "type": "Point", "coordinates": [ 141.359266400000024, 43.0829268 ] } },
{ "type": "Feature", "properties": { "内容": "特別養護老人ホームウィズ東苗穂【介護老人福祉施設】北海道札幌市東区東苗穂町1089番1", "url2": "https://www.kaigokensaku.mhlw.go.jp/01/index.php?action_kouhyou_detail_004_kani=true&JigyosyoCd=0170200349-00&ServiceCd=510&Type=search" }, "geometry": { "type": "Point", "coordinates": [ 141.409943800000065, 43.1041258 ] } },
{ "type": "Feature", "properties": { "内容": "特別養護老人ホームフローラルさつなえ【介護老人福祉施設】札幌市東区東苗穂1条3丁目2番16号", "url2": "https://www.kaigokensaku.mhlw.go.jp/01/index.php?action_kouhyou_detail_004_kani=true&JigyosyoCd=0170200281-00&ServiceCd=510&Type=search" }, "geometry": { "type": "Point", "coordinates": [ 141.4014909, 43.0786314 ] } },
{ "type": "Feature", "properties": { "内容": "特別養護老人ホーム　ひかりの【介護老人福祉施設】北海道札幌市東区東雁来12条4丁目1－15", "url2": "https://www.kaigokensaku.mhlw.go.jp/01/index.php?action_kouhyou_detail_004_kani=true&JigyosyoCd=0170205892-00&ServiceCd=510&Type=search" }, "geometry": { "type": "Point", "coordinates": [ 141.436870784794536, 43.09833464761428 ] } },
{ "type": "Feature", "properties": { "内容": "特別養護老人ホーム神遊【介護老人福祉施設】北海道札幌市東区北39条東1丁目2番21号特別養護老人ホーム神遊", "url2": "https://www.kaigokensaku.mhlw.go.jp/01/index.php?action_kouhyou_detail_004_kani=true&JigyosyoCd=0170209167-00&ServiceCd=510&Type=search" }, "geometry": { "type": "Point", "coordinates": [ 141.344652379523581, 43.107017586073617 ] } },
{ "type": "Feature", "properties": { "内容": "特別養護老人ホーム　ノテきくすいの里【介護老人福祉施設】北海道札幌市白石区菊水元町４条１丁目1-1", "url2": "https://www.kaigokensaku.mhlw.go.jp/01/index.php?action_kouhyou_detail_004_kani=true&JigyosyoCd=0170512537-00&ServiceCd=510&Type=search" }, "geometry": { "type": "Point", "coordinates": [ 141.403210035118036, 43.070605628507877 ] } },
{ "type": "Feature", "properties": { "内容": "特別養護老人ホームあすかＨＯＵＳＥ白石【介護老人福祉施設】北海道札幌市白石区中央１条5丁目1－10", "url2": "https://www.kaigokensaku.mhlw.go.jp/01/index.php?action_kouhyou_detail_004_kani=true&JigyosyoCd=0170513329-00&ServiceCd=510&Type=search" }, "geometry": { "type": "Point", "coordinates": [ 141.39657204047549, 43.052646600775837 ] } },
{ "type": "Feature", "properties": { "内容": "特別養護老人ホーム　白石ポプラ園【介護老人福祉施設】札幌市白石区中央1条4丁目2-6", "url2": "https://www.kaigokensaku.mhlw.go.jp/01/index.php?action_kouhyou_detail_004_kani=true&JigyosyoCd=0170507628-00&ServiceCd=510&Type=search" }, "geometry": { "type": "Point", "coordinates": [ 141.395604, 43.0547531 ] } },
{ "type": "Feature", "properties": { "内容": "特別養護老人ホーム平成苑【介護老人福祉施設】北海道札幌市白石区菊水元町8条2丁目7-15", "url2": "https://www.kaigokensaku.mhlw.go.jp/01/index.php?action_kouhyou_detail_004_kani=true&JigyosyoCd=0170500441-00&ServiceCd=510&Type=search" }, "geometry": { "type": "Point", "coordinates": [ 141.414292700000033, 43.0718298 ] } },
{ "type": "Feature", "properties": { "内容": "特別養護老人ホームきさく苑【介護老人福祉施設】札幌市白石区川下２１２８－２", "url2": "https://www.kaigokensaku.mhlw.go.jp/01/index.php?action_kouhyou_detail_004_kani=true&JigyosyoCd=0170500326-00&ServiceCd=510&Type=search" }, "geometry": { "type": "Point", "coordinates": [ 141.4472644, 43.0776329 ] } },
{ "type": "Feature", "properties": { "内容": "特別養護老人ホームルミエール【介護老人福祉施設】札幌市白石区東札幌1条3丁目1－1", "url2": "https://www.kaigokensaku.mhlw.go.jp/01/index.php?action_kouhyou_detail_004_kani=true&JigyosyoCd=0170500771-00&ServiceCd=510&Type=search" }, "geometry": { "type": "Point", "coordinates": [ 141.382761, 43.0484228 ] } },
{ "type": "Feature", "properties": { "内容": "特別養護老人ホームへいわの郷【介護老人福祉施設】北海道札幌市白石区平和通１丁目南２番１号", "url2": "https://www.kaigokensaku.mhlw.go.jp/01/index.php?action_kouhyou_detail_004_kani=true&JigyosyoCd=0170512081-00&ServiceCd=510&Type=search" }, "geometry": { "type": "Point", "coordinates": [ 141.405750200000057, 43.054059 ] } },
{ "type": "Feature", "properties": { "内容": "特別養護老人ホームノテ幸栄の里【介護老人福祉施設】北海道札幌市豊平区月寒東1条13丁目4-58", "url2": "https://www.kaigokensaku.mhlw.go.jp/01/index.php?action_kouhyou_detail_004_kani=true&JigyosyoCd=0170500144-00&ServiceCd=510&Type=search" }, "geometry": { "type": "Point", "coordinates": [ 141.3910581, 43.0326772 ] } },
{ "type": "Feature", "properties": { "内容": "特別養護老人ホーム　みどりの丘【介護老人福祉施設】札幌市豊平区西岡５条１２丁目１番２号", "url2": "https://www.kaigokensaku.mhlw.go.jp/01/index.php?action_kouhyou_detail_004_kani=true&JigyosyoCd=0170500292-00&ServiceCd=510&Type=search" }, "geometry": { "type": "Point", "coordinates": [ 141.382461, 42.9962897 ] } },
{ "type": "Feature", "properties": { "内容": "特別養護老人ホーム　ノテとよひらの里【介護老人福祉施設】札幌市豊平区豊平3条11丁目2-15", "url2": "https://www.kaigokensaku.mhlw.go.jp/01/index.php?action_kouhyou_detail_004_kani=true&JigyosyoCd=0170508428-00&ServiceCd=510&Type=search" }, "geometry": { "type": "Point", "coordinates": [ 141.380453681089762, 43.046789372818758 ] } },
{ "type": "Feature", "properties": { "内容": "アビターレナーシングホーム【介護老人福祉施設】札幌市豊平区平岸2条2丁目1番1号", "url2": "https://www.kaigokensaku.mhlw.go.jp/01/index.php?action_kouhyou_detail_004_kani=true&JigyosyoCd=0170503197-00&ServiceCd=510&Type=search" }, "geometry": { "type": "Point", "coordinates": [ 141.3668626, 43.0410845 ] } },
{ "type": "Feature", "properties": { "内容": "特別養護老人ホームアビターレアネックス【介護老人福祉施設】北海道札幌市豊平区平岸2条2丁目1番10号", "url2": "https://www.kaigokensaku.mhlw.go.jp/01/index.php?action_kouhyou_detail_004_kani=true&JigyosyoCd=0170512594-00&ServiceCd=510&Type=search" }, "geometry": { "type": "Point", "coordinates": [ 141.367507038761914, 43.041165561165663 ] } },
{ "type": "Feature", "properties": { "内容": "特別養護老人ホームくりのみ【介護老人福祉施設】札幌市豊平区平岸8条12丁目３－２０", "url2": "https://www.kaigokensaku.mhlw.go.jp/01/index.php?action_kouhyou_detail_004_kani=true&JigyosyoCd=0170501357-00&ServiceCd=510&Type=search" }, "geometry": { "type": "Point", "coordinates": [ 141.384189699999979, 43.0263501 ] } },
{ "type": "Feature", "properties": { "内容": "特別養護老人ホーム　コスモス苑【介護老人福祉施設】札幌市豊平区月寒東4条10丁目8番30号", "url2": "https://www.kaigokensaku.mhlw.go.jp/01/index.php?action_kouhyou_detail_004_kani=true&JigyosyoCd=0170502256-00&ServiceCd=510&Type=search" }, "geometry": { "type": "Point", "coordinates": [ 141.411017500000071, 43.0309725 ] } },
{ "type": "Feature", "properties": { "内容": "特別養護老人ホーム　ノテ中の島【介護老人福祉施設】北海道札幌市豊平区中の島2条5丁目5番1号", "url2": "https://www.kaigokensaku.mhlw.go.jp/01/index.php?action_kouhyou_detail_004_kani=true&JigyosyoCd=0170515456-00&ServiceCd=510&Type=search" }, "geometry": { "type": "Point", "coordinates": [ 141.362078708598318, 43.031019347911389 ] } },
{ "type": "Feature", "properties": { "内容": "介護老人福祉施設月寒あさがおの郷【介護老人福祉施設】札幌市豊平区月寒西1条11丁目2番35号", "url2": "https://www.kaigokensaku.mhlw.go.jp/01/index.php?action_kouhyou_detail_004_kani=true&JigyosyoCd=0170507206-00&ServiceCd=510&Type=search" }, "geometry": { "type": "Point", "coordinates": [ 141.397758100000033, 43.023473 ] } },
{ "type": "Feature", "properties": { "内容": "特別養護老人ホーム羊ヶ丘陽光苑【介護老人福祉施設】福住3条9丁目4番32号", "url2": "https://www.kaigokensaku.mhlw.go.jp/01/index.php?action_kouhyou_detail_004_kani=true&JigyosyoCd=0170513832-00&ServiceCd=510&Type=search" }, "geometry": { "type": "Point", "coordinates": [ 141.392977477478553, 43.003307743866145 ] } },
{ "type": "Feature", "properties": { "内容": "特別養護老人ホームらいらっく【介護老人福祉施設】札幌市南区藤野4条4丁目20番30号", "url2": "https://www.kaigokensaku.mhlw.go.jp/01/index.php?action_kouhyou_detail_004_kani=true&JigyosyoCd=0170505036-00&ServiceCd=510&Type=search" }, "geometry": { "type": "Point", "coordinates": [ 141.30172749999997, 42.9563226 ] } },
{ "type": "Feature", "properties": { "内容": "特別養護老人ホーム　ドリームハウス【介護老人福祉施設】北海道札幌市南区北ノ沢1819-9", "url2": "https://www.kaigokensaku.mhlw.go.jp/01/index.php?action_kouhyou_detail_004_kani=true&JigyosyoCd=0170500177-00&ServiceCd=510&Type=search" }, "geometry": { "type": "Point", "coordinates": [ 141.3238079111145, 43.008904595352803 ] } },
{ "type": "Feature", "properties": { "内容": "特別養護老人ホーム　和幸園【介護老人福祉施設】札幌市南区石山932番地３", "url2": "https://www.kaigokensaku.mhlw.go.jp/01/index.php?action_kouhyou_detail_004_kani=true&JigyosyoCd=0170500169-00&ServiceCd=510&Type=search" }, "geometry": { "type": "Point", "coordinates": [ 141.337930300000039, 42.9537518 ] } },
{ "type": "Feature", "properties": { "内容": "特別養護老人ホームらいらっく【介護老人福祉施設】札幌市南区藤野4条4丁目20番30号", "url2": "https://www.kaigokensaku.mhlw.go.jp/01/index.php?action_kouhyou_detail_004_kani=true&JigyosyoCd=0170512446-00&ServiceCd=510&Type=search" }, "geometry": { "type": "Point", "coordinates": [ 141.30172749999997, 42.9563226 ] } },
{ "type": "Feature", "properties": { "内容": "高齢者総合福祉施設　サン・グレイス【介護老人福祉施設】札幌市南区川沿１３条３丁目５番１号", "url2": "https://www.kaigokensaku.mhlw.go.jp/01/index.php?action_kouhyou_detail_004_kani=true&JigyosyoCd=0170500342-00&ServiceCd=510&Type=search" }, "geometry": { "type": "Point", "coordinates": [ 141.33248515501711, 42.978297038143666 ] } },
{ "type": "Feature", "properties": { "内容": "特別養護老人ホームノテ石山【介護老人福祉施設】北海道札幌市南区石山1条6丁目17-33", "url2": "https://www.kaigokensaku.mhlw.go.jp/01/index.php?action_kouhyou_detail_004_kani=true&JigyosyoCd=0170515852-00&ServiceCd=510&Type=search" }, "geometry": { "type": "Point", "coordinates": [ 141.3258511, 42.9658823 ] } },
{ "type": "Feature", "properties": { "内容": "特別養護老人ホームもなみの里【介護老人福祉施設】北海道札幌市南区石山1条1丁目12番15号", "url2": "https://www.kaigokensaku.mhlw.go.jp/01/index.php?action_kouhyou_detail_004_kani=true&JigyosyoCd=0170510002-00&ServiceCd=510&Type=search" }, "geometry": { "type": "Point", "coordinates": [ 141.342692700000043, 42.9811347 ] } },
{ "type": "Feature", "properties": { "内容": "特別養護老人ホーム　手稲リハビリテーションセンター【介護老人福祉施設】札幌市西区宮の沢490番地", "url2": "https://www.kaigokensaku.mhlw.go.jp/01/index.php?action_kouhyou_detail_004_kani=true&JigyosyoCd=0170400097-00&ServiceCd=510&Type=search" }, "geometry": { "type": "Point", "coordinates": [ 141.254933400000027, 43.0851701 ] } },
{ "type": "Feature", "properties": { "内容": "特別養護老人ホーム　西野ケアセンター【介護老人福祉施設】札幌市西区西野2条8丁目1-8", "url2": "https://www.kaigokensaku.mhlw.go.jp/01/index.php?action_kouhyou_detail_004_kani=true&JigyosyoCd=0170400204-00&ServiceCd=510&Type=search" }, "geometry": { "type": "Point", "coordinates": [ 141.274493200000052, 43.0810153 ] } },
{ "type": "Feature", "properties": { "内容": "特別養護老人ホーム　満快のふる郷山の手【介護老人福祉施設】札幌市西区山の手3条11丁目2番20号特別養護老人ホーム　満快のふる郷山の手", "url2": "https://www.kaigokensaku.mhlw.go.jp/01/index.php?action_kouhyou_detail_004_kani=true&JigyosyoCd=0170405856-00&ServiceCd=510&Type=search" }, "geometry": { "type": "Point", "coordinates": [ 141.2899215, 43.0653292 ] } },
{ "type": "Feature", "properties": { "内容": "特別養護老人ホーム　福井園【介護老人福祉施設】北海道札幌市西区福井10丁目8番3号", "url2": "https://www.kaigokensaku.mhlw.go.jp/01/index.php?action_kouhyou_detail_004_kani=true&JigyosyoCd=0170405625-00&ServiceCd=510&Type=search" }, "geometry": { "type": "Point", "coordinates": [ 141.2614208, 43.0471167 ] } },
{ "type": "Feature", "properties": { "内容": "特別養護老人ホームさくら苑【介護老人福祉施設】札幌市西区発寒１７条３丁目４番３０号", "url2": "https://www.kaigokensaku.mhlw.go.jp/01/index.php?action_kouhyou_detail_004_kani=true&JigyosyoCd=0170401947-00&ServiceCd=510&Type=search" }, "geometry": { "type": "Point", "coordinates": [ 141.294395500000064, 43.1097099 ] } },
{ "type": "Feature", "properties": { "内容": "特別養護老人ホームはっさむはる【介護老人福祉施設】札幌市西区発寒１１条１丁目３番２０号", "url2": "https://www.kaigokensaku.mhlw.go.jp/01/index.php?action_kouhyou_detail_004_kani=true&JigyosyoCd=0170401962-00&ServiceCd=510&Type=search" }, "geometry": { "type": "Point", "coordinates": [ 141.29995729999996, 43.0907262 ] } },
{ "type": "Feature", "properties": { "内容": "特別養護老人ホーム三陽【介護老人福祉施設】北海道札幌市西区八軒５条西８丁目５番１号", "url2": "https://www.kaigokensaku.mhlw.go.jp/01/index.php?action_kouhyou_detail_004_kani=true&JigyosyoCd=0170404107-00&ServiceCd=510&Type=search" }, "geometry": { "type": "Point", "coordinates": [ 141.302426729885866, 43.092156741146205 ] } },
{ "type": "Feature", "properties": { "内容": "特別養護老人ホーム五天山園【介護老人福祉施設】札幌市西区平和54番地3", "url2": "https://www.kaigokensaku.mhlw.go.jp/01/index.php?action_kouhyou_detail_004_kani=true&JigyosyoCd=0170400147-00&ServiceCd=510&Type=search" }, "geometry": { "type": "Point", "coordinates": [ 141.261675899999972, 43.055409900000015 ] } },
{ "type": "Feature", "properties": { "内容": "特別養護老人ホーム青葉のまち【介護老人福祉施設】札幌市厚別区青葉町15丁目18番1号", "url2": "https://www.kaigokensaku.mhlw.go.jp/01/index.php?action_kouhyou_detail_004_kani=true&JigyosyoCd=0170503387-00&ServiceCd=510&Type=search" }, "geometry": { "type": "Point", "coordinates": [ 141.483764, 43.0269475 ] } },
{ "type": "Feature", "properties": { "内容": "特別養護老人ホーム「サポーティ・もみじ台」【介護老人福祉施設】北海道札幌市厚別区もみじ台北6丁目2-5-2", "url2": "https://www.kaigokensaku.mhlw.go.jp/01/index.php?action_kouhyou_detail_004_kani=true&JigyosyoCd=0170512461-00&ServiceCd=510&Type=search" }, "geometry": { "type": "Point", "coordinates": [ 141.493215400000054, 43.0350857 ] } },
{ "type": "Feature", "properties": { "内容": "特別養護老人ホーム厚別栄和荘【介護老人福祉施設】札幌市厚別区厚別町山本７５０番地６", "url2": "https://www.kaigokensaku.mhlw.go.jp/01/index.php?action_kouhyou_detail_004_kani=true&JigyosyoCd=0170500268-00&ServiceCd=510&Type=search" }, "geometry": { "type": "Point", "coordinates": [ 141.462566899999956, 43.0585439 ] } },
{ "type": "Feature", "properties": { "内容": "特別養護老人ホームあつべつ南５丁目【介護老人福祉施設】北海道札幌市厚別区厚別南５丁目１-１０", "url2": "https://www.kaigokensaku.mhlw.go.jp/01/index.php?action_kouhyou_detail_004_kani=true&JigyosyoCd=0170513766-00&ServiceCd=510&Type=search" }, "geometry": { "type": "Point", "coordinates": [ 141.4723464, 43.023681 ] } },
{ "type": "Feature", "properties": { "内容": "特別養護老人ホームかりぷ・あつべつ【介護老人福祉施設】北海道札幌市厚別区厚別中央５条６丁目５番２０号", "url2": "https://www.kaigokensaku.mhlw.go.jp/01/index.php?action_kouhyou_detail_004_kani=true&JigyosyoCd=0170500037-00&ServiceCd=510&Type=search" }, "geometry": { "type": "Point", "coordinates": [ 141.472083300663826, 43.046528856242119 ] } },
{ "type": "Feature", "properties": { "内容": "特別養護老人ホーム　厚別園【介護老人福祉施設】札幌市厚別区厚別東5条3丁目24番地9", "url2": "https://www.kaigokensaku.mhlw.go.jp/01/index.php?action_kouhyou_detail_004_kani=true&JigyosyoCd=0170508956-00&ServiceCd=510&Type=search" }, "geometry": { "type": "Point", "coordinates": [ 141.478844, 43.0489312 ] } },
{ "type": "Feature", "properties": { "内容": "特別養護老人ホームノテ新さっぽろの里【介護老人福祉施設】北海道札幌市厚別区上野幌1条1丁目2-25", "url2": "https://www.kaigokensaku.mhlw.go.jp/01/index.php?action_kouhyou_detail_004_kani=true&JigyosyoCd=0170513220-00&ServiceCd=510&Type=search" }, "geometry": { "type": "Point", "coordinates": [ 141.465924099999938, 43.0238754 ] } },
{ "type": "Feature", "properties": { "内容": "特別養護老人ホーム　光生舎　ゆいま～る・もみじ台【介護老人福祉施設】北海道札幌市厚別区もみじ台南3丁目4番1号", "url2": "https://www.kaigokensaku.mhlw.go.jp/01/index.php?action_kouhyou_detail_004_kani=true&JigyosyoCd=0170511281-00&ServiceCd=510&Type=search" }, "geometry": { "type": "Point", "coordinates": [ 141.494860300000028, 43.0247175 ] } },
{ "type": "Feature", "properties": { "内容": "介護老人福祉施設　手稲つむぎの杜【介護老人福祉施設】北海道札幌市手稲区前田2条10丁目1番7号", "url2": "https://www.kaigokensaku.mhlw.go.jp/01/index.php?action_kouhyou_detail_004_kani=true&JigyosyoCd=0170403992-00&ServiceCd=510&Type=search" }, "geometry": { "type": "Point", "coordinates": [ 141.24925989999997, 43.1208301 ] } },
{ "type": "Feature", "properties": { "内容": "特別養護老人ホーム　札幌市稲寿園【介護老人福祉施設】北海道札幌市手稲区曙5条2丁目2-21", "url2": "https://www.kaigokensaku.mhlw.go.jp/01/index.php?action_kouhyou_detail_004_kani=true&JigyosyoCd=0170400121-00&ServiceCd=510&Type=search" }, "geometry": { "type": "Point", "coordinates": [ 141.237407100000041, 43.1328088 ] } },
{ "type": "Feature", "properties": { "内容": "特別養護老人ホーム　ていね大空【介護老人福祉施設】札幌市手稲区曙11条2丁目3番10号", "url2": "https://www.kaigokensaku.mhlw.go.jp/01/index.php?action_kouhyou_detail_004_kani=true&JigyosyoCd=0170400188-00&ServiceCd=510&Type=search" }, "geometry": { "type": "Point", "coordinates": [ 141.233459399999987, 43.1439046 ] } },
{ "type": "Feature", "properties": { "内容": "介護老人福祉施設　手稲ロータス【介護老人福祉施設】北海道札幌市手稲区稲穂3条6丁目7番5号介護老人福祉施設　手稲ロータス", "url2": "https://www.kaigokensaku.mhlw.go.jp/01/index.php?action_kouhyou_detail_004_kani=true&JigyosyoCd=0170405138-00&ServiceCd=510&Type=search" }, "geometry": { "type": "Point", "coordinates": [ 141.215032199999968, 43.1261503 ] } },
{ "type": "Feature", "properties": { "内容": "特別養護老人ホーム　神愛園手稲【介護老人福祉施設】札幌市手稲区手稲金山１３１番地４", "url2": "https://www.kaigokensaku.mhlw.go.jp/01/index.php?action_kouhyou_detail_004_kani=true&JigyosyoCd=0170400196-00&ServiceCd=510&Type=search" }, "geometry": { "type": "Point", "coordinates": [ 141.200372371194476, 43.122171278449471 ] } },
{ "type": "Feature", "properties": { "内容": "特別養護老人ホ－ム　愛輪園【介護老人福祉施設】札幌市手稲区西宮の沢４条３丁目3番４０号", "url2": "https://www.kaigokensaku.mhlw.go.jp/01/index.php?action_kouhyou_detail_004_kani=true&JigyosyoCd=0170400105-00&ServiceCd=510&Type=search" }, "geometry": { "type": "Point", "coordinates": [ 141.2565022, 43.1000049 ] } },
{ "type": "Feature", "properties": { "内容": "特別養護老人ホームあすかＨＯＵＳＥ手稲【介護老人福祉施設】北海道札幌市手稲区曙１１条１丁目７－７", "url2": "https://www.kaigokensaku.mhlw.go.jp/01/index.php?action_kouhyou_detail_004_kani=true&JigyosyoCd=0170404636-00&ServiceCd=510&Type=search" }, "geometry": { "type": "Point", "coordinates": [ 141.238953400000014, 43.1465294 ] } },
{ "type": "Feature", "properties": { "内容": "特別養護老人ホーム　秀寿園【介護老人福祉施設】札幌市清田区真栄３９５番地１", "url2": "https://www.kaigokensaku.mhlw.go.jp/01/index.php?action_kouhyou_detail_004_kani=true&JigyosyoCd=0170500060-00&ServiceCd=510&Type=search" }, "geometry": { "type": "Point", "coordinates": [ 141.4393043, 42.9766326 ] } },
{ "type": "Feature", "properties": { "内容": "特別養護老人　ノテホームふるさと【介護老人福祉施設】札幌市清田区真栄434番地6", "url2": "https://www.kaigokensaku.mhlw.go.jp/01/index.php?action_kouhyou_detail_004_kani=true&JigyosyoCd=0170500284-00&ServiceCd=510&Type=search" }, "geometry": { "type": "Point", "coordinates": [ 141.432388599999967, 42.9721996 ] } },
{ "type": "Feature", "properties": { "内容": "特別養護老人ホーム神愛園清田【介護老人福祉施設】北海道札幌市清田区清田6条1丁目1番30号", "url2": "https://www.kaigokensaku.mhlw.go.jp/01/index.php?action_kouhyou_detail_004_kani=true&JigyosyoCd=0170500243-00&ServiceCd=510&Type=search" }, "geometry": { "type": "Point", "coordinates": [ 141.420438200000035, 42.9965297 ] } },
{ "type": "Feature", "properties": { "内容": "特別養護老人ホーム　桜テラス平岡【介護老人福祉施設】札幌市清田区平岡1条2丁目12-11", "url2": "https://www.kaigokensaku.mhlw.go.jp/01/index.php?action_kouhyou_detail_004_kani=true&JigyosyoCd=0170513642-00&ServiceCd=510&Type=search" }, "geometry": { "type": "Point", "coordinates": [ 141.446629073688882, 42.9968580783896 ] } },
{ "type": "Feature", "properties": { "内容": "特別養護老人ホーム清幌園【介護老人福祉施設】北海道札幌市清田区北野７条４丁目８番２５号", "url2": "https://www.kaigokensaku.mhlw.go.jp/01/index.php?action_kouhyou_detail_004_kani=true&JigyosyoCd=0170500367-00&ServiceCd=510&Type=search" }, "geometry": { "type": "Point", "coordinates": [ 141.443520700000022, 43.0213055 ] } },
{ "type": "Feature", "properties": { "内容": "特別養護老人ホーム　ひらおか梅花実【介護老人福祉施設】札幌市清田区平岡３条３丁目１番８号", "url2": "https://www.kaigokensaku.mhlw.go.jp/01/index.php?action_kouhyou_detail_004_kani=true&JigyosyoCd=0170504773-00&ServiceCd=510&Type=search" }, "geometry": { "type": "Point", "coordinates": [ 141.4502936, 43.0003551 ] } },
{ "type": "Feature", "properties": { "内容": "特別養護老人ホーム　ケアタウン美しが丘【介護老人福祉施設】北海道札幌市清田区真栄3条2丁目23番15号", "url2": "https://www.kaigokensaku.mhlw.go.jp/01/index.php?action_kouhyou_detail_004_kani=true&JigyosyoCd=0170509335-00&ServiceCd=510&Type=search" }, "geometry": { "type": "Point", "coordinates": [ 141.443223207409659, 42.988232295250846 ] } },
{ "type": "Feature", "properties": { "内容": "特別養護老人ホーム　北のカミーノ【介護老人福祉施設】札幌市清田区北野３条３丁目１５－１", "url2": "https://www.kaigokensaku.mhlw.go.jp/01/index.php?action_kouhyou_detail_004_kani=true&JigyosyoCd=0170516074-00&ServiceCd=510&Type=search" }, "geometry": { "type": "Point", "coordinates": [ 141.436754965606696, 43.010017647104831 ] } },
{ "type": "Feature", "properties": { "内容": "特別養護老人ホーム　桔梗みのりの里【介護老人福祉施設】北海道函館市桔梗1丁目3番8号", "url2": "https://www.kaigokensaku.mhlw.go.jp/01/index.php?action_kouhyou_detail_004_kani=true&JigyosyoCd=0171403603-00&ServiceCd=510&Type=search" }, "geometry": { "type": "Point", "coordinates": [ 140.7310473, 41.8296873 ] } },
{ "type": "Feature", "properties": { "内容": "特別養護老人ホーム潮寿荘【介護老人福祉施設】北海道函館市釜谷町６０５番地１", "url2": "https://www.kaigokensaku.mhlw.go.jp/01/index.php?action_kouhyou_detail_004_kani=true&JigyosyoCd=0171500283-00&ServiceCd=510&Type=search" }, "geometry": { "type": "Point", "coordinates": [ 140.938472499999989, 41.7367617 ] } },
{ "type": "Feature", "properties": { "内容": "特別養護老人ホームあい亀田港【介護老人福祉施設】北海道函館市亀田港町56番12号", "url2": "https://www.kaigokensaku.mhlw.go.jp/01/index.php?action_kouhyou_detail_004_kani=true&JigyosyoCd=0171403579-00&ServiceCd=510&Type=search" }, "geometry": { "type": "Point", "coordinates": [ 140.721785152917505, 41.811829126249982 ] } },
{ "type": "Feature", "properties": { "内容": "広域型特別養護老人ホーム　ベルソーレ【介護老人福祉施設】北海道函館市日吉町4丁目16-20広域型特別養護老人ホーム　ベルソーレ", "url2": "https://www.kaigokensaku.mhlw.go.jp/01/index.php?action_kouhyou_detail_004_kani=true&JigyosyoCd=0171405137-00&ServiceCd=510&Type=search" }, "geometry": { "type": "Point", "coordinates": [ 140.7906961, 41.8054589 ] } },
{ "type": "Feature", "properties": { "内容": "特別養護老人ホーム　シンフォニー【介護老人福祉施設】北海道函館市中野町７４－１", "url2": "https://www.kaigokensaku.mhlw.go.jp/01/index.php?action_kouhyou_detail_004_kani=true&JigyosyoCd=0171400948-00&ServiceCd=510&Type=search" }, "geometry": { "type": "Point", "coordinates": [ 140.839165900000012, 41.7633536 ] } },
{ "type": "Feature", "properties": { "内容": "旭ヶ岡の家介護老人福祉施設【介護老人福祉施設】北海道函館市旭岡町78番地", "url2": "https://www.kaigokensaku.mhlw.go.jp/01/index.php?action_kouhyou_detail_004_kani=true&JigyosyoCd=0171400294-00&ServiceCd=510&Type=search" }, "geometry": { "type": "Point", "coordinates": [ 140.843589443516549, 41.807304461994626 ] } },
{ "type": "Feature", "properties": { "内容": "特別養護老人ホーム　おおぞら【介護老人福祉施設】北海道函館市銅山町12番地", "url2": "https://www.kaigokensaku.mhlw.go.jp/01/index.php?action_kouhyou_detail_004_kani=true&JigyosyoCd=0171401490-00&ServiceCd=510&Type=search" }, "geometry": { "type": "Point", "coordinates": [ 140.815014199999951, 41.7925278 ] } },
{ "type": "Feature", "properties": { "内容": "函館共愛会愛泉寮【介護老人福祉施設】北海道函館市中島町35番7号", "url2": "https://www.kaigokensaku.mhlw.go.jp/01/index.php?action_kouhyou_detail_004_kani=true&JigyosyoCd=0171400203-00&ServiceCd=510&Type=search" }, "geometry": { "type": "Point", "coordinates": [ 140.7413143, 41.7861754 ] } },
{ "type": "Feature", "properties": { "内容": "介護老人福祉施設　みなみかやべ荘【介護老人福祉施設】函館市川汲町９８６番１３", "url2": "https://www.kaigokensaku.mhlw.go.jp/01/index.php?action_kouhyou_detail_004_kani=true&JigyosyoCd=0171500291-00&ServiceCd=510&Type=search" }, "geometry": { "type": "Point", "coordinates": [ 140.985860799999955, 41.9017786 ] } },
{ "type": "Feature", "properties": { "内容": "特別養護老人ホーム幸成園【介護老人福祉施設】函館市桔梗町４３５－２８", "url2": "https://www.kaigokensaku.mhlw.go.jp/01/index.php?action_kouhyou_detail_004_kani=true&JigyosyoCd=0171400021-00&ServiceCd=510&Type=search" }, "geometry": { "type": "Point", "coordinates": [ 140.742511700000023, 41.8465411 ] } },
{ "type": "Feature", "properties": { "内容": "特別養護老人ホーム幸成園【介護老人福祉施設】函館市桔梗町435番地28", "url2": "https://www.kaigokensaku.mhlw.go.jp/01/index.php?action_kouhyou_detail_004_kani=true&JigyosyoCd=0171403595-00&ServiceCd=510&Type=search" }, "geometry": { "type": "Point", "coordinates": [ 140.742511700000023, 41.8465411 ] } },
{ "type": "Feature", "properties": { "内容": "福寿荘さくら館【介護老人福祉施設】函館市石川町１８９－１９", "url2": "https://www.kaigokensaku.mhlw.go.jp/01/index.php?action_kouhyou_detail_004_kani=true&JigyosyoCd=0171400211-00&ServiceCd=510&Type=search" }, "geometry": { "type": "Point", "coordinates": [ 140.741642599999977, 41.8363254 ] } },
{ "type": "Feature", "properties": { "内容": "特別養護老人ホーム「松濤」【介護老人福祉施設】北海道函館市松風町１８番１５号", "url2": "https://www.kaigokensaku.mhlw.go.jp/01/index.php?action_kouhyou_detail_004_kani=true&JigyosyoCd=0171401177-00&ServiceCd=510&Type=search" }, "geometry": { "type": "Point", "coordinates": [ 140.732071099999985, 41.773168 ] } },
{ "type": "Feature", "properties": { "内容": "特別養護老人ホーム倶有【介護老人福祉施設】北海道函館市松風町19番18号", "url2": "https://www.kaigokensaku.mhlw.go.jp/01/index.php?action_kouhyou_detail_004_kani=true&JigyosyoCd=0171403744-00&ServiceCd=510&Type=search" }, "geometry": { "type": "Point", "coordinates": [ 140.731712799999968, 41.7735318 ] } },
{ "type": "Feature", "properties": { "内容": "特別養護老人ホ－ム恵楽園【介護老人福祉施設】北海道函館市柏野町１１７番地", "url2": "https://www.kaigokensaku.mhlw.go.jp/01/index.php?action_kouhyou_detail_004_kani=true&JigyosyoCd=0171500184-00&ServiceCd=510&Type=search" }, "geometry": { "type": "Point", "coordinates": [ 141.154155700000047, 41.790963 ] } },
{ "type": "Feature", "properties": { "内容": "特別養護老人ホーム　百楽園【介護老人福祉施設】北海道函館市高丘町3番1号", "url2": "https://www.kaigokensaku.mhlw.go.jp/01/index.php?action_kouhyou_detail_004_kani=true&JigyosyoCd=0171400237-00&ServiceCd=510&Type=search" }, "geometry": { "type": "Point", "coordinates": [ 140.801351936909441, 41.787626141825946 ] } },
{ "type": "Feature", "properties": { "内容": "ももハウス【介護老人福祉施設】函館市赤川町390番地の2", "url2": "https://www.kaigokensaku.mhlw.go.jp/01/index.php?action_kouhyou_detail_004_kani=true&JigyosyoCd=0171402522-00&ServiceCd=510&Type=search" }, "geometry": { "type": "Point", "coordinates": [ 140.769568700000036, 41.8365763 ] } },
{ "type": "Feature", "properties": { "内容": "特別養護老人ホーム函館はくあい園【介護老人福祉施設】北海道函館市吉川町３番１６号", "url2": "https://www.kaigokensaku.mhlw.go.jp/01/index.php?action_kouhyou_detail_004_kani=true&JigyosyoCd=0171400229-00&ServiceCd=510&Type=search" }, "geometry": { "type": "Point", "coordinates": [ 140.728512300000034, 41.7922939 ] } },
{ "type": "Feature", "properties": { "内容": "特別養護老人ホーム函館はくあい園【介護老人福祉施設】北海道函館市吉川町３番１６号", "url2": "https://www.kaigokensaku.mhlw.go.jp/01/index.php?action_kouhyou_detail_004_kani=true&JigyosyoCd=0171403587-00&ServiceCd=510&Type=search" }, "geometry": { "type": "Point", "coordinates": [ 140.728512300000034, 41.7922939 ] } },
{ "type": "Feature", "properties": { "内容": "特別養護老人ホームはる【介護老人福祉施設】小樽市赤岩２丁目１８番２２号", "url2": "https://www.kaigokensaku.mhlw.go.jp/01/index.php?action_kouhyou_detail_004_kani=true&JigyosyoCd=0172000051-00&ServiceCd=510&Type=search" }, "geometry": { "type": "Point", "coordinates": [ 140.993756800000028, 43.2251025 ] } },
{ "type": "Feature", "properties": { "内容": "特別養護老人ホームやすらぎ荘【介護老人福祉施設】北海道小樽市オタモイ1丁目20番18号", "url2": "https://www.kaigokensaku.mhlw.go.jp/01/index.php?action_kouhyou_detail_004_kani=true&JigyosyoCd=0172000044-00&ServiceCd=510&Type=search" }, "geometry": { "type": "Point", "coordinates": [ 140.958901500000024, 43.2196109 ] } },
{ "type": "Feature", "properties": { "内容": "特別養護老人ホーム　リバーサイドなんたる【介護老人福祉施設】北海道小樽市若松２丁目８番20号", "url2": "https://www.kaigokensaku.mhlw.go.jp/01/index.php?action_kouhyou_detail_004_kani=true&JigyosyoCd=0172000036-00&ServiceCd=510&Type=search" }, "geometry": { "type": "Point", "coordinates": [ 141.008655075278284, 43.182212693384898 ] } },
{ "type": "Feature", "properties": { "内容": "特別養護老人ホーム朝里温泉【介護老人福祉施設】小樽市朝里川温泉２丁目７０８番地１", "url2": "https://www.kaigokensaku.mhlw.go.jp/01/index.php?action_kouhyou_detail_004_kani=true&JigyosyoCd=0172001125-00&ServiceCd=510&Type=search" }, "geometry": { "type": "Point", "coordinates": [ 141.042393, 43.1505203 ] } },
{ "type": "Feature", "properties": { "内容": "特別養護老人ホーム東小樽【介護老人福祉施設】北海道小樽市新光2丁目29番3号東小樽病院　３Ｆ／4Ｆ", "url2": "https://www.kaigokensaku.mhlw.go.jp/01/index.php?action_kouhyou_detail_004_kani=true&JigyosyoCd=0172002420-00&ServiceCd=510&Type=search" }, "geometry": { "type": "Point", "coordinates": [ 141.052944809262044, 43.168429575396445 ] } },
{ "type": "Feature", "properties": { "内容": "特別養護老人ホーム愛善園【介護老人福祉施設】北海道旭川市春光台４条１１丁目５２４９番地の１０", "url2": "https://www.kaigokensaku.mhlw.go.jp/01/index.php?action_kouhyou_detail_004_kani=true&JigyosyoCd=0172900052-00&ServiceCd=510&Type=search" }, "geometry": { "type": "Point", "coordinates": [ 142.371558599999958, 43.831071 ] } },
{ "type": "Feature", "properties": { "内容": "介護老人福祉施設　特別養護老人ホーム　たいせつの郷【介護老人福祉施設】北海道旭川市東鷹栖２線１８号１０４５番地", "url2": "https://www.kaigokensaku.mhlw.go.jp/01/index.php?action_kouhyou_detail_004_kani=true&JigyosyoCd=0172900771-00&ServiceCd=510&Type=search" }, "geometry": { "type": "Point", "coordinates": [ 142.444495400000051, 43.8480221 ] } },
{ "type": "Feature", "properties": { "内容": "介護老人福祉施設ユニット型特別養護老人ホームたいせつの郷【介護老人福祉施設】北海道旭川市東鷹栖２線１８号1045番地", "url2": "https://www.kaigokensaku.mhlw.go.jp/01/index.php?action_kouhyou_detail_004_kani=true&JigyosyoCd=0172900771-00&ServiceCd=510&Type=search" }, "geometry": { "type": "Point", "coordinates": [ 142.4446223, 43.848028 ] } },
{ "type": "Feature", "properties": { "内容": "特別養護老人ホーム共生園【介護老人福祉施設】北海道旭川市東旭川町共栄１２３番地", "url2": "https://www.kaigokensaku.mhlw.go.jp/01/index.php?action_kouhyou_detail_004_kani=true&JigyosyoCd=0172901126-00&ServiceCd=510&Type=search" }, "geometry": { "type": "Point", "coordinates": [ 142.428566, 43.7432305 ] } },
{ "type": "Feature", "properties": { "内容": "特別養護老人ホーム　緑が丘あさひ園【介護老人福祉施設】北海道旭川市緑が丘東１条２丁目１番２１号", "url2": "https://www.kaigokensaku.mhlw.go.jp/01/index.php?action_kouhyou_detail_004_kani=true&JigyosyoCd=0172900045-00&ServiceCd=510&Type=search" }, "geometry": { "type": "Point", "coordinates": [ 142.389432400000032, 43.7288581 ] } },
{ "type": "Feature", "properties": { "内容": "特別養護老人ホーム旭川のなか園【介護老人福祉施設】旭川市神居9条3丁目1番地24", "url2": "https://www.kaigokensaku.mhlw.go.jp/01/index.php?action_kouhyou_detail_004_kani=true&JigyosyoCd=0172900193-00&ServiceCd=510&Type=search" }, "geometry": { "type": "Point", "coordinates": [ 142.3217985, 43.764465300000019 ] } },
{ "type": "Feature", "properties": { "内容": "特別養護老人ホーム　誠徳園【介護老人福祉施設】旭川市末広８条６丁目５３０７番地", "url2": "https://www.kaigokensaku.mhlw.go.jp/01/index.php?action_kouhyou_detail_004_kani=true&JigyosyoCd=0172900078-00&ServiceCd=510&Type=search" }, "geometry": { "type": "Point", "coordinates": [ 142.373348399999941, 43.8196834 ] } },
{ "type": "Feature", "properties": { "内容": "特別養護老人ホーム旭川緑苑・ユニット型特別養護老人ホーム旭川緑苑【介護老人福祉施設】旭川市東旭川町上兵村229番地の8", "url2": "https://www.kaigokensaku.mhlw.go.jp/01/index.php?action_kouhyou_detail_004_kani=true&JigyosyoCd=0172900474-00&ServiceCd=510&Type=search" }, "geometry": { "type": "Point", "coordinates": [ 142.451209400000039, 43.7756579 ] } },
{ "type": "Feature", "properties": { "内容": "特別養護老人ホーム　養生の杜カムイ【介護老人福祉施設】北海道旭川市永山町５丁目１３６番地の１", "url2": "https://www.kaigokensaku.mhlw.go.jp/01/index.php?action_kouhyou_detail_004_kani=true&JigyosyoCd=0172900201-00&ServiceCd=510&Type=search" }, "geometry": { "type": "Point", "coordinates": [ 142.432152500000029, 43.7862616 ] } },
{ "type": "Feature", "properties": { "内容": "特別養護老人ホーム敬生園【介護老人福祉施設】北海道旭川市末広8条6丁目5305番地", "url2": "https://www.kaigokensaku.mhlw.go.jp/01/index.php?action_kouhyou_detail_004_kani=true&JigyosyoCd=0172900185-00&ServiceCd=510&Type=search" }, "geometry": { "type": "Point", "coordinates": [ 142.37264, 43.8213748 ] } },
{ "type": "Feature", "properties": { "内容": "特別養護老人ホーム永山園【介護老人福祉施設】旭川市永山町15丁目116番地4", "url2": "https://www.kaigokensaku.mhlw.go.jp/01/index.php?action_kouhyou_detail_004_kani=true&JigyosyoCd=0172901027-00&ServiceCd=510&Type=search" }, "geometry": { "type": "Point", "coordinates": [ 142.462593874590993, 43.821661885586977 ] } },
{ "type": "Feature", "properties": { "内容": "特別養護老人ホーム末広たいせつの郷【介護老人福祉施設】北海道旭川市末広東1条13丁目2番34号", "url2": "https://www.kaigokensaku.mhlw.go.jp/01/index.php?action_kouhyou_detail_004_kani=true&JigyosyoCd=0172904393-00&ServiceCd=510&Type=search" }, "geometry": { "type": "Point", "coordinates": [ 142.404851199999939, 43.8148796 ] } },
{ "type": "Feature", "properties": { "内容": "特別養護老人ホーム旭川ねむのきの華【介護老人福祉施設】北海道旭川市忠和4条2丁目10番23号", "url2": "https://www.kaigokensaku.mhlw.go.jp/01/index.php?action_kouhyou_detail_004_kani=true&JigyosyoCd=0172907198-00&ServiceCd=510&Type=search" }, "geometry": { "type": "Point", "coordinates": [ 142.310690300000033, 43.7809965 ] } },
{ "type": "Feature", "properties": { "内容": "特別養護老人ホーム共生園Ⅲ【介護老人福祉施設】北海道旭川市東旭川町共栄123番地", "url2": "https://www.kaigokensaku.mhlw.go.jp/01/index.php?action_kouhyou_detail_004_kani=true&JigyosyoCd=0172905887-00&ServiceCd=510&Type=search" }, "geometry": { "type": "Point", "coordinates": [ 142.428591, 43.743225 ] } },
{ "type": "Feature", "properties": { "内容": "特別養護老人ホーム楽生園【介護老人福祉施設】北海道旭川市1条通12丁目177番2", "url2": "https://www.kaigokensaku.mhlw.go.jp/01/index.php?action_kouhyou_detail_004_kani=true&JigyosyoCd=0172904567-00&ServiceCd=510&Type=search" }, "geometry": { "type": "Point", "coordinates": [ 142.3653359, 43.763453 ] } },
{ "type": "Feature", "properties": { "内容": "特別養護老人ホーム　仁慈苑【介護老人福祉施設】旭川市神楽3条12丁目1番8号", "url2": "https://www.kaigokensaku.mhlw.go.jp/01/index.php?action_kouhyou_detail_004_kani=true&JigyosyoCd=0172906125-00&ServiceCd=510&Type=search" }, "geometry": { "type": "Point", "coordinates": [ 142.3587814, 43.7530707 ] } },
{ "type": "Feature", "properties": { "内容": "特別養護老人ホームエテルナ【介護老人福祉施設】北海道旭川市近文町13丁目2916番地２", "url2": "https://www.kaigokensaku.mhlw.go.jp/01/index.php?action_kouhyou_detail_004_kani=true&JigyosyoCd=0172908048-00&ServiceCd=510&Type=search" }, "geometry": { "type": "Point", "coordinates": [ 142.334183909786987, 43.783516544893601 ] } },
{ "type": "Feature", "properties": { "内容": "特別養護老人ホーム宏生苑【介護老人福祉施設】旭川市東旭川町上兵村５５６番地４", "url2": "https://www.kaigokensaku.mhlw.go.jp/01/index.php?action_kouhyou_detail_004_kani=true&JigyosyoCd=0172903445-00&ServiceCd=510&Type=search" }, "geometry": { "type": "Point", "coordinates": [ 142.446496199999956, 43.7676198 ] } },
{ "type": "Feature", "properties": { "内容": "特別養護老人ホームみたらの杜【介護老人福祉施設】北海道室蘭市絵鞆町２丁目２２番地１", "url2": "https://www.kaigokensaku.mhlw.go.jp/01/index.php?action_kouhyou_detail_004_kani=true&JigyosyoCd=0173501263-00&ServiceCd=510&Type=search" }, "geometry": { "type": "Point", "coordinates": [ 140.93517810000003, 42.3344936 ] } },
{ "type": "Feature", "properties": { "内容": "特別養護老人ホーム　エンルムハイツ【介護老人福祉施設】室蘭市祝津町３丁目１６番３２号", "url2": "https://www.kaigokensaku.mhlw.go.jp/01/index.php?action_kouhyou_detail_004_kani=true&JigyosyoCd=0173500059-00&ServiceCd=510&Type=search" }, "geometry": { "type": "Point", "coordinates": [ 140.943394600000033, 42.3334853 ] } },
{ "type": "Feature", "properties": { "内容": "特別養護老人ホーム白鳥ハイツ【介護老人福祉施設】北海道室蘭市白鳥台４丁目８番１号", "url2": "https://www.kaigokensaku.mhlw.go.jp/01/index.php?action_kouhyou_detail_004_kani=true&JigyosyoCd=0173500067-00&ServiceCd=510&Type=search" }, "geometry": { "type": "Point", "coordinates": [ 140.947150500000021, 42.3829365 ] } },
{ "type": "Feature", "properties": { "内容": "ユニット型特別養護老人ホームエンルムハイツ【介護老人福祉施設】室蘭市祝津町３丁目１６番３２号", "url2": "https://www.kaigokensaku.mhlw.go.jp/01/index.php?action_kouhyou_detail_004_kani=true&JigyosyoCd=0173501727-00&ServiceCd=510&Type=search" }, "geometry": { "type": "Point", "coordinates": [ 140.943394600000033, 42.3334853 ] } },
{ "type": "Feature", "properties": { "内容": "特別養護老人ホーム釧路鶴ヶ岱啓生園【介護老人福祉施設】北海道釧路市鶴ヶ岱２丁目２番５号", "url2": "https://www.kaigokensaku.mhlw.go.jp/01/index.php?action_kouhyou_detail_004_kani=true&JigyosyoCd=0174100099-00&ServiceCd=510&Type=search" }, "geometry": { "type": "Point", "coordinates": [ 144.401856400000042, 42.9772672 ] } },
{ "type": "Feature", "properties": { "内容": "社会福祉法人釧路啓生会　釧路昭和啓生園【介護老人福祉施設】北海道釧路市昭和南５丁目２３番１号", "url2": "https://www.kaigokensaku.mhlw.go.jp/01/index.php?action_kouhyou_detail_004_kani=true&JigyosyoCd=0174100107-00&ServiceCd=510&Type=search" }, "geometry": { "type": "Point", "coordinates": [ 144.351890499999968, 43.0220553 ] } },
{ "type": "Feature", "properties": { "内容": "特別養護老人ホーム釧路北園啓生園【介護老人福祉施設】釧路市北園１丁目１番２７号", "url2": "https://www.kaigokensaku.mhlw.go.jp/01/index.php?action_kouhyou_detail_004_kani=true&JigyosyoCd=0174100750-00&ServiceCd=510&Type=search" }, "geometry": { "type": "Point", "coordinates": [ 144.341138699999988, 43.0223826 ] } },
{ "type": "Feature", "properties": { "内容": "特別養護老人ホームはるとりの里【介護老人福祉施設】釧路市春採７丁目９番７号", "url2": "https://www.kaigokensaku.mhlw.go.jp/01/index.php?action_kouhyou_detail_004_kani=true&JigyosyoCd=0174100131-00&ServiceCd=510&Type=search" }, "geometry": { "type": "Point", "coordinates": [ 144.418779299999983, 42.9781292 ] } },
{ "type": "Feature", "properties": { "内容": "特別養護老人ホームさくらの里【介護老人福祉施設】北海道釧路市桜ヶ岡４丁目１４番１０号", "url2": "https://www.kaigokensaku.mhlw.go.jp/01/index.php?action_kouhyou_detail_004_kani=true&JigyosyoCd=0174101261-00&ServiceCd=510&Type=search" }, "geometry": { "type": "Point", "coordinates": [ 144.425018, 42.9639144 ] } },
{ "type": "Feature", "properties": { "内容": "特別養護老人ホームきんれんかの里【介護老人福祉施設】北海道釧路市愛国191番5711", "url2": "https://www.kaigokensaku.mhlw.go.jp/01/index.php?action_kouhyou_detail_004_kani=true&JigyosyoCd=0174101758-00&ServiceCd=510&Type=search" }, "geometry": { "type": "Point", "coordinates": [ 144.397579599999972, 43.0277311 ] } },
{ "type": "Feature", "properties": { "内容": "特別養護老人ホームぬさまい【介護老人福祉施設】北海道釧路市幣舞町4番7号", "url2": "https://www.kaigokensaku.mhlw.go.jp/01/index.php?action_kouhyou_detail_004_kani=true&JigyosyoCd=0174142455-00&ServiceCd=510&Type=search" }, "geometry": { "type": "Point", "coordinates": [ 144.38684211548312, 42.978846943746042 ] } },
{ "type": "Feature", "properties": { "内容": "特別養護老人ホーム百花苑【介護老人福祉施設】釧路市昭和190番地4521", "url2": "https://www.kaigokensaku.mhlw.go.jp/01/index.php?action_kouhyou_detail_004_kani=true&JigyosyoCd=0174100529-00&ServiceCd=510&Type=search" }, "geometry": { "type": "Point", "coordinates": [ 144.35434, 43.0327514 ] } },
{ "type": "Feature", "properties": { "内容": "特別養護老人ホームえぞりんどうの里【介護老人福祉施設】北海道釧路市音別町中園２丁目１１８番５", "url2": "https://www.kaigokensaku.mhlw.go.jp/01/index.php?action_kouhyou_detail_004_kani=true&JigyosyoCd=0174300608-00&ServiceCd=510&Type=search" }, "geometry": { "type": "Point", "coordinates": [ 143.9287, 42.8936133 ] } },
{ "type": "Feature", "properties": { "内容": "特別養護老人ホーム鶴の園【介護老人福祉施設】北海道釧路市阿寒町富士見2丁目5番10号", "url2": "https://www.kaigokensaku.mhlw.go.jp/01/index.php?action_kouhyou_detail_004_kani=true&JigyosyoCd=0174300160-00&ServiceCd=510&Type=search" }, "geometry": { "type": "Point", "coordinates": [ 144.119909159182725, 43.106885737806309 ] } },
{ "type": "Feature", "properties": { "内容": "特別養護老人ホーム　武佐の里【介護老人福祉施設】北海道釧路市武佐4丁目28番10号", "url2": "https://www.kaigokensaku.mhlw.go.jp/01/index.php?action_kouhyou_detail_004_kani=true&JigyosyoCd=0174142695-00&ServiceCd=510&Type=search" }, "geometry": { "type": "Point", "coordinates": [ 144.4314755, 42.9862331 ] } },
{ "type": "Feature", "properties": { "内容": "特別養護老人ホーム　帯広けいせい苑【介護老人福祉施設】北海道帯広市川西町西１線４７番地３", "url2": "https://www.kaigokensaku.mhlw.go.jp/01/index.php?action_kouhyou_detail_004_kani=true&JigyosyoCd=0174600098-00&ServiceCd=510&Type=search" }, "geometry": { "type": "Point", "coordinates": [ 143.177969399999938, 42.8550808 ] } },
{ "type": "Feature", "properties": { "内容": "特別養護老人ホーム帯広けいせい苑ユニット型【介護老人福祉施設】北海道帯広市川西町西1線47番地３", "url2": "https://www.kaigokensaku.mhlw.go.jp/01/index.php?action_kouhyou_detail_004_kani=true&JigyosyoCd=0174602045-00&ServiceCd=510&Type=search" }, "geometry": { "type": "Point", "coordinates": [ 143.177969399999938, 42.8550808 ] } },
{ "type": "Feature", "properties": { "内容": "特別養護老人ホーム帯広慈恩の里【介護老人福祉施設】北海道帯広市空港南町３０３番地１", "url2": "https://www.kaigokensaku.mhlw.go.jp/01/index.php?action_kouhyou_detail_004_kani=true&JigyosyoCd=0174601088-00&ServiceCd=510&Type=search" }, "geometry": { "type": "Point", "coordinates": [ 143.162755699999906, 42.8765306 ] } },
{ "type": "Feature", "properties": { "内容": "特別養護老人ホーム　帯広至心寮【介護老人福祉施設】北海道帯広市西5条南30丁目14番地", "url2": "https://www.kaigokensaku.mhlw.go.jp/01/index.php?action_kouhyou_detail_004_kani=true&JigyosyoCd=0174601740-00&ServiceCd=510&Type=search" }, "geometry": { "type": "Point", "coordinates": [ 143.201109299999985, 42.8969441 ] } },
{ "type": "Feature", "properties": { "内容": "特別養護老人ホーム太陽園【介護老人福祉施設】帯広市大正町西１線９６－１", "url2": "https://www.kaigokensaku.mhlw.go.jp/01/index.php?action_kouhyou_detail_004_kani=true&JigyosyoCd=0174600106-00&ServiceCd=510&Type=search" }, "geometry": { "type": "Point", "coordinates": [ 143.157440400000041, 42.7986643 ] } },
{ "type": "Feature", "properties": { "内容": "特別養護老人ホーム太陽園【介護老人福祉施設】北海道帯広市大正町西１線９６－１", "url2": "https://www.kaigokensaku.mhlw.go.jp/01/index.php?action_kouhyou_detail_004_kani=true&JigyosyoCd=0174601765-00&ServiceCd=510&Type=search" }, "geometry": { "type": "Point", "coordinates": [ 143.157440400000041, 42.7986643 ] } },
{ "type": "Feature", "properties": { "内容": "特別養護老人ホーム　愛仁園【介護老人福祉施設】北海道帯広市西17条南28丁目1番地1", "url2": "https://www.kaigokensaku.mhlw.go.jp/01/index.php?action_kouhyou_detail_004_kani=true&JigyosyoCd=0174600072-00&ServiceCd=510&Type=search" }, "geometry": { "type": "Point", "coordinates": [ 143.178258599999907, 42.89777620000001 ] } },
{ "type": "Feature", "properties": { "内容": "特別養護老人ホームこもれびの里【介護老人福祉施設】北海道北見市北光280番地7", "url2": "https://www.kaigokensaku.mhlw.go.jp/01/index.php?action_kouhyou_detail_004_kani=true&JigyosyoCd=0175000215-00&ServiceCd=510&Type=search" }, "geometry": { "type": "Point", "coordinates": [ 143.86776, 43.7795112 ] } },
{ "type": "Feature", "properties": { "内容": "特別養護老人ホームこもれびの里せせらぎ【介護老人福祉施設】北海道北見市北光280番地10", "url2": "https://www.kaigokensaku.mhlw.go.jp/01/index.php?action_kouhyou_detail_004_kani=true&JigyosyoCd=0175012319-00&ServiceCd=510&Type=search" }, "geometry": { "type": "Point", "coordinates": [ 143.86691559999997, 43.7793946 ] } },
{ "type": "Feature", "properties": { "内容": "指定介護老人福祉施設　北寿園【介護老人福祉施設】北見市川東３５４番地7", "url2": "https://www.kaigokensaku.mhlw.go.jp/01/index.php?action_kouhyou_detail_004_kani=true&JigyosyoCd=0175000116-00&ServiceCd=510&Type=search" }, "geometry": { "type": "Point", "coordinates": [ 143.917421500000046, 43.7976633 ] } },
{ "type": "Feature", "properties": { "内容": "特別養護老人ホームあいせいの杜【介護老人福祉施設】北海道北見市相内町97番地1", "url2": "https://www.kaigokensaku.mhlw.go.jp/01/index.php?action_kouhyou_detail_004_kani=true&JigyosyoCd=0175000942-00&ServiceCd=510&Type=search" }, "geometry": { "type": "Point", "coordinates": [ 143.755740400000036, 43.8003785 ] } },
{ "type": "Feature", "properties": { "内容": "特別養護老人ホーム　光の苑【介護老人福祉施設】北海道北見市東陵町１１６番1", "url2": "https://www.kaigokensaku.mhlw.go.jp/01/index.php?action_kouhyou_detail_004_kani=true&JigyosyoCd=0175000322-00&ServiceCd=510&Type=search" }, "geometry": { "type": "Point", "coordinates": [ 143.898155299999985, 43.82651 ] } },
{ "type": "Feature", "properties": { "内容": "特別養護老人ホーム光の苑【介護老人福祉施設】北海道北見市東陵町116番1", "url2": "https://www.kaigokensaku.mhlw.go.jp/01/index.php?action_kouhyou_detail_004_kani=true&JigyosyoCd=0175012616-00&ServiceCd=510&Type=search" }, "geometry": { "type": "Point", "coordinates": [ 143.898166400000036, 43.82656 ] } },
{ "type": "Feature", "properties": { "内容": "特別養護老人ホームるべしべ希楽苑【介護老人福祉施設】北海道北見市留辺蘂町上町143番地1", "url2": "https://www.kaigokensaku.mhlw.go.jp/01/index.php?action_kouhyou_detail_004_kani=true&JigyosyoCd=0175000140-00&ServiceCd=510&Type=search" }, "geometry": { "type": "Point", "coordinates": [ 143.602926499999967, 43.788375 ] } },
{ "type": "Feature", "properties": { "内容": "JA北海道厚生連特別養護老人ホームところ【介護老人福祉施設】北見市常呂町字常呂５６１番地２６", "url2": "https://www.kaigokensaku.mhlw.go.jp/01/index.php?action_kouhyou_detail_004_kani=true&JigyosyoCd=0175012228-00&ServiceCd=510&Type=search" }, "geometry": { "type": "Point", "coordinates": [ 144.066325833469307, 44.117459882776366 ] } },
{ "type": "Feature", "properties": { "内容": "特別養護老人ホーム　くつろぎ【介護老人福祉施設】北見市とん田東町４４４－１", "url2": "https://www.kaigokensaku.mhlw.go.jp/01/index.php?action_kouhyou_detail_004_kani=true&JigyosyoCd=0175012087-00&ServiceCd=510&Type=search" }, "geometry": { "type": "Point", "coordinates": [ 143.879274900000041, 43.7975067 ] } },
{ "type": "Feature", "properties": { "内容": "特別養護老人ホーム　くつろぎユニット【介護老人福祉施設】北海道北見市とん田東町３８１番地１６", "url2": "https://www.kaigokensaku.mhlw.go.jp/01/index.php?action_kouhyou_detail_004_kani=true&JigyosyoCd=0175012640-00&ServiceCd=510&Type=search" }, "geometry": { "type": "Point", "coordinates": [ 143.878964520484971, 43.798451120736942 ] } },
{ "type": "Feature", "properties": { "内容": "特別養護老人ホーム　清光園【介護老人福祉施設】北海道夕張市南清水沢1丁目55番地1", "url2": "https://www.kaigokensaku.mhlw.go.jp/01/index.php?action_kouhyou_detail_004_kani=true&JigyosyoCd=0175900034-00&ServiceCd=510&Type=search" }, "geometry": { "type": "Point", "coordinates": [ 142.001752900000042, 42.9868991 ] } },
{ "type": "Feature", "properties": { "内容": "特別養護老人ホーム　こぶし【介護老人福祉施設】北海道岩見沢市志文町301番地", "url2": "https://www.kaigokensaku.mhlw.go.jp/01/index.php?action_kouhyou_detail_004_kani=true&JigyosyoCd=0175700079-00&ServiceCd=510&Type=search" }, "geometry": { "type": "Point", "coordinates": [ 141.758146900000042, 43.1647697 ] } },
{ "type": "Feature", "properties": { "内容": "特別養護老人ホームいちい荘【介護老人福祉施設】北海道岩見沢市栗沢町最上２２２番地６", "url2": "https://www.kaigokensaku.mhlw.go.jp/01/index.php?action_kouhyou_detail_004_kani=true&JigyosyoCd=0175700525-00&ServiceCd=510&Type=search" }, "geometry": { "type": "Point", "coordinates": [ 141.7596328, 43.120021 ] } },
{ "type": "Feature", "properties": { "内容": "特別養護老人ホーム　新いちい荘【介護老人福祉施設】北海道岩見沢市栗沢町最上222番地6", "url2": "https://www.kaigokensaku.mhlw.go.jp/01/index.php?action_kouhyou_detail_004_kani=true&JigyosyoCd=0175701051-00&ServiceCd=510&Type=search" }, "geometry": { "type": "Point", "coordinates": [ 141.759604851427895, 43.120613468714417 ] } },
{ "type": "Feature", "properties": { "内容": "特別養護老人ホームぬくもりの郷【介護老人福祉施設】岩見沢市6条西19丁目8番地", "url2": "https://www.kaigokensaku.mhlw.go.jp/01/index.php?action_kouhyou_detail_004_kani=true&JigyosyoCd=0175700798-00&ServiceCd=510&Type=search" }, "geometry": { "type": "Point", "coordinates": [ 141.7498855, 43.1932411 ] } },
{ "type": "Feature", "properties": { "内容": "特別養護老人ホーム野菊【介護老人福祉施設】北海道岩見沢市2条東15丁目2番地2", "url2": "https://www.kaigokensaku.mhlw.go.jp/01/index.php?action_kouhyou_detail_004_kani=true&JigyosyoCd=0175700541-00&ServiceCd=510&Type=search" }, "geometry": { "type": "Point", "coordinates": [ 141.7824594, 43.2139758 ] } },
{ "type": "Feature", "properties": { "内容": "特別養護老人ホーム　なないろ館【介護老人福祉施設】北海道網走市南６条東３丁目５番地", "url2": "https://www.kaigokensaku.mhlw.go.jp/01/index.php?action_kouhyou_detail_004_kani=true&JigyosyoCd=0175300037-00&ServiceCd=510&Type=search" }, "geometry": { "type": "Point", "coordinates": [ 144.271685033753528, 44.019801255972403 ] } },
{ "type": "Feature", "properties": { "内容": "特別養護老人ホーム萌寿園【介護老人福祉施設】北海道留萌市沖見町６丁目１８番地６", "url2": "https://www.kaigokensaku.mhlw.go.jp/01/index.php?action_kouhyou_detail_004_kani=true&JigyosyoCd=0176400034-00&ServiceCd=510&Type=search" }, "geometry": { "type": "Point", "coordinates": [ 141.643760916007977, 43.925196842066327 ] } },
{ "type": "Feature", "properties": { "内容": "特別養護老人ホーム　樽前慈生園【介護老人福祉施設】苫小牧市字樽前２１９番地の１", "url2": "https://www.kaigokensaku.mhlw.go.jp/01/index.php?action_kouhyou_detail_004_kani=true&JigyosyoCd=0173600073-00&ServiceCd=510&Type=search" }, "geometry": { "type": "Point", "coordinates": [ 141.427523812303178, 42.597731476278526 ] } },
{ "type": "Feature", "properties": { "内容": "特別養護老人ホーム「彩」【介護老人福祉施設】北海道苫小牧市表町５丁目１１番５号", "url2": "https://www.kaigokensaku.mhlw.go.jp/01/index.php?action_kouhyou_detail_004_kani=true&JigyosyoCd=0173602251-00&ServiceCd=510&Type=search" }, "geometry": { "type": "Point", "coordinates": [ 141.598070639147977, 42.639846341226416 ] } },
{ "type": "Feature", "properties": { "内容": "特別養護老人ホームアポロ園【介護老人福祉施設】北海道苫小牧市山手町1丁目12番3号", "url2": "https://www.kaigokensaku.mhlw.go.jp/01/index.php?action_kouhyou_detail_004_kani=true&JigyosyoCd=0173600065-00&ServiceCd=510&Type=search" }, "geometry": { "type": "Point", "coordinates": [ 141.579293320237753, 42.643098929283731 ] } },
{ "type": "Feature", "properties": { "内容": "特別養護老人ホーム沼ノ端はくちょう苑【介護老人福祉施設】北海道苫小牧市北栄町３丁目１９番２６号", "url2": "https://www.kaigokensaku.mhlw.go.jp/01/index.php?action_kouhyou_detail_004_kani=true&JigyosyoCd=0173602467-00&ServiceCd=510&Type=search" }, "geometry": { "type": "Point", "coordinates": [ 141.605372100000068, 42.6343021 ] } },
{ "type": "Feature", "properties": { "内容": "特別養護老人ホーム　樽前慈生園【介護老人福祉施設】北海道苫小牧市美原町3丁目9番1号", "url2": "https://www.kaigokensaku.mhlw.go.jp/01/index.php?action_kouhyou_detail_004_kani=true&JigyosyoCd=0173602939-00&ServiceCd=510&Type=search" }, "geometry": { "type": "Point", "coordinates": [ 141.503199120652965, 42.611377280976996 ] } },
{ "type": "Feature", "properties": { "内容": "特別養護老人ホーム陽だまりの樹【介護老人福祉施設】北海道苫小牧市元中野町2丁目3番3号", "url2": "https://www.kaigokensaku.mhlw.go.jp/01/index.php?action_kouhyou_detail_004_kani=true&JigyosyoCd=0173602087-00&ServiceCd=510&Type=search" }, "geometry": { "type": "Point", "coordinates": [ 141.61774938213955, 42.635191326106991 ] } },
{ "type": "Feature", "properties": { "内容": "特別養護老人ホーム陽明園【介護老人福祉施設】苫小牧市字植苗５１番地１７７", "url2": "https://www.kaigokensaku.mhlw.go.jp/01/index.php?action_kouhyou_detail_004_kani=true&JigyosyoCd=0173600081-00&ServiceCd=510&Type=search" }, "geometry": { "type": "Point", "coordinates": [ 141.71967559999996, 42.724849508121935 ] } },
{ "type": "Feature", "properties": { "内容": "特別養護老人ホーム緑陽園【介護老人福祉施設】苫小牧市字樽前222番地11", "url2": "https://www.kaigokensaku.mhlw.go.jp/01/index.php?action_kouhyou_detail_004_kani=true&JigyosyoCd=0173600123-00&ServiceCd=510&Type=search" }, "geometry": { "type": "Point", "coordinates": [ 141.431530899999984, 42.5962145 ] } },
{ "type": "Feature", "properties": { "内容": "特別養護老人ホーム緑樹園Ⅰ【介護老人福祉施設】苫小牧市松風町２番１７号", "url2": "https://www.kaigokensaku.mhlw.go.jp/01/index.php?action_kouhyou_detail_004_kani=true&JigyosyoCd=0173600131-00&ServiceCd=510&Type=search" }, "geometry": { "type": "Point", "coordinates": [ 141.561195213398008, 42.638868778094874 ] } },
{ "type": "Feature", "properties": { "内容": "特別養護老人ホーム緑樹園Ⅱ【介護老人福祉施設】北海道苫小牧市松風町２番１７号緑樹園Ⅱ", "url2": "https://www.kaigokensaku.mhlw.go.jp/01/index.php?action_kouhyou_detail_004_kani=true&JigyosyoCd=0173602897-00&ServiceCd=510&Type=search" }, "geometry": { "type": "Point", "coordinates": [ 141.561207383744801, 42.638892526108485 ] } },
{ "type": "Feature", "properties": { "内容": "社会福祉法人稚内福祉会特別養護老人ホーム富士見園【介護老人福祉施設】稚内市富士見５丁目１１７８番地の１", "url2": "https://www.kaigokensaku.mhlw.go.jp/01/index.php?action_kouhyou_detail_004_kani=true&JigyosyoCd=0176700755-00&ServiceCd=510&Type=search" }, "geometry": { "type": "Point", "coordinates": [ 141.636831799999982, 45.413919 ] } },
{ "type": "Feature", "properties": { "内容": "特別養護老人ホーム富士見園【介護老人福祉施設】北海道稚内市富士見5丁目1178番地の1", "url2": "https://www.kaigokensaku.mhlw.go.jp/01/index.php?action_kouhyou_detail_004_kani=true&JigyosyoCd=0176700938-00&ServiceCd=510&Type=search" }, "geometry": { "type": "Point", "coordinates": [ 141.6366974, 45.4136318 ] } },
{ "type": "Feature", "properties": { "内容": "特別養護老人ホーム稚内緑風苑【介護老人福祉施設】稚内市声問５丁目４４番１１号", "url2": "https://www.kaigokensaku.mhlw.go.jp/01/index.php?action_kouhyou_detail_004_kani=true&JigyosyoCd=0176700565-00&ServiceCd=510&Type=search" }, "geometry": { "type": "Point", "coordinates": [ 141.760535600000026, 45.397822 ] } },
{ "type": "Feature", "properties": { "内容": "特別養護老人ホーム　モエズヴィラ美唄【介護老人福祉施設】北海道美唄市東7条南2丁目5番24号", "url2": "https://www.kaigokensaku.mhlw.go.jp/01/index.php?action_kouhyou_detail_004_kani=true&JigyosyoCd=0176100196-00&ServiceCd=510&Type=search" }, "geometry": { "type": "Point", "coordinates": [ 141.883955499999956, 43.3271493 ] } },
{ "type": "Feature", "properties": { "内容": "特別養護老人ホーム　美唄市恵祥園【介護老人福祉施設】北海道美唄市字峰延原野2645番地１（峰延町公園）", "url2": "https://www.kaigokensaku.mhlw.go.jp/01/index.php?action_kouhyou_detail_004_kani=true&JigyosyoCd=0176100055-00&ServiceCd=510&Type=search" }, "geometry": { "type": "Point", "coordinates": [ 141.814278626844754, 43.258831970220562 ] } },
{ "type": "Feature", "properties": { "内容": "特別養護老人ホーム芦別慈恵園【介護老人福祉施設】芦別市旭町28番地", "url2": "https://www.kaigokensaku.mhlw.go.jp/01/index.php?action_kouhyou_detail_004_kani=true&JigyosyoCd=0177300175-00&ServiceCd=510&Type=search" }, "geometry": { "type": "Point", "coordinates": [ 142.1985767, 43.5252264 ] } },
{ "type": "Feature", "properties": { "内容": "特別養護老人ホームえぞりすの杜【介護老人福祉施設】北海道江別市西野幌92番地18", "url2": "https://www.kaigokensaku.mhlw.go.jp/01/index.php?action_kouhyou_detail_004_kani=true&JigyosyoCd=0171001787-00&ServiceCd=510&Type=search" }, "geometry": { "type": "Point", "coordinates": [ 141.540896586705912, 43.076317259880035 ] } },
{ "type": "Feature", "properties": { "内容": "特別養護老人ホームひだまり大麻【介護老人福祉施設】北海道江別市大麻北町608番地", "url2": "https://www.kaigokensaku.mhlw.go.jp/01/index.php?action_kouhyou_detail_004_kani=true&JigyosyoCd=0171000052-00&ServiceCd=510&Type=search" }, "geometry": { "type": "Point", "coordinates": [ 141.498937399999932, 43.088814199999987 ] } },
{ "type": "Feature", "properties": { "内容": "特別養護老人ホーム誠志苑【介護老人福祉施設】江別市江別太２２２番地の１０", "url2": "https://www.kaigokensaku.mhlw.go.jp/01/index.php?action_kouhyou_detail_004_kani=true&JigyosyoCd=0171000110-00&ServiceCd=510&Type=search" }, "geometry": { "type": "Point", "coordinates": [ 141.576670888420722, 43.097996676668721 ] } },
{ "type": "Feature", "properties": { "内容": "特別養護老人ホーム日本介護江別【介護老人福祉施設】北海道江別市大麻元町154番地12", "url2": "https://www.kaigokensaku.mhlw.go.jp/01/index.php?action_kouhyou_detail_004_kani=true&JigyosyoCd=0171001936-00&ServiceCd=510&Type=search" }, "geometry": { "type": "Point", "coordinates": [ 141.497306400000014, 43.0851372 ] } },
{ "type": "Feature", "properties": { "内容": "江別地域複合型ライフケアセンター夢あかり【介護老人福祉施設】北海道江別市ゆめみ野東町１番地５", "url2": "https://www.kaigokensaku.mhlw.go.jp/01/index.php?action_kouhyou_detail_004_kani=true&JigyosyoCd=0171001001-00&ServiceCd=510&Type=search" }, "geometry": { "type": "Point", "coordinates": [ 141.564080900000022, 43.1035648 ] } },
{ "type": "Feature", "properties": { "内容": "指定介護老人福祉施設静苑ホーム【介護老人福祉施設】北海道江別市新栄台４６番地の１０", "url2": "https://www.kaigokensaku.mhlw.go.jp/01/index.php?action_kouhyou_detail_004_kani=true&JigyosyoCd=0171000102-00&ServiceCd=510&Type=search" }, "geometry": { "type": "Point", "coordinates": [ 141.512493, 43.1075267 ] } },
{ "type": "Feature", "properties": { "内容": "特別養護老人ホーム　赤平愛真ホーム【介護老人福祉施設】北海道赤平市豊栄町１丁目7-1", "url2": "https://www.kaigokensaku.mhlw.go.jp/01/index.php?action_kouhyou_detail_004_kani=true&JigyosyoCd=0177200185-00&ServiceCd=510&Type=search" }, "geometry": { "type": "Point", "coordinates": [ 142.036129209262072, 43.565314480566549 ] } },
{ "type": "Feature", "properties": { "内容": "あかびらエルムハイツ【介護老人福祉施設】赤平市幌岡町４７番地", "url2": "https://www.kaigokensaku.mhlw.go.jp/01/index.php?action_kouhyou_detail_004_kani=true&JigyosyoCd=0177200045-00&ServiceCd=510&Type=search" }, "geometry": { "type": "Point", "coordinates": [ 142.035044, 43.5766221 ] } },
{ "type": "Feature", "properties": { "内容": "特別養護老人ホーム　ユニット型あかびらエルムハイツ【介護老人福祉施設】北海道赤平市幌岡町47番地", "url2": "https://www.kaigokensaku.mhlw.go.jp/01/index.php?action_kouhyou_detail_004_kani=true&JigyosyoCd=0177200151-00&ServiceCd=510&Type=search" }, "geometry": { "type": "Point", "coordinates": [ 142.035778925270051, 43.576952432019205 ] } },
{ "type": "Feature", "properties": { "内容": "特別養護老人ホーム安養園【介護老人福祉施設】紋別市大山町１丁目５２番１５号", "url2": "https://www.kaigokensaku.mhlw.go.jp/01/index.php?action_kouhyou_detail_004_kani=true&JigyosyoCd=0175100320-00&ServiceCd=510&Type=search" }, "geometry": { "type": "Point", "coordinates": [ 143.3396861, 44.3406908 ] } },
{ "type": "Feature", "properties": { "内容": "特別養護老人ホーム士別コスモス苑【介護老人福祉施設】士別市東9条2丁目2番地", "url2": "https://www.kaigokensaku.mhlw.go.jp/01/index.php?action_kouhyou_detail_004_kani=true&JigyosyoCd=0173200593-00&ServiceCd=510&Type=search" }, "geometry": { "type": "Point", "coordinates": [ 142.404336300000068, 44.1809698 ] } },
{ "type": "Feature", "properties": { "内容": "介護老人福祉施設朝日美土里ハイツ【介護老人福祉施設】北海道士別市朝日町中央4029番地", "url2": "https://www.kaigokensaku.mhlw.go.jp/01/index.php?action_kouhyou_detail_004_kani=true&JigyosyoCd=0173200205-00&ServiceCd=510&Type=search" }, "geometry": { "type": "Point", "coordinates": [ 142.59239690000004, 44.1164969 ] } },
{ "type": "Feature", "properties": { "内容": "名寄市風連特別養護老人ホームしらかばハイツ【介護老人福祉施設】北海道名寄市風連町北栄町５１番地１", "url2": "https://www.kaigokensaku.mhlw.go.jp/01/index.php?action_kouhyou_detail_004_kani=true&JigyosyoCd=0173200676-00&ServiceCd=510&Type=search" }, "geometry": { "type": "Point", "coordinates": [ 142.4190595, 44.298226 ] } },
{ "type": "Feature", "properties": { "内容": "介護老人福祉施設　名寄市特別養護老人ホーム清峰園【介護老人福祉施設】北海道名寄市東8条南8丁目117番地", "url2": "https://www.kaigokensaku.mhlw.go.jp/01/index.php?action_kouhyou_detail_004_kani=true&JigyosyoCd=0173200700-00&ServiceCd=510&Type=search" }, "geometry": { "type": "Point", "coordinates": [ 142.476894971163915, 44.348391864129042 ] } },
{ "type": "Feature", "properties": { "内容": "三笠市ことぶき荘【介護老人福祉施設】北海道三笠市清住町112番地5", "url2": "https://www.kaigokensaku.mhlw.go.jp/01/index.php?action_kouhyou_detail_004_kani=true&JigyosyoCd=0176000131-00&ServiceCd=510&Type=search" }, "geometry": { "type": "Point", "coordinates": [ 141.903188362565629, 43.254562681920191 ] } },
{ "type": "Feature", "properties": { "内容": "特別養護老人ホームはまなす園【介護老人福祉施設】根室市有磯町2丁目19番地2", "url2": "https://www.kaigokensaku.mhlw.go.jp/01/index.php?action_kouhyou_detail_004_kani=true&JigyosyoCd=0174200071-00&ServiceCd=510&Type=search" }, "geometry": { "type": "Point", "coordinates": [ 145.590292399999953, 43.3329395 ] } },
{ "type": "Feature", "properties": { "内容": "ユニット型特別養護老人ホームはまなす園【介護老人福祉施設】根室市有磯町2丁目21番地", "url2": "https://www.kaigokensaku.mhlw.go.jp/01/index.php?action_kouhyou_detail_004_kani=true&JigyosyoCd=0174200527-00&ServiceCd=510&Type=search" }, "geometry": { "type": "Point", "coordinates": [ 145.590403242605618, 43.333427266376304 ] } },
{ "type": "Feature", "properties": { "内容": "特別養護老人ホーム暢寿園【介護老人福祉施設】北海道千歳市富丘２丁目７番５号", "url2": "https://www.kaigokensaku.mhlw.go.jp/01/index.php?action_kouhyou_detail_004_kani=true&JigyosyoCd=0171100035-00&ServiceCd=510&Type=search" }, "geometry": { "type": "Point", "coordinates": [ 141.6499609, 42.840472 ] } },
{ "type": "Feature", "properties": { "内容": "特別養護老人ホームやまとの里【介護老人福祉施設】千歳市大和4丁目2番1号", "url2": "https://www.kaigokensaku.mhlw.go.jp/01/index.php?action_kouhyou_detail_004_kani=true&JigyosyoCd=0171100258-00&ServiceCd=510&Type=search" }, "geometry": { "type": "Point", "coordinates": [ 141.631652700000018, 42.8212487 ] } },
{ "type": "Feature", "properties": { "内容": "滝川市特別養護老人ホーム緑寿園【介護老人福祉施設】北海道滝川市江部乙町東12丁目13番16号", "url2": "https://www.kaigokensaku.mhlw.go.jp/01/index.php?action_kouhyou_detail_004_kani=true&JigyosyoCd=0177500519-00&ServiceCd=510&Type=search" }, "geometry": { "type": "Point", "coordinates": [ 141.944374752331555, 43.628585165699526 ] } },
{ "type": "Feature", "properties": { "内容": "滝川市特別養護老人ホーム緑寿園（ユニット型）【介護老人福祉施設】北海道滝川市江部乙町東12丁目13番16号", "url2": "https://www.kaigokensaku.mhlw.go.jp/01/index.php?action_kouhyou_detail_004_kani=true&JigyosyoCd=0177540655-00&ServiceCd=510&Type=search" }, "geometry": { "type": "Point", "coordinates": [ 141.944538599999987, 43.6287781 ] } },
{ "type": "Feature", "properties": { "内容": "特別養護老人ホーム福寿園【介護老人福祉施設】砂川市三砂町55番地６号", "url2": "https://www.kaigokensaku.mhlw.go.jp/01/index.php?action_kouhyou_detail_004_kani=true&JigyosyoCd=0177100351-00&ServiceCd=510&Type=search" }, "geometry": { "type": "Point", "coordinates": [ 141.912047600000051, 43.4916823 ] } },
{ "type": "Feature", "properties": { "内容": "社会福祉法人北海道光生舎　特別養護老人ホームしらかば荘【介護老人福祉施設】北海道歌志内市字神威280番地", "url2": "https://www.kaigokensaku.mhlw.go.jp/01/index.php?action_kouhyou_detail_004_kani=true&JigyosyoCd=0177100542-00&ServiceCd=510&Type=search" }, "geometry": { "type": "Point", "coordinates": [ 142.024847499999964, 43.5111393 ] } },
{ "type": "Feature", "properties": { "内容": "特別養護老人ホーム永福園【介護老人福祉施設】深川市西町1番13号", "url2": "https://www.kaigokensaku.mhlw.go.jp/01/index.php?action_kouhyou_detail_004_kani=true&JigyosyoCd=0177400108-00&ServiceCd=510&Type=search" }, "geometry": { "type": "Point", "coordinates": [ 142.030196100000012, 43.7161938 ] } },
{ "type": "Feature", "properties": { "内容": "特別養護老人ホーム清祥園【介護老人福祉施設】北海道深川市納内町北3番97号", "url2": "https://www.kaigokensaku.mhlw.go.jp/01/index.php?action_kouhyou_detail_004_kani=true&JigyosyoCd=0177400520-00&ServiceCd=510&Type=search" }, "geometry": { "type": "Point", "coordinates": [ 141.346807399999989, 43.0646147 ] } },
{ "type": "Feature", "properties": { "内容": "特別養護老人ホーム　北の峯ハイツ【介護老人福祉施設】北海道富良野市東雲町1番1号北の峯ハイツ", "url2": "https://www.kaigokensaku.mhlw.go.jp/01/index.php?action_kouhyou_detail_004_kani=true&JigyosyoCd=0173000449-00&ServiceCd=510&Type=search" }, "geometry": { "type": "Point", "coordinates": [ 142.40157350000004, 43.3479035 ] } },
{ "type": "Feature", "properties": { "内容": "特別養護老人ホーム緑風園【介護老人福祉施設】登別市中登別町２５３番地7", "url2": "https://www.kaigokensaku.mhlw.go.jp/01/index.php?action_kouhyou_detail_004_kani=true&JigyosyoCd=0173500133-00&ServiceCd=510&Type=search" }, "geometry": { "type": "Point", "coordinates": [ 141.163239699999963, 42.4785644 ] } },
{ "type": "Feature", "properties": { "内容": "特別養護老人ホームわかくさ【介護老人福祉施設】北海道登別市若草町２丁目１１番地１", "url2": "https://www.kaigokensaku.mhlw.go.jp/01/index.php?action_kouhyou_detail_004_kani=true&JigyosyoCd=0173501867-00&ServiceCd=510&Type=search" }, "geometry": { "type": "Point", "coordinates": [ 141.056659512828134, 42.368971950618786 ] } },
{ "type": "Feature", "properties": { "内容": "特別養護老人ホーム恵庭ふくろうの園【介護老人福祉施設】恵庭市南島松６番地１", "url2": "https://www.kaigokensaku.mhlw.go.jp/01/index.php?action_kouhyou_detail_004_kani=true&JigyosyoCd=0171200306-00&ServiceCd=510&Type=search" }, "geometry": { "type": "Point", "coordinates": [ 141.586110700000063, 42.9203627 ] } },
{ "type": "Feature", "properties": { "内容": "特別養護老人ホーム恵望園【介護老人福祉施設】恵庭市柏木町４２９番地６", "url2": "https://www.kaigokensaku.mhlw.go.jp/01/index.php?action_kouhyou_detail_004_kani=true&JigyosyoCd=0171200017-00&ServiceCd=510&Type=search" }, "geometry": { "type": "Point", "coordinates": [ 141.556372799999963, 42.8853161 ] } },
{ "type": "Feature", "properties": { "内容": "特別養護老人ホームおおたきの杜【介護老人福祉施設】北海道伊達市大滝区本郷町86番地1", "url2": "https://www.kaigokensaku.mhlw.go.jp/01/index.php?action_kouhyou_detail_004_kani=true&JigyosyoCd=0173700717-00&ServiceCd=510&Type=search" }, "geometry": { "type": "Point", "coordinates": [ 141.076654299999973, 42.6680159 ] } },
{ "type": "Feature", "properties": { "内容": "特別養護老人ホーム喜楽園【介護老人福祉施設】北海道伊達市向有珠町１６０番地７", "url2": "https://www.kaigokensaku.mhlw.go.jp/01/index.php?action_kouhyou_detail_004_kani=true&JigyosyoCd=0173700105-00&ServiceCd=510&Type=search" }, "geometry": { "type": "Point", "coordinates": [ 140.784566899999959, 42.5087031 ] } },
{ "type": "Feature", "properties": { "内容": "特別養護老人ホームひまわり【介護老人福祉施設】北海道伊達市松ヶ枝町154番地30", "url2": "https://www.kaigokensaku.mhlw.go.jp/01/index.php?action_kouhyou_detail_004_kani=true&JigyosyoCd=0173700030-00&ServiceCd=510&Type=search" }, "geometry": { "type": "Point", "coordinates": [ 140.884607499999987, 42.477484 ] } },
{ "type": "Feature", "properties": { "内容": "特別養護老人ホームなごみの里【介護老人福祉施設】北海道伊達市松ヶ枝町84番地１", "url2": "https://www.kaigokensaku.mhlw.go.jp/01/index.php?action_kouhyou_detail_004_kani=true&JigyosyoCd=0173700139-00&ServiceCd=510&Type=search" }, "geometry": { "type": "Point", "coordinates": [ 140.886222630870094, 42.474768193219695 ] } },
{ "type": "Feature", "properties": { "内容": "北広島市高齢者総合ケアセンター　特別養護老人ホーム　聖芳園【介護老人福祉施設】北海道北広島市西の里３４７番地４", "url2": "https://www.kaigokensaku.mhlw.go.jp/01/index.php?action_kouhyou_detail_004_kani=true&JigyosyoCd=0171300015-00&ServiceCd=510&Type=search" }, "geometry": { "type": "Point", "coordinates": [ 141.515873100000022, 43.0120559 ] } },
{ "type": "Feature", "properties": { "内容": "東部緑の苑【介護老人福祉施設】北海道北広島市共栄276番地20", "url2": "https://www.kaigokensaku.mhlw.go.jp/01/index.php?action_kouhyou_detail_004_kani=true&JigyosyoCd=0171300676-00&ServiceCd=510&Type=search" }, "geometry": { "type": "Point", "coordinates": [ 141.545045722090208, 42.992356537650991 ] } },
{ "type": "Feature", "properties": { "内容": "北広島リハビリセンター特養部四恩園【介護老人福祉施設】北広島市富ヶ岡509番地31", "url2": "https://www.kaigokensaku.mhlw.go.jp/01/index.php?action_kouhyou_detail_004_kani=true&JigyosyoCd=0171300023-00&ServiceCd=510&Type=search" }, "geometry": { "type": "Point", "coordinates": [ 141.533621399999987, 42.9551934 ] } },
{ "type": "Feature", "properties": { "内容": "特別養護老人ホーム厚田みよし園【介護老人福祉施設】北海道石狩市厚田区厚田１８９番地１", "url2": "https://www.kaigokensaku.mhlw.go.jp/01/index.php?action_kouhyou_detail_004_kani=true&JigyosyoCd=0177600079-00&ServiceCd=510&Type=search" }, "geometry": { "type": "Point", "coordinates": [ 141.435338399999978, 43.4021087 ] } },
{ "type": "Feature", "properties": { "内容": "特別養護老人ホーム石狩希久の園【介護老人福祉施設】石狩市八幡町高岡27番地9", "url2": "https://www.kaigokensaku.mhlw.go.jp/01/index.php?action_kouhyou_detail_004_kani=true&JigyosyoCd=0177600061-00&ServiceCd=510&Type=search" }, "geometry": { "type": "Point", "coordinates": [ 141.422479100000032, 43.254568 ] } },
{ "type": "Feature", "properties": { "内容": "特別養護老人ホーム　ばんなぐろ【介護老人福祉施設】石狩市花畔360番地26", "url2": "https://www.kaigokensaku.mhlw.go.jp/01/index.php?action_kouhyou_detail_004_kani=true&JigyosyoCd=0177600343-00&ServiceCd=510&Type=search" }, "geometry": { "type": "Point", "coordinates": [ 141.3049545, 43.16714 ] } },
{ "type": "Feature", "properties": { "内容": "特別養護老人ホームつれづれの郷【介護老人福祉施設】北斗市追分7丁目11番21号", "url2": "https://www.kaigokensaku.mhlw.go.jp/01/index.php?action_kouhyou_detail_004_kani=true&JigyosyoCd=0171501158-00&ServiceCd=510&Type=search" }, "geometry": { "type": "Point", "coordinates": [ 140.698126399999978, 41.8387433 ] } },
{ "type": "Feature", "properties": { "内容": "特別養護老人ホーム　美ヶ丘敬楽荘【介護老人福祉施設】北海道北斗市向野2丁目19-18", "url2": "https://www.kaigokensaku.mhlw.go.jp/01/index.php?action_kouhyou_detail_004_kani=true&JigyosyoCd=0171500275-00&ServiceCd=510&Type=search" }, "geometry": { "type": "Point", "coordinates": [ 140.634928098282217, 41.88770994468895 ] } },
{ "type": "Feature", "properties": { "内容": "社会福祉法人民生博愛会　特別養護老人ホーム清華園【介護老人福祉施設】北海道北斗市添山４７２番地１", "url2": "https://www.kaigokensaku.mhlw.go.jp/01/index.php?action_kouhyou_detail_004_kani=true&JigyosyoCd=0171500267-00&ServiceCd=510&Type=search" }, "geometry": { "type": "Point", "coordinates": [ 140.632829799999968, 41.8245676 ] } },
{ "type": "Feature", "properties": { "内容": "特別養護老人ホーム新篠津福祉園【介護老人福祉施設】北海道石狩郡新篠津村第45線北12番地", "url2": "https://www.kaigokensaku.mhlw.go.jp/01/index.php?action_kouhyou_detail_004_kani=true&JigyosyoCd=0171000037-00&ServiceCd=510&Type=search" }, "geometry": { "type": "Point", "coordinates": [ 141.640819599999986, 43.2232791 ] } },
{ "type": "Feature", "properties": { "内容": "特別養護老人ホーム松前南殿荘【介護老人福祉施設】北海道松前郡松前町建石216-184", "url2": "https://www.kaigokensaku.mhlw.go.jp/01/index.php?action_kouhyou_detail_004_kani=true&JigyosyoCd=0171500168-00&ServiceCd=510&Type=search" }, "geometry": { "type": "Point", "coordinates": [ 140.079237700000022, 41.4318044 ] } },
{ "type": "Feature", "properties": { "内容": "特別養護老人ホーム陽光園【介護老人福祉施設】北海道松前郡福島町字三岳160-13", "url2": "https://www.kaigokensaku.mhlw.go.jp/01/index.php?action_kouhyou_detail_004_kani=true&JigyosyoCd=0171500200-00&ServiceCd=510&Type=search" }, "geometry": { "type": "Point", "coordinates": [ 140.255172600000037, 41.4902573 ] } },
{ "type": "Feature", "properties": { "内容": "介護老人福祉施設　知内しおさい園【介護老人福祉施設】北海道上磯郡知内町字重内９７５番地", "url2": "https://www.kaigokensaku.mhlw.go.jp/01/index.php?action_kouhyou_detail_004_kani=true&JigyosyoCd=0171500242-00&ServiceCd=510&Type=search" }, "geometry": { "type": "Point", "coordinates": [ 140.425731499999983, 41.6006035 ] } },
{ "type": "Feature", "properties": { "内容": "木古内町特別養護老人ホームいさりび【介護老人福祉施設】北海道上磯郡木古内町字本町704番地", "url2": "https://www.kaigokensaku.mhlw.go.jp/01/index.php?action_kouhyou_detail_004_kani=true&JigyosyoCd=0171501844-00&ServiceCd=510&Type=search" }, "geometry": { "type": "Point", "coordinates": [ 140.438573600000041, 41.6759947 ] } },
{ "type": "Feature", "properties": { "内容": "介護老人福祉施設　ゆうりん【介護老人福祉施設】北海道亀田郡七飯町鳴川3丁目25番2号", "url2": "https://www.kaigokensaku.mhlw.go.jp/01/index.php?action_kouhyou_detail_004_kani=true&JigyosyoCd=0171500598-00&ServiceCd=510&Type=search" }, "geometry": { "type": "Point", "coordinates": [ 140.6936055, 41.8888899 ] } },
{ "type": "Feature", "properties": { "内容": "渡島リハビリテーションセンター特別養護部【介護老人福祉施設】北海道茅部郡鹿部町字鹿部258番地7", "url2": "https://www.kaigokensaku.mhlw.go.jp/01/index.php?action_kouhyou_detail_004_kani=true&JigyosyoCd=0171500309-00&ServiceCd=510&Type=search" }, "geometry": { "type": "Point", "coordinates": [ 140.833741599999939, 42.023142 ] } },
{ "type": "Feature", "properties": { "内容": "特別養護老人ホーム　シャリテさわら【介護老人福祉施設】北海道茅部郡森町字砂原2丁目１８８番地１９", "url2": "https://www.kaigokensaku.mhlw.go.jp/01/index.php?action_kouhyou_detail_004_kani=true&JigyosyoCd=0171500044-00&ServiceCd=510&Type=search" }, "geometry": { "type": "Point", "coordinates": [ 140.668937617196633, 42.121604020460339 ] } },
{ "type": "Feature", "properties": { "内容": "森町立特別養護老人ホームさくらの園【介護老人福祉施設】北海道茅部郡森町字森川町278番地2", "url2": "https://www.kaigokensaku.mhlw.go.jp/01/index.php?action_kouhyou_detail_004_kani=true&JigyosyoCd=0171500911-00&ServiceCd=510&Type=search" }, "geometry": { "type": "Point", "coordinates": [ 140.577898900000037, 42.0969431 ] } },
{ "type": "Feature", "properties": { "内容": "特別養護老人ホーム　くまいし荘【介護老人福祉施設】北海道二海郡八雲町熊石平町324番地269", "url2": "https://www.kaigokensaku.mhlw.go.jp/01/index.php?action_kouhyou_detail_004_kani=true&JigyosyoCd=0171600117-00&ServiceCd=510&Type=search" }, "geometry": { "type": "Point", "coordinates": [ 140.001509195909108, 42.129833079009153 ] } },
{ "type": "Feature", "properties": { "内容": "特別養護老人ホーム厚生園【介護老人福祉施設】二海郡八雲町大新４７番地4", "url2": "https://www.kaigokensaku.mhlw.go.jp/01/index.php?action_kouhyou_detail_004_kani=true&JigyosyoCd=0171500325-00&ServiceCd=510&Type=search" }, "geometry": { "type": "Point", "coordinates": [ 140.261243700000023, 42.2384641 ] } },
{ "type": "Feature", "properties": { "内容": "特別養護老人ホ－ム長万部慈恵園【介護老人福祉施設】山越郡長万部町字平里91番地11", "url2": "https://www.kaigokensaku.mhlw.go.jp/01/index.php?action_kouhyou_detail_004_kani=true&JigyosyoCd=0171500333-00&ServiceCd=510&Type=search" }, "geometry": { "type": "Point", "coordinates": [ 140.35351449999996, 42.49388780000001 ] } },
{ "type": "Feature", "properties": { "内容": "特別養護老人ホームえさし荘【介護老人福祉施設】北海道桧山郡江差町字柳崎町78番2", "url2": "https://www.kaigokensaku.mhlw.go.jp/01/index.php?action_kouhyou_detail_004_kani=true&JigyosyoCd=0171600075-00&ServiceCd=510&Type=search" }, "geometry": { "type": "Point", "coordinates": [ 140.149374198950227, 41.916546979443439 ] } },
{ "type": "Feature", "properties": { "内容": "特別養護老人ホーム　かみのくに荘【介護老人福祉施設】檜山郡上ノ国町字勝山２４番地１", "url2": "https://www.kaigokensaku.mhlw.go.jp/01/index.php?action_kouhyou_detail_004_kani=true&JigyosyoCd=0171600083-00&ServiceCd=510&Type=search" }, "geometry": { "type": "Point", "coordinates": [ 140.1173205, 41.7970624 ] } },
{ "type": "Feature", "properties": { "内容": "特別養護老人ホームあっさぶ荘【介護老人福祉施設】北海道檜山郡厚沢部町赤沼町３７８番地３", "url2": "https://www.kaigokensaku.mhlw.go.jp/01/index.php?action_kouhyou_detail_004_kani=true&JigyosyoCd=0171600091-00&ServiceCd=510&Type=search" }, "geometry": { "type": "Point", "coordinates": [ 140.22521329999995, 41.9286803 ] } },
{ "type": "Feature", "properties": { "内容": "乙部町立特別養護老人ホームおとべ荘【介護老人福祉施設】北海道爾志郡乙部町字緑町704番地3", "url2": "https://www.kaigokensaku.mhlw.go.jp/01/index.php?action_kouhyou_detail_004_kani=true&JigyosyoCd=0171600109-00&ServiceCd=510&Type=search" }, "geometry": { "type": "Point", "coordinates": [ 140.139816952494186, 41.969167469556602 ] } },
{ "type": "Feature", "properties": { "内容": "特別養護老人ホームおくしり荘【介護老人福祉施設】北海道奥尻郡奥尻町字青苗４４２番地２１", "url2": "https://www.kaigokensaku.mhlw.go.jp/01/index.php?action_kouhyou_detail_004_kani=true&JigyosyoCd=0171600125-00&ServiceCd=510&Type=search" }, "geometry": { "type": "Point", "coordinates": [ 139.445779921426379, 42.06304841950859 ] } },
{ "type": "Feature", "properties": { "内容": "特別養護老人ホーム　豊寿園【介護老人福祉施設】北海道瀬棚郡今金町字種川３９８番地の４", "url2": "https://www.kaigokensaku.mhlw.go.jp/01/index.php?action_kouhyou_detail_004_kani=true&JigyosyoCd=0171700065-00&ServiceCd=510&Type=search" }, "geometry": { "type": "Point", "coordinates": [ 140.0677905, 42.422256799604448 ] } },
{ "type": "Feature", "properties": { "内容": "特別養護老人ホームきたひやま荘【介護老人福祉施設】北海道久遠郡せたな町北檜山区豊岡337-1", "url2": "https://www.kaigokensaku.mhlw.go.jp/01/index.php?action_kouhyou_detail_004_kani=true&JigyosyoCd=0171700347-00&ServiceCd=510&Type=search" }, "geometry": { "type": "Point", "coordinates": [ 139.8728668, 42.4217817 ] } },
{ "type": "Feature", "properties": { "内容": "特別養護老人ホーム大成長生園【介護老人福祉施設】北海道久遠郡せたな町大成区宮野５２５番地２", "url2": "https://www.kaigokensaku.mhlw.go.jp/01/index.php?action_kouhyou_detail_004_kani=true&JigyosyoCd=0171700040-00&ServiceCd=510&Type=search" }, "geometry": { "type": "Point", "coordinates": [ 139.875066, 42.2294143 ] } },
{ "type": "Feature", "properties": { "内容": "寿都寿海荘【介護老人福祉施設】北海道寿都郡寿都町字開進町５０番地", "url2": "https://www.kaigokensaku.mhlw.go.jp/01/index.php?action_kouhyou_detail_004_kani=true&JigyosyoCd=0172100059-00&ServiceCd=510&Type=search" }, "geometry": { "type": "Point", "coordinates": [ 140.236416236318547, 42.789524367159835 ] } },
{ "type": "Feature", "properties": { "内容": "特別養護老人ホーム緑ケ丘ハイツ【介護老人福祉施設】北海道寿都郡黒松内町字黒松内５６１番地の１", "url2": "https://www.kaigokensaku.mhlw.go.jp/01/index.php?action_kouhyou_detail_004_kani=true&JigyosyoCd=0172100026-00&ServiceCd=510&Type=search" }, "geometry": { "type": "Point", "coordinates": [ 140.310426099999972, 42.660059699999984 ] } },
{ "type": "Feature", "properties": { "内容": "介護老人福祉施設　特別養護老人ホーム　一灯園【介護老人福祉施設】北海道磯谷郡蘭越町字大谷２７２番地", "url2": "https://www.kaigokensaku.mhlw.go.jp/01/index.php?action_kouhyou_detail_004_kani=true&JigyosyoCd=0172200057-00&ServiceCd=510&Type=search" }, "geometry": { "type": "Point", "coordinates": [ 140.5232959, 42.8020009 ] } },
{ "type": "Feature", "properties": { "内容": "特別養護老人ホーム　ニセコハイツ【介護老人福祉施設】北海道虻田郡ニセコ町字有島８７－４", "url2": "https://www.kaigokensaku.mhlw.go.jp/01/index.php?action_kouhyou_detail_004_kani=true&JigyosyoCd=0172200024-00&ServiceCd=510&Type=search" }, "geometry": { "type": "Point", "coordinates": [ 140.706146699999977, 42.8084024 ] } },
{ "type": "Feature", "properties": { "内容": "特別養護老人ホーム真狩羊蹄園【介護老人福祉施設】北海道虻田郡真狩村字共明３７番地６", "url2": "https://www.kaigokensaku.mhlw.go.jp/01/index.php?action_kouhyou_detail_004_kani=true&JigyosyoCd=0172200073-00&ServiceCd=510&Type=search" }, "geometry": { "type": "Point", "coordinates": [ 140.8076625, 42.7688679 ] } },
{ "type": "Feature", "properties": { "内容": "介護老人福祉施設　きもべつ喜らめきの郷【介護老人福祉施設】虻田郡喜茂別町字伏見２７２番地１", "url2": "https://www.kaigokensaku.mhlw.go.jp/01/index.php?action_kouhyou_detail_004_kani=true&JigyosyoCd=0172200313-00&ServiceCd=510&Type=search" }, "geometry": { "type": "Point", "coordinates": [ 140.948485977246037, 42.79594825679581 ] } },
{ "type": "Feature", "properties": { "内容": "ユニットケア慶和園【介護老人福祉施設】北海道虻田郡京極町字更進780-1ユニットケア慶和園", "url2": "https://www.kaigokensaku.mhlw.go.jp/01/index.php?action_kouhyou_detail_004_kani=true&JigyosyoCd=0172200347-00&ServiceCd=510&Type=search" }, "geometry": { "type": "Point", "coordinates": [ 140.894540399999983, 42.8311362 ] } },
{ "type": "Feature", "properties": { "内容": "特別養護老人ホーム羊蹄ハイツ【介護老人福祉施設】北海道虻田郡倶知安町字峠下１１３番地２", "url2": "https://www.kaigokensaku.mhlw.go.jp/01/index.php?action_kouhyou_detail_004_kani=true&JigyosyoCd=0172200032-00&ServiceCd=510&Type=search" }, "geometry": { "type": "Point", "coordinates": [ 140.739676, 42.9226574 ] } },
{ "type": "Feature", "properties": { "内容": "特別養護老人ホーム　みのりの里　共和【介護老人福祉施設】北海道岩内郡共和町南幌似57番地13", "url2": "https://www.kaigokensaku.mhlw.go.jp/01/index.php?action_kouhyou_detail_004_kani=true&JigyosyoCd=0172300162-00&ServiceCd=510&Type=search" }, "geometry": { "type": "Point", "coordinates": [ 140.614792, 42.9772401 ] } },
{ "type": "Feature", "properties": { "内容": "社会福祉法人渓仁会　介護老人福祉施設岩内ふれ愛の郷【介護老人福祉施設】岩内郡岩内町字野束69番地4", "url2": "https://www.kaigokensaku.mhlw.go.jp/01/index.php?action_kouhyou_detail_004_kani=true&JigyosyoCd=0172300253-00&ServiceCd=510&Type=search" }, "geometry": { "type": "Point", "coordinates": [ 140.509734699999967, 42.9676919 ] } },
{ "type": "Feature", "properties": { "内容": "泊村特別養護老人ホームむつみ荘【介護老人福祉施設】北海道古宇郡泊村大字茅沼村711番地3", "url2": "https://www.kaigokensaku.mhlw.go.jp/01/index.php?action_kouhyou_detail_004_kani=true&JigyosyoCd=0172300063-00&ServiceCd=510&Type=search" }, "geometry": { "type": "Point", "coordinates": [ 140.512881170175206, 43.056501908684446 ] } },
{ "type": "Feature", "properties": { "内容": "特別養護老人ホーム　仁木長寿園【介護老人福祉施設】北海道余市郡仁木町北町８丁目４０番地４", "url2": "https://www.kaigokensaku.mhlw.go.jp/01/index.php?action_kouhyou_detail_004_kani=true&JigyosyoCd=0172500035-00&ServiceCd=510&Type=search" }, "geometry": { "type": "Point", "coordinates": [ 140.771712, 43.1640679 ] } },
{ "type": "Feature", "properties": { "内容": "特別養護老人ホーム　フルーツ・シャトーよいち【介護老人福祉施設】北海道余市郡余市町黒川町19丁目1番地2", "url2": "https://www.kaigokensaku.mhlw.go.jp/01/index.php?action_kouhyou_detail_004_kani=true&JigyosyoCd=0172500068-00&ServiceCd=510&Type=search" }, "geometry": { "type": "Point", "coordinates": [ 140.814256900000032, 43.187276 ] } },
{ "type": "Feature", "properties": { "内容": "ユニット型特別養護老人ホームフルーツ・シャトーよいち【介護老人福祉施設】北海道余市郡余市町黒川町19丁目1番地2", "url2": "https://www.kaigokensaku.mhlw.go.jp/01/index.php?action_kouhyou_detail_004_kani=true&JigyosyoCd=0172500498-00&ServiceCd=510&Type=search" }, "geometry": { "type": "Point", "coordinates": [ 140.814256900000032, 43.187276 ] } },
{ "type": "Feature", "properties": { "内容": "特別養護老人ホーム南幌みどり苑【介護老人福祉施設】北海道空知郡南幌町元町２丁目２番２号", "url2": "https://www.kaigokensaku.mhlw.go.jp/01/index.php?action_kouhyou_detail_004_kani=true&JigyosyoCd=0175800051-00&ServiceCd=510&Type=search" }, "geometry": { "type": "Point", "coordinates": [ 141.651063, 43.0699094 ] } },
{ "type": "Feature", "properties": { "内容": "特別養護老人ホームやすらぎの家【介護老人福祉施設】北海道空知郡奈井江町字奈井江町１６１番地1特別養護老人ホームやすらぎの家", "url2": "https://www.kaigokensaku.mhlw.go.jp/01/index.php?action_kouhyou_detail_004_kani=true&JigyosyoCd=0177100765-00&ServiceCd=510&Type=search" }, "geometry": { "type": "Point", "coordinates": [ 141.884526599999958, 43.4207343 ] } },
{ "type": "Feature", "properties": { "内容": "上砂川町立特別養護老人ホーム【介護老人福祉施設】北海道空知郡上砂川町字上砂川２２番地１６", "url2": "https://www.kaigokensaku.mhlw.go.jp/01/index.php?action_kouhyou_detail_004_kani=true&JigyosyoCd=0177100088-00&ServiceCd=510&Type=search" }, "geometry": { "type": "Point", "coordinates": [ 142.01251149999996, 43.466681 ] } },
{ "type": "Feature", "properties": { "内容": "ユンニこもれびの家【介護老人福祉施設】北海道夕張郡由仁町東栄86番地", "url2": "https://www.kaigokensaku.mhlw.go.jp/01/index.php?action_kouhyou_detail_004_kani=true&JigyosyoCd=0175800465-00&ServiceCd=510&Type=search" }, "geometry": { "type": "Point", "coordinates": [ 141.7886042, 43.0099512 ] } },
{ "type": "Feature", "properties": { "内容": "特別養護老人ホーム迎光園【介護老人福祉施設】北海道夕張郡長沼町南町２丁目３番２０号", "url2": "https://www.kaigokensaku.mhlw.go.jp/01/index.php?action_kouhyou_detail_004_kani=true&JigyosyoCd=0175800085-00&ServiceCd=510&Type=search" }, "geometry": { "type": "Point", "coordinates": [ 141.6865053399506, 43.005857268279385 ] } },
{ "type": "Feature", "properties": { "内容": "特別養護老人ホーム　くりのさと【介護老人福祉施設】北海道夕張郡栗山町字湯地９１番20", "url2": "https://www.kaigokensaku.mhlw.go.jp/01/index.php?action_kouhyou_detail_004_kani=true&JigyosyoCd=0175800093-00&ServiceCd=510&Type=search" }, "geometry": { "type": "Point", "coordinates": [ 141.801925500000038, 43.0584291 ] } },
{ "type": "Feature", "properties": { "内容": "月形藤の園特養部【介護老人福祉施設】北海道樺戸郡月形町字当別原野４１７番地９", "url2": "https://www.kaigokensaku.mhlw.go.jp/01/index.php?action_kouhyou_detail_004_kani=true&JigyosyoCd=0176100071-00&ServiceCd=510&Type=search" }, "geometry": { "type": "Point", "coordinates": [ 141.617642700000033, 43.3098963 ] } },
{ "type": "Feature", "properties": { "内容": "月形藤の園　特養部ユニット型【介護老人福祉施設】北海道樺戸郡月形町字当別原野417番地9", "url2": "https://www.kaigokensaku.mhlw.go.jp/01/index.php?action_kouhyou_detail_004_kani=true&JigyosyoCd=0176100212-00&ServiceCd=510&Type=search" }, "geometry": { "type": "Point", "coordinates": [ 141.617986022753939, 43.309771389734678 ] } },
{ "type": "Feature", "properties": { "内容": "月形愛光園指定介護老人福祉施設【介護老人福祉施設】北海道樺戸郡月形町46-30", "url2": "https://www.kaigokensaku.mhlw.go.jp/01/index.php?action_kouhyou_detail_004_kani=true&JigyosyoCd=0176100063-00&ServiceCd=510&Type=search" }, "geometry": { "type": "Point", "coordinates": [ 141.661562156652508, 43.331935055850536 ] } },
{ "type": "Feature", "properties": { "内容": "特別養護老人ホームゆうあいの郷【介護老人福祉施設】北海道樺戸郡浦臼町字キナウスナイ188番地の70", "url2": "https://www.kaigokensaku.mhlw.go.jp/01/index.php?action_kouhyou_detail_004_kani=true&JigyosyoCd=0177100096-00&ServiceCd=510&Type=search" }, "geometry": { "type": "Point", "coordinates": [ 141.837298299999929, 43.4508568 ] } },
{ "type": "Feature", "properties": { "内容": "特別養護老人ホームかおる園【介護老人福祉施設】樺戸郡新十津川町字花月２０１番地１", "url2": "https://www.kaigokensaku.mhlw.go.jp/01/index.php?action_kouhyou_detail_004_kani=true&JigyosyoCd=0177100369-00&ServiceCd=510&Type=search" }, "geometry": { "type": "Point", "coordinates": [ 141.860057, 43.4993718 ] } },
{ "type": "Feature", "properties": { "内容": "介護老人福祉施設和敬園【介護老人福祉施設】北海道雨竜郡秩父別町１５１４番地", "url2": "https://www.kaigokensaku.mhlw.go.jp/01/index.php?action_kouhyou_detail_004_kani=true&JigyosyoCd=0177400132-00&ServiceCd=510&Type=search" }, "geometry": { "type": "Point", "coordinates": [ 141.954291300000023, 43.7708128 ] } },
{ "type": "Feature", "properties": { "内容": "特別養護老人ホーム雨竜寿園【介護老人福祉施設】北海道雨竜郡雨竜町字満寿37番地", "url2": "https://www.kaigokensaku.mhlw.go.jp/01/index.php?action_kouhyou_detail_004_kani=true&JigyosyoCd=0177400140-00&ServiceCd=510&Type=search" }, "geometry": { "type": "Point", "coordinates": [ 141.889915484725179, 43.674091527857421 ] } },
{ "type": "Feature", "properties": { "内容": "特別養護老人ホーム北竜町永楽園【介護老人福祉施設】北海道雨竜郡北竜町字和19番地6", "url2": "https://www.kaigokensaku.mhlw.go.jp/01/index.php?action_kouhyou_detail_004_kani=true&JigyosyoCd=0177400157-00&ServiceCd=510&Type=search" }, "geometry": { "type": "Point", "coordinates": [ 141.88221139999996, 43.7262233 ] } },
{ "type": "Feature", "properties": { "内容": "沼田町特別養護老人ホーム旭寿園【介護老人福祉施設】雨竜郡沼田町旭町3丁目5番25号", "url2": "https://www.kaigokensaku.mhlw.go.jp/01/index.php?action_kouhyou_detail_004_kani=true&JigyosyoCd=0177400165-00&ServiceCd=510&Type=search" }, "geometry": { "type": "Point", "coordinates": [ 141.943739798811293, 43.806515342021385 ] } },
{ "type": "Feature", "properties": { "内容": "特別養護老人ホーム鷹栖さつき苑【介護老人福祉施設】北海道上川郡鷹栖町南1条3丁目2番7号", "url2": "https://www.kaigokensaku.mhlw.go.jp/01/index.php?action_kouhyou_detail_004_kani=true&JigyosyoCd=0173100082-00&ServiceCd=510&Type=search" }, "geometry": { "type": "Point", "coordinates": [ 142.356559100000027, 43.8439971 ] } },
{ "type": "Feature", "properties": { "内容": "東神楽町特別養護老人ホーム　アゼリアハイツ【介護老人福祉施設】北海道上川郡東神楽町南2条東1丁目4番1号", "url2": "https://www.kaigokensaku.mhlw.go.jp/01/index.php?action_kouhyou_detail_004_kani=true&JigyosyoCd=0173100561-00&ServiceCd=510&Type=search" }, "geometry": { "type": "Point", "coordinates": [ 142.453478799999971, 43.6946177 ] } },
{ "type": "Feature", "properties": { "内容": "特別養護老人ホーム当麻柏陽園【介護老人福祉施設】北海道上川郡当麻町６条東４丁目６番１号", "url2": "https://www.kaigokensaku.mhlw.go.jp/01/index.php?action_kouhyou_detail_004_kani=true&JigyosyoCd=0173100108-00&ServiceCd=510&Type=search" }, "geometry": { "type": "Point", "coordinates": [ 142.530677400000059, 43.8306216 ] } },
{ "type": "Feature", "properties": { "内容": "特別養護老人ホームあそか苑【介護老人福祉施設】北海道上川郡比布町東町２丁目５番２号", "url2": "https://www.kaigokensaku.mhlw.go.jp/01/index.php?action_kouhyou_detail_004_kani=true&JigyosyoCd=0173100116-00&ServiceCd=510&Type=search" }, "geometry": { "type": "Point", "coordinates": [ 142.481209900000067, 43.8754117 ] } },
{ "type": "Feature", "properties": { "内容": "特別養護老人ホームいこいの里「あい」【介護老人福祉施設】北海道上川郡愛別町字北町299番地1", "url2": "https://www.kaigokensaku.mhlw.go.jp/01/index.php?action_kouhyou_detail_004_kani=true&JigyosyoCd=0173100306-00&ServiceCd=510&Type=search" }, "geometry": { "type": "Point", "coordinates": [ 142.5764785, 43.9135999 ] } },
{ "type": "Feature", "properties": { "内容": "上川町特別養護老人ホーム大雪荘【介護老人福祉施設】北海道上川郡上川町西町４番地１", "url2": "https://www.kaigokensaku.mhlw.go.jp/01/index.php?action_kouhyou_detail_004_kani=true&JigyosyoCd=0173100074-00&ServiceCd=510&Type=search" }, "geometry": { "type": "Point", "coordinates": [ 142.75944549999997, 43.8548985 ] } },
{ "type": "Feature", "properties": { "内容": "特別養護老人ホーム東川町羽衣園【介護老人福祉施設】北海道上川郡東川町西町８丁目２９番３号特別養護老人ホーム東川町羽衣園", "url2": "https://www.kaigokensaku.mhlw.go.jp/01/index.php?action_kouhyou_detail_004_kani=true&JigyosyoCd=0173100272-00&ServiceCd=510&Type=search" }, "geometry": { "type": "Point", "coordinates": [ 142.478367100000014, 43.7004927 ] } },
{ "type": "Feature", "properties": { "内容": "特別養護老人ホーム美瑛慈光園【介護老人福祉施設】北海道上川郡美瑛町南町4丁目4番18号特別養護老人ホーム美瑛慈光園", "url2": "https://www.kaigokensaku.mhlw.go.jp/01/index.php?action_kouhyou_detail_004_kani=true&JigyosyoCd=0173100587-00&ServiceCd=510&Type=search" }, "geometry": { "type": "Point", "coordinates": [ 142.469110973016313, 43.583296662053264 ] } },
{ "type": "Feature", "properties": { "内容": "上富良野町ラベンダーハイツ　特別養護老人ホーム【介護老人福祉施設】北海道空知郡上富良野町西１線北２４号", "url2": "https://www.kaigokensaku.mhlw.go.jp/01/index.php?action_kouhyou_detail_004_kani=true&JigyosyoCd=0173000068-00&ServiceCd=510&Type=search" }, "geometry": { "type": "Point", "coordinates": [ 142.454784199999949, 43.4593687 ] } },
{ "type": "Feature", "properties": { "内容": "中富良野町特別養護老人ホームこぶし苑【介護老人福祉施設】空知郡中富良野町東町３番８号", "url2": "https://www.kaigokensaku.mhlw.go.jp/01/index.php?action_kouhyou_detail_004_kani=true&JigyosyoCd=0173000076-00&ServiceCd=510&Type=search" }, "geometry": { "type": "Point", "coordinates": [ 142.427486400000021, 43.404118 ] } },
{ "type": "Feature", "properties": { "内容": "中富良野町特別養護老人ホーム　こぶし苑　ラベンダー棟【介護老人福祉施設】北海道空知郡中富良野町東町３番８号中富良野町特別養護老人ホーム　こぶし苑　ラベンダー棟", "url2": "https://www.kaigokensaku.mhlw.go.jp/01/index.php?action_kouhyou_detail_004_kani=true&JigyosyoCd=0173000498-00&ServiceCd=510&Type=search" }, "geometry": { "type": "Point", "coordinates": [ 142.42746139999997, 43.4041069 ] } },
{ "type": "Feature", "properties": { "内容": "社会福祉法人　南富良野大乗会　　特別養護老人ホーム　一味園【介護老人福祉施設】北海道空知郡南富良野町字幾寅５２８番地１", "url2": "https://www.kaigokensaku.mhlw.go.jp/01/index.php?action_kouhyou_detail_004_kani=true&JigyosyoCd=0173000357-00&ServiceCd=510&Type=search" }, "geometry": { "type": "Point", "coordinates": [ 142.568204299999934, 43.1692234 ] } },
{ "type": "Feature", "properties": { "内容": "和寒町特別養護老人ホーム芳生苑【介護老人福祉施設】北海道上川郡和寒町字三笠6番地", "url2": "https://www.kaigokensaku.mhlw.go.jp/01/index.php?action_kouhyou_detail_004_kani=true&JigyosyoCd=0173200189-00&ServiceCd=510&Type=search" }, "geometry": { "type": "Point", "coordinates": [ 142.4081013, 44.0224432 ] } },
{ "type": "Feature", "properties": { "内容": "特別養護老人ホーム剣渕ひらなみ荘【介護老人福祉施設】北海道上川郡剣淵町元町4番１号", "url2": "https://www.kaigokensaku.mhlw.go.jp/01/index.php?action_kouhyou_detail_004_kani=true&JigyosyoCd=0173200197-00&ServiceCd=510&Type=search" }, "geometry": { "type": "Point", "coordinates": [ 142.369922564418061, 44.097516275018926 ] } },
{ "type": "Feature", "properties": { "内容": "下川町立特別養護老人ホームあけぼの園【介護老人福祉施設】北海道上川郡下川町西町３５２番地", "url2": "https://www.kaigokensaku.mhlw.go.jp/01/index.php?action_kouhyou_detail_004_kani=true&JigyosyoCd=0173200114-00&ServiceCd=510&Type=search" }, "geometry": { "type": "Point", "coordinates": [ 142.627858899999978, 44.3032892 ] } },
{ "type": "Feature", "properties": { "内容": "美深町特別養護老人ホーム【介護老人福祉施設】北海道中川郡美深町字敷島91番地", "url2": "https://www.kaigokensaku.mhlw.go.jp/01/index.php?action_kouhyou_detail_004_kani=true&JigyosyoCd=0173200759-00&ServiceCd=510&Type=search" }, "geometry": { "type": "Point", "coordinates": [ 142.336461238067585, 44.489230215078763 ] } },
{ "type": "Feature", "properties": { "内容": "中川町社協特別養護老人ホーム一心苑【介護老人福祉施設】北海道中川郡中川町字中川５２３番地２", "url2": "https://www.kaigokensaku.mhlw.go.jp/01/index.php?action_kouhyou_detail_004_kani=true&JigyosyoCd=0173200486-00&ServiceCd=510&Type=search" }, "geometry": { "type": "Point", "coordinates": [ 142.073838734393348, 44.8035746 ] } },
{ "type": "Feature", "properties": { "内容": "特別養護老人ホーム増毛町立明和園【介護老人福祉施設】増毛郡増毛町見晴町438番地1", "url2": "https://www.kaigokensaku.mhlw.go.jp/01/index.php?action_kouhyou_detail_004_kani=true&JigyosyoCd=0176400083-00&ServiceCd=510&Type=search" }, "geometry": { "type": "Point", "coordinates": [ 141.529836400000022, 43.8503392 ] } },
{ "type": "Feature", "properties": { "内容": "小平町立特別養護老人ホーム愛生園【介護老人福祉施設】北海道留萌郡小平町字小平町３９８番地の20", "url2": "https://www.kaigokensaku.mhlw.go.jp/01/index.php?action_kouhyou_detail_004_kani=true&JigyosyoCd=0176400026-00&ServiceCd=510&Type=search" }, "geometry": { "type": "Point", "coordinates": [ 141.662405900000067, 44.0125661 ] } },
{ "type": "Feature", "properties": { "内容": "特別養護老人ホーム　苫前幸寿園【介護老人福祉施設】苫前郡苫前町字旭105-7", "url2": "https://www.kaigokensaku.mhlw.go.jp/01/index.php?action_kouhyou_detail_004_kani=true&JigyosyoCd=0176400091-00&ServiceCd=510&Type=search" }, "geometry": { "type": "Point", "coordinates": [ 141.659427400000027, 44.3059039 ] } },
{ "type": "Feature", "properties": { "内容": "羽幌町立特別養護老人ホームしあわせ荘【介護老人福祉施設】北海道苫前郡羽幌町栄町97番地の1羽幌町立特別養護老人ホームしあわせ荘", "url2": "https://www.kaigokensaku.mhlw.go.jp/01/index.php?action_kouhyou_detail_004_kani=true&JigyosyoCd=0176400562-00&ServiceCd=510&Type=search" }, "geometry": { "type": "Point", "coordinates": [ 141.694806299999982, 44.3565023 ] } },
{ "type": "Feature", "properties": { "内容": "羽幌町立特別養護老人ホームしあわせ荘【介護老人福祉施設】北海道苫前郡羽幌町栄町97番地の1羽幌町立特別養護老人ホームしあわせ荘", "url2": "https://www.kaigokensaku.mhlw.go.jp/01/index.php?action_kouhyou_detail_004_kani=true&JigyosyoCd=0176400570-00&ServiceCd=510&Type=search" }, "geometry": { "type": "Point", "coordinates": [ 141.694806299999982, 44.3565023 ] } },
{ "type": "Feature", "properties": { "内容": "特別養護老人ホーム友愛苑【介護老人福祉施設】北海道天塩郡遠別町字本町６丁目１番地６", "url2": "https://www.kaigokensaku.mhlw.go.jp/01/index.php?action_kouhyou_detail_004_kani=true&JigyosyoCd=0176711265-00&ServiceCd=510&Type=search" }, "geometry": { "type": "Point", "coordinates": [ 141.79587810000001, 44.7203123 ] } },
{ "type": "Feature", "properties": { "内容": "天塩町立特別養護老人ホーム恵愛荘【介護老人福祉施設】北海道天塩郡天塩町字サラキシ５７１０番地", "url2": "https://www.kaigokensaku.mhlw.go.jp/01/index.php?action_kouhyou_detail_004_kani=true&JigyosyoCd=0176700193-00&ServiceCd=510&Type=search" }, "geometry": { "type": "Point", "coordinates": [ 141.752130099999931, 44.8776735 ] } },
{ "type": "Feature", "properties": { "内容": "特別養護老人ホームさるふつやすらぎ苑【介護老人福祉施設】北海道宗谷郡猿払村鬼志別北町７０番地", "url2": "https://www.kaigokensaku.mhlw.go.jp/01/index.php?action_kouhyou_detail_004_kani=true&JigyosyoCd=0176700011-00&ServiceCd=510&Type=search" }, "geometry": { "type": "Point", "coordinates": [ 142.120404600000029, 45.3325358 ] } },
{ "type": "Feature", "properties": { "内容": "特別養護老人ホーム　ぬくもりの舎【介護老人福祉施設】北海道枝幸郡浜頓別町クッチャロ湖畔51番地特別養護老人ホーム　ぬくもりの舎", "url2": "https://www.kaigokensaku.mhlw.go.jp/01/index.php?action_kouhyou_detail_004_kani=true&JigyosyoCd=0176701019-00&ServiceCd=510&Type=search" }, "geometry": { "type": "Point", "coordinates": [ 142.353159399999981, 45.1246545 ] } },
{ "type": "Feature", "properties": { "内容": "中頓別町特別養護老人ホーム長寿園【介護老人福祉施設】北海道枝幸郡中頓別町字中頓別160番地9", "url2": "https://www.kaigokensaku.mhlw.go.jp/01/index.php?action_kouhyou_detail_004_kani=true&JigyosyoCd=0176711224-00&ServiceCd=510&Type=search" }, "geometry": { "type": "Point", "coordinates": [ 142.285019, 44.9712098 ] } },
{ "type": "Feature", "properties": { "内容": "特別養護老人ホーム歌翠園【介護老人福祉施設】北海道枝幸郡枝幸町歌登桧垣町１４２番地", "url2": "https://www.kaigokensaku.mhlw.go.jp/01/index.php?action_kouhyou_detail_004_kani=true&JigyosyoCd=0176700037-00&ServiceCd=510&Type=search" }, "geometry": { "type": "Point", "coordinates": [ 142.466947, 44.8371826 ] } },
{ "type": "Feature", "properties": { "内容": "特別養護老人ホーム枝幸苑【介護老人福祉施設】北海道枝幸郡枝幸町三笠町1611番地43", "url2": "https://www.kaigokensaku.mhlw.go.jp/01/index.php?action_kouhyou_detail_004_kani=true&JigyosyoCd=0176700227-00&ServiceCd=510&Type=search" }, "geometry": { "type": "Point", "coordinates": [ 142.5687173, 44.9408019 ] } },
{ "type": "Feature", "properties": { "内容": "社会福祉法人豊富福祉会【介護老人福祉施設】天塩郡豊富町字上サロベツ2005-29", "url2": "https://www.kaigokensaku.mhlw.go.jp/01/index.php?action_kouhyou_detail_004_kani=true&JigyosyoCd=0176700490-00&ServiceCd=510&Type=search" }, "geometry": { "type": "Point", "coordinates": [ 141.777468799999951, 45.0965449 ] } },
{ "type": "Feature", "properties": { "内容": "特別養護老人ホーム礼宝園【介護老人福祉施設】北海道礼文郡礼文町大字香深村字カフカイ766番地の3", "url2": "https://www.kaigokensaku.mhlw.go.jp/01/index.php?action_kouhyou_detail_004_kani=true&JigyosyoCd=0176700128-00&ServiceCd=510&Type=search" }, "geometry": { "type": "Point", "coordinates": [ 141.041481299999987, 45.3415928 ] } },
{ "type": "Feature", "properties": { "内容": "利尻町特別養護老人ホームほのぼの荘【介護老人福祉施設】北海道利尻郡利尻町仙法志字政泊９１番地１", "url2": "https://www.kaigokensaku.mhlw.go.jp/01/index.php?action_kouhyou_detail_004_kani=true&JigyosyoCd=0176700243-00&ServiceCd=510&Type=search" }, "geometry": { "type": "Point", "coordinates": [ 141.212678099999948, 45.1137622 ] } },
{ "type": "Feature", "properties": { "内容": "利尻富士町立特別養護老人ホーム秀峰園【介護老人福祉施設】北海道利尻郡利尻富士町鬼脇字鬼脇205番地1", "url2": "https://www.kaigokensaku.mhlw.go.jp/01/index.php?action_kouhyou_detail_004_kani=true&JigyosyoCd=0176701100-00&ServiceCd=510&Type=search" }, "geometry": { "type": "Point", "coordinates": [ 141.305174194506435, 45.132326303150222 ] } },
{ "type": "Feature", "properties": { "内容": "特別養護老人ホームこざくら荘【介護老人福祉施設】北海道天塩郡幌延町1条北2丁目1番3号", "url2": "https://www.kaigokensaku.mhlw.go.jp/01/index.php?action_kouhyou_detail_004_kani=true&JigyosyoCd=0176700169-00&ServiceCd=510&Type=search" }, "geometry": { "type": "Point", "coordinates": [ 141.8443651, 45.0173888 ] } },
{ "type": "Feature", "properties": { "内容": "特別養護老人ホーム緑の苑【介護老人福祉施設】北海道網走郡美幌町字稲美105番地７", "url2": "https://www.kaigokensaku.mhlw.go.jp/01/index.php?action_kouhyou_detail_004_kani=true&JigyosyoCd=0175200179-00&ServiceCd=510&Type=search" }, "geometry": { "type": "Point", "coordinates": [ 144.120965599999977, 43.8211156 ] } },
{ "type": "Feature", "properties": { "内容": "特別養護老人ホームいちいの園【介護老人福祉施設】北海道網走郡津別町字共和25番地の1", "url2": "https://www.kaigokensaku.mhlw.go.jp/01/index.php?action_kouhyou_detail_004_kani=true&JigyosyoCd=0175200229-00&ServiceCd=510&Type=search" }, "geometry": { "type": "Point", "coordinates": [ 144.028740400000061, 43.698476600000049 ] } },
{ "type": "Feature", "properties": { "内容": "特別養護老人ホームやすらぎの苑【介護老人福祉施設】北海道斜里郡斜里町青葉町３８番地", "url2": "https://www.kaigokensaku.mhlw.go.jp/01/index.php?action_kouhyou_detail_004_kani=true&JigyosyoCd=0175300482-00&ServiceCd=510&Type=search" }, "geometry": { "type": "Point", "coordinates": [ 144.662391800000023, 43.9037993 ] } },
{ "type": "Feature", "properties": { "内容": "特別養護老人ホーム清楽園【介護老人福祉施設】北海道斜里郡清里町水元町３８番地４", "url2": "https://www.kaigokensaku.mhlw.go.jp/01/index.php?action_kouhyou_detail_004_kani=true&JigyosyoCd=0175300110-00&ServiceCd=510&Type=search" }, "geometry": { "type": "Point", "coordinates": [ 144.586332099999936, 43.8399124 ] } },
{ "type": "Feature", "properties": { "内容": "小清水町特別養護老人ホーム愛寿苑【介護老人福祉施設】北海道斜里郡小清水町字共和13番地の1", "url2": "https://www.kaigokensaku.mhlw.go.jp/01/index.php?action_kouhyou_detail_004_kani=true&JigyosyoCd=0175300128-00&ServiceCd=510&Type=search" }, "geometry": { "type": "Point", "coordinates": [ 144.462842300000034, 43.852060800000011 ] } },
{ "type": "Feature", "properties": { "内容": "特別養護老人ホーム　くんねっぷ静寿園【介護老人福祉施設】常呂郡訓子府町字穂波69番地57", "url2": "https://www.kaigokensaku.mhlw.go.jp/01/index.php?action_kouhyou_detail_004_kani=true&JigyosyoCd=0175000124-00&ServiceCd=510&Type=search" }, "geometry": { "type": "Point", "coordinates": [ 143.751384899999948, 43.7258299 ] } },
{ "type": "Feature", "properties": { "内容": "置戸町特別養護老人ホーム緑清園【介護老人福祉施設】北海道常呂郡置戸町字拓殖５１番地の１３", "url2": "https://www.kaigokensaku.mhlw.go.jp/01/index.php?action_kouhyou_detail_004_kani=true&JigyosyoCd=0175000132-00&ServiceCd=510&Type=search" }, "geometry": { "type": "Point", "coordinates": [ 143.565535299999965, 43.6662737 ] } },
{ "type": "Feature", "properties": { "内容": "佐呂間町立特別養護老人ホーム愛の園【介護老人福祉施設】北海道常呂郡佐呂間町字永代町１７７番地の１０", "url2": "https://www.kaigokensaku.mhlw.go.jp/01/index.php?action_kouhyou_detail_004_kani=true&JigyosyoCd=0175400134-00&ServiceCd=510&Type=search" }, "geometry": { "type": "Point", "coordinates": [ 143.775625, 44.0145702 ] } },
{ "type": "Feature", "properties": { "内容": "特別養護老人ホーム　丸瀬布ヒルトップハイツ【介護老人福祉施設】北海道紋別郡遠軽町丸瀬布新町274番地1", "url2": "https://www.kaigokensaku.mhlw.go.jp/01/index.php?action_kouhyou_detail_004_kani=true&JigyosyoCd=0175400142-00&ServiceCd=510&Type=search" }, "geometry": { "type": "Point", "coordinates": [ 143.338886282825939, 44.002848070671533 ] } },
{ "type": "Feature", "properties": { "内容": "特別養護老人ホーム花の苑【介護老人福祉施設】紋別郡遠軽町西町３丁目４番地", "url2": "https://www.kaigokensaku.mhlw.go.jp/01/index.php?action_kouhyou_detail_004_kani=true&JigyosyoCd=0175400043-00&ServiceCd=510&Type=search" }, "geometry": { "type": "Point", "coordinates": [ 143.512199934722503, 44.04925690021625 ] } },
{ "type": "Feature", "properties": { "内容": "特別養護老人ホーム湧別オホーツク園【介護老人福祉施設】紋別郡湧別町東41番地の1", "url2": "https://www.kaigokensaku.mhlw.go.jp/01/index.php?action_kouhyou_detail_004_kani=true&JigyosyoCd=0175400159-00&ServiceCd=510&Type=search" }, "geometry": { "type": "Point", "coordinates": [ 143.621273292134873, 44.216856035901571 ] } },
{ "type": "Feature", "properties": { "内容": "社会福祉法人上湧別福祉会　特別養護老人ホーム湧愛園【介護老人福祉施設】北海道紋別郡湧別町上湧別屯田市街地３３６番地の１", "url2": "https://www.kaigokensaku.mhlw.go.jp/01/index.php?action_kouhyou_detail_004_kani=true&JigyosyoCd=0175400357-00&ServiceCd=510&Type=search" }, "geometry": { "type": "Point", "coordinates": [ 143.5742907, 44.1535926 ] } },
{ "type": "Feature", "properties": { "内容": "特別養護老人ホーム湧別オホーツク園【介護老人福祉施設】紋別郡湧別町東41番地の1", "url2": "https://www.kaigokensaku.mhlw.go.jp/01/index.php?action_kouhyou_detail_004_kani=true&JigyosyoCd=0175400720-00&ServiceCd=510&Type=search" }, "geometry": { "type": "Point", "coordinates": [ 143.62137316762167, 44.216434237888485 ] } },
{ "type": "Feature", "properties": { "内容": "特別養護老人ホーム湧愛園【介護老人福祉施設】北海道紋別郡湧別町上湧別屯田市街地３３６番地の１", "url2": "https://www.kaigokensaku.mhlw.go.jp/01/index.php?action_kouhyou_detail_004_kani=true&JigyosyoCd=0175400761-00&ServiceCd=510&Type=search" }, "geometry": { "type": "Point", "coordinates": [ 143.5741731, 44.1536549 ] } },
{ "type": "Feature", "properties": { "内容": "特別養護老人ホーム渓樹園【介護老人福祉施設】北海道紋別郡滝上町字オシラネップ原野２８０番地", "url2": "https://www.kaigokensaku.mhlw.go.jp/01/index.php?action_kouhyou_detail_004_kani=true&JigyosyoCd=0175100064-00&ServiceCd=510&Type=search" }, "geometry": { "type": "Point", "coordinates": [ 143.100232792065412, 44.197074821999962 ] } },
{ "type": "Feature", "properties": { "内容": "特別養護老人ホーム　にしおこっぺ興楽園【介護老人福祉施設】北海道紋別郡西興部村字西興部289番地1", "url2": "https://www.kaigokensaku.mhlw.go.jp/01/index.php?action_kouhyou_detail_004_kani=true&JigyosyoCd=0175100072-00&ServiceCd=510&Type=search" }, "geometry": { "type": "Point", "coordinates": [ 142.946722099999988, 44.3322556 ] } },
{ "type": "Feature", "properties": { "内容": "特別養護老人ホームにしおこっぺ興楽園【介護老人福祉施設】北海道紋別郡西興部村字西興部289番地1", "url2": "https://www.kaigokensaku.mhlw.go.jp/01/index.php?action_kouhyou_detail_004_kani=true&JigyosyoCd=0175100387-00&ServiceCd=510&Type=search" }, "geometry": { "type": "Point", "coordinates": [ 142.946722099999988, 44.3322556 ] } },
{ "type": "Feature", "properties": { "内容": "雄武町立特別養護老人ホーム雄愛園【介護老人福祉施設】北海道紋別郡雄武町字雄武１８８５番地３", "url2": "https://www.kaigokensaku.mhlw.go.jp/01/index.php?action_kouhyou_detail_004_kani=true&JigyosyoCd=0175100262-00&ServiceCd=510&Type=search" }, "geometry": { "type": "Point", "coordinates": [ 142.958955, 44.5839032 ] } },
{ "type": "Feature", "properties": { "内容": "特別養護老人ホーム女満別ドリーム苑【介護老人福祉施設】北海道網走郡大空町女満別西４条５丁目４－１０", "url2": "https://www.kaigokensaku.mhlw.go.jp/01/index.php?action_kouhyou_detail_004_kani=true&JigyosyoCd=0175200021-00&ServiceCd=510&Type=search" }, "geometry": { "type": "Point", "coordinates": [ 144.170818, 43.915941 ] } },
{ "type": "Feature", "properties": { "内容": "特別養護老人ホーム　女満別ドリーム苑【介護老人福祉施設】北海道網走郡大空町女満別西４条５丁目４番１０号", "url2": "https://www.kaigokensaku.mhlw.go.jp/01/index.php?action_kouhyou_detail_004_kani=true&JigyosyoCd=0175200237-00&ServiceCd=510&Type=search" }, "geometry": { "type": "Point", "coordinates": [ 144.172942799999987, 43.90837 ] } },
{ "type": "Feature", "properties": { "内容": "特別養護老人ホーム東藻琴福寿苑ユニット館【介護老人福祉施設】北海道網走郡大空町東藻琴３８３番地の３５特別養護老人ホーム東藻琴福寿苑ユニット館", "url2": "https://www.kaigokensaku.mhlw.go.jp/01/index.php?action_kouhyou_detail_004_kani=true&JigyosyoCd=0175200286-00&ServiceCd=510&Type=search" }, "geometry": { "type": "Point", "coordinates": [ 144.29263, 43.8403712 ] } },
{ "type": "Feature", "properties": { "内容": "特別養護老人ホーム東藻琴福寿苑【介護老人福祉施設】網走郡大空町東藻琴３８７番地８", "url2": "https://www.kaigokensaku.mhlw.go.jp/01/index.php?action_kouhyou_detail_004_kani=true&JigyosyoCd=0175300094-00&ServiceCd=510&Type=search" }, "geometry": { "type": "Point", "coordinates": [ 144.29087295735178, 43.840667556005165 ] } },
{ "type": "Feature", "properties": { "内容": "特別養護老人ホーム幸豊園【介護老人福祉施設】北海道虻田郡豊浦町字大岸１５１番地２", "url2": "https://www.kaigokensaku.mhlw.go.jp/01/index.php?action_kouhyou_detail_004_kani=true&JigyosyoCd=0173700089-00&ServiceCd=510&Type=search" }, "geometry": { "type": "Point", "coordinates": [ 140.659217, 42.6019908 ] } },
{ "type": "Feature", "properties": { "内容": "特別養護老人ホーム　第2長日園【介護老人福祉施設】有珠郡壮瞥町字滝之町287番地8", "url2": "https://www.kaigokensaku.mhlw.go.jp/01/index.php?action_kouhyou_detail_004_kani=true&JigyosyoCd=0173700154-00&ServiceCd=510&Type=search" }, "geometry": { "type": "Point", "coordinates": [ 140.890094399999953, 42.5531167 ] } },
{ "type": "Feature", "properties": { "内容": "白老町立特別養護老人ホーム寿幸園【介護老人福祉施設】白老郡白老町東町４丁目６番８号", "url2": "https://www.kaigokensaku.mhlw.go.jp/01/index.php?action_kouhyou_detail_004_kani=true&JigyosyoCd=0173600149-00&ServiceCd=510&Type=search" }, "geometry": { "type": "Point", "coordinates": [ 141.368271, 42.5543488 ] } },
{ "type": "Feature", "properties": { "内容": "北海道リハビリテーションセンター特養部【介護老人福祉施設】北海道白老郡白老町字竹浦１３２番地", "url2": "https://www.kaigokensaku.mhlw.go.jp/01/index.php?action_kouhyou_detail_004_kani=true&JigyosyoCd=0173600156-00&ServiceCd=510&Type=search" }, "geometry": { "type": "Point", "coordinates": [ 141.230429, 42.4712946 ] } },
{ "type": "Feature", "properties": { "内容": "友活の里【介護老人福祉施設】北海道白老郡白老町字竹浦132番地", "url2": "https://www.kaigokensaku.mhlw.go.jp/01/index.php?action_kouhyou_detail_004_kani=true&JigyosyoCd=0173602814-00&ServiceCd=510&Type=search" }, "geometry": { "type": "Point", "coordinates": [ 141.2307557, 42.4710542 ] } },
{ "type": "Feature", "properties": { "内容": "特別養護老人ホーム　寿幸園【介護老人福祉施設】北海道白老郡白老町東町４丁目６番地８号", "url2": "https://www.kaigokensaku.mhlw.go.jp/01/index.php?action_kouhyou_detail_004_kani=true&JigyosyoCd=0173629734-00&ServiceCd=510&Type=search" }, "geometry": { "type": "Point", "coordinates": [ 141.368127015689083, 42.554260932708658 ] } },
{ "type": "Feature", "properties": { "内容": "特別養護老人ホーム豊厚園【介護老人福祉施設】北海道勇払郡厚真町新町116番地の3", "url2": "https://www.kaigokensaku.mhlw.go.jp/01/index.php?action_kouhyou_detail_004_kani=true&JigyosyoCd=0173600172-00&ServiceCd=510&Type=search" }, "geometry": { "type": "Point", "coordinates": [ 141.881613700579464, 42.720915758181746 ] } },
{ "type": "Feature", "properties": { "内容": "特別養護老人ホーム幸楽園【介護老人福祉施設】北海道虻田郡洞爺湖町清水４３４番地ふる里の丘総合福祉館", "url2": "https://www.kaigokensaku.mhlw.go.jp/01/index.php?action_kouhyou_detail_004_kani=true&JigyosyoCd=0173700121-00&ServiceCd=510&Type=search" }, "geometry": { "type": "Point", "coordinates": [ 140.745855500000062, 42.5587834 ] } },
{ "type": "Feature", "properties": { "内容": "特別養護老人ホーム　幸豊の杜・成香２０２１【介護老人福祉施設】北海道虻田郡洞爺湖町成香109番地18", "url2": "https://www.kaigokensaku.mhlw.go.jp/01/index.php?action_kouhyou_detail_004_kani=true&JigyosyoCd=0173700758-00&ServiceCd=510&Type=search" }, "geometry": { "type": "Point", "coordinates": [ 140.79102, 42.6226343 ] } },
{ "type": "Feature", "properties": { "内容": "特別養護老人ホーム大原の杜２０１６【介護老人福祉施設】北海道虻田郡洞爺湖町大原105番地3", "url2": "https://www.kaigokensaku.mhlw.go.jp/01/index.php?action_kouhyou_detail_004_kani=true&JigyosyoCd=0173700709-00&ServiceCd=510&Type=search" }, "geometry": { "type": "Point", "coordinates": [ 140.840787500000033, 42.6742386 ] } },
{ "type": "Feature", "properties": { "内容": "特別養護老人ホーム追分陽光苑【介護老人福祉施設】北海道勇払郡安平町追分青葉1丁目102番地", "url2": "https://www.kaigokensaku.mhlw.go.jp/01/index.php?action_kouhyou_detail_004_kani=true&JigyosyoCd=0173600164-00&ServiceCd=510&Type=search" }, "geometry": { "type": "Point", "coordinates": [ 141.802938484255947, 42.877904065856782 ] } },
{ "type": "Feature", "properties": { "内容": "胆振東部鵡川慶寿苑【介護老人福祉施設】北海道勇払郡むかわ町駒場105番地", "url2": "https://www.kaigokensaku.mhlw.go.jp/01/index.php?action_kouhyou_detail_004_kani=true&JigyosyoCd=0173600198-00&ServiceCd=510&Type=search" }, "geometry": { "type": "Point", "coordinates": [ 141.919792700000016, 42.5722372 ] } },
{ "type": "Feature", "properties": { "内容": "特別養護老人ホーム愛誠園【介護老人福祉施設】北海道勇払郡むかわ町穂別８０番地１０", "url2": "https://www.kaigokensaku.mhlw.go.jp/01/index.php?action_kouhyou_detail_004_kani=true&JigyosyoCd=0173600180-00&ServiceCd=510&Type=search" }, "geometry": { "type": "Point", "coordinates": [ 142.136950599999977, 42.7664081 ] } },
{ "type": "Feature", "properties": { "内容": "特別養護老人ホーム門別得陽園【介護老人福祉施設】北海道沙流郡日高町字富浜223-143", "url2": "https://www.kaigokensaku.mhlw.go.jp/01/index.php?action_kouhyou_detail_004_kani=true&JigyosyoCd=0173800962-00&ServiceCd=510&Type=search" }, "geometry": { "type": "Point", "coordinates": [ 142.050769508398389, 42.496598116604517 ] } },
{ "type": "Feature", "properties": { "内容": "日高町立特別養護老人ホーム日高高寿園【介護老人福祉施設】北海道沙流郡日高町栄町東1丁目303番地の12", "url2": "https://www.kaigokensaku.mhlw.go.jp/01/index.php?action_kouhyou_detail_004_kani=true&JigyosyoCd=0173800657-00&ServiceCd=510&Type=search" }, "geometry": { "type": "Point", "coordinates": [ 142.440418499999964, 42.8790478 ] } },
{ "type": "Feature", "properties": { "内容": "特別養護老人ホーム　平取かつら園【介護老人福祉施設】沙流郡平取町本町１７番地１", "url2": "https://www.kaigokensaku.mhlw.go.jp/01/index.php?action_kouhyou_detail_004_kani=true&JigyosyoCd=0173800152-00&ServiceCd=510&Type=search" }, "geometry": { "type": "Point", "coordinates": [ 142.125628399999982, 42.5840531 ] } },
{ "type": "Feature", "properties": { "内容": "特別養護老人ホームおうるの郷【介護老人福祉施設】北海道新冠郡新冠町字共栄３１８番地１９", "url2": "https://www.kaigokensaku.mhlw.go.jp/01/index.php?action_kouhyou_detail_004_kani=true&JigyosyoCd=0173801440-00&ServiceCd=510&Type=search" }, "geometry": { "type": "Point", "coordinates": [ 142.296561647221353, 42.452954293968446 ] } },
{ "type": "Feature", "properties": { "内容": "新冠町立特別養護老人ホーム恵寿荘【介護老人福祉施設】北海道新冠郡新冠町字中央町５番地の３６", "url2": "https://www.kaigokensaku.mhlw.go.jp/01/index.php?action_kouhyou_detail_004_kani=true&JigyosyoCd=0173800178-00&ServiceCd=510&Type=search" }, "geometry": { "type": "Point", "coordinates": [ 142.313954700000068, 42.3631053 ] } },
{ "type": "Feature", "properties": { "内容": "特別養護老人ホームちのみの杜【介護老人福祉施設】北海道浦河郡浦河町東町ちのみ4丁目15番1号", "url2": "https://www.kaigokensaku.mhlw.go.jp/01/index.php?action_kouhyou_detail_004_kani=true&JigyosyoCd=0173801143-00&ServiceCd=510&Type=search" }, "geometry": { "type": "Point", "coordinates": [ 142.797421, 42.1707285 ] } },
{ "type": "Feature", "properties": { "内容": "特別養護老人ホーム様似ソビラ荘【介護老人福祉施設】北海道様似郡様似町朝日丘45番地", "url2": "https://www.kaigokensaku.mhlw.go.jp/01/index.php?action_kouhyou_detail_004_kani=true&JigyosyoCd=0173800194-00&ServiceCd=510&Type=search" }, "geometry": { "type": "Point", "coordinates": [ 142.944674851695254, 42.129373202084672 ] } },
{ "type": "Feature", "properties": { "内容": "特別養護老人ホーム　やまと苑【介護老人福祉施設】北海道幌泉郡えりも町字大和１０６番地の３", "url2": "https://www.kaigokensaku.mhlw.go.jp/01/index.php?action_kouhyou_detail_004_kani=true&JigyosyoCd=0173800202-00&ServiceCd=510&Type=search" }, "geometry": { "type": "Point", "coordinates": [ 143.130609700000036, 42.0318358 ] } },
{ "type": "Feature", "properties": { "内容": "新ひだか町立特別養護老人ホーム静寿園【介護老人福祉施設】北海道日高郡新ひだか町静内緑町７丁目５番１号新ひだか町立特別養護老人ホーム静寿園", "url2": "https://www.kaigokensaku.mhlw.go.jp/01/index.php?action_kouhyou_detail_004_kani=true&JigyosyoCd=0173800749-00&ServiceCd=510&Type=search" }, "geometry": { "type": "Point", "coordinates": [ 142.375831660049471, 42.338908264829691 ] } },
{ "type": "Feature", "properties": { "内容": "新ひだか町立特別養護老人ホーム蓬莱荘【介護老人福祉施設】北海道日高郡新ひだか町三石旭町49番地の13", "url2": "https://www.kaigokensaku.mhlw.go.jp/01/index.php?action_kouhyou_detail_004_kani=true&JigyosyoCd=0173800756-00&ServiceCd=510&Type=search" }, "geometry": { "type": "Point", "coordinates": [ 142.566448199999968, 42.2480104 ] } },
{ "type": "Feature", "properties": { "内容": "特別養護老人ホーム寿楽園【介護老人福祉施設】北海道河東郡音更町柏寿台1番地5", "url2": "https://www.kaigokensaku.mhlw.go.jp/01/index.php?action_kouhyou_detail_004_kani=true&JigyosyoCd=0174700146-00&ServiceCd=510&Type=search" }, "geometry": { "type": "Point", "coordinates": [ 143.193326184159787, 43.003820663467565 ] } },
{ "type": "Feature", "properties": { "内容": "介護老人福祉施設ロータス音更【介護老人福祉施設】北海道河東郡音更町中鈴蘭元町２番地９", "url2": "https://www.kaigokensaku.mhlw.go.jp/01/index.php?action_kouhyou_detail_004_kani=true&JigyosyoCd=0174701201-00&ServiceCd=510&Type=search" }, "geometry": { "type": "Point", "coordinates": [ 143.190677100000016, 42.9555115 ] } },
{ "type": "Feature", "properties": { "内容": "士幌町立特別養護老人ホーム【介護老人福祉施設】河東郡士幌町字士幌西2線169番地", "url2": "https://www.kaigokensaku.mhlw.go.jp/01/index.php?action_kouhyou_detail_004_kani=true&JigyosyoCd=0174700799-00&ServiceCd=510&Type=search" }, "geometry": { "type": "Point", "coordinates": [ 143.247012300000051, 43.1717853 ] } },
{ "type": "Feature", "properties": { "内容": "特別養護老人ホーム上士幌すずらん荘【介護老人福祉施設】北海道河東郡上士幌町字上士幌東２線２４２番地", "url2": "https://www.kaigokensaku.mhlw.go.jp/01/index.php?action_kouhyou_detail_004_kani=true&JigyosyoCd=0174700153-00&ServiceCd=510&Type=search" }, "geometry": { "type": "Point", "coordinates": [ 143.290783799999986, 43.2363059 ] } },
{ "type": "Feature", "properties": { "内容": "特別養護老人ホームしゃくなげ荘【介護老人福祉施設】北海道河東郡鹿追町北町1丁目13番地", "url2": "https://www.kaigokensaku.mhlw.go.jp/01/index.php?action_kouhyou_detail_004_kani=true&JigyosyoCd=0174700161-00&ServiceCd=510&Type=search" }, "geometry": { "type": "Point", "coordinates": [ 142.99616119999996, 43.1112205 ] } },
{ "type": "Feature", "properties": { "内容": "特別養護老人ホーム新得やすらぎ荘【介護老人福祉施設】北海道上川郡新得町西３条北１丁目", "url2": "https://www.kaigokensaku.mhlw.go.jp/01/index.php?action_kouhyou_detail_004_kani=true&JigyosyoCd=0174700179-00&ServiceCd=510&Type=search" }, "geometry": { "type": "Point", "coordinates": [ 142.825034800000026, 43.0818069 ] } },
{ "type": "Feature", "properties": { "内容": "特別養護老人ホームせせらぎ荘【介護老人福祉施設】北海道上川郡清水町南3条1丁目1番地", "url2": "https://www.kaigokensaku.mhlw.go.jp/01/index.php?action_kouhyou_detail_004_kani=true&JigyosyoCd=0174700823-00&ServiceCd=510&Type=search" }, "geometry": { "type": "Point", "coordinates": [ 142.882526399999961, 43.0109451 ] } },
{ "type": "Feature", "properties": { "内容": "特別養護老人ホーム芽室けいせい苑（従来型）【介護老人福祉施設】北海道芽室市東３条南4丁目1番地５", "url2": "https://www.kaigokensaku.mhlw.go.jp/01/index.php?action_kouhyou_detail_004_kani=true&JigyosyoCd=0174701540-00&ServiceCd=510&Type=search" }, "geometry": { "type": "Point", "coordinates": [ 143.054787600000026, 42.9057383 ] } },
{ "type": "Feature", "properties": { "内容": "特別養護老人ホーム芽室けいせい苑（ユニット型）【介護老人福祉施設】北海道河西群芽室町東３条４丁目１番地５", "url2": "https://www.kaigokensaku.mhlw.go.jp/01/index.php?action_kouhyou_detail_004_kani=true&JigyosyoCd=0174701557-00&ServiceCd=510&Type=search" }, "geometry": { "type": "Point", "coordinates": [ 142.373748100000057, 43.7803153 ] } },
{ "type": "Feature", "properties": { "内容": "特別養護老人ホーム中札内恵津美ハイツ【介護老人福祉施設】北海道河西郡中札内村西２条南４丁目１１番地５", "url2": "https://www.kaigokensaku.mhlw.go.jp/01/index.php?action_kouhyou_detail_004_kani=true&JigyosyoCd=0174700203-00&ServiceCd=510&Type=search" }, "geometry": { "type": "Point", "coordinates": [ 143.127409700000044, 42.6966051 ] } },
{ "type": "Feature", "properties": { "内容": "大樹町特別養護老人ホームコスモス苑【介護老人福祉施設】広尾郡大樹町暁町６番地１", "url2": "https://www.kaigokensaku.mhlw.go.jp/01/index.php?action_kouhyou_detail_004_kani=true&JigyosyoCd=0174700211-00&ServiceCd=510&Type=search" }, "geometry": { "type": "Point", "coordinates": [ 143.280128, 42.4889244 ] } },
{ "type": "Feature", "properties": { "内容": "特別養護老人ホーム札内寮【介護老人福祉施設】中川郡幕別町字依田379番地", "url2": "https://www.kaigokensaku.mhlw.go.jp/01/index.php?action_kouhyou_detail_004_kani=true&JigyosyoCd=0174700237-00&ServiceCd=510&Type=search" }, "geometry": { "type": "Point", "coordinates": [ 143.253597899999932, 42.8957249 ] } },
{ "type": "Feature", "properties": { "内容": "特別養護老人ホーム池田光寿苑【介護老人福祉施設】北海道中川郡池田町字西2条10丁目2番地２０", "url2": "https://www.kaigokensaku.mhlw.go.jp/01/index.php?action_kouhyou_detail_004_kani=true&JigyosyoCd=0174700245-00&ServiceCd=510&Type=search" }, "geometry": { "type": "Point", "coordinates": [ 143.442963400000053, 42.9357928 ] } },
{ "type": "Feature", "properties": { "内容": "特別養護老人ホームとよころ荘【介護老人福祉施設】北海道中川郡豊頃町茂岩４９番地７８", "url2": "https://www.kaigokensaku.mhlw.go.jp/01/index.php?action_kouhyou_detail_004_kani=true&JigyosyoCd=0174700070-00&ServiceCd=510&Type=search" }, "geometry": { "type": "Point", "coordinates": [ 143.4980498, 42.8017401 ] } },
{ "type": "Feature", "properties": { "内容": "本別町特別養護老人ホーム【介護老人福祉施設】北海道中川郡本別町向陽町23番地1", "url2": "https://www.kaigokensaku.mhlw.go.jp/01/index.php?action_kouhyou_detail_004_kani=true&JigyosyoCd=0174700252-00&ServiceCd=510&Type=search" }, "geometry": { "type": "Point", "coordinates": [ 143.616330798147601, 43.119583287631528 ] } },
{ "type": "Feature", "properties": { "内容": "特別養護老人ホームしらかば苑【介護老人福祉施設】足寄郡陸別町字陸別原野基線３２１番地の５", "url2": "https://www.kaigokensaku.mhlw.go.jp/01/index.php?action_kouhyou_detail_004_kani=true&JigyosyoCd=0174700278-00&ServiceCd=510&Type=search" }, "geometry": { "type": "Point", "coordinates": [ 143.747654, 43.4650062 ] } },
{ "type": "Feature", "properties": { "内容": "特別養護老人ホームはまなす園【介護老人福祉施設】北海道十勝郡浦幌町字北町７番地２３", "url2": "https://www.kaigokensaku.mhlw.go.jp/01/index.php?action_kouhyou_detail_004_kani=true&JigyosyoCd=0174700138-00&ServiceCd=510&Type=search" }, "geometry": { "type": "Point", "coordinates": [ 143.661211500000036, 42.815746 ] } },
{ "type": "Feature", "properties": { "内容": "特別養護老人ホーム釧路町釧望やすらぎの郷【介護老人福祉施設】釧路郡釧路町字別保原野南20線53番地9", "url2": "https://www.kaigokensaku.mhlw.go.jp/01/index.php?action_kouhyou_detail_004_kani=true&JigyosyoCd=0174300053-00&ServiceCd=510&Type=search" }, "geometry": { "type": "Point", "coordinates": [ 144.444974699999989, 43.0216695 ] } },
{ "type": "Feature", "properties": { "内容": "特別養護老人ホーム釧路町釧望やすらぎの郷【介護老人福祉施設】北海道釧路郡釧路町字別保原野南２０線５３番地９", "url2": "https://www.kaigokensaku.mhlw.go.jp/01/index.php?action_kouhyou_detail_004_kani=true&JigyosyoCd=0174300798-00&ServiceCd=510&Type=search" }, "geometry": { "type": "Point", "coordinates": [ 144.444974699999989, 43.0216695 ] } },
{ "type": "Feature", "properties": { "内容": "厚岸町立特別養護老人ホーム心和園【介護老人福祉施設】厚岸郡厚岸町白浜4丁目1番地", "url2": "https://www.kaigokensaku.mhlw.go.jp/01/index.php?action_kouhyou_detail_004_kani=true&JigyosyoCd=0174300129-00&ServiceCd=510&Type=search" }, "geometry": { "type": "Point", "coordinates": [ 144.8097682, 43.0665259 ] } },
{ "type": "Feature", "properties": { "内容": "特別養護老人ホームハイツ・野いちご【介護老人福祉施設】北海道厚岸郡浜中町茶内緑９１番地", "url2": "https://www.kaigokensaku.mhlw.go.jp/01/index.php?action_kouhyou_detail_004_kani=true&JigyosyoCd=0174300038-00&ServiceCd=510&Type=search" }, "geometry": { "type": "Point", "coordinates": [ 145.024446, 43.1288102 ] } },
{ "type": "Feature", "properties": { "内容": "標茶町立特別養護老人ホームやすらぎ園【介護老人福祉施設】北海道川上郡標茶町川上10丁目5番地", "url2": "https://www.kaigokensaku.mhlw.go.jp/01/index.php?action_kouhyou_detail_004_kani=true&JigyosyoCd=0174300145-00&ServiceCd=510&Type=search" }, "geometry": { "type": "Point", "coordinates": [ 144.593423799999982, 43.3016235 ] } },
{ "type": "Feature", "properties": { "内容": "ＪＡ北海道厚生連特別養護老人ホーム摩周【介護老人福祉施設】北海道川上郡弟子屈町泉２丁目３番７－２号", "url2": "https://www.kaigokensaku.mhlw.go.jp/01/index.php?action_kouhyou_detail_004_kani=true&JigyosyoCd=0174300640-00&ServiceCd=510&Type=search" }, "geometry": { "type": "Point", "coordinates": [ 144.463528900000028, 43.480279 ] } },
{ "type": "Feature", "properties": { "内容": "特別養護老人ホーム清和園【介護老人福祉施設】北海道白糠郡白糠町和天別100番地1", "url2": "https://www.kaigokensaku.mhlw.go.jp/01/index.php?action_kouhyou_detail_004_kani=true&JigyosyoCd=0174300582-00&ServiceCd=510&Type=search" }, "geometry": { "type": "Point", "coordinates": [ 144.048102731158536, 42.962165302181667 ] } },
{ "type": "Feature", "properties": { "内容": "特別養護老人ホーム清翠園【介護老人福祉施設】北海道野付郡別海町別海西本町52番地２", "url2": "https://www.kaigokensaku.mhlw.go.jp/01/index.php?action_kouhyou_detail_004_kani=true&JigyosyoCd=0174200634-00&ServiceCd=510&Type=search" }, "geometry": { "type": "Point", "coordinates": [ 145.123109500000027, 43.3919628 ] } },
{ "type": "Feature", "properties": { "内容": "特別養護老人ホーム　中標津りんどう園【介護老人福祉施設】北海道標津郡中標津町りんどう町５番地８", "url2": "https://www.kaigokensaku.mhlw.go.jp/01/index.php?action_kouhyou_detail_004_kani=true&JigyosyoCd=0174200063-00&ServiceCd=510&Type=search" }, "geometry": { "type": "Point", "coordinates": [ 144.926590744838364, 43.543281247487776 ] } },
{ "type": "Feature", "properties": { "内容": "広域ユニット型特別養護老人ホーム　中標津りんどう園【介護老人福祉施設】標津郡中標津町りんどう町5番地9", "url2": "https://www.kaigokensaku.mhlw.go.jp/01/index.php?action_kouhyou_detail_004_kani=true&JigyosyoCd=0174200519-00&ServiceCd=510&Type=search" }, "geometry": { "type": "Point", "coordinates": [ 144.926093152362029, 43.543327385347112 ] } },
{ "type": "Feature", "properties": { "内容": "特別養護老人ホーム　標津はまなす苑【介護老人福祉施設】北海道標津郡標津町北1条西5丁目６番１－３号", "url2": "https://www.kaigokensaku.mhlw.go.jp/01/index.php?action_kouhyou_detail_004_kani=true&JigyosyoCd=0174200105-00&ServiceCd=510&Type=search" }, "geometry": { "type": "Point", "coordinates": [ 145.120405600000026, 43.6596703 ] } }
]
}
