{
"type": "FeatureCollection",
"name": "geo_01_短期入所生活介護",
"crs": { "type": "name", "properties": { "name": "urn:ogc:def:crs:OGC:1.3:CRS84" } },
"features": [
{ "type": "Feature", "properties": { "内容": "特別養護老人ホームラスール苗穂【短期入所生活介護】北海道札幌市中央区北２条東１９丁目１１－２特別養護老人ホームラスール苗穂", "url": "https://www.kaigokensaku.mhlw.go.jp/01/index.php?action_kouhyou_detail_004_kani=true&JigyosyoCd=0170103808-00&ServiceCd=210&Type=search", "url2": "http://koseikai-star.com/" }, "geometry": { "type": "Point", "coordinates": [ 141.3860545, 43.069182 ] } },
{ "type": "Feature", "properties": { "内容": "特別養護老人ホーム　ラスール苗穂リバーサイド【短期入所生活介護】北海道札幌市中央区北1条東19丁目6-3", "url": "https://www.kaigokensaku.mhlw.go.jp/01/index.php?action_kouhyou_detail_004_kani=true&JigyosyoCd=0170105464-00&ServiceCd=210&Type=search", "url2": "https://koseikai-star.com/" }, "geometry": { "type": "Point", "coordinates": [ 141.3869602, 43.0686373 ] } },
{ "type": "Feature", "properties": { "内容": "慈啓会短期入所生活介護事業所ユニット型【短期入所生活介護】北海道札幌市中央区旭ヶ丘5丁目6番51号", "url": "https://www.kaigokensaku.mhlw.go.jp/01/index.php?action_kouhyou_detail_004_kani=true&JigyosyoCd=0170102610-00&ServiceCd=210&Type=search", "url2": "http://www.sapporojikeikai.or.jp" }, "geometry": { "type": "Point", "coordinates": [ 141.323270331768754, 43.037035173357886 ] } },
{ "type": "Feature", "properties": { "内容": "たんぽぽの丘ショートステイサービス【短期入所生活介護】南8条西26丁目1-2", "url": "https://www.kaigokensaku.mhlw.go.jp/01/index.php?action_kouhyou_detail_004_kani=true&JigyosyoCd=0170100531-00&ServiceCd=210&Type=search", "url2": "http://www.keiyu-kai.org" }, "geometry": { "type": "Point", "coordinates": [ 141.320677, 43.0458138 ] } },
{ "type": "Feature", "properties": { "内容": "コスモス苑さとづか　ショートステイ【短期入所生活介護】北海道札幌市清田区里塚2条2丁目3‐25", "url": "https://www.kaigokensaku.mhlw.go.jp/01/index.php?action_kouhyou_detail_004_kani=true&JigyosyoCd=0170506901-00&ServiceCd=210&Type=search", "url2": "https://www.cosmosen.jp/" }, "geometry": { "type": "Point", "coordinates": [ 141.461286800000011, 42.9897059 ] } },
{ "type": "Feature", "properties": { "内容": "札幌北ケアセンターそよ風【短期入所生活介護】北海道札幌市北区屯田9条2丁目8-1", "url": "https://www.kaigokensaku.mhlw.go.jp/01/index.php?action_kouhyou_detail_004_kani=true&JigyosyoCd=0170205348-00&ServiceCd=210&Type=search", "url2": "sapporokita@unimat-rc.co.jp" }, "geometry": { "type": "Point", "coordinates": [ 141.3443, 43.1408546 ] } },
{ "type": "Feature", "properties": { "内容": "福寿園ショートステイサービス【短期入所生活介護】札幌市北区東茨戸2条2丁目8番21号", "url": "https://www.kaigokensaku.mhlw.go.jp/01/index.php?action_kouhyou_detail_004_kani=true&JigyosyoCd=0170200026-00&ServiceCd=210&Type=search", "url2": "https://www.keiyu-kai.org/" }, "geometry": { "type": "Point", "coordinates": [ 141.357581, 43.1642911 ] } },
{ "type": "Feature", "properties": { "内容": "新川エバーライフ　ショートステイサービス【短期入所生活介護】北海道札幌市北区新川７１５番地２", "url": "https://www.kaigokensaku.mhlw.go.jp/01/index.php?action_kouhyou_detail_004_kani=true&JigyosyoCd=0170200067-00&ServiceCd=210&Type=search", "url2": "http://www.keiyu-kai.org/" }, "geometry": { "type": "Point", "coordinates": [ 141.296980800000028, 43.1179841 ] } },
{ "type": "Feature", "properties": { "内容": "オニオンコート短期入所生活介護事業所【短期入所生活介護】北海道札幌市北区百合が原11丁目185-13", "url": "https://www.kaigokensaku.mhlw.go.jp/01/index.php?action_kouhyou_detail_004_kani=true&JigyosyoCd=0170200125-00&ServiceCd=210&Type=search", "url2": "http://onion.or.jp" }, "geometry": { "type": "Point", "coordinates": [ 141.3668626, 43.1322535 ] } },
{ "type": "Feature", "properties": { "内容": "グリーンピア篠路　指定短期入所生活介護事業所【短期入所生活介護】北海道札幌市北区篠路２条９丁目１番８０号", "url": "https://www.kaigokensaku.mhlw.go.jp/01/index.php?action_kouhyou_detail_004_kani=true&JigyosyoCd=0170200224-00&ServiceCd=210&Type=search", "url2": "http://www1/odn.ne.jp/green-pia/" }, "geometry": { "type": "Point", "coordinates": [ 141.3690924, 43.1413997 ] } },
{ "type": "Feature", "properties": { "内容": "特別養護老人ホーム清香園【短期入所生活介護】北海道札幌市北区新琴似1条3丁目3番6号", "url": "https://www.kaigokensaku.mhlw.go.jp/01/index.php?action_kouhyou_detail_004_kani=true&JigyosyoCd=0170200893-00&ServiceCd=210&Type=search", "url2": "http://www.seikaen-hp.com" }, "geometry": { "type": "Point", "coordinates": [ 141.322173799999973, 43.104623 ] } },
{ "type": "Feature", "properties": { "内容": "ショートステイ白ゆり南あいの里【短期入所生活介護】札幌市北区南あいの里5丁目4番1号", "url": "https://www.kaigokensaku.mhlw.go.jp/01/index.php?action_kouhyou_detail_004_kani=true&JigyosyoCd=0170204267-00&ServiceCd=210&Type=search", "url2": "http://www.h-yuuseikai.or.jp/minami-ainosato_02.html" }, "geometry": { "type": "Point", "coordinates": [ 141.397075299999983, 43.1540803 ] } },
{ "type": "Feature", "properties": { "内容": "社会福祉法人悠生会　ショートステイ白ゆりあいの里【短期入所生活介護】北海道札幌市北区あいの里３条８丁目１４番１号白ゆりあいの里", "url": "https://www.kaigokensaku.mhlw.go.jp/01/index.php?action_kouhyou_detail_004_kani=true&JigyosyoCd=0170205223-00&ServiceCd=210&Type=search", "url2": "http://www.h-yuuseikai.or.jp" }, "geometry": { "type": "Point", "coordinates": [ 141.411651235581957, 43.165721098498175 ] } },
{ "type": "Feature", "properties": { "内容": "ショートスティら・せれな【短期入所生活介護】北海道札幌市北区百合が原3丁目1－1", "url": "https://www.kaigokensaku.mhlw.go.jp/01/index.php?action_kouhyou_detail_004_kani=true&JigyosyoCd=0170205868-00&ServiceCd=210&Type=search", "url2": "https://www.sw-teishinkai.jp/" }, "geometry": { "type": "Point", "coordinates": [ 141.355285189024386, 43.125048663617406 ] } },
{ "type": "Feature", "properties": { "内容": "ショートステイ七色の風【短期入所生活介護】北海道札幌市北区屯田９条９丁目５番15号特別養護老人ホーム七色の風", "url": "https://www.kaigokensaku.mhlw.go.jp/01/index.php?action_kouhyou_detail_004_kani=true&JigyosyoCd=0170207252-00&ServiceCd=210&Type=search", "url2": "https://partner.or.jp/" }, "geometry": { "type": "Point", "coordinates": [ 141.324451, 43.1438177 ] } },
{ "type": "Feature", "properties": { "内容": "しのろ三清荘　短期入所生活介護【短期入所生活介護】北海道札幌市北区篠路５条８丁目2-8", "url": "https://www.kaigokensaku.mhlw.go.jp/01/index.php?action_kouhyou_detail_004_kani=true&JigyosyoCd=0170208649-00&ServiceCd=210&Type=search", "url2": "http://www.keizankai.or.jp" }, "geometry": { "type": "Point", "coordinates": [ 141.367346, 43.1476806 ] } },
{ "type": "Feature", "properties": { "内容": "セボラ・コリーナ短期入所生活介護事業所【短期入所生活介護】北海道札幌市東区北42条東19丁目1⁻10", "url": "https://www.kaigokensaku.mhlw.go.jp/01/index.php?action_kouhyou_detail_004_kani=true&JigyosyoCd=0170200133-00&ServiceCd=210&Type=search", "url2": "http://sebora.jp/" }, "geometry": { "type": "Point", "coordinates": [ 141.3728878, 43.1142053 ] } },
{ "type": "Feature", "properties": { "内容": "大友恵愛園短期入所生活介護事業所【短期入所生活介護】北海道札幌市東区北17条東5丁目2番5号", "url": "https://www.kaigokensaku.mhlw.go.jp/01/index.php?action_kouhyou_detail_004_kani=true&JigyosyoCd=0170200141-00&ServiceCd=210&Type=search", "url2": "http://www.ootomokeiaien.or.jp/" }, "geometry": { "type": "Point", "coordinates": [ 141.359266400000024, 43.0829268 ] } },
{ "type": "Feature", "properties": { "内容": "老人短期入所生活介護事業所ウィズ東苗穂【短期入所生活介護】北海道札幌市東区東苗穂町1089番地1", "url": "https://www.kaigokensaku.mhlw.go.jp/01/index.php?action_kouhyou_detail_004_kani=true&JigyosyoCd=0170200349-00&ServiceCd=210&Type=search", "url2": "http://spsilvania.or.jp/" }, "geometry": { "type": "Point", "coordinates": [ 141.409943800000065, 43.1041258 ] } },
{ "type": "Feature", "properties": { "内容": "フローラルさつなえ短期入所生活介護事業所【短期入所生活介護】北海道札幌市東区東苗穂１条３丁目２番１６号", "url": "https://www.kaigokensaku.mhlw.go.jp/01/index.php?action_kouhyou_detail_004_kani=true&JigyosyoCd=0170200281-00&ServiceCd=210&Type=search", "url2": "http://www.sapporo-meikein.or.jp/" }, "geometry": { "type": "Point", "coordinates": [ 141.4014909, 43.0786314 ] } },
{ "type": "Feature", "properties": { "内容": "ショートステイ栄町【短期入所生活介護】北海道札幌市東区北47条東17丁目1番1号", "url": "https://www.kaigokensaku.mhlw.go.jp/01/index.php?action_kouhyou_detail_004_kani=true&JigyosyoCd=0170204382-00&ServiceCd=210&Type=search", "url2": "https://www.sw-teishinkai.jp" }, "geometry": { "type": "Point", "coordinates": [ 141.367374499999983, 43.1194138 ] } },
{ "type": "Feature", "properties": { "内容": "ショートステイひかりの【短期入所生活介護】北海道札幌市東区東雁来12条4丁目1-15特別養護老人ホーム　ひかりの", "url": "https://www.kaigokensaku.mhlw.go.jp/01/index.php?action_kouhyou_detail_004_kani=true&JigyosyoCd=0170205892-00&ServiceCd=210&Type=search", "url2": "http://hikarino.or.jp/" }, "geometry": { "type": "Point", "coordinates": [ 141.436742038761821, 43.098342481618701 ] } },
{ "type": "Feature", "properties": { "内容": "特別養護老人ホーム藤苑【短期入所生活介護】北海道札幌市東区伏古７条３丁目１番３３号", "url": "https://www.kaigokensaku.mhlw.go.jp/01/index.php?action_kouhyou_detail_004_kani=true&JigyosyoCd=0170200083-00&ServiceCd=210&Type=search", "url2": "http://fujizono.org/index.html" }, "geometry": { "type": "Point", "coordinates": [ 141.392971499999931, 43.0897742 ] } },
{ "type": "Feature", "properties": { "内容": "特別養護老人ホーム神遊【短期入所生活介護】北海道札幌市東区北39条東1丁目2番21号特別養護老人ホーム神遊", "url": "https://www.kaigokensaku.mhlw.go.jp/01/index.php?action_kouhyou_detail_004_kani=true&JigyosyoCd=0170209159-00&ServiceCd=210&Type=search", "url2": "kikujyu@kikujyu-web.com" }, "geometry": { "type": "Point", "coordinates": [ 141.3449946, 43.1069586 ] } },
{ "type": "Feature", "properties": { "内容": "ショートステイ白ゆり北20条【短期入所生活介護】北海道札幌市東区北20条東1丁目2番31ライフプレステージ白ゆり北20条", "url": "https://www.kaigokensaku.mhlw.go.jp/01/index.php?action_kouhyou_detail_004_kani=true&JigyosyoCd=0170207880-00&ServiceCd=210&Type=search", "url2": "http://www.shirayuri.gr.jp/" }, "geometry": { "type": "Point", "coordinates": [ 141.350430800000026, 43.0861539 ] } },
{ "type": "Feature", "properties": { "内容": "コミュニティホーム白石ショートステイセンター【短期入所生活介護】北海道札幌市白石区本郷通３丁目南１番３５号", "url": "https://www.kaigokensaku.mhlw.go.jp/01/index.php?action_kouhyou_detail_004_kani=true&JigyosyoCd=0170502843-00&ServiceCd=210&Type=search", "url2": "http://www.keijinkai.com/c-shiroishi/" }, "geometry": { "type": "Point", "coordinates": [ 141.404084099999977, 43.046270700000015 ] } },
{ "type": "Feature", "properties": { "内容": "特別養護老人ホーム　ノテきくすいの里【短期入所生活介護】北海道札幌市白石区菊水元町4条1丁目1番1号", "url": "https://www.kaigokensaku.mhlw.go.jp/01/index.php?action_kouhyou_detail_004_kani=true&JigyosyoCd=0170512537-00&ServiceCd=210&Type=search", "url2": null }, "geometry": { "type": "Point", "coordinates": [ 141.403167119773798, 43.070613466060543 ] } },
{ "type": "Feature", "properties": { "内容": "白石ケアセンターそよ風【短期入所生活介護】北海道札幌市白石区川北２条１丁目１５番２５号", "url": "https://www.kaigokensaku.mhlw.go.jp/01/index.php?action_kouhyou_detail_004_kani=true&JigyosyoCd=0170508493-00&ServiceCd=210&Type=search", "url2": "shiroishi@sykz.co.jp" }, "geometry": { "type": "Point", "coordinates": [ 141.4344999, 43.0578319 ] } },
{ "type": "Feature", "properties": { "内容": "きさく苑短期入所生活介護施設【短期入所生活介護】北海道札幌市白石区川下２１２８－２", "url": "https://www.kaigokensaku.mhlw.go.jp/01/index.php?action_kouhyou_detail_004_kani=true&JigyosyoCd=0170500326-00&ServiceCd=210&Type=search", "url2": "http://kakushou.com/" }, "geometry": { "type": "Point", "coordinates": [ 141.4472644, 43.0776329 ] } },
{ "type": "Feature", "properties": { "内容": "平成苑ショートステイ・サービスセンター【短期入所生活介護】北海道札幌市白石区菊水元町8条2丁目7-15", "url": "https://www.kaigokensaku.mhlw.go.jp/01/index.php?action_kouhyou_detail_004_kani=true&JigyosyoCd=0170500441-00&ServiceCd=210&Type=search", "url2": "https://heiseien.or.jp/" }, "geometry": { "type": "Point", "coordinates": [ 141.414292700000033, 43.0718298 ] } },
{ "type": "Feature", "properties": { "内容": "特別養護老人ホームルミエール【短期入所生活介護】北海道札幌市白石区東札幌1条3丁目1-1", "url": "https://www.kaigokensaku.mhlw.go.jp/01/index.php?action_kouhyou_detail_004_kani=true&JigyosyoCd=0170500771-00&ServiceCd=210&Type=search", "url2": "http://www.lumiere.or.jp" }, "geometry": { "type": "Point", "coordinates": [ 141.382761, 43.0484228 ] } },
{ "type": "Feature", "properties": { "内容": "特別養護老人ホーム　白石ポプラ園【短期入所生活介護】北海道札幌市白石区中央1条4丁目2-6", "url": "https://www.kaigokensaku.mhlw.go.jp/01/index.php?action_kouhyou_detail_004_kani=true&JigyosyoCd=0170507628-00&ServiceCd=210&Type=search", "url2": "http:www.syujukai.or.jp" }, "geometry": { "type": "Point", "coordinates": [ 141.395604, 43.0547531 ] } },
{ "type": "Feature", "properties": { "内容": "パナソニックエイジフリーケアセンター札幌白石･ショートステイ【短期入所生活介護】北海道札幌市白石区菊水元町１条４丁目1番17号", "url": "https://www.kaigokensaku.mhlw.go.jp/01/index.php?action_kouhyou_detail_004_kani=true&JigyosyoCd=0170512156-00&ServiceCd=210&Type=search", "url2": "https://panasonic.co.jp/paf/" }, "geometry": { "type": "Point", "coordinates": [ 141.400172333204608, 43.063620631313469 ] } },
{ "type": "Feature", "properties": { "内容": "特別養護老人ホーム　ノテつきさっぷの丘【短期入所生活介護】北海道札幌市豊平区月寒西４条６丁目１－３５", "url": "https://www.kaigokensaku.mhlw.go.jp/01/index.php?action_kouhyou_detail_004_kani=true&JigyosyoCd=0170507065-00&ServiceCd=210&Type=search", "url2": null }, "geometry": { "type": "Point", "coordinates": [ 141.387655900000027, 43.028897 ] } },
{ "type": "Feature", "properties": { "内容": "特別養護老人ホームノテ幸栄の里【短期入所生活介護】北海道札幌市豊平区月寒東1条13丁目4-58", "url": "https://www.kaigokensaku.mhlw.go.jp/01/index.php?action_kouhyou_detail_004_kani=true&JigyosyoCd=0170500144-00&ServiceCd=210&Type=search", "url2": null }, "geometry": { "type": "Point", "coordinates": [ 141.403310515096479, 43.022094155983055 ] } },
{ "type": "Feature", "properties": { "内容": "アビターレナーシングホーム【短期入所生活介護】札幌市豊平区平岸2条2丁目1番1号", "url": "https://www.kaigokensaku.mhlw.go.jp/01/index.php?action_kouhyou_detail_004_kani=true&JigyosyoCd=0170503197-00&ServiceCd=210&Type=search", "url2": "https://www.aizenkai.or.jp" }, "geometry": { "type": "Point", "coordinates": [ 141.3668626, 43.0410845 ] } },
{ "type": "Feature", "properties": { "内容": "特別養護老人ホームアビターレアネックス【短期入所生活介護】札幌市豊平区平岸2条2丁目1-10", "url": "https://www.kaigokensaku.mhlw.go.jp/01/index.php?action_kouhyou_detail_004_kani=true&JigyosyoCd=0170512594-00&ServiceCd=210&Type=search", "url2": "https://www.aizenkai.or.jp/" }, "geometry": { "type": "Point", "coordinates": [ 141.367555318524182, 43.041188222556571 ] } },
{ "type": "Feature", "properties": { "内容": "みどりの丘指定短期入所生活介護事業所【短期入所生活介護】北海道札幌市豊平区西岡５条１２丁目１番２号", "url": "https://www.kaigokensaku.mhlw.go.jp/01/index.php?action_kouhyou_detail_004_kani=true&JigyosyoCd=0170500292-00&ServiceCd=210&Type=search", "url2": "http://www.s-kouyoukai.jp/" }, "geometry": { "type": "Point", "coordinates": [ 141.382461, 42.9962897 ] } },
{ "type": "Feature", "properties": { "内容": "特別養護老人ホーム　ノテとよひらの里【短期入所生活介護】北海道札幌市豊平区豊平3条11丁目2-15", "url": "https://www.kaigokensaku.mhlw.go.jp/01/index.php?action_kouhyou_detail_004_kani=true&JigyosyoCd=0170508402-00&ServiceCd=210&Type=search", "url2": "https://www.note.or.jp/facilities/shisetsu/tokuyou/tokuyou-toyohiranosato/" }, "geometry": { "type": "Point", "coordinates": [ 141.38048586759794, 43.046789372818886 ] } },
{ "type": "Feature", "properties": { "内容": "特別養護老人ホーム　ノテ中の島【短期入所生活介護】北海道札幌市豊平区中の島2条5丁目5番1号", "url": "https://www.kaigokensaku.mhlw.go.jp/01/index.php?action_kouhyou_detail_004_kani=true&JigyosyoCd=0170515456-00&ServiceCd=210&Type=search", "url2": "https://www.note.or.jp/facilities/shisetsu/tokuyou/tokuyou-note-nakanoshima/" }, "geometry": { "type": "Point", "coordinates": [ 141.362067979762259, 43.031046797045306 ] } },
{ "type": "Feature", "properties": { "内容": "月寒あさがおの郷ショートステイセンター【短期入所生活介護】北海道札幌市豊平区月寒西1条11丁目2番35号", "url": "https://www.kaigokensaku.mhlw.go.jp/01/index.php?action_kouhyou_detail_004_kani=true&JigyosyoCd=0170507206-00&ServiceCd=210&Type=search", "url2": null }, "geometry": { "type": "Point", "coordinates": [ 141.397758100000033, 43.023473 ] } },
{ "type": "Feature", "properties": { "内容": "羊ヶ丘陽光苑短期入所生活介護事業所【短期入所生活介護】北海道札幌市豊平区福住3条9丁目4番32号", "url": "https://www.kaigokensaku.mhlw.go.jp/01/index.php?action_kouhyou_detail_004_kani=true&JigyosyoCd=0170513832-00&ServiceCd=210&Type=search", "url2": "https://o-akebono.or.jp/" }, "geometry": { "type": "Point", "coordinates": [ 141.393123910450782, 43.003384392672928 ] } },
{ "type": "Feature", "properties": { "内容": "特別養護老人ホームくりのみ【短期入所生活介護】北海道札幌市豊平区平岸8条12丁目３－２０", "url": "https://www.kaigokensaku.mhlw.go.jp/01/index.php?action_kouhyou_detail_004_kani=true&JigyosyoCd=0170501357-00&ServiceCd=210&Type=search", "url2": "http://keiwakai-kurinomi.or.jp/" }, "geometry": { "type": "Point", "coordinates": [ 141.384189699999979, 43.0263501 ] } },
{ "type": "Feature", "properties": { "内容": "和幸園短期入所生活介護事業所【短期入所生活介護】札幌市南区石山932番地３", "url": "https://www.kaigokensaku.mhlw.go.jp/01/index.php?action_kouhyou_detail_004_kani=true&JigyosyoCd=0170500169-00&ServiceCd=210&Type=search", "url2": "http://hapinisu.com" }, "geometry": { "type": "Point", "coordinates": [ 141.337930300000039, 42.9537518 ] } },
{ "type": "Feature", "properties": { "内容": "アースサポート札幌南【短期入所生活介護】北海道札幌市南区澄川4条2丁目3番10号", "url": "https://www.kaigokensaku.mhlw.go.jp/01/index.php?action_kouhyou_detail_004_kani=true&JigyosyoCd=0170503726-00&ServiceCd=210&Type=search", "url2": "http://www.earthsupport.co.jp" }, "geometry": { "type": "Point", "coordinates": [ 141.367672299999981, 43.016301 ] } },
{ "type": "Feature", "properties": { "内容": "短期入所生活介護施設らいらっく【短期入所生活介護】北海道札幌市南区藤野4条4丁目20番30号", "url": "https://www.kaigokensaku.mhlw.go.jp/01/index.php?action_kouhyou_detail_004_kani=true&JigyosyoCd=0170512412-00&ServiceCd=210&Type=search", "url2": "https://nomad-haru.com/" }, "geometry": { "type": "Point", "coordinates": [ 141.30172749999997, 42.9563226 ] } },
{ "type": "Feature", "properties": { "内容": "パナソニックエイジフリー札幌南・ショートステイ【短期入所生活介護】北海道札幌市南区南37条西11丁目6-23", "url": "https://www.kaigokensaku.mhlw.go.jp/01/index.php?action_kouhyou_detail_004_kani=true&JigyosyoCd=0170512289-00&ServiceCd=210&Type=search", "url2": "http://panasonic.co.jp/es/pesasv/" }, "geometry": { "type": "Point", "coordinates": [ 141.3434513, 43.0077941 ] } },
{ "type": "Feature", "properties": { "内容": "高齢者総合福祉施設　サン・グレイス【短期入所生活介護】北海道札幌市南区川沿１３条３丁目５番１号", "url": "https://www.kaigokensaku.mhlw.go.jp/01/index.php?action_kouhyou_detail_004_kani=true&JigyosyoCd=0170500342-00&ServiceCd=210&Type=search", "url2": "http://www.aizenkai.or.jp/" }, "geometry": { "type": "Point", "coordinates": [ 141.333729700000049, 42.9792625 ] } },
{ "type": "Feature", "properties": { "内容": "ドリームハウス短期入所生活介護事業所【短期入所生活介護】北海道札幌市南区北ノ沢1819-9", "url": "https://www.kaigokensaku.mhlw.go.jp/01/index.php?action_kouhyou_detail_004_kani=true&JigyosyoCd=0170500177-00&ServiceCd=210&Type=search", "url2": "http://maedakinen.org/" }, "geometry": { "type": "Point", "coordinates": [ 141.3233573, 43.008681 ] } },
{ "type": "Feature", "properties": { "内容": "特別養護老人ホームノテ石山【短期入所生活介護】北海道札幌市南区石山1条6丁目17-33", "url": "https://www.kaigokensaku.mhlw.go.jp/01/index.php?action_kouhyou_detail_004_kani=true&JigyosyoCd=0170515852-00&ServiceCd=210&Type=search", "url2": "https://www.note.or.jp" }, "geometry": { "type": "Point", "coordinates": [ 141.3258511, 42.9658823 ] } },
{ "type": "Feature", "properties": { "内容": "勤医協ショートステイもなみの里【短期入所生活介護】北海道札幌市南区石山1条1丁目12番15号", "url": "https://www.kaigokensaku.mhlw.go.jp/01/index.php?action_kouhyou_detail_004_kani=true&JigyosyoCd=0170509954-00&ServiceCd=210&Type=search", "url2": "http://kin-fukushikai.jp/" }, "geometry": { "type": "Point", "coordinates": [ 141.342692700000043, 42.9811347 ] } },
{ "type": "Feature", "properties": { "内容": "ショートステイ八軒ふくろうの森【短期入所生活介護】北海道札幌市西区八軒９条西１０丁目1-13", "url": "https://www.kaigokensaku.mhlw.go.jp/01/index.php?action_kouhyou_detail_004_kani=true&JigyosyoCd=0170402796-00&ServiceCd=210&Type=search", "url2": "http://www.midorino.jp" }, "geometry": { "type": "Point", "coordinates": [ 141.304484199999933, 43.098195 ] } },
{ "type": "Feature", "properties": { "内容": "手稲リハビリテーションセンター　指定短期入所生活介護事業所【短期入所生活介護】北海道札幌市西区宮の沢490番地", "url": "https://www.kaigokensaku.mhlw.go.jp/01/index.php?action_kouhyou_detail_004_kani=true&JigyosyoCd=0170400097-00&ServiceCd=210&Type=search", "url2": "http://www.kouyuukai.com/" }, "geometry": { "type": "Point", "coordinates": [ 141.254933400000027, 43.0851701 ] } },
{ "type": "Feature", "properties": { "内容": "西野ケアセンター指定短期入所生活介護事業所【短期入所生活介護】北海道札幌市西区西野2条8丁目1-8", "url": "https://www.kaigokensaku.mhlw.go.jp/01/index.php?action_kouhyou_detail_004_kani=true&JigyosyoCd=0170400204-00&ServiceCd=210&Type=search", "url2": "http://www.kouyuukai.com" }, "geometry": { "type": "Point", "coordinates": [ 141.274493200000052, 43.0810153 ] } },
{ "type": "Feature", "properties": { "内容": "ショートステイ　福井園【短期入所生活介護】北海道札幌市西区福井10丁目8番3号", "url": "https://www.kaigokensaku.mhlw.go.jp/01/index.php?action_kouhyou_detail_004_kani=true&JigyosyoCd=0170405625-00&ServiceCd=210&Type=search", "url2": "https://www.youranfukushikai.jp/fukuien/" }, "geometry": { "type": "Point", "coordinates": [ 141.2614503, 43.0470701 ] } },
{ "type": "Feature", "properties": { "内容": "さくら苑ショートステイ【短期入所生活介護】北海道札幌市西区発寒17条3丁目4番30号", "url": "https://www.kaigokensaku.mhlw.go.jp/01/index.php?action_kouhyou_detail_004_kani=true&JigyosyoCd=0170401947-00&ServiceCd=210&Type=search", "url2": "http://sakurakai-gp.or.jp/" }, "geometry": { "type": "Point", "coordinates": [ 141.294395500000064, 43.1097099 ] } },
{ "type": "Feature", "properties": { "内容": "短期入所生活介護施設はっさむはる【短期入所生活介護】北海道札幌市西区発寒１１条１丁目３番２０号", "url": "https://www.kaigokensaku.mhlw.go.jp/01/index.php?action_kouhyou_detail_004_kani=true&JigyosyoCd=0170401970-00&ServiceCd=210&Type=search", "url2": "http://www.nomad.or.jp" }, "geometry": { "type": "Point", "coordinates": [ 141.29995729999996, 43.0907262 ] } },
{ "type": "Feature", "properties": { "内容": "短期入所生活介護事業所　三陽【短期入所生活介護】北海道札幌市西区八軒５条西８丁目５番１号", "url": "https://www.kaigokensaku.mhlw.go.jp/01/index.php?action_kouhyou_detail_004_kani=true&JigyosyoCd=0170404131-00&ServiceCd=210&Type=search", "url2": "http://www.seikeikai.server-shared.com/san-you/" }, "geometry": { "type": "Point", "coordinates": [ 141.302469645230104, 43.092211584685238 ] } },
{ "type": "Feature", "properties": { "内容": "五天山園短期入所生活介護事業所【短期入所生活介護】北海道札幌市西区平和54番地3", "url": "https://www.kaigokensaku.mhlw.go.jp/01/index.php?action_kouhyou_detail_004_kani=true&JigyosyoCd=0170400147-00&ServiceCd=210&Type=search", "url2": "https://gotenzan.com/" }, "geometry": { "type": "Point", "coordinates": [ 141.261675899999972, 43.055409900000015 ] } },
{ "type": "Feature", "properties": { "内容": "ショートステイ徳洲会札幌西【短期入所生活介護】北海道札幌市西区西野７条３丁目２－７ケアネット徳洲会札幌西", "url": "https://www.kaigokensaku.mhlw.go.jp/01/index.php?action_kouhyou_detail_004_kani=true&JigyosyoCd=0170403588-00&ServiceCd=210&Type=search", "url2": "http://www.care-net.co.jp/" }, "geometry": { "type": "Point", "coordinates": [ 141.273230099999978, 43.0661781 ] } },
{ "type": "Feature", "properties": { "内容": "特別養護老人ホーム　光生舎ゆいま～る・もみじ台　短期入所生活介護【短期入所生活介護】北海道札幌市厚別区もみじ台南3丁目4番1号", "url": "https://www.kaigokensaku.mhlw.go.jp/01/index.php?action_kouhyou_detail_004_kani=true&JigyosyoCd=0170511513-00&ServiceCd=210&Type=search", "url2": "http://www.koseisha.or.jp/" }, "geometry": { "type": "Point", "coordinates": [ 141.494860300000028, 43.0247175 ] } },
{ "type": "Feature", "properties": { "内容": "厚別栄和荘短期入所生活介護事業所【短期入所生活介護】北海道札幌市厚別区厚別町山本750番地6", "url": "https://www.kaigokensaku.mhlw.go.jp/01/index.php?action_kouhyou_detail_004_kani=true&JigyosyoCd=0170500268-00&ServiceCd=210&Type=search", "url2": "https://www.eiwakai.or.jp/" }, "geometry": { "type": "Point", "coordinates": [ 141.462566899999956, 43.058543899999982 ] } },
{ "type": "Feature", "properties": { "内容": "特別養護老人ホームかりぷ・あつべつ【短期入所生活介護】北海道札幌市厚別区厚別中央５条６丁目５番２０号", "url": "https://www.kaigokensaku.mhlw.go.jp/01/index.php?action_kouhyou_detail_004_kani=true&JigyosyoCd=0170500037-00&ServiceCd=210&Type=search", "url2": "http://www.karipu.jp/" }, "geometry": { "type": "Point", "coordinates": [ 141.472083300663826, 43.046544537498718 ] } },
{ "type": "Feature", "properties": { "内容": "ショートステイメイプルハウス【短期入所生活介護】北海道札幌市厚別区もみじ台西３丁目１－８", "url": "https://www.kaigokensaku.mhlw.go.jp/01/index.php?action_kouhyou_detail_004_kani=true&JigyosyoCd=0170503619-00&ServiceCd=210&Type=search", "url2": "http://www.karipu.jp/" }, "geometry": { "type": "Point", "coordinates": [ 141.486066199999982, 43.0336633 ] } },
{ "type": "Feature", "properties": { "内容": "特別養護老人ホーム厚別園【短期入所生活介護】北海道札幌市厚別区厚別東5条3丁目24番地9", "url": "https://www.kaigokensaku.mhlw.go.jp/01/index.php?action_kouhyou_detail_004_kani=true&JigyosyoCd=0170508956-00&ServiceCd=210&Type=search", "url2": "https://www.youranfukushikai.jp/" }, "geometry": { "type": "Point", "coordinates": [ 141.478844, 43.0489312 ] } },
{ "type": "Feature", "properties": { "内容": "特別養護老人ホームノテ新さっぽろの里【短期入所生活介護】北海道札幌市厚別区上野幌1条1丁目2-25", "url": "https://www.kaigokensaku.mhlw.go.jp/01/index.php?action_kouhyou_detail_004_kani=true&JigyosyoCd=0170513220-00&ServiceCd=210&Type=search", "url2": "https://www.note.or.jp/facilities/shisetsu/tokuyou/tokuyou-sinsapporonosato/" }, "geometry": { "type": "Point", "coordinates": [ 141.466663700000026, 43.0240375 ] } },
{ "type": "Feature", "properties": { "内容": "特別養護老人ホーム青葉のまち【短期入所生活介護】北海道札幌市厚別区青葉町15丁目18番1号", "url": "https://www.kaigokensaku.mhlw.go.jp/01/index.php?action_kouhyou_detail_004_kani=true&JigyosyoCd=0170503395-00&ServiceCd=210&Type=search", "url2": "http://www.hokurou.or.jp/aoba/" }, "geometry": { "type": "Point", "coordinates": [ 141.483764, 43.0269475 ] } },
{ "type": "Feature", "properties": { "内容": "ショートステイ白ゆり新さっぽろ【短期入所生活介護】北海道札幌市厚別区厚別東1条2丁目1番1号ライフプレステージ白ゆり新さっぽろ", "url": "https://www.kaigokensaku.mhlw.go.jp/01/index.php?action_kouhyou_detail_004_kani=true&JigyosyoCd=0170508675-00&ServiceCd=210&Type=search", "url2": "http://www.shirayuri.gr.jp/" }, "geometry": { "type": "Point", "coordinates": [ 141.484617116007911, 43.039902715779043 ] } },
{ "type": "Feature", "properties": { "内容": "ショートステイセンターつむぎ【短期入所生活介護】北海道札幌市手稲区前田2条10丁目1番7号", "url": "https://www.kaigokensaku.mhlw.go.jp/01/index.php?action_kouhyou_detail_004_kani=true&JigyosyoCd=0170403992-00&ServiceCd=210&Type=search", "url2": "https://www.keijinkai.com/shafuku/tsumugi/" }, "geometry": { "type": "Point", "coordinates": [ 141.24925989999997, 43.1208301 ] } },
{ "type": "Feature", "properties": { "内容": "札幌市稲寿園短期入所生活介護事業所【短期入所生活介護】北海道札幌市手稲区曙5条2丁目2-21", "url": "https://www.kaigokensaku.mhlw.go.jp/01/index.php?action_kouhyou_detail_004_kani=true&JigyosyoCd=0170400121-00&ServiceCd=210&Type=search", "url2": "http://www.sapporojikeikai.or.jp/toujuen" }, "geometry": { "type": "Point", "coordinates": [ 141.237407100000041, 43.1328088 ] } },
{ "type": "Feature", "properties": { "内容": "ショートステイ　ていね大空【短期入所生活介護】北海道札幌市手稲区曙11条2丁目3番10号", "url": "https://www.kaigokensaku.mhlw.go.jp/01/index.php?action_kouhyou_detail_004_kani=true&JigyosyoCd=0170400188-00&ServiceCd=210&Type=search", "url2": null }, "geometry": { "type": "Point", "coordinates": [ 141.233459399999987, 43.1439046 ] } },
{ "type": "Feature", "properties": { "内容": "手稲ロータス（介護予防）短期入所生活介護事業所【短期入所生活介護】北海道札幌市手稲区稲穂3条6丁目7番5号手稲ロータス（介護予防）短期入所生活介護事業所", "url": "https://www.kaigokensaku.mhlw.go.jp/01/index.php?action_kouhyou_detail_004_kani=true&JigyosyoCd=0170405138-00&ServiceCd=210&Type=search", "url2": "https://teinelotuskai.com" }, "geometry": { "type": "Point", "coordinates": [ 141.2150322, 43.1261503 ] } },
{ "type": "Feature", "properties": { "内容": "特別養護老人ホーム　神愛園手稲【短期入所生活介護】北海道札幌市手稲区手稲金山１３１番地４", "url": "https://www.kaigokensaku.mhlw.go.jp/01/index.php?action_kouhyou_detail_004_kani=true&JigyosyoCd=0170400196-00&ServiceCd=210&Type=search", "url2": "https://www.shinaien.or.jp/service/teine/index.php" }, "geometry": { "type": "Point", "coordinates": [ 141.20027044725191, 43.122038152084897 ] } },
{ "type": "Feature", "properties": { "内容": "愛輪園指定短期入所生活介護事業所【短期入所生活介護】北海道札幌市手稲区西宮の沢４条３丁目３番４０号", "url": "https://www.kaigokensaku.mhlw.go.jp/01/index.php?action_kouhyou_detail_004_kani=true&JigyosyoCd=0170400105-00&ServiceCd=210&Type=search", "url2": "http://www.tanakamedical.net" }, "geometry": { "type": "Point", "coordinates": [ 141.2565022, 43.1000049 ] } },
{ "type": "Feature", "properties": { "内容": "幸寿園短期入所生活介護事業所【短期入所生活介護】北海道札幌市手稲区手稲本町3条4丁目2-35", "url": "https://www.kaigokensaku.mhlw.go.jp/01/index.php?action_kouhyou_detail_004_kani=true&JigyosyoCd=0170402655-00&ServiceCd=210&Type=search", "url2": "http://www.syujyukai.or.jp/recruit/index.html" }, "geometry": { "type": "Point", "coordinates": [ 141.2375634, 43.1192549 ] } },
{ "type": "Feature", "properties": { "内容": "特別養護老人ホーム秀寿園【短期入所生活介護】北海道札幌市清田区真栄３９５番地１", "url": "https://www.kaigokensaku.mhlw.go.jp/01/index.php?action_kouhyou_detail_004_kani=true&JigyosyoCd=0170500060-00&ServiceCd=210&Type=search", "url2": "http://www.syujyukai.or.jp/shujyuen" }, "geometry": { "type": "Point", "coordinates": [ 141.4394001, 42.976723 ] } },
{ "type": "Feature", "properties": { "内容": "特別養護老人ホーム　ノテふるさと【短期入所生活介護】北海道札幌市清田区真栄434番地6", "url": "https://www.kaigokensaku.mhlw.go.jp/01/index.php?action_kouhyou_detail_004_kani=true&JigyosyoCd=0170500284-00&ServiceCd=210&Type=search", "url2": "https://www.note.or.jp/facilities/details/37/" }, "geometry": { "type": "Point", "coordinates": [ 141.432388599999967, 42.9721996 ] } },
{ "type": "Feature", "properties": { "内容": "短期入所生活介護　桜テラス平岡【短期入所生活介護】北海道札幌市清田区平岡1条2丁目12-11特別養護老人ホーム　桜テラス平岡", "url": "https://www.kaigokensaku.mhlw.go.jp/01/index.php?action_kouhyou_detail_004_kani=true&JigyosyoCd=0170513659-00&ServiceCd=210&Type=search", "url2": "www.hokurou.or.jp" }, "geometry": { "type": "Point", "coordinates": [ 141.446631785168762, 42.996935266232803 ] } },
{ "type": "Feature", "properties": { "内容": "ショートステイ清幌園【短期入所生活介護】北海道札幌市清田区北野７条４丁目８番２５号", "url": "https://www.kaigokensaku.mhlw.go.jp/01/index.php?action_kouhyou_detail_004_kani=true&JigyosyoCd=0170500367-00&ServiceCd=210&Type=search", "url2": "http://s-seikouen.or.jp" }, "geometry": { "type": "Point", "coordinates": [ 141.4434924, 43.0212764 ] } },
{ "type": "Feature", "properties": { "内容": "ショートステイ清幌園里塚緑ケ丘【短期入所生活介護】北海道札幌市清田区里塚緑ヶ丘７丁目14-1", "url": "https://www.kaigokensaku.mhlw.go.jp/01/index.php?action_kouhyou_detail_004_kani=true&JigyosyoCd=0170507610-00&ServiceCd=210&Type=search", "url2": "http://s-seikouen.or.jp/access" }, "geometry": { "type": "Point", "coordinates": [ 141.47721690000003, 42.9917153 ] } },
{ "type": "Feature", "properties": { "内容": "特別養護老人ホーム神愛園清田【短期入所生活介護】北海道札幌市清田区清田6条1丁目1番30号", "url": "https://www.kaigokensaku.mhlw.go.jp/01/index.php?action_kouhyou_detail_004_kani=true&JigyosyoCd=0170500243-00&ServiceCd=210&Type=search", "url2": "http://www.shinaien.or.jp/" }, "geometry": { "type": "Point", "coordinates": [ 141.420438200000035, 42.9965297 ] } },
{ "type": "Feature", "properties": { "内容": "ひらおか梅花実短期入所生活介護事業所【短期入所生活介護】札幌市清田区平岡３条３丁目１番８号", "url": "https://www.kaigokensaku.mhlw.go.jp/01/index.php?action_kouhyou_detail_004_kani=true&JigyosyoCd=0170504781-00&ServiceCd=210&Type=search", "url2": "http://www.eiwakai.or.jp" }, "geometry": { "type": "Point", "coordinates": [ 141.4502936, 43.0003551 ] } },
{ "type": "Feature", "properties": { "内容": "ショートカミーノ【短期入所生活介護】北海道札幌市清田区北野3条3丁目15-1", "url": "https://www.kaigokensaku.mhlw.go.jp/01/index.php?action_kouhyou_detail_004_kani=true&JigyosyoCd=0170516074-00&ServiceCd=210&Type=search", "url2": "https://www.ufo-group.jp/" }, "geometry": { "type": "Point", "coordinates": [ 141.436706685844428, 43.010025492398839 ] } },
{ "type": "Feature", "properties": { "内容": "ショートステイハートTOハート北浜【短期入所生活介護】北海道函館市北浜町5番12号", "url": "https://www.kaigokensaku.mhlw.go.jp/01/index.php?action_kouhyou_detail_004_kani=true&JigyosyoCd=0171402829-00&ServiceCd=210&Type=search", "url2": "http://caresv.to-ogasawara.co.jp/" }, "geometry": { "type": "Point", "coordinates": [ 140.727298300000029, 41.7974184 ] } },
{ "type": "Feature", "properties": { "内容": "ショートステイハートTOハート北浜【短期入所生活介護】北海道函館市北浜町5番12号", "url": "https://www.kaigokensaku.mhlw.go.jp/01/index.php?action_kouhyou_detail_004_kani=true&JigyosyoCd=0171404288-00&ServiceCd=210&Type=search", "url2": "https://to-caresv.jp/index.php?ss_ds" }, "geometry": { "type": "Point", "coordinates": [ 140.727878700000019, 41.7975434 ] } },
{ "type": "Feature", "properties": { "内容": "特別養護老人ホーム函館はくあい園【短期入所生活介護】函館市吉川町３番１６号", "url": "https://www.kaigokensaku.mhlw.go.jp/01/index.php?action_kouhyou_detail_004_kani=true&JigyosyoCd=0171400229-00&ServiceCd=210&Type=search", "url2": "http://www.h-shoujukai.com/" }, "geometry": { "type": "Point", "coordinates": [ 140.728512300000034, 41.7922939 ] } },
{ "type": "Feature", "properties": { "内容": "医療法人大庚会　短期入所施設こん【短期入所生活介護】北海道函館市時任町35番24号こんクリニック時任内", "url": "https://www.kaigokensaku.mhlw.go.jp/01/index.php?action_kouhyou_detail_004_kani=true&JigyosyoCd=0171403033-00&ServiceCd=210&Type=search", "url2": "http://www.kon-jp.com/" }, "geometry": { "type": "Point", "coordinates": [ 140.757338299999986, 41.7837539 ] } },
{ "type": "Feature", "properties": { "内容": "はこだてケアセンターそよ風【短期入所生活介護】函館市湯川町２丁目１４番２２号", "url": "https://www.kaigokensaku.mhlw.go.jp/01/index.php?action_kouhyou_detail_004_kani=true&JigyosyoCd=0171400823-00&ServiceCd=210&Type=search", "url2": "http://www.sykz.co.jp/" }, "geometry": { "type": "Point", "coordinates": [ 140.790195199999971, 41.7784026 ] } },
{ "type": "Feature", "properties": { "内容": "日吉ショートステイそよ風【短期入所生活介護】北海道函館市日吉町2丁目39-15", "url": "https://www.kaigokensaku.mhlw.go.jp/01/index.php?action_kouhyou_detail_004_kani=true&JigyosyoCd=0171403702-00&ServiceCd=210&Type=search", "url2": "http://corp.sykz.co.jp>company" }, "geometry": { "type": "Point", "coordinates": [ 140.7888309, 41.7963009 ] } },
{ "type": "Feature", "properties": { "内容": "ショートステイくうら【短期入所生活介護】函館市昭和4丁目33番10号", "url": "https://www.kaigokensaku.mhlw.go.jp/01/index.php?action_kouhyou_detail_004_kani=true&JigyosyoCd=0171403348-00&ServiceCd=210&Type=search", "url2": "http://www.cura.or.jp/shotosuticura.html" }, "geometry": { "type": "Point", "coordinates": [ 140.732929365220684, 41.818850807542837 ] } },
{ "type": "Feature", "properties": { "内容": "ショートステイアプタスくうら【短期入所生活介護】北海道函館市美原5丁目15番1号アプタスくうら", "url": "https://www.kaigokensaku.mhlw.go.jp/01/index.php?action_kouhyou_detail_004_kani=true&JigyosyoCd=0171403728-00&ServiceCd=210&Type=search", "url2": "http://www.cura.or.jp" }, "geometry": { "type": "Point", "coordinates": [ 140.74930930000005, 41.8224495 ] } },
{ "type": "Feature", "properties": { "内容": "ショートステイ白ゆり乃木【短期入所生活介護】北海道函館市乃木町4番52号", "url": "https://www.kaigokensaku.mhlw.go.jp/01/index.php?action_kouhyou_detail_004_kani=true&JigyosyoCd=0171404890-00&ServiceCd=210&Type=search", "url2": "http://www.shirayuri.gr.jp/about/" }, "geometry": { "type": "Point", "coordinates": [ 140.763735540475437, 41.781575567849885 ] } },
{ "type": "Feature", "properties": { "内容": "ライフプレステージ白ゆり美原【短期入所生活介護】北海道函館市美原2丁目50番２号", "url": "https://www.kaigokensaku.mhlw.go.jp/01/index.php?action_kouhyou_detail_004_kani=true&JigyosyoCd=0171404916-00&ServiceCd=210&Type=search", "url2": "http://www.shirayuri.gr.jp/" }, "geometry": { "type": "Point", "coordinates": [ 140.7594626, 41.8225064 ] } },
{ "type": "Feature", "properties": { "内容": "短期入所生活介護　桔梗みのりの里【短期入所生活介護】北海道函館市桔梗1丁目3番8号", "url": "https://www.kaigokensaku.mhlw.go.jp/01/index.php?action_kouhyou_detail_004_kani=true&JigyosyoCd=0171403603-00&ServiceCd=210&Type=search", "url2": "http://keiseikai-h.or.jp/minorihp/index.html" }, "geometry": { "type": "Point", "coordinates": [ 140.7310473, 41.8296873 ] } },
{ "type": "Feature", "properties": { "内容": "特別養護老人ホーム潮寿荘【短期入所生活介護】北海道函館市釜谷町６０５番地１", "url": "https://www.kaigokensaku.mhlw.go.jp/01/index.php?action_kouhyou_detail_004_kani=true&JigyosyoCd=0171500283-00&ServiceCd=210&Type=search", "url2": "http://www.hakotoi.com" }, "geometry": { "type": "Point", "coordinates": [ 140.938472499999989, 41.7367617 ] } },
{ "type": "Feature", "properties": { "内容": "短期入所生活介護　シンフォニー【短期入所生活介護】北海道函館市中野町７４－１", "url": "https://www.kaigokensaku.mhlw.go.jp/01/index.php?action_kouhyou_detail_004_kani=true&JigyosyoCd=0171400948-00&ServiceCd=210&Type=search", "url2": "https://www.behappy-symphony.com/" }, "geometry": { "type": "Point", "coordinates": [ 140.839165900000012, 41.7633536 ] } },
{ "type": "Feature", "properties": { "内容": "旭ヶ岡の家短期入所施設【短期入所生活介護】北海道函館市旭岡町78番地", "url": "https://www.kaigokensaku.mhlw.go.jp/01/index.php?action_kouhyou_detail_004_kani=true&JigyosyoCd=0171400294-00&ServiceCd=210&Type=search", "url2": "http://www.asahigaoka.jp/" }, "geometry": { "type": "Point", "coordinates": [ 140.843610901188669, 41.807231743942161 ] } },
{ "type": "Feature", "properties": { "内容": "短期入所生活介護事業所　おおぞら【短期入所生活介護】北海道函館市銅山町12番地", "url": "https://www.kaigokensaku.mhlw.go.jp/01/index.php?action_kouhyou_detail_004_kani=true&JigyosyoCd=0171401490-00&ServiceCd=210&Type=search", "url2": "http://oozora-tokuyou.com/" }, "geometry": { "type": "Point", "coordinates": [ 140.815014199999951, 41.7925278 ] } },
{ "type": "Feature", "properties": { "内容": "（介護予防）指定短期入所生活介護施設　函館共愛会愛泉寮【短期入所生活介護】北海道函館市中島町35番7号", "url": "https://www.kaigokensaku.mhlw.go.jp/01/index.php?action_kouhyou_detail_004_kani=true&JigyosyoCd=0171400203-00&ServiceCd=210&Type=search", "url2": "http://aisenryou-kyouai-kai.jp/" }, "geometry": { "type": "Point", "coordinates": [ 140.741402299999976, 41.786299500000034 ] } },
{ "type": "Feature", "properties": { "内容": "短期入所生活介護事業所　みなみかやべ荘【短期入所生活介護】函館市川汲町９８６番１３", "url": "https://www.kaigokensaku.mhlw.go.jp/01/index.php?action_kouhyou_detail_004_kani=true&JigyosyoCd=0171500291-00&ServiceCd=210&Type=search", "url2": null }, "geometry": { "type": "Point", "coordinates": [ 140.9854722, 41.9016092 ] } },
{ "type": "Feature", "properties": { "内容": "短期入所生活介護事業所幸成園【短期入所生活介護】函館市桔梗町４３５－２８", "url": "https://www.kaigokensaku.mhlw.go.jp/01/index.php?action_kouhyou_detail_004_kani=true&JigyosyoCd=0171400021-00&ServiceCd=210&Type=search", "url2": "http://www.kouseien.jp" }, "geometry": { "type": "Point", "coordinates": [ 140.742511700000023, 41.8465411 ] } },
{ "type": "Feature", "properties": { "内容": "短期入所生活介護事業所幸成園【短期入所生活介護】北海道函館市桔梗町435番地28", "url": "https://www.kaigokensaku.mhlw.go.jp/01/index.php?action_kouhyou_detail_004_kani=true&JigyosyoCd=0171403595-00&ServiceCd=210&Type=search", "url2": "http://www.kouseien.jp" }, "geometry": { "type": "Point", "coordinates": [ 140.742511700000023, 41.8465411 ] } },
{ "type": "Feature", "properties": { "内容": "短期入所生活介護事業所こうじゅ【短期入所生活介護】函館市亀田町７番１号", "url": "https://www.kaigokensaku.mhlw.go.jp/01/index.php?action_kouhyou_detail_004_kani=true&JigyosyoCd=0171400492-00&ServiceCd=210&Type=search", "url2": "http://www5.ncv.ne.jp/~cs-kouju/" }, "geometry": { "type": "Point", "coordinates": [ 140.7343062, 41.7922635 ] } },
{ "type": "Feature", "properties": { "内容": "短期入所生活介護事業所福寿荘さくら館【短期入所生活介護】函館市石川町１８９－１９", "url": "https://www.kaigokensaku.mhlw.go.jp/01/index.php?action_kouhyou_detail_004_kani=true&JigyosyoCd=0171400211-00&ServiceCd=210&Type=search", "url2": "http://www.jinaikai.net" }, "geometry": { "type": "Point", "coordinates": [ 140.741642599999977, 41.8363254 ] } },
{ "type": "Feature", "properties": { "内容": "短期入所施設「松濤」【短期入所生活介護】北海道函館市松風町１８番１５号", "url": "https://www.kaigokensaku.mhlw.go.jp/01/index.php?action_kouhyou_detail_004_kani=true&JigyosyoCd=0171401177-00&ServiceCd=210&Type=search", "url2": "https://www.hakodate-taikoukai.jp/" }, "geometry": { "type": "Point", "coordinates": [ 140.732071099999985, 41.773168 ] } },
{ "type": "Feature", "properties": { "内容": "短期入所施設　倶有【短期入所生活介護】北海道函館市松風町19番18号", "url": "https://www.kaigokensaku.mhlw.go.jp/01/index.php?action_kouhyou_detail_004_kani=true&JigyosyoCd=0171403744-00&ServiceCd=210&Type=search", "url2": "http://www.hakodate-taikoukai.jp/" }, "geometry": { "type": "Point", "coordinates": [ 140.731712799999968, 41.7735318 ] } },
{ "type": "Feature", "properties": { "内容": "ショートステイらいふ赤川【短期入所生活介護】函館市赤川１丁目２番５号", "url": "https://www.kaigokensaku.mhlw.go.jp/01/index.php?action_kouhyou_detail_004_kani=true&JigyosyoCd=0171402274-00&ServiceCd=210&Type=search", "url2": null }, "geometry": { "type": "Point", "coordinates": [ 140.760467, 41.8237775 ] } },
{ "type": "Feature", "properties": { "内容": "短期入所施設　のぞみ大門【短期入所生活介護】函館市東雲町15番16号高齢者介護施設　のぞみ大門", "url": "https://www.kaigokensaku.mhlw.go.jp/01/index.php?action_kouhyou_detail_004_kani=true&JigyosyoCd=0171402043-00&ServiceCd=210&Type=search", "url2": "http://udjat-nozomi.com" }, "geometry": { "type": "Point", "coordinates": [ 140.729143600000043, 41.770757 ] } },
{ "type": "Feature", "properties": { "内容": "恵楽園ショートステイ【短期入所生活介護】北海道函館市柏野町１１７番地", "url": "https://www.kaigokensaku.mhlw.go.jp/01/index.php?action_kouhyou_detail_004_kani=true&JigyosyoCd=0171500184-00&ServiceCd=210&Type=search", "url2": "http://www.esan-keiaikai.com/" }, "geometry": { "type": "Point", "coordinates": [ 141.154155700000047, 41.790963 ] } },
{ "type": "Feature", "properties": { "内容": "指定短期入所生活介護事業所永楽荘【短期入所生活介護】北海道函館市高丘町３番１号", "url": "https://www.kaigokensaku.mhlw.go.jp/01/index.php?action_kouhyou_detail_004_kani=true&JigyosyoCd=0171400401-00&ServiceCd=210&Type=search", "url2": "http://eiraku.koseiin.or.jp" }, "geometry": { "type": "Point", "coordinates": [ 140.800724299999956, 41.7884301 ] } },
{ "type": "Feature", "properties": { "内容": "短期入所生活介護事業所　百楽園【短期入所生活介護】北海道函館市高丘町3番1号", "url": "https://www.kaigokensaku.mhlw.go.jp/01/index.php?action_kouhyou_detail_004_kani=true&JigyosyoCd=0171400237-00&ServiceCd=210&Type=search", "url2": "http://www.koseiin.or.jp/" }, "geometry": { "type": "Point", "coordinates": [ 140.801335843655352, 41.787642141092043 ] } },
{ "type": "Feature", "properties": { "内容": "指定短期入所生活介護事業所ももハウス【短期入所生活介護】函館市赤川町390番地の2", "url": "https://www.kaigokensaku.mhlw.go.jp/01/index.php?action_kouhyou_detail_004_kani=true&JigyosyoCd=0171402522-00&ServiceCd=210&Type=search", "url2": "http://momo-house.koseiin.or.jp/" }, "geometry": { "type": "Point", "coordinates": [ 140.769568700000036, 41.8365763 ] } },
{ "type": "Feature", "properties": { "内容": "株式会社　カゼル　ショートステイつなぐ【短期入所生活介護】小樽市赤岩１丁目8番23号", "url": "https://www.kaigokensaku.mhlw.go.jp/01/index.php?action_kouhyou_detail_004_kani=true&JigyosyoCd=0172002123-00&ServiceCd=210&Type=search", "url2": null }, "geometry": { "type": "Point", "coordinates": [ 140.995506699999964, 43.2237527 ] } },
{ "type": "Feature", "properties": { "内容": "ショートステイ朝里中央【短期入所生活介護】北海道小樽市新光1丁目21番5号", "url": "https://www.kaigokensaku.mhlw.go.jp/01/index.php?action_kouhyou_detail_004_kani=true&JigyosyoCd=0172002180-00&ServiceCd=210&Type=search", "url2": "http://www.hkknet.or.jp/byouingaiyou.html" }, "geometry": { "type": "Point", "coordinates": [ 141.055060599999933, 43.173465299999989 ] } },
{ "type": "Feature", "properties": { "内容": "短期入所生活介護施設はる【短期入所生活介護】小樽市赤岩２丁目１８番２２号", "url": "https://www.kaigokensaku.mhlw.go.jp/01/index.php?action_kouhyou_detail_004_kani=true&JigyosyoCd=0172000051-00&ServiceCd=210&Type=search", "url2": "http://www.nomad-haru.com/" }, "geometry": { "type": "Point", "coordinates": [ 140.993756800000028, 43.2251025 ] } },
{ "type": "Feature", "properties": { "内容": "やすらぎ荘短期入所生活介護施設【短期入所生活介護】北海道小樽市オタモイ1丁目20番18号", "url": "https://www.kaigokensaku.mhlw.go.jp/01/index.php?action_kouhyou_detail_004_kani=true&JigyosyoCd=0172000044-00&ServiceCd=210&Type=search", "url2": "http://www.otaru-ikuseiin.com/" }, "geometry": { "type": "Point", "coordinates": [ 140.958901500000024, 43.2196109 ] } },
{ "type": "Feature", "properties": { "内容": "ショートステイ朝里温泉【短期入所生活介護】小樽市朝里川温泉２丁目６９２番地１０９", "url": "https://www.kaigokensaku.mhlw.go.jp/01/index.php?action_kouhyou_detail_004_kani=true&JigyosyoCd=0172000234-00&ServiceCd=210&Type=search", "url2": "https://www.otaru-hokubenkai.or.jp/" }, "geometry": { "type": "Point", "coordinates": [ 141.041898599999968, 43.1494843 ] } },
{ "type": "Feature", "properties": { "内容": "あさひ園ユニット型ショートステイ事業所【短期入所生活介護】北海道旭川市緑が丘東1条2丁目1番21号", "url": "https://www.kaigokensaku.mhlw.go.jp/01/index.php?action_kouhyou_detail_004_kani=true&JigyosyoCd=0172904609-00&ServiceCd=210&Type=search", "url2": "http://www.asahisanwa.org/" }, "geometry": { "type": "Point", "coordinates": [ 142.389432400000032, 43.7288581 ] } },
{ "type": "Feature", "properties": { "内容": "短期入所生活介護事業所旭川のなかの里（空床型）【短期入所生活介護】北海道旭川市神居９条３丁目１－２４", "url": "https://www.kaigokensaku.mhlw.go.jp/01/index.php?action_kouhyou_detail_004_kani=true&JigyosyoCd=0172908691-00&ServiceCd=210&Type=search", "url2": "http://www.koizumi-hukushikai.or.jp" }, "geometry": { "type": "Point", "coordinates": [ 142.321874400000013, 43.7643876 ] } },
{ "type": "Feature", "properties": { "内容": "短期入所生活介護事業所愛善園【短期入所生活介護】北海道旭川市春光台４条１１丁目５２４９番地の１０", "url": "https://www.kaigokensaku.mhlw.go.jp/01/index.php?action_kouhyou_detail_004_kani=true&JigyosyoCd=0172900052-00&ServiceCd=210&Type=search", "url2": "http://aizenkai-swc.jp" }, "geometry": { "type": "Point", "coordinates": [ 142.371558599999958, 43.831071 ] } },
{ "type": "Feature", "properties": { "内容": "短期入所者生活介護　たいせつの郷【短期入所生活介護】北海道旭川市東鷹栖２線１８号１０４５番地", "url": "https://www.kaigokensaku.mhlw.go.jp/01/index.php?action_kouhyou_detail_004_kani=true&JigyosyoCd=0172900771-00&ServiceCd=210&Type=search", "url2": "http://www.taisetsu-sato.jp" }, "geometry": { "type": "Point", "coordinates": [ 142.444495400000051, 43.8480221 ] } },
{ "type": "Feature", "properties": { "内容": "短期入所生活介護事業所共生園【短期入所生活介護】北海道旭川市東旭川町共栄１２３番地", "url": "https://www.kaigokensaku.mhlw.go.jp/01/index.php?action_kouhyou_detail_004_kani=true&JigyosyoCd=0172901126-00&ServiceCd=210&Type=search", "url2": "http://www.a-kyouseikai.jp/" }, "geometry": { "type": "Point", "coordinates": [ 142.428566, 43.7432305 ] } },
{ "type": "Feature", "properties": { "内容": "あさひ園ショートステイ事業所【短期入所生活介護】北海道旭川市緑が丘東１条２丁目１番２１号", "url": "https://www.kaigokensaku.mhlw.go.jp/01/index.php?action_kouhyou_detail_004_kani=true&JigyosyoCd=0172900045-00&ServiceCd=210&Type=search", "url2": "http://www.asahisanwa.org/" }, "geometry": { "type": "Point", "coordinates": [ 142.389432400000032, 43.7288581 ] } },
{ "type": "Feature", "properties": { "内容": "短期入所生活介護事業所旭川のなか園【短期入所生活介護】北海道旭川市神居9条3丁目1番地24", "url": "https://www.kaigokensaku.mhlw.go.jp/01/index.php?action_kouhyou_detail_004_kani=true&JigyosyoCd=0172900193-00&ServiceCd=210&Type=search", "url2": "http://www.koizumi-hukushikai.or.jp/" }, "geometry": { "type": "Point", "coordinates": [ 142.3217985, 43.7644653 ] } },
{ "type": "Feature", "properties": { "内容": "サンライズ短期入所生活介護【短期入所生活介護】旭川市永山町１０丁目263番地１", "url": "https://www.kaigokensaku.mhlw.go.jp/01/index.php?action_kouhyou_detail_004_kani=true&JigyosyoCd=0172901878-00&ServiceCd=210&Type=search", "url2": "http://asahikawa-suishikai.jp/" }, "geometry": { "type": "Point", "coordinates": [ 142.4457036, 43.8020934 ] } },
{ "type": "Feature", "properties": { "内容": "特別養護老人ホーム誠徳園【短期入所生活介護】旭川市末広８条６丁目５３０７番地", "url": "https://www.kaigokensaku.mhlw.go.jp/01/index.php?action_kouhyou_detail_004_kani=true&JigyosyoCd=0172900078-00&ServiceCd=210&Type=search", "url2": "http://www.a-fukushi.or.jp/" }, "geometry": { "type": "Point", "coordinates": [ 142.373348399999941, 43.8196834 ] } },
{ "type": "Feature", "properties": { "内容": "ショートステイ緑苑【短期入所生活介護】旭川市東旭川町上兵村229番地の8", "url": "https://www.kaigokensaku.mhlw.go.jp/01/index.php?action_kouhyou_detail_004_kani=true&JigyosyoCd=0172900474-00&ServiceCd=210&Type=search", "url2": "http://www.ryokkokai.com/" }, "geometry": { "type": "Point", "coordinates": [ 142.451209400000039, 43.7756579 ] } },
{ "type": "Feature", "properties": { "内容": "特別養護老人ホーム　養生の杜カムイ【短期入所生活介護】北海道旭川市永山町５丁目１３６番地の１", "url": "https://www.kaigokensaku.mhlw.go.jp/01/index.php?action_kouhyou_detail_004_kani=true&JigyosyoCd=0172900201-00&ServiceCd=210&Type=search", "url2": "http://www.keiyukai-group.com/kamui/" }, "geometry": { "type": "Point", "coordinates": [ 142.432152500000029, 43.78626160000001 ] } },
{ "type": "Feature", "properties": { "内容": "敬生園短期入所生活介護事業所【短期入所生活介護】旭川市末広8条6丁目5305番地", "url": "https://www.kaigokensaku.mhlw.go.jp/01/index.php?action_kouhyou_detail_004_kani=true&JigyosyoCd=0172900185-00&ServiceCd=210&Type=search", "url2": "http://www.keiseikai.ne.jp/" }, "geometry": { "type": "Point", "coordinates": [ 142.372720466270493, 43.821378670438079 ] } },
{ "type": "Feature", "properties": { "内容": "ショートステイ永山園【短期入所生活介護】旭川市永山町15丁目116-4", "url": "https://www.kaigokensaku.mhlw.go.jp/01/index.php?action_kouhyou_detail_004_kani=true&JigyosyoCd=0172901027-00&ServiceCd=210&Type=search", "url2": "http://www.youranfukushikai.jp/nagayama/" }, "geometry": { "type": "Point", "coordinates": [ 142.462572416918874, 43.821661885586977 ] } },
{ "type": "Feature", "properties": { "内容": "旭川ケアセンターそよ風【短期入所生活介護】北海道旭川市3条西5丁目1番18号旭川ケアセンターそよ風", "url": "https://www.kaigokensaku.mhlw.go.jp/01/index.php?action_kouhyou_detail_004_kani=true&JigyosyoCd=0172908121-00&ServiceCd=210&Type=search", "url2": "https://www.unimat-rc.co.jp/" }, "geometry": { "type": "Point", "coordinates": [ 142.3430777, 43.77253 ] } },
{ "type": "Feature", "properties": { "内容": "ショートステイ希望のつぼみ南通り【短期入所生活介護】旭川市南1条通21丁目1974番地305", "url": "https://www.kaigokensaku.mhlw.go.jp/01/index.php?action_kouhyou_detail_004_kani=true&JigyosyoCd=0172903916-00&ServiceCd=210&Type=search", "url2": "http://www.kibounotsubomi.com/" }, "geometry": { "type": "Point", "coordinates": [ 142.3784819, 43.7577929 ] } },
{ "type": "Feature", "properties": { "内容": "短期入所生活介護事業所末広たいせつの郷【短期入所生活介護】北海道旭川市末広東1条13丁目2番地34号", "url": "https://www.kaigokensaku.mhlw.go.jp/01/index.php?action_kouhyou_detail_004_kani=true&JigyosyoCd=0172904393-00&ServiceCd=210&Type=search", "url2": "http://www.taisetsu-sato.jp/" }, "geometry": { "type": "Point", "coordinates": [ 142.405387641802946, 43.814302839193104 ] } },
{ "type": "Feature", "properties": { "内容": "短期入所生活介護事業所旭川ねむのきの華【短期入所生活介護】北海道旭川市忠和4条2丁目10番23号", "url": "https://www.kaigokensaku.mhlw.go.jp/01/index.php?action_kouhyou_detail_004_kani=true&JigyosyoCd=0172907198-00&ServiceCd=210&Type=search", "url2": "http://nemunokikai.hjk.ne.jp/" }, "geometry": { "type": "Point", "coordinates": [ 142.311216012966952, 43.781581328422568 ] } },
{ "type": "Feature", "properties": { "内容": "短期入所生活介護事業所共生園Ⅲ【短期入所生活介護】北海道旭川市東旭川町共栄123番地", "url": "https://www.kaigokensaku.mhlw.go.jp/01/index.php?action_kouhyou_detail_004_kani=true&JigyosyoCd=0172905887-00&ServiceCd=210&Type=search", "url2": "http://www.a-kyouseikai.jp/" }, "geometry": { "type": "Point", "coordinates": [ 142.428591, 43.743225 ] } },
{ "type": "Feature", "properties": { "内容": "ショートステイ楽生園【短期入所生活介護】北海道旭川市1条通12丁目177番2", "url": "https://www.kaigokensaku.mhlw.go.jp/01/index.php?action_kouhyou_detail_004_kani=true&JigyosyoCd=0172904567-00&ServiceCd=210&Type=search", "url2": "https://rakuseikai.org/" }, "geometry": { "type": "Point", "coordinates": [ 142.3653359, 43.763453 ] } },
{ "type": "Feature", "properties": { "内容": "ショートステイ仁慈苑【短期入所生活介護】北海道旭川市神楽3条12丁目1番8号", "url": "https://www.kaigokensaku.mhlw.go.jp/01/index.php?action_kouhyou_detail_004_kani=true&JigyosyoCd=0172906125-00&ServiceCd=210&Type=search", "url2": "http://www.keiyukai-group.com/jinshien/" }, "geometry": { "type": "Point", "coordinates": [ 142.3587814, 43.7530707 ] } },
{ "type": "Feature", "properties": { "内容": "（介護予防）短期入所生活介護事業所　ヴィラ･プラタナス【短期入所生活介護】北海道旭川市大町1条18丁目134番6", "url": "https://www.kaigokensaku.mhlw.go.jp/01/index.php?action_kouhyou_detail_004_kani=true&JigyosyoCd=0172905945-00&ServiceCd=210&Type=search", "url2": "https://www.jukoukai.net/" }, "geometry": { "type": "Point", "coordinates": [ 142.342200199999979, 43.7982814 ] } },
{ "type": "Feature", "properties": { "内容": "（介護予防）短期入所生活介護事業所エテルナ【短期入所生活介護】北海道旭川市近文町13丁目2916番地２", "url": "https://www.kaigokensaku.mhlw.go.jp/01/index.php?action_kouhyou_detail_004_kani=true&JigyosyoCd=0172908048-00&ServiceCd=210&Type=search", "url2": "http://www.jukoukai.net/" }, "geometry": { "type": "Point", "coordinates": [ 142.333443620098876, 43.78407423868267 ] } },
{ "type": "Feature", "properties": { "内容": "新富宏生苑ショートステイ【短期入所生活介護】旭川市新富3条1丁目506番13", "url": "https://www.kaigokensaku.mhlw.go.jp/01/index.php?action_kouhyou_detail_004_kani=true&JigyosyoCd=0172904674-00&ServiceCd=210&Type=search", "url2": "http://www.h-kouseikai.jp" }, "geometry": { "type": "Point", "coordinates": [ 142.3880686, 43.7856043 ] } },
{ "type": "Feature", "properties": { "内容": "特別養護老人ホーム宏生苑【短期入所生活介護】旭川市東旭川町上兵村５５６番地４", "url": "https://www.kaigokensaku.mhlw.go.jp/01/index.php?action_kouhyou_detail_004_kani=true&JigyosyoCd=0172903445-00&ServiceCd=210&Type=search", "url2": "http://www.h-kouseikai.jp" }, "geometry": { "type": "Point", "coordinates": [ 142.446496199999956, 43.7676198 ] } },
{ "type": "Feature", "properties": { "内容": "旭川永山ケアセンターそよ風【短期入所生活介護】北海道旭川市永山7条1丁目3-3", "url": "https://www.kaigokensaku.mhlw.go.jp/01/index.php?action_kouhyou_detail_004_kani=true&JigyosyoCd=0172908337-00&ServiceCd=210&Type=search", "url2": null }, "geometry": { "type": "Point", "coordinates": [ 142.4015187, 43.782275621632429 ] } },
{ "type": "Feature", "properties": { "内容": "さわやか室蘭館【短期入所生活介護】北海道室蘭市幸町9番8号", "url": "https://www.kaigokensaku.mhlw.go.jp/01/index.php?action_kouhyou_detail_004_kani=true&JigyosyoCd=0173501933-00&ServiceCd=210&Type=search", "url2": "http://sawayakaclub.jp" }, "geometry": { "type": "Point", "coordinates": [ 140.969123099999962, 42.3156111 ] } },
{ "type": "Feature", "properties": { "内容": "特別養護老人ホームみたらの杜【短期入所生活介護】北海道室蘭市絵鞆町２丁目２２番地１", "url": "https://www.kaigokensaku.mhlw.go.jp/01/index.php?action_kouhyou_detail_004_kani=true&JigyosyoCd=0173501263-00&ServiceCd=210&Type=search", "url2": "http://www.koseikai-wel.or.jp" }, "geometry": { "type": "Point", "coordinates": [ 140.93517810000003, 42.3344936 ] } },
{ "type": "Feature", "properties": { "内容": "エンルムハイツ　指定短期入所生活介護事業所【短期入所生活介護】室蘭市祝津町３丁目１６番３２号", "url": "https://www.kaigokensaku.mhlw.go.jp/01/index.php?action_kouhyou_detail_004_kani=true&JigyosyoCd=0173500059-00&ServiceCd=210&Type=search", "url2": "http://muroran-fukushi.com/" }, "geometry": { "type": "Point", "coordinates": [ 140.943394600000033, 42.3334853 ] } },
{ "type": "Feature", "properties": { "内容": "白鳥ハイツ指定短期入所生活介護事業所【短期入所生活介護】北海道室蘭市白鳥台４丁目８番１号", "url": "https://www.kaigokensaku.mhlw.go.jp/01/index.php?action_kouhyou_detail_004_kani=true&JigyosyoCd=0173500067-00&ServiceCd=210&Type=search", "url2": "http://muroran-fukushi.com/" }, "geometry": { "type": "Point", "coordinates": [ 140.947150500000021, 42.3829365 ] } },
{ "type": "Feature", "properties": { "内容": "在宅サービス釧路鶴ヶ岱啓生園　老人短期入所施設【短期入所生活介護】北海道釧路市鶴ヶ岱２丁目２番５号", "url": "https://www.kaigokensaku.mhlw.go.jp/01/index.php?action_kouhyou_detail_004_kani=true&JigyosyoCd=0174100099-00&ServiceCd=210&Type=search", "url2": "http://www.k-keisei.or.jp" }, "geometry": { "type": "Point", "coordinates": [ 144.401856400000042, 42.9772672 ] } },
{ "type": "Feature", "properties": { "内容": "社会福祉法人釧路啓生会　釧路昭和啓生園【短期入所生活介護】北海道釧路市昭和南５丁目２３番１号", "url": "https://www.kaigokensaku.mhlw.go.jp/01/index.php?action_kouhyou_detail_004_kani=true&JigyosyoCd=0174100107-00&ServiceCd=210&Type=search", "url2": "http://www.k-keisei.or.jp/" }, "geometry": { "type": "Point", "coordinates": [ 144.351890499999968, 43.0220553 ] } },
{ "type": "Feature", "properties": { "内容": "在宅サービス釧路北園啓生園老人短期入所施設【短期入所生活介護】釧路市北園１丁目１番２７号", "url": "https://www.kaigokensaku.mhlw.go.jp/01/index.php?action_kouhyou_detail_004_kani=true&JigyosyoCd=0174100750-00&ServiceCd=210&Type=search", "url2": "http://www.k-keisei.or.jp" }, "geometry": { "type": "Point", "coordinates": [ 144.341138699999988, 43.0223826 ] } },
{ "type": "Feature", "properties": { "内容": "短期入所生活介護　はるとりの里【短期入所生活介護】釧路市春採７丁目９番７号", "url": "https://www.kaigokensaku.mhlw.go.jp/01/index.php?action_kouhyou_detail_004_kani=true&JigyosyoCd=0174100131-00&ServiceCd=210&Type=search", "url2": "http://www.kushiro-souseikai.com" }, "geometry": { "type": "Point", "coordinates": [ 144.418779299999983, 42.9781292 ] } },
{ "type": "Feature", "properties": { "内容": "特別養護老人ホームさくらの里【短期入所生活介護】北海道釧路市桜ヶ岡４丁目１４番１０号", "url": "https://www.kaigokensaku.mhlw.go.jp/01/index.php?action_kouhyou_detail_004_kani=true&JigyosyoCd=0174101261-00&ServiceCd=210&Type=search", "url2": "http://www.kushiro-souseikai.com" }, "geometry": { "type": "Point", "coordinates": [ 144.425018, 42.9639144 ] } },
{ "type": "Feature", "properties": { "内容": "特別養護老人ホームきんれんかの里【短期入所生活介護】北海道釧路市愛国191番5711", "url": "https://www.kaigokensaku.mhlw.go.jp/01/index.php?action_kouhyou_detail_004_kani=true&JigyosyoCd=0174101758-00&ServiceCd=210&Type=search", "url2": "http://www.k-yuwakai.or.jp" }, "geometry": { "type": "Point", "coordinates": [ 144.397311379098511, 43.027558553062285 ] } },
{ "type": "Feature", "properties": { "内容": "地域密着型特別養護老人ホーム　湿原の里【短期入所生活介護】北海道釧路市愛国191番5746", "url": "https://www.kaigokensaku.mhlw.go.jp/01/index.php?action_kouhyou_detail_004_kani=true&JigyosyoCd=0174142067-00&ServiceCd=210&Type=search", "url2": "http://www.k-yuwakai.or.jp" }, "geometry": { "type": "Point", "coordinates": [ 144.400793580070513, 43.027716404053081 ] } },
{ "type": "Feature", "properties": { "内容": "特別養護老人ホームぬさまい【短期入所生活介護】北海道釧路市幣舞町4番7号", "url": "https://www.kaigokensaku.mhlw.go.jp/01/index.php?action_kouhyou_detail_004_kani=true&JigyosyoCd=0174142455-00&ServiceCd=210&Type=search", "url2": "https://www.shafuku-fukyukai.or.jp/" }, "geometry": { "type": "Point", "coordinates": [ 144.3859248, 42.9793022 ] } },
{ "type": "Feature", "properties": { "内容": "特別養護老人ホーム百花苑【短期入所生活介護】釧路市昭和190番地4521", "url": "https://www.kaigokensaku.mhlw.go.jp/01/index.php?action_kouhyou_detail_004_kani=true&JigyosyoCd=0174100529-00&ServiceCd=210&Type=search", "url2": "http://www.hjg.jp" }, "geometry": { "type": "Point", "coordinates": [ 144.35434, 43.0327514 ] } },
{ "type": "Feature", "properties": { "内容": "特別養護老人ホームえぞりんどうの里【短期入所生活介護】北海道釧路市音別町中園２丁目１１８番５", "url": "https://www.kaigokensaku.mhlw.go.jp/01/index.php?action_kouhyou_detail_004_kani=true&JigyosyoCd=0174300608-00&ServiceCd=210&Type=search", "url2": "http://www.k-yuwakai.or.jp/ezorindo.html" }, "geometry": { "type": "Point", "coordinates": [ 143.9287, 42.8936133 ] } },
{ "type": "Feature", "properties": { "内容": "特別養護老人ホーム　鶴の園【短期入所生活介護】北海道釧路市阿寒町富士見２丁目５番１０号", "url": "https://www.kaigokensaku.mhlw.go.jp/01/index.php?action_kouhyou_detail_004_kani=true&JigyosyoCd=0174300160-00&ServiceCd=210&Type=search", "url2": "https://www.shafuku-fukyukai.or.jp/" }, "geometry": { "type": "Point", "coordinates": [ 144.119834057330308, 43.107148139737454 ] } },
{ "type": "Feature", "properties": { "内容": "特別養護老人ホーム　武佐の里【短期入所生活介護】北海道釧路市武佐４丁目28番10号", "url": "https://www.kaigokensaku.mhlw.go.jp/01/index.php?action_kouhyou_detail_004_kani=true&JigyosyoCd=0174142695-00&ServiceCd=210&Type=search", "url2": "http://musanosato.jp" }, "geometry": { "type": "Point", "coordinates": [ 144.4314755, 42.9862331 ] } },
{ "type": "Feature", "properties": { "内容": "ショートステイ杜のそら【短期入所生活介護】北海道帯広市大空町３丁目１５番地２", "url": "https://www.kaigokensaku.mhlw.go.jp/01/index.php?action_kouhyou_detail_004_kani=true&JigyosyoCd=0174602334-00&ServiceCd=210&Type=search", "url2": "http://taiyo-fukushi.com/about/" }, "geometry": { "type": "Point", "coordinates": [ 143.151511792590298, 42.87656948994249 ] } },
{ "type": "Feature", "properties": { "内容": "ショートステイ　にれの木（ユニット型）【短期入所生活介護】北海道帯広市西22条南1丁目11番地13", "url": "https://www.kaigokensaku.mhlw.go.jp/01/index.php?action_kouhyou_detail_004_kani=true&JigyosyoCd=0174601724-00&ServiceCd=210&Type=search", "url2": "http://toukeikai.or.jp/nirenoki.html" }, "geometry": { "type": "Point", "coordinates": [ 143.133228, 42.922319 ] } },
{ "type": "Feature", "properties": { "内容": "地域密着型介護老人福祉施設　コムニの里　おびひろ【短期入所生活介護】帯広市東9条南13丁目2-4", "url": "https://www.kaigokensaku.mhlw.go.jp/01/index.php?action_kouhyou_detail_004_kani=true&JigyosyoCd=0174601534-00&ServiceCd=210&Type=search", "url2": "http://www.hakuaikai.org" }, "geometry": { "type": "Point", "coordinates": [ 143.221425700000026, 42.9184789 ] } },
{ "type": "Feature", "properties": { "内容": "特別養護老人ホーム帯広けいせい苑【短期入所生活介護】北海道帯広市川西町西１線４７番地３", "url": "https://www.kaigokensaku.mhlw.go.jp/01/index.php?action_kouhyou_detail_004_kani=true&JigyosyoCd=0174600098-00&ServiceCd=210&Type=search", "url2": "http://www.keisei-kai.jp/" }, "geometry": { "type": "Point", "coordinates": [ 143.177969399999938, 42.8550808 ] } },
{ "type": "Feature", "properties": { "内容": "地域密着型介護老人福祉施設アルペジオ【短期入所生活介護】北海道帯広市自由が丘5丁目16番地9", "url": "https://www.kaigokensaku.mhlw.go.jp/01/index.php?action_kouhyou_detail_004_kani=true&JigyosyoCd=0174601690-00&ServiceCd=210&Type=search", "url2": "http://koujyukai.org/" }, "geometry": { "type": "Point", "coordinates": [ 143.15401559999998, 42.8994359 ] } },
{ "type": "Feature", "properties": { "内容": "特別養護老人ホーム帯広けいせい苑短期入所生活介護事業所（ユニット型）【短期入所生活介護】北海道帯広市川西町西1線47番地3", "url": "https://www.kaigokensaku.mhlw.go.jp/01/index.php?action_kouhyou_detail_004_kani=true&JigyosyoCd=0174602045-00&ServiceCd=210&Type=search", "url2": "http://www.keisei-kai.jp/" }, "geometry": { "type": "Point", "coordinates": [ 143.177969399999938, 42.8550808 ] } },
{ "type": "Feature", "properties": { "内容": "地域密着型介護老人福祉施設りんどう【短期入所生活介護】北海道帯広市西16条北1丁目27番地144", "url": "https://www.kaigokensaku.mhlw.go.jp/01/index.php?action_kouhyou_detail_004_kani=true&JigyosyoCd=0174602425-00&ServiceCd=210&Type=search", "url2": "http//toukeikai.or.jp" }, "geometry": { "type": "Point", "coordinates": [ 139.575155, 35.9559028 ] } },
{ "type": "Feature", "properties": { "内容": "帯広けいせい苑　短期入所生活介護事業所　いなほ【短期入所生活介護】帯広市西5条南37丁目1-7", "url": "https://www.kaigokensaku.mhlw.go.jp/01/index.php?action_kouhyou_detail_004_kani=true&JigyosyoCd=0174602409-00&ServiceCd=210&Type=search", "url2": "http://www.keisei-kai.jp" }, "geometry": { "type": "Point", "coordinates": [ 143.202230285420711, 42.888318465451277 ] } },
{ "type": "Feature", "properties": { "内容": "地域密着型介護老人福祉施設　奏～かなで～【短期入所生活介護】北海道帯広市東3条南27丁目4番地", "url": "https://www.kaigokensaku.mhlw.go.jp/01/index.php?action_kouhyou_detail_004_kani=true&JigyosyoCd=0174602490-00&ServiceCd=210&Type=search", "url2": "http://www.genkinosatotokachi.jp/" }, "geometry": { "type": "Point", "coordinates": [ 143.2132302, 42.9017998 ] } },
{ "type": "Feature", "properties": { "内容": "短期入所生活介護　帯広慈恩の里【短期入所生活介護】北海道帯広市空港南町３０３番地１", "url": "https://www.kaigokensaku.mhlw.go.jp/01/index.php?action_kouhyou_detail_004_kani=true&JigyosyoCd=0174601088-00&ServiceCd=210&Type=search", "url2": "http://www.shinsyukyoukai.jp/" }, "geometry": { "type": "Point", "coordinates": [ 143.162755699999906, 42.8765306 ] } },
{ "type": "Feature", "properties": { "内容": "指定短期入所生活介護　地域密着型介護老人福祉施設　光輪【短期入所生活介護】帯広市西5条南30丁目10番地", "url": "https://www.kaigokensaku.mhlw.go.jp/01/index.php?action_kouhyou_detail_004_kani=true&JigyosyoCd=0174601526-00&ServiceCd=210&Type=search", "url2": "http://www.kourin.shinsyukyoukai.jp/" }, "geometry": { "type": "Point", "coordinates": [ 143.201600900000017, 42.8973441 ] } },
{ "type": "Feature", "properties": { "内容": "特別養護老人ホーム　帯広至心寮【短期入所生活介護】北海道帯広市西5条南30丁目14番地", "url": "https://www.kaigokensaku.mhlw.go.jp/01/index.php?action_kouhyou_detail_004_kani=true&JigyosyoCd=0174601740-00&ServiceCd=210&Type=search", "url2": "http://www.shinsyukyoukai.jp" }, "geometry": { "type": "Point", "coordinates": [ 143.201109299999985, 42.8969441 ] } },
{ "type": "Feature", "properties": { "内容": "ショートステイ太陽園【短期入所生活介護】帯広市大正町西１線９６－１", "url": "https://www.kaigokensaku.mhlw.go.jp/01/index.php?action_kouhyou_detail_004_kani=true&JigyosyoCd=0174600106-00&ServiceCd=210&Type=search", "url2": null }, "geometry": { "type": "Point", "coordinates": [ 143.157440400000041, 42.7986643 ] } },
{ "type": "Feature", "properties": { "内容": "ショートステイ太陽園【短期入所生活介護】帯広市大正町西１線９６－１", "url": "https://www.kaigokensaku.mhlw.go.jp/01/index.php?action_kouhyou_detail_004_kani=true&JigyosyoCd=0174601765-00&ServiceCd=210&Type=search", "url2": "http://taiyo-fukushi.com/" }, "geometry": { "type": "Point", "coordinates": [ 143.157440400000041, 42.7986643 ] } },
{ "type": "Feature", "properties": { "内容": "ショートステイ　にれの木（従来型）【短期入所生活介護】北海道帯広市西２２条南１丁目１１番地１３", "url": "https://www.kaigokensaku.mhlw.go.jp/01/index.php?action_kouhyou_detail_004_kani=true&JigyosyoCd=0174601716-00&ServiceCd=210&Type=search", "url2": "http://toukeikai.or.jp/nirenoki.html" }, "geometry": { "type": "Point", "coordinates": [ 143.133228, 42.922319 ] } },
{ "type": "Feature", "properties": { "内容": "ショートステイななかまど（従来型）【短期入所生活介護】北海道帯広市西16条北1丁目27番地50", "url": "https://www.kaigokensaku.mhlw.go.jp/01/index.php?action_kouhyou_detail_004_kani=true&JigyosyoCd=0174602011-00&ServiceCd=210&Type=search", "url2": "http://toukeikai.or.jp/" }, "geometry": { "type": "Point", "coordinates": [ 143.175927, 42.9322162 ] } },
{ "type": "Feature", "properties": { "内容": "ショートステイななかまど（ユニット）【短期入所生活介護】北海道帯広市西16条北1丁目27番地50", "url": "https://www.kaigokensaku.mhlw.go.jp/01/index.php?action_kouhyou_detail_004_kani=true&JigyosyoCd=0174602029-00&ServiceCd=210&Type=search", "url2": "http://toukeikai.or.jp/" }, "geometry": { "type": "Point", "coordinates": [ 143.175927, 42.9322162 ] } },
{ "type": "Feature", "properties": { "内容": "ショートステイりんどう　（従来型）【短期入所生活介護】北海道帯広市西１６条北１丁目２７番地１４４", "url": "https://www.kaigokensaku.mhlw.go.jp/01/index.php?action_kouhyou_detail_004_kani=true&JigyosyoCd=0174602417-00&ServiceCd=210&Type=search", "url2": "http://toukeikai.or.jp" }, "geometry": { "type": "Point", "coordinates": [ 143.175463199999967, 42.9313691 ] } },
{ "type": "Feature", "properties": { "内容": "地域密着型介護老人福祉施設　コムニの里みどりヶ丘【短期入所生活介護】北海道帯広市緑ヶ丘8丁目1番地32", "url": "https://www.kaigokensaku.mhlw.go.jp/01/index.php?action_kouhyou_detail_004_kani=true&JigyosyoCd=0174602185-00&ServiceCd=210&Type=search", "url2": "http://www.hakuaikai.org" }, "geometry": { "type": "Point", "coordinates": [ 143.182388400000036, 42.9042784 ] } },
{ "type": "Feature", "properties": { "内容": "特別養護老人ホーム愛仁園　短期入所生活介護施設【短期入所生活介護】北海道帯広市西17条南28丁目1番地1", "url": "https://www.kaigokensaku.mhlw.go.jp/01/index.php?action_kouhyou_detail_004_kani=true&JigyosyoCd=0174600072-00&ServiceCd=210&Type=search", "url2": "http://www.fujikai.or.jp" }, "geometry": { "type": "Point", "coordinates": [ 143.178258599999907, 42.89777620000001 ] } },
{ "type": "Feature", "properties": { "内容": "養護老人ホーム普仁園　短期入所生活介護施設【短期入所生活介護】北海道帯広市西１７条南２８丁目１番地１", "url": "https://www.kaigokensaku.mhlw.go.jp/01/index.php?action_kouhyou_detail_004_kani=true&JigyosyoCd=0174600114-00&ServiceCd=210&Type=search", "url2": "http://www.fujikai.or.jp" }, "geometry": { "type": "Point", "coordinates": [ 143.168069599999967, 42.9030091 ] } },
{ "type": "Feature", "properties": { "内容": "特別養護老人ホームくつろぎユニット　短期入所生活介護【短期入所生活介護】北海道北見市とん田東町381番地16", "url": "https://www.kaigokensaku.mhlw.go.jp/01/index.php?action_kouhyou_detail_004_kani=true&JigyosyoCd=0175012640-00&ServiceCd=210&Type=search", "url2": "http://jikei-kutsurogi.org" }, "geometry": { "type": "Point", "coordinates": [ 143.878106699999989, 43.7987548 ] } },
{ "type": "Feature", "properties": { "内容": "短期入所施設光の苑【短期入所生活介護】北海道北見市東陵町116番1", "url": "https://www.kaigokensaku.mhlw.go.jp/01/index.php?action_kouhyou_detail_004_kani=true&JigyosyoCd=0175012616-00&ServiceCd=210&Type=search", "url2": "http://shiaikai.jp" }, "geometry": { "type": "Point", "coordinates": [ 143.8990234, 43.8263278 ] } },
{ "type": "Feature", "properties": { "内容": "特別養護老人ホームこもれびの里短期入所生活介護事業所【短期入所生活介護】北海道北見市北光280番地7", "url": "https://www.kaigokensaku.mhlw.go.jp/01/index.php?action_kouhyou_detail_004_kani=true&JigyosyoCd=0175000215-00&ServiceCd=210&Type=search", "url2": "https://www.kitano-aikoukai.com" }, "geometry": { "type": "Point", "coordinates": [ 143.86776, 43.7795112 ] } },
{ "type": "Feature", "properties": { "内容": "特別養護老人ホーム北寿園短期入所生活介護事業所【短期入所生活介護】北見市川東３５４番地7", "url": "https://www.kaigokensaku.mhlw.go.jp/01/index.php?action_kouhyou_detail_004_kani=true&JigyosyoCd=0175000116-00&ServiceCd=210&Type=search", "url2": "https://www.k-megumikai.or.jp/newpage1.html" }, "geometry": { "type": "Point", "coordinates": [ 143.917421500000046, 43.7976633 ] } },
{ "type": "Feature", "properties": { "内容": "老人短期入所事業あいせいの杜【短期入所生活介護】北海道北見市相内町97－1", "url": "https://www.kaigokensaku.mhlw.go.jp/01/index.php?action_kouhyou_detail_004_kani=true&JigyosyoCd=0175000942-00&ServiceCd=210&Type=search", "url2": "http://www.aiseinomori.com/" }, "geometry": { "type": "Point", "coordinates": [ 143.755740400000036, 43.8003785 ] } },
{ "type": "Feature", "properties": { "内容": "ショート入所フルーツ【短期入所生活介護】北海道北見市北進町7丁目6番11号フルーツ", "url": "https://www.kaigokensaku.mhlw.go.jp/01/index.php?action_kouhyou_detail_004_kani=true&JigyosyoCd=0175012798-00&ServiceCd=210&Type=search", "url2": "http://www.keiwafukushi.jp/" }, "geometry": { "type": "Point", "coordinates": [ 143.8683505, 43.8043861 ] } },
{ "type": "Feature", "properties": { "内容": "短期入所施設光の苑【短期入所生活介護】北海道北見市東陵町１１６番1", "url": "https://www.kaigokensaku.mhlw.go.jp/01/index.php?action_kouhyou_detail_004_kani=true&JigyosyoCd=0175000322-00&ServiceCd=210&Type=search", "url2": "http://shiaikai.jp" }, "geometry": { "type": "Point", "coordinates": [ 143.898155299999985, 43.82651 ] } },
{ "type": "Feature", "properties": { "内容": "ショートステイ　ゆうゆう【短期入所生活介護】北海道北見市東相内町171番地57", "url": "https://www.kaigokensaku.mhlw.go.jp/01/index.php?action_kouhyou_detail_004_kani=true&JigyosyoCd=0175000470-00&ServiceCd=210&Type=search", "url2": "http://www.jikeikai.sakura.ne.jp/" }, "geometry": { "type": "Point", "coordinates": [ 143.816659800000025, 43.8017802 ] } },
{ "type": "Feature", "properties": { "内容": "地域密着型特別養護老人ホームむつみ【短期入所生活介護】北海道北見市端野町端野２０番２号", "url": "https://www.kaigokensaku.mhlw.go.jp/01/index.php?action_kouhyou_detail_004_kani=true&JigyosyoCd=0175012020-00&ServiceCd=210&Type=search", "url2": "http://www.kita-mutsumi.jp" }, "geometry": { "type": "Point", "coordinates": [ 143.9487701, 43.8480789 ] } },
{ "type": "Feature", "properties": { "内容": "るべしべ希楽苑短期入所生活介護【短期入所生活介護】北海道北見市留辺蘂町上町143番地1", "url": "https://www.kaigokensaku.mhlw.go.jp/01/index.php?action_kouhyou_detail_004_kani=true&JigyosyoCd=0175000140-00&ServiceCd=210&Type=search", "url2": "http://www.hokuyoukai12721.info" }, "geometry": { "type": "Point", "coordinates": [ 143.602926499999967, 43.788375 ] } },
{ "type": "Feature", "properties": { "内容": "JA北海道厚生連　短期入所生活介護ところ【短期入所生活介護】北見市常呂町字常呂５６１番地２６", "url": "https://www.kaigokensaku.mhlw.go.jp/01/index.php?action_kouhyou_detail_004_kani=true&JigyosyoCd=0175012228-00&ServiceCd=210&Type=search", "url2": "http://www.dou-kouseiren.com/shisetsu/tokuyo_tokoro/" }, "geometry": { "type": "Point", "coordinates": [ 144.066365177559533, 44.117479211908595 ] } },
{ "type": "Feature", "properties": { "内容": "特別養護老人ホーム　くつろぎ　短期入所生活介護【短期入所生活介護】北海道北見市とん田東町４４４－１", "url": "https://www.kaigokensaku.mhlw.go.jp/01/index.php?action_kouhyou_detail_004_kani=true&JigyosyoCd=0175012087-00&ServiceCd=210&Type=search", "url2": "http://www.jikei-kutsurogi.org" }, "geometry": { "type": "Point", "coordinates": [ 143.8787221, 43.7979427 ] } },
{ "type": "Feature", "properties": { "内容": "清光園短期入所生活介護事業所【短期入所生活介護】北海道夕張市南清水沢1丁目55番地1", "url": "https://www.kaigokensaku.mhlw.go.jp/01/index.php?action_kouhyou_detail_004_kani=true&JigyosyoCd=0175900034-00&ServiceCd=210&Type=search", "url2": "http://yubari-seikouen.jp/" }, "geometry": { "type": "Point", "coordinates": [ 142.001752900000042, 42.9868991 ] } },
{ "type": "Feature", "properties": { "内容": "特別養護老人ホームこぶし【短期入所生活介護】北海道岩見沢市志文町301番地", "url": "https://www.kaigokensaku.mhlw.go.jp/01/index.php?action_kouhyou_detail_004_kani=true&JigyosyoCd=0175700079-00&ServiceCd=210&Type=search", "url2": "http://www.cupid.or.jp" }, "geometry": { "type": "Point", "coordinates": [ 141.758146900000042, 43.1647697 ] } },
{ "type": "Feature", "properties": { "内容": "障害者支援施設　くぴどワーク＆ハイム【短期入所生活介護】北海道岩見沢市志文町301番地クピド・フェア", "url": "https://www.kaigokensaku.mhlw.go.jp/01/index.php?action_kouhyou_detail_004_kani=true&JigyosyoCd=0175701267-00&ServiceCd=210&Type=search", "url2": "http://www.cupid.or.jp" }, "geometry": { "type": "Point", "coordinates": [ 141.7584807, 43.164707 ] } },
{ "type": "Feature", "properties": { "内容": "特別養護老人ホームいちい荘　短期入所生活介護事業所【短期入所生活介護】北海道岩見沢市栗沢町最上２２２番地６", "url": "https://www.kaigokensaku.mhlw.go.jp/01/index.php?action_kouhyou_detail_004_kani=true&JigyosyoCd=0175700525-00&ServiceCd=210&Type=search", "url2": "http://www.ichiisou.jp/" }, "geometry": { "type": "Point", "coordinates": [ 141.7596328, 43.120021 ] } },
{ "type": "Feature", "properties": { "内容": "特別養護老人ホームぬくもりの郷【短期入所生活介護】岩見沢市6条西19丁目8番地", "url": "https://www.kaigokensaku.mhlw.go.jp/01/index.php?action_kouhyou_detail_004_kani=true&JigyosyoCd=0175700798-00&ServiceCd=210&Type=search", "url2": "https://www.iwamizawanouge.com/nukumori-top" }, "geometry": { "type": "Point", "coordinates": [ 141.7498855, 43.1932411 ] } },
{ "type": "Feature", "properties": { "内容": "短期入所生活介護事業所野菊【短期入所生活介護】北海道岩見沢市2条東15丁目2番地2", "url": "https://www.kaigokensaku.mhlw.go.jp/01/index.php?action_kouhyou_detail_004_kani=true&JigyosyoCd=0175700541-00&ServiceCd=210&Type=search", "url2": "http://www.nogiku.org/" }, "geometry": { "type": "Point", "coordinates": [ 141.7824594, 43.2139758 ] } },
{ "type": "Feature", "properties": { "内容": "医療法人　讃生会　ありあけ２番館【短期入所生活介護】北海道網走市字潮見１５７番地２", "url": "https://www.kaigokensaku.mhlw.go.jp/01/index.php?action_kouhyou_detail_004_kani=true&JigyosyoCd=0175300664-00&ServiceCd=210&Type=search", "url2": "http://www.sanseikai-med.jp>abashiri" }, "geometry": { "type": "Point", "coordinates": [ 144.2674074, 43.991902699999983 ] } },
{ "type": "Feature", "properties": { "内容": "指定短期入所生活介護事業所　なないろ館【短期入所生活介護】北海道網走南６条東３丁目５番地", "url": "https://www.kaigokensaku.mhlw.go.jp/01/index.php?action_kouhyou_detail_004_kani=true&JigyosyoCd=0175300037-00&ServiceCd=210&Type=search", "url2": "http://www.rainbow-heights.com/" }, "geometry": { "type": "Point", "coordinates": [ 144.271681162565613, 44.019861428456124 ] } },
{ "type": "Feature", "properties": { "内容": "指定短期入所生活介護事業所萌寿園【短期入所生活介護】北海道留萌市沖見町６丁目１８番地６", "url": "https://www.kaigokensaku.mhlw.go.jp/01/index.php?action_kouhyou_detail_004_kani=true&JigyosyoCd=0176400034-00&ServiceCd=210&Type=search", "url2": "http://hoju-en.jp/" }, "geometry": { "type": "Point", "coordinates": [ 141.643771644844037, 43.925192978365146 ] } },
{ "type": "Feature", "properties": { "内容": "特別養護老人ホーム樽前緑樹園【短期入所生活介護】苫小牧市字樽前２２０番地５", "url": "https://www.kaigokensaku.mhlw.go.jp/01/index.php?action_kouhyou_detail_004_kani=true&JigyosyoCd=0173601782-00&ServiceCd=210&Type=search", "url2": "http://www.ryokuyoukai.or.jp/" }, "geometry": { "type": "Point", "coordinates": [ 141.429486600000018, 42.5966255 ] } },
{ "type": "Feature", "properties": { "内容": "特別養護老人ホーム　樽前慈生園【短期入所生活介護】苫小牧市字樽前２１９番地の１", "url": "https://www.kaigokensaku.mhlw.go.jp/01/index.php?action_kouhyou_detail_004_kani=true&JigyosyoCd=0173600073-00&ServiceCd=210&Type=search", "url2": "http://www.jikoukai.or.jp" }, "geometry": { "type": "Point", "coordinates": [ 141.427496990213029, 42.597731476278142 ] } },
{ "type": "Feature", "properties": { "内容": "特別養護老人ホーム「彩」ショートステイ【短期入所生活介護】北海道苫小牧市表町5丁目11番5号", "url": "https://www.kaigokensaku.mhlw.go.jp/01/index.php?action_kouhyou_detail_004_kani=true&JigyosyoCd=0173602251-00&ServiceCd=210&Type=search", "url2": "http://www.friend.or.jp/roujin3/kuturogi.html" }, "geometry": { "type": "Point", "coordinates": [ 141.598269122615079, 42.639929211503997 ] } },
{ "type": "Feature", "properties": { "内容": "特別養護老人ホーム　樽前慈生園【短期入所生活介護】北海道苫小牧市美原町3丁目9番1号", "url": "https://www.kaigokensaku.mhlw.go.jp/01/index.php?action_kouhyou_detail_004_kani=true&JigyosyoCd=0173602939-00&ServiceCd=210&Type=search", "url2": "http://www.jikoukai.or.jp" }, "geometry": { "type": "Point", "coordinates": [ 141.5030061, 42.6115606 ] } },
{ "type": "Feature", "properties": { "内容": "特別養護老人ホーム緑樹園Ⅰ【短期入所生活介護】苫小牧市松風町２番１７号", "url": "https://www.kaigokensaku.mhlw.go.jp/01/index.php?action_kouhyou_detail_004_kani=true&JigyosyoCd=0173600131-00&ServiceCd=210&Type=search", "url2": "http://www.ryokuyoukai.or.jp/" }, "geometry": { "type": "Point", "coordinates": [ 141.560600779367746, 42.638486375484007 ] } },
{ "type": "Feature", "properties": { "内容": "勤医協みやまの里ショートステイ【短期入所生活介護】北海道苫小牧市山手町2丁目14番9号苫小牧高齢者複合施設みやまの里", "url": "https://www.kaigokensaku.mhlw.go.jp/01/index.php?action_kouhyou_detail_004_kani=true&JigyosyoCd=0173602699-00&ServiceCd=210&Type=search", "url2": "http://www.sapporo-zaitaku.jp/s-minami/" }, "geometry": { "type": "Point", "coordinates": [ 141.570976, 42.640578 ] } },
{ "type": "Feature", "properties": { "内容": "アポロ園【短期入所生活介護】北海道苫小牧市山手町1丁目12番3号", "url": "https://www.kaigokensaku.mhlw.go.jp/01/index.php?action_kouhyou_detail_004_kani=true&JigyosyoCd=0173600065-00&ServiceCd=210&Type=search", "url2": "http://www.yamatenosato.or.jp/" }, "geometry": { "type": "Point", "coordinates": [ 141.579341600000021, 42.6427306 ] } },
{ "type": "Feature", "properties": { "内容": "特別養護老人ホーム沼ノ端はくちょう苑短期入所生活介護事業所【短期入所生活介護】北海道苫小牧市北栄町3丁目19番26号", "url": "https://www.kaigokensaku.mhlw.go.jp/01/index.php?action_kouhyou_detail_004_kani=true&JigyosyoCd=0173602467-00&ServiceCd=210&Type=search", "url2": "http://www.hakuchoukai.jp/" }, "geometry": { "type": "Point", "coordinates": [ 141.687109700000065, 42.6793091 ] } },
{ "type": "Feature", "properties": { "内容": "ケアセンターしらかばの郷【短期入所生活介護】苫小牧市しらかば町５丁目５番６号", "url": "https://www.kaigokensaku.mhlw.go.jp/01/index.php?action_kouhyou_detail_004_kani=true&JigyosyoCd=0173601535-00&ServiceCd=210&Type=search", "url2": "http://www.jikoukai.or.jp/" }, "geometry": { "type": "Point", "coordinates": [ 141.540445800000043, 42.6243333 ] } },
{ "type": "Feature", "properties": { "内容": "短期入所生活介護　陽だまりの樹【短期入所生活介護】北海道苫小牧市元中野町2丁目3番3号", "url": "https://www.kaigokensaku.mhlw.go.jp/01/index.php?action_kouhyou_detail_004_kani=true&JigyosyoCd=0173602087-00&ServiceCd=210&Type=search", "url2": "http://hidamarinoki.or.jp/" }, "geometry": { "type": "Point", "coordinates": [ 141.61775474655758, 42.635207112111075 ] } },
{ "type": "Feature", "properties": { "内容": "短期入所生活介護施設陽明園【短期入所生活介護】苫小牧市字植苗５１番地１７７", "url": "https://www.kaigokensaku.mhlw.go.jp/01/index.php?action_kouhyou_detail_004_kani=true&JigyosyoCd=0173600081-00&ServiceCd=210&Type=search", "url2": "http://www.ryokusei.or.jp/" }, "geometry": { "type": "Point", "coordinates": [ 141.71967559999996, 42.7248101 ] } },
{ "type": "Feature", "properties": { "内容": "特別養護老人ホーム緑陽園【短期入所生活介護】苫小牧市字樽前222番地11", "url": "https://www.kaigokensaku.mhlw.go.jp/01/index.php?action_kouhyou_detail_004_kani=true&JigyosyoCd=0173600123-00&ServiceCd=210&Type=search", "url2": "http://www.ryokuyoukai.or.jp/" }, "geometry": { "type": "Point", "coordinates": [ 141.431530899999984, 42.5962145 ] } },
{ "type": "Feature", "properties": { "内容": "養護老人ホーム苫小牧静和荘短期入所生活介護【短期入所生活介護】北海道苫小牧市松風町２番１５号", "url": "https://www.kaigokensaku.mhlw.go.jp/01/index.php?action_kouhyou_detail_004_kani=true&JigyosyoCd=0173601568-00&ServiceCd=210&Type=search", "url2": "http://www.ryokuyoukai.or.jp/" }, "geometry": { "type": "Point", "coordinates": [ 141.558639800000037, 42.6378276 ] } },
{ "type": "Feature", "properties": { "内容": "社会福祉法人稚内市社会福祉事業団稚内市特別養護老人ホーム富士見園【短期入所生活介護】北海道稚内市富士見５丁目１１７８番地の１", "url": "https://www.kaigokensaku.mhlw.go.jp/01/index.php?action_kouhyou_detail_004_kani=true&JigyosyoCd=0176700755-00&ServiceCd=210&Type=search", "url2": "http://www.wakkanai-fukusikai.com" }, "geometry": { "type": "Point", "coordinates": [ 141.636831799999982, 45.413919 ] } },
{ "type": "Feature", "properties": { "内容": "特別養護老人ホーム　美唄市恵祥園【短期入所生活介護】北海道美唄市字峰延2645番地1（峰延町公園）", "url": "https://www.kaigokensaku.mhlw.go.jp/01/index.php?action_kouhyou_detail_004_kani=true&JigyosyoCd=0176100030-00&ServiceCd=210&Type=search", "url2": "http://www.city.bibai.hokkaido.jp/" }, "geometry": { "type": "Point", "coordinates": [ 141.81413378755795, 43.25882025005933 ] } },
{ "type": "Feature", "properties": { "内容": "特別養護老人ホーム芦別慈恵園【短期入所生活介護】北海道芦別市旭町28番地", "url": "https://www.kaigokensaku.mhlw.go.jp/01/index.php?action_kouhyou_detail_004_kani=true&JigyosyoCd=0177300027-00&ServiceCd=210&Type=search", "url2": "http://www.ashibetsu.or.jp/" }, "geometry": { "type": "Point", "coordinates": [ 142.197282399999949, 43.5257846 ] } },
{ "type": "Feature", "properties": { "内容": "特別養護老人ホーム芦別慈恵園【短期入所生活介護】北海道芦別市旭町28番地", "url": "https://www.kaigokensaku.mhlw.go.jp/01/index.php?action_kouhyou_detail_004_kani=true&JigyosyoCd=0177300175-00&ServiceCd=210&Type=search", "url2": "http://www.ashibetsu.or.jp/" }, "geometry": { "type": "Point", "coordinates": [ 142.19756670000001, 43.5260795 ] } },
{ "type": "Feature", "properties": { "内容": "江別ケアパークそよ風【短期入所生活介護】江別市１条３丁目12-2", "url": "https://www.kaigokensaku.mhlw.go.jp/01/index.php?action_kouhyou_detail_004_kani=true&JigyosyoCd=0171000714-00&ServiceCd=210&Type=search", "url2": "http://www.sykz.co.jp/" }, "geometry": { "type": "Point", "coordinates": [ 141.559353099999953, 43.111872 ] } },
{ "type": "Feature", "properties": { "内容": "特別養護老人ホームひだまり大麻【短期入所生活介護】北海道江別市大麻北町608番地", "url": "https://www.kaigokensaku.mhlw.go.jp/01/index.php?action_kouhyou_detail_004_kani=true&JigyosyoCd=0171000052-00&ServiceCd=210&Type=search", "url2": "https://syahuku-subaru.com/" }, "geometry": { "type": "Point", "coordinates": [ 141.498937399999932, 43.088814199999987 ] } },
{ "type": "Feature", "properties": { "内容": "ショートステイ誠志苑【短期入所生活介護】江別市江別太２２２番地の１０", "url": "https://www.kaigokensaku.mhlw.go.jp/01/index.php?action_kouhyou_detail_004_kani=true&JigyosyoCd=0171000110-00&ServiceCd=210&Type=search", "url2": "http://ebetsu-syoukou.com/" }, "geometry": { "type": "Point", "coordinates": [ 141.576463500000045, 43.0980796 ] } },
{ "type": "Feature", "properties": { "内容": "特別養護老人ホーム日本介護江別【短期入所生活介護】北海道江別市大麻元町154番地12", "url": "https://www.kaigokensaku.mhlw.go.jp/01/index.php?action_kouhyou_detail_004_kani=true&JigyosyoCd=0171001936-00&ServiceCd=210&Type=search", "url2": "https://tsushima-group.com/business/agency/" }, "geometry": { "type": "Point", "coordinates": [ 141.497306400000014, 43.0851372 ] } },
{ "type": "Feature", "properties": { "内容": "江別地域複合型ライフケアセンター夢あかり【短期入所生活介護】北海道江別市ゆめみ野東町１番地５", "url": "https://www.kaigokensaku.mhlw.go.jp/01/index.php?action_kouhyou_detail_004_kani=true&JigyosyoCd=0171001001-00&ServiceCd=210&Type=search", "url2": "http://hokueikai.or.jp/" }, "geometry": { "type": "Point", "coordinates": [ 141.5642813, 43.1034973 ] } },
{ "type": "Feature", "properties": { "内容": "指定短期入所生活介護事業所　恵明園【短期入所生活介護】江別市豊幌美咲町２３番地の８", "url": "https://www.kaigokensaku.mhlw.go.jp/01/index.php?action_kouhyou_detail_004_kani=true&JigyosyoCd=0171000060-00&ServiceCd=210&Type=search", "url2": "http://www.yuaifukushi.jp" }, "geometry": { "type": "Point", "coordinates": [ 141.628592700000013, 43.135449 ] } },
{ "type": "Feature", "properties": { "内容": "短期入所生活介護事業所静苑ホーム【短期入所生活介護】北海道江別市新栄台４６番地の１０", "url": "https://www.kaigokensaku.mhlw.go.jp/01/index.php?action_kouhyou_detail_004_kani=true&JigyosyoCd=0171000102-00&ServiceCd=210&Type=search", "url2": "http://www.yuaifukushi.net/" }, "geometry": { "type": "Point", "coordinates": [ 141.512493, 43.1075267 ] } },
{ "type": "Feature", "properties": { "内容": "特別養護老人ホーム赤平愛真ホーム【短期入所生活介護】北海道赤平市豊栄町１丁目７－１", "url": "https://www.kaigokensaku.mhlw.go.jp/01/index.php?action_kouhyou_detail_004_kani=true&JigyosyoCd=0177200185-00&ServiceCd=210&Type=search", "url2": "http://www.elm812.com" }, "geometry": { "type": "Point", "coordinates": [ 142.036149252730638, 43.565280522278861 ] } },
{ "type": "Feature", "properties": { "内容": "あかびらエルムハイツ【短期入所生活介護】赤平市幌岡町４７番地", "url": "https://www.kaigokensaku.mhlw.go.jp/01/index.php?action_kouhyou_detail_004_kani=true&JigyosyoCd=0177200045-00&ServiceCd=210&Type=search", "url2": "http://www.elm812.com/" }, "geometry": { "type": "Point", "coordinates": [ 142.035044, 43.5766221 ] } },
{ "type": "Feature", "properties": { "内容": "特別養護老人ホーム　ユニット型あかびらエルムハイツ【短期入所生活介護】北海道赤平市幌岡町47番地", "url": "https://www.kaigokensaku.mhlw.go.jp/01/index.php?action_kouhyou_detail_004_kani=true&JigyosyoCd=0177200151-00&ServiceCd=210&Type=search", "url2": "http://www.elm812.com/" }, "geometry": { "type": "Point", "coordinates": [ 142.035778925270051, 43.577045701908041 ] } },
{ "type": "Feature", "properties": { "内容": "安養園短期入所生活介護事業所【短期入所生活介護】紋別市大山町１丁目５２番１５号", "url": "https://www.kaigokensaku.mhlw.go.jp/01/index.php?action_kouhyou_detail_004_kani=true&JigyosyoCd=0175100320-00&ServiceCd=210&Type=search", "url2": "http://www.annyouen777.com/" }, "geometry": { "type": "Point", "coordinates": [ 143.339444701188654, 44.340222731315038 ] } },
{ "type": "Feature", "properties": { "内容": "特別養護老人ホーム士別コスモス苑【短期入所生活介護】士別市東９条２丁目２番地", "url": "https://www.kaigokensaku.mhlw.go.jp/01/index.php?action_kouhyou_detail_004_kani=true&JigyosyoCd=0173200916-00&ServiceCd=210&Type=search", "url2": "http://sannaikai.or.jp" }, "geometry": { "type": "Point", "coordinates": [ 142.404336300000068, 44.1809698 ] } },
{ "type": "Feature", "properties": { "内容": "朝日美土里ハイツ短期入所生活介護【短期入所生活介護】北海道士別市朝日町中央4029番地", "url": "https://www.kaigokensaku.mhlw.go.jp/01/index.php?action_kouhyou_detail_004_kani=true&JigyosyoCd=0173200205-00&ServiceCd=210&Type=search", "url2": "http://www.asahifukushi.or.jp/" }, "geometry": { "type": "Point", "coordinates": [ 142.59239690000004, 44.1164969 ] } },
{ "type": "Feature", "properties": { "内容": "名寄市風連特別養護老人ホームしらかばハイツ【短期入所生活介護】名寄市風連町北栄町５１番地１", "url": "https://www.kaigokensaku.mhlw.go.jp/01/index.php?action_kouhyou_detail_004_kani=true&JigyosyoCd=0173200676-00&ServiceCd=210&Type=search", "url2": "http://www.city.nayoro.lg.jp/" }, "geometry": { "type": "Point", "coordinates": [ 142.4190595, 44.298226 ] } },
{ "type": "Feature", "properties": { "内容": "短期入所生活介護事業所　名寄市特別養護老人ホーム清峰園【短期入所生活介護】北海道名寄市東8条南8丁目117番地", "url": "https://www.kaigokensaku.mhlw.go.jp/01/index.php?action_kouhyou_detail_004_kani=true&JigyosyoCd=0173200700-00&ServiceCd=210&Type=search", "url2": "http://nayorosfj.jp/" }, "geometry": { "type": "Point", "coordinates": [ 142.476905699999946, 44.3485338 ] } },
{ "type": "Feature", "properties": { "内容": "三笠市ことぶき荘短期入所介護施設【短期入所生活介護】北海道三笠市清住町112番地5", "url": "https://www.kaigokensaku.mhlw.go.jp/01/index.php?action_kouhyou_detail_004_kani=true&JigyosyoCd=0176000107-00&ServiceCd=210&Type=search", "url2": "http://www.mikasa-jigyodan.or.jp" }, "geometry": { "type": "Point", "coordinates": [ 141.903258100000016, 43.2544611 ] } },
{ "type": "Feature", "properties": { "内容": "ユニット型特別養護老人ホームはまなす園【短期入所生活介護】北海道根室市有磯町２丁目２１番地", "url": "https://www.kaigokensaku.mhlw.go.jp/01/index.php?action_kouhyou_detail_004_kani=true&JigyosyoCd=0174200527-00&ServiceCd=210&Type=search", "url2": "http://www.hamanasuen.com/" }, "geometry": { "type": "Point", "coordinates": [ 145.59034959842532, 43.333489697228643 ] } },
{ "type": "Feature", "properties": { "内容": "はまなす園短期入所生活介護事業所【短期入所生活介護】北海道根室市有磯町2丁目19番地2", "url": "https://www.kaigokensaku.mhlw.go.jp/01/index.php?action_kouhyou_detail_004_kani=true&JigyosyoCd=0174200071-00&ServiceCd=210&Type=search", "url2": null }, "geometry": { "type": "Point", "coordinates": [ 145.590346044180251, 43.33300583331085 ] } },
{ "type": "Feature", "properties": { "内容": "暢寿園指定短期入所生活介護事業所【短期入所生活介護】北海道千歳市富丘２丁目７番５号", "url": "https://www.kaigokensaku.mhlw.go.jp/01/index.php?action_kouhyou_detail_004_kani=true&JigyosyoCd=0171100035-00&ServiceCd=210&Type=search", "url2": "http://www.chitose-hukushikai.biz/" }, "geometry": { "type": "Point", "coordinates": [ 141.6499609, 42.840472 ] } },
{ "type": "Feature", "properties": { "内容": "やまとの里ショートステイ【短期入所生活介護】千歳市大和４丁目２番１号", "url": "https://www.kaigokensaku.mhlw.go.jp/01/index.php?action_kouhyou_detail_004_kani=true&JigyosyoCd=0171100258-00&ServiceCd=210&Type=search", "url2": "http://yamato-10980.chitose-hukushikai.biz" }, "geometry": { "type": "Point", "coordinates": [ 141.631652700000018, 42.8212487 ] } },
{ "type": "Feature", "properties": { "内容": "滝川市特別養護老人ホーム緑寿園【短期入所生活介護】北海道滝川市江部乙町東12丁目13番16号", "url": "https://www.kaigokensaku.mhlw.go.jp/01/index.php?action_kouhyou_detail_004_kani=true&JigyosyoCd=0177500519-00&ServiceCd=210&Type=search", "url2": "http://www.takikawa-jigyoudan.or.jp/tokuyou.html" }, "geometry": { "type": "Point", "coordinates": [ 141.944406938839734, 43.628453146462654 ] } },
{ "type": "Feature", "properties": { "内容": "地域密着型特別養護老人ホーム福寿園（サテライト型）【短期入所生活介護】北海道砂川市三砂町５５番地６号", "url": "https://www.kaigokensaku.mhlw.go.jp/01/index.php?action_kouhyou_detail_004_kani=true&JigyosyoCd=0177100781-00&ServiceCd=210&Type=search", "url2": "http://sunagawafukushikai.jp/" }, "geometry": { "type": "Point", "coordinates": [ 141.911672090737966, 43.491448794706066 ] } },
{ "type": "Feature", "properties": { "内容": "特別養護老人ホーム福寿園【短期入所生活介護】北海道砂川市三砂町55番地６号", "url": "https://www.kaigokensaku.mhlw.go.jp/01/index.php?action_kouhyou_detail_004_kani=true&JigyosyoCd=0177100351-00&ServiceCd=210&Type=search", "url2": "http://fukujuen@sunagawafukushikai.jp" }, "geometry": { "type": "Point", "coordinates": [ 141.912047600000051, 43.4916823 ] } },
{ "type": "Feature", "properties": { "内容": "社会福祉法人北海道光生舎特別養護老人ホームしらかば荘　短期入所生活介護事業所【短期入所生活介護】北海道歌志内市字神威280番地", "url": "https://www.kaigokensaku.mhlw.go.jp/01/index.php?action_kouhyou_detail_004_kani=true&JigyosyoCd=0177100542-00&ServiceCd=210&Type=search", "url2": "http://www.koseisha.or.jp" }, "geometry": { "type": "Point", "coordinates": [ 142.024847499999964, 43.5111393 ] } },
{ "type": "Feature", "properties": { "内容": "永福園短期入所生活介護事業所【短期入所生活介護】深川市西町1番13号", "url": "https://www.kaigokensaku.mhlw.go.jp/01/index.php?action_kouhyou_detail_004_kani=true&JigyosyoCd=0177400108-00&ServiceCd=210&Type=search", "url2": "https://mypage.fukanavi.com/eifukuen/" }, "geometry": { "type": "Point", "coordinates": [ 142.030196100000012, 43.7161938 ] } },
{ "type": "Feature", "properties": { "内容": "短期入所生活介護事業所清祥園【短期入所生活介護】北海道深川市納内町北３番９７号", "url": "https://www.kaigokensaku.mhlw.go.jp/01/index.php?action_kouhyou_detail_004_kani=true&JigyosyoCd=0177400520-00&ServiceCd=210&Type=search", "url2": "https://yourankai-group.jp" }, "geometry": { "type": "Point", "coordinates": [ 142.129546399999981, 43.7347057 ] } },
{ "type": "Feature", "properties": { "内容": "特別養護老人ホーム　北の峯ハイツ【短期入所生活介護】北海道富良野市東雲町1番1号北の峯ハイツ", "url": "https://www.kaigokensaku.mhlw.go.jp/01/index.php?action_kouhyou_detail_004_kani=true&JigyosyoCd=0173000449-00&ServiceCd=210&Type=search", "url2": "https://furanoasahigou.or.jp" }, "geometry": { "type": "Point", "coordinates": [ 142.40157350000004, 43.3479035 ] } },
{ "type": "Feature", "properties": { "内容": "ショートステイアンデルセンの丘【短期入所生活介護】北海道登別市富岸町１丁目７－８", "url": "https://www.kaigokensaku.mhlw.go.jp/01/index.php?action_kouhyou_detail_004_kani=true&JigyosyoCd=0173501610-00&ServiceCd=210&Type=search", "url2": "http://saishoukai.jimdofree.com" }, "geometry": { "type": "Point", "coordinates": [ 141.073000200000024, 42.3877838 ] } },
{ "type": "Feature", "properties": { "内容": "特別養護老人ホーム緑風園【短期入所生活介護】登別市中登別町２５３番地7", "url": "https://www.kaigokensaku.mhlw.go.jp/01/index.php?action_kouhyou_detail_004_kani=true&JigyosyoCd=0173500133-00&ServiceCd=210&Type=search", "url2": "http://ryokufuu.com/" }, "geometry": { "type": "Point", "coordinates": [ 141.163239699999963, 42.4785644 ] } },
{ "type": "Feature", "properties": { "内容": "緑風園サテライト型特別養護老人ホーム　ニナルカの里【短期入所生活介護】北海道登別市千歳町2丁目11番地10", "url": "https://www.kaigokensaku.mhlw.go.jp/01/index.php?action_kouhyou_detail_004_kani=true&JigyosyoCd=0173502055-00&ServiceCd=210&Type=search", "url2": "http://www.ryokufuu.com" }, "geometry": { "type": "Point", "coordinates": [ 141.115466757001968, 42.419420513155167 ] } },
{ "type": "Feature", "properties": { "内容": "恵望園ショートステイ【短期入所生活介護】恵庭市柏木町４２９番地６", "url": "https://www.kaigokensaku.mhlw.go.jp/01/index.php?action_kouhyou_detail_004_kani=true&JigyosyoCd=0171200017-00&ServiceCd=210&Type=search", "url2": "http://www.keibouen.jp/" }, "geometry": { "type": "Point", "coordinates": [ 141.556372799999963, 42.8853161 ] } },
{ "type": "Feature", "properties": { "内容": "地域密着型特別養護老人ホームふる里えにわ「いちょう」【短期入所生活介護】恵庭市島松本町４丁目９番５号", "url": "https://www.kaigokensaku.mhlw.go.jp/01/index.php?action_kouhyou_detail_004_kani=true&JigyosyoCd=0171200447-00&ServiceCd=210&Type=search", "url2": "http://kenbikai.or.jp/" }, "geometry": { "type": "Point", "coordinates": [ 141.578447200000028, 42.9260088 ] } },
{ "type": "Feature", "properties": { "内容": "おおたきの杜短期入所生活介護事業所【短期入所生活介護】北海道伊達市大滝区本郷町86番地1", "url": "https://www.kaigokensaku.mhlw.go.jp/01/index.php?action_kouhyou_detail_004_kani=true&JigyosyoCd=0173700717-00&ServiceCd=210&Type=search", "url2": "http://www.koseikai-wel.or.jp" }, "geometry": { "type": "Point", "coordinates": [ 141.076654299999973, 42.6680159 ] } },
{ "type": "Feature", "properties": { "内容": "喜楽園短期入所生活介護事業所【短期入所生活介護】北海道伊達市向有珠町１６０番地７", "url": "https://www.kaigokensaku.mhlw.go.jp/01/index.php?action_kouhyou_detail_004_kani=true&JigyosyoCd=0173700105-00&ServiceCd=210&Type=search", "url2": "http://www.kirakuen.com" }, "geometry": { "type": "Point", "coordinates": [ 140.784566899999959, 42.5087031 ] } },
{ "type": "Feature", "properties": { "内容": "ショートステイひまわり【短期入所生活介護】伊達市松ヶ枝町154番地30", "url": "https://www.kaigokensaku.mhlw.go.jp/01/index.php?action_kouhyou_detail_004_kani=true&JigyosyoCd=0173700030-00&ServiceCd=210&Type=search", "url2": "http://www.ryounkouseikai.jp/" }, "geometry": { "type": "Point", "coordinates": [ 140.884607499999987, 42.477484 ] } },
{ "type": "Feature", "properties": { "内容": "北広島市高齢者総合ケアセンター　短期利用施設　聖芳園【短期入所生活介護】北海道北広島市西の里３４７番地４", "url": "https://www.kaigokensaku.mhlw.go.jp/01/index.php?action_kouhyou_detail_004_kani=true&JigyosyoCd=0171300015-00&ServiceCd=210&Type=search", "url2": "https://www.seihoen.or.jp/" }, "geometry": { "type": "Point", "coordinates": [ 141.515873100000022, 43.0120559 ] } },
{ "type": "Feature", "properties": { "内容": "東部緑の苑【短期入所生活介護】北海道北広島市共栄276番地20", "url": "https://www.kaigokensaku.mhlw.go.jp/01/index.php?action_kouhyou_detail_004_kani=true&JigyosyoCd=0171300676-00&ServiceCd=210&Type=search", "url2": "http://www.kitahiro-fukusikai.or.jp" }, "geometry": { "type": "Point", "coordinates": [ 141.545018900000059, 42.9913285 ] } },
{ "type": "Feature", "properties": { "内容": "北広島ショートステイ四恩園【短期入所生活介護】北広島市富ヶ岡５０９番地３１", "url": "https://www.kaigokensaku.mhlw.go.jp/01/index.php?action_kouhyou_detail_004_kani=true&JigyosyoCd=0171300023-00&ServiceCd=210&Type=search", "url2": "http://www.shionen.or.jp" }, "geometry": { "type": "Point", "coordinates": [ 141.533621399999987, 42.9551934 ] } },
{ "type": "Feature", "properties": { "内容": "厚田みよし園短期入所生活介護事業所【短期入所生活介護】北海道石狩市厚田区厚田１８９番地１", "url": "https://www.kaigokensaku.mhlw.go.jp/01/index.php?action_kouhyou_detail_004_kani=true&JigyosyoCd=0177600079-00&ServiceCd=210&Type=search", "url2": "http://miyosien.jp/" }, "geometry": { "type": "Point", "coordinates": [ 141.435338399999978, 43.4021087 ] } },
{ "type": "Feature", "properties": { "内容": "特別養護老人ホーム石狩希久の園【短期入所生活介護】石狩市八幡町高岡27番地9", "url": "https://www.kaigokensaku.mhlw.go.jp/01/index.php?action_kouhyou_detail_004_kani=true&JigyosyoCd=0177600061-00&ServiceCd=210&Type=search", "url2": "http://www.u-i.or.jp" }, "geometry": { "type": "Point", "coordinates": [ 141.422479100000032, 43.254568 ] } },
{ "type": "Feature", "properties": { "内容": "老人短期入所生活介護　ばんなぐろ【短期入所生活介護】石狩市花畔360番地26", "url": "https://www.kaigokensaku.mhlw.go.jp/01/index.php?action_kouhyou_detail_004_kani=true&JigyosyoCd=0177600343-00&ServiceCd=210&Type=search", "url2": "https://yourakukai.or.jp" }, "geometry": { "type": "Point", "coordinates": [ 141.3049545, 43.16714 ] } },
{ "type": "Feature", "properties": { "内容": "特別養護老人ホームはまますあいどまり短期入所生活介護【短期入所生活介護】北海道石狩市浜益区実田93－17", "url": "https://www.kaigokensaku.mhlw.go.jp/01/index.php?action_kouhyou_detail_004_kani=true&JigyosyoCd=0177600707-00&ServiceCd=210&Type=search", "url2": "http://ishikari-shakyo.org/care-center/fukushinosato/" }, "geometry": { "type": "Point", "coordinates": [ 141.440072099999952, 43.5845949 ] } },
{ "type": "Feature", "properties": { "内容": "ショートステイ白ゆり七重浜【短期入所生活介護】北海道北斗市七重浜5丁目8番17号ライフプレステージ白ゆり七重浜", "url": "https://www.kaigokensaku.mhlw.go.jp/01/index.php?action_kouhyou_detail_004_kani=true&JigyosyoCd=0171501950-00&ServiceCd=210&Type=search", "url2": "http://www.shirayuri.gr.jp/" }, "geometry": { "type": "Point", "coordinates": [ 140.708708200000046, 41.825478 ] } },
{ "type": "Feature", "properties": { "内容": "ショートステイつれづれの郷【短期入所生活介護】北斗市追分7丁目11番21号", "url": "https://www.kaigokensaku.mhlw.go.jp/01/index.php?action_kouhyou_detail_004_kani=true&JigyosyoCd=0171501158-00&ServiceCd=210&Type=search", "url2": "http://www.turedurenosato.sakura.ne.jp/" }, "geometry": { "type": "Point", "coordinates": [ 140.706509500000038, 41.827383699999984 ] } },
{ "type": "Feature", "properties": { "内容": "短期入所生活介護　美ヶ丘敬楽荘【短期入所生活介護】北海道北斗市向野2丁目19-18", "url": "https://www.kaigokensaku.mhlw.go.jp/01/index.php?action_kouhyou_detail_004_kani=true&JigyosyoCd=0171500275-00&ServiceCd=210&Type=search", "url2": "http://hakodateryokkakai.com/" }, "geometry": { "type": "Point", "coordinates": [ 140.635037106715686, 41.88744004367036 ] } },
{ "type": "Feature", "properties": { "内容": "短期入所生活介護　美ヶ丘敬楽荘【短期入所生活介護】北海道北斗市本町４丁目３番３７号", "url": "https://www.kaigokensaku.mhlw.go.jp/01/index.php?action_kouhyou_detail_004_kani=true&JigyosyoCd=0171501521-00&ServiceCd=210&Type=search", "url2": "http://keirakusou.com/" }, "geometry": { "type": "Point", "coordinates": [ 140.64077450000002, 41.8803667 ] } },
{ "type": "Feature", "properties": { "内容": "老人短期入所事業清華園【短期入所生活介護】北海道北斗市添山４７２番地１", "url": "https://www.kaigokensaku.mhlw.go.jp/01/index.php?action_kouhyou_detail_004_kani=true&JigyosyoCd=0171500267-00&ServiceCd=210&Type=search", "url2": "http://minsei-hakuaikai.com/" }, "geometry": { "type": "Point", "coordinates": [ 140.632829799999968, 41.8245676 ] } },
{ "type": "Feature", "properties": { "内容": "ショートステイほあかり【短期入所生活介護】北海道北斗市清水川1番地1複合型施設いなほ", "url": "https://www.kaigokensaku.mhlw.go.jp/01/index.php?action_kouhyou_detail_004_kani=true&JigyosyoCd=0171501851-00&ServiceCd=210&Type=search", "url2": "https://yushin-kai.com/" }, "geometry": { "type": "Point", "coordinates": [ 140.653217710850527, 41.872847003800153 ] } },
{ "type": "Feature", "properties": { "内容": "新篠津福祉園短期入所生活介護事業所【短期入所生活介護】北海道石狩郡新篠津村第45線北12番地", "url": "https://www.kaigokensaku.mhlw.go.jp/01/index.php?action_kouhyou_detail_004_kani=true&JigyosyoCd=0171000037-00&ServiceCd=210&Type=search", "url2": "http://www.sinsinotu.jp/" }, "geometry": { "type": "Point", "coordinates": [ 141.640819599999986, 43.2232791 ] } },
{ "type": "Feature", "properties": { "内容": "短期入所生活介護松前南殿荘【短期入所生活介護】北海道松前郡松前町建石216-184", "url": "https://www.kaigokensaku.mhlw.go.jp/01/index.php?action_kouhyou_detail_004_kani=true&JigyosyoCd=0171500168-00&ServiceCd=210&Type=search", "url2": "http://nadensou.sakura.ne.jp/nadensou/top.html" }, "geometry": { "type": "Point", "coordinates": [ 140.079237700000022, 41.4318044 ] } },
{ "type": "Feature", "properties": { "内容": "陽光園短期入所生活介護事業所【短期入所生活介護】北海道松前郡福島町字三岳１６０－１３", "url": "https://www.kaigokensaku.mhlw.go.jp/01/index.php?action_kouhyou_detail_004_kani=true&JigyosyoCd=0171500200-00&ServiceCd=210&Type=search", "url2": "http://www.youkouen.org/" }, "geometry": { "type": "Point", "coordinates": [ 140.255172600000037, 41.4902573 ] } },
{ "type": "Feature", "properties": { "内容": "短期入所生活介護事業所　知内しおさい園【短期入所生活介護】北海道上磯郡知内町字重内９７５", "url": "https://www.kaigokensaku.mhlw.go.jp/01/index.php?action_kouhyou_detail_004_kani=true&JigyosyoCd=0171500242-00&ServiceCd=210&Type=search", "url2": "http://siosai.kyouai-kai.com/" }, "geometry": { "type": "Point", "coordinates": [ 140.425731499999983, 41.6006035 ] } },
{ "type": "Feature", "properties": { "内容": "木古内町特別養護老人ホームいさりび【短期入所生活介護】北海道上磯郡木古内町字本町704番地", "url": "https://www.kaigokensaku.mhlw.go.jp/01/index.php?action_kouhyou_detail_004_kani=true&JigyosyoCd=0171501844-00&ServiceCd=210&Type=search", "url2": "https://isaribi.org/" }, "geometry": { "type": "Point", "coordinates": [ 140.438573600000041, 41.6759947 ] } },
{ "type": "Feature", "properties": { "内容": "短期入所生活介護事業所　ショートステイななみつき【短期入所生活介護】亀田郡七飯町緑町３丁目１番１号", "url": "https://www.kaigokensaku.mhlw.go.jp/01/index.php?action_kouhyou_detail_004_kani=true&JigyosyoCd=0171500754-00&ServiceCd=210&Type=search", "url2": "http://careservice-dounan.jp/midorimachi/index.html" }, "geometry": { "type": "Point", "coordinates": [ 140.688936803041059, 41.885979253508623 ] } },
{ "type": "Feature", "properties": { "内容": "渡島リハビリテーションセンター特別養護部【短期入所生活介護】北海道茅部郡鹿部町字鹿部258番地7", "url": "https://www.kaigokensaku.mhlw.go.jp/01/index.php?action_kouhyou_detail_004_kani=true&JigyosyoCd=0171500309-00&ServiceCd=210&Type=search", "url2": "http://www.oshima-rehabili.com/" }, "geometry": { "type": "Point", "coordinates": [ 140.833647199999973, 42.0232031 ] } },
{ "type": "Feature", "properties": { "内容": "ショートステイ　豊生園【短期入所生活介護】北海道茅部郡森町字上台町３２６番地の８特定施設入居者生活介護施設　豊生園", "url": "https://www.kaigokensaku.mhlw.go.jp/01/index.php?action_kouhyou_detail_004_kani=true&JigyosyoCd=0171501273-00&ServiceCd=210&Type=search", "url2": "http://www.lamer-mori.org/" }, "geometry": { "type": "Point", "coordinates": [ 140.5611424, 42.0977064 ] } },
{ "type": "Feature", "properties": { "内容": "森町立特別養護老人ホームさくらの園【短期入所生活介護】北海道茅部郡森町字森川町278番地2", "url": "https://www.kaigokensaku.mhlw.go.jp/01/index.php?action_kouhyou_detail_004_kani=true&JigyosyoCd=0171500911-00&ServiceCd=210&Type=search", "url2": "http://www.town.hokkaido-mori.lg.jp/moriweb./01life/03kenko/tokuro/index.html" }, "geometry": { "type": "Point", "coordinates": [ 140.577929400000016, 42.0969681 ] } },
{ "type": "Feature", "properties": { "内容": "ショートステイきずな【短期入所生活介護】北海道二海郡八雲町立岩55-36", "url": "https://www.kaigokensaku.mhlw.go.jp/01/index.php?action_kouhyou_detail_004_kani=true&JigyosyoCd=0171501372-00&ServiceCd=210&Type=search", "url2": "https://www.web-care.jp/kizuna/" }, "geometry": { "type": "Point", "coordinates": [ 140.270808458340667, 42.266581493097434 ] } },
{ "type": "Feature", "properties": { "内容": "くまいし荘短期入所生活介護事業所【短期入所生活介護】北海道二海郡八雲町熊石平町324番地269", "url": "https://www.kaigokensaku.mhlw.go.jp/01/index.php?action_kouhyou_detail_004_kani=true&JigyosyoCd=0171600117-00&ServiceCd=210&Type=search", "url2": "https://www.kumaishi-keiaikai.com" }, "geometry": { "type": "Point", "coordinates": [ 140.001627213105763, 42.130537251084249 ] } },
{ "type": "Feature", "properties": { "内容": "厚生園短期入所生活介護事業所【短期入所生活介護】二海郡八雲町大新４７番地4", "url": "https://www.kaigokensaku.mhlw.go.jp/01/index.php?action_kouhyou_detail_004_kani=true&JigyosyoCd=0171500325-00&ServiceCd=210&Type=search", "url2": "http://www.yakumokai.com" }, "geometry": { "type": "Point", "coordinates": [ 140.261243700000023, 42.2384641 ] } },
{ "type": "Feature", "properties": { "内容": "特別養護老人ホ－ム　長万部慈恵園【短期入所生活介護】山越郡長万部町字平里91番地11", "url": "https://www.kaigokensaku.mhlw.go.jp/01/index.php?action_kouhyou_detail_004_kani=true&JigyosyoCd=0171500333-00&ServiceCd=210&Type=search", "url2": null }, "geometry": { "type": "Point", "coordinates": [ 140.35351449999996, 42.49388780000001 ] } },
{ "type": "Feature", "properties": { "内容": "特別養護老人ホームえさし荘【短期入所生活介護】北海道桧山郡江差町字柳崎町78番2", "url": "https://www.kaigokensaku.mhlw.go.jp/01/index.php?action_kouhyou_detail_004_kani=true&JigyosyoCd=0171600075-00&ServiceCd=210&Type=search", "url2": "http://keiaikai-esashiso.jp/" }, "geometry": { "type": "Point", "coordinates": [ 140.149331283605989, 41.916355374509145 ] } },
{ "type": "Feature", "properties": { "内容": "ショートステイひのき【短期入所生活介護】北海道檜山郡江差町字柳崎町８６－２", "url": "https://www.kaigokensaku.mhlw.go.jp/01/index.php?action_kouhyou_detail_004_kani=true&JigyosyoCd=0171600547-00&ServiceCd=210&Type=search", "url2": "http://yushin-kai.com" }, "geometry": { "type": "Point", "coordinates": [ 140.149437600000027, 41.9262244 ] } },
{ "type": "Feature", "properties": { "内容": "特別養護老人ホーム　かみのくに荘　短期入所生活介護事業所【短期入所生活介護】檜山郡上ノ国町字勝山２４番地１", "url": "https://www.kaigokensaku.mhlw.go.jp/01/index.php?action_kouhyou_detail_004_kani=true&JigyosyoCd=0171600083-00&ServiceCd=210&Type=search", "url2": "http://kaminokuni-fukushi.jp/" }, "geometry": { "type": "Point", "coordinates": [ 140.1173205, 41.7970624 ] } },
{ "type": "Feature", "properties": { "内容": "特別養護老人ホームあっさぶ荘【短期入所生活介護】北海道檜山郡厚沢部町赤沼町３７８番地３", "url": "https://www.kaigokensaku.mhlw.go.jp/01/index.php?action_kouhyou_detail_004_kani=true&JigyosyoCd=0171600091-00&ServiceCd=210&Type=search", "url2": "https://www.protech-web.co.jp/homepage/assabu-fukusikai/index.html" }, "geometry": { "type": "Point", "coordinates": [ 140.22521329999995, 41.9286803 ] } },
{ "type": "Feature", "properties": { "内容": "乙部町立特別養護老人ホームおとべ荘【短期入所生活介護】北海道爾志郡乙部町字緑町704番地3", "url": "https://www.kaigokensaku.mhlw.go.jp/01/index.php?action_kouhyou_detail_004_kani=true&JigyosyoCd=0171600109-00&ServiceCd=210&Type=search", "url2": null }, "geometry": { "type": "Point", "coordinates": [ 140.139843172874691, 41.969165976446234 ] } },
{ "type": "Feature", "properties": { "内容": "指定短期入所生活介護事業所おくしり荘【短期入所生活介護】北海道奥尻郡奥尻町字青苗４４２番地２１", "url": "https://www.kaigokensaku.mhlw.go.jp/01/index.php?action_kouhyou_detail_004_kani=true&JigyosyoCd=0171600125-00&ServiceCd=210&Type=search", "url2": "http://www.okushirisou.com" }, "geometry": { "type": "Point", "coordinates": [ 139.445817472352587, 42.063068332441354 ] } },
{ "type": "Feature", "properties": { "内容": "特別養護老人ホーム豊寿園　短期入所生活介護事業所【短期入所生活介護】北海道瀬棚郡今金町字種川３９８番地の4", "url": "https://www.kaigokensaku.mhlw.go.jp/01/index.php?action_kouhyou_detail_004_kani=true&JigyosyoCd=0171700065-00&ServiceCd=210&Type=search", "url2": "http://houjuen.or.jp/" }, "geometry": { "type": "Point", "coordinates": [ 140.0677905, 42.4221776 ] } },
{ "type": "Feature", "properties": { "内容": "きたひやま荘短期入所生活介護事業所【短期入所生活介護】北海道久遠郡せたな町北檜山区豊岡337-1", "url": "https://www.kaigokensaku.mhlw.go.jp/01/index.php?action_kouhyou_detail_004_kani=true&JigyosyoCd=0171700354-00&ServiceCd=210&Type=search", "url2": "https://kitahiyama.yushin-kai.com" }, "geometry": { "type": "Point", "coordinates": [ 139.8728668, 42.4217817 ] } },
{ "type": "Feature", "properties": { "内容": "短期入所生活介護事業所大成長生園【短期入所生活介護】北海道久遠郡せたな町大成区宮野５２５番地２", "url": "https://www.kaigokensaku.mhlw.go.jp/01/index.php?action_kouhyou_detail_004_kani=true&JigyosyoCd=0171700040-00&ServiceCd=210&Type=search", "url2": "http://chouseien-taisei.jp/" }, "geometry": { "type": "Point", "coordinates": [ 139.875066, 42.2294143 ] } },
{ "type": "Feature", "properties": { "内容": "寿都寿海荘【短期入所生活介護】北海道寿都郡寿都町字開進町５０番地", "url": "https://www.kaigokensaku.mhlw.go.jp/01/index.php?action_kouhyou_detail_004_kani=true&JigyosyoCd=0172100059-00&ServiceCd=210&Type=search", "url2": null }, "geometry": { "type": "Point", "coordinates": [ 140.236439825006102, 42.789511924289457 ] } },
{ "type": "Feature", "properties": { "内容": "緑ケ丘ハイツ短期入所生活介護事業所【短期入所生活介護】北海道寿都郡黒松内町字黒松内５６1番地の１", "url": "https://www.kaigokensaku.mhlw.go.jp/01/index.php?action_kouhyou_detail_004_kani=true&JigyosyoCd=0172100026-00&ServiceCd=210&Type=search", "url2": "http://www.tsukushien.or.jp/" }, "geometry": { "type": "Point", "coordinates": [ 140.308543189271518, 42.660138598432162 ] } },
{ "type": "Feature", "properties": { "内容": "緑ヶ丘老人ホーム短期入所事業所【短期入所生活介護】北海道寿都郡黒松内町字黒松内562-4", "url": "https://www.kaigokensaku.mhlw.go.jp/01/index.php?action_kouhyou_detail_004_kani=true&JigyosyoCd=0172100109-00&ServiceCd=210&Type=search", "url2": "https://www.tsukushien.or.jp" }, "geometry": { "type": "Point", "coordinates": [ 140.309209499999952, 42.6606041 ] } },
{ "type": "Feature", "properties": { "内容": "介護老人福祉施設　特別養護老人ホーム　一灯園【短期入所生活介護】北海道磯谷郡蘭越町字大谷２７２番地", "url": "https://www.kaigokensaku.mhlw.go.jp/01/index.php?action_kouhyou_detail_004_kani=true&JigyosyoCd=0172200057-00&ServiceCd=210&Type=search", "url2": "http://www.ittoen-r.or.jp/" }, "geometry": { "type": "Point", "coordinates": [ 140.5232959, 42.8020009 ] } },
{ "type": "Feature", "properties": { "内容": "二セコハイツ短期入所生活介護事業所【短期入所生活介護】北海道虻田郡ニセコ町字有島８７－４", "url": "https://www.kaigokensaku.mhlw.go.jp/01/index.php?action_kouhyou_detail_004_kani=true&JigyosyoCd=0172200024-00&ServiceCd=210&Type=search", "url2": "http://www.niseko-fukushikai.com" }, "geometry": { "type": "Point", "coordinates": [ 140.706146699999977, 42.8084024 ] } },
{ "type": "Feature", "properties": { "内容": "真狩村短期入所生活介護事業所【短期入所生活介護】北海道虻田郡真狩村字共明３７番地６", "url": "https://www.kaigokensaku.mhlw.go.jp/01/index.php?action_kouhyou_detail_004_kani=true&JigyosyoCd=0172200073-00&ServiceCd=210&Type=search", "url2": "http://fukushinkai.com" }, "geometry": { "type": "Point", "coordinates": [ 140.8076625, 42.7688679 ] } },
{ "type": "Feature", "properties": { "内容": "地域密着型介護老人福祉施設　るすつ銀河の杜【短期入所生活介護】北海道虻田郡留寿都村字留寿都186番地95", "url": "https://www.kaigokensaku.mhlw.go.jp/01/index.php?action_kouhyou_detail_004_kani=true&JigyosyoCd=0172200388-00&ServiceCd=210&Type=search", "url2": "http：//www.keijinkai.com/shahuku/" }, "geometry": { "type": "Point", "coordinates": [ 140.8684834, 42.7362018 ] } },
{ "type": "Feature", "properties": { "内容": "介護老人福祉施設　きもべつ喜らめきの郷【短期入所生活介護】虻田郡喜茂別町字伏見２７２番地の１", "url": "https://www.kaigokensaku.mhlw.go.jp/01/index.php?action_kouhyou_detail_004_kani=true&JigyosyoCd=0172200313-00&ServiceCd=210&Type=search", "url2": "http://www.keijinkai.com/shahuku/" }, "geometry": { "type": "Point", "coordinates": [ 140.948571807934513, 42.795960065668368 ] } },
{ "type": "Feature", "properties": { "内容": "ユニットケア慶和園【短期入所生活介護】虻田郡京極町字更進７８０－１", "url": "https://www.kaigokensaku.mhlw.go.jp/01/index.php?action_kouhyou_detail_004_kani=true&JigyosyoCd=0172200198-00&ServiceCd=210&Type=search", "url2": "http://www.tsukushien.or.jp/" }, "geometry": { "type": "Point", "coordinates": [ 140.894540399999983, 42.8311362 ] } },
{ "type": "Feature", "properties": { "内容": "養護老人ホーム慶和園【短期入所生活介護】北海道虻田郡京極町字更進780番地1", "url": "https://www.kaigokensaku.mhlw.go.jp/01/index.php?action_kouhyou_detail_004_kani=true&JigyosyoCd=0172200248-00&ServiceCd=210&Type=search", "url2": "http://www.tsukushien.or.jp/" }, "geometry": { "type": "Point", "coordinates": [ 140.894540399999983, 42.8311362 ] } },
{ "type": "Feature", "properties": { "内容": "羊蹄ハイツ短期入所生活介護【短期入所生活介護】北海道虻田郡倶知安町字峠下１１３番地２", "url": "https://www.kaigokensaku.mhlw.go.jp/01/index.php?action_kouhyou_detail_004_kani=true&JigyosyoCd=0172200032-00&ServiceCd=210&Type=search", "url2": "http://yotei-heights.com/" }, "geometry": { "type": "Point", "coordinates": [ 140.739676, 42.9226574 ] } },
{ "type": "Feature", "properties": { "内容": "短期入所生活介護事業所　みのりの里　共和【短期入所生活介護】北海道岩内郡共和町南幌似57番地13", "url": "https://www.kaigokensaku.mhlw.go.jp/01/index.php?action_kouhyou_detail_004_kani=true&JigyosyoCd=0172300162-00&ServiceCd=210&Type=search", "url2": "http://minorinosato.net" }, "geometry": { "type": "Point", "coordinates": [ 140.614792, 42.9772401 ] } },
{ "type": "Feature", "properties": { "内容": "社会福祉法人渓仁会　介護老人福祉施設岩内ふれ愛の郷ショートステイセンター【短期入所生活介護】岩内郡岩内町字野束69番地4", "url": "https://www.kaigokensaku.mhlw.go.jp/01/index.php?action_kouhyou_detail_004_kani=true&JigyosyoCd=0172300253-00&ServiceCd=210&Type=search", "url2": "http://www.keijinkai.com/shahuku/" }, "geometry": { "type": "Point", "coordinates": [ 140.509734699999967, 42.9676919 ] } },
{ "type": "Feature", "properties": { "内容": "泊村特別養護老人ホームむつみ荘【短期入所生活介護】北海道古宇郡泊村大字茅沼村７１１番地の３", "url": "https://www.kaigokensaku.mhlw.go.jp/01/index.php?action_kouhyou_detail_004_kani=true&JigyosyoCd=0172300063-00&ServiceCd=210&Type=search", "url2": "http://www.tsukushien.or.jp" }, "geometry": { "type": "Point", "coordinates": [ 140.512886534593235, 43.056486229973352 ] } },
{ "type": "Feature", "properties": { "内容": "短期入所生活介護事業所ゆうるり【短期入所生活介護】北海道積丹郡積丹町大字美国町字大沢326番地1、2031番地", "url": "https://www.kaigokensaku.mhlw.go.jp/01/index.php?action_kouhyou_detail_004_kani=true&JigyosyoCd=0172500571-00&ServiceCd=210&Type=search", "url2": "https://www.fruit.or.jp" }, "geometry": { "type": "Point", "coordinates": [ 140.594985100000031, 43.293798 ] } },
{ "type": "Feature", "properties": { "内容": "特別養護老人ホーム　仁木長寿園【短期入所生活介護】北海道余市郡仁木町北町８丁目４０番地４", "url": "https://www.kaigokensaku.mhlw.go.jp/01/index.php?action_kouhyou_detail_004_kani=true&JigyosyoCd=0172500035-00&ServiceCd=210&Type=search", "url2": null }, "geometry": { "type": "Point", "coordinates": [ 140.771712, 43.1640679 ] } },
{ "type": "Feature", "properties": { "内容": "短期入所生活介護事業所　フルーツ・シャトーよいち【短期入所生活介護】北海道余市郡余市町黒川町19丁目1番地2", "url": "https://www.kaigokensaku.mhlw.go.jp/01/index.php?action_kouhyou_detail_004_kani=true&JigyosyoCd=0172500068-00&ServiceCd=210&Type=search", "url2": "http://www.fruit.or.jp" }, "geometry": { "type": "Point", "coordinates": [ 140.814256900000032, 43.187276 ] } },
{ "type": "Feature", "properties": { "内容": "ユニット型短期生活介護事業所フルーツ・シャトーよいち【短期入所生活介護】北海道余市郡余市町黒川町19丁目1番地2", "url": "https://www.kaigokensaku.mhlw.go.jp/01/index.php?action_kouhyou_detail_004_kani=true&JigyosyoCd=0172500498-00&ServiceCd=210&Type=search", "url2": "http://www.fruit.or.jp" }, "geometry": { "type": "Point", "coordinates": [ 140.814256900000032, 43.187276 ] } },
{ "type": "Feature", "properties": { "内容": "ショートステイわじゅん【短期入所生活介護】北海道余市郡余市町沢町５丁目７７番地", "url": "https://www.kaigokensaku.mhlw.go.jp/01/index.php?action_kouhyou_detail_004_kani=true&JigyosyoCd=0172500027-00&ServiceCd=210&Type=search", "url2": "http://www.tokufukai.or.jp" }, "geometry": { "type": "Point", "coordinates": [ 140.769345057672126, 43.198775206662845 ] } },
{ "type": "Feature", "properties": { "内容": "特別養護老人ホーム南幌みどり苑【短期入所生活介護】北海道空知郡南幌町元町２丁目２番２号", "url": "https://www.kaigokensaku.mhlw.go.jp/01/index.php?action_kouhyou_detail_004_kani=true&JigyosyoCd=0175800051-00&ServiceCd=210&Type=search", "url2": "https://www.n-fukushikai.or.jp/" }, "geometry": { "type": "Point", "coordinates": [ 141.651063, 43.0699094 ] } },
{ "type": "Feature", "properties": { "内容": "特別養護老人ホームやすらぎの家【短期入所生活介護】北海道空知郡奈井江町字奈井江町161番地1", "url": "https://www.kaigokensaku.mhlw.go.jp/01/index.php?action_kouhyou_detail_004_kani=true&JigyosyoCd=0177100765-00&ServiceCd=210&Type=search", "url2": "https://nihonkaigo.or.jp/" }, "geometry": { "type": "Point", "coordinates": [ 141.884526599999958, 43.4207343 ] } },
{ "type": "Feature", "properties": { "内容": "地域密着型特別養護老人ホームやすらぎの家（介護予防）短期入所生活介護【短期入所生活介護】北海道空知郡奈井江町字奈井江町161番地1", "url": "https://www.kaigokensaku.mhlw.go.jp/01/index.php?action_kouhyou_detail_004_kani=true&JigyosyoCd=0177100930-00&ServiceCd=210&Type=search", "url2": "https://nihonkaigo.or.jp/facilities/tokuyou-yasuraginoie/" }, "geometry": { "type": "Point", "coordinates": [ 141.884521713491807, 43.421186929958544 ] } },
{ "type": "Feature", "properties": { "内容": "上砂川町短期入所生活介護事業所【短期入所生活介護】空知郡上砂川町字上砂川22番地16", "url": "https://www.kaigokensaku.mhlw.go.jp/01/index.php?action_kouhyou_detail_004_kani=true&JigyosyoCd=0177100575-00&ServiceCd=210&Type=search", "url2": "http://www.moe-fukushi.com" }, "geometry": { "type": "Point", "coordinates": [ 142.01251149999996, 43.466681 ] } },
{ "type": "Feature", "properties": { "内容": "介護老人福祉施設「ほほえみの家」【短期入所生活介護】夕張郡由仁町東栄88番地の2", "url": "https://www.kaigokensaku.mhlw.go.jp/01/index.php?action_kouhyou_detail_004_kani=true&JigyosyoCd=0175800515-00&ServiceCd=210&Type=search", "url2": "https://yuni-shakyo.jp/" }, "geometry": { "type": "Point", "coordinates": [ 141.787344044180287, 43.010514837386935 ] } },
{ "type": "Feature", "properties": { "内容": "迎光園短期入所生活介護事業所【短期入所生活介護】北海道夕張郡長沼町南町２丁目３番２０号", "url": "https://www.kaigokensaku.mhlw.go.jp/01/index.php?action_kouhyou_detail_004_kani=true&JigyosyoCd=0175800085-00&ServiceCd=210&Type=search", "url2": "http://home.geikoukai.or.jp/" }, "geometry": { "type": "Point", "coordinates": [ 141.686403416008034, 43.005998492982464 ] } },
{ "type": "Feature", "properties": { "内容": "特別養護老人ホーム　くりのさと【短期入所生活介護】北海道夕張郡栗山町字湯地９１番２０", "url": "https://www.kaigokensaku.mhlw.go.jp/01/index.php?action_kouhyou_detail_004_kani=true&JigyosyoCd=0175800093-00&ServiceCd=210&Type=search", "url2": "http://k-fukushikai.net/" }, "geometry": { "type": "Point", "coordinates": [ 141.801925500000038, 43.0584291 ] } },
{ "type": "Feature", "properties": { "内容": "地域密着型特別養護老人ホーム　くりのさと彩【短期入所生活介護】北海道夕張郡栗山町字湯地９１番２０", "url": "https://www.kaigokensaku.mhlw.go.jp/01/index.php?action_kouhyou_detail_004_kani=true&JigyosyoCd=0175800549-00&ServiceCd=210&Type=search", "url2": "http://www.k-fukushikai.net/" }, "geometry": { "type": "Point", "coordinates": [ 141.801925500000038, 43.0584291 ] } },
{ "type": "Feature", "properties": { "内容": "月形藤の園特養部ユニット型【短期入所生活介護】北海道樺戸郡月形町字当別原野４１７番地９", "url": "https://www.kaigokensaku.mhlw.go.jp/01/index.php?action_kouhyou_detail_004_kani=true&JigyosyoCd=0176100212-00&ServiceCd=210&Type=search", "url2": "http://www.fujinosono.jp/" }, "geometry": { "type": "Point", "coordinates": [ 141.617642700000033, 43.3098963 ] } },
{ "type": "Feature", "properties": { "内容": "月形愛光園指定短期入所生活介護事業所【短期入所生活介護】北海道樺戸郡月形町46-30", "url": "https://www.kaigokensaku.mhlw.go.jp/01/index.php?action_kouhyou_detail_004_kani=true&JigyosyoCd=0176100063-00&ServiceCd=210&Type=search", "url2": "http://www.t-aikouen.com" }, "geometry": { "type": "Point", "coordinates": [ 141.661625001605103, 43.331892307596434 ] } },
{ "type": "Feature", "properties": { "内容": "月形藤の園特養部【短期入所生活介護】北海道樺戸郡月形町字当別原野４１７番地９", "url": "https://www.kaigokensaku.mhlw.go.jp/01/index.php?action_kouhyou_detail_004_kani=true&JigyosyoCd=0176100071-00&ServiceCd=210&Type=search", "url2": "https://www.fujinosono.jp/" }, "geometry": { "type": "Point", "coordinates": [ 141.617642700000033, 43.3098963 ] } },
{ "type": "Feature", "properties": { "内容": "社会福祉法人揺籃会短期入所生活介護事業所ゆうあいの郷【短期入所生活介護】北海道樺戸郡浦臼町字キナウスナイ188番地の70", "url": "https://www.kaigokensaku.mhlw.go.jp/01/index.php?action_kouhyou_detail_004_kani=true&JigyosyoCd=0177100096-00&ServiceCd=210&Type=search", "url2": "http://www.yuuainosato.com/" }, "geometry": { "type": "Point", "coordinates": [ 141.837298299999929, 43.4508568 ] } },
{ "type": "Feature", "properties": { "内容": "短期入所生活介護かおる園【短期入所生活介護】樺戸郡新十津川町字花月２０１番地１特別養護老人ホーム　かおる園", "url": "https://www.kaigokensaku.mhlw.go.jp/01/index.php?action_kouhyou_detail_004_kani=true&JigyosyoCd=0177100369-00&ServiceCd=210&Type=search", "url2": "https://www.maywakai.info/ショートステイ" }, "geometry": { "type": "Point", "coordinates": [ 141.859635199999957, 43.4995245 ] } },
{ "type": "Feature", "properties": { "内容": "特別養護老人ホーム和敬園短期入所生活介護事業所【短期入所生活介護】北海道雨竜郡秩父別町１５１４番地", "url": "https://www.kaigokensaku.mhlw.go.jp/01/index.php?action_kouhyou_detail_004_kani=true&JigyosyoCd=0177400132-00&ServiceCd=210&Type=search", "url2": "http://wakeien.hjk.ne.jp/" }, "geometry": { "type": "Point", "coordinates": [ 141.954291300000023, 43.7708128 ] } },
{ "type": "Feature", "properties": { "内容": "雨竜寿園短期入所生活介護事業所【短期入所生活介護】北海道雨竜郡雨竜町字満寿37番地", "url": "https://www.kaigokensaku.mhlw.go.jp/01/index.php?action_kouhyou_detail_004_kani=true&JigyosyoCd=0177400140-00&ServiceCd=210&Type=search", "url2": "https://www.uryu-kotobukien.org" }, "geometry": { "type": "Point", "coordinates": [ 141.889136874868768, 43.674017519915346 ] } },
{ "type": "Feature", "properties": { "内容": "特別養護老人ホーム北竜町永楽園短期入所生活介護事業所【短期入所生活介護】北海道雨竜郡北竜町字和19-6", "url": "https://www.kaigokensaku.mhlw.go.jp/01/index.php?action_kouhyou_detail_004_kani=true&JigyosyoCd=0177400157-00&ServiceCd=210&Type=search", "url2": "http://blog.canpan.info/eirakuenho/" }, "geometry": { "type": "Point", "coordinates": [ 141.88221139999996, 43.7262233 ] } },
{ "type": "Feature", "properties": { "内容": "沼田町特別養護老人ホーム旭寿園【短期入所生活介護】北海道雨竜郡沼田町旭町3丁目5番25号", "url": "https://www.kaigokensaku.mhlw.go.jp/01/index.php?action_kouhyou_detail_004_kani=true&JigyosyoCd=0177400165-00&ServiceCd=210&Type=search", "url2": "https://kyokujyuen.wixsite.com/numata" }, "geometry": { "type": "Point", "coordinates": [ 141.943498399999953, 43.8063721 ] } },
{ "type": "Feature", "properties": { "内容": "沼田町短期入所生活介護事業所和風園【短期入所生活介護】北海道雨竜郡沼田町旭町３丁目５番４０号", "url": "https://www.kaigokensaku.mhlw.go.jp/01/index.php?action_kouhyou_detail_004_kani=true&JigyosyoCd=0177400413-00&ServiceCd=210&Type=search", "url2": "http://wahuuen.web.fc2.com/" }, "geometry": { "type": "Point", "coordinates": [ 141.945470399999977, 43.8071887 ] } },
{ "type": "Feature", "properties": { "内容": "鷹栖町ショートステイさつき苑【短期入所生活介護】北海道上川郡鷹栖町南1条3丁目2番7号　特別養護老人ホーム鷹栖さつき苑内", "url": "https://www.kaigokensaku.mhlw.go.jp/01/index.php?action_kouhyou_detail_004_kani=true&JigyosyoCd=0173100082-00&ServiceCd=210&Type=search", "url2": "http://www.satsuki-kai.jp/" }, "geometry": { "type": "Point", "coordinates": [ 142.357084855769529, 43.84358489465491 ] } },
{ "type": "Feature", "properties": { "内容": "さわやか東神楽館【短期入所生活介護】北海道上川郡東神楽町北1条東2丁目9番18号", "url": "https://www.kaigokensaku.mhlw.go.jp/01/index.php?action_kouhyou_detail_004_kani=true&JigyosyoCd=0173100447-00&ServiceCd=210&Type=search", "url2": "http://www.sawayakaclub.jp" }, "geometry": { "type": "Point", "coordinates": [ 142.460391699999946, 43.6974731 ] } },
{ "type": "Feature", "properties": { "内容": "東神楽町特別養護老人ホーム　アゼリアハイツ【短期入所生活介護】北海道上川郡東神楽町南2条東1丁目4番1号", "url": "https://www.kaigokensaku.mhlw.go.jp/01/index.php?action_kouhyou_detail_004_kani=true&JigyosyoCd=0173100579-00&ServiceCd=210&Type=search", "url2": null }, "geometry": { "type": "Point", "coordinates": [ 142.453478799999971, 43.6946177 ] } },
{ "type": "Feature", "properties": { "内容": "地域密着型特別養護老人ホーム当麻柏陽園【短期入所生活介護】北海道上川郡当麻町6条東4丁目6番1号", "url": "https://www.kaigokensaku.mhlw.go.jp/01/index.php?action_kouhyou_detail_004_kani=true&JigyosyoCd=0173100611-00&ServiceCd=210&Type=search", "url2": "http://toumahakuyoukai.hjk.ne.jp" }, "geometry": { "type": "Point", "coordinates": [ 142.531029200000035, 43.8306418 ] } },
{ "type": "Feature", "properties": { "内容": "特別養護老人ホーム当麻柏陽園【短期入所生活介護】北海道上川郡当麻町６条東４丁目６番１号", "url": "https://www.kaigokensaku.mhlw.go.jp/01/index.php?action_kouhyou_detail_004_kani=true&JigyosyoCd=0173100108-00&ServiceCd=210&Type=search", "url2": "http://toumahakuyoukai.hjk.ne.jp/index.html" }, "geometry": { "type": "Point", "coordinates": [ 142.530677400000059, 43.8306216 ] } },
{ "type": "Feature", "properties": { "内容": "特別養護老人ホームあそか苑【短期入所生活介護】北海道上川郡比布町東町２丁目５番２号", "url": "https://www.kaigokensaku.mhlw.go.jp/01/index.php?action_kouhyou_detail_004_kani=true&JigyosyoCd=0173100116-00&ServiceCd=210&Type=search", "url2": "https://web.gogo.jp/publicpreview/62ce99538db448686ca2c503#/" }, "geometry": { "type": "Point", "coordinates": [ 142.481209900000067, 43.8754117 ] } },
{ "type": "Feature", "properties": { "内容": "特別養護老人ホームいこいの里「あい」【短期入所生活介護】北海道上川郡愛別町字北町299番地1", "url": "https://www.kaigokensaku.mhlw.go.jp/01/index.php?action_kouhyou_detail_004_kani=true&JigyosyoCd=0173100306-00&ServiceCd=210&Type=search", "url2": "http://aibetsu-f.jp/" }, "geometry": { "type": "Point", "coordinates": [ 142.5764785, 43.9135999 ] } },
{ "type": "Feature", "properties": { "内容": "かみかわ福寿園短期入所生活介護事業所【短期入所生活介護】北海道上川郡上川町西町４番地１", "url": "https://www.kaigokensaku.mhlw.go.jp/01/index.php?action_kouhyou_detail_004_kani=true&JigyosyoCd=0173100074-00&ServiceCd=210&Type=search", "url2": "http://kamikawa-fukujuen.jp/" }, "geometry": { "type": "Point", "coordinates": [ 142.75944549999997, 43.8548985 ] } },
{ "type": "Feature", "properties": { "内容": "東川町羽衣園【短期入所生活介護】北海道上川郡東川町西町８丁目２９番３号", "url": "https://www.kaigokensaku.mhlw.go.jp/01/index.php?action_kouhyou_detail_004_kani=true&JigyosyoCd=0173100264-00&ServiceCd=210&Type=search", "url2": "http://www.a-fukushi.or.jp/" }, "geometry": { "type": "Point", "coordinates": [ 142.478367100000014, 43.7004927 ] } },
{ "type": "Feature", "properties": { "内容": "介護老人福祉施設美瑛慈光園【短期入所生活介護】北海道上川郡美瑛町南町4丁目4番18号", "url": "https://www.kaigokensaku.mhlw.go.jp/01/index.php?action_kouhyou_detail_004_kani=true&JigyosyoCd=0173100025-00&ServiceCd=210&Type=search", "url2": "https://www.biei-jikoukai.or.jp" }, "geometry": { "type": "Point", "coordinates": [ 142.46808, 43.5833847 ] } },
{ "type": "Feature", "properties": { "内容": "美瑛慈光園　サテライトショート　燈【短期入所生活介護】北海道上川郡美瑛町南町1丁目2番33号", "url": "https://www.kaigokensaku.mhlw.go.jp/01/index.php?action_kouhyou_detail_004_kani=true&JigyosyoCd=0173100397-00&ServiceCd=210&Type=search", "url2": "https://www.biei-jikoukai.or.jp" }, "geometry": { "type": "Point", "coordinates": [ 142.465740699999969, 43.586107 ] } },
{ "type": "Feature", "properties": { "内容": "上富良野町ラベンダーハイツ　短期入所生活介護【短期入所生活介護】北海道空知郡上富良野町西１線北２４号", "url": "https://www.kaigokensaku.mhlw.go.jp/01/index.php?action_kouhyou_detail_004_kani=true&JigyosyoCd=0173000068-00&ServiceCd=210&Type=search", "url2": "http://www.town.kamifurano.hokkaido.jp/" }, "geometry": { "type": "Point", "coordinates": [ 142.454784199999949, 43.4593687 ] } },
{ "type": "Feature", "properties": { "内容": "中富良野町特別養護老人ホームこぶし苑【短期入所生活介護】空知郡中富良野町東町３番８号", "url": "https://www.kaigokensaku.mhlw.go.jp/01/index.php?action_kouhyou_detail_004_kani=true&JigyosyoCd=0173000076-00&ServiceCd=210&Type=search", "url2": "http://www.town.nakafurano.lg.jp" }, "geometry": { "type": "Point", "coordinates": [ 142.427486400000021, 43.404118 ] } },
{ "type": "Feature", "properties": { "内容": "社会福祉法人　南富良野大乗会　　特別養護老人ホーム　一味園【短期入所生活介護】北海道空知郡南富良野町字幾寅５２８番地１", "url": "https://www.kaigokensaku.mhlw.go.jp/01/index.php?action_kouhyou_detail_004_kani=true&JigyosyoCd=0173000357-00&ServiceCd=210&Type=search", "url2": "http://mint.hokkai.net/daijoukai/index.html" }, "geometry": { "type": "Point", "coordinates": [ 142.568204299999934, 43.1692234 ] } },
{ "type": "Feature", "properties": { "内容": "和寒町短期入所サービスセンター芳生苑【短期入所生活介護】北海道上川郡和寒町字三笠6番地", "url": "https://www.kaigokensaku.mhlw.go.jp/01/index.php?action_kouhyou_detail_004_kani=true&JigyosyoCd=0173201088-00&ServiceCd=210&Type=search", "url2": "https://houseien.org/" }, "geometry": { "type": "Point", "coordinates": [ 142.4084809, 44.022857 ] } },
{ "type": "Feature", "properties": { "内容": "剣渕ひらなみ荘【短期入所生活介護】北海道上川郡剣淵町元町4番１号", "url": "https://www.kaigokensaku.mhlw.go.jp/01/index.php?action_kouhyou_detail_004_kani=true&JigyosyoCd=0173200197-00&ServiceCd=210&Type=search", "url2": "http://k-hokutokai.com/custom6.html" }, "geometry": { "type": "Point", "coordinates": [ 142.369917200000032, 44.0972466 ] } },
{ "type": "Feature", "properties": { "内容": "下川町立短期入所生活介護事業所【短期入所生活介護】北海道上川郡下川町西町３５２番地", "url": "https://www.kaigokensaku.mhlw.go.jp/01/index.php?action_kouhyou_detail_004_kani=true&JigyosyoCd=0173200114-00&ServiceCd=210&Type=search", "url2": "http://www.town.shimokawa.hokkaido.jp" }, "geometry": { "type": "Point", "coordinates": [ 142.627858899999978, 44.3032892 ] } },
{ "type": "Feature", "properties": { "内容": "美深町特別養護老人ホーム【短期入所生活介護】北海道中川郡美深町字敷島91番地", "url": "https://www.kaigokensaku.mhlw.go.jp/01/index.php?action_kouhyou_detail_004_kani=true&JigyosyoCd=0173200759-00&ServiceCd=210&Type=search", "url2": "https://www.bfk.jpn.com/" }, "geometry": { "type": "Point", "coordinates": [ 142.339717439811665, 44.48864756964521 ] } },
{ "type": "Feature", "properties": { "内容": "中川町社協特別養護老人ホーム一心苑【短期入所生活介護】北海道中川郡中川町字中川５２３番地２", "url": "https://www.kaigokensaku.mhlw.go.jp/01/index.php?action_kouhyou_detail_004_kani=true&JigyosyoCd=0173200486-00&ServiceCd=210&Type=search", "url2": null }, "geometry": { "type": "Point", "coordinates": [ 142.073602700000038, 44.8035746 ] } },
{ "type": "Feature", "properties": { "内容": "(介護予防)短期入所生活介護事業所　テルケア【短期入所生活介護】北海道雨竜郡字幌加内926番1", "url": "https://www.kaigokensaku.mhlw.go.jp/01/index.php?action_kouhyou_detail_004_kani=true&JigyosyoCd=0177400595-00&ServiceCd=210&Type=search", "url2": "http://www.jukoukai.net/" }, "geometry": { "type": "Point", "coordinates": [ 142.153922200000011, 44.0098097 ] } },
{ "type": "Feature", "properties": { "内容": "短期入所生活介護事業所増毛町立明和園【短期入所生活介護】北海道増毛郡増毛町見晴町438番地1", "url": "https://www.kaigokensaku.mhlw.go.jp/01/index.php?action_kouhyou_detail_004_kani=true&JigyosyoCd=0176400760-00&ServiceCd=210&Type=search", "url2": "mashikeshakyo.gray.plala.or.jp" }, "geometry": { "type": "Point", "coordinates": [ 141.5221722, 43.8531507 ] } },
{ "type": "Feature", "properties": { "内容": "小平町指定短期入所生活介護事業所【短期入所生活介護】北海道留萌郡小平町字小平町３９８番地の20", "url": "https://www.kaigokensaku.mhlw.go.jp/01/index.php?action_kouhyou_detail_004_kani=true&JigyosyoCd=0176400026-00&ServiceCd=210&Type=search", "url2": null }, "geometry": { "type": "Point", "coordinates": [ 141.662405900000067, 44.0125661 ] } },
{ "type": "Feature", "properties": { "内容": "特別養護老人ホーム　苫前幸寿園【短期入所生活介護】北海道苫前郡苫前町字旭105-7", "url": "https://www.kaigokensaku.mhlw.go.jp/01/index.php?action_kouhyou_detail_004_kani=true&JigyosyoCd=0176400091-00&ServiceCd=210&Type=search", "url2": null }, "geometry": { "type": "Point", "coordinates": [ 141.659014339811705, 44.30614574950495 ] } },
{ "type": "Feature", "properties": { "内容": "羽幌町立特別養護老人ホームしあわせ荘【短期入所生活介護】北海道苫前郡羽幌町栄町97番地の1羽幌町立特別養護老人ホームしあわせ荘", "url": "https://www.kaigokensaku.mhlw.go.jp/01/index.php?action_kouhyou_detail_004_kani=true&JigyosyoCd=0176400158-00&ServiceCd=210&Type=search", "url2": null }, "geometry": { "type": "Point", "coordinates": [ 141.694806299999982, 44.3565023 ] } },
{ "type": "Feature", "properties": { "内容": "ショートステイ友愛苑【短期入所生活介護】北海道天塩郡遠別町字本町６丁目１番地６", "url": "https://www.kaigokensaku.mhlw.go.jp/01/index.php?action_kouhyou_detail_004_kani=true&JigyosyoCd=0176711265-00&ServiceCd=210&Type=search", "url2": "https://fukuroukai.org" }, "geometry": { "type": "Point", "coordinates": [ 141.79587810000001, 44.7203123 ] } },
{ "type": "Feature", "properties": { "内容": "天塩町在宅老人指定短期入所生活介護事業所【短期入所生活介護】北海道天塩郡天塩町字サラキシ５７１０番地", "url": "https://www.kaigokensaku.mhlw.go.jp/01/index.php?action_kouhyou_detail_004_kani=true&JigyosyoCd=0176700193-00&ServiceCd=210&Type=search", "url2": "https://www.protech-web.co.jp/homepage/teshio/info.html" }, "geometry": { "type": "Point", "coordinates": [ 141.752130099999931, 44.8776735 ] } },
{ "type": "Feature", "properties": { "内容": "さるふつやすらぎ苑短期入所生活介護事業所【短期入所生活介護】北海道宗谷郡猿払村鬼志別北町７０番地", "url": "https://www.kaigokensaku.mhlw.go.jp/01/index.php?action_kouhyou_detail_004_kani=true&JigyosyoCd=0176700011-00&ServiceCd=210&Type=search", "url2": "https://sarufutsufukushikai.or.jp" }, "geometry": { "type": "Point", "coordinates": [ 142.120404600000029, 45.3325358 ] } },
{ "type": "Feature", "properties": { "内容": "特別養護老人ホーム　ぬくもりの舎【短期入所生活介護】北海道枝幸郡浜頓別町クッチャロ湖畔51番地特別養護老人ホーム　ぬくもりの舎", "url": "https://www.kaigokensaku.mhlw.go.jp/01/index.php?action_kouhyou_detail_004_kani=true&JigyosyoCd=0176701019-00&ServiceCd=210&Type=search", "url2": "https://hamatonbetu-fukusikai.com/" }, "geometry": { "type": "Point", "coordinates": [ 142.353159399999981, 45.1246545 ] } },
{ "type": "Feature", "properties": { "内容": "中頓別町特別養護老人ホーム長寿園短期入所生活介護【短期入所生活介護】北海道枝幸郡中頓別町字中頓別160番地9", "url": "https://www.kaigokensaku.mhlw.go.jp/01/index.php?action_kouhyou_detail_004_kani=true&JigyosyoCd=0176711224-00&ServiceCd=210&Type=search", "url2": null }, "geometry": { "type": "Point", "coordinates": [ 142.285019, 44.9712098 ] } },
{ "type": "Feature", "properties": { "内容": "特別養護老人ホーム歌翠園【短期入所生活介護】北海道枝幸郡枝幸町歌登桧垣町１４２番地", "url": "https://www.kaigokensaku.mhlw.go.jp/01/index.php?action_kouhyou_detail_004_kani=true&JigyosyoCd=0176700037-00&ServiceCd=210&Type=search", "url2": "http://kasuien.com/html/" }, "geometry": { "type": "Point", "coordinates": [ 142.466947, 44.8371826 ] } },
{ "type": "Feature", "properties": { "内容": "枝幸苑短期入所生活介護事業所【短期入所生活介護】北海道枝幸郡枝幸町三笠町1611番地43", "url": "https://www.kaigokensaku.mhlw.go.jp/01/index.php?action_kouhyou_detail_004_kani=true&JigyosyoCd=0176700227-00&ServiceCd=210&Type=search", "url2": null }, "geometry": { "type": "Point", "coordinates": [ 142.5687173, 44.9408019 ] } },
{ "type": "Feature", "properties": { "内容": "特別養護老人ホーム温心園【短期入所生活介護】北海道天塩郡豊富町字上サロベツ2005-29", "url": "https://www.kaigokensaku.mhlw.go.jp/01/index.php?action_kouhyou_detail_004_kani=true&JigyosyoCd=0176700490-00&ServiceCd=210&Type=search", "url2": "http://onshinen.com/" }, "geometry": { "type": "Point", "coordinates": [ 141.777468799999951, 45.0965449 ] } },
{ "type": "Feature", "properties": { "内容": "社会福祉法人礼文福祉会指定礼宝園短期入所生活介護事業所【短期入所生活介護】北海道礼文郡礼文町大字香深村字カフカイ766番地の3", "url": "https://www.kaigokensaku.mhlw.go.jp/01/index.php?action_kouhyou_detail_004_kani=true&JigyosyoCd=0176700128-00&ServiceCd=210&Type=search", "url2": "http://www.reihouen.or.jp/" }, "geometry": { "type": "Point", "coordinates": [ 141.041481299999987, 45.3415928 ] } },
{ "type": "Feature", "properties": { "内容": "利尻町特別養護老人ホームほのぼの荘【短期入所生活介護】北海道利尻郡利尻町仙法志字政泊９１番地１", "url": "https://www.kaigokensaku.mhlw.go.jp/01/index.php?action_kouhyou_detail_004_kani=true&JigyosyoCd=0176700243-00&ServiceCd=210&Type=search", "url2": null }, "geometry": { "type": "Point", "coordinates": [ 141.212678099999948, 45.1137622 ] } },
{ "type": "Feature", "properties": { "内容": "利尻富士町短期入所生活介護事業所【短期入所生活介護】北海道利尻郡利尻富士町鬼脇字鬼脇205番地1", "url": "https://www.kaigokensaku.mhlw.go.jp/01/index.php?action_kouhyou_detail_004_kani=true&JigyosyoCd=0176701100-00&ServiceCd=210&Type=search", "url2": null }, "geometry": { "type": "Point", "coordinates": [ 141.304896262912223, 45.132465815691717 ] } },
{ "type": "Feature", "properties": { "内容": "特別養護老人ホームこざくら荘【短期入所生活介護】北海道天塩郡幌延町1条北2丁目1番3号", "url": "https://www.kaigokensaku.mhlw.go.jp/01/index.php?action_kouhyou_detail_004_kani=true&JigyosyoCd=0176700169-00&ServiceCd=210&Type=search", "url2": "http://kozakura-horonobe.jp/" }, "geometry": { "type": "Point", "coordinates": [ 141.8443651, 45.0173888 ] } },
{ "type": "Feature", "properties": { "内容": "緑の苑　短期入所生活介護事業所【短期入所生活介護】北海道網走郡美幌町字稲美105番地7", "url": "https://www.kaigokensaku.mhlw.go.jp/01/index.php?action_kouhyou_detail_004_kani=true&JigyosyoCd=0175200161-00&ServiceCd=210&Type=search", "url2": "http://www.keiwafukushi.jp/" }, "geometry": { "type": "Point", "coordinates": [ 144.120965599999977, 43.8211156 ] } },
{ "type": "Feature", "properties": { "内容": "緑の苑　短期入所生活介護事業所【短期入所生活介護】北海道網走郡美幌町字稲美105番地７", "url": "https://www.kaigokensaku.mhlw.go.jp/01/index.php?action_kouhyou_detail_004_kani=true&JigyosyoCd=0175200179-00&ServiceCd=210&Type=search", "url2": "https://www.keiwafukushi.jp/" }, "geometry": { "type": "Point", "coordinates": [ 144.120965599999977, 43.8211156 ] } },
{ "type": "Feature", "properties": { "内容": "いちいの園（介護予防）短期入所生活介護【短期入所生活介護】北海道網走郡津別町字共和25番地1", "url": "https://www.kaigokensaku.mhlw.go.jp/01/index.php?action_kouhyou_detail_004_kani=true&JigyosyoCd=0175200229-00&ServiceCd=210&Type=search", "url2": "http://www.keiwafukushi.jp/" }, "geometry": { "type": "Point", "coordinates": [ 144.028740400000061, 43.698476600000049 ] } },
{ "type": "Feature", "properties": { "内容": "老人短期入所事業えみある【短期入所生活介護】北海道斜里郡斜里町青葉町40番地1", "url": "https://www.kaigokensaku.mhlw.go.jp/01/index.php?action_kouhyou_detail_004_kani=true&JigyosyoCd=0175300714-00&ServiceCd=210&Type=search", "url2": "https://www.protech-web.co.jp/homepage/sharifukushikai/index.html" }, "geometry": { "type": "Point", "coordinates": [ 144.661902899999973, 43.9048937 ] } },
{ "type": "Feature", "properties": { "内容": "老人短期入所事業（やすらぎの苑）【短期入所生活介護】北海道斜里郡斜里町青葉町３８番地", "url": "https://www.kaigokensaku.mhlw.go.jp/01/index.php?action_kouhyou_detail_004_kani=true&JigyosyoCd=0175300482-00&ServiceCd=210&Type=search", "url2": "http://protech-web.co.jp/homepage/sharifukushikai/index.htmi" }, "geometry": { "type": "Point", "coordinates": [ 144.662391800000023, 43.9037993 ] } },
{ "type": "Feature", "properties": { "内容": "特別養護老人ホーム清楽園(ユニット)【短期入所生活介護】北海道斜里郡清里町水元町38番地4", "url": "https://www.kaigokensaku.mhlw.go.jp/01/index.php?action_kouhyou_detail_004_kani=true&JigyosyoCd=0175300706-00&ServiceCd=210&Type=search", "url2": null }, "geometry": { "type": "Point", "coordinates": [ 144.586332099999936, 43.8399124 ] } },
{ "type": "Feature", "properties": { "内容": "特別養護老人ホーム清楽園【短期入所生活介護】北海道斜里郡清里町水元町３８番地４", "url": "https://www.kaigokensaku.mhlw.go.jp/01/index.php?action_kouhyou_detail_004_kani=true&JigyosyoCd=0175300110-00&ServiceCd=210&Type=search", "url2": "https://www.kiyosato-seirakuen.com/" }, "geometry": { "type": "Point", "coordinates": [ 144.586332099999936, 43.8399124 ] } },
{ "type": "Feature", "properties": { "内容": "JA北海道厚生連小清水町特別養護老人ホーム愛寿苑【短期入所生活介護】北海道斜里郡小清水町字共和１３番地の１", "url": "https://www.kaigokensaku.mhlw.go.jp/01/index.php?action_kouhyou_detail_004_kani=true&JigyosyoCd=0175300722-00&ServiceCd=210&Type=search", "url2": "http://www.dou-kouseiren.com/" }, "geometry": { "type": "Point", "coordinates": [ 144.457509399999907, 43.8528578 ] } },
{ "type": "Feature", "properties": { "内容": "指定短期入所生活介護事業所　くんねっぷ静寿園【短期入所生活介護】常呂郡訓子府町字穂波69番地57", "url": "https://www.kaigokensaku.mhlw.go.jp/01/index.php?action_kouhyou_detail_004_kani=true&JigyosyoCd=0175000124-00&ServiceCd=210&Type=search", "url2": "http://www.kunneppu-fukushikai.or.jp/" }, "geometry": { "type": "Point", "coordinates": [ 143.751384899999948, 43.7258299 ] } },
{ "type": "Feature", "properties": { "内容": "置戸町社会福祉協議会特別養護老人ホーム短期入所生活介護事業所【短期入所生活介護】北海道常呂郡置戸町字拓殖51番地の13", "url": "https://www.kaigokensaku.mhlw.go.jp/01/index.php?action_kouhyou_detail_004_kani=true&JigyosyoCd=0175012061-00&ServiceCd=210&Type=search", "url2": null }, "geometry": { "type": "Point", "coordinates": [ 143.565535299999965, 43.6662737 ] } },
{ "type": "Feature", "properties": { "内容": "佐呂間町立特別養護老人ホーム愛の園【短期入所生活介護】北海道常呂郡佐呂間町字永代町１７７番地の１０", "url": "https://www.kaigokensaku.mhlw.go.jp/01/index.php?action_kouhyou_detail_004_kani=true&JigyosyoCd=0175400134-00&ServiceCd=210&Type=search", "url2": "https://www.town.saroma.hokkaido.jp/shisetsu/fukushi/ainosono.html" }, "geometry": { "type": "Point", "coordinates": [ 143.775625, 44.0145702 ] } },
{ "type": "Feature", "properties": { "内容": "特別養護老人ホーム　丸瀬布ヒルトップハイツ【短期入所生活介護】北海道紋別郡遠軽町丸瀬布新町274番地1", "url": "https://www.kaigokensaku.mhlw.go.jp/01/index.php?action_kouhyou_detail_004_kani=true&JigyosyoCd=0175400142-00&ServiceCd=210&Type=search", "url2": "https://maruseppu-shk.jp/" }, "geometry": { "type": "Point", "coordinates": [ 143.338942038215492, 44.002852701370003 ] } },
{ "type": "Feature", "properties": { "内容": "地域密着型特別養護老人ホームグリーンプラザ【短期入所生活介護】北海道紋別郡遠軽町丸瀬布新町274番地2", "url": "https://www.kaigokensaku.mhlw.go.jp/01/index.php?action_kouhyou_detail_004_kani=true&JigyosyoCd=0175400613-00&ServiceCd=210&Type=search", "url2": "https://maruseppu-shk.jp" }, "geometry": { "type": "Point", "coordinates": [ 143.3393585, 44.0035515 ] } },
{ "type": "Feature", "properties": { "内容": "特別養護老人ホーム　花の苑指定短期入所生活介護事業所【短期入所生活介護】紋別郡遠軽町西町３丁目４番地", "url": "https://www.kaigokensaku.mhlw.go.jp/01/index.php?action_kouhyou_detail_004_kani=true&JigyosyoCd=0175400043-00&ServiceCd=210&Type=search", "url2": "https://www.jokokai.or.jp/" }, "geometry": { "type": "Point", "coordinates": [ 143.51195451259764, 44.048805789277203 ] } },
{ "type": "Feature", "properties": { "内容": "湖水の杜短期入所生活介護【短期入所生活介護】北海道紋別郡湧別町芭露2334番地の2", "url": "https://www.kaigokensaku.mhlw.go.jp/01/index.php?action_kouhyou_detail_004_kani=true&JigyosyoCd=0175400670-00&ServiceCd=210&Type=search", "url2": "http://yubetsu-f.jp/" }, "geometry": { "type": "Point", "coordinates": [ 143.693396670276826, 44.151325133030547 ] } },
{ "type": "Feature", "properties": { "内容": "地域密着型特別養護老人ホーム湧愛園　ちゅーりっぷの里【短期入所生活介護】北海道紋別郡湧別町上湧別屯田市街地３３６番地の１", "url": "https://www.kaigokensaku.mhlw.go.jp/01/index.php?action_kouhyou_detail_004_kani=true&JigyosyoCd=0175400704-00&ServiceCd=210&Type=search", "url2": "https://kamiyuubetsufukushi.or.jp/" }, "geometry": { "type": "Point", "coordinates": [ 143.5741731, 44.1536549 ] } },
{ "type": "Feature", "properties": { "内容": "湧別オホーツク園短期入所生活介護【短期入所生活介護】紋別郡湧別町東41番地の1", "url": "https://www.kaigokensaku.mhlw.go.jp/01/index.php?action_kouhyou_detail_004_kani=true&JigyosyoCd=0175400159-00&ServiceCd=210&Type=search", "url2": "http://yubetsu-f.jp/" }, "geometry": { "type": "Point", "coordinates": [ 143.621259881089799, 44.216869492378088 ] } },
{ "type": "Feature", "properties": { "内容": "湧別オホーツク園リラの杜短期入所生活介護【短期入所生活介護】北海道紋別郡湧別町東41番地の16", "url": "https://www.kaigokensaku.mhlw.go.jp/01/index.php?action_kouhyou_detail_004_kani=true&JigyosyoCd=0175400662-00&ServiceCd=210&Type=search", "url2": "http://yubetsu-f.jp/" }, "geometry": { "type": "Point", "coordinates": [ 143.620649485465918, 44.216466431289113 ] } },
{ "type": "Feature", "properties": { "内容": "社会福祉法人上湧別福祉会　特別養護老人ホーム湧愛園【短期入所生活介護】北海道紋別郡湧別町上湧別屯田市街地３３６番地の１", "url": "https://www.kaigokensaku.mhlw.go.jp/01/index.php?action_kouhyou_detail_004_kani=true&JigyosyoCd=0175400357-00&ServiceCd=210&Type=search", "url2": "https://kamiyuubetsufukushi.or.jp" }, "geometry": { "type": "Point", "coordinates": [ 143.57493979458161, 44.154366210984051 ] } },
{ "type": "Feature", "properties": { "内容": "湧別オホーツク園リラの杜短期入所生活介護施設【短期入所生活介護】紋別郡湧別町東41番地の16", "url": "https://www.kaigokensaku.mhlw.go.jp/01/index.php?action_kouhyou_detail_004_kani=true&JigyosyoCd=0175400738-00&ServiceCd=210&Type=search", "url2": "https://yubetsu-f.jp/" }, "geometry": { "type": "Point", "coordinates": [ 143.6208173, 44.2163952 ] } },
{ "type": "Feature", "properties": { "内容": "地域密着型介護老人福祉施設湧愛園ちゅーりっぷの里【短期入所生活介護】北海道紋別郡湧別町上湧別屯田市街地336番地の1", "url": "https://www.kaigokensaku.mhlw.go.jp/01/index.php?action_kouhyou_detail_004_kani=true&JigyosyoCd=0175400753-00&ServiceCd=210&Type=search", "url2": "https://kamiyuubetsufukushikai.or.jp" }, "geometry": { "type": "Point", "coordinates": [ 143.5741731, 44.1536549 ] } },
{ "type": "Feature", "properties": { "内容": "湧別オホーツク園短期入所生活介護施設【短期入所生活介護】紋別郡湧別町東41番地の1", "url": "https://www.kaigokensaku.mhlw.go.jp/01/index.php?action_kouhyou_detail_004_kani=true&JigyosyoCd=0175400720-00&ServiceCd=210&Type=search", "url2": "https://yubetsu-f.jp/" }, "geometry": { "type": "Point", "coordinates": [ 143.621386411778246, 44.216916696980114 ] } },
{ "type": "Feature", "properties": { "内容": "特別養護老人ホーム湧愛園　湧愛園短期入所生活介護施設【短期入所生活介護】北海道紋別郡湧別町上湧別屯田市街地３３６番地の１", "url": "https://www.kaigokensaku.mhlw.go.jp/01/index.php?action_kouhyou_detail_004_kani=true&JigyosyoCd=0175400761-00&ServiceCd=210&Type=search", "url2": null }, "geometry": { "type": "Point", "coordinates": [ 143.5741731, 44.1536549 ] } },
{ "type": "Feature", "properties": { "内容": "湖水の杜短期入所生活介護【短期入所生活介護】北海道紋別郡湧別町芭露2334番地の2", "url": "https://www.kaigokensaku.mhlw.go.jp/01/index.php?action_kouhyou_detail_004_kani=true&JigyosyoCd=0175400746-00&ServiceCd=210&Type=search", "url2": "http://yubetsu-f.jp/" }, "geometry": { "type": "Point", "coordinates": [ 143.6934254, 44.1512605 ] } },
{ "type": "Feature", "properties": { "内容": "渓樹園指定短期入所生活介護事業所【短期入所生活介護】紋別郡滝上町字オシラネップ原野２８０番地", "url": "https://www.kaigokensaku.mhlw.go.jp/01/index.php?action_kouhyou_detail_004_kani=true&JigyosyoCd=0175100064-00&ServiceCd=210&Type=search", "url2": "https://takinouefukushikai.com" }, "geometry": { "type": "Point", "coordinates": [ 143.099975299999983, 44.1970479 ] } },
{ "type": "Feature", "properties": { "内容": "特別養護老人ホームにしおこっぺ興楽園【短期入所生活介護】北海道紋別郡西興部村字西興部289番地1", "url": "https://www.kaigokensaku.mhlw.go.jp/01/index.php?action_kouhyou_detail_004_kani=true&JigyosyoCd=0175100072-00&ServiceCd=210&Type=search", "url2": "https://ni-fukushikai.com/" }, "geometry": { "type": "Point", "coordinates": [ 142.946722099999988, 44.3322556 ] } },
{ "type": "Feature", "properties": { "内容": "特別養護老人ホーム　にしおこっぺ興楽園【短期入所生活介護】北海道紋別郡西興部村字西興部289番地1", "url": "https://www.kaigokensaku.mhlw.go.jp/01/index.php?action_kouhyou_detail_004_kani=true&JigyosyoCd=0175100387-00&ServiceCd=210&Type=search", "url2": "https://ni-fukushikai.com/" }, "geometry": { "type": "Point", "coordinates": [ 142.946722099999988, 44.332255600000011 ] } },
{ "type": "Feature", "properties": { "内容": "雄武町立特別養護老人ホーム雄愛園【短期入所生活介護】北海道紋別郡雄武町字雄武１８８５番地3", "url": "https://www.kaigokensaku.mhlw.go.jp/01/index.php?action_kouhyou_detail_004_kani=true&JigyosyoCd=0175100262-00&ServiceCd=210&Type=search", "url2": "http://oumu-shakyo.jp/" }, "geometry": { "type": "Point", "coordinates": [ 142.958955, 44.5839032 ] } },
{ "type": "Feature", "properties": { "内容": "短期入所生活介護施設　女満別ドリーム苑【短期入所生活介護】北海道網走郡大空町女満別西４条５丁目４番１０号", "url": "https://www.kaigokensaku.mhlw.go.jp/01/index.php?action_kouhyou_detail_004_kani=true&JigyosyoCd=0175200237-00&ServiceCd=210&Type=search", "url2": "http://memanbetsuhukushikai.web.fc2.com/" }, "geometry": { "type": "Point", "coordinates": [ 144.172942799999987, 43.90837 ] } },
{ "type": "Feature", "properties": { "内容": "特別養護老人ホーム女満別ドリーム苑【短期入所生活介護】北海道網走郡大空町女満別西４条５丁目４－１０", "url": "https://www.kaigokensaku.mhlw.go.jp/01/index.php?action_kouhyou_detail_004_kani=true&JigyosyoCd=0175200021-00&ServiceCd=210&Type=search", "url2": "http://memanbetsuhukushikai.web.fc2.com/" }, "geometry": { "type": "Point", "coordinates": [ 144.170818, 43.915941 ] } },
{ "type": "Feature", "properties": { "内容": "特別養護老人ホーム東藻琴福寿苑ユニット館【短期入所生活介護】北海道網走郡大空町東藻琴３８３番地の３５特別養護老人ホーム東藻琴福寿苑ユニット館", "url": "https://www.kaigokensaku.mhlw.go.jp/01/index.php?action_kouhyou_detail_004_kani=true&JigyosyoCd=0175200286-00&ServiceCd=210&Type=search", "url2": "http//www.fukujyuen.info/" }, "geometry": { "type": "Point", "coordinates": [ 144.29263, 43.8403712 ] } },
{ "type": "Feature", "properties": { "内容": "東藻琴福寿苑短期入所介護施設【短期入所生活介護】網走郡大空町東藻琴３８７番地８", "url": "https://www.kaigokensaku.mhlw.go.jp/01/index.php?action_kouhyou_detail_004_kani=true&JigyosyoCd=0175300094-00&ServiceCd=210&Type=search", "url2": "https://blog.fukujyuen.info" }, "geometry": { "type": "Point", "coordinates": [ 144.291089712828125, 43.840683032752032 ] } },
{ "type": "Feature", "properties": { "内容": "こころの郷・幸豊園短期入所生活介護事業所【短期入所生活介護】北海道虻田郡豊浦町字豊泉１３２番地", "url": "https://www.kaigokensaku.mhlw.go.jp/01/index.php?action_kouhyou_detail_004_kani=true&JigyosyoCd=0173700089-00&ServiceCd=210&Type=search", "url2": "http://www.koseikai-wel.or.jp" }, "geometry": { "type": "Point", "coordinates": [ 140.659217, 42.6019908 ] } },
{ "type": "Feature", "properties": { "内容": "特別養護老人ホーム　第2長日園【短期入所生活介護】有珠郡壮瞥町字滝之町287番地8", "url": "https://www.kaigokensaku.mhlw.go.jp/01/index.php?action_kouhyou_detail_004_kani=true&JigyosyoCd=0173700154-00&ServiceCd=210&Type=search", "url2": "http://www.tyoujituen.jp/" }, "geometry": { "type": "Point", "coordinates": [ 140.890094399999953, 42.5531167 ] } },
{ "type": "Feature", "properties": { "内容": "寿幸園指定短期入所生活介護事業所【短期入所生活介護】白老郡白老町東町４丁目６番８号", "url": "https://www.kaigokensaku.mhlw.go.jp/01/index.php?action_kouhyou_detail_004_kani=true&JigyosyoCd=0173600149-00&ServiceCd=210&Type=search", "url2": "http://tenjyukai.or.jp" }, "geometry": { "type": "Point", "coordinates": [ 141.368271, 42.5543488 ] } },
{ "type": "Feature", "properties": { "内容": "北海道リハビリテーションセンター特養部【短期入所生活介護】北海道白老郡白老町字竹浦１３２番地", "url": "https://www.kaigokensaku.mhlw.go.jp/01/index.php?action_kouhyou_detail_004_kani=true&JigyosyoCd=0173600156-00&ServiceCd=210&Type=search", "url2": "http://tenjyukai.or.jp" }, "geometry": { "type": "Point", "coordinates": [ 141.230429, 42.4712946 ] } },
{ "type": "Feature", "properties": { "内容": "寿幸園指定短期入所生活介護事業所【短期入所生活介護】北海道白老郡白老町東町４丁目６番地８号", "url": "https://www.kaigokensaku.mhlw.go.jp/01/index.php?action_kouhyou_detail_004_kani=true&JigyosyoCd=0173629734-00&ServiceCd=210&Type=search", "url2": "https://www.s-tenjyu.org.jp" }, "geometry": { "type": "Point", "coordinates": [ 139.5259314, 35.6946261 ] } },
{ "type": "Feature", "properties": { "内容": "短期入所生活施設豊厚園【短期入所生活介護】勇払郡厚真町新町１１６番地の３", "url": "https://www.kaigokensaku.mhlw.go.jp/01/index.php?action_kouhyou_detail_004_kani=true&JigyosyoCd=0173600172-00&ServiceCd=210&Type=search", "url2": "http://www.atsuma.or.jp/" }, "geometry": { "type": "Point", "coordinates": [ 141.881716385990586, 42.720976254124622 ] } },
{ "type": "Feature", "properties": { "内容": "ふれあい幸楽園短期入所生活介護事業所【短期入所生活介護】北海道虻田郡洞爺湖町清水434番地ふる里の丘総合福祉館", "url": "https://www.kaigokensaku.mhlw.go.jp/01/index.php?action_kouhyou_detail_004_kani=true&JigyosyoCd=0173700121-00&ServiceCd=210&Type=search", "url2": "https://www.koseikai-wel.or.jp" }, "geometry": { "type": "Point", "coordinates": [ 140.745855500000062, 42.5587834 ] } },
{ "type": "Feature", "properties": { "内容": "特別養護老人ホーム　幸豊の杜成香2021【短期入所生活介護】北海道虻田郡洞爺湖町成香109番地18", "url": "https://www.kaigokensaku.mhlw.go.jp/01/index.php?action_kouhyou_detail_004_kani=true&JigyosyoCd=0173700758-00&ServiceCd=210&Type=search", "url2": "http://www.koseikai-wel.or.jp" }, "geometry": { "type": "Point", "coordinates": [ 140.79102, 42.6226343 ] } },
{ "type": "Feature", "properties": { "内容": "陽光苑短期入所生活介護事業所【短期入所生活介護】北海道勇払郡安平町追分青葉1丁目102番地", "url": "https://www.kaigokensaku.mhlw.go.jp/01/index.php?action_kouhyou_detail_004_kani=true&JigyosyoCd=0173600164-00&ServiceCd=210&Type=search", "url2": "https://o-akebono.or.jp" }, "geometry": { "type": "Point", "coordinates": [ 141.80301396677757, 42.877899297913011 ] } },
{ "type": "Feature", "properties": { "内容": "胆振東部鵡川慶寿苑【短期入所生活介護】北海道勇払郡むかわ町駒場105番地", "url": "https://www.kaigokensaku.mhlw.go.jp/01/index.php?action_kouhyou_detail_004_kani=true&JigyosyoCd=0173600198-00&ServiceCd=210&Type=search", "url2": "http://www.mukawakeijyukai.or.jp/" }, "geometry": { "type": "Point", "coordinates": [ 141.919792700000016, 42.5722372 ] } },
{ "type": "Feature", "properties": { "内容": "愛誠園短期入所生活介護事業所【短期入所生活介護】北海道勇払郡むかわ町穂別８０番地１０", "url": "https://www.kaigokensaku.mhlw.go.jp/01/index.php?action_kouhyou_detail_004_kani=true&JigyosyoCd=0173600180-00&ServiceCd=210&Type=search", "url2": "http://www.hobetsu-aiseikai.or.jp/" }, "geometry": { "type": "Point", "coordinates": [ 141.346807399999989, 43.0646147 ] } },
{ "type": "Feature", "properties": { "内容": "ショートステイ門別得陽園【短期入所生活介護】沙流郡日高町字富浜223-143", "url": "https://www.kaigokensaku.mhlw.go.jp/01/index.php?action_kouhyou_detail_004_kani=true&JigyosyoCd=0173800962-00&ServiceCd=210&Type=search", "url2": "https://www.ichihatsu-swc.jp/" }, "geometry": { "type": "Point", "coordinates": [ 142.050754756248807, 42.496800824325369 ] } },
{ "type": "Feature", "properties": { "内容": "日高町立特別養護老人ホーム日高高寿園【短期入所生活介護】北海道沙流郡日高町栄町東1丁目303番地の12", "url": "https://www.kaigokensaku.mhlw.go.jp/01/index.php?action_kouhyou_detail_004_kani=true&JigyosyoCd=0173800657-00&ServiceCd=210&Type=search", "url2": null }, "geometry": { "type": "Point", "coordinates": [ 142.440418499999964, 42.8790478 ] } },
{ "type": "Feature", "properties": { "内容": "平取かつら園短期入所生活介護事業所【短期入所生活介護】沙流郡平取町本町１７番地１", "url": "https://www.kaigokensaku.mhlw.go.jp/01/index.php?action_kouhyou_detail_004_kani=true&JigyosyoCd=0173800152-00&ServiceCd=210&Type=search", "url2": "http://birafuku.jp/" }, "geometry": { "type": "Point", "coordinates": [ 142.126256036909467, 42.584080748194523 ] } },
{ "type": "Feature", "properties": { "内容": "特別養護老人ホームおうるの郷【短期入所生活介護】北海道新冠郡新冠町字共栄３１８番地１９", "url": "https://www.kaigokensaku.mhlw.go.jp/01/index.php?action_kouhyou_detail_004_kani=true&JigyosyoCd=0173801440-00&ServiceCd=210&Type=search", "url2": "https://fukuroukai.org/" }, "geometry": { "type": "Point", "coordinates": [ 142.2966743, 42.4538963 ] } },
{ "type": "Feature", "properties": { "内容": "新冠町立特別養護老人ホーム恵寿荘【短期入所生活介護】北海道新冠郡新冠町字中央町５番地の３６", "url": "https://www.kaigokensaku.mhlw.go.jp/01/index.php?action_kouhyou_detail_004_kani=true&JigyosyoCd=0173800178-00&ServiceCd=210&Type=search", "url2": "http://www.niikappu.jp" }, "geometry": { "type": "Point", "coordinates": [ 142.313954700000068, 42.3631053 ] } },
{ "type": "Feature", "properties": { "内容": "特別養護老人ホームちのみの杜【短期入所生活介護】北海道浦河郡浦河町東町ちのみ4丁目15番1号", "url": "https://www.kaigokensaku.mhlw.go.jp/01/index.php?action_kouhyou_detail_004_kani=true&JigyosyoCd=0173801143-00&ServiceCd=210&Type=search", "url2": null }, "geometry": { "type": "Point", "coordinates": [ 142.797421, 42.1707285 ] } },
{ "type": "Feature", "properties": { "内容": "様似ソビラ荘短期入所生活介護事業所【短期入所生活介護】北海道様似郡様似町朝日丘45番地", "url": "https://www.kaigokensaku.mhlw.go.jp/01/index.php?action_kouhyou_detail_004_kani=true&JigyosyoCd=0173800194-00&ServiceCd=210&Type=search", "url2": "http://sobira.jp" }, "geometry": { "type": "Point", "coordinates": [ 142.944615843096926, 42.129357288386288 ] } },
{ "type": "Feature", "properties": { "内容": "やまと苑短期入所生活介護事業所【短期入所生活介護】北海道幌泉郡えりも町字大和１０６番地の３", "url": "https://www.kaigokensaku.mhlw.go.jp/01/index.php?action_kouhyou_detail_004_kani=true&JigyosyoCd=0173800202-00&ServiceCd=210&Type=search", "url2": "http://www.erimohukusikai.or.jp" }, "geometry": { "type": "Point", "coordinates": [ 143.130609700000036, 42.0318358 ] } },
{ "type": "Feature", "properties": { "内容": "新ひだか町立特別養護老人ホーム静寿園【短期入所生活介護】北海道日高郡新ひだか町静内緑町７丁目５番１号", "url": "https://www.kaigokensaku.mhlw.go.jp/01/index.php?action_kouhyou_detail_004_kani=true&JigyosyoCd=0173800749-00&ServiceCd=210&Type=search", "url2": null }, "geometry": { "type": "Point", "coordinates": [ 142.376293, 42.3389955 ] } },
{ "type": "Feature", "properties": { "内容": "蓬莱荘短期入所生活介護事業所【短期入所生活介護】北海道日高郡新ひだか町三石旭町49番地の13", "url": "https://www.kaigokensaku.mhlw.go.jp/01/index.php?action_kouhyou_detail_004_kani=true&JigyosyoCd=0173800756-00&ServiceCd=210&Type=search", "url2": null }, "geometry": { "type": "Point", "coordinates": [ 142.566448199999968, 42.2480104 ] } },
{ "type": "Feature", "properties": { "内容": "特別養護老人ホーム寿楽園【短期入所生活介護】北海道河東郡音更町柏寿台1番地5", "url": "https://www.kaigokensaku.mhlw.go.jp/01/index.php?action_kouhyou_detail_004_kani=true&JigyosyoCd=0174700146-00&ServiceCd=210&Type=search", "url2": "http://www.hakuju.or.jp" }, "geometry": { "type": "Point", "coordinates": [ 143.193147334482319, 43.003987000331925 ] } },
{ "type": "Feature", "properties": { "内容": "介護老人福祉施設ロータス音更【短期入所生活介護】北海道河東郡音更町中鈴蘭元町２番地９", "url": "https://www.kaigokensaku.mhlw.go.jp/01/index.php?action_kouhyou_detail_004_kani=true&JigyosyoCd=0174701201-00&ServiceCd=210&Type=search", "url2": "http://www.teinelotuskai.com" }, "geometry": { "type": "Point", "coordinates": [ 143.190677100000016, 42.9555115 ] } },
{ "type": "Feature", "properties": { "内容": "士幌町短期入所生活介護事業所【短期入所生活介護】河東郡士幌町字士幌西2線169番地", "url": "https://www.kaigokensaku.mhlw.go.jp/01/index.php?action_kouhyou_detail_004_kani=true&JigyosyoCd=0174700799-00&ServiceCd=210&Type=search", "url2": null }, "geometry": { "type": "Point", "coordinates": [ 143.247012300000051, 43.1717853 ] } },
{ "type": "Feature", "properties": { "内容": "特別養護老人ホーム　上士幌すずらん荘【短期入所生活介護】北海道河東郡上士幌町字上士幌東２線２４２番地", "url": "https://www.kaigokensaku.mhlw.go.jp/01/index.php?action_kouhyou_detail_004_kani=true&JigyosyoCd=0174700153-00&ServiceCd=210&Type=search", "url2": "http://www.kamishihoro.or.jp" }, "geometry": { "type": "Point", "coordinates": [ 143.290783799999986, 43.2363059 ] } },
{ "type": "Feature", "properties": { "内容": "しゃくなげ荘短期入所生活介護事業所【短期入所生活介護】北海道河東郡鹿追町北町1丁目13番地", "url": "https://www.kaigokensaku.mhlw.go.jp/01/index.php?action_kouhyou_detail_004_kani=true&JigyosyoCd=0174700161-00&ServiceCd=210&Type=search", "url2": "https://www.shikaoi-keiaikai.jp" }, "geometry": { "type": "Point", "coordinates": [ 142.99616119999996, 43.1112205 ] } },
{ "type": "Feature", "properties": { "内容": "地域密着型特別養護老人ホームしゃくなげ荘【短期入所生活介護】北海道河東郡鹿追町北町１丁目１３番地", "url": "https://www.kaigokensaku.mhlw.go.jp/01/index.php?action_kouhyou_detail_004_kani=true&JigyosyoCd=0174701912-00&ServiceCd=210&Type=search", "url2": "https://www.shikaoi-keiaikai.jp" }, "geometry": { "type": "Point", "coordinates": [ 142.996111799336205, 43.111180927918639 ] } },
{ "type": "Feature", "properties": { "内容": "短期入所生活介護事業所　新得やすらぎ荘【短期入所生活介護】北海道上川郡新得町西３条北１丁目", "url": "https://www.kaigokensaku.mhlw.go.jp/01/index.php?action_kouhyou_detail_004_kani=true&JigyosyoCd=0174700179-00&ServiceCd=210&Type=search", "url2": "http://www.wakafuji.or.jp" }, "geometry": { "type": "Point", "coordinates": [ 142.825034800000026, 43.0818069 ] } },
{ "type": "Feature", "properties": { "内容": "短期入所生活介護事業所ひろね【短期入所生活介護】北海道上川郡新得町西２条南５丁目５番地１", "url": "https://www.kaigokensaku.mhlw.go.jp/01/index.php?action_kouhyou_detail_004_kani=true&JigyosyoCd=0174701953-00&ServiceCd=210&Type=search", "url2": "https://hirone.jp/" }, "geometry": { "type": "Point", "coordinates": [ 141.352387300000032, 43.0676618 ] } },
{ "type": "Feature", "properties": { "内容": "特別養護老人ホームせせらぎ荘　短期入所生活介護事業所【短期入所生活介護】北海道上川郡清水町南3条1丁目1番地", "url": "https://www.kaigokensaku.mhlw.go.jp/01/index.php?action_kouhyou_detail_004_kani=true&JigyosyoCd=0174700823-00&ServiceCd=210&Type=search", "url2": "http://www.asahiyama.or.jp/" }, "geometry": { "type": "Point", "coordinates": [ 142.882526399999961, 43.0109451 ] } },
{ "type": "Feature", "properties": { "内容": "特別養護老人ホーム芽室けいせい苑（ユニット型）短期入所生活介護【短期入所生活介護】北海道河西群芽室町東3条4丁目1番地５", "url": "https://www.kaigokensaku.mhlw.go.jp/01/index.php?action_kouhyou_detail_004_kani=true&JigyosyoCd=0174701557-00&ServiceCd=210&Type=search", "url2": "http://www.keisei-kai.jp/mkeisei/" }, "geometry": { "type": "Point", "coordinates": [ 143.053058786508245, 42.913979774099602 ] } },
{ "type": "Feature", "properties": { "内容": "特別養護老人ホーム芽室けいせい苑（従来型）短期入所生活介護事業所【短期入所生活介護】北海道河西郡芽室町東3条4丁目1番地５", "url": "https://www.kaigokensaku.mhlw.go.jp/01/index.php?action_kouhyou_detail_004_kani=true&JigyosyoCd=0174701540-00&ServiceCd=210&Type=search", "url2": "http://www.keisei-kai.jp/" }, "geometry": { "type": "Point", "coordinates": [ 142.373748100000057, 43.7803153 ] } },
{ "type": "Feature", "properties": { "内容": "ショートステイサービス中札内恵津美ハイツ【短期入所生活介護】北海道河西郡中札内村西２条南４丁目１１番地５", "url": "https://www.kaigokensaku.mhlw.go.jp/01/index.php?action_kouhyou_detail_004_kani=true&JigyosyoCd=0174700203-00&ServiceCd=210&Type=search", "url2": "http://www.poroshiri.com" }, "geometry": { "type": "Point", "coordinates": [ 143.127756093917782, 42.697179262001605 ] } },
{ "type": "Feature", "properties": { "内容": "短期入所生活介護事業所コムニの里さらべつ【短期入所生活介護】北海道河西郡更別村字更別南3線95番地６", "url": "https://www.kaigokensaku.mhlw.go.jp/01/index.php?action_kouhyou_detail_004_kani=true&JigyosyoCd=0174701243-00&ServiceCd=210&Type=search", "url2": "http://www.hakuaikai.org/hakuaikai/sa_index.html" }, "geometry": { "type": "Point", "coordinates": [ 143.196154200000024, 42.6453405 ] } },
{ "type": "Feature", "properties": { "内容": "大樹町老人短期入所生活介護事業所【短期入所生活介護】広尾郡大樹町暁町６番地１", "url": "https://www.kaigokensaku.mhlw.go.jp/01/index.php?action_kouhyou_detail_004_kani=true&JigyosyoCd=0174700211-00&ServiceCd=210&Type=search", "url2": "https://www.town.taiki.hokaido.jp" }, "geometry": { "type": "Point", "coordinates": [ 143.280128, 42.4889244 ] } },
{ "type": "Feature", "properties": { "内容": "広尾町立特別養護老人ホームつつじ苑【短期入所生活介護】北海道広尾郡広尾町公園通南４丁目５番地", "url": "https://www.kaigokensaku.mhlw.go.jp/01/index.php?action_kouhyou_detail_004_kani=true&JigyosyoCd=0174700229-00&ServiceCd=210&Type=search", "url2": "https://www.town.hiroo.lg.jp/kurashi/hokenhukushi/koureisha/tokuyou/" }, "geometry": { "type": "Point", "coordinates": [ 143.305052046557677, 42.298045424983762 ] } },
{ "type": "Feature", "properties": { "内容": "短期入所生活介護事業所コムニの里まくべつ【短期入所生活介護】北海道中川郡幕別町旭町１８番地６", "url": "https://www.kaigokensaku.mhlw.go.jp/01/index.php?action_kouhyou_detail_004_kani=true&JigyosyoCd=0174701573-00&ServiceCd=210&Type=search", "url2": "https://www.hakuaikai.org/s_hakuaikai/" }, "geometry": { "type": "Point", "coordinates": [ 143.364801313630693, 42.915925293603181 ] } },
{ "type": "Feature", "properties": { "内容": "札内寮ショートステイサービス【短期入所生活介護】中川郡幕別町字依田379番地", "url": "https://www.kaigokensaku.mhlw.go.jp/01/index.php?action_kouhyou_detail_004_kani=true&JigyosyoCd=0174700237-00&ServiceCd=210&Type=search", "url2": "https://www.maku.or.jp/" }, "geometry": { "type": "Point", "coordinates": [ 143.253529599999979, 42.896551899999984 ] } },
{ "type": "Feature", "properties": { "内容": "ふらっと忠類ショートステイサービス【短期入所生活介護】北海道中川郡幕別町忠類白銀町３８４番地１０", "url": "https://www.kaigokensaku.mhlw.go.jp/01/index.php?action_kouhyou_detail_004_kani=true&JigyosyoCd=0174701490-00&ServiceCd=210&Type=search", "url2": "http://www.maku.or.jp" }, "geometry": { "type": "Point", "coordinates": [ 143.30093039999997, 42.5612727 ] } },
{ "type": "Feature", "properties": { "内容": "ふらっと札内ショートステイサービス【短期入所生活介護】北海道中川郡幕別町字依田379番地", "url": "https://www.kaigokensaku.mhlw.go.jp/01/index.php?action_kouhyou_detail_004_kani=true&JigyosyoCd=0174701532-00&ServiceCd=210&Type=search", "url2": "https://www.maku.or.jp/" }, "geometry": { "type": "Point", "coordinates": [ 143.253510199999937, 42.8966269 ] } },
{ "type": "Feature", "properties": { "内容": "池田光寿苑短期入所生活介護事業所(予防含)【短期入所生活介護】北海道中川郡池田町字西2条10丁目2番地２０", "url": "https://www.kaigokensaku.mhlw.go.jp/01/index.php?action_kouhyou_detail_004_kani=true&JigyosyoCd=0174700245-00&ServiceCd=210&Type=search", "url2": "http://www.ikeda-kojyukai.com" }, "geometry": { "type": "Point", "coordinates": [ 143.442963400000053, 42.9357928 ] } },
{ "type": "Feature", "properties": { "内容": "老人短期入所事業所とよころ荘【短期入所生活介護】北海道中川郡豊頃町茂岩４９番地７８", "url": "https://www.kaigokensaku.mhlw.go.jp/01/index.php?action_kouhyou_detail_004_kani=true&JigyosyoCd=0174700070-00&ServiceCd=210&Type=search", "url2": "http://www.toyokoroso.or.jp" }, "geometry": { "type": "Point", "coordinates": [ 143.4980498, 42.8017401 ] } },
{ "type": "Feature", "properties": { "内容": "本別町特別養護老人ホーム【短期入所生活介護】北海道中川郡本別町向陽町23番地1", "url": "https://www.kaigokensaku.mhlw.go.jp/01/index.php?action_kouhyou_detail_004_kani=true&JigyosyoCd=0174700252-00&ServiceCd=210&Type=search", "url2": "http://www.town.honbetsu.hokkaido.jp/" }, "geometry": { "type": "Point", "coordinates": [ 143.616165788678472, 43.119592254485937 ] } },
{ "type": "Feature", "properties": { "内容": "足寄町立特別養護老人ホームあゆみの園【短期入所生活介護】北海道足寄郡足寄町西町9丁目2番地31", "url": "https://www.kaigokensaku.mhlw.go.jp/01/index.php?action_kouhyou_detail_004_kani=true&JigyosyoCd=0174700260-00&ServiceCd=210&Type=search", "url2": null }, "geometry": { "type": "Point", "coordinates": [ 143.542716700000028, 43.2530499 ] } },
{ "type": "Feature", "properties": { "内容": "足寄町立特別養護老人ホーム【短期入所生活介護】北海道足寄郡足寄町北４条１丁目１７番地１", "url": "https://www.kaigokensaku.mhlw.go.jp/01/index.php?action_kouhyou_detail_004_kani=true&JigyosyoCd=0174702258-00&ServiceCd=210&Type=search", "url2": "https://www.town.ashoro.hokkaido.jp/" }, "geometry": { "type": "Point", "coordinates": [ 143.549197099999986, 43.2492955 ] } },
{ "type": "Feature", "properties": { "内容": "特別養護老人ホームしらかば苑【短期入所生活介護】足寄郡陸別町字陸別原野基線３２１番地の５", "url": "https://www.kaigokensaku.mhlw.go.jp/01/index.php?action_kouhyou_detail_004_kani=true&JigyosyoCd=0174700278-00&ServiceCd=210&Type=search", "url2": "http://www.rikubetsu.or.jp/" }, "geometry": { "type": "Point", "coordinates": [ 143.747654, 43.4650062 ] } },
{ "type": "Feature", "properties": { "内容": "うらほろショートステイセンター【短期入所生活介護】北海道十勝郡浦幌町字北町７番地２３", "url": "https://www.kaigokensaku.mhlw.go.jp/01/index.php?action_kouhyou_detail_004_kani=true&JigyosyoCd=0174700138-00&ServiceCd=210&Type=search", "url2": "https://www.protech-web.co.jp/homepage/urahoro-koujyukai/" }, "geometry": { "type": "Point", "coordinates": [ 143.661211500000036, 42.815746 ] } },
{ "type": "Feature", "properties": { "内容": "釧路町釧望やすらぎの郷短期入所生活介護【短期入所生活介護】釧路郡釧路町字別保原野南20線53番地9", "url": "https://www.kaigokensaku.mhlw.go.jp/01/index.php?action_kouhyou_detail_004_kani=true&JigyosyoCd=0174300053-00&ServiceCd=210&Type=search", "url2": "https://www.fukikai.com" }, "geometry": { "type": "Point", "coordinates": [ 144.444974699999989, 43.0216695 ] } },
{ "type": "Feature", "properties": { "内容": "特別養護老人ホーム釧路町釧望やすらぎの郷【短期入所生活介護】北海道釧路郡釧路町字別保原野南２０線５３番地9", "url": "https://www.kaigokensaku.mhlw.go.jp/01/index.php?action_kouhyou_detail_004_kani=true&JigyosyoCd=0174300798-00&ServiceCd=210&Type=search", "url2": "https://www.fukikai.com" }, "geometry": { "type": "Point", "coordinates": [ 144.444974699999989, 43.0216695 ] } },
{ "type": "Feature", "properties": { "内容": "厚岸町立特別養護老人ホーム心和園指定短期入所生活介護事業所【短期入所生活介護】北海道厚岸郡厚岸町白浜4丁目1番地", "url": "https://www.kaigokensaku.mhlw.go.jp/01/index.php?action_kouhyou_detail_004_kani=true&JigyosyoCd=0174300780-00&ServiceCd=210&Type=search", "url2": "http://akkeshishakyo.or.jp/" }, "geometry": { "type": "Point", "coordinates": [ 144.8097682, 43.0665259 ] } },
{ "type": "Feature", "properties": { "内容": "ショートステイハイツ・野いちご【短期入所生活介護】北海道厚岸郡浜中町茶内緑９１番地", "url": "https://www.kaigokensaku.mhlw.go.jp/01/index.php?action_kouhyou_detail_004_kani=true&JigyosyoCd=0174300038-00&ServiceCd=210&Type=search", "url2": "https://www.hamanakafukushikai.com/" }, "geometry": { "type": "Point", "coordinates": [ 145.024446, 43.1288102 ] } },
{ "type": "Feature", "properties": { "内容": "標茶町指定短期入所生活介護事業所【短期入所生活介護】北海道川上郡標茶町川上10丁目5番地", "url": "https://www.kaigokensaku.mhlw.go.jp/01/index.php?action_kouhyou_detail_004_kani=true&JigyosyoCd=0174300137-00&ServiceCd=210&Type=search", "url2": "http:www.town.shibecha.hokkaido.jp/yakuba/" }, "geometry": { "type": "Point", "coordinates": [ 144.593423799999982, 43.3016235 ] } },
{ "type": "Feature", "properties": { "内容": "ＪＡ北海道厚生連特別養護老人ホーム摩周【短期入所生活介護】北海道川上郡弟子屈町泉２丁目３番７－２号", "url": "https://www.kaigokensaku.mhlw.go.jp/01/index.php?action_kouhyou_detail_004_kani=true&JigyosyoCd=0174300640-00&ServiceCd=210&Type=search", "url2": "http://www.dou-kouseiren.com/shisetsu/tokuyo＿masyuu/" }, "geometry": { "type": "Point", "coordinates": [ 144.463528900000028, 43.480279 ] } },
{ "type": "Feature", "properties": { "内容": "特別養護老人ホーム清和園　短期入所生活介護【短期入所生活介護】北海道白糠郡白糠町和天別100番1", "url": "https://www.kaigokensaku.mhlw.go.jp/01/index.php?action_kouhyou_detail_004_kani=true&JigyosyoCd=0174300582-00&ServiceCd=210&Type=search", "url2": "http://www.k-yuwakai.or.jp/seiwaen.html" }, "geometry": { "type": "Point", "coordinates": [ 144.047899765467832, 42.962105912094259 ] } },
{ "type": "Feature", "properties": { "内容": "特別養護老人ホーム清翠園短期入所生活介護事業所【短期入所生活介護】北海道野付郡別海町別海西本町52番地２", "url": "https://www.kaigokensaku.mhlw.go.jp/01/index.php?action_kouhyou_detail_004_kani=true&JigyosyoCd=0174200634-00&ServiceCd=210&Type=search", "url2": "http://betsukai-seisuien.com/" }, "geometry": { "type": "Point", "coordinates": [ 145.123109500000027, 43.3919628 ] } },
{ "type": "Feature", "properties": { "内容": "広域ユニット型特別養護老人ホーム　中標津りんどう園【短期入所生活介護】標津郡中標津町りんどう町５番地９", "url": "https://www.kaigokensaku.mhlw.go.jp/01/index.php?action_kouhyou_detail_004_kani=true&JigyosyoCd=0174200519-00&ServiceCd=210&Type=search", "url2": "http://www.rindouen.com" }, "geometry": { "type": "Point", "coordinates": [ 144.9260706, 43.5426896 ] } },
{ "type": "Feature", "properties": { "内容": "特別養護老人ホーム　中標津りんどう園【短期入所生活介護】北海道標津郡中標津町りんどう町５番地８", "url": "https://www.kaigokensaku.mhlw.go.jp/01/index.php?action_kouhyou_detail_004_kani=true&JigyosyoCd=0174200063-00&ServiceCd=210&Type=search", "url2": "http://www.rindouen.com/" }, "geometry": { "type": "Point", "coordinates": [ 144.926576100000034, 43.5433979 ] } },
{ "type": "Feature", "properties": { "内容": "標津はまなす苑短期入所生活介護事業所【短期入所生活介護】北海道標津郡標津町北1条西5丁目６番１－３", "url": "https://www.kaigokensaku.mhlw.go.jp/01/index.php?action_kouhyou_detail_004_kani=true&JigyosyoCd=0174200105-00&ServiceCd=210&Type=search", "url2": "http://shibefuku.com" }, "geometry": { "type": "Point", "coordinates": [ 145.120405600000026, 43.6596703 ] } },
{ "type": "Feature", "properties": { "内容": "地域密着型小規模特別養護老人ホームふくろうの郷短期入所生活介護事業所【短期入所生活介護】北海道目梨郡羅臼町栄町１００番地60", "url": "https://www.kaigokensaku.mhlw.go.jp/01/index.php?action_kouhyou_detail_004_kani=true&JigyosyoCd=0174200477-00&ServiceCd=210&Type=search", "url2": "https://rausu-fukurou.com" }, "geometry": { "type": "Point", "coordinates": [ 145.188728200000014, 44.0229087 ] } }
]
}
