{
"type": "FeatureCollection",
"name": "geo_1_3",
"crs": { "type": "name", "properties": { "name": "urn:ogc:def:crs:OGC:1.3:CRS84" } },
"features": [
{ "type": "Feature", "properties": { "ID": 132010042450, "正式名称": "積丹町歯科診療所", "機関区分": 3, "都道府県コード": 1, "市区町村コード": 405, "所在地": "北海道積丹郡積丹町美国町大沢２５０ー１", "緯度": 43.295734, "経度": 140.596965, "url": "https://www.iryou.teikyouseido.mhlw.go.jp/znk-web/juminkanja/S2430/initialize?prefCd=01&kikanCd=2010042450&kikanKbn=3", "url2": null, "内容": "積丹町歯科診療所【3:歯科】北海道積丹郡積丹町美国町大沢２５０ー１" }, "geometry": { "type": "Point", "coordinates": [ 140.596965, 43.295734 ] } },
{ "type": "Feature", "properties": { "ID": 132010048780, "正式名称": "医療法人源裕会光銭歯科医院", "機関区分": 3, "都道府県コード": 1, "市区町村コード": 202, "所在地": "北海道函館市本通２丁目３１番１６号光銭歯科医院", "緯度": 41.7980029, "経度": 140.7719239, "url": "https://www.iryou.teikyouseido.mhlw.go.jp/znk-web/juminkanja/S2430/initialize?prefCd=01&kikanCd=2010048780&kikanKbn=3", "url2": null, "内容": "医療法人源裕会光銭歯科医院【3:歯科】北海道函館市本通２丁目３１番１６号光銭歯科医院" }, "geometry": { "type": "Point", "coordinates": [ 140.7719239, 41.7980029 ] } },
{ "type": "Feature", "properties": { "ID": 132013100060, "正式名称": "小樽口腔ケアクリニック", "機関区分": 3, "都道府県コード": 1, "市区町村コード": 203, "所在地": "北海道小樽市若松１丁目１番１号", "緯度": 43.185654, "経度": 141.006831, "url": "https://www.iryou.teikyouseido.mhlw.go.jp/znk-web/juminkanja/S2430/initialize?prefCd=01&kikanCd=2013100060&kikanKbn=3", "url2": null, "内容": "小樽口腔ケアクリニック【3:歯科】北海道小樽市若松１丁目１番１号" }, "geometry": { "type": "Point", "coordinates": [ 141.006831, 43.185654 ] } },
{ "type": "Feature", "properties": { "ID": 133010000030, "正式名称": "鈴木歯科医院", "機関区分": 3, "都道府県コード": 1, "市区町村コード": 101, "所在地": "北海道札幌市中央区宮の森１条７丁目２番１号", "緯度": 43.059589, "経度": 141.30997, "url": "https://www.iryou.teikyouseido.mhlw.go.jp/znk-web/juminkanja/S2430/initialize?prefCd=01&kikanCd=3010000030&kikanKbn=3", "url2": null, "内容": "鈴木歯科医院【3:歯科】北海道札幌市中央区宮の森１条７丁目２番１号" }, "geometry": { "type": "Point", "coordinates": [ 141.30997, 43.059589 ] } },
{ "type": "Feature", "properties": { "ID": 133010000050, "正式名称": "のざわ歯科医院", "機関区分": 3, "都道府県コード": 1, "市区町村コード": 101, "所在地": "北海道札幌市中央区宮の森１条１１丁目１－４０カーサ池田１階", "緯度": 43.0560563, "経度": 141.304955, "url": "https://www.iryou.teikyouseido.mhlw.go.jp/znk-web/juminkanja/S2430/initialize?prefCd=01&kikanCd=3010000050&kikanKbn=3", "url2": "http://office.nozawa-dental.com/", "内容": "のざわ歯科医院【3:歯科】北海道札幌市中央区宮の森１条１１丁目１－４０カーサ池田１階" }, "geometry": { "type": "Point", "coordinates": [ 141.304955, 43.056056299999987 ] } },
{ "type": "Feature", "properties": { "ID": 133010000060, "正式名称": "宮の森中央歯科", "機関区分": 3, "都道府県コード": 1, "市区町村コード": 101, "所在地": "北海道札幌市中央区宮の森２条６丁目２番１１号", "緯度": 43.061543, "経度": 141.306926, "url": "https://www.iryou.teikyouseido.mhlw.go.jp/znk-web/juminkanja/S2430/initialize?prefCd=01&kikanCd=3010000060&kikanKbn=3", "url2": "http://www.miyanomori-chuo-sika.dr-clinic.jp", "内容": "宮の森中央歯科【3:歯科】北海道札幌市中央区宮の森２条６丁目２番１１号" }, "geometry": { "type": "Point", "coordinates": [ 141.306926, 43.061543 ] } },
{ "type": "Feature", "properties": { "ID": 133010000070, "正式名称": "おか歯科クリニック", "機関区分": 3, "都道府県コード": 1, "市区町村コード": 101, "所在地": "北海道札幌市中央区宮の森２条８丁目２－５", "緯度": 43.059084, "経度": 141.3073248, "url": "https://www.iryou.teikyouseido.mhlw.go.jp/znk-web/juminkanja/S2430/initialize?prefCd=01&kikanCd=3010000070&kikanKbn=3", "url2": "http://www.okadencl.com", "内容": "おか歯科クリニック【3:歯科】北海道札幌市中央区宮の森２条８丁目２－５" }, "geometry": { "type": "Point", "coordinates": [ 141.3073248, 43.059084 ] } },
{ "type": "Feature", "properties": { "ID": 133010000140, "正式名称": "尾崎歯科", "機関区分": 3, "都道府県コード": 1, "市区町村コード": 101, "所在地": "北海道札幌市中央区大通西２丁目都心ビル７階", "緯度": 43.060326, "経度": 141.354374, "url": "https://www.iryou.teikyouseido.mhlw.go.jp/znk-web/juminkanja/S2430/initialize?prefCd=01&kikanCd=3010000140&kikanKbn=3", "url2": "http://www.ozaki-dental.net", "内容": "尾崎歯科【3:歯科】北海道札幌市中央区大通西２丁目都心ビル７階" }, "geometry": { "type": "Point", "coordinates": [ 141.354374, 43.060326 ] } },
{ "type": "Feature", "properties": { "ID": 133010000150, "正式名称": "星井歯科", "機関区分": 3, "都道府県コード": 1, "市区町村コード": 109, "所在地": "北海道札幌市手稲区前田５条１２丁目８－１", "緯度": 43.126318, "経度": 141.250269, "url": "https://www.iryou.teikyouseido.mhlw.go.jp/znk-web/juminkanja/S2430/initialize?prefCd=01&kikanCd=3010000150&kikanKbn=3", "url2": "http://hoshiishika.web.fc2.com", "内容": "星井歯科【3:歯科】北海道札幌市手稲区前田５条１２丁目８－１" }, "geometry": { "type": "Point", "coordinates": [ 141.250269, 43.126318 ] } },
{ "type": "Feature", "properties": { "ID": 133010000250, "正式名称": "医療法人社団　デンタルクリニック大通り", "機関区分": 3, "都道府県コード": 1, "市区町村コード": 101, "所在地": "北海道札幌市中央区大通西１０丁目４番地南大通りビル２階", "緯度": 43.058521, "経度": 141.341709, "url": "https://www.iryou.teikyouseido.mhlw.go.jp/znk-web/juminkanja/S2430/initialize?prefCd=01&kikanCd=3010000250&kikanKbn=3", "url2": "http://www.odori-d.com/", "内容": "医療法人社団　デンタルクリニック大通り【3:歯科】北海道札幌市中央区大通西１０丁目４番地南大通りビル２階" }, "geometry": { "type": "Point", "coordinates": [ 141.341709, 43.058521 ] } },
{ "type": "Feature", "properties": { "ID": 133010000270, "正式名称": "医療法人社団幸歯会ライラック歯科医院", "機関区分": 3, "都道府県コード": 1, "市区町村コード": 101, "所在地": "北海道札幌市中央区大通西１４丁目３番地２４", "緯度": 43.058422, "経度": 141.335078, "url": "https://www.iryou.teikyouseido.mhlw.go.jp/znk-web/juminkanja/S2430/initialize?prefCd=01&kikanCd=3010000270&kikanKbn=3", "url2": null, "内容": "医療法人社団幸歯会ライラック歯科医院【3:歯科】北海道札幌市中央区大通西１４丁目３番地２４" }, "geometry": { "type": "Point", "coordinates": [ 141.335078, 43.058422 ] } },
{ "type": "Feature", "properties": { "ID": 133010000310, "正式名称": "アベニュー歯科クリニック", "機関区分": 3, "都道府県コード": 1, "市区町村コード": 101, "所在地": "北海道札幌市中央区大通西１８丁目１番３０号", "緯度": 43.056863, "経度": 141.3295518, "url": "https://www.iryou.teikyouseido.mhlw.go.jp/znk-web/juminkanja/S2430/initialize?prefCd=01&kikanCd=3010000310&kikanKbn=3", "url2": null, "内容": "アベニュー歯科クリニック【3:歯科】北海道札幌市中央区大通西１８丁目１番３０号" }, "geometry": { "type": "Point", "coordinates": [ 141.3295518, 43.056863 ] } },
{ "type": "Feature", "properties": { "ID": 133010000320, "正式名称": "高向歯科クリニック", "機関区分": 3, "都道府県コード": 1, "市区町村コード": 101, "所在地": "北海道札幌市中央区大通西２０丁目１－３コンチネンタルＺＯＮＥビル２階", "緯度": 43.0567393, "経度": 141.3259926, "url": "https://www.iryou.teikyouseido.mhlw.go.jp/znk-web/juminkanja/S2430/initialize?prefCd=01&kikanCd=3010000320&kikanKbn=3", "url2": "https://www.takamuki-sika.com/", "内容": "高向歯科クリニック【3:歯科】北海道札幌市中央区大通西２０丁目１－３コンチネンタルＺＯＮＥビル２階" }, "geometry": { "type": "Point", "coordinates": [ 141.3259926, 43.0567393 ] } },
{ "type": "Feature", "properties": { "ID": 133010000330, "正式名称": "キダ歯科", "機関区分": 3, "都道府県コード": 1, "市区町村コード": 101, "所在地": "北海道札幌市中央区大通西２５丁目１－２　ハートランド円山ビル２Ｆ", "緯度": 43.056052, "経度": 141.319584, "url": "https://www.iryou.teikyouseido.mhlw.go.jp/znk-web/juminkanja/S2430/initialize?prefCd=01&kikanCd=3010000330&kikanKbn=3", "url2": "http://www.kida-dental.com/contents/news/index.html", "内容": "キダ歯科【3:歯科】北海道札幌市中央区大通西２５丁目１－２　ハートランド円山ビル２Ｆ" }, "geometry": { "type": "Point", "coordinates": [ 141.319584, 43.056052 ] } },
{ "type": "Feature", "properties": { "ID": 133010000360, "正式名称": "まどか歯科クリニック", "機関区分": 3, "都道府県コード": 1, "市区町村コード": 101, "所在地": "北海道札幌市中央区大通西２７丁目１－１円山バスターミナル２階", "緯度": 43.05577, "経度": 141.317057, "url": "https://www.iryou.teikyouseido.mhlw.go.jp/znk-web/juminkanja/S2430/initialize?prefCd=01&kikanCd=3010000360&kikanKbn=3", "url2": null, "内容": "まどか歯科クリニック【3:歯科】北海道札幌市中央区大通西２７丁目１－１円山バスターミナル２階" }, "geometry": { "type": "Point", "coordinates": [ 141.317057, 43.05577 ] } },
{ "type": "Feature", "properties": { "ID": 133010000440, "正式名称": "歯科オムニデンティックス", "機関区分": 3, "都道府県コード": 1, "市区町村コード": 101, "所在地": "北海道札幌市中央区南１条西３丁目８番地エムズサッポロ９階", "緯度": 43.059232, "経度": 141.3531314, "url": "https://www.iryou.teikyouseido.mhlw.go.jp/znk-web/juminkanja/S2430/initialize?prefCd=01&kikanCd=3010000440&kikanKbn=3", "url2": "www.omnidentix.com", "内容": "歯科オムニデンティックス【3:歯科】北海道札幌市中央区南１条西３丁目８番地エムズサッポロ９階" }, "geometry": { "type": "Point", "coordinates": [ 141.3531314, 43.059232 ] } },
{ "type": "Feature", "properties": { "ID": 133010000450, "正式名称": "医療法人仁友会　日之出歯科診療所", "機関区分": 3, "都道府県コード": 1, "市区町村コード": 101, "所在地": "北海道札幌市中央区南１条西４丁目日之出ビル３階４階", "緯度": 43.0594692, "経度": 141.3522615, "url": "https://www.iryou.teikyouseido.mhlw.go.jp/znk-web/juminkanja/S2430/initialize?prefCd=01&kikanCd=3010000450&kikanKbn=3", "url2": "http://www.h-dent.jp/", "内容": "医療法人仁友会　日之出歯科診療所【3:歯科】北海道札幌市中央区南１条西４丁目日之出ビル３階４階" }, "geometry": { "type": "Point", "coordinates": [ 141.3522615, 43.0594692 ] } },
{ "type": "Feature", "properties": { "ID": 133010000490, "正式名称": "セントラル富士東歯科医院", "機関区分": 3, "都道府県コード": 1, "市区町村コード": 101, "所在地": "北海道札幌市中央区南１条西５丁目セントラル富士２階", "緯度": 43.059046, "経度": 141.349666, "url": "https://www.iryou.teikyouseido.mhlw.go.jp/znk-web/juminkanja/S2430/initialize?prefCd=01&kikanCd=3010000490&kikanKbn=3", "url2": "http://dentonzuma.jellybean.jp/", "内容": "セントラル富士東歯科医院【3:歯科】北海道札幌市中央区南１条西５丁目セントラル富士２階" }, "geometry": { "type": "Point", "coordinates": [ 141.349666, 43.059046 ] } },
{ "type": "Feature", "properties": { "ID": 133010000520, "正式名称": "友寄歯科診療所", "機関区分": 3, "都道府県コード": 1, "市区町村コード": 101, "所在地": "北海道札幌市中央区南１条西７丁目札幌スカイビル２Ｆ", "緯度": 43.0586, "経度": 141.346301, "url": "https://www.iryou.teikyouseido.mhlw.go.jp/znk-web/juminkanja/S2430/initialize?prefCd=01&kikanCd=3010000520&kikanKbn=3", "url2": "http://members3.jcom.home.ne.jp/eiki0305/index.html", "内容": "友寄歯科診療所【3:歯科】北海道札幌市中央区南１条西７丁目札幌スカイビル２Ｆ" }, "geometry": { "type": "Point", "coordinates": [ 141.346301, 43.0586 ] } },
{ "type": "Feature", "properties": { "ID": 133010000560, "正式名称": "タイム歯科", "機関区分": 3, "都道府県コード": 1, "市区町村コード": 101, "所在地": "北海道札幌市中央区南１条西１０丁目第２タイムビル３階", "緯度": 43.057836, "経度": 141.342435, "url": "https://www.iryou.teikyouseido.mhlw.go.jp/znk-web/juminkanja/S2430/initialize?prefCd=01&kikanCd=3010000560&kikanKbn=3", "url2": null, "内容": "タイム歯科【3:歯科】北海道札幌市中央区南１条西１０丁目第２タイムビル３階" }, "geometry": { "type": "Point", "coordinates": [ 141.342435, 43.057836 ] } },
{ "type": "Feature", "properties": { "ID": 133010000580, "正式名称": "リバティ歯科", "機関区分": 3, "都道府県コード": 1, "市区町村コード": 101, "所在地": "北海道札幌市中央区南１条西１０丁目６番地タイムスビル１階", "緯度": 43.057214, "経度": 141.341917, "url": "https://www.iryou.teikyouseido.mhlw.go.jp/znk-web/juminkanja/S2430/initialize?prefCd=01&kikanCd=3010000580&kikanKbn=3", "url2": null, "内容": "リバティ歯科【3:歯科】北海道札幌市中央区南１条西１０丁目６番地タイムスビル１階" }, "geometry": { "type": "Point", "coordinates": [ 141.341917, 43.057214 ] } },
{ "type": "Feature", "properties": { "ID": 133010000590, "正式名称": "藤木デンタルクリニック", "機関区分": 3, "都道府県コード": 1, "市区町村コード": 101, "所在地": "北海道札幌市中央区南１条西１１丁目１番３１２　コンチネンタルＷＥＳＴ　Ｓビル１Ｆ", "緯度": 43.0575229, "経度": 141.3401245, "url": "https://www.iryou.teikyouseido.mhlw.go.jp/znk-web/juminkanja/S2430/initialize?prefCd=01&kikanCd=3010000590&kikanKbn=3", "url2": "www.fujikidental.jp", "内容": "藤木デンタルクリニック【3:歯科】北海道札幌市中央区南１条西１１丁目１番３１２　コンチネンタルＷＥＳＴ　Ｓビル１Ｆ" }, "geometry": { "type": "Point", "coordinates": [ 141.3401245, 43.0575229 ] } },
{ "type": "Feature", "properties": { "ID": 133010000620, "正式名称": "医療法人社団　尾崎歯科", "機関区分": 3, "都道府県コード": 1, "市区町村コード": 101, "所在地": "北海道札幌市中央区南１条西１３丁目４番地３５", "緯度": 43.0572104, "経度": 141.3380802, "url": "https://www.iryou.teikyouseido.mhlw.go.jp/znk-web/juminkanja/S2430/initialize?prefCd=01&kikanCd=3010000620&kikanKbn=3", "url2": "http//ozaki-dcb.com", "内容": "医療法人社団　尾崎歯科【3:歯科】北海道札幌市中央区南１条西１３丁目４番地３５" }, "geometry": { "type": "Point", "coordinates": [ 141.3380802, 43.0572104 ] } },
{ "type": "Feature", "properties": { "ID": 133010000630, "正式名称": "医療法人社団愛誠会　いとう歯科医院", "機関区分": 3, "都道府県コード": 1, "市区町村コード": 101, "所在地": "北海道札幌市中央区南１条西１４丁目２９１番地", "緯度": 43.056468, "経度": 141.3368, "url": "https://www.iryou.teikyouseido.mhlw.go.jp/znk-web/juminkanja/S2430/initialize?prefCd=01&kikanCd=3010000630&kikanKbn=3", "url2": "http://www.refine.tv/ito-shika/", "内容": "医療法人社団愛誠会　いとう歯科医院【3:歯科】北海道札幌市中央区南１条西１４丁目２９１番地" }, "geometry": { "type": "Point", "coordinates": [ 141.3368, 43.056468 ] } },
{ "type": "Feature", "properties": { "ID": 133010000650, "正式名称": "医療法人社団　菅原歯科クリニック", "機関区分": 3, "都道府県コード": 1, "市区町村コード": 101, "所在地": "北海道札幌市中央区南１条西１６丁目１－２８５ノートルＫＹビル３階", "緯度": 43.0567833, "経度": 141.3334756, "url": "https://www.iryou.teikyouseido.mhlw.go.jp/znk-web/juminkanja/S2430/initialize?prefCd=01&kikanCd=3010000650&kikanKbn=3", "url2": "http://www.sugawara-dent.com", "内容": "医療法人社団　菅原歯科クリニック【3:歯科】北海道札幌市中央区南１条西１６丁目１－２８５ノートルＫＹビル３階" }, "geometry": { "type": "Point", "coordinates": [ 141.333475600000014, 43.0567833 ] } },
{ "type": "Feature", "properties": { "ID": 133010000660, "正式名称": "医大前歯科診療所", "機関区分": 3, "都道府県コード": 1, "市区町村コード": 101, "所在地": "北海道札幌市中央区南１条西１６丁目１番７号", "緯度": 43.056538, "経度": 141.332691, "url": "https://www.iryou.teikyouseido.mhlw.go.jp/znk-web/juminkanja/S2430/initialize?prefCd=01&kikanCd=3010000660&kikanKbn=3", "url2": "https://www.idaimaedc.com/", "内容": "医大前歯科診療所【3:歯科】北海道札幌市中央区南１条西１６丁目１番７号" }, "geometry": { "type": "Point", "coordinates": [ 141.332691, 43.056538 ] } },
{ "type": "Feature", "properties": { "ID": 133010000670, "正式名称": "ホンマ矯正歯科医院", "機関区分": 3, "都道府県コード": 1, "市区町村コード": 101, "所在地": "北海道札幌市中央区南１条西２０丁目１番１号", "緯度": 43.056556, "経度": 141.326999, "url": "https://www.iryou.teikyouseido.mhlw.go.jp/znk-web/juminkanja/S2430/initialize?prefCd=01&kikanCd=3010000670&kikanKbn=3", "url2": "http://www.e-8888.com/", "内容": "ホンマ矯正歯科医院【3:歯科】北海道札幌市中央区南１条西２０丁目１番１号" }, "geometry": { "type": "Point", "coordinates": [ 141.326999, 43.056556 ] } },
{ "type": "Feature", "properties": { "ID": 133010000680, "正式名称": "医療法人社団トリヰ歯科医院", "機関区分": 3, "都道府県コード": 1, "市区町村コード": 101, "所在地": "北海道札幌市中央区南１条西２５丁目２番２３号", "緯度": 43.055244, "経度": 141.319152, "url": "https://www.iryou.teikyouseido.mhlw.go.jp/znk-web/juminkanja/S2430/initialize?prefCd=01&kikanCd=3010000680&kikanKbn=3", "url2": "http://www.maruyama-park.jp/index.html", "内容": "医療法人社団トリヰ歯科医院【3:歯科】北海道札幌市中央区南１条西２５丁目２番２３号" }, "geometry": { "type": "Point", "coordinates": [ 141.319152, 43.055244 ] } },
{ "type": "Feature", "properties": { "ID": 133010000700, "正式名称": "円山グリーン歯科", "機関区分": 3, "都道府県コード": 1, "市区町村コード": 101, "所在地": "北海道札幌市中央区南１条西２７丁目１－４５　円山ブロードハイツ１Ｆ", "緯度": 43.0552484, "経度": 141.3175137, "url": "https://www.iryou.teikyouseido.mhlw.go.jp/znk-web/juminkanja/S2430/initialize?prefCd=01&kikanCd=3010000700&kikanKbn=3", "url2": "http://www.green27.net", "内容": "円山グリーン歯科【3:歯科】北海道札幌市中央区南１条西２７丁目１－４５　円山ブロードハイツ１Ｆ" }, "geometry": { "type": "Point", "coordinates": [ 141.3175137, 43.0552484 ] } },
{ "type": "Feature", "properties": { "ID": 133010000710, "正式名称": "中野矯正歯科クリニック", "機関区分": 3, "都道府県コード": 1, "市区町村コード": 101, "所在地": "北海道札幌市中央区南１条東１丁目大通バスセンタービル１号館８階", "緯度": 43.060657, "経度": 141.35786, "url": "https://www.iryou.teikyouseido.mhlw.go.jp/znk-web/juminkanja/S2430/initialize?prefCd=01&kikanCd=3010000710&kikanKbn=3", "url2": "http://nakano-kyosei.com/", "内容": "中野矯正歯科クリニック【3:歯科】北海道札幌市中央区南１条東１丁目大通バスセンタービル１号館８階" }, "geometry": { "type": "Point", "coordinates": [ 141.35786, 43.060657 ] } },
{ "type": "Feature", "properties": { "ID": 133010000720, "正式名称": "フジタ歯科診療所", "機関区分": 3, "都道府県コード": 1, "市区町村コード": 101, "所在地": "北海道札幌市中央区南１条東１丁目大通バスセンタービル８階", "緯度": 43.060657, "経度": 141.35786, "url": "https://www.iryou.teikyouseido.mhlw.go.jp/znk-web/juminkanja/S2430/initialize?prefCd=01&kikanCd=3010000720&kikanKbn=3", "url2": null, "内容": "フジタ歯科診療所【3:歯科】北海道札幌市中央区南１条東１丁目大通バスセンタービル８階" }, "geometry": { "type": "Point", "coordinates": [ 141.35786, 43.060657 ] } },
{ "type": "Feature", "properties": { "ID": 133010000730, "正式名称": "医療法人社団　アスクトース　近藤歯科診療所", "機関区分": 3, "都道府県コード": 1, "市区町村コード": 101, "所在地": "北海道札幌市中央区南１条東２丁目１１番地４南１条タカハタビル６階", "緯度": 43.060549, "経度": 141.359263, "url": "https://www.iryou.teikyouseido.mhlw.go.jp/znk-web/juminkanja/S2430/initialize?prefCd=01&kikanCd=3010000730&kikanKbn=3", "url2": "https://www.ishimaru-dc.com", "内容": "医療法人社団　アスクトース　近藤歯科診療所【3:歯科】北海道札幌市中央区南１条東２丁目１１番地４南１条タカハタビル６階" }, "geometry": { "type": "Point", "coordinates": [ 141.359263, 43.060549 ] } },
{ "type": "Feature", "properties": { "ID": 133010000740, "正式名称": "北斗会　中央歯科", "機関区分": 3, "都道府県コード": 1, "市区町村コード": 101, "所在地": "北海道札幌市中央区南２条東３丁目９番地９", "緯度": 43.059914, "経度": 141.360673, "url": "https://www.iryou.teikyouseido.mhlw.go.jp/znk-web/juminkanja/S2430/initialize?prefCd=01&kikanCd=3010000740&kikanKbn=3", "url2": null, "内容": "北斗会　中央歯科【3:歯科】北海道札幌市中央区南２条東３丁目９番地９" }, "geometry": { "type": "Point", "coordinates": [ 141.360673, 43.059914 ] } },
{ "type": "Feature", "properties": { "ID": 133010000750, "正式名称": "エンゼル歯科", "機関区分": 3, "都道府県コード": 1, "市区町村コード": 101, "所在地": "北海道札幌市中央区南１条東２丁目１番地和興ビル８階", "緯度": 43.0600303, "経度": 141.3587979, "url": "https://www.iryou.teikyouseido.mhlw.go.jp/znk-web/juminkanja/S2430/initialize?prefCd=01&kikanCd=3010000750&kikanKbn=3", "url2": "http://www.angel-dental.net", "内容": "エンゼル歯科【3:歯科】北海道札幌市中央区南１条東２丁目１番地和興ビル８階" }, "geometry": { "type": "Point", "coordinates": [ 141.358797900000013, 43.0600303 ] } },
{ "type": "Feature", "properties": { "ID": 133010000800, "正式名称": "石塚歯科", "機関区分": 3, "都道府県コード": 1, "市区町村コード": 101, "所在地": "北海道札幌市中央区南２条西２丁目北専ＢＬＯＣＫビル７階", "緯度": 43.0555511, "経度": 141.336569, "url": "https://www.iryou.teikyouseido.mhlw.go.jp/znk-web/juminkanja/S2430/initialize?prefCd=01&kikanCd=3010000800&kikanKbn=3", "url2": null, "内容": "石塚歯科【3:歯科】北海道札幌市中央区南２条西２丁目北専ＢＬＯＣＫビル７階" }, "geometry": { "type": "Point", "coordinates": [ 141.336569, 43.0555511 ] } },
{ "type": "Feature", "properties": { "ID": 133010000810, "正式名称": "えとう歯科", "機関区分": 3, "都道府県コード": 1, "市区町村コード": 101, "所在地": "北海道札幌市中央区南３条西３丁目１１番地", "緯度": 43.05429, "経度": 141.34216, "url": "https://www.iryou.teikyouseido.mhlw.go.jp/znk-web/juminkanja/S2430/initialize?prefCd=01&kikanCd=3010000810&kikanKbn=3", "url2": "https://eto-shika.com/", "内容": "えとう歯科【3:歯科】北海道札幌市中央区南３条西３丁目１１番地" }, "geometry": { "type": "Point", "coordinates": [ 141.34216, 43.05429 ] } },
{ "type": "Feature", "properties": { "ID": 133010000850, "正式名称": "医療法人　フランス歯科診療所", "機関区分": 3, "都道府県コード": 1, "市区町村コード": 101, "所在地": "北海道札幌市中央区北４条西２丁目　１－１８　邦洋札幌Ｎ４・２ビル　４階", "緯度": 43.066415, "経度": 141.352481, "url": "https://www.iryou.teikyouseido.mhlw.go.jp/znk-web/juminkanja/S2430/initialize?prefCd=01&kikanCd=3010000850&kikanKbn=3", "url2": "https://www.fdc-sapporo.com/", "内容": "医療法人　フランス歯科診療所【3:歯科】北海道札幌市中央区北４条西２丁目　１－１８　邦洋札幌Ｎ４・２ビル　４階" }, "geometry": { "type": "Point", "coordinates": [ 141.352481, 43.066415 ] } },
{ "type": "Feature", "properties": { "ID": 133010000870, "正式名称": "小池歯科医院", "機関区分": 3, "都道府県コード": 1, "市区町村コード": 101, "所在地": "北海道札幌市中央区南２条西６丁目１－１", "緯度": 43.057129, "経度": 141.349301, "url": "https://www.iryou.teikyouseido.mhlw.go.jp/znk-web/juminkanja/S2430/initialize?prefCd=01&kikanCd=3010000870&kikanKbn=3", "url2": null, "内容": "小池歯科医院【3:歯科】北海道札幌市中央区南２条西６丁目１－１" }, "geometry": { "type": "Point", "coordinates": [ 141.349301, 43.057129 ] } },
{ "type": "Feature", "properties": { "ID": 133010000890, "正式名称": "大西歯科医院", "機関区分": 3, "都道府県コード": 1, "市区町村コード": 101, "所在地": "北海道札幌市中央区南２条西９丁目１番地ケンタク２．９ビル２Ｆ", "緯度": 43.057018, "経度": 141.343479, "url": "https://www.iryou.teikyouseido.mhlw.go.jp/znk-web/juminkanja/S2430/initialize?prefCd=01&kikanCd=3010000890&kikanKbn=3", "url2": null, "内容": "大西歯科医院【3:歯科】北海道札幌市中央区南２条西９丁目１番地ケンタク２．９ビル２Ｆ" }, "geometry": { "type": "Point", "coordinates": [ 141.343479, 43.057018 ] } },
{ "type": "Feature", "properties": { "ID": 133010000920, "正式名称": "医療法人社団　響　さくら歯科クリニック", "機関区分": 3, "都道府県コード": 1, "市区町村コード": 104, "所在地": "北海道札幌市白石区東札幌４条４丁目１番１８号", "緯度": 43.0512887, "経度": 141.3911687, "url": "https://www.iryou.teikyouseido.mhlw.go.jp/znk-web/juminkanja/S2430/initialize?prefCd=01&kikanCd=3010000920&kikanKbn=3", "url2": "http://www.sakurame-dc.com/", "内容": "医療法人社団　響　さくら歯科クリニック【3:歯科】北海道札幌市白石区東札幌４条４丁目１番１８号" }, "geometry": { "type": "Point", "coordinates": [ 141.3911687, 43.0512887 ] } },
{ "type": "Feature", "properties": { "ID": 133010000930, "正式名称": "創成歯科クリニック", "機関区分": 3, "都道府県コード": 1, "市区町村コード": 101, "所在地": "北海道札幌市中央区南４条西１丁目１５番２", "緯度": 43.056518, "経度": 141.357721, "url": "https://www.iryou.teikyouseido.mhlw.go.jp/znk-web/juminkanja/S2430/initialize?prefCd=01&kikanCd=3010000930&kikanKbn=3", "url2": "http://www.sousei.shika-hp.com", "内容": "創成歯科クリニック【3:歯科】北海道札幌市中央区南４条西１丁目１５番２" }, "geometry": { "type": "Point", "coordinates": [ 141.357721, 43.056518 ] } },
{ "type": "Feature", "properties": { "ID": 133010000960, "正式名称": "紅林歯科", "機関区分": 3, "都道府県コード": 1, "市区町村コード": 101, "所在地": "北海道札幌市中央区南３条西３丁目８－１スワン札幌ビル６階", "緯度": 43.056771, "経度": 141.353819, "url": "https://www.iryou.teikyouseido.mhlw.go.jp/znk-web/juminkanja/S2430/initialize?prefCd=01&kikanCd=3010000960&kikanKbn=3", "url2": null, "内容": "紅林歯科【3:歯科】北海道札幌市中央区南３条西３丁目８－１スワン札幌ビル６階" }, "geometry": { "type": "Point", "coordinates": [ 141.353819, 43.056771 ] } },
{ "type": "Feature", "properties": { "ID": 133010000970, "正式名称": "エイト歯科医院", "機関区分": 3, "都道府県コード": 1, "市区町村コード": 101, "所在地": "北海道札幌市中央区南３条西４丁目１２番１号アルシュビル５階", "緯度": 43.0569601, "経度": 141.3525636, "url": "https://www.iryou.teikyouseido.mhlw.go.jp/znk-web/juminkanja/S2430/initialize?prefCd=01&kikanCd=3010000970&kikanKbn=3", "url2": "http://www.8dental.com/", "内容": "エイト歯科医院【3:歯科】北海道札幌市中央区南３条西４丁目１２番１号アルシュビル５階" }, "geometry": { "type": "Point", "coordinates": [ 141.3525636, 43.0569601 ] } },
{ "type": "Feature", "properties": { "ID": 133010001010, "正式名称": "１８丁目歯科", "機関区分": 3, "都道府県コード": 1, "市区町村コード": 101, "所在地": "北海道札幌市中央区南３条西１８丁目２９１番地", "緯度": 43.054233, "経度": 141.330691, "url": "https://www.iryou.teikyouseido.mhlw.go.jp/znk-web/juminkanja/S2430/initialize?prefCd=01&kikanCd=3010001010&kikanKbn=3", "url2": null, "内容": "１８丁目歯科【3:歯科】北海道札幌市中央区南３条西１８丁目２９１番地" }, "geometry": { "type": "Point", "coordinates": [ 141.330691, 43.054233 ] } },
{ "type": "Feature", "properties": { "ID": 133010001050, "正式名称": "医療法人社団　さくら会　ハロー小児歯科・歯科口腔外科", "機関区分": 3, "都道府県コード": 1, "市区町村コード": 101, "所在地": "北海道札幌市中央区南４条西１１丁目１２９３－１３　サニー南４条マンション１Ｆ", "緯度": 43.054743, "経度": 141.341626, "url": "https://www.iryou.teikyouseido.mhlw.go.jp/znk-web/juminkanja/S2430/initialize?prefCd=01&kikanCd=3010001050&kikanKbn=3", "url2": "http://www.hellodc.jp/", "内容": "医療法人社団　さくら会　ハロー小児歯科・歯科口腔外科【3:歯科】北海道札幌市中央区南４条西１１丁目１２９３－１３　サニー南４条マンション１Ｆ" }, "geometry": { "type": "Point", "coordinates": [ 141.341626, 43.054743 ] } },
{ "type": "Feature", "properties": { "ID": 133010001100, "正式名称": "星井歯科クリニック", "機関区分": 3, "都道府県コード": 1, "市区町村コード": 101, "所在地": "北海道札幌市中央区南６条西１７丁目１番２０号", "緯度": 43.051105, "経度": 141.330099, "url": "https://www.iryou.teikyouseido.mhlw.go.jp/znk-web/juminkanja/S2430/initialize?prefCd=01&kikanCd=3010001100&kikanKbn=3", "url2": null, "内容": "星井歯科クリニック【3:歯科】北海道札幌市中央区南６条西１７丁目１番２０号" }, "geometry": { "type": "Point", "coordinates": [ 141.330099, 43.051105 ] } },
{ "type": "Feature", "properties": { "ID": 133010001120, "正式名称": "ハタナカ歯科", "機関区分": 3, "都道府県コード": 1, "市区町村コード": 101, "所在地": "北海道札幌市中央区南６条西２４丁目１－２６ハタナカビル１階", "緯度": 43.0503099, "経度": 141.3220742, "url": "https://www.iryou.teikyouseido.mhlw.go.jp/znk-web/juminkanja/S2430/initialize?prefCd=01&kikanCd=3010001120&kikanKbn=3", "url2": null, "内容": "ハタナカ歯科【3:歯科】北海道札幌市中央区南６条西２４丁目１－２６ハタナカビル１階" }, "geometry": { "type": "Point", "coordinates": [ 141.3220742, 43.050309899999988 ] } },
{ "type": "Feature", "properties": { "ID": 133010001150, "正式名称": "医療法人社団　中井歯科医院", "機関区分": 3, "都道府県コード": 1, "市区町村コード": 101, "所在地": "北海道札幌市中央区南７条西７丁目１０３３番地", "緯度": 43.05429, "経度": 141.34216, "url": "https://www.iryou.teikyouseido.mhlw.go.jp/znk-web/juminkanja/S2430/initialize?prefCd=01&kikanCd=3010001150&kikanKbn=3", "url2": null, "内容": "医療法人社団　中井歯科医院【3:歯科】北海道札幌市中央区南７条西７丁目１０３３番地" }, "geometry": { "type": "Point", "coordinates": [ 141.34216, 43.05429 ] } },
{ "type": "Feature", "properties": { "ID": 133010001160, "正式名称": "口腔医療センター附属歯科診療所", "機関区分": 3, "都道府県コード": 1, "市区町村コード": 101, "所在地": "北海道札幌市中央区南７条西１０丁目", "緯度": 43.0508614, "経度": 141.343183, "url": "https://www.iryou.teikyouseido.mhlw.go.jp/znk-web/juminkanja/S2430/initialize?prefCd=01&kikanCd=3010001160&kikanKbn=3", "url2": "https://sapporo-oral-med.jp/", "内容": "口腔医療センター附属歯科診療所【3:歯科】北海道札幌市中央区南７条西１０丁目" }, "geometry": { "type": "Point", "coordinates": [ 141.343183, 43.0508614 ] } },
{ "type": "Feature", "properties": { "ID": 133010001170, "正式名称": "アイ歯科診療所", "機関区分": 3, "都道府県コード": 1, "市区町村コード": 101, "所在地": "北海道札幌市中央区南７条西１２丁目１番１３号", "緯度": 43.050865, "経度": 141.339342, "url": "https://www.iryou.teikyouseido.mhlw.go.jp/znk-web/juminkanja/S2430/initialize?prefCd=01&kikanCd=3010001170&kikanKbn=3", "url2": null, "内容": "アイ歯科診療所【3:歯科】北海道札幌市中央区南７条西１２丁目１番１３号" }, "geometry": { "type": "Point", "coordinates": [ 141.339342, 43.050865 ] } },
{ "type": "Feature", "properties": { "ID": 133010001210, "正式名称": "医療法人社団　豊翔会　千葉歯科クリニック", "機関区分": 3, "都道府県コード": 1, "市区町村コード": 101, "所在地": "北海道札幌市中央区南８条西９丁目７５６－３", "緯度": 43.049062, "経度": 141.3458045, "url": "https://www.iryou.teikyouseido.mhlw.go.jp/znk-web/juminkanja/S2430/initialize?prefCd=01&kikanCd=3010001210&kikanKbn=3", "url2": "http://www.chibashika.com", "内容": "医療法人社団　豊翔会　千葉歯科クリニック【3:歯科】北海道札幌市中央区南８条西９丁目７５６－３" }, "geometry": { "type": "Point", "coordinates": [ 141.345804500000014, 43.049062 ] } },
{ "type": "Feature", "properties": { "ID": 133010001230, "正式名称": "旭山小児歯科", "機関区分": 3, "都道府県コード": 1, "市区町村コード": 101, "所在地": "北海道札幌市中央区南８条西２３丁目２番５号旭山シャトー桂和１階", "緯度": 43.047462, "経度": 141.325588, "url": "https://www.iryou.teikyouseido.mhlw.go.jp/znk-web/juminkanja/S2430/initialize?prefCd=01&kikanCd=3010001230&kikanKbn=3", "url2": null, "内容": "旭山小児歯科【3:歯科】北海道札幌市中央区南８条西２３丁目２番５号旭山シャトー桂和１階" }, "geometry": { "type": "Point", "coordinates": [ 141.325588, 43.047462 ] } },
{ "type": "Feature", "properties": { "ID": 133010001240, "正式名称": "旭山デンタルクリニック", "機関区分": 3, "都道府県コード": 1, "市区町村コード": 101, "所在地": "北海道札幌市中央区南８条西２４丁目２－１１内山ビル２階", "緯度": 43.0463793, "経度": 141.3234143, "url": "https://www.iryou.teikyouseido.mhlw.go.jp/znk-web/juminkanja/S2430/initialize?prefCd=01&kikanCd=3010001240&kikanKbn=3", "url2": null, "内容": "旭山デンタルクリニック【3:歯科】北海道札幌市中央区南８条西２４丁目２－１１内山ビル２階" }, "geometry": { "type": "Point", "coordinates": [ 141.3234143, 43.0463793 ] } },
{ "type": "Feature", "properties": { "ID": 133010001250, "正式名称": "山口歯科診療所", "機関区分": 3, "都道府県コード": 1, "市区町村コード": 101, "所在地": "北海道札幌市中央区南８条西２６丁目２－６", "緯度": 43.044782, "経度": 141.3203922, "url": "https://www.iryou.teikyouseido.mhlw.go.jp/znk-web/juminkanja/S2430/initialize?prefCd=01&kikanCd=3010001250&kikanKbn=3", "url2": null, "内容": "山口歯科診療所【3:歯科】北海道札幌市中央区南８条西２６丁目２－６" }, "geometry": { "type": "Point", "coordinates": [ 141.320392199999986, 43.044782 ] } },
{ "type": "Feature", "properties": { "ID": 133010001260, "正式名称": "あんねん歯科矯正歯科", "機関区分": 3, "都道府県コード": 1, "市区町村コード": 101, "所在地": "北海道札幌市中央区南９条西６丁目１番３０号安念ビルグランシェモア中島公園１階", "緯度": 43.048364, "経度": 141.350408, "url": "https://www.iryou.teikyouseido.mhlw.go.jp/znk-web/juminkanja/S2430/initialize?prefCd=01&kikanCd=3010001260&kikanKbn=3", "url2": null, "内容": "あんねん歯科矯正歯科【3:歯科】北海道札幌市中央区南９条西６丁目１番３０号安念ビルグランシェモア中島公園１階" }, "geometry": { "type": "Point", "coordinates": [ 141.350408, 43.048364 ] } },
{ "type": "Feature", "properties": { "ID": 133010001290, "正式名称": "９条歯科クリニック", "機関区分": 3, "都道府県コード": 1, "市区町村コード": 101, "所在地": "北海道札幌市中央区南９条西９丁目１番３３号第２三共ビル１階", "緯度": 43.0483728, "経度": 141.3450557, "url": "https://www.iryou.teikyouseido.mhlw.go.jp/znk-web/juminkanja/S2430/initialize?prefCd=01&kikanCd=3010001290&kikanKbn=3", "url2": "http://www.sapporo-medicalpage.net/dental/9jou/", "内容": "９条歯科クリニック【3:歯科】北海道札幌市中央区南９条西９丁目１番３３号第２三共ビル１階" }, "geometry": { "type": "Point", "coordinates": [ 141.345055699999989, 43.0483728 ] } },
{ "type": "Feature", "properties": { "ID": 133010001310, "正式名称": "関井歯科", "機関区分": 3, "都道府県コード": 1, "市区町村コード": 101, "所在地": "北海道札幌市中央区南１０条西１丁目１番４０号", "緯度": 43.047607, "経度": 141.3567782, "url": "https://www.iryou.teikyouseido.mhlw.go.jp/znk-web/juminkanja/S2430/initialize?prefCd=01&kikanCd=3010001310&kikanKbn=3", "url2": null, "内容": "関井歯科【3:歯科】北海道札幌市中央区南１０条西１丁目１番４０号" }, "geometry": { "type": "Point", "coordinates": [ 141.3567782, 43.047607 ] } },
{ "type": "Feature", "properties": { "ID": 133010001320, "正式名称": "渡辺歯科医院", "機関区分": 3, "都道府県コード": 1, "市区町村コード": 101, "所在地": "北海道札幌市中央区南１０条西１２丁目１－４０", "緯度": 43.046835, "経度": 141.339605, "url": "https://www.iryou.teikyouseido.mhlw.go.jp/znk-web/juminkanja/S2430/initialize?prefCd=01&kikanCd=3010001320&kikanKbn=3", "url2": "http://www.wata-dental.com/", "内容": "渡辺歯科医院【3:歯科】北海道札幌市中央区南１０条西１２丁目１－４０" }, "geometry": { "type": "Point", "coordinates": [ 141.339605, 43.046835 ] } },
{ "type": "Feature", "properties": { "ID": 133010001350, "正式名称": "山鼻さとう歯科", "機関区分": 3, "都道府県コード": 1, "市区町村コード": 101, "所在地": "北海道札幌市中央区南１１条西７丁目２－７ワイズパーク１階", "緯度": 43.045136, "経度": 141.349978, "url": "https://www.iryou.teikyouseido.mhlw.go.jp/znk-web/juminkanja/S2430/initialize?prefCd=01&kikanCd=3010001350&kikanKbn=3", "url2": null, "内容": "山鼻さとう歯科【3:歯科】北海道札幌市中央区南１１条西７丁目２－７ワイズパーク１階" }, "geometry": { "type": "Point", "coordinates": [ 141.349978, 43.045136 ] } },
{ "type": "Feature", "properties": { "ID": 133010001360, "正式名称": "高橋歯科クリニック", "機関区分": 3, "都道府県コード": 1, "市区町村コード": 101, "所在地": "北海道札幌市中央区南１１条西８丁目５４５－１５－３４", "緯度": 43.05429, "経度": 141.34216, "url": "https://www.iryou.teikyouseido.mhlw.go.jp/znk-web/juminkanja/S2430/initialize?prefCd=01&kikanCd=3010001360&kikanKbn=3", "url2": null, "内容": "高橋歯科クリニック【3:歯科】北海道札幌市中央区南１１条西８丁目５４５－１５－３４" }, "geometry": { "type": "Point", "coordinates": [ 141.34216, 43.05429 ] } },
{ "type": "Feature", "properties": { "ID": 133010001370, "正式名称": "松田デンタルクリニック", "機関区分": 3, "都道府県コード": 1, "市区町村コード": 101, "所在地": "北海道札幌市中央区南１１条西１３丁目１番８号グランルミネ山鼻１階", "緯度": 43.0450284, "経度": 141.3392338, "url": "https://www.iryou.teikyouseido.mhlw.go.jp/znk-web/juminkanja/S2430/initialize?prefCd=01&kikanCd=3010001370&kikanKbn=3", "url2": "http://matsuda-dental.net", "内容": "松田デンタルクリニック【3:歯科】北海道札幌市中央区南１１条西１３丁目１番８号グランルミネ山鼻１階" }, "geometry": { "type": "Point", "coordinates": [ 141.339233799999988, 43.0450284 ] } },
{ "type": "Feature", "properties": { "ID": 133010001380, "正式名称": "幌西歯科", "機関区分": 3, "都道府県コード": 1, "市区町村コード": 101, "所在地": "北海道札幌市中央区南１１条西１３丁目１－１７", "緯度": 43.0449438, "経度": 141.3382762, "url": "https://www.iryou.teikyouseido.mhlw.go.jp/znk-web/juminkanja/S2430/initialize?prefCd=01&kikanCd=3010001380&kikanKbn=3", "url2": "https://dent-kousai.jp/", "内容": "幌西歯科【3:歯科】北海道札幌市中央区南１１条西１３丁目１－１７" }, "geometry": { "type": "Point", "coordinates": [ 141.3382762, 43.0449438 ] } },
{ "type": "Feature", "properties": { "ID": 133010001400, "正式名称": "中井歯科クリニック", "機関区分": 3, "都道府県コード": 1, "市区町村コード": 101, "所在地": "北海道札幌市中央区南１１条西２１丁目２－２７", "緯度": 43.043429, "経度": 141.326532, "url": "https://www.iryou.teikyouseido.mhlw.go.jp/znk-web/juminkanja/S2430/initialize?prefCd=01&kikanCd=3010001400&kikanKbn=3", "url2": null, "内容": "中井歯科クリニック【3:歯科】北海道札幌市中央区南１１条西２１丁目２－２７" }, "geometry": { "type": "Point", "coordinates": [ 141.326532, 43.043429 ] } },
{ "type": "Feature", "properties": { "ID": 133010001420, "正式名称": "医療法人社団豊翔会　南１２条千葉歯科クリニック", "機関区分": 3, "都道府県コード": 1, "市区町村コード": 101, "所在地": "北海道札幌市中央区南１２条西８丁目３番３０号パークシティハウス１階", "緯度": 43.043856, "経度": 141.346904, "url": "https://www.iryou.teikyouseido.mhlw.go.jp/znk-web/juminkanja/S2430/initialize?prefCd=01&kikanCd=3010001420&kikanKbn=3", "url2": "http://www.chibashika.com", "内容": "医療法人社団豊翔会　南１２条千葉歯科クリニック【3:歯科】北海道札幌市中央区南１２条西８丁目３番３０号パークシティハウス１階" }, "geometry": { "type": "Point", "coordinates": [ 141.346904, 43.043856 ] } },
{ "type": "Feature", "properties": { "ID": 133010001440, "正式名称": "こばやし歯科", "機関区分": 3, "都道府県コード": 1, "市区町村コード": 101, "所在地": "北海道札幌市中央区南１２条西１２丁目２番３号", "緯度": 43.043272, "経度": 141.341626, "url": "https://www.iryou.teikyouseido.mhlw.go.jp/znk-web/juminkanja/S2430/initialize?prefCd=01&kikanCd=3010001440&kikanKbn=3", "url2": null, "内容": "こばやし歯科【3:歯科】北海道札幌市中央区南１２条西１２丁目２番３号" }, "geometry": { "type": "Point", "coordinates": [ 141.341626, 43.043272 ] } },
{ "type": "Feature", "properties": { "ID": 133010001450, "正式名称": "原歯科医院", "機関区分": 3, "都道府県コード": 1, "市区町村コード": 101, "所在地": "北海道札幌市中央区南１２条西１３丁目２番３号", "緯度": 43.043283, "経度": 141.3396, "url": "https://www.iryou.teikyouseido.mhlw.go.jp/znk-web/juminkanja/S2430/initialize?prefCd=01&kikanCd=3010001450&kikanKbn=3", "url2": null, "内容": "原歯科医院【3:歯科】北海道札幌市中央区南１２条西１３丁目２番３号" }, "geometry": { "type": "Point", "coordinates": [ 141.3396, 43.043283 ] } },
{ "type": "Feature", "properties": { "ID": 133010001470, "正式名称": "啓明歯科", "機関区分": 3, "都道府県コード": 1, "市区町村コード": 101, "所在地": "北海道札幌市中央区南１３条西２２丁目１０号ＷＩＴＨ旭ヶ丘", "緯度": 43.0404959, "経度": 141.3271867, "url": "https://www.iryou.teikyouseido.mhlw.go.jp/znk-web/juminkanja/S2430/initialize?prefCd=01&kikanCd=3010001470&kikanKbn=3", "url2": null, "内容": "啓明歯科【3:歯科】北海道札幌市中央区南１３条西２２丁目１０号ＷＩＴＨ旭ヶ丘" }, "geometry": { "type": "Point", "coordinates": [ 141.3271867, 43.0404959 ] } },
{ "type": "Feature", "properties": { "ID": 133010001510, "正式名称": "恵愛歯科医院", "機関区分": 3, "都道府県コード": 1, "市区町村コード": 101, "所在地": "北海道札幌市中央区南１４条西８丁目４－１３アルファコート行啓１階", "緯度": 43.041234, "経度": 141.347481, "url": "https://www.iryou.teikyouseido.mhlw.go.jp/znk-web/juminkanja/S2430/initialize?prefCd=01&kikanCd=3010001510&kikanKbn=3", "url2": null, "内容": "恵愛歯科医院【3:歯科】北海道札幌市中央区南１４条西８丁目４－１３アルファコート行啓１階" }, "geometry": { "type": "Point", "coordinates": [ 141.347481, 43.041234 ] } },
{ "type": "Feature", "properties": { "ID": 133010001530, "正式名称": "浅間歯科医院", "機関区分": 3, "都道府県コード": 1, "市区町村コード": 101, "所在地": "北海道札幌市中央区南１４条西１４丁目２番２１号シティポート正栄２階", "緯度": 43.040682, "経度": 141.336701, "url": "https://www.iryou.teikyouseido.mhlw.go.jp/znk-web/juminkanja/S2430/initialize?prefCd=01&kikanCd=3010001530&kikanKbn=3", "url2": null, "内容": "浅間歯科医院【3:歯科】北海道札幌市中央区南１４条西１４丁目２番２１号シティポート正栄２階" }, "geometry": { "type": "Point", "coordinates": [ 141.336701, 43.040682 ] } },
{ "type": "Feature", "properties": { "ID": 133010001560, "正式名称": "いいだ歯科クリニック", "機関区分": 3, "都道府県コード": 1, "市区町村コード": 101, "所在地": "北海道札幌市中央区南１５条西１４丁目１－２２マックスバリュ南１５条店２階", "緯度": 43.0395039, "経度": 141.3373602, "url": "https://www.iryou.teikyouseido.mhlw.go.jp/znk-web/juminkanja/S2430/initialize?prefCd=01&kikanCd=3010001560&kikanKbn=3", "url2": null, "内容": "いいだ歯科クリニック【3:歯科】北海道札幌市中央区南１５条西１４丁目１－２２マックスバリュ南１５条店２階" }, "geometry": { "type": "Point", "coordinates": [ 141.3373602, 43.0395039 ] } },
{ "type": "Feature", "properties": { "ID": 133010001580, "正式名称": "さとう歯科", "機関区分": 3, "都道府県コード": 1, "市区町村コード": 101, "所在地": "北海道札幌市中央区南１６条西５丁目３－１ー１０１", "緯度": 43.038787, "経度": 141.353562, "url": "https://www.iryou.teikyouseido.mhlw.go.jp/znk-web/juminkanja/S2430/initialize?prefCd=01&kikanCd=3010001580&kikanKbn=3", "url2": null, "内容": "さとう歯科【3:歯科】北海道札幌市中央区南１６条西５丁目３－１ー１０１" }, "geometry": { "type": "Point", "coordinates": [ 141.353562, 43.038787 ] } },
{ "type": "Feature", "properties": { "ID": 133010001590, "正式名称": "電車通り歯科医院", "機関区分": 3, "都道府県コード": 1, "市区町村コード": 101, "所在地": "北海道札幌市中央区南１６条西７丁目１番７号ライオンズマンション静修学園", "緯度": 43.0387946, "経度": 141.3507814, "url": "https://www.iryou.teikyouseido.mhlw.go.jp/znk-web/juminkanja/S2430/initialize?prefCd=01&kikanCd=3010001590&kikanKbn=3", "url2": null, "内容": "電車通り歯科医院【3:歯科】北海道札幌市中央区南１６条西７丁目１番７号ライオンズマンション静修学園" }, "geometry": { "type": "Point", "coordinates": [ 141.350781399999988, 43.0387946 ] } },
{ "type": "Feature", "properties": { "ID": 133010001620, "正式名称": "あべ歯科医院", "機関区分": 3, "都道府県コード": 1, "市区町村コード": 101, "所在地": "北海道札幌市中央区南１６条西１３丁目１－１", "緯度": 43.038499, "経度": 141.340274, "url": "https://www.iryou.teikyouseido.mhlw.go.jp/znk-web/juminkanja/S2430/initialize?prefCd=01&kikanCd=3010001620&kikanKbn=3", "url2": null, "内容": "あべ歯科医院【3:歯科】北海道札幌市中央区南１６条西１３丁目１－１" }, "geometry": { "type": "Point", "coordinates": [ 141.340274, 43.038499 ] } },
{ "type": "Feature", "properties": { "ID": 133010001630, "正式名称": "まつおか中央歯科", "機関区分": 3, "都道府県コード": 1, "市区町村コード": 101, "所在地": "北海道札幌市中央区南１６条西１５丁目１－３", "緯度": 43.038045, "経度": 141.336494, "url": "https://www.iryou.teikyouseido.mhlw.go.jp/znk-web/juminkanja/S2430/initialize?prefCd=01&kikanCd=3010001630&kikanKbn=3", "url2": "http://d-matsuoka.com/", "内容": "まつおか中央歯科【3:歯科】北海道札幌市中央区南１６条西１５丁目１－３" }, "geometry": { "type": "Point", "coordinates": [ 141.336494, 43.038045 ] } },
{ "type": "Feature", "properties": { "ID": 133010001650, "正式名称": "馬場歯科・小児歯科診療室", "機関区分": 3, "都道府県コード": 1, "市区町村コード": 101, "所在地": "北海道札幌市中央区南１７条西１４丁目１－２３－１０２", "緯度": 43.036762, "経度": 141.337178, "url": "https://www.iryou.teikyouseido.mhlw.go.jp/znk-web/juminkanja/S2430/initialize?prefCd=01&kikanCd=3010001650&kikanKbn=3", "url2": null, "内容": "馬場歯科・小児歯科診療室【3:歯科】北海道札幌市中央区南１７条西１４丁目１－２３－１０２" }, "geometry": { "type": "Point", "coordinates": [ 141.337178, 43.036762 ] } },
{ "type": "Feature", "properties": { "ID": 133010001670, "正式名称": "いちやまた歯科", "機関区分": 3, "都道府県コード": 1, "市区町村コード": 101, "所在地": "北海道札幌市中央区南１８条西７丁目２番５号Ｍ１８ビル１階", "緯度": 43.035973, "経度": 141.351137, "url": "https://www.iryou.teikyouseido.mhlw.go.jp/znk-web/juminkanja/S2430/initialize?prefCd=01&kikanCd=3010001670&kikanKbn=3", "url2": null, "内容": "いちやまた歯科【3:歯科】北海道札幌市中央区南１８条西７丁目２番５号Ｍ１８ビル１階" }, "geometry": { "type": "Point", "coordinates": [ 141.351137, 43.035973 ] } },
{ "type": "Feature", "properties": { "ID": 133010001710, "正式名称": "片岡歯科クリニック", "機関区分": 3, "都道府県コード": 1, "市区町村コード": 101, "所在地": "北海道札幌市中央区南１９条西１２丁目１番１号", "緯度": 43.034601, "経度": 141.34278, "url": "https://www.iryou.teikyouseido.mhlw.go.jp/znk-web/juminkanja/S2430/initialize?prefCd=01&kikanCd=3010001710&kikanKbn=3", "url2": null, "内容": "片岡歯科クリニック【3:歯科】北海道札幌市中央区南１９条西１２丁目１番１号" }, "geometry": { "type": "Point", "coordinates": [ 141.34278, 43.034601 ] } },
{ "type": "Feature", "properties": { "ID": 133010001780, "正式名称": "医療法人社団　牧口デンタルオフィス", "機関区分": 3, "都道府県コード": 1, "市区町村コード": 101, "所在地": "北海道札幌市中央区南２１条西１１丁目４番１号", "緯度": 43.031017, "経度": 141.344541, "url": "https://www.iryou.teikyouseido.mhlw.go.jp/znk-web/juminkanja/S2430/initialize?prefCd=01&kikanCd=3010001780&kikanKbn=3", "url2": "http://www.makiguchi.jp/", "内容": "医療法人社団　牧口デンタルオフィス【3:歯科】北海道札幌市中央区南２１条西１１丁目４番１号" }, "geometry": { "type": "Point", "coordinates": [ 141.344541, 43.031017 ] } },
{ "type": "Feature", "properties": { "ID": 133010001790, "正式名称": "中村歯科医院", "機関区分": 3, "都道府県コード": 1, "市区町村コード": 101, "所在地": "北海道札幌市中央区南２１条西１３丁目８８４番地１", "緯度": 43.031414, "経度": 141.341176, "url": "https://www.iryou.teikyouseido.mhlw.go.jp/znk-web/juminkanja/S2430/initialize?prefCd=01&kikanCd=3010001790&kikanKbn=3", "url2": null, "内容": "中村歯科医院【3:歯科】北海道札幌市中央区南２１条西１３丁目８８４番地１" }, "geometry": { "type": "Point", "coordinates": [ 141.341176, 43.031414 ] } },
{ "type": "Feature", "properties": { "ID": 133010001800, "正式名称": "丸山歯科クリニック", "機関区分": 3, "都道府県コード": 1, "市区町村コード": 101, "所在地": "北海道札幌市中央区南２２条西１５丁目サニークレスト札幌１階", "緯度": 43.029413, "経度": 141.336738, "url": "https://www.iryou.teikyouseido.mhlw.go.jp/znk-web/juminkanja/S2430/initialize?prefCd=01&kikanCd=3010001800&kikanKbn=3", "url2": null, "内容": "丸山歯科クリニック【3:歯科】北海道札幌市中央区南２２条西１５丁目サニークレスト札幌１階" }, "geometry": { "type": "Point", "coordinates": [ 141.336738, 43.029413 ] } },
{ "type": "Feature", "properties": { "ID": 133010001810, "正式名称": "医療法人社団敬仁会　ひらの歯科", "機関区分": 3, "都道府県コード": 1, "市区町村コード": 101, "所在地": "北海道札幌市中央区南２３条西８丁目２－２３", "緯度": 43.0285604, "経度": 141.3492372, "url": "https://www.iryou.teikyouseido.mhlw.go.jp/znk-web/juminkanja/S2430/initialize?prefCd=01&kikanCd=3010001810&kikanKbn=3", "url2": "dc-hirano.com", "内容": "医療法人社団敬仁会　ひらの歯科【3:歯科】北海道札幌市中央区南２３条西８丁目２－２３" }, "geometry": { "type": "Point", "coordinates": [ 141.3492372, 43.0285604 ] } },
{ "type": "Feature", "properties": { "ID": 133010001820, "正式名称": "やまはな歯科", "機関区分": 3, "都道府県コード": 1, "市区町村コード": 101, "所在地": "北海道札幌市中央区南２３条西１１丁目１番１号", "緯度": 43.029385, "経度": 141.344853, "url": "https://www.iryou.teikyouseido.mhlw.go.jp/znk-web/juminkanja/S2430/initialize?prefCd=01&kikanCd=3010001820&kikanKbn=3", "url2": null, "内容": "やまはな歯科【3:歯科】北海道札幌市中央区南２３条西１１丁目１番１号" }, "geometry": { "type": "Point", "coordinates": [ 141.344853, 43.029385 ] } },
{ "type": "Feature", "properties": { "ID": 133010001830, "正式名称": "ながかわ歯科医院", "機関区分": 3, "都道府県コード": 1, "市区町村コード": 101, "所在地": "北海道札幌市中央区南２４条西９丁目２－１", "緯度": 43.027443, "経度": 141.348618, "url": "https://www.iryou.teikyouseido.mhlw.go.jp/znk-web/juminkanja/S2430/initialize?prefCd=01&kikanCd=3010001830&kikanKbn=3", "url2": null, "内容": "ながかわ歯科医院【3:歯科】北海道札幌市中央区南２４条西９丁目２－１" }, "geometry": { "type": "Point", "coordinates": [ 141.348618, 43.027443 ] } },
{ "type": "Feature", "properties": { "ID": 133010001840, "正式名称": "ポピー歯科クリニック", "機関区分": 3, "都道府県コード": 1, "市区町村コード": 101, "所在地": "北海道札幌市中央区南２４条西１１丁目１－１", "緯度": 43.027929, "経度": 141.344942, "url": "https://www.iryou.teikyouseido.mhlw.go.jp/znk-web/juminkanja/S2430/initialize?prefCd=01&kikanCd=3010001840&kikanKbn=3", "url2": null, "内容": "ポピー歯科クリニック【3:歯科】北海道札幌市中央区南２４条西１１丁目１－１" }, "geometry": { "type": "Point", "coordinates": [ 141.344942, 43.027929 ] } },
{ "type": "Feature", "properties": { "ID": 133010001860, "正式名称": "医療法人社団　オリーブ歯科", "機関区分": 3, "都道府県コード": 1, "市区町村コード": 101, "所在地": "北海道札幌市中央区南２８条西１１丁目１番６号", "緯度": 43.022333, "経度": 141.345688, "url": "https://www.iryou.teikyouseido.mhlw.go.jp/znk-web/juminkanja/S2430/initialize?prefCd=01&kikanCd=3010001860&kikanKbn=3", "url2": "olive-dc.info", "内容": "医療法人社団　オリーブ歯科【3:歯科】北海道札幌市中央区南２８条西１１丁目１番６号" }, "geometry": { "type": "Point", "coordinates": [ 141.345688, 43.022333 ] } },
{ "type": "Feature", "properties": { "ID": 133010001890, "正式名称": "医療法人社団池田歯科クリニック", "機関区分": 3, "都道府県コード": 1, "市区町村コード": 101, "所在地": "北海道札幌市中央区北１条西３丁目札幌中央ビル９階", "緯度": 43.062882, "経度": 141.351791, "url": "https://www.iryou.teikyouseido.mhlw.go.jp/znk-web/juminkanja/S2430/initialize?prefCd=01&kikanCd=3010001890&kikanKbn=3", "url2": "http//www.dc-ikeda.com/", "内容": "医療法人社団池田歯科クリニック【3:歯科】北海道札幌市中央区北１条西３丁目札幌中央ビル９階" }, "geometry": { "type": "Point", "coordinates": [ 141.351791, 43.062882 ] } },
{ "type": "Feature", "properties": { "ID": 133010001900, "正式名称": "おおいで矯正歯科", "機関区分": 3, "都道府県コード": 1, "市区町村コード": 101, "所在地": "北海道札幌市中央区北１条西３丁目札幌中央ビル７階", "緯度": 43.062857, "経度": 141.351868, "url": "https://www.iryou.teikyouseido.mhlw.go.jp/znk-web/juminkanja/S2430/initialize?prefCd=01&kikanCd=3010001900&kikanKbn=3", "url2": "http://ohidekyousei.com", "内容": "おおいで矯正歯科【3:歯科】北海道札幌市中央区北１条西３丁目札幌中央ビル７階" }, "geometry": { "type": "Point", "coordinates": [ 141.351868, 43.062857 ] } },
{ "type": "Feature", "properties": { "ID": 133010001910, "正式名称": "医療法人社団愛育会　大通り矯正歯科クリニック", "機関区分": 3, "都道府県コード": 1, "市区町村コード": 101, "所在地": "北海道札幌市中央区北１条西３丁目２番地　井門札幌ビル４階", "緯度": 43.0618894, "経度": 141.3522495, "url": "https://www.iryou.teikyouseido.mhlw.go.jp/znk-web/juminkanja/S2430/initialize?prefCd=01&kikanCd=3010001910&kikanKbn=3", "url2": "http://www.odori-kyousei.com", "内容": "医療法人社団愛育会　大通り矯正歯科クリニック【3:歯科】北海道札幌市中央区北１条西３丁目２番地　井門札幌ビル４階" }, "geometry": { "type": "Point", "coordinates": [ 141.3522495, 43.0618894 ] } },
{ "type": "Feature", "properties": { "ID": 133010001960, "正式名称": "藤井歯科医院", "機関区分": 3, "都道府県コード": 1, "市区町村コード": 101, "所在地": "北海道札幌市中央区北１条西４丁目札幌ノースプラザ３階", "緯度": 43.06228, "経度": 141.351332, "url": "https://www.iryou.teikyouseido.mhlw.go.jp/znk-web/juminkanja/S2430/initialize?prefCd=01&kikanCd=3010001960&kikanKbn=3", "url2": null, "内容": "藤井歯科医院【3:歯科】北海道札幌市中央区北１条西４丁目札幌ノースプラザ３階" }, "geometry": { "type": "Point", "coordinates": [ 141.351332, 43.06228 ] } },
{ "type": "Feature", "properties": { "ID": 133010001980, "正式名称": "医療法人社団風の杜会　風の杜歯科", "機関区分": 3, "都道府県コード": 1, "市区町村コード": 101, "所在地": "北海道札幌市中央区北１条西７丁目３　おおわだビル２階", "緯度": 43.0608865, "経度": 141.3461121, "url": "https://www.iryou.teikyouseido.mhlw.go.jp/znk-web/juminkanja/S2430/initialize?prefCd=01&kikanCd=3010001980&kikanKbn=3", "url2": "https://www.kazenomorishika.com", "内容": "医療法人社団風の杜会　風の杜歯科【3:歯科】北海道札幌市中央区北１条西７丁目３　おおわだビル２階" }, "geometry": { "type": "Point", "coordinates": [ 141.3461121, 43.0608865 ] } },
{ "type": "Feature", "properties": { "ID": 133010001990, "正式名称": "大友歯科医院", "機関区分": 3, "都道府県コード": 1, "市区町村コード": 101, "所在地": "北海道札幌市中央区北１条西９丁目３－１０松崎大通ビル７Ｆ", "緯度": 43.060437, "経度": 141.343768, "url": "https://www.iryou.teikyouseido.mhlw.go.jp/znk-web/juminkanja/S2430/initialize?prefCd=01&kikanCd=3010001990&kikanKbn=3", "url2": null, "内容": "大友歯科医院【3:歯科】北海道札幌市中央区北１条西９丁目３－１０松崎大通ビル７Ｆ" }, "geometry": { "type": "Point", "coordinates": [ 141.343768, 43.060437 ] } },
{ "type": "Feature", "properties": { "ID": 133010002010, "正式名称": "医療法人社団みやた会　笹本歯科", "機関区分": 3, "都道府県コード": 1, "市区町村コード": 101, "所在地": "北海道札幌市中央区北１条西１９丁目１－１ラトゥール１Ｆ", "緯度": 43.05839, "経度": 141.328244, "url": "https://www.iryou.teikyouseido.mhlw.go.jp/znk-web/juminkanja/S2430/initialize?prefCd=01&kikanCd=3010002010&kikanKbn=3", "url2": "http://www.m-dc.or.jp/", "内容": "医療法人社団みやた会　笹本歯科【3:歯科】北海道札幌市中央区北１条西１９丁目１－１ラトゥール１Ｆ" }, "geometry": { "type": "Point", "coordinates": [ 141.328244, 43.05839 ] } },
{ "type": "Feature", "properties": { "ID": 133010002100, "正式名称": "医療法人社団惜福会　ＦＣ２４　ＤＥＮＴＡＬＳＴＯＲＥ", "機関区分": 3, "都道府県コード": 1, "市区町村コード": 101, "所在地": "北海道札幌市中央区北２条東４丁目サッポロファクトリー２条館４Ｆ", "緯度": 43.0654276, "経度": 141.3624496, "url": "https://www.iryou.teikyouseido.mhlw.go.jp/znk-web/juminkanja/S2430/initialize?prefCd=01&kikanCd=3010002100&kikanKbn=3", "url2": "https://fc24.jp/", "内容": "医療法人社団惜福会　ＦＣ２４　ＤＥＮＴＡＬＳＴＯＲＥ【3:歯科】北海道札幌市中央区北２条東４丁目サッポロファクトリー２条館４Ｆ" }, "geometry": { "type": "Point", "coordinates": [ 141.3624496, 43.0654276 ] } },
{ "type": "Feature", "properties": { "ID": 133010002120, "正式名称": "松本デンタルオフィス", "機関区分": 3, "都道府県コード": 1, "市区町村コード": 101, "所在地": "北海道札幌市中央区宮の森４条１０丁目４－１１", "緯度": 43.064354, "経度": 141.355319, "url": "https://www.iryou.teikyouseido.mhlw.go.jp/znk-web/juminkanja/S2430/initialize?prefCd=01&kikanCd=3010002120&kikanKbn=3", "url2": "https://mdo-mtis.com", "内容": "松本デンタルオフィス【3:歯科】北海道札幌市中央区宮の森４条１０丁目４－１１" }, "geometry": { "type": "Point", "coordinates": [ 141.355319, 43.064354 ] } },
{ "type": "Feature", "properties": { "ID": 133010002130, "正式名称": "きだ歯科口腔外科クリニック", "機関区分": 3, "都道府県コード": 1, "市区町村コード": 101, "所在地": "北海道札幌市中央区北２条西１丁目１０番地ピア２・１ビル６階", "緯度": 43.063896, "経度": 141.354803, "url": "https://www.iryou.teikyouseido.mhlw.go.jp/znk-web/juminkanja/S2430/initialize?prefCd=01&kikanCd=3010002130&kikanKbn=3", "url2": null, "内容": "きだ歯科口腔外科クリニック【3:歯科】北海道札幌市中央区北２条西１丁目１０番地ピア２・１ビル６階" }, "geometry": { "type": "Point", "coordinates": [ 141.354803, 43.063896 ] } },
{ "type": "Feature", "properties": { "ID": 133010002160, "正式名称": "中沢歯科", "機関区分": 3, "都道府県コード": 1, "市区町村コード": 101, "所在地": "北海道札幌市中央区北２条西２丁目１番地ハクオウビル４階", "緯度": 43.0645741, "経度": 141.3540286, "url": "https://www.iryou.teikyouseido.mhlw.go.jp/znk-web/juminkanja/S2430/initialize?prefCd=01&kikanCd=3010002160&kikanKbn=3", "url2": "http//nakazawa-dc.sakura.ne.jp/", "内容": "中沢歯科【3:歯科】北海道札幌市中央区北２条西２丁目１番地ハクオウビル４階" }, "geometry": { "type": "Point", "coordinates": [ 141.3540286, 43.0645741 ] } },
{ "type": "Feature", "properties": { "ID": 133010002190, "正式名称": "医療法人社団Ｋ２　北２条歯科クリニック", "機関区分": 3, "都道府県コード": 1, "市区町村コード": 101, "所在地": "北海道札幌市中央区北２条西２丁目３２第３７桂和ビル９階", "緯度": 43.064364, "経度": 141.353042, "url": "https://www.iryou.teikyouseido.mhlw.go.jp/znk-web/juminkanja/S2430/initialize?prefCd=01&kikanCd=3010002190&kikanKbn=3", "url2": "kita2jyo-dc.com", "内容": "医療法人社団Ｋ２　北２条歯科クリニック【3:歯科】北海道札幌市中央区北２条西２丁目３２第３７桂和ビル９階" }, "geometry": { "type": "Point", "coordinates": [ 141.353042, 43.064364 ] } },
{ "type": "Feature", "properties": { "ID": 133010002210, "正式名称": "札幌デンタルケアクリニック", "機関区分": 3, "都道府県コード": 1, "市区町村コード": 101, "所在地": "北海道札幌市中央区北２条西３丁目敷島ビル４０７", "緯度": 43.0635771, "経度": 141.3518865, "url": "https://www.iryou.teikyouseido.mhlw.go.jp/znk-web/juminkanja/S2430/initialize?prefCd=01&kikanCd=3010002210&kikanKbn=3", "url2": "http://www.dental-care.jp", "内容": "札幌デンタルケアクリニック【3:歯科】北海道札幌市中央区北２条西３丁目敷島ビル４０７" }, "geometry": { "type": "Point", "coordinates": [ 141.3518865, 43.0635771 ] } },
{ "type": "Feature", "properties": { "ID": 133010002230, "正式名称": "グランド歯科医院", "機関区分": 3, "都道府県コード": 1, "市区町村コード": 101, "所在地": "北海道札幌市中央区北２条西３丁目１－８朝日生命札幌ビル２階", "緯度": 43.063421, "経度": 141.351724, "url": "https://www.iryou.teikyouseido.mhlw.go.jp/znk-web/juminkanja/S2430/initialize?prefCd=01&kikanCd=3010002230&kikanKbn=3", "url2": "https://grandshika.com/", "内容": "グランド歯科医院【3:歯科】北海道札幌市中央区北２条西３丁目１－８朝日生命札幌ビル２階" }, "geometry": { "type": "Point", "coordinates": [ 141.351724, 43.063421 ] } },
{ "type": "Feature", "properties": { "ID": 133010002240, "正式名称": "幸健美歯科クリニック", "機関区分": 3, "都道府県コード": 1, "市区町村コード": 101, "所在地": "北海道札幌市中央区北１条西２２丁目１－２１アスパラダイスビル１Ｆ", "緯度": 43.057879, "経度": 141.323691, "url": "https://www.iryou.teikyouseido.mhlw.go.jp/znk-web/juminkanja/S2430/initialize?prefCd=01&kikanCd=3010002240&kikanKbn=3", "url2": "http://koukenbi.com", "内容": "幸健美歯科クリニック【3:歯科】北海道札幌市中央区北１条西２２丁目１－２１アスパラダイスビル１Ｆ" }, "geometry": { "type": "Point", "coordinates": [ 141.323691, 43.057879 ] } },
{ "type": "Feature", "properties": { "ID": 133010002270, "正式名称": "なかじま歯科クリニック", "機関区分": 3, "都道府県コード": 1, "市区町村コード": 101, "所在地": "北海道札幌市中央区北２条西２６丁目１番１０号エレガンス円山１階", "緯度": 43.0596474, "経度": 141.3177753, "url": "https://www.iryou.teikyouseido.mhlw.go.jp/znk-web/juminkanja/S2430/initialize?prefCd=01&kikanCd=3010002270&kikanKbn=3", "url2": "www.ne.jp/asahi/nakajima/dental", "内容": "なかじま歯科クリニック【3:歯科】北海道札幌市中央区北２条西２６丁目１番１０号エレガンス円山１階" }, "geometry": { "type": "Point", "coordinates": [ 141.3177753, 43.0596474 ] } },
{ "type": "Feature", "properties": { "ID": 133010002280, "正式名称": "医療法人社団　永山歯科診療所", "機関区分": 3, "都道府県コード": 1, "市区町村コード": 101, "所在地": "北海道札幌市中央区北２条東３丁目２番２　マルタビル札幌２階", "緯度": 43.065048, "経度": 141.359818, "url": "https://www.iryou.teikyouseido.mhlw.go.jp/znk-web/juminkanja/S2430/initialize?prefCd=01&kikanCd=3010002280&kikanKbn=3", "url2": "http://www.nagayama-dent.com/", "内容": "医療法人社団　永山歯科診療所【3:歯科】北海道札幌市中央区北２条東３丁目２番２　マルタビル札幌２階" }, "geometry": { "type": "Point", "coordinates": [ 141.359818, 43.065048 ] } },
{ "type": "Feature", "properties": { "ID": 133010002320, "正式名称": "アポロ歯科", "機関区分": 3, "都道府県コード": 1, "市区町村コード": 101, "所在地": "北海道札幌市中央区北３条西２丁目上山ビル２階", "緯度": 43.05429, "経度": 141.34216, "url": "https://www.iryou.teikyouseido.mhlw.go.jp/znk-web/juminkanja/S2430/initialize?prefCd=01&kikanCd=3010002320&kikanKbn=3", "url2": null, "内容": "アポロ歯科【3:歯科】北海道札幌市中央区北３条西２丁目上山ビル２階" }, "geometry": { "type": "Point", "coordinates": [ 141.34216, 43.05429 ] } },
{ "type": "Feature", "properties": { "ID": 133010002340, "正式名称": "ワタナベ歯科診療所", "機関区分": 3, "都道府県コード": 1, "市区町村コード": 101, "所在地": "北海道札幌市中央区北３条西３丁目１－４４　ヒューリックスクエア札幌２階", "緯度": 43.065159, "経度": 141.351486, "url": "https://www.iryou.teikyouseido.mhlw.go.jp/znk-web/juminkanja/S2430/initialize?prefCd=01&kikanCd=3010002340&kikanKbn=3", "url2": "https://watanabeshikashinryoujo.com", "内容": "ワタナベ歯科診療所【3:歯科】北海道札幌市中央区北３条西３丁目１－４４　ヒューリックスクエア札幌２階" }, "geometry": { "type": "Point", "coordinates": [ 141.351486, 43.065159 ] } },
{ "type": "Feature", "properties": { "ID": 133010002380, "正式名称": "にし歯科クリニック", "機関区分": 3, "都道府県コード": 1, "市区町村コード": 101, "所在地": "北海道札幌市中央区北３条西４丁目日本生命札幌ビル３階", "緯度": 43.0648858, "経度": 141.3501307, "url": "https://www.iryou.teikyouseido.mhlw.go.jp/znk-web/juminkanja/S2430/initialize?prefCd=01&kikanCd=3010002380&kikanKbn=3", "url2": "http://www.nishi-dental-clinic.ne.jp", "内容": "にし歯科クリニック【3:歯科】北海道札幌市中央区北３条西４丁目日本生命札幌ビル３階" }, "geometry": { "type": "Point", "coordinates": [ 141.3501307, 43.0648858 ] } },
{ "type": "Feature", "properties": { "ID": 133010002440, "正式名称": "高橋歯科医院", "機関区分": 3, "都道府県コード": 1, "市区町村コード": 101, "所在地": "北海道札幌市中央区北３条東８丁目３５０", "緯度": 43.066834, "経度": 141.367422, "url": "https://www.iryou.teikyouseido.mhlw.go.jp/znk-web/juminkanja/S2430/initialize?prefCd=01&kikanCd=3010002440&kikanKbn=3", "url2": "http://takahashi-shikaiin.com/", "内容": "高橋歯科医院【3:歯科】北海道札幌市中央区北３条東８丁目３５０" }, "geometry": { "type": "Point", "coordinates": [ 141.367422, 43.066834 ] } },
{ "type": "Feature", "properties": { "ID": 133010002450, "正式名称": "山口歯科医院", "機関区分": 3, "都道府県コード": 1, "市区町村コード": 101, "所在地": "北海道札幌市中央区北３条東９丁目４番地２", "緯度": 43.067219, "経度": 141.370469, "url": "https://www.iryou.teikyouseido.mhlw.go.jp/znk-web/juminkanja/S2430/initialize?prefCd=01&kikanCd=3010002450&kikanKbn=3", "url2": null, "内容": "山口歯科医院【3:歯科】北海道札幌市中央区北３条東９丁目４番地２" }, "geometry": { "type": "Point", "coordinates": [ 141.370469, 43.067219 ] } },
{ "type": "Feature", "properties": { "ID": 133010002500, "正式名称": "育生歯科", "機関区分": 3, "都道府県コード": 1, "市区町村コード": 101, "所在地": "北海道札幌市中央区南２条西２丁目２３番地オカダビル４Ｆ", "緯度": 43.058576, "経度": 141.355669, "url": "https://www.iryou.teikyouseido.mhlw.go.jp/znk-web/juminkanja/S2430/initialize?prefCd=01&kikanCd=3010002500&kikanKbn=3", "url2": "http://www.ikusei-d.com", "内容": "育生歯科【3:歯科】北海道札幌市中央区南２条西２丁目２３番地オカダビル４Ｆ" }, "geometry": { "type": "Point", "coordinates": [ 141.355669, 43.058576 ] } },
{ "type": "Feature", "properties": { "ID": 133010002520, "正式名称": "医療法人社団小川会　アスティ歯科クリニック", "機関区分": 3, "都道府県コード": 1, "市区町村コード": 101, "所在地": "北海道札幌市中央区北４条西５丁目アスティ４５ビル６階", "緯度": 43.066076, "経度": 141.348069, "url": "https://www.iryou.teikyouseido.mhlw.go.jp/znk-web/juminkanja/S2430/initialize?prefCd=01&kikanCd=3010002520&kikanKbn=3", "url2": "https://www.astydentalclinic.com", "内容": "医療法人社団小川会　アスティ歯科クリニック【3:歯科】北海道札幌市中央区北４条西５丁目アスティ４５ビル６階" }, "geometry": { "type": "Point", "coordinates": [ 141.348069, 43.066076 ] } },
{ "type": "Feature", "properties": { "ID": 133010002540, "正式名称": "はらだ歯科", "機関区分": 3, "都道府県コード": 1, "市区町村コード": 101, "所在地": "北海道札幌市中央区北４条西７丁目北農健保会館１階", "緯度": 43.065706, "経度": 141.345499, "url": "https://www.iryou.teikyouseido.mhlw.go.jp/znk-web/juminkanja/S2430/initialize?prefCd=01&kikanCd=3010002540&kikanKbn=3", "url2": null, "内容": "はらだ歯科【3:歯科】北海道札幌市中央区北４条西７丁目北農健保会館１階" }, "geometry": { "type": "Point", "coordinates": [ 141.345499, 43.065706 ] } },
{ "type": "Feature", "properties": { "ID": 133010002550, "正式名称": "藤川歯科クリニック", "機関区分": 3, "都道府県コード": 1, "市区町村コード": 101, "所在地": "北海道札幌市中央区北４条西１２丁目１番２８号日宝北４条ビル１階", "緯度": 43.064476, "経度": 141.337059, "url": "https://www.iryou.teikyouseido.mhlw.go.jp/znk-web/juminkanja/S2430/initialize?prefCd=01&kikanCd=3010002550&kikanKbn=3", "url2": null, "内容": "藤川歯科クリニック【3:歯科】北海道札幌市中央区北４条西１２丁目１番２８号日宝北４条ビル１階" }, "geometry": { "type": "Point", "coordinates": [ 141.337059, 43.064476 ] } },
{ "type": "Feature", "properties": { "ID": 133010002560, "正式名称": "こどもの歯科診療室", "機関区分": 3, "都道府県コード": 1, "市区町村コード": 101, "所在地": "北海道札幌市中央区北４条西２８丁目スドウビル２階", "緯度": 43.06166, "経度": 141.314179, "url": "https://www.iryou.teikyouseido.mhlw.go.jp/znk-web/juminkanja/S2430/initialize?prefCd=01&kikanCd=3010002560&kikanKbn=3", "url2": null, "内容": "こどもの歯科診療室【3:歯科】北海道札幌市中央区北４条西２８丁目スドウビル２階" }, "geometry": { "type": "Point", "coordinates": [ 141.314179, 43.06166 ] } },
{ "type": "Feature", "properties": { "ID": 133010002590, "正式名称": "歯科オムニデンティックスＪＲタワー", "機関区分": 3, "都道府県コード": 1, "市区町村コード": 101, "所在地": "北海道札幌市中央区北５条西２丁目ＪＲタワーオフィスプラザ札幌８階", "緯度": 43.067934, "経度": 141.352615, "url": "https://www.iryou.teikyouseido.mhlw.go.jp/znk-web/juminkanja/S2430/initialize?prefCd=01&kikanCd=3010002590&kikanKbn=3", "url2": "https://www.omnidentix-jr.com", "内容": "歯科オムニデンティックスＪＲタワー【3:歯科】北海道札幌市中央区北５条西２丁目ＪＲタワーオフィスプラザ札幌８階" }, "geometry": { "type": "Point", "coordinates": [ 141.352615, 43.067934 ] } },
{ "type": "Feature", "properties": { "ID": 133010002600, "正式名称": "医療法人社団　丸山歯科医院", "機関区分": 3, "都道府県コード": 1, "市区町村コード": 102, "所在地": "北海道札幌市北区北六条西６丁目２番地　三共電気６・６ビル１階", "緯度": 43.068139, "経度": 141.346748, "url": "https://www.iryou.teikyouseido.mhlw.go.jp/znk-web/juminkanja/S2430/initialize?prefCd=01&kikanCd=3010002600&kikanKbn=3", "url2": "https://maruyamadent.com/", "内容": "医療法人社団　丸山歯科医院【3:歯科】北海道札幌市北区北六条西６丁目２番地　三共電気６・６ビル１階" }, "geometry": { "type": "Point", "coordinates": [ 141.346748, 43.068139 ] } },
{ "type": "Feature", "properties": { "ID": 133010002640, "正式名称": "インプラントオフィス　おもと総合歯科医院", "機関区分": 3, "都道府県コード": 1, "市区町村コード": 101, "所在地": "北海道札幌市中央区北５条西１９丁目２６番地３ハイム浅野２階", "緯度": 43.063793, "経度": 141.32656, "url": "https://www.iryou.teikyouseido.mhlw.go.jp/znk-web/juminkanja/S2430/initialize?prefCd=01&kikanCd=3010002640&kikanKbn=3", "url2": "https://www.omoto-dental-clinic.com/", "内容": "インプラントオフィス　おもと総合歯科医院【3:歯科】北海道札幌市中央区北５条西１９丁目２６番地３ハイム浅野２階" }, "geometry": { "type": "Point", "coordinates": [ 141.32656, 43.063793 ] } },
{ "type": "Feature", "properties": { "ID": 133010002650, "正式名称": "医療法人社団宮の森矯正歯科クリニック", "機関区分": 3, "都道府県コード": 1, "市区町村コード": 101, "所在地": "北海道札幌市中央区北５条西２６丁目１番７号ベンビル２階", "緯度": 43.06227, "経度": 141.315989, "url": "https://www.iryou.teikyouseido.mhlw.go.jp/znk-web/juminkanja/S2430/initialize?prefCd=01&kikanCd=3010002650&kikanKbn=3", "url2": "http:/www.hiraga.or.jp/miyanomori/", "内容": "医療法人社団宮の森矯正歯科クリニック【3:歯科】北海道札幌市中央区北５条西２６丁目１番７号ベンビル２階" }, "geometry": { "type": "Point", "coordinates": [ 141.315989, 43.06227 ] } },
{ "type": "Feature", "properties": { "ID": 133010002660, "正式名称": "医療法人　きむら歯科", "機関区分": 3, "都道府県コード": 1, "市区町村コード": 101, "所在地": "北海道札幌市中央区北５条西２７丁目２番３号メディック２８", "緯度": 43.0623198, "経度": 141.3145678, "url": "https://www.iryou.teikyouseido.mhlw.go.jp/znk-web/juminkanja/S2430/initialize?prefCd=01&kikanCd=3010002660&kikanKbn=3", "url2": "https://www.kimura-dental.info/", "内容": "医療法人　きむら歯科【3:歯科】北海道札幌市中央区北５条西２７丁目２番３号メディック２８" }, "geometry": { "type": "Point", "coordinates": [ 141.3145678, 43.0623198 ] } },
{ "type": "Feature", "properties": { "ID": 133010002670, "正式名称": "西２８デンタルクリニック", "機関区分": 3, "都道府県コード": 1, "市区町村コード": 101, "所在地": "北海道札幌市中央区北５条西２８丁目第３福長ビル２階", "緯度": 43.0618661, "経度": 141.3134712, "url": "https://www.iryou.teikyouseido.mhlw.go.jp/znk-web/juminkanja/S2430/initialize?prefCd=01&kikanCd=3010002670&kikanKbn=3", "url2": "w28dc.com", "内容": "西２８デンタルクリニック【3:歯科】北海道札幌市中央区北５条西２８丁目第３福長ビル２階" }, "geometry": { "type": "Point", "coordinates": [ 141.3134712, 43.0618661 ] } },
{ "type": "Feature", "properties": { "ID": 133010002680, "正式名称": "山田歯科医院分院", "機関区分": 3, "都道府県コード": 1, "市区町村コード": 101, "所在地": "北海道札幌市中央区北５条西２９丁目宮の森グランドハイツ", "緯度": 43.0619785, "経度": 141.3124419, "url": "https://www.iryou.teikyouseido.mhlw.go.jp/znk-web/juminkanja/S2430/initialize?prefCd=01&kikanCd=3010002680&kikanKbn=3", "url2": null, "内容": "山田歯科医院分院【3:歯科】北海道札幌市中央区北５条西２９丁目宮の森グランドハイツ" }, "geometry": { "type": "Point", "coordinates": [ 141.31244190000001, 43.0619785 ] } },
{ "type": "Feature", "properties": { "ID": 133010002700, "正式名称": "Ｎ＆Ｒデンタルオフィス田中歯科口腔外科", "機関区分": 3, "都道府県コード": 1, "市区町村コード": 101, "所在地": "北海道札幌市中央区北６条西２４丁目３番５号", "緯度": 43.049613, "経度": 141.322447, "url": "https://www.iryou.teikyouseido.mhlw.go.jp/znk-web/juminkanja/S2430/initialize?prefCd=01&kikanCd=3010002700&kikanKbn=3", "url2": null, "内容": "Ｎ＆Ｒデンタルオフィス田中歯科口腔外科【3:歯科】北海道札幌市中央区北６条西２４丁目３番５号" }, "geometry": { "type": "Point", "coordinates": [ 141.322447, 43.049613 ] } },
{ "type": "Feature", "properties": { "ID": 133010002720, "正式名称": "円山北歯科", "機関区分": 3, "都道府県コード": 1, "市区町村コード": 101, "所在地": "北海道札幌市中央区北６条西２７丁目１番１５号ふじ井ハイデンス宮の森１階", "緯度": 43.063482, "経度": 141.314355, "url": "https://www.iryou.teikyouseido.mhlw.go.jp/znk-web/juminkanja/S2430/initialize?prefCd=01&kikanCd=3010002720&kikanKbn=3", "url2": null, "内容": "円山北歯科【3:歯科】北海道札幌市中央区北６条西２７丁目１番１５号ふじ井ハイデンス宮の森１階" }, "geometry": { "type": "Point", "coordinates": [ 141.314355, 43.063482 ] } },
{ "type": "Feature", "properties": { "ID": 133010002750, "正式名称": "安永歯科", "機関区分": 3, "都道府県コード": 1, "市区町村コード": 101, "所在地": "北海道札幌市中央区北８条西１９丁目３５番地７０", "緯度": 43.067366, "経度": 141.325485, "url": "https://www.iryou.teikyouseido.mhlw.go.jp/znk-web/juminkanja/S2430/initialize?prefCd=01&kikanCd=3010002750&kikanKbn=3", "url2": null, "内容": "安永歯科【3:歯科】北海道札幌市中央区北８条西１９丁目３５番地７０" }, "geometry": { "type": "Point", "coordinates": [ 141.325485, 43.067366 ] } },
{ "type": "Feature", "properties": { "ID": 133010002760, "正式名称": "こまつ歯科クリニック", "機関区分": 3, "都道府県コード": 1, "市区町村コード": 101, "所在地": "北海道札幌市中央区北８条西２４丁目２－３日新ビル２階", "緯度": 43.065985, "経度": 141.318175, "url": "https://www.iryou.teikyouseido.mhlw.go.jp/znk-web/juminkanja/S2430/initialize?prefCd=01&kikanCd=3010002760&kikanKbn=3", "url2": null, "内容": "こまつ歯科クリニック【3:歯科】北海道札幌市中央区北８条西２４丁目２－３日新ビル２階" }, "geometry": { "type": "Point", "coordinates": [ 141.318175, 43.065985 ] } },
{ "type": "Feature", "properties": { "ID": 133010002780, "正式名称": "医療法人桑正会よしたに歯科医院", "機関区分": 3, "都道府県コード": 1, "市区町村コード": 101, "所在地": "北海道札幌市中央区北１０条西１５丁目１番６号クリーンリバー桑園駅前３号棟", "緯度": 43.0702248, "経度": 141.3320053, "url": "https://www.iryou.teikyouseido.mhlw.go.jp/znk-web/juminkanja/S2430/initialize?prefCd=01&kikanCd=3010002780&kikanKbn=3", "url2": "http://www.yoshitani-dental.com/", "内容": "医療法人桑正会よしたに歯科医院【3:歯科】北海道札幌市中央区北１０条西１５丁目１番６号クリーンリバー桑園駅前３号棟" }, "geometry": { "type": "Point", "coordinates": [ 141.3320053, 43.0702248 ] } },
{ "type": "Feature", "properties": { "ID": 133010002790, "正式名称": "いしぐろ歯科クリニック", "機関区分": 3, "都道府県コード": 1, "市区町村コード": 101, "所在地": "北海道札幌市中央区北１１条西１５丁目２－１サンエーアインビル２階", "緯度": 43.070547, "経度": 141.333181, "url": "https://www.iryou.teikyouseido.mhlw.go.jp/znk-web/juminkanja/S2430/initialize?prefCd=01&kikanCd=3010002790&kikanKbn=3", "url2": "www.dental-iiha.com/d0001604.html", "内容": "いしぐろ歯科クリニック【3:歯科】北海道札幌市中央区北１１条西１５丁目２－１サンエーアインビル２階" }, "geometry": { "type": "Point", "coordinates": [ 141.333181, 43.070547 ] } },
{ "type": "Feature", "properties": { "ID": 133010002800, "正式名称": "かまだ歯科", "機関区分": 3, "都道府県コード": 1, "市区町村コード": 101, "所在地": "北海道札幌市中央区北１３条西１５丁目１番１０号", "緯度": 43.074063, "経度": 141.329768, "url": "https://www.iryou.teikyouseido.mhlw.go.jp/znk-web/juminkanja/S2430/initialize?prefCd=01&kikanCd=3010002800&kikanKbn=3", "url2": null, "内容": "かまだ歯科【3:歯科】北海道札幌市中央区北１３条西１５丁目１番１０号" }, "geometry": { "type": "Point", "coordinates": [ 141.329768, 43.074063 ] } },
{ "type": "Feature", "properties": { "ID": 133010002820, "正式名称": "医療法人社団北楡会　パストラルデンタルクリニック", "機関区分": 3, "都道府県コード": 1, "市区町村コード": 102, "所在地": "北海道札幌市北区北８条西４丁目パストラルビルＮ８　２階", "緯度": 43.0705919, "経度": 141.3492564, "url": "https://www.iryou.teikyouseido.mhlw.go.jp/znk-web/juminkanja/S2430/initialize?prefCd=01&kikanCd=3010002820&kikanKbn=3", "url2": "https://pastoral-dc.jp/", "内容": "医療法人社団北楡会　パストラルデンタルクリニック【3:歯科】北海道札幌市北区北８条西４丁目パストラルビルＮ８　２階" }, "geometry": { "type": "Point", "coordinates": [ 141.3492564, 43.0705919 ] } },
{ "type": "Feature", "properties": { "ID": 133010002870, "正式名称": "北２４条ターミナル歯科", "機関区分": 3, "都道府県コード": 1, "市区町村コード": 102, "所在地": "北海道札幌市北区北２３条西４丁目２番１ターミナルハイツ２４－３１３", "緯度": 43.089813, "経度": 141.344485, "url": "https://www.iryou.teikyouseido.mhlw.go.jp/znk-web/juminkanja/S2430/initialize?prefCd=01&kikanCd=3010002870&kikanKbn=3", "url2": "http://www.kita24-dental.com/index.html", "内容": "北２４条ターミナル歯科【3:歯科】北海道札幌市北区北２３条西４丁目２番１ターミナルハイツ２４－３１３" }, "geometry": { "type": "Point", "coordinates": [ 141.344485, 43.089813 ] } },
{ "type": "Feature", "properties": { "ID": 133010002880, "正式名称": "医療法人社団　えんどう小児歯科・矯正歯科医院", "機関区分": 3, "都道府県コード": 1, "市区町村コード": 102, "所在地": "北海道札幌市北区北２３条西３丁目２番２８号第一高瀬ビル３階", "緯度": 43.0898305, "経度": 141.3448351, "url": "https://www.iryou.teikyouseido.mhlw.go.jp/znk-web/juminkanja/S2430/initialize?prefCd=01&kikanCd=3010002880&kikanKbn=3", "url2": "http://endo-ped.cihp2.jp/", "内容": "医療法人社団　えんどう小児歯科・矯正歯科医院【3:歯科】北海道札幌市北区北２３条西３丁目２番２８号第一高瀬ビル３階" }, "geometry": { "type": "Point", "coordinates": [ 141.344835100000012, 43.089830500000012 ] } },
{ "type": "Feature", "properties": { "ID": 133010002890, "正式名称": "医療法人社団明雄会　ロピア歯科", "機関区分": 3, "都道府県コード": 1, "市区町村コード": 102, "所在地": "北海道札幌市北区北３２条西１０丁目１番１号ロピア北３２条２階", "緯度": 43.0988367, "経度": 141.3329242, "url": "https://www.iryou.teikyouseido.mhlw.go.jp/znk-web/juminkanja/S2430/initialize?prefCd=01&kikanCd=3010002890&kikanKbn=3", "url2": null, "内容": "医療法人社団明雄会　ロピア歯科【3:歯科】北海道札幌市北区北３２条西１０丁目１番１号ロピア北３２条２階" }, "geometry": { "type": "Point", "coordinates": [ 141.3329242, 43.0988367 ] } },
{ "type": "Feature", "properties": { "ID": 133010002900, "正式名称": "医療法人社団　クローバー歯科", "機関区分": 3, "都道府県コード": 1, "市区町村コード": 102, "所在地": "北海道札幌市北区北２５条西５丁目プラザ２５　２階", "緯度": 43.092212, "経度": 141.342124, "url": "https://www.iryou.teikyouseido.mhlw.go.jp/znk-web/juminkanja/S2430/initialize?prefCd=01&kikanCd=3010002900&kikanKbn=3", "url2": "www.clover-sika.com", "内容": "医療法人社団　クローバー歯科【3:歯科】北海道札幌市北区北２５条西５丁目プラザ２５　２階" }, "geometry": { "type": "Point", "coordinates": [ 141.342124, 43.092212 ] } },
{ "type": "Feature", "properties": { "ID": 133010002910, "正式名称": "医療法人社団メモリアル会　メモリアル歯科", "機関区分": 3, "都道府県コード": 1, "市区町村コード": 102, "所在地": "北海道札幌市北区北２４条西２丁目３番１号", "緯度": 43.0915873, "経度": 141.3471573, "url": "https://www.iryou.teikyouseido.mhlw.go.jp/znk-web/juminkanja/S2430/initialize?prefCd=01&kikanCd=3010002910&kikanKbn=3", "url2": "http//www.memorial-dc.com", "内容": "医療法人社団メモリアル会　メモリアル歯科【3:歯科】北海道札幌市北区北２４条西２丁目３番１号" }, "geometry": { "type": "Point", "coordinates": [ 141.3471573, 43.0915873 ] } },
{ "type": "Feature", "properties": { "ID": 133010002940, "正式名称": "医療法人社団白水会　はくすい歯カ", "機関区分": 3, "都道府県コード": 1, "市区町村コード": 102, "所在地": "北海道札幌市北区北２４条西１４丁目３－８北２４条通メディカルプレイス１階", "緯度": 43.087684, "経度": 141.327375, "url": "https://www.iryou.teikyouseido.mhlw.go.jp/znk-web/juminkanja/S2430/initialize?prefCd=01&kikanCd=3010002940&kikanKbn=3", "url2": "http://www.hakusui-kai.jp/", "内容": "医療法人社団白水会　はくすい歯カ【3:歯科】北海道札幌市北区北２４条西１４丁目３－８北２４条通メディカルプレイス１階" }, "geometry": { "type": "Point", "coordinates": [ 141.327375, 43.087684 ] } },
{ "type": "Feature", "properties": { "ID": 133010002950, "正式名称": "医療法人天馬会　デンタルクス札幌澤野歯科", "機関区分": 3, "都道府県コード": 1, "市区町村コード": 102, "所在地": "北海道札幌市北区北２６条西４丁目２番１３号", "緯度": 43.093467, "経度": 141.343207, "url": "https://www.iryou.teikyouseido.mhlw.go.jp/znk-web/juminkanja/S2430/initialize?prefCd=01&kikanCd=3010002950&kikanKbn=3", "url2": null, "内容": "医療法人天馬会　デンタルクス札幌澤野歯科【3:歯科】北海道札幌市北区北２６条西４丁目２番１３号" }, "geometry": { "type": "Point", "coordinates": [ 141.343207, 43.093467 ] } },
{ "type": "Feature", "properties": { "ID": 133010002960, "正式名称": "医療法人社団英山会　さわだ歯科", "機関区分": 3, "都道府県コード": 1, "市区町村コード": 102, "所在地": "北海道札幌市北区新川４条１１丁目８番１６号", "緯度": 43.1082253, "経度": 141.3088425, "url": "https://www.iryou.teikyouseido.mhlw.go.jp/znk-web/juminkanja/S2430/initialize?prefCd=01&kikanCd=3010002960&kikanKbn=3", "url2": null, "内容": "医療法人社団英山会　さわだ歯科【3:歯科】北海道札幌市北区新川４条１１丁目８番１６号" }, "geometry": { "type": "Point", "coordinates": [ 141.3088425, 43.1082253 ] } },
{ "type": "Feature", "properties": { "ID": 133010002970, "正式名称": "医療法人社団千仁会　新川駅前歯科クリニック", "機関区分": 3, "都道府県コード": 1, "市区町村コード": 102, "所在地": "北海道札幌市北区新川５条１丁目１番２２号新川駅前メディカルビル３階", "緯度": 43.0989123, "経度": 141.3252964, "url": "https://www.iryou.teikyouseido.mhlw.go.jp/znk-web/juminkanja/S2430/initialize?prefCd=01&kikanCd=3010002970&kikanKbn=3", "url2": "http://www.senjinkai.or.jp", "内容": "医療法人社団千仁会　新川駅前歯科クリニック【3:歯科】北海道札幌市北区新川５条１丁目１番２２号新川駅前メディカルビル３階" }, "geometry": { "type": "Point", "coordinates": [ 141.325296400000013, 43.098912299999988 ] } },
{ "type": "Feature", "properties": { "ID": 133010002990, "正式名称": "医療法人社団　岩寺小児歯科医院", "機関区分": 3, "都道府県コード": 1, "市区町村コード": 102, "所在地": "北海道札幌市北区麻生町２丁目４番５号", "緯度": 43.10945, "経度": 141.339101, "url": "https://www.iryou.teikyouseido.mhlw.go.jp/znk-web/juminkanja/S2430/initialize?prefCd=01&kikanCd=3010002990&kikanKbn=3", "url2": "http://www.iwadera.com", "内容": "医療法人社団　岩寺小児歯科医院【3:歯科】北海道札幌市北区麻生町２丁目４番５号" }, "geometry": { "type": "Point", "coordinates": [ 141.339101, 43.10945 ] } },
{ "type": "Feature", "properties": { "ID": 133010003000, "正式名称": "医療法人社団　よこやま矯正歯科", "機関区分": 3, "都道府県コード": 1, "市区町村コード": 102, "所在地": "北海道札幌市北区麻生町４丁目１２番８号アルファ麻生ビル７階", "緯度": 43.1108449, "経度": 141.3388366, "url": "https://www.iryou.teikyouseido.mhlw.go.jp/znk-web/juminkanja/S2430/initialize?prefCd=01&kikanCd=3010003000&kikanKbn=3", "url2": "https://www.kyoseiweb.com", "内容": "医療法人社団　よこやま矯正歯科【3:歯科】北海道札幌市北区麻生町４丁目１２番８号アルファ麻生ビル７階" }, "geometry": { "type": "Point", "coordinates": [ 141.3388366, 43.1108449 ] } },
{ "type": "Feature", "properties": { "ID": 133010003030, "正式名称": "医療法人　杉歯科医院　新琴似歯科クリニック", "機関区分": 3, "都道府県コード": 1, "市区町村コード": 102, "所在地": "北海道札幌市北区新琴似１０条２丁目１番１０号", "緯度": 43.115176, "経度": 141.336, "url": "https://www.iryou.teikyouseido.mhlw.go.jp/znk-web/juminkanja/S2430/initialize?prefCd=01&kikanCd=3010003030&kikanKbn=3", "url2": "http://sugi-dent.com/shinkotoni/", "内容": "医療法人　杉歯科医院　新琴似歯科クリニック【3:歯科】北海道札幌市北区新琴似１０条２丁目１番１０号" }, "geometry": { "type": "Point", "coordinates": [ 141.336, 43.115176 ] } },
{ "type": "Feature", "properties": { "ID": 133010003040, "正式名称": "医療法人社団　中條歯科医院", "機関区分": 3, "都道府県コード": 1, "市区町村コード": 102, "所在地": "北海道札幌市北区新琴似９条１１丁目１１番１５号", "緯度": 43.121653, "経度": 141.322652, "url": "https://www.iryou.teikyouseido.mhlw.go.jp/znk-web/juminkanja/S2430/initialize?prefCd=01&kikanCd=3010003040&kikanKbn=3", "url2": null, "内容": "医療法人社団　中條歯科医院【3:歯科】北海道札幌市北区新琴似９条１１丁目１１番１５号" }, "geometry": { "type": "Point", "coordinates": [ 141.322652, 43.121653 ] } },
{ "type": "Feature", "properties": { "ID": 133010003060, "正式名称": "医療法人社団　さとう歯科クリニック", "機関区分": 3, "都道府県コード": 1, "市区町村コード": 102, "所在地": "北海道札幌市北区新琴似１２条１０丁目２番１号", "緯度": 43.124138, "経度": 141.326934, "url": "https://www.iryou.teikyouseido.mhlw.go.jp/znk-web/juminkanja/S2430/initialize?prefCd=01&kikanCd=3010003060&kikanKbn=3", "url2": "satou-dc.net", "内容": "医療法人社団　さとう歯科クリニック【3:歯科】北海道札幌市北区新琴似１２条１０丁目２番１号" }, "geometry": { "type": "Point", "coordinates": [ 141.326934, 43.124138 ] } },
{ "type": "Feature", "properties": { "ID": 133010003070, "正式名称": "医療法人社団千仁会　北海道大志歯科クリニック", "機関区分": 3, "都道府県コード": 1, "市区町村コード": 102, "所在地": "北海道札幌市北区新琴似１条７丁目９番６４号", "緯度": 43.1066305, "経度": 141.316196, "url": "https://www.iryou.teikyouseido.mhlw.go.jp/znk-web/juminkanja/S2430/initialize?prefCd=01&kikanCd=3010003070&kikanKbn=3", "url2": "http://www.senjinkai.or.jp/", "内容": "医療法人社団千仁会　北海道大志歯科クリニック【3:歯科】北海道札幌市北区新琴似１条７丁目９番６４号" }, "geometry": { "type": "Point", "coordinates": [ 141.316196, 43.1066305 ] } },
{ "type": "Feature", "properties": { "ID": 133010003090, "正式名称": "医療法人社団秀英会　こばやし歯科医院", "機関区分": 3, "都道府県コード": 1, "市区町村コード": 102, "所在地": "北海道札幌市北区新琴似８条９丁目２番１号マルシンビル２階", "緯度": 43.118015, "経度": 141.322419, "url": "https://www.iryou.teikyouseido.mhlw.go.jp/znk-web/juminkanja/S2430/initialize?prefCd=01&kikanCd=3010003090&kikanKbn=3", "url2": "http://www.syuei.com", "内容": "医療法人社団秀英会　こばやし歯科医院【3:歯科】北海道札幌市北区新琴似８条９丁目２番１号マルシンビル２階" }, "geometry": { "type": "Point", "coordinates": [ 141.322419, 43.118015 ] } },
{ "type": "Feature", "properties": { "ID": 133010003100, "正式名称": "医療法人社団　杉山歯科医院", "機関区分": 3, "都道府県コード": 1, "市区町村コード": 102, "所在地": "北海道札幌市北区新琴似７条６丁目５番２１号", "緯度": 43.114903, "経度": 141.327152, "url": "https://www.iryou.teikyouseido.mhlw.go.jp/znk-web/juminkanja/S2430/initialize?prefCd=01&kikanCd=3010003100&kikanKbn=3", "url2": null, "内容": "医療法人社団　杉山歯科医院【3:歯科】北海道札幌市北区新琴似７条６丁目５番２１号" }, "geometry": { "type": "Point", "coordinates": [ 141.327152, 43.114903 ] } },
{ "type": "Feature", "properties": { "ID": 133010003120, "正式名称": "医療法人社団千仁会　ちだ歯科クリニック", "機関区分": 3, "都道府県コード": 1, "市区町村コード": 102, "所在地": "北海道札幌市北区屯田５条１０丁目８番１号", "緯度": 43.134568, "経度": 141.321652, "url": "https://www.iryou.teikyouseido.mhlw.go.jp/znk-web/juminkanja/S2430/initialize?prefCd=01&kikanCd=3010003120&kikanKbn=3", "url2": "http://www.senjinkai.or.jp/", "内容": "医療法人社団千仁会　ちだ歯科クリニック【3:歯科】北海道札幌市北区屯田５条１０丁目８番１号" }, "geometry": { "type": "Point", "coordinates": [ 141.321652, 43.134568 ] } },
{ "type": "Feature", "properties": { "ID": 133010003130, "正式名称": "太平歯科医院", "機関区分": 3, "都道府県コード": 1, "市区町村コード": 102, "所在地": "北海道札幌市北区太平１０条３丁目３番１号マルシン太平ビル１階", "緯度": 43.135846, "経度": 141.353621, "url": "https://www.iryou.teikyouseido.mhlw.go.jp/znk-web/juminkanja/S2430/initialize?prefCd=01&kikanCd=3010003130&kikanKbn=3", "url2": null, "内容": "太平歯科医院【3:歯科】北海道札幌市北区太平１０条３丁目３番１号マルシン太平ビル１階" }, "geometry": { "type": "Point", "coordinates": [ 141.353621, 43.135846 ] } },
{ "type": "Feature", "properties": { "ID": 133010003150, "正式名称": "医療法人社団健生会　篠路山田歯科", "機関区分": 3, "都道府県コード": 1, "市区町村コード": 102, "所在地": "北海道札幌市北区篠路６条５丁目１５８番１０４", "緯度": 43.150845, "経度": 141.360342, "url": "https://www.iryou.teikyouseido.mhlw.go.jp/znk-web/juminkanja/S2430/initialize?prefCd=01&kikanCd=3010003150&kikanKbn=3", "url2": "http://shinoro-yamada-dental.com/", "内容": "医療法人社団健生会　篠路山田歯科【3:歯科】北海道札幌市北区篠路６条５丁目１５８番１０４" }, "geometry": { "type": "Point", "coordinates": [ 141.360342, 43.150845 ] } },
{ "type": "Feature", "properties": { "ID": 133010003170, "正式名称": "医療法人社団　箱木歯科", "機関区分": 3, "都道府県コード": 1, "市区町村コード": 102, "所在地": "北海道札幌市北区篠路３条５丁目１番２０号", "緯度": 43.145891, "経度": 141.359224, "url": "https://www.iryou.teikyouseido.mhlw.go.jp/znk-web/juminkanja/S2430/initialize?prefCd=01&kikanCd=3010003170&kikanKbn=3", "url2": null, "内容": "医療法人社団　箱木歯科【3:歯科】北海道札幌市北区篠路３条５丁目１番２０号" }, "geometry": { "type": "Point", "coordinates": [ 141.359224, 43.145891 ] } },
{ "type": "Feature", "properties": { "ID": 133010003190, "正式名称": "医療法人社団　にいで歯科医院", "機関区分": 3, "都道府県コード": 1, "市区町村コード": 102, "所在地": "北海道札幌市北区あいの里１条４丁目９－１７", "緯度": 43.157985, "経度": 141.396681, "url": "https://www.iryou.teikyouseido.mhlw.go.jp/znk-web/juminkanja/S2430/initialize?prefCd=01&kikanCd=3010003190&kikanKbn=3", "url2": "http://niideshika.la.coocan.jp", "内容": "医療法人社団　にいで歯科医院【3:歯科】北海道札幌市北区あいの里１条４丁目９－１７" }, "geometry": { "type": "Point", "coordinates": [ 141.396681, 43.157985 ] } },
{ "type": "Feature", "properties": { "ID": 133010003200, "正式名称": "オリエント歯科医院", "機関区分": 3, "都道府県コード": 1, "市区町村コード": 102, "所在地": "北海道札幌市北区北７条西６丁目１－１８", "緯度": 43.0688109, "経度": 141.3465519, "url": "https://www.iryou.teikyouseido.mhlw.go.jp/znk-web/juminkanja/S2430/initialize?prefCd=01&kikanCd=3010003200&kikanKbn=3", "url2": "http://www.orient-dc.jp", "内容": "オリエント歯科医院【3:歯科】北海道札幌市北区北７条西６丁目１－１８" }, "geometry": { "type": "Point", "coordinates": [ 141.3465519, 43.0688109 ] } },
{ "type": "Feature", "properties": { "ID": 133010003210, "正式名称": "北１２条ワンツー歯科", "機関区分": 3, "都道府県コード": 1, "市区町村コード": 102, "所在地": "北海道札幌市北区北１１条西４丁目２－２５ベルエアプラザビル２階", "緯度": 43.074658, "経度": 141.348124, "url": "https://www.iryou.teikyouseido.mhlw.go.jp/znk-web/juminkanja/S2430/initialize?prefCd=01&kikanCd=3010003210&kikanKbn=3", "url2": "www.12dental.com", "内容": "北１２条ワンツー歯科【3:歯科】北海道札幌市北区北１１条西４丁目２－２５ベルエアプラザビル２階" }, "geometry": { "type": "Point", "coordinates": [ 141.348124, 43.074658 ] } },
{ "type": "Feature", "properties": { "ID": 133010003220, "正式名称": "ふれあい歯科", "機関区分": 3, "都道府県コード": 1, "市区町村コード": 102, "所在地": "北海道札幌市北区北１１条西３丁目１７番甲　日宝ノール北１１条２Ｆ", "緯度": 43.0747, "経度": 141.349167, "url": "https://www.iryou.teikyouseido.mhlw.go.jp/znk-web/juminkanja/S2430/initialize?prefCd=01&kikanCd=3010003220&kikanKbn=3", "url2": null, "内容": "ふれあい歯科【3:歯科】北海道札幌市北区北１１条西３丁目１７番甲　日宝ノール北１１条２Ｆ" }, "geometry": { "type": "Point", "coordinates": [ 141.349167, 43.0747 ] } },
{ "type": "Feature", "properties": { "ID": 133010003230, "正式名称": "まさき歯科・小児歯科", "機関区分": 3, "都道府県コード": 1, "市区町村コード": 102, "所在地": "北海道札幌市北区北８条西３丁目１３－３ラ・クラッセ札幌ステーションフロント１階", "緯度": 43.071325, "経度": 141.350763, "url": "https://www.iryou.teikyouseido.mhlw.go.jp/znk-web/juminkanja/S2430/initialize?prefCd=01&kikanCd=3010003230&kikanKbn=3", "url2": "http://www.4118.net", "内容": "まさき歯科・小児歯科【3:歯科】北海道札幌市北区北８条西３丁目１３－３ラ・クラッセ札幌ステーションフロント１階" }, "geometry": { "type": "Point", "coordinates": [ 141.350763, 43.071325 ] } },
{ "type": "Feature", "properties": { "ID": 133010003240, "正式名称": "こおり歯科医院", "機関区分": 3, "都道府県コード": 1, "市区町村コード": 102, "所在地": "北海道札幌市北区北９条西４丁目１０番３号エスターＮガレリアビル２階", "緯度": 43.0715736, "経度": 141.3481442, "url": "https://www.iryou.teikyouseido.mhlw.go.jp/znk-web/juminkanja/S2430/initialize?prefCd=01&kikanCd=3010003240&kikanKbn=3", "url2": null, "内容": "こおり歯科医院【3:歯科】北海道札幌市北区北９条西４丁目１０番３号エスターＮガレリアビル２階" }, "geometry": { "type": "Point", "coordinates": [ 141.3481442, 43.0715736 ] } },
{ "type": "Feature", "properties": { "ID": 133010003250, "正式名称": "神田歯科医院", "機関区分": 3, "都道府県コード": 1, "市区町村コード": 102, "所在地": "北海道札幌市北区北７条西４丁目１番地丸増ビル２階", "緯度": 43.069435, "経度": 141.349541, "url": "https://www.iryou.teikyouseido.mhlw.go.jp/znk-web/juminkanja/S2430/initialize?prefCd=01&kikanCd=3010003250&kikanKbn=3", "url2": null, "内容": "神田歯科医院【3:歯科】北海道札幌市北区北７条西４丁目１番地丸増ビル２階" }, "geometry": { "type": "Point", "coordinates": [ 141.349541, 43.069435 ] } },
{ "type": "Feature", "properties": { "ID": 133010003260, "正式名称": "北大前矯正歯科クリニック", "機関区分": 3, "都道府県コード": 1, "市区町村コード": 102, "所在地": "北海道札幌市北区北８条西４丁目２０番１号　バロンドール　２Ｆ", "緯度": 43.071075, "経度": 141.348347, "url": "https://www.iryou.teikyouseido.mhlw.go.jp/znk-web/juminkanja/S2430/initialize?prefCd=01&kikanCd=3010003260&kikanKbn=3", "url2": "http://www.hokudaimae.com/", "内容": "北大前矯正歯科クリニック【3:歯科】北海道札幌市北区北８条西４丁目２０番１号　バロンドール　２Ｆ" }, "geometry": { "type": "Point", "coordinates": [ 141.348347, 43.071075 ] } },
{ "type": "Feature", "properties": { "ID": 133010003330, "正式名称": "マイクデンタルオフィス", "機関区分": 3, "都道府県コード": 1, "市区町村コード": 102, "所在地": "北海道札幌市北区北１８条西３丁目２１番地マイクビル２階", "緯度": 43.081959, "経度": 141.347473, "url": "https://www.iryou.teikyouseido.mhlw.go.jp/znk-web/juminkanja/S2430/initialize?prefCd=01&kikanCd=3010003330&kikanKbn=3", "url2": null, "内容": "マイクデンタルオフィス【3:歯科】北海道札幌市北区北１８条西３丁目２１番地マイクビル２階" }, "geometry": { "type": "Point", "coordinates": [ 141.347473, 43.081959 ] } },
{ "type": "Feature", "properties": { "ID": 133010003340, "正式名称": "橋本歯科医院", "機関区分": 3, "都道府県コード": 1, "市区町村コード": 102, "所在地": "北海道札幌市北区北１８条西３丁目１－１４橋本ビル２階", "緯度": 43.08188, "経度": 141.34718, "url": "https://www.iryou.teikyouseido.mhlw.go.jp/znk-web/juminkanja/S2430/initialize?prefCd=01&kikanCd=3010003340&kikanKbn=3", "url2": null, "内容": "橋本歯科医院【3:歯科】北海道札幌市北区北１８条西３丁目１－１４橋本ビル２階" }, "geometry": { "type": "Point", "coordinates": [ 141.34718, 43.08188 ] } },
{ "type": "Feature", "properties": { "ID": 133010003350, "正式名称": "大塚歯科医院", "機関区分": 3, "都道府県コード": 1, "市区町村コード": 102, "所在地": "北海道札幌市北区北１７条西５丁目１番４０号", "緯度": 43.0806913, "経度": 141.3451223, "url": "https://www.iryou.teikyouseido.mhlw.go.jp/znk-web/juminkanja/S2430/initialize?prefCd=01&kikanCd=3010003350&kikanKbn=3", "url2": "http://www.otsuka-dental-c.com", "内容": "大塚歯科医院【3:歯科】北海道札幌市北区北１７条西５丁目１番４０号" }, "geometry": { "type": "Point", "coordinates": [ 141.345122300000014, 43.080691300000012 ] } },
{ "type": "Feature", "properties": { "ID": 133010003450, "正式名称": "エルムの杜デンタルクリニック", "機関区分": 3, "都道府県コード": 1, "市区町村コード": 102, "所在地": "北海道札幌市北区北２４条西９丁目１番１号スーパーアークス北２４条店", "緯度": 43.090289, "経度": 141.336221, "url": "https://www.iryou.teikyouseido.mhlw.go.jp/znk-web/juminkanja/S2430/initialize?prefCd=01&kikanCd=3010003450&kikanKbn=3", "url2": "http://www.elm-forest-dc.com", "内容": "エルムの杜デンタルクリニック【3:歯科】北海道札幌市北区北２４条西９丁目１番１号スーパーアークス北２４条店" }, "geometry": { "type": "Point", "coordinates": [ 141.336221, 43.090289 ] } },
{ "type": "Feature", "properties": { "ID": 133010003490, "正式名称": "医療法人社団こうじ歯科クリニック", "機関区分": 3, "都道府県コード": 1, "市区町村コード": 102, "所在地": "北海道札幌市北区北３３条西４丁目２７９－１北３４条ターミナルハイツ１階", "緯度": 43.100197, "経度": 141.341506, "url": "https://www.iryou.teikyouseido.mhlw.go.jp/znk-web/juminkanja/S2430/initialize?prefCd=01&kikanCd=3010003490&kikanKbn=3", "url2": "http://www.koujidental.com", "内容": "医療法人社団こうじ歯科クリニック【3:歯科】北海道札幌市北区北３３条西４丁目２７９－１北３４条ターミナルハイツ１階" }, "geometry": { "type": "Point", "coordinates": [ 141.341506, 43.100197 ] } },
{ "type": "Feature", "properties": { "ID": 133010003520, "正式名称": "ファイン歯科", "機関区分": 3, "都道府県コード": 1, "市区町村コード": 102, "所在地": "北海道札幌市北区北２５条西１６丁目５番３１号", "緯度": 43.092331, "経度": 141.325358, "url": "https://www.iryou.teikyouseido.mhlw.go.jp/znk-web/juminkanja/S2430/initialize?prefCd=01&kikanCd=3010003520&kikanKbn=3", "url2": null, "内容": "ファイン歯科【3:歯科】北海道札幌市北区北２５条西１６丁目５番３１号" }, "geometry": { "type": "Point", "coordinates": [ 141.325358, 43.092331 ] } },
{ "type": "Feature", "properties": { "ID": 133010003550, "正式名称": "札幌愛児歯科医院", "機関区分": 3, "都道府県コード": 1, "市区町村コード": 102, "所在地": "北海道札幌市北区北３２条西５丁目３番２７号　レガード北３２　２階", "緯度": 43.0994623, "経度": 141.3402472, "url": "https://www.iryou.teikyouseido.mhlw.go.jp/znk-web/juminkanja/S2430/initialize?prefCd=01&kikanCd=3010003550&kikanKbn=3", "url2": null, "内容": "札幌愛児歯科医院【3:歯科】北海道札幌市北区北３２条西５丁目３番２７号　レガード北３２　２階" }, "geometry": { "type": "Point", "coordinates": [ 141.3402472, 43.0994623 ] } },
{ "type": "Feature", "properties": { "ID": 133010003560, "正式名称": "医療法人社団立靖会　ラビット歯科", "機関区分": 3, "都道府県コード": 1, "市区町村コード": 102, "所在地": "北海道札幌市北区北２４条西４丁目１－２１モンレーブ２４　４階", "緯度": 43.0906551, "経度": 141.3443325, "url": "https://www.iryou.teikyouseido.mhlw.go.jp/znk-web/juminkanja/S2430/initialize?prefCd=01&kikanCd=3010003560&kikanKbn=3", "url2": "http://www.rabbit-dental.com/", "内容": "医療法人社団立靖会　ラビット歯科【3:歯科】北海道札幌市北区北２４条西４丁目１－２１モンレーブ２４　４階" }, "geometry": { "type": "Point", "coordinates": [ 141.3443325, 43.0906551 ] } },
{ "type": "Feature", "properties": { "ID": 133010003570, "正式名称": "山形歯科クリニック", "機関区分": 3, "都道府県コード": 1, "市区町村コード": 102, "所在地": "北海道札幌市北区北２４条西１３丁目１－３０", "緯度": 43.088766, "経度": 141.330734, "url": "https://www.iryou.teikyouseido.mhlw.go.jp/znk-web/juminkanja/S2430/initialize?prefCd=01&kikanCd=3010003570&kikanKbn=3", "url2": "http://www.yamagata-dc.com/", "内容": "山形歯科クリニック【3:歯科】北海道札幌市北区北２４条西１３丁目１－３０" }, "geometry": { "type": "Point", "coordinates": [ 141.330734, 43.088766 ] } },
{ "type": "Feature", "properties": { "ID": 133010003580, "正式名称": "きたの杜歯科医院", "機関区分": 3, "都道府県コード": 1, "市区町村コード": 102, "所在地": "北海道札幌市北区北２６条西１４丁目１－６", "緯度": 43.0928885, "経度": 141.32634, "url": "https://www.iryou.teikyouseido.mhlw.go.jp/znk-web/juminkanja/S2430/initialize?prefCd=01&kikanCd=3010003580&kikanKbn=3", "url2": null, "内容": "きたの杜歯科医院【3:歯科】北海道札幌市北区北２６条西１４丁目１－６" }, "geometry": { "type": "Point", "coordinates": [ 141.32634, 43.0928885 ] } },
{ "type": "Feature", "properties": { "ID": 133010003590, "正式名称": "後藤歯科医院", "機関区分": 3, "都道府県コード": 1, "市区町村コード": 102, "所在地": "北海道札幌市北区北２７条西１６丁目５番１８号", "緯度": 43.09735, "経度": 141.325264, "url": "https://www.iryou.teikyouseido.mhlw.go.jp/znk-web/juminkanja/S2430/initialize?prefCd=01&kikanCd=3010003590&kikanKbn=3", "url2": null, "内容": "後藤歯科医院【3:歯科】北海道札幌市北区北２７条西１６丁目５番１８号" }, "geometry": { "type": "Point", "coordinates": [ 141.325264, 43.09735 ] } },
{ "type": "Feature", "properties": { "ID": 133010003600, "正式名称": "佐藤歯科医院", "機関区分": 3, "都道府県コード": 1, "市区町村コード": 102, "所在地": "北海道札幌市北区北３１条西４丁目３－３", "緯度": 43.097979, "経度": 141.341286, "url": "https://www.iryou.teikyouseido.mhlw.go.jp/znk-web/juminkanja/S2430/initialize?prefCd=01&kikanCd=3010003600&kikanKbn=3", "url2": null, "内容": "佐藤歯科医院【3:歯科】北海道札幌市北区北３１条西４丁目３－３" }, "geometry": { "type": "Point", "coordinates": [ 141.341286, 43.097979 ] } },
{ "type": "Feature", "properties": { "ID": 133010003640, "正式名称": "アルプス歯科", "機関区分": 3, "都道府県コード": 1, "市区町村コード": 102, "所在地": "北海道札幌市北区新川３条４丁目８番１号", "緯度": 43.100119, "経度": 141.319411, "url": "https://www.iryou.teikyouseido.mhlw.go.jp/znk-web/juminkanja/S2430/initialize?prefCd=01&kikanCd=3010003640&kikanKbn=3", "url2": null, "内容": "アルプス歯科【3:歯科】北海道札幌市北区新川３条４丁目８番１号" }, "geometry": { "type": "Point", "coordinates": [ 141.319411, 43.100119 ] } },
{ "type": "Feature", "properties": { "ID": 133010003650, "正式名称": "新山歯科", "機関区分": 3, "都道府県コード": 1, "市区町村コード": 102, "所在地": "北海道札幌市北区新川３条１１丁目１０番２９号", "緯度": 43.108654, "経度": 141.305126, "url": "https://www.iryou.teikyouseido.mhlw.go.jp/znk-web/juminkanja/S2430/initialize?prefCd=01&kikanCd=3010003650&kikanKbn=3", "url2": null, "内容": "新山歯科【3:歯科】北海道札幌市北区新川３条１１丁目１０番２９号" }, "geometry": { "type": "Point", "coordinates": [ 141.305126, 43.108654 ] } },
{ "type": "Feature", "properties": { "ID": 133010003660, "正式名称": "新川ファミリー歯科", "機関区分": 3, "都道府県コード": 1, "市区町村コード": 102, "所在地": "北海道札幌市北区新川４条１４丁目２番１５号", "緯度": 43.11179, "経度": 141.302363, "url": "https://www.iryou.teikyouseido.mhlw.go.jp/znk-web/juminkanja/S2430/initialize?prefCd=01&kikanCd=3010003660&kikanKbn=3", "url2": null, "内容": "新川ファミリー歯科【3:歯科】北海道札幌市北区新川４条１４丁目２番１５号" }, "geometry": { "type": "Point", "coordinates": [ 141.302363, 43.11179 ] } },
{ "type": "Feature", "properties": { "ID": 133010003670, "正式名称": "どうかい歯科クリニック", "機関区分": 3, "都道府県コード": 1, "市区町村コード": 102, "所在地": "北海道札幌市北区新川西２条６丁目２－６", "緯度": 43.129487, "経度": 141.273839, "url": "https://www.iryou.teikyouseido.mhlw.go.jp/znk-web/juminkanja/S2430/initialize?prefCd=01&kikanCd=3010003670&kikanKbn=3", "url2": null, "内容": "どうかい歯科クリニック【3:歯科】北海道札幌市北区新川西２条６丁目２－６" }, "geometry": { "type": "Point", "coordinates": [ 141.273839, 43.129487 ] } },
{ "type": "Feature", "properties": { "ID": 133010003690, "正式名称": "医療法人社団　建志会　おひげの先生歯科クリニック", "機関区分": 3, "都道府県コード": 1, "市区町村コード": 102, "所在地": "北海道札幌市北区新川３条４丁目１番３号", "緯度": 43.099044, "経度": 141.318292, "url": "https://www.iryou.teikyouseido.mhlw.go.jp/znk-web/juminkanja/S2430/initialize?prefCd=01&kikanCd=3010003690&kikanKbn=3", "url2": "https://ohige-dental-clinic.com/", "内容": "医療法人社団　建志会　おひげの先生歯科クリニック【3:歯科】北海道札幌市北区新川３条４丁目１番３号" }, "geometry": { "type": "Point", "coordinates": [ 141.318292, 43.099044 ] } },
{ "type": "Feature", "properties": { "ID": 133010003710, "正式名称": "ばば歯科医院", "機関区分": 3, "都道府県コード": 1, "市区町村コード": 102, "所在地": "北海道札幌市北区新川５条１丁目４７５番地５５", "緯度": 43.099907, "経度": 141.325609, "url": "https://www.iryou.teikyouseido.mhlw.go.jp/znk-web/juminkanja/S2430/initialize?prefCd=01&kikanCd=3010003710&kikanKbn=3", "url2": "http://babadent.jp", "内容": "ばば歯科医院【3:歯科】北海道札幌市北区新川５条１丁目４７５番地５５" }, "geometry": { "type": "Point", "coordinates": [ 141.325609, 43.099907 ] } },
{ "type": "Feature", "properties": { "ID": 133010003720, "正式名称": "小西歯科クリニック", "機関区分": 3, "都道府県コード": 1, "市区町村コード": 102, "所在地": "北海道札幌市北区北４０条西４丁目２番１号麻生メディカルビル４階", "緯度": 43.1075996, "経度": 141.338752, "url": "https://www.iryou.teikyouseido.mhlw.go.jp/znk-web/juminkanja/S2430/initialize?prefCd=01&kikanCd=3010003720&kikanKbn=3", "url2": "http://www.konishi-dental.com", "内容": "小西歯科クリニック【3:歯科】北海道札幌市北区北４０条西４丁目２番１号麻生メディカルビル４階" }, "geometry": { "type": "Point", "coordinates": [ 141.338752, 43.1075996 ] } },
{ "type": "Feature", "properties": { "ID": 133010003800, "正式名称": "プルミエ歯科クリニック", "機関区分": 3, "都道府県コード": 1, "市区町村コード": 102, "所在地": "北海道札幌市北区北４０条西４丁目東光ストア麻生店２階", "緯度": 43.1084812, "経度": 141.338833, "url": "https://www.iryou.teikyouseido.mhlw.go.jp/znk-web/juminkanja/S2430/initialize?prefCd=01&kikanCd=3010003800&kikanKbn=3", "url2": "http://premiere-dental.com/", "内容": "プルミエ歯科クリニック【3:歯科】北海道札幌市北区北４０条西４丁目東光ストア麻生店２階" }, "geometry": { "type": "Point", "coordinates": [ 141.338833, 43.1084812 ] } },
{ "type": "Feature", "properties": { "ID": 133010003810, "正式名称": "北斗デンタルクリニック", "機関区分": 3, "都道府県コード": 1, "市区町村コード": 102, "所在地": "北海道札幌市北区北３５条西９丁目１番１２号", "緯度": 43.10396, "経度": 141.333291, "url": "https://www.iryou.teikyouseido.mhlw.go.jp/znk-web/juminkanja/S2430/initialize?prefCd=01&kikanCd=3010003810&kikanKbn=3", "url2": "http://www.home-dr.jp/hos_data/kita/hokuto-dental/top.htm", "内容": "北斗デンタルクリニック【3:歯科】北海道札幌市北区北３５条西９丁目１番１２号" }, "geometry": { "type": "Point", "coordinates": [ 141.333291, 43.10396 ] } },
{ "type": "Feature", "properties": { "ID": 133010003850, "正式名称": "麻生エルム歯科", "機関区分": 3, "都道府県コード": 1, "市区町村コード": 102, "所在地": "北海道札幌市北区北４０条西４丁目２－２０麻生むらもとビル２階", "緯度": 43.1084097, "経度": 141.3383695, "url": "https://www.iryou.teikyouseido.mhlw.go.jp/znk-web/juminkanja/S2430/initialize?prefCd=01&kikanCd=3010003850&kikanKbn=3", "url2": "http://www.asabu-elm.com/", "内容": "麻生エルム歯科【3:歯科】北海道札幌市北区北４０条西４丁目２－２０麻生むらもとビル２階" }, "geometry": { "type": "Point", "coordinates": [ 141.3383695, 43.1084097 ] } },
{ "type": "Feature", "properties": { "ID": 133010003890, "正式名称": "ピープル歯科", "機関区分": 3, "都道府県コード": 1, "市区町村コード": 102, "所在地": "北海道札幌市北区新琴似６条８丁目１番１号", "緯度": 43.113958, "経度": 141.321818, "url": "https://www.iryou.teikyouseido.mhlw.go.jp/znk-web/juminkanja/S2430/initialize?prefCd=01&kikanCd=3010003890&kikanKbn=3", "url2": null, "内容": "ピープル歯科【3:歯科】北海道札幌市北区新琴似６条８丁目１番１号" }, "geometry": { "type": "Point", "coordinates": [ 141.321818, 43.113958 ] } },
{ "type": "Feature", "properties": { "ID": 133010003930, "正式名称": "田渕歯科医院", "機関区分": 3, "都道府県コード": 1, "市区町村コード": 102, "所在地": "北海道札幌市北区新琴似７条８丁目５番２４号生協２階", "緯度": 43.116719, "経度": 141.323087, "url": "https://www.iryou.teikyouseido.mhlw.go.jp/znk-web/juminkanja/S2430/initialize?prefCd=01&kikanCd=3010003930&kikanKbn=3", "url2": "http://www.tabuchi-dc.com", "内容": "田渕歯科医院【3:歯科】北海道札幌市北区新琴似７条８丁目５番２４号生協２階" }, "geometry": { "type": "Point", "coordinates": [ 141.323087, 43.116719 ] } },
{ "type": "Feature", "properties": { "ID": 133010003950, "正式名称": "アリエル歯科", "機関区分": 3, "都道府県コード": 1, "市区町村コード": 102, "所在地": "北海道札幌市北区新琴似９条１６丁目６－１１", "緯度": 43.127705, "経度": 141.309096, "url": "https://www.iryou.teikyouseido.mhlw.go.jp/znk-web/juminkanja/S2430/initialize?prefCd=01&kikanCd=3010003950&kikanKbn=3", "url2": null, "内容": "アリエル歯科【3:歯科】北海道札幌市北区新琴似９条１６丁目６－１１" }, "geometry": { "type": "Point", "coordinates": [ 141.309096, 43.127705 ] } },
{ "type": "Feature", "properties": { "ID": 133010003960, "正式名称": "ふれあいの杜歯科・こども歯科", "機関区分": 3, "都道府県コード": 1, "市区町村コード": 102, "所在地": "北海道札幌市北区新琴似１０条１４丁目１２番１５号", "緯度": 43.126489, "経度": 141.3173635, "url": "https://www.iryou.teikyouseido.mhlw.go.jp/znk-web/juminkanja/S2430/initialize?prefCd=01&kikanCd=3010003960&kikanKbn=3", "url2": "http://www.fureainomorishika.com", "内容": "ふれあいの杜歯科・こども歯科【3:歯科】北海道札幌市北区新琴似１０条１４丁目１２番１５号" }, "geometry": { "type": "Point", "coordinates": [ 141.3173635, 43.126489 ] } },
{ "type": "Feature", "properties": { "ID": 133010003980, "正式名称": "ファーム歯科", "機関区分": 3, "都道府県コード": 1, "市区町村コード": 102, "所在地": "北海道札幌市北区新琴似２条１３丁目９－１０", "緯度": 43.114514, "経度": 141.306237, "url": "https://www.iryou.teikyouseido.mhlw.go.jp/znk-web/juminkanja/S2430/initialize?prefCd=01&kikanCd=3010003980&kikanKbn=3", "url2": "http://www.myclic.ne.jp/farm_sika/", "内容": "ファーム歯科【3:歯科】北海道札幌市北区新琴似２条１３丁目９－１０" }, "geometry": { "type": "Point", "coordinates": [ 141.306237, 43.114514 ] } },
{ "type": "Feature", "properties": { "ID": 133010004010, "正式名称": "池田歯科クリニック", "機関区分": 3, "都道府県コード": 1, "市区町村コード": 102, "所在地": "北海道札幌市北区新琴似６条１５丁目１番１号", "緯度": 43.121038, "経度": 141.30857, "url": "https://www.iryou.teikyouseido.mhlw.go.jp/znk-web/juminkanja/S2430/initialize?prefCd=01&kikanCd=3010004010&kikanKbn=3", "url2": null, "内容": "池田歯科クリニック【3:歯科】北海道札幌市北区新琴似６条１５丁目１番１号" }, "geometry": { "type": "Point", "coordinates": [ 141.30857, 43.121038 ] } },
{ "type": "Feature", "properties": { "ID": 133010004030, "正式名称": "さわむら歯科", "機関区分": 3, "都道府県コード": 1, "市区町村コード": 102, "所在地": "北海道札幌市北区新琴似３条７丁目１－２２", "緯度": 43.1092333, "経度": 141.3192991, "url": "https://www.iryou.teikyouseido.mhlw.go.jp/znk-web/juminkanja/S2430/initialize?prefCd=01&kikanCd=3010004030&kikanKbn=3", "url2": "http://sawadent.web.fc2.com/", "内容": "さわむら歯科【3:歯科】北海道札幌市北区新琴似３条７丁目１－２２" }, "geometry": { "type": "Point", "coordinates": [ 141.3192991, 43.1092333 ] } },
{ "type": "Feature", "properties": { "ID": 133010004040, "正式名称": "坂田歯科医院", "機関区分": 3, "都道府県コード": 1, "市区町村コード": 102, "所在地": "北海道札幌市北区新琴似８条１丁目１番４５号坂田ビル", "緯度": 43.112162, "経度": 141.336793, "url": "https://www.iryou.teikyouseido.mhlw.go.jp/znk-web/juminkanja/S2430/initialize?prefCd=01&kikanCd=3010004040&kikanKbn=3", "url2": null, "内容": "坂田歯科医院【3:歯科】北海道札幌市北区新琴似８条１丁目１番４５号坂田ビル" }, "geometry": { "type": "Point", "coordinates": [ 141.336793, 43.112162 ] } },
{ "type": "Feature", "properties": { "ID": 133010004060, "正式名称": "歯科小野木医院", "機関区分": 3, "都道府県コード": 1, "市区町村コード": 102, "所在地": "北海道札幌市北区新琴似１条４丁目７番２０号", "緯度": 43.1051283, "経度": 141.3220804, "url": "https://www.iryou.teikyouseido.mhlw.go.jp/znk-web/juminkanja/S2430/initialize?prefCd=01&kikanCd=3010004060&kikanKbn=3", "url2": null, "内容": "歯科小野木医院【3:歯科】北海道札幌市北区新琴似１条４丁目７番２０号" }, "geometry": { "type": "Point", "coordinates": [ 141.3220804, 43.1051283 ] } },
{ "type": "Feature", "properties": { "ID": 133010004100, "正式名称": "ため歯科クリニック", "機関区分": 3, "都道府県コード": 1, "市区町村コード": 102, "所在地": "北海道札幌市北区新琴似９条１丁目８７３番地", "緯度": 43.113604, "経度": 141.336631, "url": "https://www.iryou.teikyouseido.mhlw.go.jp/znk-web/juminkanja/S2430/initialize?prefCd=01&kikanCd=3010004100&kikanKbn=3", "url2": null, "内容": "ため歯科クリニック【3:歯科】北海道札幌市北区新琴似９条１丁目８７３番地" }, "geometry": { "type": "Point", "coordinates": [ 141.336631, 43.113604 ] } },
{ "type": "Feature", "properties": { "ID": 133010004110, "正式名称": "弓野歯科医院", "機関区分": 3, "都道府県コード": 1, "市区町村コード": 102, "所在地": "北海道札幌市北区新琴似５条１２丁目５番２２号", "緯度": 43.117959, "経度": 141.313451, "url": "https://www.iryou.teikyouseido.mhlw.go.jp/znk-web/juminkanja/S2430/initialize?prefCd=01&kikanCd=3010004110&kikanKbn=3", "url2": null, "内容": "弓野歯科医院【3:歯科】北海道札幌市北区新琴似５条１２丁目５番２２号" }, "geometry": { "type": "Point", "coordinates": [ 141.313451, 43.117959 ] } },
{ "type": "Feature", "properties": { "ID": 133010004150, "正式名称": "杉村歯科医院", "機関区分": 3, "都道府県コード": 1, "市区町村コード": 102, "所在地": "北海道札幌市北区屯田４条６丁目７番６号", "緯度": 43.130374, "経度": 141.329484, "url": "https://www.iryou.teikyouseido.mhlw.go.jp/znk-web/juminkanja/S2430/initialize?prefCd=01&kikanCd=3010004150&kikanKbn=3", "url2": null, "内容": "杉村歯科医院【3:歯科】北海道札幌市北区屯田４条６丁目７番６号" }, "geometry": { "type": "Point", "coordinates": [ 141.329484, 43.130374 ] } },
{ "type": "Feature", "properties": { "ID": 133010004180, "正式名称": "アリス歯科クリニック", "機関区分": 3, "都道府県コード": 1, "市区町村コード": 102, "所在地": "北海道札幌市北区屯田８条４丁目１番１７号", "緯度": 43.1395567, "経度": 141.3392443, "url": "https://www.iryou.teikyouseido.mhlw.go.jp/znk-web/juminkanja/S2430/initialize?prefCd=01&kikanCd=3010004180&kikanKbn=3", "url2": null, "内容": "アリス歯科クリニック【3:歯科】北海道札幌市北区屯田８条４丁目１番１７号" }, "geometry": { "type": "Point", "coordinates": [ 141.3392443, 43.1395567 ] } },
{ "type": "Feature", "properties": { "ID": 133010004190, "正式名称": "しょうじファミリー歯科・矯正歯科クリニック", "機関区分": 3, "都道府県コード": 1, "市区町村コード": 102, "所在地": "北海道札幌市北区屯田６条９丁目３番１６号", "緯度": 43.137057, "経度": 141.322738, "url": "https://www.iryou.teikyouseido.mhlw.go.jp/znk-web/juminkanja/S2430/initialize?prefCd=01&kikanCd=3010004190&kikanKbn=3", "url2": null, "内容": "しょうじファミリー歯科・矯正歯科クリニック【3:歯科】北海道札幌市北区屯田６条９丁目３番１６号" }, "geometry": { "type": "Point", "coordinates": [ 141.322738, 43.137057 ] } },
{ "type": "Feature", "properties": { "ID": 133010004210, "正式名称": "医療法人社団かわむら歯科クリニック", "機関区分": 3, "都道府県コード": 1, "市区町村コード": 102, "所在地": "北海道札幌市北区屯田６条２丁目９－１１", "緯度": 43.134523, "経度": 141.343198, "url": "https://www.iryou.teikyouseido.mhlw.go.jp/znk-web/juminkanja/S2430/initialize?prefCd=01&kikanCd=3010004210&kikanKbn=3", "url2": "https://kawamura-dc.info/", "内容": "医療法人社団かわむら歯科クリニック【3:歯科】北海道札幌市北区屯田６条２丁目９－１１" }, "geometry": { "type": "Point", "coordinates": [ 141.343198, 43.134523 ] } },
{ "type": "Feature", "properties": { "ID": 133010004240, "正式名称": "（医）真誠会　どう歯科クリニック", "機関区分": 3, "都道府県コード": 1, "市区町村コード": 102, "所在地": "北海道札幌市北区百合が原９丁目１－１", "緯度": 43.134672, "経度": 141.367027, "url": "https://www.iryou.teikyouseido.mhlw.go.jp/znk-web/juminkanja/S2430/initialize?prefCd=01&kikanCd=3010004240&kikanKbn=3", "url2": "http://www.do-dental.com", "内容": "（医）真誠会　どう歯科クリニック【3:歯科】北海道札幌市北区百合が原９丁目１－１" }, "geometry": { "type": "Point", "coordinates": [ 141.367027, 43.134672 ] } },
{ "type": "Feature", "properties": { "ID": 133010004260, "正式名称": "渡辺歯科", "機関区分": 3, "都道府県コード": 1, "市区町村コード": 102, "所在地": "北海道札幌市北区太平３条４丁目２番６号", "緯度": 43.1269757, "経度": 141.3494376, "url": "https://www.iryou.teikyouseido.mhlw.go.jp/znk-web/juminkanja/S2430/initialize?prefCd=01&kikanCd=3010004260&kikanKbn=3", "url2": null, "内容": "渡辺歯科【3:歯科】北海道札幌市北区太平３条４丁目２番６号" }, "geometry": { "type": "Point", "coordinates": [ 141.349437599999987, 43.1269757 ] } },
{ "type": "Feature", "properties": { "ID": 133010004270, "正式名称": "なかお歯科クリニック", "機関区分": 3, "都道府県コード": 1, "市区町村コード": 102, "所在地": "北海道札幌市北区太平５条３丁目１－６", "緯度": 43.129482, "経度": 141.349827, "url": "https://www.iryou.teikyouseido.mhlw.go.jp/znk-web/juminkanja/S2430/initialize?prefCd=01&kikanCd=3010004270&kikanKbn=3", "url2": null, "内容": "なかお歯科クリニック【3:歯科】北海道札幌市北区太平５条３丁目１－６" }, "geometry": { "type": "Point", "coordinates": [ 141.349827, 43.129482 ] } },
{ "type": "Feature", "properties": { "ID": 133010004280, "正式名称": "三好歯科医院", "機関区分": 3, "都道府県コード": 1, "市区町村コード": 102, "所在地": "北海道札幌市北区太平９条５丁目１番１６号", "緯度": 43.133475, "経度": 141.356149, "url": "https://www.iryou.teikyouseido.mhlw.go.jp/znk-web/juminkanja/S2430/initialize?prefCd=01&kikanCd=3010004280&kikanKbn=3", "url2": null, "内容": "三好歯科医院【3:歯科】北海道札幌市北区太平９条５丁目１番１６号" }, "geometry": { "type": "Point", "coordinates": [ 141.356149, 43.133475 ] } },
{ "type": "Feature", "properties": { "ID": 133010004310, "正式名称": "木村デンタルクリニック", "機関区分": 3, "都道府県コード": 1, "市区町村コード": 102, "所在地": "北海道札幌市北区篠路７条１丁目１番１号", "緯度": 43.152344, "経度": 141.351982, "url": "https://www.iryou.teikyouseido.mhlw.go.jp/znk-web/juminkanja/S2430/initialize?prefCd=01&kikanCd=3010004310&kikanKbn=3", "url2": null, "内容": "木村デンタルクリニック【3:歯科】北海道札幌市北区篠路７条１丁目１番１号" }, "geometry": { "type": "Point", "coordinates": [ 141.351982, 43.152344 ] } },
{ "type": "Feature", "properties": { "ID": 133010004320, "正式名称": "おおみや歯科医院", "機関区分": 3, "都道府県コード": 1, "市区町村コード": 102, "所在地": "北海道札幌市北区篠路３条１０丁目２－６", "緯度": 43.143554, "経度": 141.372948, "url": "https://www.iryou.teikyouseido.mhlw.go.jp/znk-web/juminkanja/S2430/initialize?prefCd=01&kikanCd=3010004320&kikanKbn=3", "url2": null, "内容": "おおみや歯科医院【3:歯科】北海道札幌市北区篠路３条１０丁目２－６" }, "geometry": { "type": "Point", "coordinates": [ 141.372948, 43.143554 ] } },
{ "type": "Feature", "properties": { "ID": 133010004330, "正式名称": "にしやま歯科医院", "機関区分": 3, "都道府県コード": 1, "市区町村コード": 102, "所在地": "北海道札幌市北区篠路２条５丁目１番３号", "緯度": 43.14187, "経度": 141.358442, "url": "https://www.iryou.teikyouseido.mhlw.go.jp/znk-web/juminkanja/S2430/initialize?prefCd=01&kikanCd=3010004330&kikanKbn=3", "url2": null, "内容": "にしやま歯科医院【3:歯科】北海道札幌市北区篠路２条５丁目１番３号" }, "geometry": { "type": "Point", "coordinates": [ 141.358442, 43.14187 ] } },
{ "type": "Feature", "properties": { "ID": 133010004350, "正式名称": "山口歯科医院", "機関区分": 3, "都道府県コード": 1, "市区町村コード": 102, "所在地": "北海道札幌市北区篠路８条６丁目１３番１８号", "緯度": 43.152291, "経度": 141.365289, "url": "https://www.iryou.teikyouseido.mhlw.go.jp/znk-web/juminkanja/S2430/initialize?prefCd=01&kikanCd=3010004350&kikanKbn=3", "url2": null, "内容": "山口歯科医院【3:歯科】北海道札幌市北区篠路８条６丁目１３番１８号" }, "geometry": { "type": "Point", "coordinates": [ 141.365289, 43.152291 ] } },
{ "type": "Feature", "properties": { "ID": 133010004360, "正式名称": "いしざき歯科", "機関区分": 3, "都道府県コード": 1, "市区町村コード": 102, "所在地": "北海道札幌市北区拓北６条３丁目１番２６号みのしまビル２階", "緯度": 43.15584, "経度": 141.380694, "url": "https://www.iryou.teikyouseido.mhlw.go.jp/znk-web/juminkanja/S2430/initialize?prefCd=01&kikanCd=3010004360&kikanKbn=3", "url2": null, "内容": "いしざき歯科【3:歯科】北海道札幌市北区拓北６条３丁目１番２６号みのしまビル２階" }, "geometry": { "type": "Point", "coordinates": [ 141.380694, 43.15584 ] } },
{ "type": "Feature", "properties": { "ID": 133010004380, "正式名称": "かわしま歯科医院", "機関区分": 3, "都道府県コード": 1, "市区町村コード": 102, "所在地": "北海道札幌市北区拓北４条２丁目８－３", "緯度": 43.1530781, "経度": 141.377472, "url": "https://www.iryou.teikyouseido.mhlw.go.jp/znk-web/juminkanja/S2430/initialize?prefCd=01&kikanCd=3010004380&kikanKbn=3", "url2": null, "内容": "かわしま歯科医院【3:歯科】北海道札幌市北区拓北４条２丁目８－３" }, "geometry": { "type": "Point", "coordinates": [ 141.377472, 43.153078099999988 ] } },
{ "type": "Feature", "properties": { "ID": 133010004400, "正式名称": "うえまつ歯科医院", "機関区分": 3, "都道府県コード": 1, "市区町村コード": 102, "所在地": "北海道札幌市北区あいの里２条３丁目１６番５号", "緯度": 43.1589716, "経度": 141.3914561, "url": "https://www.iryou.teikyouseido.mhlw.go.jp/znk-web/juminkanja/S2430/initialize?prefCd=01&kikanCd=3010004400&kikanKbn=3", "url2": null, "内容": "うえまつ歯科医院【3:歯科】北海道札幌市北区あいの里２条３丁目１６番５号" }, "geometry": { "type": "Point", "coordinates": [ 141.3914561, 43.1589716 ] } },
{ "type": "Feature", "properties": { "ID": 133010004420, "正式名称": "札幌ファミリー歯科医院", "機関区分": 3, "都道府県コード": 1, "市区町村コード": 102, "所在地": "北海道札幌市北区あいの里１条４丁目１２番１号", "緯度": 43.157289, "経度": 141.396644, "url": "https://www.iryou.teikyouseido.mhlw.go.jp/znk-web/juminkanja/S2430/initialize?prefCd=01&kikanCd=3010004420&kikanKbn=3", "url2": null, "内容": "札幌ファミリー歯科医院【3:歯科】北海道札幌市北区あいの里１条４丁目１２番１号" }, "geometry": { "type": "Point", "coordinates": [ 141.396644, 43.157289 ] } },
{ "type": "Feature", "properties": { "ID": 133010004430, "正式名称": "あいの里歯科医院", "機関区分": 3, "都道府県コード": 1, "市区町村コード": 102, "所在地": "北海道札幌市北区あいの里１条６丁目２番１号", "緯度": 43.1560734, "経度": 141.4001822, "url": "https://www.iryou.teikyouseido.mhlw.go.jp/znk-web/juminkanja/S2430/initialize?prefCd=01&kikanCd=3010004430&kikanKbn=3", "url2": "http://ainosato-dc.com", "内容": "あいの里歯科医院【3:歯科】北海道札幌市北区あいの里１条６丁目２番１号" }, "geometry": { "type": "Point", "coordinates": [ 141.400182199999989, 43.1560734 ] } },
{ "type": "Feature", "properties": { "ID": 133010004440, "正式名称": "みとべ歯科医院", "機関区分": 3, "都道府県コード": 1, "市区町村コード": 102, "所在地": "北海道札幌市北区あいの里４条５丁目２番２号", "緯度": 43.164844, "経度": 141.396172, "url": "https://www.iryou.teikyouseido.mhlw.go.jp/znk-web/juminkanja/S2430/initialize?prefCd=01&kikanCd=3010004440&kikanKbn=3", "url2": null, "内容": "みとべ歯科医院【3:歯科】北海道札幌市北区あいの里４条５丁目２番２号" }, "geometry": { "type": "Point", "coordinates": [ 141.396172, 43.164844 ] } },
{ "type": "Feature", "properties": { "ID": 133010004500, "正式名称": "わたべデンタルクリニック", "機関区分": 3, "都道府県コード": 1, "市区町村コード": 102, "所在地": "北海道札幌市北区屯田８条１０丁目６－１ホクレンショップ内", "緯度": 43.142676, "経度": 141.322809, "url": "https://www.iryou.teikyouseido.mhlw.go.jp/znk-web/juminkanja/S2430/initialize?prefCd=01&kikanCd=3010004500&kikanKbn=3", "url2": null, "内容": "わたべデンタルクリニック【3:歯科】北海道札幌市北区屯田８条１０丁目６－１ホクレンショップ内" }, "geometry": { "type": "Point", "coordinates": [ 141.322809, 43.142676 ] } },
{ "type": "Feature", "properties": { "ID": 133010004510, "正式名称": "あいあい歯科クリニック", "機関区分": 3, "都道府県コード": 1, "市区町村コード": 102, "所在地": "北海道札幌市北区あいの里３条７丁目１６番１９号", "緯度": 43.160836, "経度": 141.409621, "url": "https://www.iryou.teikyouseido.mhlw.go.jp/znk-web/juminkanja/S2430/initialize?prefCd=01&kikanCd=3010004510&kikanKbn=3", "url2": "http://www.aiai-dental.jp", "内容": "あいあい歯科クリニック【3:歯科】北海道札幌市北区あいの里３条７丁目１６番１９号" }, "geometry": { "type": "Point", "coordinates": [ 141.409621, 43.160836 ] } },
{ "type": "Feature", "properties": { "ID": 133010004530, "正式名称": "松村歯科医院", "機関区分": 3, "都道府県コード": 1, "市区町村コード": 103, "所在地": "北海道札幌市東区東苗穂１条３丁目１番２０号", "緯度": 43.078434, "経度": 141.4007, "url": "https://www.iryou.teikyouseido.mhlw.go.jp/znk-web/juminkanja/S2430/initialize?prefCd=01&kikanCd=3010004530&kikanKbn=3", "url2": "http://www.matsumura-dc.com", "内容": "松村歯科医院【3:歯科】北海道札幌市東区東苗穂１条３丁目１番２０号" }, "geometry": { "type": "Point", "coordinates": [ 141.4007, 43.078434 ] } },
{ "type": "Feature", "properties": { "ID": 133010004560, "正式名称": "うおづ歯科医院", "機関区分": 3, "都道府県コード": 1, "市区町村コード": 103, "所在地": "北海道札幌市東区東苗穂４条２丁目メディカル棟２階", "緯度": 43.086325, "経度": 141.405841, "url": "https://www.iryou.teikyouseido.mhlw.go.jp/znk-web/juminkanja/S2430/initialize?prefCd=01&kikanCd=3010004560&kikanKbn=3", "url2": null, "内容": "うおづ歯科医院【3:歯科】北海道札幌市東区東苗穂４条２丁目メディカル棟２階" }, "geometry": { "type": "Point", "coordinates": [ 141.405841, 43.086325 ] } },
{ "type": "Feature", "properties": { "ID": 133010004580, "正式名称": "ふゆの歯科クリニック", "機関区分": 3, "都道府県コード": 1, "市区町村コード": 103, "所在地": "北海道札幌市東区東苗穂６条２丁目６番１５号", "緯度": 36.328384, "経度": 136.356568, "url": "https://www.iryou.teikyouseido.mhlw.go.jp/znk-web/juminkanja/S2430/initialize?prefCd=01&kikanCd=3010004580&kikanKbn=3", "url2": null, "内容": "ふゆの歯科クリニック【3:歯科】北海道札幌市東区東苗穂６条２丁目６番１５号" }, "geometry": { "type": "Point", "coordinates": [ 136.356568, 36.328384 ] } },
{ "type": "Feature", "properties": { "ID": 133010004590, "正式名称": "くしびき歯科クリニック", "機関区分": 3, "都道府県コード": 1, "市区町村コード": 103, "所在地": "北海道札幌市東区東苗穂７条３丁目４番５号", "緯度": 43.094072, "経度": 141.412664, "url": "https://www.iryou.teikyouseido.mhlw.go.jp/znk-web/juminkanja/S2430/initialize?prefCd=01&kikanCd=3010004590&kikanKbn=3", "url2": "http://kushibiki-dental.com/", "内容": "くしびき歯科クリニック【3:歯科】北海道札幌市東区東苗穂７条３丁目４番５号" }, "geometry": { "type": "Point", "coordinates": [ 141.412664, 43.094072 ] } },
{ "type": "Feature", "properties": { "ID": 133010004600, "正式名称": "ラベンダー歯科", "機関区分": 3, "都道府県コード": 1, "市区町村コード": 103, "所在地": "北海道札幌市東区東苗穂８条１丁目１８番１号スーパーアークス１階", "緯度": 43.0995629, "経度": 141.4095632, "url": "https://www.iryou.teikyouseido.mhlw.go.jp/znk-web/juminkanja/S2430/initialize?prefCd=01&kikanCd=3010004600&kikanKbn=3", "url2": "http://lavender-dc.com/", "内容": "ラベンダー歯科【3:歯科】北海道札幌市東区東苗穂８条１丁目１８番１号スーパーアークス１階" }, "geometry": { "type": "Point", "coordinates": [ 141.4095632, 43.0995629 ] } },
{ "type": "Feature", "properties": { "ID": 133010004620, "正式名称": "医療法人社団　豊島歯科医院", "機関区分": 3, "都道府県コード": 1, "市区町村コード": 103, "所在地": "北海道札幌市東区東苗穂８条３丁目２番５号", "緯度": 43.0961951, "経度": 141.414352, "url": "https://www.iryou.teikyouseido.mhlw.go.jp/znk-web/juminkanja/S2430/initialize?prefCd=01&kikanCd=3010004620&kikanKbn=3", "url2": "http://toyoshimadental.com/web/", "内容": "医療法人社団　豊島歯科医院【3:歯科】北海道札幌市東区東苗穂８条３丁目２番５号" }, "geometry": { "type": "Point", "coordinates": [ 141.414352, 43.0961951 ] } },
{ "type": "Feature", "properties": { "ID": 133010004640, "正式名称": "森田歯科医院", "機関区分": 3, "都道府県コード": 1, "市区町村コード": 103, "所在地": "北海道札幌市東区東苗穂９条３丁目５番５号", "緯度": 43.097928, "経度": 141.418188, "url": "https://www.iryou.teikyouseido.mhlw.go.jp/znk-web/juminkanja/S2430/initialize?prefCd=01&kikanCd=3010004640&kikanKbn=3", "url2": null, "内容": "森田歯科医院【3:歯科】北海道札幌市東区東苗穂９条３丁目５番５号" }, "geometry": { "type": "Point", "coordinates": [ 141.418188, 43.097928 ] } },
{ "type": "Feature", "properties": { "ID": 133010004650, "正式名称": "医療法人社団　札苗歯科医院", "機関区分": 3, "都道府県コード": 1, "市区町村コード": 103, "所在地": "北海道札幌市東区東苗穂１０条２丁目１０番３０号", "緯度": 43.1001514, "経度": 141.4165732, "url": "https://www.iryou.teikyouseido.mhlw.go.jp/znk-web/juminkanja/S2430/initialize?prefCd=01&kikanCd=3010004650&kikanKbn=3", "url2": null, "内容": "医療法人社団　札苗歯科医院【3:歯科】北海道札幌市東区東苗穂１０条２丁目１０番３０号" }, "geometry": { "type": "Point", "coordinates": [ 141.416573199999988, 43.1001514 ] } },
{ "type": "Feature", "properties": { "ID": 133010004670, "正式名称": "医療法人社団　北翔会　光聖歯科クリニック", "機関区分": 3, "都道府県コード": 1, "市区町村コード": 103, "所在地": "北海道札幌市東区東苗穂１２条３丁目２１番１号", "緯度": 43.105495, "経度": 141.421516, "url": "https://www.iryou.teikyouseido.mhlw.go.jp/znk-web/juminkanja/S2430/initialize?prefCd=01&kikanCd=3010004670&kikanKbn=3", "url2": "http://www.kouseisika.com/", "内容": "医療法人社団　北翔会　光聖歯科クリニック【3:歯科】北海道札幌市東区東苗穂１２条３丁目２１番１号" }, "geometry": { "type": "Point", "coordinates": [ 141.421516, 43.105495 ] } },
{ "type": "Feature", "properties": { "ID": 133010004680, "正式名称": "医療法人メディカルフォース　フォース歯科", "機関区分": 3, "都道府県コード": 1, "市区町村コード": 103, "所在地": "北海道札幌市東区東苗穂１３条１丁目２番１号キャリア１３．１　２階", "緯度": 43.1084637, "経度": 141.4169156, "url": "https://www.iryou.teikyouseido.mhlw.go.jp/znk-web/juminkanja/S2430/initialize?prefCd=01&kikanCd=3010004680&kikanKbn=3", "url2": "http://www.dental-force.jp/", "内容": "医療法人メディカルフォース　フォース歯科【3:歯科】北海道札幌市東区東苗穂１３条１丁目２番１号キャリア１３．１　２階" }, "geometry": { "type": "Point", "coordinates": [ 141.41691560000001, 43.1084637 ] } },
{ "type": "Feature", "properties": { "ID": 133010004690, "正式名称": "林田歯科矯正歯科医院", "機関区分": 3, "都道府県コード": 1, "市区町村コード": 103, "所在地": "北海道札幌市東区東苗穂１３条２丁目１６番８号", "緯度": 43.108722, "経度": 141.420255, "url": "https://www.iryou.teikyouseido.mhlw.go.jp/znk-web/juminkanja/S2430/initialize?prefCd=01&kikanCd=3010004690&kikanKbn=3", "url2": null, "内容": "林田歯科矯正歯科医院【3:歯科】北海道札幌市東区東苗穂１３条２丁目１６番８号" }, "geometry": { "type": "Point", "coordinates": [ 141.420255, 43.108722 ] } },
{ "type": "Feature", "properties": { "ID": 133010004700, "正式名称": "医療法人社団　みなみ歯科医院", "機関区分": 3, "都道府県コード": 1, "市区町村コード": 103, "所在地": "北海道札幌市東区苗穂町４丁目１番５号", "緯度": 43.075409, "経度": 141.384427, "url": "https://www.iryou.teikyouseido.mhlw.go.jp/znk-web/juminkanja/S2430/initialize?prefCd=01&kikanCd=3010004700&kikanKbn=3", "url2": "http://www.hi-ho.ne.jp/kennami/minami-do/Home.html", "内容": "医療法人社団　みなみ歯科医院【3:歯科】北海道札幌市東区苗穂町４丁目１番５号" }, "geometry": { "type": "Point", "coordinates": [ 141.384427, 43.075409 ] } },
{ "type": "Feature", "properties": { "ID": 133010004730, "正式名称": "田中歯科", "機関区分": 3, "都道府県コード": 1, "市区町村コード": 103, "所在地": "北海道札幌市東区伏古１条４丁目１番６号", "緯度": 43.081686, "経度": 141.389176, "url": "https://www.iryou.teikyouseido.mhlw.go.jp/znk-web/juminkanja/S2430/initialize?prefCd=01&kikanCd=3010004730&kikanKbn=3", "url2": "http://tanakashika.info/", "内容": "田中歯科【3:歯科】北海道札幌市東区伏古１条４丁目１番６号" }, "geometry": { "type": "Point", "coordinates": [ 141.389176, 43.081686 ] } },
{ "type": "Feature", "properties": { "ID": 133010004750, "正式名称": "ウィーン歯科", "機関区分": 3, "都道府県コード": 1, "市区町村コード": 105, "所在地": "北海道札幌市豊平区月寒東２－５－１ー２４　メープル", "緯度": 43.034937, "経度": 141.398245, "url": "https://www.iryou.teikyouseido.mhlw.go.jp/znk-web/juminkanja/S2430/initialize?prefCd=01&kikanCd=3010004750&kikanKbn=3", "url2": null, "内容": "ウィーン歯科【3:歯科】北海道札幌市豊平区月寒東２－５－１ー２４　メープル" }, "geometry": { "type": "Point", "coordinates": [ 141.398245, 43.034937 ] } },
{ "type": "Feature", "properties": { "ID": 133010004760, "正式名称": "医療法人ファミリー会　永山ファミリー歯科クリニック", "機関区分": 3, "都道府県コード": 1, "市区町村コード": 103, "所在地": "北海道札幌市東区伏古７条４丁目１番６号", "緯度": 43.089352, "経度": 141.395231, "url": "https://www.iryou.teikyouseido.mhlw.go.jp/znk-web/juminkanja/S2430/initialize?prefCd=01&kikanCd=3010004760&kikanKbn=3", "url2": "https://nagayama-shika.net/", "内容": "医療法人ファミリー会　永山ファミリー歯科クリニック【3:歯科】北海道札幌市東区伏古７条４丁目１番６号" }, "geometry": { "type": "Point", "coordinates": [ 141.395231, 43.089352 ] } },
{ "type": "Feature", "properties": { "ID": 133010004770, "正式名称": "医療法人社団ふしこ歯科医院", "機関区分": 3, "都道府県コード": 1, "市区町村コード": 103, "所在地": "北海道札幌市東区伏古８条３丁目６－２４", "緯度": 43.091648, "経度": 141.396456, "url": "https://www.iryou.teikyouseido.mhlw.go.jp/znk-web/juminkanja/S2430/initialize?prefCd=01&kikanCd=3010004770&kikanKbn=3", "url2": null, "内容": "医療法人社団ふしこ歯科医院【3:歯科】北海道札幌市東区伏古８条３丁目６－２４" }, "geometry": { "type": "Point", "coordinates": [ 141.396456, 43.091648 ] } },
{ "type": "Feature", "properties": { "ID": 133010004780, "正式名称": "勤医協札幌ふしこ歯科診療所", "機関区分": 3, "都道府県コード": 1, "市区町村コード": 103, "所在地": "北海道札幌市東区伏古１０条３丁目２番１号", "緯度": 43.095296, "経度": 141.396842, "url": "https://www.iryou.teikyouseido.mhlw.go.jp/znk-web/juminkanja/S2430/initialize?prefCd=01&kikanCd=3010004780&kikanKbn=3", "url2": "http://www.kin-ikyo-shika.jp/", "内容": "勤医協札幌ふしこ歯科診療所【3:歯科】北海道札幌市東区伏古１０条３丁目２番１号" }, "geometry": { "type": "Point", "coordinates": [ 141.396842, 43.095296 ] } },
{ "type": "Feature", "properties": { "ID": 133010004790, "正式名称": "田中歯科クリニック", "機関区分": 3, "都道府県コード": 1, "市区町村コード": 103, "所在地": "北海道札幌市東区伏古１２条５丁目８番２５号", "緯度": 43.096639, "経度": 141.404746, "url": "https://www.iryou.teikyouseido.mhlw.go.jp/znk-web/juminkanja/S2430/initialize?prefCd=01&kikanCd=3010004790&kikanKbn=3", "url2": null, "内容": "田中歯科クリニック【3:歯科】北海道札幌市東区伏古１２条５丁目８番２５号" }, "geometry": { "type": "Point", "coordinates": [ 141.404746, 43.096639 ] } },
{ "type": "Feature", "properties": { "ID": 133010004800, "正式名称": "医療法人社団　空港通り歯科", "機関区分": 3, "都道府県コード": 1, "市区町村コード": 103, "所在地": "北海道札幌市東区伏古１４条４丁目１番３号", "緯度": 43.102212, "経度": 141.404896, "url": "https://www.iryou.teikyouseido.mhlw.go.jp/znk-web/juminkanja/S2430/initialize?prefCd=01&kikanCd=3010004800&kikanKbn=3", "url2": null, "内容": "医療法人社団　空港通り歯科【3:歯科】北海道札幌市東区伏古１４条４丁目１番３号" }, "geometry": { "type": "Point", "coordinates": [ 141.404896, 43.102212 ] } },
{ "type": "Feature", "properties": { "ID": 133010004830, "正式名称": "ホップ歯科", "機関区分": 3, "都道府県コード": 1, "市区町村コード": 103, "所在地": "北海道札幌市東区北７条東９丁目２－２０アリオ札幌３階", "緯度": 43.0711702, "経度": 141.3702553, "url": "https://www.iryou.teikyouseido.mhlw.go.jp/znk-web/juminkanja/S2430/initialize?prefCd=01&kikanCd=3010004830&kikanKbn=3", "url2": null, "内容": "ホップ歯科【3:歯科】北海道札幌市東区北７条東９丁目２－２０アリオ札幌３階" }, "geometry": { "type": "Point", "coordinates": [ 141.3702553, 43.0711702 ] } },
{ "type": "Feature", "properties": { "ID": 133010004850, "正式名称": "佐藤歯科医院", "機関区分": 3, "都道府県コード": 1, "市区町村コード": 103, "所在地": "北海道札幌市東区北９条東１丁目１－６", "緯度": 43.07638, "経度": 141.363595, "url": "https://www.iryou.teikyouseido.mhlw.go.jp/znk-web/juminkanja/S2430/initialize?prefCd=01&kikanCd=3010004850&kikanKbn=3", "url2": "http://www.sato-8148.com", "内容": "佐藤歯科医院【3:歯科】北海道札幌市東区北９条東１丁目１－６" }, "geometry": { "type": "Point", "coordinates": [ 141.363595, 43.07638 ] } },
{ "type": "Feature", "properties": { "ID": 133010004860, "正式名称": "ポプラ歯科クリニック", "機関区分": 3, "都道府県コード": 1, "市区町村コード": 103, "所在地": "北海道札幌市東区北９条東８丁目２番６号", "緯度": 43.074498, "経度": 141.365024, "url": "https://www.iryou.teikyouseido.mhlw.go.jp/znk-web/juminkanja/S2430/initialize?prefCd=01&kikanCd=3010004860&kikanKbn=3", "url2": null, "内容": "ポプラ歯科クリニック【3:歯科】北海道札幌市東区北９条東８丁目２番６号" }, "geometry": { "type": "Point", "coordinates": [ 141.365024, 43.074498 ] } },
{ "type": "Feature", "properties": { "ID": 133010004870, "正式名称": "かのん歯科", "機関区分": 3, "都道府県コード": 1, "市区町村コード": 103, "所在地": "北海道札幌市東区北１０条東１丁目１－１０", "緯度": 43.073791, "経度": 141.354367, "url": "https://www.iryou.teikyouseido.mhlw.go.jp/znk-web/juminkanja/S2430/initialize?prefCd=01&kikanCd=3010004870&kikanKbn=3", "url2": null, "内容": "かのん歯科【3:歯科】北海道札幌市東区北１０条東１丁目１－１０" }, "geometry": { "type": "Point", "coordinates": [ 141.354367, 43.073791 ] } },
{ "type": "Feature", "properties": { "ID": 133010004890, "正式名称": "あらき歯科クリニック", "機関区分": 3, "都道府県コード": 1, "市区町村コード": 103, "所在地": "北海道札幌市東区北１０条東５丁目１－４０", "緯度": 43.0745388, "経度": 141.3615723, "url": "https://www.iryou.teikyouseido.mhlw.go.jp/znk-web/juminkanja/S2430/initialize?prefCd=01&kikanCd=3010004890&kikanKbn=3", "url2": "www.araki-dent.com", "内容": "あらき歯科クリニック【3:歯科】北海道札幌市東区北１０条東５丁目１－４０" }, "geometry": { "type": "Point", "coordinates": [ 141.3615723, 43.0745388 ] } },
{ "type": "Feature", "properties": { "ID": 133010004920, "正式名称": "ひろ歯科クリニック", "機関区分": 3, "都道府県コード": 1, "市区町村コード": 103, "所在地": "北海道札幌市東区北１１条東３丁目３－１２クボタビル２階", "緯度": 43.07586, "経度": 141.358187, "url": "https://www.iryou.teikyouseido.mhlw.go.jp/znk-web/juminkanja/S2430/initialize?prefCd=01&kikanCd=3010004920&kikanKbn=3", "url2": "hiroshika.info", "内容": "ひろ歯科クリニック【3:歯科】北海道札幌市東区北１１条東３丁目３－１２クボタビル２階" }, "geometry": { "type": "Point", "coordinates": [ 141.358187, 43.07586 ] } },
{ "type": "Feature", "properties": { "ID": 133010004930, "正式名称": "清水歯科医院", "機関区分": 3, "都道府県コード": 1, "市区町村コード": 103, "所在地": "北海道札幌市東区北１１条東５丁目２－３３", "緯度": 43.0763487, "経度": 141.3612106, "url": "https://www.iryou.teikyouseido.mhlw.go.jp/znk-web/juminkanja/S2430/initialize?prefCd=01&kikanCd=3010004930&kikanKbn=3", "url2": "http://www.shimizudc.net/", "内容": "清水歯科医院【3:歯科】北海道札幌市東区北１１条東５丁目２－３３" }, "geometry": { "type": "Point", "coordinates": [ 141.3612106, 43.0763487 ] } },
{ "type": "Feature", "properties": { "ID": 133010004940, "正式名称": "北光歯科クリニック", "機関区分": 3, "都道府県コード": 1, "市区町村コード": 103, "所在地": "北海道札幌市東区北１１条東８丁目１－３高岡ビル１階", "緯度": 43.076428, "経度": 141.365016, "url": "https://www.iryou.teikyouseido.mhlw.go.jp/znk-web/juminkanja/S2430/initialize?prefCd=01&kikanCd=3010004940&kikanKbn=3", "url2": null, "内容": "北光歯科クリニック【3:歯科】北海道札幌市東区北１１条東８丁目１－３高岡ビル１階" }, "geometry": { "type": "Point", "coordinates": [ 141.365016, 43.076428 ] } },
{ "type": "Feature", "properties": { "ID": 133010004950, "正式名称": "医療法人社団前田会　前田歯科医院", "機関区分": 3, "都道府県コード": 1, "市区町村コード": 103, "所在地": "北海道札幌市東区北１２条東７丁目１番地ワコービル３階", "緯度": 43.076878, "経度": 141.363182, "url": "https://www.iryou.teikyouseido.mhlw.go.jp/znk-web/juminkanja/S2430/initialize?prefCd=01&kikanCd=3010004950&kikanKbn=3", "url2": null, "内容": "医療法人社団前田会　前田歯科医院【3:歯科】北海道札幌市東区北１２条東７丁目１番地ワコービル３階" }, "geometry": { "type": "Point", "coordinates": [ 141.363182, 43.076878 ] } },
{ "type": "Feature", "properties": { "ID": 133010004960, "正式名称": "さとう歯科診療所", "機関区分": 3, "都道府県コード": 1, "市区町村コード": 103, "所在地": "北海道札幌市東区北１２条東９丁目", "緯度": 43.078091, "経度": 141.366937, "url": "https://www.iryou.teikyouseido.mhlw.go.jp/znk-web/juminkanja/S2430/initialize?prefCd=01&kikanCd=3010004960&kikanKbn=3", "url2": null, "内容": "さとう歯科診療所【3:歯科】北海道札幌市東区北１２条東９丁目" }, "geometry": { "type": "Point", "coordinates": [ 141.366937, 43.078091 ] } },
{ "type": "Feature", "properties": { "ID": 133010004990, "正式名称": "医療法人社団　熊谷歯科医院", "機関区分": 3, "都道府県コード": 1, "市区町村コード": 103, "所在地": "北海道札幌市東区北１３条東１丁目１－１５　Ｎ．ＢＬＤＧ　１Ｆ", "緯度": 43.077566, "経度": 141.352971, "url": "https://www.iryou.teikyouseido.mhlw.go.jp/znk-web/juminkanja/S2430/initialize?prefCd=01&kikanCd=3010004990&kikanKbn=3", "url2": null, "内容": "医療法人社団　熊谷歯科医院【3:歯科】北海道札幌市東区北１３条東１丁目１－１５　Ｎ．ＢＬＤＧ　１Ｆ" }, "geometry": { "type": "Point", "coordinates": [ 141.352971, 43.077566 ] } },
{ "type": "Feature", "properties": { "ID": 133010005000, "正式名称": "ハート歯科クリニック", "機関区分": 3, "都道府県コード": 1, "市区町村コード": 103, "所在地": "北海道札幌市東区北１４条東３丁目１番３０号スーパーアークス光星店２階", "緯度": 43.078896, "経度": 141.356956, "url": "https://www.iryou.teikyouseido.mhlw.go.jp/znk-web/juminkanja/S2430/initialize?prefCd=01&kikanCd=3010005000&kikanKbn=3", "url2": null, "内容": "ハート歯科クリニック【3:歯科】北海道札幌市東区北１４条東３丁目１番３０号スーパーアークス光星店２階" }, "geometry": { "type": "Point", "coordinates": [ 141.356956, 43.078896 ] } },
{ "type": "Feature", "properties": { "ID": 133010005030, "正式名称": "久保田歯科医院", "機関区分": 3, "都道府県コード": 1, "市区町村コード": 103, "所在地": "北海道札幌市東区北１５条東６丁目４番４４号", "緯度": 43.0811283, "経度": 141.361542, "url": "https://www.iryou.teikyouseido.mhlw.go.jp/znk-web/juminkanja/S2430/initialize?prefCd=01&kikanCd=3010005030&kikanKbn=3", "url2": "http://kubota.dentalmall.jp", "内容": "久保田歯科医院【3:歯科】北海道札幌市東区北１５条東６丁目４番４４号" }, "geometry": { "type": "Point", "coordinates": [ 141.361542, 43.0811283 ] } },
{ "type": "Feature", "properties": { "ID": 133010005040, "正式名称": "あらい歯科・小児歯科医院", "機関区分": 3, "都道府県コード": 1, "市区町村コード": 103, "所在地": "北海道札幌市東区北１５条東７丁目１番３０号", "緯度": 43.080618, "経度": 141.3635894, "url": "https://www.iryou.teikyouseido.mhlw.go.jp/znk-web/juminkanja/S2430/initialize?prefCd=01&kikanCd=3010005040&kikanKbn=3", "url2": "http://www.arai-dental.sakura.ne.jp/", "内容": "あらい歯科・小児歯科医院【3:歯科】北海道札幌市東区北１５条東７丁目１番３０号" }, "geometry": { "type": "Point", "coordinates": [ 141.3635894, 43.080618 ] } },
{ "type": "Feature", "properties": { "ID": 133010005060, "正式名称": "アイディール歯科クリニック", "機関区分": 3, "都道府県コード": 1, "市区町村コード": 103, "所在地": "北海道札幌市東区北１５条東１３丁目２番３７号", "緯度": 43.081615, "経度": 141.370701, "url": "https://www.iryou.teikyouseido.mhlw.go.jp/znk-web/juminkanja/S2430/initialize?prefCd=01&kikanCd=3010005060&kikanKbn=3", "url2": null, "内容": "アイディール歯科クリニック【3:歯科】北海道札幌市東区北１５条東１３丁目２番３７号" }, "geometry": { "type": "Point", "coordinates": [ 141.370701, 43.081615 ] } },
{ "type": "Feature", "properties": { "ID": 133010005080, "正式名称": "協和歯科クリニック", "機関区分": 3, "都道府県コード": 1, "市区町村コード": 103, "所在地": "北海道札幌市東区北１６条東１丁目１－１０　パンシオンＮ１６　１階", "緯度": 43.0804351, "経度": 141.3520967, "url": "https://www.iryou.teikyouseido.mhlw.go.jp/znk-web/juminkanja/S2430/initialize?prefCd=01&kikanCd=3010005080&kikanKbn=3", "url2": null, "内容": "協和歯科クリニック【3:歯科】北海道札幌市東区北１６条東１丁目１－１０　パンシオンＮ１６　１階" }, "geometry": { "type": "Point", "coordinates": [ 141.3520967, 43.0804351 ] } },
{ "type": "Feature", "properties": { "ID": 133010005090, "正式名称": "医療法人社団　鈴木歯科医院", "機関区分": 3, "都道府県コード": 1, "市区町村コード": 103, "所在地": "北海道札幌市東区北１６条東１５丁目２番２２号", "緯度": 43.083307, "経度": 141.373954, "url": "https://www.iryou.teikyouseido.mhlw.go.jp/znk-web/juminkanja/S2430/initialize?prefCd=01&kikanCd=3010005090&kikanKbn=3", "url2": "https://suzukidentalclinic.net/", "内容": "医療法人社団　鈴木歯科医院【3:歯科】北海道札幌市東区北１６条東１５丁目２番２２号" }, "geometry": { "type": "Point", "coordinates": [ 141.373954, 43.083307 ] } },
{ "type": "Feature", "properties": { "ID": 133010005100, "正式名称": "北愛歯科クリニック", "機関区分": 3, "都道府県コード": 1, "市区町村コード": 103, "所在地": "北海道札幌市東区北１６条東１６丁目１番１３号北愛メディカルビル３階", "緯度": 43.084047, "経度": 141.37451, "url": "https://www.iryou.teikyouseido.mhlw.go.jp/znk-web/juminkanja/S2430/initialize?prefCd=01&kikanCd=3010005100&kikanKbn=3", "url2": null, "内容": "北愛歯科クリニック【3:歯科】北海道札幌市東区北１６条東１６丁目１番１３号北愛メディカルビル３階" }, "geometry": { "type": "Point", "coordinates": [ 141.37451, 43.084047 ] } },
{ "type": "Feature", "properties": { "ID": 133010005110, "正式名称": "いしかわ歯科クリニック", "機関区分": 3, "都道府県コード": 1, "市区町村コード": 103, "所在地": "北海道札幌市東区北１７条東１３丁目１番１４号セイコーマートくぼた２階", "緯度": 43.084516, "経度": 141.369652, "url": "https://www.iryou.teikyouseido.mhlw.go.jp/znk-web/juminkanja/S2430/initialize?prefCd=01&kikanCd=3010005110&kikanKbn=3", "url2": "kabasan-dent.com", "内容": "いしかわ歯科クリニック【3:歯科】北海道札幌市東区北１７条東１３丁目１番１４号セイコーマートくぼた２階" }, "geometry": { "type": "Point", "coordinates": [ 141.369652, 43.084516 ] } },
{ "type": "Feature", "properties": { "ID": 133010005180, "正式名称": "のぞみ歯科クリニック", "機関区分": 3, "都道府県コード": 1, "市区町村コード": 103, "所在地": "北海道札幌市東区北２０条東８丁目２番３号", "緯度": 43.087453, "経度": 141.362356, "url": "https://www.iryou.teikyouseido.mhlw.go.jp/znk-web/juminkanja/S2430/initialize?prefCd=01&kikanCd=3010005180&kikanKbn=3", "url2": null, "内容": "のぞみ歯科クリニック【3:歯科】北海道札幌市東区北２０条東８丁目２番３号" }, "geometry": { "type": "Point", "coordinates": [ 141.362356, 43.087453 ] } },
{ "type": "Feature", "properties": { "ID": 133010005230, "正式名称": "医療法人社団　きぢ歯科クリニック", "機関区分": 3, "都道府県コード": 1, "市区町村コード": 103, "所在地": "北海道札幌市東区北２１条東１６丁目２番１２号", "緯度": 43.09101, "経度": 141.374204, "url": "https://www.iryou.teikyouseido.mhlw.go.jp/znk-web/juminkanja/S2430/initialize?prefCd=01&kikanCd=3010005230&kikanKbn=3", "url2": "http:/www.do-care-dent.com/", "内容": "医療法人社団　きぢ歯科クリニック【3:歯科】北海道札幌市東区北２１条東１６丁目２番１２号" }, "geometry": { "type": "Point", "coordinates": [ 141.374204, 43.09101 ] } },
{ "type": "Feature", "properties": { "ID": 133010005240, "正式名称": "オーラルセラピーデンタルオフィス", "機関区分": 3, "都道府県コード": 1, "市区町村コード": 103, "所在地": "北海道札幌市東区北２１条東２０丁目２－２１", "緯度": 43.091076, "経度": 141.3808873, "url": "https://www.iryou.teikyouseido.mhlw.go.jp/znk-web/juminkanja/S2430/initialize?prefCd=01&kikanCd=3010005240&kikanKbn=3", "url2": null, "内容": "オーラルセラピーデンタルオフィス【3:歯科】北海道札幌市東区北２１条東２０丁目２－２１" }, "geometry": { "type": "Point", "coordinates": [ 141.380887300000012, 43.091076 ] } },
{ "type": "Feature", "properties": { "ID": 133010005250, "正式名称": "おおの歯科クリニック", "機関区分": 3, "都道府県コード": 1, "市区町村コード": 103, "所在地": "北海道札幌市東区北２１条東２０丁目３番１７号", "緯度": 43.091118, "経度": 141.3816254, "url": "https://www.iryou.teikyouseido.mhlw.go.jp/znk-web/juminkanja/S2430/initialize?prefCd=01&kikanCd=3010005250&kikanKbn=3", "url2": null, "内容": "おおの歯科クリニック【3:歯科】北海道札幌市東区北２１条東２０丁目３番１７号" }, "geometry": { "type": "Point", "coordinates": [ 141.3816254, 43.091118 ] } },
{ "type": "Feature", "properties": { "ID": 133010005270, "正式名称": "エル歯科クリニック", "機関区分": 3, "都道府県コード": 1, "市区町村コード": 103, "所在地": "北海道札幌市東区北２２条東１５丁目４番１２号", "緯度": 43.092167, "経度": 141.371635, "url": "https://www.iryou.teikyouseido.mhlw.go.jp/znk-web/juminkanja/S2430/initialize?prefCd=01&kikanCd=3010005270&kikanKbn=3", "url2": null, "内容": "エル歯科クリニック【3:歯科】北海道札幌市東区北２２条東１５丁目４番１２号" }, "geometry": { "type": "Point", "coordinates": [ 141.371635, 43.092167 ] } },
{ "type": "Feature", "properties": { "ID": 133010005290, "正式名称": "おがさわら歯科医院", "機関区分": 3, "都道府県コード": 1, "市区町村コード": 103, "所在地": "北海道札幌市東区北２２条東１８丁目７－１９", "緯度": 43.0918273, "経度": 141.378365, "url": "https://www.iryou.teikyouseido.mhlw.go.jp/znk-web/juminkanja/S2430/initialize?prefCd=01&kikanCd=3010005290&kikanKbn=3", "url2": "http://www.ogasawara-dent.com/index.html", "内容": "おがさわら歯科医院【3:歯科】北海道札幌市東区北２２条東１８丁目７－１９" }, "geometry": { "type": "Point", "coordinates": [ 141.378365, 43.0918273 ] } },
{ "type": "Feature", "properties": { "ID": 133010005320, "正式名称": "田中歯科・矯正歯科クリニック", "機関区分": 3, "都道府県コード": 1, "市区町村コード": 103, "所在地": "北海道札幌市東区北２３条東１９丁目３番１２号", "緯度": 43.094407, "経度": 141.379978, "url": "https://www.iryou.teikyouseido.mhlw.go.jp/znk-web/juminkanja/S2430/initialize?prefCd=01&kikanCd=3010005320&kikanKbn=3", "url2": "http://tanakadental.jimdo.com/", "内容": "田中歯科・矯正歯科クリニック【3:歯科】北海道札幌市東区北２３条東１９丁目３番１２号" }, "geometry": { "type": "Point", "coordinates": [ 141.379978, 43.094407 ] } },
{ "type": "Feature", "properties": { "ID": 133010005340, "正式名称": "北２４条よこやま歯科", "機関区分": 3, "都道府県コード": 1, "市区町村コード": 103, "所在地": "北海道札幌市東区北２４条東２丁目５番３号", "緯度": 43.091663, "経度": 141.352148, "url": "https://www.iryou.teikyouseido.mhlw.go.jp/znk-web/juminkanja/S2430/initialize?prefCd=01&kikanCd=3010005340&kikanKbn=3", "url2": null, "内容": "北２４条よこやま歯科【3:歯科】北海道札幌市東区北２４条東２丁目５番３号" }, "geometry": { "type": "Point", "coordinates": [ 141.352148, 43.091663 ] } },
{ "type": "Feature", "properties": { "ID": 133010005350, "正式名称": "星井歯科医院", "機関区分": 3, "都道府県コード": 1, "市区町村コード": 103, "所在地": "北海道札幌市東区北２４条東７丁目２－１４", "緯度": 43.0934064, "経度": 141.3603449, "url": "https://www.iryou.teikyouseido.mhlw.go.jp/znk-web/juminkanja/S2430/initialize?prefCd=01&kikanCd=3010005350&kikanKbn=3", "url2": "https://www.hoshii-dent.com", "内容": "星井歯科医院【3:歯科】北海道札幌市東区北２４条東７丁目２－１４" }, "geometry": { "type": "Point", "coordinates": [ 141.3603449, 43.0934064 ] } },
{ "type": "Feature", "properties": { "ID": 133010005360, "正式名称": "医療法人社団志尚会　柳澤歯科医院", "機関区分": 3, "都道府県コード": 1, "市区町村コード": 103, "所在地": "北海道札幌市東区北２４条東２１丁目１番１号元町ビル２階", "緯度": 43.09449, "経度": 141.383682, "url": "https://www.iryou.teikyouseido.mhlw.go.jp/znk-web/juminkanja/S2430/initialize?prefCd=01&kikanCd=3010005360&kikanKbn=3", "url2": null, "内容": "医療法人社団志尚会　柳澤歯科医院【3:歯科】北海道札幌市東区北２４条東２１丁目１番１号元町ビル２階" }, "geometry": { "type": "Point", "coordinates": [ 141.383682, 43.09449 ] } },
{ "type": "Feature", "properties": { "ID": 133010005380, "正式名称": "なかきた歯科クリニック", "機関区分": 3, "都道府県コード": 1, "市区町村コード": 103, "所在地": "北海道札幌市東区北２５条東１６丁目１番１号玉手ビル２階", "緯度": 43.09518, "経度": 141.371682, "url": "https://www.iryou.teikyouseido.mhlw.go.jp/znk-web/juminkanja/S2430/initialize?prefCd=01&kikanCd=3010005380&kikanKbn=3", "url2": "nakky-dc.com", "内容": "なかきた歯科クリニック【3:歯科】北海道札幌市東区北２５条東１６丁目１番１号玉手ビル２階" }, "geometry": { "type": "Point", "coordinates": [ 141.371682, 43.09518 ] } },
{ "type": "Feature", "properties": { "ID": 133010005390, "正式名称": "サンライズ元町歯科クリニック", "機関区分": 3, "都道府県コード": 1, "市区町村コード": 103, "所在地": "北海道札幌市東区北２５条東１６丁目１番３号", "緯度": 43.095513, "経度": 141.371791, "url": "https://www.iryou.teikyouseido.mhlw.go.jp/znk-web/juminkanja/S2430/initialize?prefCd=01&kikanCd=3010005390&kikanKbn=3", "url2": null, "内容": "サンライズ元町歯科クリニック【3:歯科】北海道札幌市東区北２５条東１６丁目１番３号" }, "geometry": { "type": "Point", "coordinates": [ 141.371791, 43.095513 ] } },
{ "type": "Feature", "properties": { "ID": 133010005400, "正式名称": "医療法人社団東彩会　元町駅前歯科", "機関区分": 3, "都道府県コード": 1, "市区町村コード": 103, "所在地": "北海道札幌市東区北２５条東１６丁目４番３０ー１０２号", "緯度": 43.095273, "経度": 141.372478, "url": "https://www.iryou.teikyouseido.mhlw.go.jp/znk-web/juminkanja/S2430/initialize?prefCd=01&kikanCd=3010005400&kikanKbn=3", "url2": null, "内容": "医療法人社団東彩会　元町駅前歯科【3:歯科】北海道札幌市東区北２５条東１６丁目４番３０ー１０２号" }, "geometry": { "type": "Point", "coordinates": [ 141.372478, 43.095273 ] } },
{ "type": "Feature", "properties": { "ID": 133010005430, "正式名称": "北栄歯科クリニック", "機関区分": 3, "都道府県コード": 1, "市区町村コード": 103, "所在地": "北海道札幌市東区北２８条東１丁目４番１６号", "緯度": 43.096742, "経度": 141.349829, "url": "https://www.iryou.teikyouseido.mhlw.go.jp/znk-web/juminkanja/S2430/initialize?prefCd=01&kikanCd=3010005430&kikanKbn=3", "url2": null, "内容": "北栄歯科クリニック【3:歯科】北海道札幌市東区北２８条東１丁目４番１６号" }, "geometry": { "type": "Point", "coordinates": [ 141.349829, 43.096742 ] } },
{ "type": "Feature", "properties": { "ID": 133010005460, "正式名称": "渡部歯科クリニック", "機関区分": 3, "都道府県コード": 1, "市区町村コード": 103, "所在地": "北海道札幌市東区北２８条東１５丁目１番１８号", "緯度": 43.098675, "経度": 141.370279, "url": "https://www.iryou.teikyouseido.mhlw.go.jp/znk-web/juminkanja/S2430/initialize?prefCd=01&kikanCd=3010005460&kikanKbn=3", "url2": "http://www.watanabe-stomatological-clinic.com", "内容": "渡部歯科クリニック【3:歯科】北海道札幌市東区北２８条東１５丁目１番１８号" }, "geometry": { "type": "Point", "coordinates": [ 141.370279, 43.098675 ] } },
{ "type": "Feature", "properties": { "ID": 133010005470, "正式名称": "元町歯科診療所", "機関区分": 3, "都道府県コード": 1, "市区町村コード": 103, "所在地": "北海道札幌市東区北２８条東１９丁目２－２", "緯度": 43.100533, "経度": 141.377552, "url": "https://www.iryou.teikyouseido.mhlw.go.jp/znk-web/juminkanja/S2430/initialize?prefCd=01&kikanCd=3010005470&kikanKbn=3", "url2": "http://motomati-dental.com/", "内容": "元町歯科診療所【3:歯科】北海道札幌市東区北２８条東１９丁目２－２" }, "geometry": { "type": "Point", "coordinates": [ 141.377552, 43.100533 ] } },
{ "type": "Feature", "properties": { "ID": 133010005490, "正式名称": "医療法人社団　加藤歯科医院", "機関区分": 3, "都道府県コード": 1, "市区町村コード": 103, "所在地": "北海道札幌市東区北３０条東７丁目３番１８号", "緯度": 43.099324, "経度": 141.358893, "url": "https://www.iryou.teikyouseido.mhlw.go.jp/znk-web/juminkanja/S2430/initialize?prefCd=01&kikanCd=3010005490&kikanKbn=3", "url2": "http://www.katodc.com", "内容": "医療法人社団　加藤歯科医院【3:歯科】北海道札幌市東区北３０条東７丁目３番１８号" }, "geometry": { "type": "Point", "coordinates": [ 141.358893, 43.099324 ] } },
{ "type": "Feature", "properties": { "ID": 133010005500, "正式名称": "庭瀬歯科医院", "機関区分": 3, "都道府県コード": 1, "市区町村コード": 103, "所在地": "北海道札幌市東区北３１条東１丁目６番２６号　エルカスティ３１　１Ｆ", "緯度": 43.0986, "経度": 141.349373, "url": "https://www.iryou.teikyouseido.mhlw.go.jp/znk-web/juminkanja/S2430/initialize?prefCd=01&kikanCd=3010005500&kikanKbn=3", "url2": null, "内容": "庭瀬歯科医院【3:歯科】北海道札幌市東区北３１条東１丁目６番２６号　エルカスティ３１　１Ｆ" }, "geometry": { "type": "Point", "coordinates": [ 141.349373, 43.0986 ] } },
{ "type": "Feature", "properties": { "ID": 133010005520, "正式名称": "藤森歯科医院", "機関区分": 3, "都道府県コード": 1, "市区町村コード": 103, "所在地": "北海道札幌市東区北３２条東１丁目６番１２号", "緯度": 43.1000181, "経度": 141.347978, "url": "https://www.iryou.teikyouseido.mhlw.go.jp/znk-web/juminkanja/S2430/initialize?prefCd=01&kikanCd=3010005520&kikanKbn=3", "url2": "http://www.fujimori-dent.com", "内容": "藤森歯科医院【3:歯科】北海道札幌市東区北３２条東１丁目６番１２号" }, "geometry": { "type": "Point", "coordinates": [ 141.347978, 43.1000181 ] } },
{ "type": "Feature", "properties": { "ID": 133010005540, "正式名称": "アガサ歯科クリニック", "機関区分": 3, "都道府県コード": 1, "市区町村コード": 103, "所在地": "北海道札幌市東区北３３条東１５丁目２番１６号モンレーブ新道東１階", "緯度": 43.103258, "経度": 141.368428, "url": "https://www.iryou.teikyouseido.mhlw.go.jp/znk-web/juminkanja/S2430/initialize?prefCd=01&kikanCd=3010005540&kikanKbn=3", "url2": null, "内容": "アガサ歯科クリニック【3:歯科】北海道札幌市東区北３３条東１５丁目２番１６号モンレーブ新道東１階" }, "geometry": { "type": "Point", "coordinates": [ 141.368428, 43.103258 ] } },
{ "type": "Feature", "properties": { "ID": 133010005590, "正式名称": "医療法人社団　みさき歯科クリニック", "機関区分": 3, "都道府県コード": 1, "市区町村コード": 103, "所在地": "北海道札幌市東区北３５条東８丁目１番１号", "緯度": 43.1042861, "経度": 141.3580804, "url": "https://www.iryou.teikyouseido.mhlw.go.jp/znk-web/juminkanja/S2430/initialize?prefCd=01&kikanCd=3010005590&kikanKbn=3", "url2": "http://www.misakishika.clinic-hp.com/index.html", "内容": "医療法人社団　みさき歯科クリニック【3:歯科】北海道札幌市東区北３５条東８丁目１番１号" }, "geometry": { "type": "Point", "coordinates": [ 141.3580804, 43.1042861 ] } },
{ "type": "Feature", "properties": { "ID": 133010005620, "正式名称": "第一歯科クリニック", "機関区分": 3, "都道府県コード": 1, "市区町村コード": 103, "所在地": "北海道札幌市東区北３６条東２３丁目５番２３号", "緯度": 43.106036, "経度": 141.384182, "url": "https://www.iryou.teikyouseido.mhlw.go.jp/znk-web/juminkanja/S2430/initialize?prefCd=01&kikanCd=3010005620&kikanKbn=3", "url2": null, "内容": "第一歯科クリニック【3:歯科】北海道札幌市東区北３６条東２３丁目５番２３号" }, "geometry": { "type": "Point", "coordinates": [ 141.384182, 43.106036 ] } },
{ "type": "Feature", "properties": { "ID": 133010005650, "正式名称": "医療法人社団福歯会　中田歯科北３８条クリニック", "機関区分": 3, "都道府県コード": 1, "市区町村コード": 103, "所在地": "北海道札幌市東区北３８条東８丁目２番３号", "緯度": 43.107845, "経度": 141.35726, "url": "https://www.iryou.teikyouseido.mhlw.go.jp/znk-web/juminkanja/S2430/initialize?prefCd=01&kikanCd=3010005650&kikanKbn=3", "url2": null, "内容": "医療法人社団福歯会　中田歯科北３８条クリニック【3:歯科】北海道札幌市東区北３８条東８丁目２番３号" }, "geometry": { "type": "Point", "coordinates": [ 141.35726, 43.107845 ] } },
{ "type": "Feature", "properties": { "ID": 133010005700, "正式名称": "医療法人社団　多田歯科医院", "機関区分": 3, "都道府県コード": 1, "市区町村コード": 103, "所在地": "北海道札幌市東区北４１条東４丁目２－１６エバ－グリ－ン北４１条ＭＳ１Ｆ", "緯度": 43.1103771, "経度": 141.3509148, "url": "https://www.iryou.teikyouseido.mhlw.go.jp/znk-web/juminkanja/S2430/initialize?prefCd=01&kikanCd=3010005700&kikanKbn=3", "url2": null, "内容": "医療法人社団　多田歯科医院【3:歯科】北海道札幌市東区北４１条東４丁目２－１６エバ－グリ－ン北４１条ＭＳ１Ｆ" }, "geometry": { "type": "Point", "coordinates": [ 141.3509148, 43.1103771 ] } },
{ "type": "Feature", "properties": { "ID": 133010005710, "正式名称": "竹中歯科医院", "機関区分": 3, "都道府県コード": 1, "市区町村コード": 103, "所在地": "北海道札幌市東区北４１条東７丁目３番６号", "緯度": 43.111099, "経度": 141.354733, "url": "https://www.iryou.teikyouseido.mhlw.go.jp/znk-web/juminkanja/S2430/initialize?prefCd=01&kikanCd=3010005710&kikanKbn=3", "url2": null, "内容": "竹中歯科医院【3:歯科】北海道札幌市東区北４１条東７丁目３番６号" }, "geometry": { "type": "Point", "coordinates": [ 141.354733, 43.111099 ] } },
{ "type": "Feature", "properties": { "ID": 133010005750, "正式名称": "つどーむ前佐々木歯科", "機関区分": 3, "都道府県コード": 1, "市区町村コード": 103, "所在地": "北海道札幌市東区北４１条東１９丁目３番１号アルタ４１－１Ｆ", "緯度": 43.113649, "経度": 141.373423, "url": "https://www.iryou.teikyouseido.mhlw.go.jp/znk-web/juminkanja/S2430/initialize?prefCd=01&kikanCd=3010005750&kikanKbn=3", "url2": null, "内容": "つどーむ前佐々木歯科【3:歯科】北海道札幌市東区北４１条東１９丁目３番１号アルタ４１－１Ｆ" }, "geometry": { "type": "Point", "coordinates": [ 141.373423, 43.113649 ] } },
{ "type": "Feature", "properties": { "ID": 133010005760, "正式名称": "江口歯科医院", "機関区分": 3, "都道府県コード": 1, "市区町村コード": 103, "所在地": "北海道札幌市東区北４２条東８丁目札木ビル１階", "緯度": 43.112374, "経度": 141.356112, "url": "https://www.iryou.teikyouseido.mhlw.go.jp/znk-web/juminkanja/S2430/initialize?prefCd=01&kikanCd=3010005760&kikanKbn=3", "url2": null, "内容": "江口歯科医院【3:歯科】北海道札幌市東区北４２条東８丁目札木ビル１階" }, "geometry": { "type": "Point", "coordinates": [ 141.356112, 43.112374 ] } },
{ "type": "Feature", "properties": { "ID": 133010005780, "正式名称": "医療法人社団　山本歯科クリニック", "機関区分": 3, "都道府県コード": 1, "市区町村コード": 103, "所在地": "北海道札幌市東区北４４条東１５丁目３番２７号", "緯度": 43.115694, "経度": 141.366186, "url": "https://www.iryou.teikyouseido.mhlw.go.jp/znk-web/juminkanja/S2430/initialize?prefCd=01&kikanCd=3010005780&kikanKbn=3", "url2": "http://www.7220418.com/", "内容": "医療法人社団　山本歯科クリニック【3:歯科】北海道札幌市東区北４４条東１５丁目３番２７号" }, "geometry": { "type": "Point", "coordinates": [ 141.366186, 43.115694 ] } },
{ "type": "Feature", "properties": { "ID": 133010005800, "正式名称": "スミエ歯科医院", "機関区分": 3, "都道府県コード": 1, "市区町村コード": 103, "所在地": "北海道札幌市東区北４１条東７丁目１－１７", "緯度": 43.110278, "経度": 141.356158, "url": "https://www.iryou.teikyouseido.mhlw.go.jp/znk-web/juminkanja/S2430/initialize?prefCd=01&kikanCd=3010005800&kikanKbn=3", "url2": null, "内容": "スミエ歯科医院【3:歯科】北海道札幌市東区北４１条東７丁目１－１７" }, "geometry": { "type": "Point", "coordinates": [ 141.356158, 43.110278 ] } },
{ "type": "Feature", "properties": { "ID": 133010005820, "正式名称": "コレクト歯科医院", "機関区分": 3, "都道府県コード": 1, "市区町村コード": 103, "所在地": "北海道札幌市東区北４８条東３丁目１番１２号", "緯度": 43.118637, "経度": 141.346794, "url": "https://www.iryou.teikyouseido.mhlw.go.jp/znk-web/juminkanja/S2430/initialize?prefCd=01&kikanCd=3010005820&kikanKbn=3", "url2": null, "内容": "コレクト歯科医院【3:歯科】北海道札幌市東区北４８条東３丁目１番１２号" }, "geometry": { "type": "Point", "coordinates": [ 141.346794, 43.118637 ] } },
{ "type": "Feature", "properties": { "ID": 133010005830, "正式名称": "おかもと歯科クリニック", "機関区分": 3, "都道府県コード": 1, "市区町村コード": 103, "所在地": "北海道札幌市東区北丘珠１条２丁目５９１番地３２", "緯度": 43.122476, "経度": 141.408211, "url": "https://www.iryou.teikyouseido.mhlw.go.jp/znk-web/juminkanja/S2430/initialize?prefCd=01&kikanCd=3010005830&kikanKbn=3", "url2": null, "内容": "おかもと歯科クリニック【3:歯科】北海道札幌市東区北丘珠１条２丁目５９１番地３２" }, "geometry": { "type": "Point", "coordinates": [ 141.408211, 43.122476 ] } },
{ "type": "Feature", "properties": { "ID": 133010005840, "正式名称": "本村歯科・矯正歯科医院", "機関区分": 3, "都道府県コード": 1, "市区町村コード": 103, "所在地": "北海道札幌市東区北丘珠３条１丁目２１－２２", "緯度": 43.1252535, "経度": 141.4028759, "url": "https://www.iryou.teikyouseido.mhlw.go.jp/znk-web/juminkanja/S2430/initialize?prefCd=01&kikanCd=3010005840&kikanKbn=3", "url2": null, "内容": "本村歯科・矯正歯科医院【3:歯科】北海道札幌市東区北丘珠３条１丁目２１－２２" }, "geometry": { "type": "Point", "coordinates": [ 141.4028759, 43.1252535 ] } },
{ "type": "Feature", "properties": { "ID": 133010005860, "正式名称": "大谷歯科医院", "機関区分": 3, "都道府県コード": 1, "市区町村コード": 103, "所在地": "北海道札幌市東区本町１条４丁目１番２０号", "緯度": 43.07715, "経度": 141.385952, "url": "https://www.iryou.teikyouseido.mhlw.go.jp/znk-web/juminkanja/S2430/initialize?prefCd=01&kikanCd=3010005860&kikanKbn=3", "url2": null, "内容": "大谷歯科医院【3:歯科】北海道札幌市東区本町１条４丁目１番２０号" }, "geometry": { "type": "Point", "coordinates": [ 141.385952, 43.07715 ] } },
{ "type": "Feature", "properties": { "ID": 133010005940, "正式名称": "さかもとファミリー歯科", "機関区分": 3, "都道府県コード": 1, "市区町村コード": 103, "所在地": "北海道札幌市東区北１７条東１６丁目１番１０号マックスバリュ元町店２Ｆ", "緯度": 43.084854, "経度": 141.374334, "url": "https://www.iryou.teikyouseido.mhlw.go.jp/znk-web/juminkanja/S2430/initialize?prefCd=01&kikanCd=3010005940&kikanKbn=3", "url2": null, "内容": "さかもとファミリー歯科【3:歯科】北海道札幌市東区北１７条東１６丁目１番１０号マックスバリュ元町店２Ｆ" }, "geometry": { "type": "Point", "coordinates": [ 141.374334, 43.084854 ] } },
{ "type": "Feature", "properties": { "ID": 133010005950, "正式名称": "医療法人社団律英会　東雁来ファミリー歯科", "機関区分": 3, "都道府県コード": 1, "市区町村コード": 103, "所在地": "北海道札幌市東区東雁来１０条３丁目１－１０", "緯度": 43.096709, "経度": 141.430483, "url": "https://www.iryou.teikyouseido.mhlw.go.jp/znk-web/juminkanja/S2430/initialize?prefCd=01&kikanCd=3010005950&kikanKbn=3", "url2": "http://www.higashikariki-fdc.com/index.html", "内容": "医療法人社団律英会　東雁来ファミリー歯科【3:歯科】北海道札幌市東区東雁来１０条３丁目１－１０" }, "geometry": { "type": "Point", "coordinates": [ 141.430483, 43.096709 ] } },
{ "type": "Feature", "properties": { "ID": 133010005960, "正式名称": "畠山歯科医院", "機関区分": 3, "都道府県コード": 1, "市区町村コード": 104, "所在地": "北海道札幌市白石区栄通１丁目１－３２", "緯度": 43.04203, "経度": 141.394066, "url": "https://www.iryou.teikyouseido.mhlw.go.jp/znk-web/juminkanja/S2430/initialize?prefCd=01&kikanCd=3010005960&kikanKbn=3", "url2": null, "内容": "畠山歯科医院【3:歯科】北海道札幌市白石区栄通１丁目１－３２" }, "geometry": { "type": "Point", "coordinates": [ 141.394066, 43.04203 ] } },
{ "type": "Feature", "properties": { "ID": 133010005990, "正式名称": "とみやま歯科医院", "機関区分": 3, "都道府県コード": 1, "市区町村コード": 104, "所在地": "北海道札幌市白石区栄通８丁目１－３５", "緯度": 43.0357815, "経度": 141.4096469, "url": "https://www.iryou.teikyouseido.mhlw.go.jp/znk-web/juminkanja/S2430/initialize?prefCd=01&kikanCd=3010005990&kikanKbn=3", "url2": null, "内容": "とみやま歯科医院【3:歯科】北海道札幌市白石区栄通８丁目１－３５" }, "geometry": { "type": "Point", "coordinates": [ 141.409646900000013, 43.0357815 ] } },
{ "type": "Feature", "properties": { "ID": 133010006000, "正式名称": "ルーシー歯科医院", "機関区分": 3, "都道府県コード": 1, "市区町村コード": 104, "所在地": "北海道札幌市白石区栄通１８丁目５－３５コープさっぽろルーシー３階", "緯度": 43.02785, "経度": 141.433738, "url": "https://www.iryou.teikyouseido.mhlw.go.jp/znk-web/juminkanja/S2430/initialize?prefCd=01&kikanCd=3010006000&kikanKbn=3", "url2": null, "内容": "ルーシー歯科医院【3:歯科】北海道札幌市白石区栄通１８丁目５－３５コープさっぽろルーシー３階" }, "geometry": { "type": "Point", "coordinates": [ 141.433738, 43.02785 ] } },
{ "type": "Feature", "properties": { "ID": 133010006010, "正式名称": "ココ歯科", "機関区分": 3, "都道府県コード": 1, "市区町村コード": 104, "所在地": "北海道札幌市白石区栄通１９丁目１２－３７", "緯度": 43.025476, "経度": 141.43583, "url": "https://www.iryou.teikyouseido.mhlw.go.jp/znk-web/juminkanja/S2430/initialize?prefCd=01&kikanCd=3010006010&kikanKbn=3", "url2": null, "内容": "ココ歯科【3:歯科】北海道札幌市白石区栄通１９丁目１２－３７" }, "geometry": { "type": "Point", "coordinates": [ 141.43583, 43.025476 ] } },
{ "type": "Feature", "properties": { "ID": 133010006030, "正式名称": "リーベンデンタルクリニック", "機関区分": 3, "都道府県コード": 1, "市区町村コード": 104, "所在地": "北海道札幌市白石区菊水２条２丁目２－１２藤井ビル菊水４　２階", "緯度": 43.05716, "経度": 141.371929, "url": "https://www.iryou.teikyouseido.mhlw.go.jp/znk-web/juminkanja/S2430/initialize?prefCd=01&kikanCd=3010006030&kikanKbn=3", "url2": "http://liebendental.com", "内容": "リーベンデンタルクリニック【3:歯科】北海道札幌市白石区菊水２条２丁目２－１２藤井ビル菊水４　２階" }, "geometry": { "type": "Point", "coordinates": [ 141.371929, 43.05716 ] } },
{ "type": "Feature", "properties": { "ID": 133010006040, "正式名称": "クラーク歯科", "機関区分": 3, "都道府県コード": 1, "市区町村コード": 104, "所在地": "北海道札幌市白石区菊水２条３丁目１藤井ビル菊水２　１階", "緯度": 43.056136, "経度": 141.373674, "url": "https://www.iryou.teikyouseido.mhlw.go.jp/znk-web/juminkanja/S2430/initialize?prefCd=01&kikanCd=3010006040&kikanKbn=3", "url2": "http://www.clark-dental.jp/", "内容": "クラーク歯科【3:歯科】北海道札幌市白石区菊水２条３丁目１藤井ビル菊水２　１階" }, "geometry": { "type": "Point", "coordinates": [ 141.373674, 43.056136 ] } },
{ "type": "Feature", "properties": { "ID": 133010006060, "正式名称": "セゾン歯科クリニック", "機関区分": 3, "都道府県コード": 1, "市区町村コード": 104, "所在地": "北海道札幌市白石区菊水３条３丁目１－３３井上ビル２階", "緯度": 43.055516, "経度": 141.375363, "url": "https://www.iryou.teikyouseido.mhlw.go.jp/znk-web/juminkanja/S2430/initialize?prefCd=01&kikanCd=3010006060&kikanKbn=3", "url2": "www.saison-dental.com", "内容": "セゾン歯科クリニック【3:歯科】北海道札幌市白石区菊水３条３丁目１－３３井上ビル２階" }, "geometry": { "type": "Point", "coordinates": [ 141.375363, 43.055516 ] } },
{ "type": "Feature", "properties": { "ID": 133010006070, "正式名称": "にし歯科クリニック", "機関区分": 3, "都道府県コード": 1, "市区町村コード": 104, "所在地": "北海道札幌市白石区菊水３条５丁目２番２５号スーパーアークス菊水店２階", "緯度": 43.053161, "経度": 141.378623, "url": "https://www.iryou.teikyouseido.mhlw.go.jp/znk-web/juminkanja/S2430/initialize?prefCd=01&kikanCd=3010006070&kikanKbn=3", "url2": "http://www.nishi-shika.com", "内容": "にし歯科クリニック【3:歯科】北海道札幌市白石区菊水３条５丁目２番２５号スーパーアークス菊水店２階" }, "geometry": { "type": "Point", "coordinates": [ 141.378623, 43.053161 ] } },
{ "type": "Feature", "properties": { "ID": 133010006080, "正式名称": "勤医協札幌歯科診療所", "機関区分": 3, "都道府県コード": 1, "市区町村コード": 104, "所在地": "北海道札幌市白石区菊水４条１丁目７番２５号", "緯度": 43.059716, "経度": 141.373817, "url": "https://www.iryou.teikyouseido.mhlw.go.jp/znk-web/juminkanja/S2430/initialize?prefCd=01&kikanCd=3010006080&kikanKbn=3", "url2": "http://www.kin-ikyo-shika.jp", "内容": "勤医協札幌歯科診療所【3:歯科】北海道札幌市白石区菊水４条１丁目７番２５号" }, "geometry": { "type": "Point", "coordinates": [ 141.373817, 43.059716 ] } },
{ "type": "Feature", "properties": { "ID": 133010006090, "正式名称": "かをるデンタルハウス", "機関区分": 3, "都道府県コード": 1, "市区町村コード": 104, "所在地": "北海道札幌市白石区菊水５条２丁目４－１８", "緯度": 43.0579587, "経度": 141.3772475, "url": "https://www.iryou.teikyouseido.mhlw.go.jp/znk-web/juminkanja/S2430/initialize?prefCd=01&kikanCd=3010006090&kikanKbn=3", "url2": null, "内容": "かをるデンタルハウス【3:歯科】北海道札幌市白石区菊水５条２丁目４－１８" }, "geometry": { "type": "Point", "coordinates": [ 141.37724750000001, 43.0579587 ] } },
{ "type": "Feature", "properties": { "ID": 133010006140, "正式名称": "さとう歯科クリニック", "機関区分": 3, "都道府県コード": 1, "市区町村コード": 104, "所在地": "北海道札幌市白石区菊水元町５条２丁目２－１", "緯度": 43.0706145, "経度": 141.4063166, "url": "https://www.iryou.teikyouseido.mhlw.go.jp/znk-web/juminkanja/S2430/initialize?prefCd=01&kikanCd=3010006140&kikanKbn=3", "url2": null, "内容": "さとう歯科クリニック【3:歯科】北海道札幌市白石区菊水元町５条２丁目２－１" }, "geometry": { "type": "Point", "coordinates": [ 141.4063166, 43.0706145 ] } },
{ "type": "Feature", "properties": { "ID": 133010006150, "正式名称": "あすか歯科", "機関区分": 3, "都道府県コード": 1, "市区町村コード": 104, "所在地": "北海道札幌市白石区菊水元町６条１丁目１０－４", "緯度": 43.073033, "経度": 141.407007, "url": "https://www.iryou.teikyouseido.mhlw.go.jp/znk-web/juminkanja/S2430/initialize?prefCd=01&kikanCd=3010006150&kikanKbn=3", "url2": "https://aska.dental", "内容": "あすか歯科【3:歯科】北海道札幌市白石区菊水元町６条１丁目１０－４" }, "geometry": { "type": "Point", "coordinates": [ 141.407007, 43.073033 ] } },
{ "type": "Feature", "properties": { "ID": 133010006160, "正式名称": "菊水元町歯科", "機関区分": 3, "都道府県コード": 1, "市区町村コード": 104, "所在地": "北海道札幌市白石区菊水元町６条１丁目８－２１", "緯度": 43.0728387, "経度": 141.4088565, "url": "https://www.iryou.teikyouseido.mhlw.go.jp/znk-web/juminkanja/S2430/initialize?prefCd=01&kikanCd=3010006160&kikanKbn=3", "url2": null, "内容": "菊水元町歯科【3:歯科】北海道札幌市白石区菊水元町６条１丁目８－２１" }, "geometry": { "type": "Point", "coordinates": [ 141.408856500000013, 43.0728387 ] } },
{ "type": "Feature", "properties": { "ID": 133010006200, "正式名称": "河上歯科医院", "機関区分": 3, "都道府県コード": 1, "市区町村コード": 104, "所在地": "北海道札幌市白石区菊水上町３条２丁目５２番地", "緯度": 43.064199, "経度": 141.390882, "url": "https://www.iryou.teikyouseido.mhlw.go.jp/znk-web/juminkanja/S2430/initialize?prefCd=01&kikanCd=3010006200&kikanKbn=3", "url2": null, "内容": "河上歯科医院【3:歯科】北海道札幌市白石区菊水上町３条２丁目５２番地" }, "geometry": { "type": "Point", "coordinates": [ 141.390882, 43.064199 ] } },
{ "type": "Feature", "properties": { "ID": 133010006220, "正式名称": "北郷歯科医院", "機関区分": 3, "都道府県コード": 1, "市区町村コード": 104, "所在地": "北海道札幌市白石区川下２条５丁目２の８", "緯度": 43.048183, "経度": 141.446284, "url": "https://www.iryou.teikyouseido.mhlw.go.jp/znk-web/juminkanja/S2430/initialize?prefCd=01&kikanCd=3010006220&kikanKbn=3", "url2": null, "内容": "北郷歯科医院【3:歯科】北海道札幌市白石区川下２条５丁目２の８" }, "geometry": { "type": "Point", "coordinates": [ 141.446284, 43.048183 ] } },
{ "type": "Feature", "properties": { "ID": 133010006270, "正式名称": "医療法人社団北桜会　クリアー歯科", "機関区分": 3, "都道府県コード": 1, "市区町村コード": 104, "所在地": "北海道札幌市白石区中央３条５丁目１－１", "緯度": 43.0576355, "経度": 141.4014887, "url": "https://www.iryou.teikyouseido.mhlw.go.jp/znk-web/juminkanja/S2430/initialize?prefCd=01&kikanCd=3010006270&kikanKbn=3", "url2": null, "内容": "医療法人社団北桜会　クリアー歯科【3:歯科】北海道札幌市白石区中央３条５丁目１－１" }, "geometry": { "type": "Point", "coordinates": [ 141.401488699999987, 43.0576355 ] } },
{ "type": "Feature", "properties": { "ID": 133010006280, "正式名称": "おおもり歯科", "機関区分": 3, "都道府県コード": 1, "市区町村コード": 104, "所在地": "北海道札幌市白石区東札幌１条２丁目３－１１メディカルライフ札幌クリニックプラザ１階", "緯度": 43.049528, "経度": 141.38293, "url": "https://www.iryou.teikyouseido.mhlw.go.jp/znk-web/juminkanja/S2430/initialize?prefCd=01&kikanCd=3010006280&kikanKbn=3", "url2": null, "内容": "おおもり歯科【3:歯科】北海道札幌市白石区東札幌１条２丁目３－１１メディカルライフ札幌クリニックプラザ１階" }, "geometry": { "type": "Point", "coordinates": [ 141.38293, 43.049528 ] } },
{ "type": "Feature", "properties": { "ID": 133010006330, "正式名称": "直江歯科医院", "機関区分": 3, "都道府県コード": 1, "市区町村コード": 104, "所在地": "北海道札幌市白石区東札幌２条６丁目５－１", "緯度": 43.046118, "経度": 141.395709, "url": "https://www.iryou.teikyouseido.mhlw.go.jp/znk-web/juminkanja/S2430/initialize?prefCd=01&kikanCd=3010006330&kikanKbn=3", "url2": null, "内容": "直江歯科医院【3:歯科】北海道札幌市白石区東札幌２条６丁目５－１" }, "geometry": { "type": "Point", "coordinates": [ 141.395709, 43.046118 ] } },
{ "type": "Feature", "properties": { "ID": 133010006350, "正式名称": "えばた歯科医院", "機関区分": 3, "都道府県コード": 1, "市区町村コード": 104, "所在地": "北海道札幌市白石区東札幌３条２丁目１－５７東札幌ハイツ", "緯度": 43.0518257, "経度": 141.385269, "url": "https://www.iryou.teikyouseido.mhlw.go.jp/znk-web/juminkanja/S2430/initialize?prefCd=01&kikanCd=3010006350&kikanKbn=3", "url2": "http://ebata-dental.com/", "内容": "えばた歯科医院【3:歯科】北海道札幌市白石区東札幌３条２丁目１－５７東札幌ハイツ" }, "geometry": { "type": "Point", "coordinates": [ 141.385269, 43.051825699999988 ] } },
{ "type": "Feature", "properties": { "ID": 133010006370, "正式名称": "医療法人　杉歯科医院", "機関区分": 3, "都道府県コード": 1, "市区町村コード": 104, "所在地": "北海道札幌市白石区東札幌３条６丁目１－１第１小竹ビル２階", "緯度": 43.046589, "経度": 141.395797, "url": "https://www.iryou.teikyouseido.mhlw.go.jp/znk-web/juminkanja/S2430/initialize?prefCd=01&kikanCd=3010006370&kikanKbn=3", "url2": "http://sugi-dent.com/", "内容": "医療法人　杉歯科医院【3:歯科】北海道札幌市白石区東札幌３条６丁目１－１第１小竹ビル２階" }, "geometry": { "type": "Point", "coordinates": [ 141.395797, 43.046589 ] } },
{ "type": "Feature", "properties": { "ID": 133010006380, "正式名称": "医療法人　えがみ歯科医院", "機関区分": 3, "都道府県コード": 1, "市区町村コード": 104, "所在地": "北海道札幌市白石区東札幌５条２丁目６番１２号", "緯度": 43.053106, "経度": 141.389316, "url": "https://www.iryou.teikyouseido.mhlw.go.jp/znk-web/juminkanja/S2430/initialize?prefCd=01&kikanCd=3010006380&kikanKbn=3", "url2": null, "内容": "医療法人　えがみ歯科医院【3:歯科】北海道札幌市白石区東札幌５条２丁目６番１２号" }, "geometry": { "type": "Point", "coordinates": [ 141.389316, 43.053106 ] } },
{ "type": "Feature", "properties": { "ID": 133010006430, "正式名称": "グレース歯科", "機関区分": 3, "都道府県コード": 1, "市区町村コード": 104, "所在地": "北海道札幌市白石区南郷通１丁目北２－１", "緯度": 43.046829, "経度": 141.397788, "url": "https://www.iryou.teikyouseido.mhlw.go.jp/znk-web/juminkanja/S2430/initialize?prefCd=01&kikanCd=3010006430&kikanKbn=3", "url2": "http://www.gracedc.com", "内容": "グレース歯科【3:歯科】北海道札幌市白石区南郷通１丁目北２－１" }, "geometry": { "type": "Point", "coordinates": [ 141.397788, 43.046829 ] } },
{ "type": "Feature", "properties": { "ID": 133010006450, "正式名称": "医療法人　きたざわ矯正歯科はならび・かみあわせクリニック", "機関区分": 3, "都道府県コード": 1, "市区町村コード": 104, "所在地": "北海道札幌市白石区南郷通１丁目北１－１白石メディカル３階", "緯度": 43.046301, "経度": 141.397094, "url": "https://www.iryou.teikyouseido.mhlw.go.jp/znk-web/juminkanja/S2430/initialize?prefCd=01&kikanCd=3010006450&kikanKbn=3", "url2": "http://www.kitazawa-ortho.com", "内容": "医療法人　きたざわ矯正歯科はならび・かみあわせクリニック【3:歯科】北海道札幌市白石区南郷通１丁目北１－１白石メディカル３階" }, "geometry": { "type": "Point", "coordinates": [ 141.397094, 43.046301 ] } },
{ "type": "Feature", "properties": { "ID": 133010006490, "正式名称": "牧野歯科クリニック", "機関区分": 3, "都道府県コード": 1, "市区町村コード": 104, "所在地": "北海道札幌市白石区南郷通６丁目北３－２７サウスビル１階", "緯度": 43.041223, "経度": 141.409713, "url": "https://www.iryou.teikyouseido.mhlw.go.jp/znk-web/juminkanja/S2430/initialize?prefCd=01&kikanCd=3010006490&kikanKbn=3", "url2": null, "内容": "牧野歯科クリニック【3:歯科】北海道札幌市白石区南郷通６丁目北３－２７サウスビル１階" }, "geometry": { "type": "Point", "coordinates": [ 141.409713, 43.041223 ] } },
{ "type": "Feature", "properties": { "ID": 133010006500, "正式名称": "南郷歯科クリニック", "機関区分": 3, "都道府県コード": 1, "市区町村コード": 104, "所在地": "北海道札幌市白石区南郷通７丁目南１－１越智ビル２階", "緯度": 43.0390237, "経度": 141.4087634, "url": "https://www.iryou.teikyouseido.mhlw.go.jp/znk-web/juminkanja/S2430/initialize?prefCd=01&kikanCd=3010006500&kikanKbn=3", "url2": null, "内容": "南郷歯科クリニック【3:歯科】北海道札幌市白石区南郷通７丁目南１－１越智ビル２階" }, "geometry": { "type": "Point", "coordinates": [ 141.4087634, 43.0390237 ] } },
{ "type": "Feature", "properties": { "ID": 133010006540, "正式名称": "畑歯科医院", "機関区分": 3, "都道府県コード": 1, "市区町村コード": 104, "所在地": "北海道札幌市白石区南郷通９丁目南６－１４", "緯度": 43.0382354, "経度": 141.4157608, "url": "https://www.iryou.teikyouseido.mhlw.go.jp/znk-web/juminkanja/S2430/initialize?prefCd=01&kikanCd=3010006540&kikanKbn=3", "url2": "http://www.hata-dc.jp", "内容": "畑歯科医院【3:歯科】北海道札幌市白石区南郷通９丁目南６－１４" }, "geometry": { "type": "Point", "coordinates": [ 141.415760799999987, 43.0382354 ] } },
{ "type": "Feature", "properties": { "ID": 133010006570, "正式名称": "小松歯科医院白石南郷通", "機関区分": 3, "都道府県コード": 1, "市区町村コード": 104, "所在地": "北海道札幌市白石区南郷通１４丁目南２－２ニュー南郷サンハイツ", "緯度": 43.034692, "経度": 141.421984, "url": "https://www.iryou.teikyouseido.mhlw.go.jp/znk-web/juminkanja/S2430/initialize?prefCd=01&kikanCd=3010006570&kikanKbn=3", "url2": null, "内容": "小松歯科医院白石南郷通【3:歯科】北海道札幌市白石区南郷通１４丁目南２－２ニュー南郷サンハイツ" }, "geometry": { "type": "Point", "coordinates": [ 141.421984, 43.034692 ] } },
{ "type": "Feature", "properties": { "ID": 133010006590, "正式名称": "横山歯科医院", "機関区分": 3, "都道府県コード": 1, "市区町村コード": 104, "所在地": "北海道札幌市白石区南郷通１５丁目北３－１８", "緯度": 43.035646, "経度": 141.42975, "url": "https://www.iryou.teikyouseido.mhlw.go.jp/znk-web/juminkanja/S2430/initialize?prefCd=01&kikanCd=3010006590&kikanKbn=3", "url2": null, "内容": "横山歯科医院【3:歯科】北海道札幌市白石区南郷通１５丁目北３－１８" }, "geometry": { "type": "Point", "coordinates": [ 141.42975, 43.035646 ] } },
{ "type": "Feature", "properties": { "ID": 133010006600, "正式名称": "赤泊歯科医院", "機関区分": 3, "都道府県コード": 1, "市区町村コード": 104, "所在地": "北海道札幌市白石区南郷通１８丁目南２－２", "緯度": 43.030525, "経度": 141.432561, "url": "https://www.iryou.teikyouseido.mhlw.go.jp/znk-web/juminkanja/S2430/initialize?prefCd=01&kikanCd=3010006600&kikanKbn=3", "url2": null, "内容": "赤泊歯科医院【3:歯科】北海道札幌市白石区南郷通１８丁目南２－２" }, "geometry": { "type": "Point", "coordinates": [ 141.432561, 43.030525 ] } },
{ "type": "Feature", "properties": { "ID": 133010006610, "正式名称": "ちかげデンタルクリニック", "機関区分": 3, "都道府県コード": 1, "市区町村コード": 104, "所在地": "北海道札幌市白石区南郷通１８丁目北１－２０小林ビル２階", "緯度": 43.030926, "経度": 141.434275, "url": "https://www.iryou.teikyouseido.mhlw.go.jp/znk-web/juminkanja/S2430/initialize?prefCd=01&kikanCd=3010006610&kikanKbn=3", "url2": "http://chikage-dental.com/", "内容": "ちかげデンタルクリニック【3:歯科】北海道札幌市白石区南郷通１８丁目北１－２０小林ビル２階" }, "geometry": { "type": "Point", "coordinates": [ 141.434275, 43.030926 ] } },
{ "type": "Feature", "properties": { "ID": 133010006640, "正式名称": "医療法人社団白優会　三好プリベント歯科", "機関区分": 3, "都道府県コード": 1, "市区町村コード": 104, "所在地": "北海道札幌市白石区平和通３丁目北５－２２", "緯度": 43.0537171, "経度": 141.4136191, "url": "https://www.iryou.teikyouseido.mhlw.go.jp/znk-web/juminkanja/S2430/initialize?prefCd=01&kikanCd=3010006640&kikanKbn=3", "url2": "https://www.mpd1122.com", "内容": "医療法人社団白優会　三好プリベント歯科【3:歯科】北海道札幌市白石区平和通３丁目北５－２２" }, "geometry": { "type": "Point", "coordinates": [ 141.4136191, 43.0537171 ] } },
{ "type": "Feature", "properties": { "ID": 133010006660, "正式名称": "ピアノ歯科クリニック", "機関区分": 3, "都道府県コード": 1, "市区町村コード": 104, "所在地": "北海道札幌市白石区平和通５丁目北１２－１", "緯度": 43.050634, "経度": 141.41412, "url": "https://www.iryou.teikyouseido.mhlw.go.jp/znk-web/juminkanja/S2430/initialize?prefCd=01&kikanCd=3010006660&kikanKbn=3", "url2": null, "内容": "ピアノ歯科クリニック【3:歯科】北海道札幌市白石区平和通５丁目北１２－１" }, "geometry": { "type": "Point", "coordinates": [ 141.41412, 43.050634 ] } },
{ "type": "Feature", "properties": { "ID": 133010006700, "正式名称": "東栄ファミリー歯科医院", "機関区分": 3, "都道府県コード": 1, "市区町村コード": 104, "所在地": "北海道札幌市白石区米里４条１丁目６－１３", "緯度": 43.084216, "経度": 141.426952, "url": "https://www.iryou.teikyouseido.mhlw.go.jp/znk-web/juminkanja/S2430/initialize?prefCd=01&kikanCd=3010006700&kikanKbn=3", "url2": "http://www.touei.ecoweb.jp", "内容": "東栄ファミリー歯科医院【3:歯科】北海道札幌市白石区米里４条１丁目６－１３" }, "geometry": { "type": "Point", "coordinates": [ 141.426952, 43.084216 ] } },
{ "type": "Feature", "properties": { "ID": 133010006730, "正式名称": "医療法人社団世紀会　とくしま歯科医院", "機関区分": 3, "都道府県コード": 1, "市区町村コード": 104, "所在地": "北海道札幌市白石区北郷２条５丁目６－１０", "緯度": 43.05592, "経度": 141.418734, "url": "https://www.iryou.teikyouseido.mhlw.go.jp/znk-web/juminkanja/S2430/initialize?prefCd=01&kikanCd=3010006730&kikanKbn=3", "url2": null, "内容": "医療法人社団世紀会　とくしま歯科医院【3:歯科】北海道札幌市白石区北郷２条５丁目６－１０" }, "geometry": { "type": "Point", "coordinates": [ 141.418734, 43.05592 ] } },
{ "type": "Feature", "properties": { "ID": 133010006740, "正式名称": "エムズ・デンタル・クリニック", "機関区分": 3, "都道府県コード": 1, "市区町村コード": 104, "所在地": "北海道札幌市白石区北郷２条８丁目１番７号", "緯度": 43.0525036, "経度": 141.4244216, "url": "https://www.iryou.teikyouseido.mhlw.go.jp/znk-web/juminkanja/S2430/initialize?prefCd=01&kikanCd=3010006740&kikanKbn=3", "url2": "http://www.nopporodc.com/emuzu.htm", "内容": "エムズ・デンタル・クリニック【3:歯科】北海道札幌市白石区北郷２条８丁目１番７号" }, "geometry": { "type": "Point", "coordinates": [ 141.424421599999988, 43.0525036 ] } },
{ "type": "Feature", "properties": { "ID": 133010006830, "正式名称": "医療法人社団北翔会　北都歯科クリニック", "機関区分": 3, "都道府県コード": 1, "市区町村コード": 104, "所在地": "北海道札幌市白石区北郷４条１２丁目２４番５号", "緯度": 43.0540876, "経度": 141.4388869, "url": "https://www.iryou.teikyouseido.mhlw.go.jp/znk-web/juminkanja/S2430/initialize?prefCd=01&kikanCd=3010006830&kikanKbn=3", "url2": "www.hokutosika.com", "内容": "医療法人社団北翔会　北都歯科クリニック【3:歯科】北海道札幌市白石区北郷４条１２丁目２４番５号" }, "geometry": { "type": "Point", "coordinates": [ 141.4388869, 43.0540876 ] } },
{ "type": "Feature", "properties": { "ID": 133010006860, "正式名称": "医療法人社団　北白石総合歯科", "機関区分": 3, "都道府県コード": 1, "市区町村コード": 104, "所在地": "北海道札幌市白石区北郷７条３丁目８番１５号第１０北海マンション１階", "緯度": 43.065438, "経度": 141.420285, "url": "https://www.iryou.teikyouseido.mhlw.go.jp/znk-web/juminkanja/S2430/initialize?prefCd=01&kikanCd=3010006860&kikanKbn=3", "url2": "http://www.ks-dent.com/", "内容": "医療法人社団　北白石総合歯科【3:歯科】北海道札幌市白石区北郷７条３丁目８番１５号第１０北海マンション１階" }, "geometry": { "type": "Point", "coordinates": [ 141.420285, 43.065438 ] } },
{ "type": "Feature", "properties": { "ID": 133010006870, "正式名称": "医療法人社団いわはら歯科", "機関区分": 3, "都道府県コード": 1, "市区町村コード": 104, "所在地": "北海道札幌市白石区北郷７条７丁目４番１５号", "緯度": 43.064452, "経度": 141.425347, "url": "https://www.iryou.teikyouseido.mhlw.go.jp/znk-web/juminkanja/S2430/initialize?prefCd=01&kikanCd=3010006870&kikanKbn=3", "url2": "https://www.iwaharadc.com/", "内容": "医療法人社団いわはら歯科【3:歯科】北海道札幌市白石区北郷７条７丁目４番１５号" }, "geometry": { "type": "Point", "coordinates": [ 141.425347, 43.064452 ] } },
{ "type": "Feature", "properties": { "ID": 133010006880, "正式名称": "医療法人社団　きべ歯科医院", "機関区分": 3, "都道府県コード": 1, "市区町村コード": 104, "所在地": "北海道札幌市白石区北郷８条４丁目９－３１", "緯度": 43.065022, "経度": 141.42173, "url": "https://www.iryou.teikyouseido.mhlw.go.jp/znk-web/juminkanja/S2430/initialize?prefCd=01&kikanCd=3010006880&kikanKbn=3", "url2": null, "内容": "医療法人社団　きべ歯科医院【3:歯科】北海道札幌市白石区北郷８条４丁目９－３１" }, "geometry": { "type": "Point", "coordinates": [ 141.42173, 43.065022 ] } },
{ "type": "Feature", "properties": { "ID": 133010006890, "正式名称": "医療法人社団　佐藤歯科医院", "機関区分": 3, "都道府県コード": 1, "市区町村コード": 104, "所在地": "北海道札幌市白石区本郷通２丁目北５－１５", "緯度": 43.0482347, "経度": 141.4047795, "url": "https://www.iryou.teikyouseido.mhlw.go.jp/znk-web/juminkanja/S2430/initialize?prefCd=01&kikanCd=3010006890&kikanKbn=3", "url2": "http://satohsikaiin-shiroishi.com/", "内容": "医療法人社団　佐藤歯科医院【3:歯科】北海道札幌市白石区本郷通２丁目北５－１５" }, "geometry": { "type": "Point", "coordinates": [ 141.404779499999989, 43.048234699999988 ] } },
{ "type": "Feature", "properties": { "ID": 133010006930, "正式名称": "たかはし歯科医院", "機関区分": 3, "都道府県コード": 1, "市区町村コード": 104, "所在地": "北海道札幌市白石区本郷通７丁目北１－２４メローハイツ１階", "緯度": 43.042986, "経度": 141.413131, "url": "https://www.iryou.teikyouseido.mhlw.go.jp/znk-web/juminkanja/S2430/initialize?prefCd=01&kikanCd=3010006930&kikanKbn=3", "url2": null, "内容": "たかはし歯科医院【3:歯科】北海道札幌市白石区本郷通７丁目北１－２４メローハイツ１階" }, "geometry": { "type": "Point", "coordinates": [ 141.413131, 43.042986 ] } },
{ "type": "Feature", "properties": { "ID": 133010006940, "正式名称": "平山歯科クリニック", "機関区分": 3, "都道府県コード": 1, "市区町村コード": 104, "所在地": "北海道札幌市白石区本郷通１０丁目北１－２７マリオン本郷１階", "緯度": 43.039969, "経度": 141.41837, "url": "https://www.iryou.teikyouseido.mhlw.go.jp/znk-web/juminkanja/S2430/initialize?prefCd=01&kikanCd=3010006940&kikanKbn=3", "url2": null, "内容": "平山歯科クリニック【3:歯科】北海道札幌市白石区本郷通１０丁目北１－２７マリオン本郷１階" }, "geometry": { "type": "Point", "coordinates": [ 141.41837, 43.039969 ] } },
{ "type": "Feature", "properties": { "ID": 133010006970, "正式名称": "医療法人永遠会　なかむら歯科", "機関区分": 3, "都道府県コード": 1, "市区町村コード": 104, "所在地": "北海道札幌市白石区本郷通１３丁目南１番１３号アピカル南郷１階", "緯度": 43.0364665, "経度": 141.4218737, "url": "https://www.iryou.teikyouseido.mhlw.go.jp/znk-web/juminkanja/S2430/initialize?prefCd=01&kikanCd=3010006970&kikanKbn=3", "url2": "http://nakamuradental.or.jp/", "内容": "医療法人永遠会　なかむら歯科【3:歯科】北海道札幌市白石区本郷通１３丁目南１番１３号アピカル南郷１階" }, "geometry": { "type": "Point", "coordinates": [ 141.4218737, 43.0364665 ] } },
{ "type": "Feature", "properties": { "ID": 133010007000, "正式名称": "伊藤歯科医院", "機関区分": 3, "都道府県コード": 1, "市区町村コード": 104, "所在地": "北海道札幌市白石区本通５丁目北１－１９", "緯度": 43.047897, "経度": 141.413047, "url": "https://www.iryou.teikyouseido.mhlw.go.jp/znk-web/juminkanja/S2430/initialize?prefCd=01&kikanCd=3010007000&kikanKbn=3", "url2": null, "内容": "伊藤歯科医院【3:歯科】北海道札幌市白石区本通５丁目北１－１９" }, "geometry": { "type": "Point", "coordinates": [ 141.413047, 43.047897 ] } },
{ "type": "Feature", "properties": { "ID": 133010007070, "正式名称": "ひがしさっぽろ歯科クリニック", "機関区分": 3, "都道府県コード": 1, "市区町村コード": 104, "所在地": "北海道札幌市白石区東札幌３条４丁目５番３０号ＡＭＳアトランテ１２　１階", "緯度": 43.0492165, "経度": 141.390113, "url": "https://www.iryou.teikyouseido.mhlw.go.jp/znk-web/juminkanja/S2430/initialize?prefCd=01&kikanCd=3010007070&kikanKbn=3", "url2": "www.hs-dc.jp", "内容": "ひがしさっぽろ歯科クリニック【3:歯科】北海道札幌市白石区東札幌３条４丁目５番３０号ＡＭＳアトランテ１２　１階" }, "geometry": { "type": "Point", "coordinates": [ 141.390113, 43.0492165 ] } },
{ "type": "Feature", "properties": { "ID": 133010007090, "正式名称": "勤医協もみじ台歯科診療所", "機関区分": 3, "都道府県コード": 1, "市区町村コード": 108, "所在地": "北海道札幌市厚別区もみじ台南１丁目２番１０号", "緯度": 43.026471, "経度": 141.490726, "url": "https://www.iryou.teikyouseido.mhlw.go.jp/znk-web/juminkanja/S2430/initialize?prefCd=01&kikanCd=3010007090&kikanKbn=3", "url2": "http://www.kin-ikyo-shika.jp", "内容": "勤医協もみじ台歯科診療所【3:歯科】北海道札幌市厚別区もみじ台南１丁目２番１０号" }, "geometry": { "type": "Point", "coordinates": [ 141.490726, 43.026471 ] } },
{ "type": "Feature", "properties": { "ID": 133010007100, "正式名称": "うすい歯科医院", "機関区分": 3, "都道府県コード": 1, "市区町村コード": 108, "所在地": "北海道札幌市厚別区もみじ台北７丁目１番４の２", "緯度": 43.031484, "経度": 141.492621, "url": "https://www.iryou.teikyouseido.mhlw.go.jp/znk-web/juminkanja/S2430/initialize?prefCd=01&kikanCd=3010007100&kikanKbn=3", "url2": null, "内容": "うすい歯科医院【3:歯科】北海道札幌市厚別区もみじ台北７丁目１番４の２" }, "geometry": { "type": "Point", "coordinates": [ 141.492621, 43.031484 ] } },
{ "type": "Feature", "properties": { "ID": 133010007120, "正式名称": "野川歯科クリニック", "機関区分": 3, "都道府県コード": 1, "市区町村コード": 108, "所在地": "北海道札幌市厚別区厚別西２条３丁目７番１０号", "緯度": 43.0486191, "経度": 141.4636198, "url": "https://www.iryou.teikyouseido.mhlw.go.jp/znk-web/juminkanja/S2430/initialize?prefCd=01&kikanCd=3010007120&kikanKbn=3", "url2": "https://nogawa-dental-clinic.com/", "内容": "野川歯科クリニック【3:歯科】北海道札幌市厚別区厚別西２条３丁目７番１０号" }, "geometry": { "type": "Point", "coordinates": [ 141.4636198, 43.0486191 ] } },
{ "type": "Feature", "properties": { "ID": 133010007180, "正式名称": "医療法人社団通健会ひばりが丘歯科", "機関区分": 3, "都道府県コード": 1, "市区町村コード": 108, "所在地": "北海道札幌市厚別区厚別中央１条３丁目１番２８号厚別１－３ビル", "緯度": 43.032189, "経度": 141.463582, "url": "https://www.iryou.teikyouseido.mhlw.go.jp/znk-web/juminkanja/S2430/initialize?prefCd=01&kikanCd=3010007180&kikanKbn=3", "url2": null, "内容": "医療法人社団通健会ひばりが丘歯科【3:歯科】北海道札幌市厚別区厚別中央１条３丁目１番２８号厚別１－３ビル" }, "geometry": { "type": "Point", "coordinates": [ 141.463582, 43.032189 ] } },
{ "type": "Feature", "properties": { "ID": 133010007190, "正式名称": "ヒロデンタルクリニック", "機関区分": 3, "都道府県コード": 1, "市区町村コード": 108, "所在地": "北海道札幌市厚別区厚別中央１条４丁目５番２１号アツベツＫ＆Ｋビル２階", "緯度": 43.035637, "経度": 141.469755, "url": "https://www.iryou.teikyouseido.mhlw.go.jp/znk-web/juminkanja/S2430/initialize?prefCd=01&kikanCd=3010007190&kikanKbn=3", "url2": "www.hiro-den.net", "内容": "ヒロデンタルクリニック【3:歯科】北海道札幌市厚別区厚別中央１条４丁目５番２１号アツベツＫ＆Ｋビル２階" }, "geometry": { "type": "Point", "coordinates": [ 141.469755, 43.035637 ] } },
{ "type": "Feature", "properties": { "ID": 133010007200, "正式名称": "新札幌アン矯正歯科クリニック", "機関区分": 3, "都道府県コード": 1, "市区町村コード": 108, "所在地": "北海道札幌市厚別区厚別中央２条５丁目６－３　デュオ－２　４階", "緯度": 43.038584, "経度": 141.472377, "url": "https://www.iryou.teikyouseido.mhlw.go.jp/znk-web/juminkanja/S2430/initialize?prefCd=01&kikanCd=3010007200&kikanKbn=3", "url2": "anne-ortho.com", "内容": "新札幌アン矯正歯科クリニック【3:歯科】北海道札幌市厚別区厚別中央２条５丁目６－３　デュオ－２　４階" }, "geometry": { "type": "Point", "coordinates": [ 141.472377, 43.038584 ] } },
{ "type": "Feature", "properties": { "ID": 133010007230, "正式名称": "医療法人社団　札幌歯科口腔外科クリニック", "機関区分": 3, "都道府県コード": 1, "市区町村コード": 108, "所在地": "北海道札幌市厚別区厚別中央１条６丁目３番１号ホクノー新札幌ビル３階", "緯度": 43.0387299, "経度": 141.4745109, "url": "https://www.iryou.teikyouseido.mhlw.go.jp/znk-web/juminkanja/S2430/initialize?prefCd=01&kikanCd=3010007230&kikanKbn=3", "url2": "http://www.sap-oral.or.jp", "内容": "医療法人社団　札幌歯科口腔外科クリニック【3:歯科】北海道札幌市厚別区厚別中央１条６丁目３番１号ホクノー新札幌ビル３階" }, "geometry": { "type": "Point", "coordinates": [ 141.474510900000013, 43.0387299 ] } },
{ "type": "Feature", "properties": { "ID": 133010007240, "正式名称": "医療法人社団　いしづか歯科クリニック", "機関区分": 3, "都道府県コード": 1, "市区町村コード": 108, "所在地": "北海道札幌市厚別区厚別中央２条２丁目５－９", "緯度": 43.034026, "経度": 141.462238, "url": "https://www.iryou.teikyouseido.mhlw.go.jp/znk-web/juminkanja/S2430/initialize?prefCd=01&kikanCd=3010007240&kikanKbn=3", "url2": null, "内容": "医療法人社団　いしづか歯科クリニック【3:歯科】北海道札幌市厚別区厚別中央２条２丁目５－９" }, "geometry": { "type": "Point", "coordinates": [ 141.462238, 43.034026 ] } },
{ "type": "Feature", "properties": { "ID": 133010007270, "正式名称": "栗原歯科診療室", "機関区分": 3, "都道府県コード": 1, "市区町村コード": 108, "所在地": "北海道札幌市厚別区厚別中央２条５丁目クラスターユーエムビル", "緯度": 43.037959, "経度": 141.470454, "url": "https://www.iryou.teikyouseido.mhlw.go.jp/znk-web/juminkanja/S2430/initialize?prefCd=01&kikanCd=3010007270&kikanKbn=3", "url2": null, "内容": "栗原歯科診療室【3:歯科】北海道札幌市厚別区厚別中央２条５丁目クラスターユーエムビル" }, "geometry": { "type": "Point", "coordinates": [ 141.470454, 43.037959 ] } },
{ "type": "Feature", "properties": { "ID": 133010007280, "正式名称": "新札幌木村歯科診療室", "機関区分": 3, "都道府県コード": 1, "市区町村コード": 108, "所在地": "北海道札幌市厚別区厚別中央２条５丁目３－１０ロジェ新さっぽろ１階", "緯度": 43.0400398, "経度": 141.4717001, "url": "https://www.iryou.teikyouseido.mhlw.go.jp/znk-web/juminkanja/S2430/initialize?prefCd=01&kikanCd=3010007280&kikanKbn=3", "url2": "http://www.shinsapporo-kimura-dental.com/", "内容": "新札幌木村歯科診療室【3:歯科】北海道札幌市厚別区厚別中央２条５丁目３－１０ロジェ新さっぽろ１階" }, "geometry": { "type": "Point", "coordinates": [ 141.4717001, 43.0400398 ] } },
{ "type": "Feature", "properties": { "ID": 133010007290, "正式名称": "医療法人想歯会　新札幌歯科診療室", "機関区分": 3, "都道府県コード": 1, "市区町村コード": 108, "所在地": "北海道札幌市厚別区厚別中央２条５丁目４番３５号新札幌駅前ハイツ内", "緯度": 43.040856, "経度": 141.472872, "url": "https://www.iryou.teikyouseido.mhlw.go.jp/znk-web/juminkanja/S2430/initialize?prefCd=01&kikanCd=3010007290&kikanKbn=3", "url2": "http://www.shinsapporo-dc.or.jp/", "内容": "医療法人想歯会　新札幌歯科診療室【3:歯科】北海道札幌市厚別区厚別中央２条５丁目４番３５号新札幌駅前ハイツ内" }, "geometry": { "type": "Point", "coordinates": [ 141.472872, 43.040856 ] } },
{ "type": "Feature", "properties": { "ID": 133010007300, "正式名称": "医療法人圭佑会　サンピアザ歯科診療所", "機関区分": 3, "都道府県コード": 1, "市区町村コード": 108, "所在地": "北海道札幌市厚別区厚別中央２条５丁目７番２号サンピアザ３階", "緯度": 43.037848, "経度": 141.472433, "url": "https://www.iryou.teikyouseido.mhlw.go.jp/znk-web/juminkanja/S2430/initialize?prefCd=01&kikanCd=3010007300&kikanKbn=3", "url2": null, "内容": "医療法人圭佑会　サンピアザ歯科診療所【3:歯科】北海道札幌市厚別区厚別中央２条５丁目７番２号サンピアザ３階" }, "geometry": { "type": "Point", "coordinates": [ 141.472433, 43.037848 ] } },
{ "type": "Feature", "properties": { "ID": 133010007310, "正式名称": "つじむら歯科", "機関区分": 3, "都道府県コード": 1, "市区町村コード": 108, "所在地": "北海道札幌市厚別区厚別中央２条６丁目１番４３号", "緯度": 43.0408889, "経度": 141.4760368, "url": "https://www.iryou.teikyouseido.mhlw.go.jp/znk-web/juminkanja/S2430/initialize?prefCd=01&kikanCd=3010007310&kikanKbn=3", "url2": "http://tsujimura-shika.com", "内容": "つじむら歯科【3:歯科】北海道札幌市厚別区厚別中央２条６丁目１番４３号" }, "geometry": { "type": "Point", "coordinates": [ 141.4760368, 43.0408889 ] } },
{ "type": "Feature", "properties": { "ID": 133010007360, "正式名称": "伊藤歯科", "機関区分": 3, "都道府県コード": 1, "市区町村コード": 108, "所在地": "北海道札幌市厚別区厚別東１条４丁目１－４５", "緯度": 43.0398692, "経度": 141.4898927, "url": "https://www.iryou.teikyouseido.mhlw.go.jp/znk-web/juminkanja/S2430/initialize?prefCd=01&kikanCd=3010007360&kikanKbn=3", "url2": null, "内容": "伊藤歯科【3:歯科】北海道札幌市厚別区厚別東１条４丁目１－４５" }, "geometry": { "type": "Point", "coordinates": [ 141.489892700000013, 43.0398692 ] } },
{ "type": "Feature", "properties": { "ID": 133010007380, "正式名称": "さいとう歯科", "機関区分": 3, "都道府県コード": 1, "市区町村コード": 108, "所在地": "北海道札幌市厚別区厚別東２条３丁目８番９号", "緯度": 43.044608, "経度": 141.484031, "url": "https://www.iryou.teikyouseido.mhlw.go.jp/znk-web/juminkanja/S2430/initialize?prefCd=01&kikanCd=3010007380&kikanKbn=3", "url2": null, "内容": "さいとう歯科【3:歯科】北海道札幌市厚別区厚別東２条３丁目８番９号" }, "geometry": { "type": "Point", "coordinates": [ 141.484031, 43.044608 ] } },
{ "type": "Feature", "properties": { "ID": 133010007420, "正式名称": "医療法人ＣＡＩＯ", "機関区分": 3, "都道府県コード": 1, "市区町村コード": 108, "所在地": "北海道札幌市厚別区厚別南１丁目１１－１０", "緯度": 43.030994, "経度": 141.465912, "url": "https://www.iryou.teikyouseido.mhlw.go.jp/znk-web/juminkanja/S2430/initialize?prefCd=01&kikanCd=3010007420&kikanKbn=3", "url2": "http://www.shinoguchi.com", "内容": "医療法人ＣＡＩＯ【3:歯科】北海道札幌市厚別区厚別南１丁目１１－１０" }, "geometry": { "type": "Point", "coordinates": [ 141.465912, 43.030994 ] } },
{ "type": "Feature", "properties": { "ID": 133010007430, "正式名称": "三浦歯科クリニック", "機関区分": 3, "都道府県コード": 1, "市区町村コード": 108, "所在地": "北海道札幌市厚別区厚別南２丁目１２番２４号", "緯度": 43.031286, "経度": 141.470673, "url": "https://www.iryou.teikyouseido.mhlw.go.jp/znk-web/juminkanja/S2430/initialize?prefCd=01&kikanCd=3010007430&kikanKbn=3", "url2": null, "内容": "三浦歯科クリニック【3:歯科】北海道札幌市厚別区厚別南２丁目１２番２４号" }, "geometry": { "type": "Point", "coordinates": [ 141.470673, 43.031286 ] } },
{ "type": "Feature", "properties": { "ID": 133010007470, "正式名称": "パークタウン歯科・小児口腔外科クリニック", "機関区分": 3, "都道府県コード": 1, "市区町村コード": 108, "所在地": "北海道札幌市厚別区厚別北１条３丁目６番１号", "緯度": 43.05401, "経度": 141.4764157, "url": "https://www.iryou.teikyouseido.mhlw.go.jp/znk-web/juminkanja/S2430/initialize?prefCd=01&kikanCd=3010007470&kikanKbn=3", "url2": null, "内容": "パークタウン歯科・小児口腔外科クリニック【3:歯科】北海道札幌市厚別区厚別北１条３丁目６番１号" }, "geometry": { "type": "Point", "coordinates": [ 141.4764157, 43.05401 ] } },
{ "type": "Feature", "properties": { "ID": 133010007480, "正式名称": "森林公園歯科医院", "機関区分": 3, "都道府県コード": 1, "市区町村コード": 108, "所在地": "北海道札幌市厚別区厚別北２条５丁目１番１２号森林公園パークタウンセンター", "緯度": 43.057773, "経度": 141.480059, "url": "https://www.iryou.teikyouseido.mhlw.go.jp/znk-web/juminkanja/S2430/initialize?prefCd=01&kikanCd=3010007480&kikanKbn=3", "url2": "https://shinrinkouen-shikaiin.jp/", "内容": "森林公園歯科医院【3:歯科】北海道札幌市厚別区厚別北２条５丁目１番１２号森林公園パークタウンセンター" }, "geometry": { "type": "Point", "coordinates": [ 141.480059, 43.057773 ] } },
{ "type": "Feature", "properties": { "ID": 133010007580, "正式名称": "木田歯科医院", "機関区分": 3, "都道府県コード": 1, "市区町村コード": 108, "所在地": "北海道札幌市厚別区青葉町５丁目２番１００号", "緯度": 43.0333, "経度": 141.478, "url": "https://www.iryou.teikyouseido.mhlw.go.jp/znk-web/juminkanja/S2430/initialize?prefCd=01&kikanCd=3010007580&kikanKbn=3", "url2": "http://kidasikaiinn.g2.xrea.com", "内容": "木田歯科医院【3:歯科】北海道札幌市厚別区青葉町５丁目２番１００号" }, "geometry": { "type": "Point", "coordinates": [ 141.478, 43.0333 ] } },
{ "type": "Feature", "properties": { "ID": 133010007600, "正式名称": "医療法人社団　凜未燿会", "機関区分": 3, "都道府県コード": 1, "市区町村コード": 108, "所在地": "北海道札幌市厚別区青葉町８丁目５－２９", "緯度": 43.026777, "経度": 141.475533, "url": "https://www.iryou.teikyouseido.mhlw.go.jp/znk-web/juminkanja/S2430/initialize?prefCd=01&kikanCd=3010007600&kikanKbn=3", "url2": "http://www.taishi-dc.com", "内容": "医療法人社団　凜未燿会【3:歯科】北海道札幌市厚別区青葉町８丁目５－２９" }, "geometry": { "type": "Point", "coordinates": [ 141.475533, 43.026777 ] } },
{ "type": "Feature", "properties": { "ID": 133010007620, "正式名称": "あおば歯科", "機関区分": 3, "都道府県コード": 1, "市区町村コード": 108, "所在地": "北海道札幌市厚別区青葉町１４丁目４番８号", "緯度": 43.03074, "経度": 141.484758, "url": "https://www.iryou.teikyouseido.mhlw.go.jp/znk-web/juminkanja/S2430/initialize?prefCd=01&kikanCd=3010007620&kikanKbn=3", "url2": null, "内容": "あおば歯科【3:歯科】北海道札幌市厚別区青葉町１４丁目４番８号" }, "geometry": { "type": "Point", "coordinates": [ 141.484758, 43.03074 ] } },
{ "type": "Feature", "properties": { "ID": 133010007640, "正式名称": "医療法人社団慈想歯会　アリスト歯科", "機関区分": 3, "都道府県コード": 1, "市区町村コード": 108, "所在地": "北海道札幌市厚別区大谷地西３丁目２番２６号", "緯度": 43.020777, "経度": 141.447785, "url": "https://www.iryou.teikyouseido.mhlw.go.jp/znk-web/juminkanja/S2430/initialize?prefCd=01&kikanCd=3010007640&kikanKbn=3", "url2": "http://arisutoshika.dentalmall.jp/index.html", "内容": "医療法人社団慈想歯会　アリスト歯科【3:歯科】北海道札幌市厚別区大谷地西３丁目２番２６号" }, "geometry": { "type": "Point", "coordinates": [ 141.447785, 43.020777 ] } },
{ "type": "Feature", "properties": { "ID": 133010007650, "正式名称": "田中歯科クリニック", "機関区分": 3, "都道府県コード": 1, "市区町村コード": 108, "所在地": "北海道札幌市厚別区大谷地東２丁目８番１号田中ビル２階", "緯度": 43.029308, "経度": 141.455925, "url": "https://www.iryou.teikyouseido.mhlw.go.jp/znk-web/juminkanja/S2430/initialize?prefCd=01&kikanCd=3010007650&kikanKbn=3", "url2": null, "内容": "田中歯科クリニック【3:歯科】北海道札幌市厚別区大谷地東２丁目８番１号田中ビル２階" }, "geometry": { "type": "Point", "coordinates": [ 141.455925, 43.029308 ] } },
{ "type": "Feature", "properties": { "ID": 133010007660, "正式名称": "医療法人社団　パークシティ歯科診療所", "機関区分": 3, "都道府県コード": 1, "市区町村コード": 108, "所在地": "北海道札幌市厚別区大谷地東３丁目３番２０号", "緯度": 43.026442, "経度": 141.453484, "url": "https://www.iryou.teikyouseido.mhlw.go.jp/znk-web/juminkanja/S2430/initialize?prefCd=01&kikanCd=3010007660&kikanKbn=3", "url2": "http://parkcity-dentaloffice.com/", "内容": "医療法人社団　パークシティ歯科診療所【3:歯科】北海道札幌市厚別区大谷地東３丁目３番２０号" }, "geometry": { "type": "Point", "coordinates": [ 141.453484, 43.026442 ] } },
{ "type": "Feature", "properties": { "ID": 133010007690, "正式名称": "こが歯科クリニック", "機関区分": 3, "都道府県コード": 1, "市区町村コード": 108, "所在地": "北海道札幌市厚別区大谷地東５丁目２－１５", "緯度": 43.025681, "経度": 141.455436, "url": "https://www.iryou.teikyouseido.mhlw.go.jp/znk-web/juminkanja/S2430/initialize?prefCd=01&kikanCd=3010007690&kikanKbn=3", "url2": null, "内容": "こが歯科クリニック【3:歯科】北海道札幌市厚別区大谷地東５丁目２－１５" }, "geometry": { "type": "Point", "coordinates": [ 141.455436, 43.025681 ] } },
{ "type": "Feature", "properties": { "ID": 133010007750, "正式名称": "まりも歯科", "機関区分": 3, "都道府県コード": 1, "市区町村コード": 105, "所在地": "北海道札幌市豊平区月寒西４条１０丁目６－１７", "緯度": 43.0241207, "経度": 141.388808, "url": "https://www.iryou.teikyouseido.mhlw.go.jp/znk-web/juminkanja/S2430/initialize?prefCd=01&kikanCd=3010007750&kikanKbn=3", "url2": null, "内容": "まりも歯科【3:歯科】北海道札幌市豊平区月寒西４条１０丁目６－１７" }, "geometry": { "type": "Point", "coordinates": [ 141.388808, 43.0241207 ] } },
{ "type": "Feature", "properties": { "ID": 133010007760, "正式名称": "医療法人社団　中田歯科医院", "機関区分": 3, "都道府県コード": 1, "市区町村コード": 105, "所在地": "北海道札幌市豊平区月寒中央通１丁目２－１４", "緯度": 43.037517, "経度": 141.392069, "url": "https://www.iryou.teikyouseido.mhlw.go.jp/znk-web/juminkanja/S2430/initialize?prefCd=01&kikanCd=3010007760&kikanKbn=3", "url2": "http://www.nakatashika.or.jp/", "内容": "医療法人社団　中田歯科医院【3:歯科】北海道札幌市豊平区月寒中央通１丁目２－１４" }, "geometry": { "type": "Point", "coordinates": [ 141.392069, 43.037517 ] } },
{ "type": "Feature", "properties": { "ID": 133010007780, "正式名称": "かわつら歯科", "機関区分": 3, "都道府県コード": 1, "市区町村コード": 105, "所在地": "北海道札幌市豊平区月寒中央通６丁目３アーバンプラザ２階", "緯度": 43.032837, "経度": 141.39479, "url": "https://www.iryou.teikyouseido.mhlw.go.jp/znk-web/juminkanja/S2430/initialize?prefCd=01&kikanCd=3010007780&kikanKbn=3", "url2": null, "内容": "かわつら歯科【3:歯科】北海道札幌市豊平区月寒中央通６丁目３アーバンプラザ２階" }, "geometry": { "type": "Point", "coordinates": [ 141.39479, 43.032837 ] } },
{ "type": "Feature", "properties": { "ID": 133010007820, "正式名称": "山田歯科・矯正歯科", "機関区分": 3, "都道府県コード": 1, "市区町村コード": 105, "所在地": "北海道札幌市豊平区月寒中央通８丁目３－７", "緯度": 43.029397, "経度": 141.397974, "url": "https://www.iryou.teikyouseido.mhlw.go.jp/znk-web/juminkanja/S2430/initialize?prefCd=01&kikanCd=3010007820&kikanKbn=3", "url2": "http://yamada-dc-ortho.com", "内容": "山田歯科・矯正歯科【3:歯科】北海道札幌市豊平区月寒中央通８丁目３－７" }, "geometry": { "type": "Point", "coordinates": [ 141.397974, 43.029397 ] } },
{ "type": "Feature", "properties": { "ID": 133010007830, "正式名称": "月寒中央歯科", "機関区分": 3, "都道府県コード": 1, "市区町村コード": 105, "所在地": "北海道札幌市豊平区月寒中央通８丁目４１０番地１リーベンデール月寒中央１階", "緯度": 43.028967, "経度": 141.397282, "url": "https://www.iryou.teikyouseido.mhlw.go.jp/znk-web/juminkanja/S2430/initialize?prefCd=01&kikanCd=3010007830&kikanKbn=3", "url2": "http://www.tsukisamuchuoushika.jp/", "内容": "月寒中央歯科【3:歯科】北海道札幌市豊平区月寒中央通８丁目４１０番地１リーベンデール月寒中央１階" }, "geometry": { "type": "Point", "coordinates": [ 141.397282, 43.028967 ] } },
{ "type": "Feature", "properties": { "ID": 133010007880, "正式名称": "医療法人社団　緑真会　たく歯科", "機関区分": 3, "都道府県コード": 1, "市区町村コード": 105, "所在地": "北海道札幌市豊平区月寒中央通１１丁目７番６号", "緯度": 43.025581, "経度": 141.400261, "url": "https://www.iryou.teikyouseido.mhlw.go.jp/znk-web/juminkanja/S2430/initialize?prefCd=01&kikanCd=3010007880&kikanKbn=3", "url2": "http://www.tak-dc.com", "内容": "医療法人社団　緑真会　たく歯科【3:歯科】北海道札幌市豊平区月寒中央通１１丁目７番６号" }, "geometry": { "type": "Point", "coordinates": [ 141.400261, 43.025581 ] } },
{ "type": "Feature", "properties": { "ID": 133010007890, "正式名称": "医療法人社団　たちばな歯科", "機関区分": 3, "都道府県コード": 1, "市区町村コード": 105, "所在地": "北海道札幌市豊平区月寒東１条６丁目４－２１", "緯度": 43.0324313, "経度": 141.3977318, "url": "https://www.iryou.teikyouseido.mhlw.go.jp/znk-web/juminkanja/S2430/initialize?prefCd=01&kikanCd=3010007890&kikanKbn=3", "url2": null, "内容": "医療法人社団　たちばな歯科【3:歯科】北海道札幌市豊平区月寒東１条６丁目４－２１" }, "geometry": { "type": "Point", "coordinates": [ 141.3977318, 43.0324313 ] } },
{ "type": "Feature", "properties": { "ID": 133010007900, "正式名称": "アート歯科", "機関区分": 3, "都道府県コード": 1, "市区町村コード": 105, "所在地": "北海道札幌市豊平区月寒東１条７丁目５－１５クロップビル２階", "緯度": 43.031359, "経度": 141.399714, "url": "https://www.iryou.teikyouseido.mhlw.go.jp/znk-web/juminkanja/S2430/initialize?prefCd=01&kikanCd=3010007900&kikanKbn=3", "url2": null, "内容": "アート歯科【3:歯科】北海道札幌市豊平区月寒東１条７丁目５－１５クロップビル２階" }, "geometry": { "type": "Point", "coordinates": [ 141.399714, 43.031359 ] } },
{ "type": "Feature", "properties": { "ID": 133010007910, "正式名称": "医療法人社団　想佳会　あやめ野歯科", "機関区分": 3, "都道府県コード": 1, "市区町村コード": 105, "所在地": "北海道札幌市豊平区月寒東１条１１丁目７番１号", "緯度": 43.025142, "経度": 141.401944, "url": "https://www.iryou.teikyouseido.mhlw.go.jp/znk-web/juminkanja/S2430/initialize?prefCd=01&kikanCd=3010007910&kikanKbn=3", "url2": null, "内容": "医療法人社団　想佳会　あやめ野歯科【3:歯科】北海道札幌市豊平区月寒東１条１１丁目７番１号" }, "geometry": { "type": "Point", "coordinates": [ 141.401944, 43.025142 ] } },
{ "type": "Feature", "properties": { "ID": 133010007950, "正式名称": "医療法人社団佑愛会　アーバン歯科小児矯正クリニック", "機関区分": 3, "都道府県コード": 1, "市区町村コード": 105, "所在地": "北海道札幌市豊平区月寒東２条１６丁目１番９１号", "緯度": 43.019805, "経度": 141.412332, "url": "https://www.iryou.teikyouseido.mhlw.go.jp/znk-web/juminkanja/S2430/initialize?prefCd=01&kikanCd=3010007950&kikanKbn=3", "url2": "http://www.urban-ortho-ped.com/", "内容": "医療法人社団佑愛会　アーバン歯科小児矯正クリニック【3:歯科】北海道札幌市豊平区月寒東２条１６丁目１番９１号" }, "geometry": { "type": "Point", "coordinates": [ 141.412332, 43.019805 ] } },
{ "type": "Feature", "properties": { "ID": 133010007970, "正式名称": "羊ケ丘歯科医院", "機関区分": 3, "都道府県コード": 1, "市区町村コード": 105, "所在地": "北海道札幌市豊平区月寒東２条１９丁目１０番２６号", "緯度": 43.0154911, "経度": 141.4253468, "url": "https://www.iryou.teikyouseido.mhlw.go.jp/znk-web/juminkanja/S2430/initialize?prefCd=01&kikanCd=3010007970&kikanKbn=3", "url2": null, "内容": "羊ケ丘歯科医院【3:歯科】北海道札幌市豊平区月寒東２条１９丁目１０番２６号" }, "geometry": { "type": "Point", "coordinates": [ 141.4253468, 43.0154911 ] } },
{ "type": "Feature", "properties": { "ID": 133010008010, "正式名称": "柳瀬歯科医院", "機関区分": 3, "都道府県コード": 1, "市区町村コード": 105, "所在地": "北海道札幌市豊平区月寒東３条１７丁目１５－１", "緯度": 43.019915, "経度": 141.419704, "url": "https://www.iryou.teikyouseido.mhlw.go.jp/znk-web/juminkanja/S2430/initialize?prefCd=01&kikanCd=3010008010&kikanKbn=3", "url2": "https://www.yanase-dental1986.com", "内容": "柳瀬歯科医院【3:歯科】北海道札幌市豊平区月寒東３条１７丁目１５－１" }, "geometry": { "type": "Point", "coordinates": [ 141.419704, 43.019915 ] } },
{ "type": "Feature", "properties": { "ID": 133010008020, "正式名称": "医療法人社団　けんごう歯科小児歯科", "機関区分": 3, "都道府県コード": 1, "市区町村コード": 105, "所在地": "北海道札幌市豊平区月寒東３条１８丁目２－６", "緯度": 43.021312, "経度": 141.422634, "url": "https://www.iryou.teikyouseido.mhlw.go.jp/znk-web/juminkanja/S2430/initialize?prefCd=01&kikanCd=3010008020&kikanKbn=3", "url2": null, "内容": "医療法人社団　けんごう歯科小児歯科【3:歯科】北海道札幌市豊平区月寒東３条１８丁目２－６" }, "geometry": { "type": "Point", "coordinates": [ 141.422634, 43.021312 ] } },
{ "type": "Feature", "properties": { "ID": 133010008040, "正式名称": "月寒イースト歯科", "機関区分": 3, "都道府県コード": 1, "市区町村コード": 105, "所在地": "北海道札幌市豊平区月寒東５条７丁目４－１３", "緯度": 43.0357591, "経度": 141.4083595, "url": "https://www.iryou.teikyouseido.mhlw.go.jp/znk-web/juminkanja/S2430/initialize?prefCd=01&kikanCd=3010008040&kikanKbn=3", "url2": "https://www.tsukisam-east-dc.com/", "内容": "月寒イースト歯科【3:歯科】北海道札幌市豊平区月寒東５条７丁目４－１３" }, "geometry": { "type": "Point", "coordinates": [ 141.408359499999989, 43.0357591 ] } },
{ "type": "Feature", "properties": { "ID": 133010008050, "正式名称": "つちが歯科", "機関区分": 3, "都道府県コード": 1, "市区町村コード": 105, "所在地": "北海道札幌市豊平区月寒東５条１１丁目６－１０", "緯度": 43.0333978, "経度": 141.4147081, "url": "https://www.iryou.teikyouseido.mhlw.go.jp/znk-web/juminkanja/S2430/initialize?prefCd=01&kikanCd=3010008050&kikanKbn=3", "url2": "https://www.tsuchiga.com/", "内容": "つちが歯科【3:歯科】北海道札幌市豊平区月寒東５条１１丁目６－１０" }, "geometry": { "type": "Point", "coordinates": [ 141.414708100000013, 43.0333978 ] } },
{ "type": "Feature", "properties": { "ID": 133010008060, "正式名称": "しんどう歯科クリニック", "機関区分": 3, "都道府県コード": 1, "市区町村コード": 105, "所在地": "北海道札幌市豊平区月寒東５条１５丁目１番３７号", "緯度": 43.03016, "経度": 141.422903, "url": "https://www.iryou.teikyouseido.mhlw.go.jp/znk-web/juminkanja/S2430/initialize?prefCd=01&kikanCd=3010008060&kikanKbn=3", "url2": null, "内容": "しんどう歯科クリニック【3:歯科】北海道札幌市豊平区月寒東５条１５丁目１番３７号" }, "geometry": { "type": "Point", "coordinates": [ 141.422903, 43.03016 ] } },
{ "type": "Feature", "properties": { "ID": 133010008090, "正式名称": "みちした歯科医院", "機関区分": 3, "都道府県コード": 1, "市区町村コード": 105, "所在地": "北海道札幌市豊平区西岡１条３丁目９－８", "緯度": 43.01969, "経度": 141.38313, "url": "https://www.iryou.teikyouseido.mhlw.go.jp/znk-web/juminkanja/S2430/initialize?prefCd=01&kikanCd=3010008090&kikanKbn=3", "url2": null, "内容": "みちした歯科医院【3:歯科】北海道札幌市豊平区西岡１条３丁目９－８" }, "geometry": { "type": "Point", "coordinates": [ 141.38313, 43.01969 ] } },
{ "type": "Feature", "properties": { "ID": 133010008130, "正式名称": "やまぐち歯科こども歯科", "機関区分": 3, "都道府県コード": 1, "市区町村コード": 105, "所在地": "北海道札幌市豊平区月寒中央通７丁目６－２０", "緯度": 43.030375, "経度": 141.39714, "url": "https://www.iryou.teikyouseido.mhlw.go.jp/znk-web/juminkanja/S2430/initialize?prefCd=01&kikanCd=3010008130&kikanKbn=3", "url2": null, "内容": "やまぐち歯科こども歯科【3:歯科】北海道札幌市豊平区月寒中央通７丁目６－２０" }, "geometry": { "type": "Point", "coordinates": [ 141.39714, 43.030375 ] } },
{ "type": "Feature", "properties": { "ID": 133010008140, "正式名称": "横山歯科クリニック", "機関区分": 3, "都道府県コード": 1, "市区町村コード": 105, "所在地": "北海道札幌市豊平区西岡４条９丁目１－４０", "緯度": 43.00375, "経度": 141.384986, "url": "https://www.iryou.teikyouseido.mhlw.go.jp/znk-web/juminkanja/S2430/initialize?prefCd=01&kikanCd=3010008140&kikanKbn=3", "url2": "www.yokoyamashika-c.com", "内容": "横山歯科クリニック【3:歯科】北海道札幌市豊平区西岡４条９丁目１－４０" }, "geometry": { "type": "Point", "coordinates": [ 141.384986, 43.00375 ] } },
{ "type": "Feature", "properties": { "ID": 133010008150, "正式名称": "にこにこ歯科", "機関区分": 3, "都道府県コード": 1, "市区町村コード": 105, "所在地": "北海道札幌市豊平区西岡３条１１丁目３番１６号", "緯度": 43.0, "経度": 141.381931, "url": "https://www.iryou.teikyouseido.mhlw.go.jp/znk-web/juminkanja/S2430/initialize?prefCd=01&kikanCd=3010008150&kikanKbn=3", "url2": "http://www.nikoniko-dental.com", "内容": "にこにこ歯科【3:歯科】北海道札幌市豊平区西岡３条１１丁目３番１６号" }, "geometry": { "type": "Point", "coordinates": [ 141.381931, 43.0 ] } },
{ "type": "Feature", "properties": { "ID": 133010008170, "正式名称": "太田歯科医院", "機関区分": 3, "都道府県コード": 1, "市区町村コード": 105, "所在地": "北海道札幌市豊平区西岡４条１丁目４－１", "緯度": 43.023493, "経度": 141.3945577, "url": "https://www.iryou.teikyouseido.mhlw.go.jp/znk-web/juminkanja/S2430/initialize?prefCd=01&kikanCd=3010008170&kikanKbn=3", "url2": "http://www.ota-shika.com", "内容": "太田歯科医院【3:歯科】北海道札幌市豊平区西岡４条１丁目４－１" }, "geometry": { "type": "Point", "coordinates": [ 141.3945577, 43.023493 ] } },
{ "type": "Feature", "properties": { "ID": 133010008190, "正式名称": "西岡歯科クリニック", "機関区分": 3, "都道府県コード": 1, "市区町村コード": 105, "所在地": "北海道札幌市豊平区西岡４条８丁目６番１７号", "緯度": 43.0074445, "経度": 141.3868393, "url": "https://www.iryou.teikyouseido.mhlw.go.jp/znk-web/juminkanja/S2430/initialize?prefCd=01&kikanCd=3010008190&kikanKbn=3", "url2": "http://www.nishioka-dc.com/", "内容": "西岡歯科クリニック【3:歯科】北海道札幌市豊平区西岡４条８丁目６番１７号" }, "geometry": { "type": "Point", "coordinates": [ 141.3868393, 43.0074445 ] } },
{ "type": "Feature", "properties": { "ID": 133010008200, "正式名称": "わかまつ歯科医院", "機関区分": 3, "都道府県コード": 1, "市区町村コード": 105, "所在地": "北海道札幌市豊平区西岡４条１０丁目３－２０", "緯度": 43.002083, "経度": 141.383069, "url": "https://www.iryou.teikyouseido.mhlw.go.jp/znk-web/juminkanja/S2430/initialize?prefCd=01&kikanCd=3010008200&kikanKbn=3", "url2": "http://blog.wakamatsushika.com", "内容": "わかまつ歯科医院【3:歯科】北海道札幌市豊平区西岡４条１０丁目３－２０" }, "geometry": { "type": "Point", "coordinates": [ 141.383069, 43.002083 ] } },
{ "type": "Feature", "properties": { "ID": 133010008210, "正式名称": "医療法人社団　福田歯科医院", "機関区分": 3, "都道府県コード": 1, "市区町村コード": 105, "所在地": "北海道札幌市豊平区西岡４条１１丁目１２－１", "緯度": 42.998289, "経度": 141.380821, "url": "https://www.iryou.teikyouseido.mhlw.go.jp/znk-web/juminkanja/S2430/initialize?prefCd=01&kikanCd=3010008210&kikanKbn=3", "url2": null, "内容": "医療法人社団　福田歯科医院【3:歯科】北海道札幌市豊平区西岡４条１１丁目１２－１" }, "geometry": { "type": "Point", "coordinates": [ 141.380821, 42.998289 ] } },
{ "type": "Feature", "properties": { "ID": 133010008230, "正式名称": "杉澤歯科医院", "機関区分": 3, "都道府県コード": 1, "市区町村コード": 105, "所在地": "北海道札幌市豊平区中の島１条１丁目１下出ショッピングプラザ２階", "緯度": 43.039124, "経度": 141.359883, "url": "https://www.iryou.teikyouseido.mhlw.go.jp/znk-web/juminkanja/S2430/initialize?prefCd=01&kikanCd=3010008230&kikanKbn=3", "url2": null, "内容": "杉澤歯科医院【3:歯科】北海道札幌市豊平区中の島１条１丁目１下出ショッピングプラザ２階" }, "geometry": { "type": "Point", "coordinates": [ 141.359883, 43.039124 ] } },
{ "type": "Feature", "properties": { "ID": 133010008240, "正式名称": "医療法人社団さっぽろ矯正歯科クリニック", "機関区分": 3, "都道府県コード": 1, "市区町村コード": 105, "所在地": "北海道札幌市豊平区中の島１条３丁目７－１１", "緯度": 43.0344932, "経度": 141.3592332, "url": "https://www.iryou.teikyouseido.mhlw.go.jp/znk-web/juminkanja/S2430/initialize?prefCd=01&kikanCd=3010008240&kikanKbn=3", "url2": "https://www.hanarabi418.com", "内容": "医療法人社団さっぽろ矯正歯科クリニック【3:歯科】北海道札幌市豊平区中の島１条３丁目７－１１" }, "geometry": { "type": "Point", "coordinates": [ 141.3592332, 43.0344932 ] } },
{ "type": "Feature", "properties": { "ID": 133010008250, "正式名称": "百瀬歯科クリニック", "機関区分": 3, "都道府県コード": 1, "市区町村コード": 105, "所在地": "北海道札幌市豊平区中の島１条９丁目５－８", "緯度": 43.02307, "経度": 141.356642, "url": "https://www.iryou.teikyouseido.mhlw.go.jp/znk-web/juminkanja/S2430/initialize?prefCd=01&kikanCd=3010008250&kikanKbn=3", "url2": null, "内容": "百瀬歯科クリニック【3:歯科】北海道札幌市豊平区中の島１条９丁目５－８" }, "geometry": { "type": "Point", "coordinates": [ 141.356642, 43.02307 ] } },
{ "type": "Feature", "properties": { "ID": 133010008280, "正式名称": "よこた歯科", "機関区分": 3, "都道府県コード": 1, "市区町村コード": 105, "所在地": "北海道札幌市豊平区中の島２条２丁目１－６ソレイユ２２　１階", "緯度": 43.037177, "経度": 141.361476, "url": "https://www.iryou.teikyouseido.mhlw.go.jp/znk-web/juminkanja/S2430/initialize?prefCd=01&kikanCd=3010008280&kikanKbn=3", "url2": "http://www.yokota-dental.net/", "内容": "よこた歯科【3:歯科】北海道札幌市豊平区中の島２条２丁目１－６ソレイユ２２　１階" }, "geometry": { "type": "Point", "coordinates": [ 141.361476, 43.037177 ] } },
{ "type": "Feature", "properties": { "ID": 133010008300, "正式名称": "医療法人社団明徳会　市岡歯科医院", "機関区分": 3, "都道府県コード": 1, "市区町村コード": 105, "所在地": "北海道札幌市豊平区中の島２条４丁目４番１０号", "緯度": 43.0324189, "経度": 141.3599126, "url": "https://www.iryou.teikyouseido.mhlw.go.jp/znk-web/juminkanja/S2430/initialize?prefCd=01&kikanCd=3010008300&kikanKbn=3", "url2": "http://ichioka-do.com", "内容": "医療法人社団明徳会　市岡歯科医院【3:歯科】北海道札幌市豊平区中の島２条４丁目４番１０号" }, "geometry": { "type": "Point", "coordinates": [ 141.3599126, 43.0324189 ] } },
{ "type": "Feature", "properties": { "ID": 133010008320, "正式名称": "中の島歯科", "機関区分": 3, "都道府県コード": 1, "市区町村コード": 105, "所在地": "北海道札幌市豊平区中の島２条７丁目２－２ＭＴビル２階", "緯度": 43.0274458, "経度": 141.3595753, "url": "https://www.iryou.teikyouseido.mhlw.go.jp/znk-web/juminkanja/S2430/initialize?prefCd=01&kikanCd=3010008320&kikanKbn=3", "url2": "http://nakanoshima-dc.com", "内容": "中の島歯科【3:歯科】北海道札幌市豊平区中の島２条７丁目２－２ＭＴビル２階" }, "geometry": { "type": "Point", "coordinates": [ 141.359575299999989, 43.0274458 ] } },
{ "type": "Feature", "properties": { "ID": 133010008340, "正式名称": "あい歯科クリニック", "機関区分": 3, "都道府県コード": 1, "市区町村コード": 105, "所在地": "北海道札幌市豊平区美園３条７丁目１－１９ホシオカビル２階", "緯度": 43.039977, "経度": 141.390104, "url": "https://www.iryou.teikyouseido.mhlw.go.jp/znk-web/juminkanja/S2430/initialize?prefCd=01&kikanCd=3010008340&kikanKbn=3", "url2": null, "内容": "あい歯科クリニック【3:歯科】北海道札幌市豊平区美園３条７丁目１－１９ホシオカビル２階" }, "geometry": { "type": "Point", "coordinates": [ 141.390104, 43.039977 ] } },
{ "type": "Feature", "properties": { "ID": 133010008370, "正式名称": "美園フラワー歯科", "機関区分": 3, "都道府県コード": 1, "市区町村コード": 105, "所在地": "北海道札幌市豊平区美園７条３丁目４－２４カザシビル", "緯度": 43.0389567, "経度": 141.3818176, "url": "https://www.iryou.teikyouseido.mhlw.go.jp/znk-web/juminkanja/S2430/initialize?prefCd=01&kikanCd=3010008370&kikanKbn=3", "url2": null, "内容": "美園フラワー歯科【3:歯科】北海道札幌市豊平区美園７条３丁目４－２４カザシビル" }, "geometry": { "type": "Point", "coordinates": [ 141.3818176, 43.0389567 ] } },
{ "type": "Feature", "properties": { "ID": 133010008380, "正式名称": "医療法人北佑会　みその総合歯科クリニック", "機関区分": 3, "都道府県コード": 1, "市区町村コード": 105, "所在地": "北海道札幌市豊平区美園７条４丁目２番１５号美園７．４メディカルビル５階", "緯度": 43.038302, "経度": 141.382845, "url": "https://www.iryou.teikyouseido.mhlw.go.jp/znk-web/juminkanja/S2430/initialize?prefCd=01&kikanCd=3010008380&kikanKbn=3", "url2": "Misono-sogo.com", "内容": "医療法人北佑会　みその総合歯科クリニック【3:歯科】北海道札幌市豊平区美園７条４丁目２番１５号美園７．４メディカルビル５階" }, "geometry": { "type": "Point", "coordinates": [ 141.382845, 43.038302 ] } },
{ "type": "Feature", "properties": { "ID": 133010008400, "正式名称": "医療法人　ひらまつ歯科医院", "機関区分": 3, "都道府県コード": 1, "市区町村コード": 105, "所在地": "北海道札幌市豊平区美園８条４丁目１－１２", "緯度": 43.037524, "経度": 141.382207, "url": "https://www.iryou.teikyouseido.mhlw.go.jp/znk-web/juminkanja/S2430/initialize?prefCd=01&kikanCd=3010008400&kikanKbn=3", "url2": "https://www.hiramatsu-sika.com/", "内容": "医療法人　ひらまつ歯科医院【3:歯科】北海道札幌市豊平区美園８条４丁目１－１２" }, "geometry": { "type": "Point", "coordinates": [ 141.382207, 43.037524 ] } },
{ "type": "Feature", "properties": { "ID": 133010008440, "正式名称": "やなぎ歯科", "機関区分": 3, "都道府県コード": 1, "市区町村コード": 105, "所在地": "北海道札幌市豊平区福住１条４丁目１０番１０号", "緯度": 43.015537, "経度": 141.395244, "url": "https://www.iryou.teikyouseido.mhlw.go.jp/znk-web/juminkanja/S2430/initialize?prefCd=01&kikanCd=3010008440&kikanKbn=3", "url2": null, "内容": "やなぎ歯科【3:歯科】北海道札幌市豊平区福住１条４丁目１０番１０号" }, "geometry": { "type": "Point", "coordinates": [ 141.395244, 43.015537 ] } },
{ "type": "Feature", "properties": { "ID": 133010008460, "正式名称": "かわもと歯科医院", "機関区分": 3, "都道府県コード": 1, "市区町村コード": 105, "所在地": "北海道札幌市豊平区福住１条６丁目１１番８号", "緯度": 43.012193, "経度": 141.39504, "url": "https://www.iryou.teikyouseido.mhlw.go.jp/znk-web/juminkanja/S2430/initialize?prefCd=01&kikanCd=3010008460&kikanKbn=3", "url2": null, "内容": "かわもと歯科医院【3:歯科】北海道札幌市豊平区福住１条６丁目１１番８号" }, "geometry": { "type": "Point", "coordinates": [ 141.39504, 43.012193 ] } },
{ "type": "Feature", "properties": { "ID": 133010008470, "正式名称": "福住メディカル歯科", "機関区分": 3, "都道府県コード": 1, "市区町村コード": 105, "所在地": "北海道札幌市豊平区福住２条１丁目２６－２０福住メディカルビル５階", "緯度": 43.020195, "経度": 141.403941, "url": "https://www.iryou.teikyouseido.mhlw.go.jp/znk-web/juminkanja/S2430/initialize?prefCd=01&kikanCd=3010008470&kikanKbn=3", "url2": null, "内容": "福住メディカル歯科【3:歯科】北海道札幌市豊平区福住２条１丁目２６－２０福住メディカルビル５階" }, "geometry": { "type": "Point", "coordinates": [ 141.403941, 43.020195 ] } },
{ "type": "Feature", "properties": { "ID": 133010008500, "正式名称": "福住ファミリー歯科クリニック", "機関区分": 3, "都道府県コード": 1, "市区町村コード": 105, "所在地": "北海道札幌市豊平区福住２条４丁目６－４１", "緯度": 43.015579, "経度": 141.398463, "url": "https://www.iryou.teikyouseido.mhlw.go.jp/znk-web/juminkanja/S2430/initialize?prefCd=01&kikanCd=3010008500&kikanKbn=3", "url2": null, "内容": "福住ファミリー歯科クリニック【3:歯科】北海道札幌市豊平区福住２条４丁目６－４１" }, "geometry": { "type": "Point", "coordinates": [ 141.398463, 43.015579 ] } },
{ "type": "Feature", "properties": { "ID": 133010008530, "正式名称": "アーバン歯科クリニック平岸院", "機関区分": 3, "都道府県コード": 1, "市区町村コード": 105, "所在地": "北海道札幌市豊平区平岸１条２２丁目２番８３号アーバンサイトミュンヘン大橋２Ｆ", "緯度": 43.0148735, "経度": 141.3577849, "url": "https://www.iryou.teikyouseido.mhlw.go.jp/znk-web/juminkanja/S2430/initialize?prefCd=01&kikanCd=3010008530&kikanKbn=3", "url2": "https://urban-dental-clinic.com/", "内容": "アーバン歯科クリニック平岸院【3:歯科】北海道札幌市豊平区平岸１条２２丁目２番８３号アーバンサイトミュンヘン大橋２Ｆ" }, "geometry": { "type": "Point", "coordinates": [ 141.357784900000013, 43.0148735 ] } },
{ "type": "Feature", "properties": { "ID": 133010008550, "正式名称": "木の花歯科クリニック", "機関区分": 3, "都道府県コード": 1, "市区町村コード": 105, "所在地": "北海道札幌市豊平区平岸２条５丁目２－５第５平岸グランドビル３０１号", "緯度": 43.0371993, "経度": 141.3692816, "url": "https://www.iryou.teikyouseido.mhlw.go.jp/znk-web/juminkanja/S2430/initialize?prefCd=01&kikanCd=3010008550&kikanKbn=3", "url2": null, "内容": "木の花歯科クリニック【3:歯科】北海道札幌市豊平区平岸２条５丁目２－５第５平岸グランドビル３０１号" }, "geometry": { "type": "Point", "coordinates": [ 141.3692816, 43.0371993 ] } },
{ "type": "Feature", "properties": { "ID": 133010008560, "正式名称": "三好歯科クリニック", "機関区分": 3, "都道府県コード": 1, "市区町村コード": 105, "所在地": "北海道札幌市豊平区平岸２条６丁目２－１８十字堂ビル２階", "緯度": 43.035834, "経度": 141.369089, "url": "https://www.iryou.teikyouseido.mhlw.go.jp/znk-web/juminkanja/S2430/initialize?prefCd=01&kikanCd=3010008560&kikanKbn=3", "url2": null, "内容": "三好歯科クリニック【3:歯科】北海道札幌市豊平区平岸２条６丁目２－１８十字堂ビル２階" }, "geometry": { "type": "Point", "coordinates": [ 141.369089, 43.035834 ] } },
{ "type": "Feature", "properties": { "ID": 133010008580, "正式名称": "医療法人社団翠仁会さいとう歯科室", "機関区分": 3, "都道府県コード": 1, "市区町村コード": 105, "所在地": "北海道札幌市豊平区平岸２条７丁目３－１アルファビルＩＶ２階", "緯度": 43.0351565, "経度": 141.3667705, "url": "https://www.iryou.teikyouseido.mhlw.go.jp/znk-web/juminkanja/S2430/initialize?prefCd=01&kikanCd=3010008580&kikanKbn=3", "url2": "http://www7a.biglobe.ne.jp/~sikasitu/", "内容": "医療法人社団翠仁会さいとう歯科室【3:歯科】北海道札幌市豊平区平岸２条７丁目３－１アルファビルＩＶ２階" }, "geometry": { "type": "Point", "coordinates": [ 141.3667705, 43.0351565 ] } },
{ "type": "Feature", "properties": { "ID": 133010008590, "正式名称": "たかぎ歯科クリニック", "機関区分": 3, "都道府県コード": 1, "市区町村コード": 105, "所在地": "北海道札幌市豊平区平岸２条７丁目４－２３ラフレ平岸２階", "緯度": 43.034746, "経度": 141.368847, "url": "https://www.iryou.teikyouseido.mhlw.go.jp/znk-web/juminkanja/S2430/initialize?prefCd=01&kikanCd=3010008590&kikanKbn=3", "url2": "http://www.takagi-shika-clinic.com/", "内容": "たかぎ歯科クリニック【3:歯科】北海道札幌市豊平区平岸２条７丁目４－２３ラフレ平岸２階" }, "geometry": { "type": "Point", "coordinates": [ 141.368847, 43.034746 ] } },
{ "type": "Feature", "properties": { "ID": 133010008600, "正式名称": "平岸歯科医院", "機関区分": 3, "都道府県コード": 1, "市区町村コード": 105, "所在地": "北海道札幌市豊平区平岸２条８丁目２番１号サンサービスビル１階", "緯度": 43.034574, "経度": 141.367151, "url": "https://www.iryou.teikyouseido.mhlw.go.jp/znk-web/juminkanja/S2430/initialize?prefCd=01&kikanCd=3010008600&kikanKbn=3", "url2": null, "内容": "平岸歯科医院【3:歯科】北海道札幌市豊平区平岸２条８丁目２番１号サンサービスビル１階" }, "geometry": { "type": "Point", "coordinates": [ 141.367151, 43.034574 ] } },
{ "type": "Feature", "properties": { "ID": 133010008630, "正式名称": "平岸おとな歯科こども歯科クリニック", "機関区分": 3, "都道府県コード": 1, "市区町村コード": 105, "所在地": "北海道札幌市豊平区平岸２条１１丁目３－１４第一川崎ビル２階", "緯度": 43.028953, "経度": 141.368084, "url": "https://www.iryou.teikyouseido.mhlw.go.jp/znk-web/juminkanja/S2430/initialize?prefCd=01&kikanCd=3010008630&kikanKbn=3", "url2": "http://www.4158net.com", "内容": "平岸おとな歯科こども歯科クリニック【3:歯科】北海道札幌市豊平区平岸２条１１丁目３－１４第一川崎ビル２階" }, "geometry": { "type": "Point", "coordinates": [ 141.368084, 43.028953 ] } },
{ "type": "Feature", "properties": { "ID": 133010008700, "正式名称": "南平岸駅前歯科", "機関区分": 3, "都道府県コード": 1, "市区町村コード": 105, "所在地": "北海道札幌市豊平区平岸３条１３丁目５番１７号　ＬＡＢＯビル１階", "緯度": 43.02666, "経度": 141.370003, "url": "https://www.iryou.teikyouseido.mhlw.go.jp/znk-web/juminkanja/S2430/initialize?prefCd=01&kikanCd=3010008700&kikanKbn=3", "url2": "http://www.mh-dental.com", "内容": "南平岸駅前歯科【3:歯科】北海道札幌市豊平区平岸３条１３丁目５番１７号　ＬＡＢＯビル１階" }, "geometry": { "type": "Point", "coordinates": [ 141.370003, 43.02666 ] } },
{ "type": "Feature", "properties": { "ID": 133010008720, "正式名称": "狩野歯科クリニック", "機関区分": 3, "都道府県コード": 1, "市区町村コード": 105, "所在地": "北海道札幌市豊平区平岸３条１４丁目３－３　紅桜観光ビル３階", "緯度": 43.0262137, "経度": 141.370742, "url": "https://www.iryou.teikyouseido.mhlw.go.jp/znk-web/juminkanja/S2430/initialize?prefCd=01&kikanCd=3010008720&kikanKbn=3", "url2": null, "内容": "狩野歯科クリニック【3:歯科】北海道札幌市豊平区平岸３条１４丁目３－３　紅桜観光ビル３階" }, "geometry": { "type": "Point", "coordinates": [ 141.370742, 43.0262137 ] } },
{ "type": "Feature", "properties": { "ID": 133010008740, "正式名称": "藤本歯科診療所", "機関区分": 3, "都道府県コード": 1, "市区町村コード": 105, "所在地": "北海道札幌市豊平区平岸４条８丁目６－１サンセットハイツ平岸１０２号", "緯度": 43.033988, "経度": 141.375538, "url": "https://www.iryou.teikyouseido.mhlw.go.jp/znk-web/juminkanja/S2430/initialize?prefCd=01&kikanCd=3010008740&kikanKbn=3", "url2": null, "内容": "藤本歯科診療所【3:歯科】北海道札幌市豊平区平岸４条８丁目６－１サンセットハイツ平岸１０２号" }, "geometry": { "type": "Point", "coordinates": [ 141.375538, 43.033988 ] } },
{ "type": "Feature", "properties": { "ID": 133010008750, "正式名称": "三野歯科医院", "機関区分": 3, "都道府県コード": 1, "市区町村コード": 105, "所在地": "北海道札幌市豊平区平岸４条９丁目１３－２４", "緯度": 43.031838, "経度": 141.37368, "url": "https://www.iryou.teikyouseido.mhlw.go.jp/znk-web/juminkanja/S2430/initialize?prefCd=01&kikanCd=3010008750&kikanKbn=3", "url2": "http://sapporo-mino-shika.com/", "内容": "三野歯科医院【3:歯科】北海道札幌市豊平区平岸４条９丁目１３－２４" }, "geometry": { "type": "Point", "coordinates": [ 141.37368, 43.031838 ] } },
{ "type": "Feature", "properties": { "ID": 133010008770, "正式名称": "渡辺歯科", "機関区分": 3, "都道府県コード": 1, "市区町村コード": 105, "所在地": "北海道札幌市豊平区平岸４条１３丁目３番１６号第２吉智ビル２階", "緯度": 43.026448, "経度": 141.371664, "url": "https://www.iryou.teikyouseido.mhlw.go.jp/znk-web/juminkanja/S2430/initialize?prefCd=01&kikanCd=3010008770&kikanKbn=3", "url2": "https://watanabedental4544.wixsite.com/dental", "内容": "渡辺歯科【3:歯科】北海道札幌市豊平区平岸４条１３丁目３番１６号第２吉智ビル２階" }, "geometry": { "type": "Point", "coordinates": [ 141.371664, 43.026448 ] } },
{ "type": "Feature", "properties": { "ID": 133010008780, "正式名称": "医療法人社団　博愛会　アイビー歯科クリニック", "機関区分": 3, "都道府県コード": 1, "市区町村コード": 105, "所在地": "北海道札幌市豊平区平岸４条１３丁目３番２０号ラ・クラッセ南平岸ステーションタワー１階", "緯度": 43.0266715, "経度": 141.3717025, "url": "https://www.iryou.teikyouseido.mhlw.go.jp/znk-web/juminkanja/S2430/initialize?prefCd=01&kikanCd=3010008780&kikanKbn=3", "url2": "http://www.aiby-dc.com", "内容": "医療法人社団　博愛会　アイビー歯科クリニック【3:歯科】北海道札幌市豊平区平岸４条１３丁目３番２０号ラ・クラッセ南平岸ステーションタワー１階" }, "geometry": { "type": "Point", "coordinates": [ 141.3717025, 43.0266715 ] } },
{ "type": "Feature", "properties": { "ID": 133010008790, "正式名称": "紺野歯科医院", "機関区分": 3, "都道府県コード": 1, "市区町村コード": 105, "所在地": "北海道札幌市豊平区平岸５条７丁目８－２２第２平岸グランドビル３階", "緯度": 43.034294, "経度": 141.37728, "url": "https://www.iryou.teikyouseido.mhlw.go.jp/znk-web/juminkanja/S2430/initialize?prefCd=01&kikanCd=3010008790&kikanKbn=3", "url2": null, "内容": "紺野歯科医院【3:歯科】北海道札幌市豊平区平岸５条７丁目８－２２第２平岸グランドビル３階" }, "geometry": { "type": "Point", "coordinates": [ 141.37728, 43.034294 ] } },
{ "type": "Feature", "properties": { "ID": 133010008800, "正式名称": "ソシアル歯科小児歯科矯正クリニック", "機関区分": 3, "都道府県コード": 1, "市区町村コード": 105, "所在地": "北海道札幌市豊平区平岸５条８丁目１－１ラルズストア平岸店２階", "緯度": 43.03358, "経度": 141.376874, "url": "https://www.iryou.teikyouseido.mhlw.go.jp/znk-web/juminkanja/S2430/initialize?prefCd=01&kikanCd=3010008800&kikanKbn=3", "url2": null, "内容": "ソシアル歯科小児歯科矯正クリニック【3:歯科】北海道札幌市豊平区平岸５条８丁目１－１ラルズストア平岸店２階" }, "geometry": { "type": "Point", "coordinates": [ 141.376874, 43.03358 ] } },
{ "type": "Feature", "properties": { "ID": 133010008810, "正式名称": "北水会歯科クリニック", "機関区分": 3, "都道府県コード": 1, "市区町村コード": 105, "所在地": "北海道札幌市豊平区平岸５条９丁目６番２１号", "緯度": 43.031469, "経度": 141.377013, "url": "https://www.iryou.teikyouseido.mhlw.go.jp/znk-web/juminkanja/S2430/initialize?prefCd=01&kikanCd=3010008810&kikanKbn=3", "url2": "www.hokusuikai-d.com", "内容": "北水会歯科クリニック【3:歯科】北海道札幌市豊平区平岸５条９丁目６番２１号" }, "geometry": { "type": "Point", "coordinates": [ 141.377013, 43.031469 ] } },
{ "type": "Feature", "properties": { "ID": 133010008830, "正式名称": "医療法人社団博心会　フミタ歯科医院", "機関区分": 3, "都道府県コード": 1, "市区町村コード": 105, "所在地": "北海道札幌市豊平区平岸８条１３丁目１番２２号クレインパレス平岸１階", "緯度": 43.0241881, "経度": 141.3845868, "url": "https://www.iryou.teikyouseido.mhlw.go.jp/znk-web/juminkanja/S2430/initialize?prefCd=01&kikanCd=3010008830&kikanKbn=3", "url2": "http://www.fumita-dental.com/", "内容": "医療法人社団博心会　フミタ歯科医院【3:歯科】北海道札幌市豊平区平岸８条１３丁目１番２２号クレインパレス平岸１階" }, "geometry": { "type": "Point", "coordinates": [ 141.3845868, 43.0241881 ] } },
{ "type": "Feature", "properties": { "ID": 133010008850, "正式名称": "医療法人社団　ライオン小児・矯正歯科クリニック", "機関区分": 3, "都道府県コード": 1, "市区町村コード": 105, "所在地": "北海道札幌市豊平区豊平４条３丁目３－２３　認定こども園札幌ゆたか幼稚園２階ゆたか幼稚園２階", "緯度": 43.0513083, "経度": 141.3698478, "url": "https://www.iryou.teikyouseido.mhlw.go.jp/znk-web/juminkanja/S2430/initialize?prefCd=01&kikanCd=3010008850&kikanKbn=3", "url2": "liondental.com", "内容": "医療法人社団　ライオン小児・矯正歯科クリニック【3:歯科】北海道札幌市豊平区豊平４条３丁目３－２３　認定こども園札幌ゆたか幼稚園２階ゆたか幼稚園２階" }, "geometry": { "type": "Point", "coordinates": [ 141.3698478, 43.0513083 ] } },
{ "type": "Feature", "properties": { "ID": 133010008860, "正式名称": "ひらもと歯科クリニック", "機関区分": 3, "都道府県コード": 1, "市区町村コード": 105, "所在地": "北海道札幌市豊平区豊平２条２丁目３－１アーバンビル豊平１階", "緯度": 43.054582, "経度": 141.369528, "url": "https://www.iryou.teikyouseido.mhlw.go.jp/znk-web/juminkanja/S2430/initialize?prefCd=01&kikanCd=3010008860&kikanKbn=3", "url2": null, "内容": "ひらもと歯科クリニック【3:歯科】北海道札幌市豊平区豊平２条２丁目３－１アーバンビル豊平１階" }, "geometry": { "type": "Point", "coordinates": [ 141.369528, 43.054582 ] } },
{ "type": "Feature", "properties": { "ID": 133010008920, "正式名称": "ケー・ビー・デンタルオフィス", "機関区分": 3, "都道府県コード": 1, "市区町村コード": 105, "所在地": "北海道札幌市豊平区豊平６条８丁目２－２０ホワイトピア豊平２階", "緯度": 43.046387, "経度": 141.372571, "url": "https://www.iryou.teikyouseido.mhlw.go.jp/znk-web/juminkanja/S2430/initialize?prefCd=01&kikanCd=3010008920&kikanKbn=3", "url2": "http://k-b-dental.com/", "内容": "ケー・ビー・デンタルオフィス【3:歯科】北海道札幌市豊平区豊平６条８丁目２－２０ホワイトピア豊平２階" }, "geometry": { "type": "Point", "coordinates": [ 141.372571, 43.046387 ] } },
{ "type": "Feature", "properties": { "ID": 133010008940, "正式名称": "のぞみデンタルクリニック", "機関区分": 3, "都道府県コード": 1, "市区町村コード": 105, "所在地": "北海道札幌市豊平区豊平７条８丁目２番１号札幌東光ストア豊平店西館Ａ棟", "緯度": 43.046142, "経度": 141.371667, "url": "https://www.iryou.teikyouseido.mhlw.go.jp/znk-web/juminkanja/S2430/initialize?prefCd=01&kikanCd=3010008940&kikanKbn=3", "url2": "https://xn--e9j5a0cwka8g3a3a2b7xja8g.com/", "内容": "のぞみデンタルクリニック【3:歯科】北海道札幌市豊平区豊平７条８丁目２番１号札幌東光ストア豊平店西館Ａ棟" }, "geometry": { "type": "Point", "coordinates": [ 141.371667, 43.046142 ] } },
{ "type": "Feature", "properties": { "ID": 133010008950, "正式名称": "あきもり歯科", "機関区分": 3, "都道府県コード": 1, "市区町村コード": 105, "所在地": "北海道札幌市豊平区豊平８条１１丁目２番１０号ノールプレリ－１階", "緯度": 43.042834, "経度": 141.374644, "url": "https://www.iryou.teikyouseido.mhlw.go.jp/znk-web/juminkanja/S2430/initialize?prefCd=01&kikanCd=3010008950&kikanKbn=3", "url2": null, "内容": "あきもり歯科【3:歯科】北海道札幌市豊平区豊平８条１１丁目２番１０号ノールプレリ－１階" }, "geometry": { "type": "Point", "coordinates": [ 141.374644, 43.042834 ] } },
{ "type": "Feature", "properties": { "ID": 133010008960, "正式名称": "札幌キュアデンタルクリニック", "機関区分": 3, "都道府県コード": 1, "市区町村コード": 105, "所在地": "北海道札幌市豊平区平岸２条１３丁目１－２３", "緯度": 43.027204, "経度": 141.365284, "url": "https://www.iryou.teikyouseido.mhlw.go.jp/znk-web/juminkanja/S2430/initialize?prefCd=01&kikanCd=3010008960&kikanKbn=3", "url2": null, "内容": "札幌キュアデンタルクリニック【3:歯科】北海道札幌市豊平区平岸２条１３丁目１－２３" }, "geometry": { "type": "Point", "coordinates": [ 141.365284, 43.027204 ] } },
{ "type": "Feature", "properties": { "ID": 133010008980, "正式名称": "ポプラ歯科クリニック", "機関区分": 3, "都道府県コード": 1, "市区町村コード": 110, "所在地": "北海道札幌市清田区真栄３条２丁目１５", "緯度": 42.990235, "経度": 141.442948, "url": "https://www.iryou.teikyouseido.mhlw.go.jp/znk-web/juminkanja/S2430/initialize?prefCd=01&kikanCd=3010008980&kikanKbn=3", "url2": null, "内容": "ポプラ歯科クリニック【3:歯科】北海道札幌市清田区真栄３条２丁目１５" }, "geometry": { "type": "Point", "coordinates": [ 141.442948, 42.990235 ] } },
{ "type": "Feature", "properties": { "ID": 133010008990, "正式名称": "医療法人社団清田みどり歯科", "機関区分": 3, "都道府県コード": 1, "市区町村コード": 110, "所在地": "北海道札幌市清田区真栄４条１丁目２０番１号", "緯度": 42.987232, "経度": 141.4349, "url": "https://www.iryou.teikyouseido.mhlw.go.jp/znk-web/juminkanja/S2430/initialize?prefCd=01&kikanCd=3010008990&kikanKbn=3", "url2": "http://kiyota-midori.com/", "内容": "医療法人社団清田みどり歯科【3:歯科】北海道札幌市清田区真栄４条１丁目２０番１号" }, "geometry": { "type": "Point", "coordinates": [ 141.4349, 42.987232 ] } },
{ "type": "Feature", "properties": { "ID": 133010009020, "正式名称": "めぐり歯科医院", "機関区分": 3, "都道府県コード": 1, "市区町村コード": 110, "所在地": "北海道札幌市清田区清田１条４丁目５－３サンビル２階", "緯度": 42.998324, "経度": 141.441277, "url": "https://www.iryou.teikyouseido.mhlw.go.jp/znk-web/juminkanja/S2430/initialize?prefCd=01&kikanCd=3010009020&kikanKbn=3", "url2": null, "内容": "めぐり歯科医院【3:歯科】北海道札幌市清田区清田１条４丁目５－３サンビル２階" }, "geometry": { "type": "Point", "coordinates": [ 141.441277, 42.998324 ] } },
{ "type": "Feature", "properties": { "ID": 133010009030, "正式名称": "医療法人社団　幸仁会　清田歯科", "機関区分": 3, "都道府県コード": 1, "市区町村コード": 110, "所在地": "北海道札幌市清田区清田１条４丁目５－３０清田総合医療センタービル２階", "緯度": 43.0000085, "経度": 141.4421215, "url": "https://www.iryou.teikyouseido.mhlw.go.jp/znk-web/juminkanja/S2430/initialize?prefCd=01&kikanCd=3010009030&kikanKbn=3", "url2": null, "内容": "医療法人社団　幸仁会　清田歯科【3:歯科】北海道札幌市清田区清田１条４丁目５－３０清田総合医療センタービル２階" }, "geometry": { "type": "Point", "coordinates": [ 141.442121500000013, 43.0000085 ] } },
{ "type": "Feature", "properties": { "ID": 133010009040, "正式名称": "山田ビル歯科医院", "機関区分": 3, "都道府県コード": 1, "市区町村コード": 110, "所在地": "北海道札幌市清田区清田２条１丁目１４－１４山田ビル２階", "緯度": 43.0031422, "経度": 141.4292009, "url": "https://www.iryou.teikyouseido.mhlw.go.jp/znk-web/juminkanja/S2430/initialize?prefCd=01&kikanCd=3010009040&kikanKbn=3", "url2": "http://yamadabuild.cihp.jp/", "内容": "山田ビル歯科医院【3:歯科】北海道札幌市清田区清田２条１丁目１４－１４山田ビル２階" }, "geometry": { "type": "Point", "coordinates": [ 141.429200900000012, 43.0031422 ] } },
{ "type": "Feature", "properties": { "ID": 133010009060, "正式名称": "きとう歯科診療室", "機関区分": 3, "都道府県コード": 1, "市区町村コード": 110, "所在地": "北海道札幌市清田区清田２条３丁目１－１見光ビル２階", "緯度": 43.002398, "経度": 141.435137, "url": "https://www.iryou.teikyouseido.mhlw.go.jp/znk-web/juminkanja/S2430/initialize?prefCd=01&kikanCd=3010009060&kikanKbn=3", "url2": null, "内容": "きとう歯科診療室【3:歯科】北海道札幌市清田区清田２条３丁目１－１見光ビル２階" }, "geometry": { "type": "Point", "coordinates": [ 141.435137, 43.002398 ] } },
{ "type": "Feature", "properties": { "ID": 133010009070, "正式名称": "ライム歯科クリニック", "機関区分": 3, "都道府県コード": 1, "市区町村コード": 110, "所在地": "北海道札幌市清田区清田３条２丁目１２番７号", "緯度": 43.0008703, "経度": 141.4325208, "url": "https://www.iryou.teikyouseido.mhlw.go.jp/znk-web/juminkanja/S2430/initialize?prefCd=01&kikanCd=3010009070&kikanKbn=3", "url2": null, "内容": "ライム歯科クリニック【3:歯科】北海道札幌市清田区清田３条２丁目１２番７号" }, "geometry": { "type": "Point", "coordinates": [ 141.4325208, 43.0008703 ] } },
{ "type": "Feature", "properties": { "ID": 133010009100, "正式名称": "のだ歯科医院", "機関区分": 3, "都道府県コード": 1, "市区町村コード": 110, "所在地": "北海道札幌市清田区清田７条１丁目１－２", "緯度": 42.991423, "経度": 141.426271, "url": "https://www.iryou.teikyouseido.mhlw.go.jp/znk-web/juminkanja/S2430/initialize?prefCd=01&kikanCd=3010009100&kikanKbn=3", "url2": null, "内容": "のだ歯科医院【3:歯科】北海道札幌市清田区清田７条１丁目１－２" }, "geometry": { "type": "Point", "coordinates": [ 141.426271, 42.991423 ] } },
{ "type": "Feature", "properties": { "ID": 133010009120, "正式名称": "さとうファミリー歯科", "機関区分": 3, "都道府県コード": 1, "市区町村コード": 110, "所在地": "北海道札幌市清田区美しが丘１条７丁目２－８", "緯度": 42.981639, "経度": 141.460708, "url": "https://www.iryou.teikyouseido.mhlw.go.jp/znk-web/juminkanja/S2430/initialize?prefCd=01&kikanCd=3010009120&kikanKbn=3", "url2": "http://www.sato-fdc.com", "内容": "さとうファミリー歯科【3:歯科】北海道札幌市清田区美しが丘１条７丁目２－８" }, "geometry": { "type": "Point", "coordinates": [ 141.460708, 42.981639 ] } },
{ "type": "Feature", "properties": { "ID": 133010009150, "正式名称": "美しが丘歯科クリニック", "機関区分": 3, "都道府県コード": 1, "市区町村コード": 110, "所在地": "北海道札幌市清田区美しが丘３条１丁目８－１０", "緯度": 36.371067, "経度": 136.419622, "url": "https://www.iryou.teikyouseido.mhlw.go.jp/znk-web/juminkanja/S2430/initialize?prefCd=01&kikanCd=3010009150&kikanKbn=3", "url2": null, "内容": "美しが丘歯科クリニック【3:歯科】北海道札幌市清田区美しが丘３条１丁目８－１０" }, "geometry": { "type": "Point", "coordinates": [ 136.419622, 36.371067 ] } },
{ "type": "Feature", "properties": { "ID": 133010009160, "正式名称": "朝倉歯科医院", "機関区分": 3, "都道府県コード": 1, "市区町村コード": 110, "所在地": "北海道札幌市清田区美しが丘３条２丁目３－１", "緯度": 36.273578, "経度": 136.358656, "url": "https://www.iryou.teikyouseido.mhlw.go.jp/znk-web/juminkanja/S2430/initialize?prefCd=01&kikanCd=3010009160&kikanKbn=3", "url2": "https://www.asakuradc.com/", "内容": "朝倉歯科医院【3:歯科】北海道札幌市清田区美しが丘３条２丁目３－１" }, "geometry": { "type": "Point", "coordinates": [ 136.358656, 36.273578 ] } },
{ "type": "Feature", "properties": { "ID": 133010009170, "正式名称": "医療法人社団幸仁会　スプーン歯科", "機関区分": 3, "都道府県コード": 1, "市区町村コード": 110, "所在地": "北海道札幌市清田区美しが丘３条５丁目９－１　ステージ２", "緯度": 42.981281, "経度": 141.453509, "url": "https://www.iryou.teikyouseido.mhlw.go.jp/znk-web/juminkanja/S2430/initialize?prefCd=01&kikanCd=3010009170&kikanKbn=3", "url2": null, "内容": "医療法人社団幸仁会　スプーン歯科【3:歯科】北海道札幌市清田区美しが丘３条５丁目９－１　ステージ２" }, "geometry": { "type": "Point", "coordinates": [ 141.453509, 42.981281 ] } },
{ "type": "Feature", "properties": { "ID": 133010009180, "正式名称": "藤島歯科医院", "機関区分": 3, "都道府県コード": 1, "市区町村コード": 110, "所在地": "北海道札幌市清田区美しが丘４条５丁目７－１", "緯度": 42.979036, "経度": 141.451291, "url": "https://www.iryou.teikyouseido.mhlw.go.jp/znk-web/juminkanja/S2430/initialize?prefCd=01&kikanCd=3010009180&kikanKbn=3", "url2": null, "内容": "藤島歯科医院【3:歯科】北海道札幌市清田区美しが丘４条５丁目７－１" }, "geometry": { "type": "Point", "coordinates": [ 141.451291, 42.979036 ] } },
{ "type": "Feature", "properties": { "ID": 133010009190, "正式名称": "よし歯科クリニック", "機関区分": 3, "都道府県コード": 1, "市区町村コード": 110, "所在地": "北海道札幌市清田区美しが丘５条６丁目２番８号", "緯度": 42.976032, "経度": 141.454592, "url": "https://www.iryou.teikyouseido.mhlw.go.jp/znk-web/juminkanja/S2430/initialize?prefCd=01&kikanCd=3010009190&kikanKbn=3", "url2": null, "内容": "よし歯科クリニック【3:歯科】北海道札幌市清田区美しが丘５条６丁目２番８号" }, "geometry": { "type": "Point", "coordinates": [ 141.454592, 42.976032 ] } },
{ "type": "Feature", "properties": { "ID": 133010009210, "正式名称": "医療法人社団ＫＫ会　イオンタウンかも歯科", "機関区分": 3, "都道府県コード": 1, "市区町村コード": 110, "所在地": "北海道札幌市清田区平岡２条５丁目２番５０号イオンタウン平岡内", "緯度": 42.995474, "経度": 141.453619, "url": "https://www.iryou.teikyouseido.mhlw.go.jp/znk-web/juminkanja/S2430/initialize?prefCd=01&kikanCd=3010009210&kikanKbn=3", "url2": null, "内容": "医療法人社団ＫＫ会　イオンタウンかも歯科【3:歯科】北海道札幌市清田区平岡２条５丁目２番５０号イオンタウン平岡内" }, "geometry": { "type": "Point", "coordinates": [ 141.453619, 42.995474 ] } },
{ "type": "Feature", "properties": { "ID": 133010009250, "正式名称": "平岡パーク歯科", "機関区分": 3, "都道府県コード": 1, "市区町村コード": 110, "所在地": "北海道札幌市清田区平岡６条２丁目３－１０", "緯度": 43.009988, "経度": 141.454571, "url": "https://www.iryou.teikyouseido.mhlw.go.jp/znk-web/juminkanja/S2430/initialize?prefCd=01&kikanCd=3010009250&kikanKbn=3", "url2": null, "内容": "平岡パーク歯科【3:歯科】北海道札幌市清田区平岡６条２丁目３－１０" }, "geometry": { "type": "Point", "coordinates": [ 141.454571, 43.009988 ] } },
{ "type": "Feature", "properties": { "ID": 133010009270, "正式名称": "医療法人社団樹会　やまなか歯科クリニック", "機関区分": 3, "都道府県コード": 1, "市区町村コード": 110, "所在地": "北海道札幌市清田区平岡７条３丁目１２１－１平岡ショッピングセンターＤ棟", "緯度": 43.009754, "経度": 141.457254, "url": "https://www.iryou.teikyouseido.mhlw.go.jp/znk-web/juminkanja/S2430/initialize?prefCd=01&kikanCd=3010009270&kikanKbn=3", "url2": "http://www.yamanakadental.net", "内容": "医療法人社団樹会　やまなか歯科クリニック【3:歯科】北海道札幌市清田区平岡７条３丁目１２１－１平岡ショッピングセンターＤ棟" }, "geometry": { "type": "Point", "coordinates": [ 141.457254, 43.009754 ] } },
{ "type": "Feature", "properties": { "ID": 133010009280, "正式名称": "医療法人社団　創成　深江歯科医院", "機関区分": 3, "都道府県コード": 1, "市区町村コード": 110, "所在地": "北海道札幌市清田区平岡７条３丁目１４－１２", "緯度": 43.011361, "経度": 141.457313, "url": "https://www.iryou.teikyouseido.mhlw.go.jp/znk-web/juminkanja/S2430/initialize?prefCd=01&kikanCd=3010009280&kikanKbn=3", "url2": "http://doushikyo.com/web/fukae/", "内容": "医療法人社団　創成　深江歯科医院【3:歯科】北海道札幌市清田区平岡７条３丁目１４－１２" }, "geometry": { "type": "Point", "coordinates": [ 141.457313, 43.011361 ] } },
{ "type": "Feature", "properties": { "ID": 133010009300, "正式名称": "ふるかわ歯科クリニック", "機関区分": 3, "都道府県コード": 1, "市区町村コード": 110, "所在地": "北海道札幌市清田区平岡１０条３丁目１－４", "緯度": 43.015583, "経度": 141.460951, "url": "https://www.iryou.teikyouseido.mhlw.go.jp/znk-web/juminkanja/S2430/initialize?prefCd=01&kikanCd=3010009300&kikanKbn=3", "url2": null, "内容": "ふるかわ歯科クリニック【3:歯科】北海道札幌市清田区平岡１０条３丁目１－４" }, "geometry": { "type": "Point", "coordinates": [ 141.460951, 43.015583 ] } },
{ "type": "Feature", "properties": { "ID": 133010009310, "正式名称": "平岡公園総合歯科", "機関区分": 3, "都道府県コード": 1, "市区町村コード": 110, "所在地": "北海道札幌市清田区平岡公園東１丁目１２－２０", "緯度": 43.011026, "経度": 141.468702, "url": "https://www.iryou.teikyouseido.mhlw.go.jp/znk-web/juminkanja/S2430/initialize?prefCd=01&kikanCd=3010009310&kikanKbn=3", "url2": "http://www.hiraokatotal-dc.com/", "内容": "平岡公園総合歯科【3:歯科】北海道札幌市清田区平岡公園東１丁目１２－２０" }, "geometry": { "type": "Point", "coordinates": [ 141.468702, 43.011026 ] } },
{ "type": "Feature", "properties": { "ID": 133010009350, "正式名称": "アンファン歯科クリニック", "機関区分": 3, "都道府県コード": 1, "市区町村コード": 110, "所在地": "北海道札幌市清田区北野３条２丁目１３－６５北野親栄ビル２階", "緯度": 43.012094, "経度": 141.434371, "url": "https://www.iryou.teikyouseido.mhlw.go.jp/znk-web/juminkanja/S2430/initialize?prefCd=01&kikanCd=3010009350&kikanKbn=3", "url2": null, "内容": "アンファン歯科クリニック【3:歯科】北海道札幌市清田区北野３条２丁目１３－６５北野親栄ビル２階" }, "geometry": { "type": "Point", "coordinates": [ 141.434371, 43.012094 ] } },
{ "type": "Feature", "properties": { "ID": 133010009360, "正式名称": "ひぬま歯科小児歯科", "機関区分": 3, "都道府県コード": 1, "市区町村コード": 110, "所在地": "北海道札幌市清田区北野３条３丁目２７－１", "緯度": 43.011411, "経度": 141.43509, "url": "https://www.iryou.teikyouseido.mhlw.go.jp/znk-web/juminkanja/S2430/initialize?prefCd=01&kikanCd=3010009360&kikanKbn=3", "url2": null, "内容": "ひぬま歯科小児歯科【3:歯科】北海道札幌市清田区北野３条３丁目２７－１" }, "geometry": { "type": "Point", "coordinates": [ 141.43509, 43.011411 ] } },
{ "type": "Feature", "properties": { "ID": 133010009370, "正式名称": "くれ歯科", "機関区分": 3, "都道府県コード": 1, "市区町村コード": 110, "所在地": "北海道札幌市清田区北野３条５丁目１３－１１", "緯度": 43.008798, "経度": 141.447398, "url": "https://www.iryou.teikyouseido.mhlw.go.jp/znk-web/juminkanja/S2430/initialize?prefCd=01&kikanCd=3010009370&kikanKbn=3", "url2": "kure-dental.com", "内容": "くれ歯科【3:歯科】北海道札幌市清田区北野３条５丁目１３－１１" }, "geometry": { "type": "Point", "coordinates": [ 141.447398, 43.008798 ] } },
{ "type": "Feature", "properties": { "ID": 133010009390, "正式名称": "豊平アスティ歯科クリニック", "機関区分": 3, "都道府県コード": 1, "市区町村コード": 110, "所在地": "北海道札幌市清田区北野５条２丁目６－２６小川ビル", "緯度": 43.0185959, "経度": 141.4349728, "url": "https://www.iryou.teikyouseido.mhlw.go.jp/znk-web/juminkanja/S2430/initialize?prefCd=01&kikanCd=3010009390&kikanKbn=3", "url2": null, "内容": "豊平アスティ歯科クリニック【3:歯科】北海道札幌市清田区北野５条２丁目６－２６小川ビル" }, "geometry": { "type": "Point", "coordinates": [ 141.4349728, 43.0185959 ] } },
{ "type": "Feature", "properties": { "ID": 133010009410, "正式名称": "医療法人社団恵友会　あの歯科医院", "機関区分": 3, "都道府県コード": 1, "市区町村コード": 110, "所在地": "北海道札幌市清田区北野６条３丁目３－１", "緯度": 43.0213145, "経度": 141.4373566, "url": "https://www.iryou.teikyouseido.mhlw.go.jp/znk-web/juminkanja/S2430/initialize?prefCd=01&kikanCd=3010009410&kikanKbn=3", "url2": null, "内容": "医療法人社団恵友会　あの歯科医院【3:歯科】北海道札幌市清田区北野６条３丁目３－１" }, "geometry": { "type": "Point", "coordinates": [ 141.437356599999987, 43.0213145 ] } },
{ "type": "Feature", "properties": { "ID": 133010009420, "正式名称": "エリヤ歯科医院", "機関区分": 3, "都道府県コード": 1, "市区町村コード": 110, "所在地": "北海道札幌市清田区北野７条１丁目７－１０長井第一ビル２階", "緯度": 43.025595, "経度": 141.434534, "url": "https://www.iryou.teikyouseido.mhlw.go.jp/znk-web/juminkanja/S2430/initialize?prefCd=01&kikanCd=3010009420&kikanKbn=3", "url2": null, "内容": "エリヤ歯科医院【3:歯科】北海道札幌市清田区北野７条１丁目７－１０長井第一ビル２階" }, "geometry": { "type": "Point", "coordinates": [ 141.434534, 43.025595 ] } },
{ "type": "Feature", "properties": { "ID": 133010009450, "正式名称": "プラム歯科クリニック", "機関区分": 3, "都道府県コード": 1, "市区町村コード": 110, "所在地": "北海道札幌市清田区里塚１条３丁目１３", "緯度": 42.985873, "経度": 141.458949, "url": "https://www.iryou.teikyouseido.mhlw.go.jp/znk-web/juminkanja/S2430/initialize?prefCd=01&kikanCd=3010009450&kikanKbn=3", "url2": null, "内容": "プラム歯科クリニック【3:歯科】北海道札幌市清田区里塚１条３丁目１３" }, "geometry": { "type": "Point", "coordinates": [ 141.458949, 42.985873 ] } },
{ "type": "Feature", "properties": { "ID": 133010009460, "正式名称": "葭内歯科医院", "機関区分": 3, "都道府県コード": 1, "市区町村コード": 110, "所在地": "北海道札幌市清田区里塚２条３丁目９－１", "緯度": 42.988882, "経度": 141.46219, "url": "https://www.iryou.teikyouseido.mhlw.go.jp/znk-web/juminkanja/S2430/initialize?prefCd=01&kikanCd=3010009460&kikanKbn=3", "url2": "http:www.//yoshiuchi.com/", "内容": "葭内歯科医院【3:歯科】北海道札幌市清田区里塚２条３丁目９－１" }, "geometry": { "type": "Point", "coordinates": [ 141.46219, 42.988882 ] } },
{ "type": "Feature", "properties": { "ID": 133010009480, "正式名称": "馬場歯科医院", "機関区分": 3, "都道府県コード": 1, "市区町村コード": 110, "所在地": "北海道札幌市清田区里塚３条７丁目２－７里塚記念会館", "緯度": 42.982809, "経度": 141.472368, "url": "https://www.iryou.teikyouseido.mhlw.go.jp/znk-web/juminkanja/S2430/initialize?prefCd=01&kikanCd=3010009480&kikanKbn=3", "url2": null, "内容": "馬場歯科医院【3:歯科】北海道札幌市清田区里塚３条７丁目２－７里塚記念会館" }, "geometry": { "type": "Point", "coordinates": [ 141.472368, 42.982809 ] } },
{ "type": "Feature", "properties": { "ID": 133010009490, "正式名称": "医療法人社団永志会　緑ヶ丘ファミリー歯科", "機関区分": 3, "都道府県コード": 1, "市区町村コード": 110, "所在地": "北海道札幌市清田区里塚緑ケ丘２丁目１番２５号", "緯度": 43.000005, "経度": 141.473005, "url": "https://www.iryou.teikyouseido.mhlw.go.jp/znk-web/juminkanja/S2430/initialize?prefCd=01&kikanCd=3010009490&kikanKbn=3", "url2": "http://www.midorigaoka-dental.com/", "内容": "医療法人社団永志会　緑ヶ丘ファミリー歯科【3:歯科】北海道札幌市清田区里塚緑ケ丘２丁目１番２５号" }, "geometry": { "type": "Point", "coordinates": [ 141.473005, 43.000005 ] } },
{ "type": "Feature", "properties": { "ID": 133010009500, "正式名称": "医療法人社団ＫＫ会　緑ヶ丘かも歯科", "機関区分": 3, "都道府県コード": 1, "市区町村コード": 110, "所在地": "北海道札幌市清田区里塚緑ヶ丘８丁目９番１号", "緯度": 42.993743, "経度": 141.472792, "url": "https://www.iryou.teikyouseido.mhlw.go.jp/znk-web/juminkanja/S2430/initialize?prefCd=01&kikanCd=3010009500&kikanKbn=3", "url2": null, "内容": "医療法人社団ＫＫ会　緑ヶ丘かも歯科【3:歯科】北海道札幌市清田区里塚緑ヶ丘８丁目９番１号" }, "geometry": { "type": "Point", "coordinates": [ 141.472792, 42.993743 ] } },
{ "type": "Feature", "properties": { "ID": 133010009530, "正式名称": "医療法人社団　クリスタル歯科医院", "機関区分": 3, "都道府県コード": 1, "市区町村コード": 106, "所在地": "北海道札幌市南区真駒内幸町２丁目１番１２号", "緯度": 42.990482, "経度": 141.354382, "url": "https://www.iryou.teikyouseido.mhlw.go.jp/znk-web/juminkanja/S2430/initialize?prefCd=01&kikanCd=3010009530&kikanKbn=3", "url2": null, "内容": "医療法人社団　クリスタル歯科医院【3:歯科】北海道札幌市南区真駒内幸町２丁目１番１２号" }, "geometry": { "type": "Point", "coordinates": [ 141.354382, 42.990482 ] } },
{ "type": "Feature", "properties": { "ID": 133010009540, "正式名称": "福沢歯科医院", "機関区分": 3, "都道府県コード": 1, "市区町村コード": 106, "所在地": "北海道札幌市南区真駒内曙町３丁目１１ー１－１", "緯度": 42.998515, "経度": 141.350997, "url": "https://www.iryou.teikyouseido.mhlw.go.jp/znk-web/juminkanja/S2430/initialize?prefCd=01&kikanCd=3010009540&kikanKbn=3", "url2": "http://www.fukuzawa-dental.or.jp/", "内容": "福沢歯科医院【3:歯科】北海道札幌市南区真駒内曙町３丁目１１ー１－１" }, "geometry": { "type": "Point", "coordinates": [ 141.350997, 42.998515 ] } },
{ "type": "Feature", "properties": { "ID": 133010009590, "正式名称": "医療法人社団　ワイス歯科", "機関区分": 3, "都道府県コード": 1, "市区町村コード": 106, "所在地": "北海道札幌市南区真駒内泉町３丁目２番１６号", "緯度": 42.987779, "経度": 141.354822, "url": "https://www.iryou.teikyouseido.mhlw.go.jp/znk-web/juminkanja/S2430/initialize?prefCd=01&kikanCd=3010009590&kikanKbn=3", "url2": "https://www.dental-iiha.com/d0013181.html", "内容": "医療法人社団　ワイス歯科【3:歯科】北海道札幌市南区真駒内泉町３丁目２番１６号" }, "geometry": { "type": "Point", "coordinates": [ 141.354822, 42.987779 ] } },
{ "type": "Feature", "properties": { "ID": 133010009610, "正式名称": "フジイ歯科", "機関区分": 3, "都道府県コード": 1, "市区町村コード": 106, "所在地": "北海道札幌市南区真駒内南町４丁目２番８号真駒内パークマンション１Ｆ", "緯度": 42.9815862, "経度": 141.3500454, "url": "https://www.iryou.teikyouseido.mhlw.go.jp/znk-web/juminkanja/S2430/initialize?prefCd=01&kikanCd=3010009610&kikanKbn=3", "url2": null, "内容": "フジイ歯科【3:歯科】北海道札幌市南区真駒内南町４丁目２番８号真駒内パークマンション１Ｆ" }, "geometry": { "type": "Point", "coordinates": [ 141.3500454, 42.9815862 ] } },
{ "type": "Feature", "properties": { "ID": 133010009620, "正式名称": "医療法人仁友会　日之出歯科真駒内診療所", "機関区分": 3, "都道府県コード": 1, "市区町村コード": 106, "所在地": "北海道札幌市南区真駒内南町４丁目６番９号", "緯度": 42.979252, "経度": 141.350434, "url": "https://www.iryou.teikyouseido.mhlw.go.jp/znk-web/juminkanja/S2430/initialize?prefCd=01&kikanCd=3010009620&kikanKbn=3", "url2": "h-dent.jp/h-makomanai/", "内容": "医療法人仁友会　日之出歯科真駒内診療所【3:歯科】北海道札幌市南区真駒内南町４丁目６番９号" }, "geometry": { "type": "Point", "coordinates": [ 141.350434, 42.979252 ] } },
{ "type": "Feature", "properties": { "ID": 133010009640, "正式名称": "真駒内歯科医院", "機関区分": 3, "都道府県コード": 1, "市区町村コード": 106, "所在地": "北海道札幌市南区真駒内本町７丁目２番１号", "緯度": 43.001993, "経度": 141.348162, "url": "https://www.iryou.teikyouseido.mhlw.go.jp/znk-web/juminkanja/S2430/initialize?prefCd=01&kikanCd=3010009640&kikanKbn=3", "url2": null, "内容": "真駒内歯科医院【3:歯科】北海道札幌市南区真駒内本町７丁目２番１号" }, "geometry": { "type": "Point", "coordinates": [ 141.348162, 43.001993 ] } },
{ "type": "Feature", "properties": { "ID": 133010009650, "正式名称": "医療法人社団創和会　塚本歯科医院", "機関区分": 3, "都道府県コード": 1, "市区町村コード": 106, "所在地": "北海道札幌市南区真駒内緑町１丁目５番２１号", "緯度": 42.992813, "経度": 141.35321, "url": "https://www.iryou.teikyouseido.mhlw.go.jp/znk-web/juminkanja/S2430/initialize?prefCd=01&kikanCd=3010009650&kikanKbn=3", "url2": null, "内容": "医療法人社団創和会　塚本歯科医院【3:歯科】北海道札幌市南区真駒内緑町１丁目５番２１号" }, "geometry": { "type": "Point", "coordinates": [ 141.35321, 42.992813 ] } },
{ "type": "Feature", "properties": { "ID": 133010009690, "正式名称": "リフレ矯正歯科クリニック", "機関区分": 3, "都道府県コード": 1, "市区町村コード": 106, "所在地": "北海道札幌市南区澄川３条２丁目４番５号　サンセリテ澄川３Ｆ", "緯度": 43.0166884, "経度": 141.3662627, "url": "https://www.iryou.teikyouseido.mhlw.go.jp/znk-web/juminkanja/S2430/initialize?prefCd=01&kikanCd=3010009690&kikanKbn=3", "url2": "http://www.rifure.com", "内容": "リフレ矯正歯科クリニック【3:歯科】北海道札幌市南区澄川３条２丁目４番５号　サンセリテ澄川３Ｆ" }, "geometry": { "type": "Point", "coordinates": [ 141.3662627, 43.0166884 ] } },
{ "type": "Feature", "properties": { "ID": 133010009720, "正式名称": "医療法人社団　いとう小児歯科クリニック", "機関区分": 3, "都道府県コード": 1, "市区町村コード": 106, "所在地": "北海道札幌市南区澄川４条１丁目１番２５号イマージュビル３Ｆ", "緯度": 43.0176131, "経度": 141.3671337, "url": "https://www.iryou.teikyouseido.mhlw.go.jp/znk-web/juminkanja/S2430/initialize?prefCd=01&kikanCd=3010009720&kikanKbn=3", "url2": "www.ito-kidsdental.jp", "内容": "医療法人社団　いとう小児歯科クリニック【3:歯科】北海道札幌市南区澄川４条１丁目１番２５号イマージュビル３Ｆ" }, "geometry": { "type": "Point", "coordinates": [ 141.367133700000011, 43.0176131 ] } },
{ "type": "Feature", "properties": { "ID": 133010009750, "正式名称": "澄川ファミリー歯科", "機関区分": 3, "都道府県コード": 1, "市区町村コード": 106, "所在地": "北海道札幌市南区澄川４条２丁目２番６号マックスバリュ澄川店２階", "緯度": 43.016549, "経度": 141.366865, "url": "https://www.iryou.teikyouseido.mhlw.go.jp/znk-web/juminkanja/S2430/initialize?prefCd=01&kikanCd=3010009750&kikanKbn=3", "url2": "http://www.sumikawa-family.com/", "内容": "澄川ファミリー歯科【3:歯科】北海道札幌市南区澄川４条２丁目２番６号マックスバリュ澄川店２階" }, "geometry": { "type": "Point", "coordinates": [ 141.366865, 43.016549 ] } },
{ "type": "Feature", "properties": { "ID": 133010009760, "正式名称": "桑野歯科医院", "機関区分": 3, "都道府県コード": 1, "市区町村コード": 106, "所在地": "北海道札幌市南区澄川４条２丁目３番２９号若井ビル２階", "緯度": 43.015604, "経度": 141.367416, "url": "https://www.iryou.teikyouseido.mhlw.go.jp/znk-web/juminkanja/S2430/initialize?prefCd=01&kikanCd=3010009760&kikanKbn=3", "url2": null, "内容": "桑野歯科医院【3:歯科】北海道札幌市南区澄川４条２丁目３番２９号若井ビル２階" }, "geometry": { "type": "Point", "coordinates": [ 141.367416, 43.015604 ] } },
{ "type": "Feature", "properties": { "ID": 133010009790, "正式名称": "桜山デンタルクリニック", "機関区分": 3, "都道府県コード": 1, "市区町村コード": 106, "所在地": "北海道札幌市南区澄川４条７丁目３－２７　パテイオ細貝２階", "緯度": 43.0063074, "経度": 141.3652652, "url": "https://www.iryou.teikyouseido.mhlw.go.jp/znk-web/juminkanja/S2430/initialize?prefCd=01&kikanCd=3010009790&kikanKbn=3", "url2": null, "内容": "桜山デンタルクリニック【3:歯科】北海道札幌市南区澄川４条７丁目３－２７　パテイオ細貝２階" }, "geometry": { "type": "Point", "coordinates": [ 141.36526520000001, 43.0063074 ] } },
{ "type": "Feature", "properties": { "ID": 133010009800, "正式名称": "竹原歯科医院", "機関区分": 3, "都道府県コード": 1, "市区町村コード": 106, "所在地": "北海道札幌市南区澄川４条７丁目４番５号", "緯度": 43.005786, "経度": 141.366405, "url": "https://www.iryou.teikyouseido.mhlw.go.jp/znk-web/juminkanja/S2430/initialize?prefCd=01&kikanCd=3010009800&kikanKbn=3", "url2": null, "内容": "竹原歯科医院【3:歯科】北海道札幌市南区澄川４条７丁目４番５号" }, "geometry": { "type": "Point", "coordinates": [ 141.366405, 43.005786 ] } },
{ "type": "Feature", "properties": { "ID": 133010009810, "正式名称": "よこやま歯科", "機関区分": 3, "都道府県コード": 1, "市区町村コード": 106, "所在地": "北海道札幌市南区澄川５条３丁目９番１０号　ライオンズマンション澄川１階", "緯度": 43.013693, "経度": 141.371097, "url": "https://www.iryou.teikyouseido.mhlw.go.jp/znk-web/juminkanja/S2430/initialize?prefCd=01&kikanCd=3010009810&kikanKbn=3", "url2": "http://www.yokoyama-dc.info/", "内容": "よこやま歯科【3:歯科】北海道札幌市南区澄川５条３丁目９番１０号　ライオンズマンション澄川１階" }, "geometry": { "type": "Point", "coordinates": [ 141.371097, 43.013693 ] } },
{ "type": "Feature", "properties": { "ID": 133010009820, "正式名称": "坂東歯科医院", "機関区分": 3, "都道府県コード": 1, "市区町村コード": 106, "所在地": "北海道札幌市南区澄川５条１０丁目２番１４号", "緯度": 42.999954, "経度": 141.367305, "url": "https://www.iryou.teikyouseido.mhlw.go.jp/znk-web/juminkanja/S2430/initialize?prefCd=01&kikanCd=3010009820&kikanKbn=3", "url2": null, "内容": "坂東歯科医院【3:歯科】北海道札幌市南区澄川５条１０丁目２番１４号" }, "geometry": { "type": "Point", "coordinates": [ 141.367305, 42.999954 ] } },
{ "type": "Feature", "properties": { "ID": 133010009840, "正式名称": "医療法人社団　優歯会　なかさと歯科クリニック", "機関区分": 3, "都道府県コード": 1, "市区町村コード": 106, "所在地": "北海道札幌市南区澄川５条１１丁目８番３号", "緯度": 42.998111, "経度": 141.369404, "url": "https://www.iryou.teikyouseido.mhlw.go.jp/znk-web/juminkanja/S2430/initialize?prefCd=01&kikanCd=3010009840&kikanKbn=3", "url2": "nakasato-dc.com", "内容": "医療法人社団　優歯会　なかさと歯科クリニック【3:歯科】北海道札幌市南区澄川５条１１丁目８番３号" }, "geometry": { "type": "Point", "coordinates": [ 141.369404, 42.998111 ] } },
{ "type": "Feature", "properties": { "ID": 133010009860, "正式名称": "医療法人社団真星会　パーク歯科診療室", "機関区分": 3, "都道府県コード": 1, "市区町村コード": 106, "所在地": "北海道札幌市南区澄川６条４丁目１番１号　コープさっぽろ西岡店２階", "緯度": 43.0118067, "経度": 141.3741707, "url": "https://www.iryou.teikyouseido.mhlw.go.jp/znk-web/juminkanja/S2430/initialize?prefCd=01&kikanCd=3010009860&kikanKbn=3", "url2": "http://www.park-dc.com", "内容": "医療法人社団真星会　パーク歯科診療室【3:歯科】北海道札幌市南区澄川６条４丁目１番１号　コープさっぽろ西岡店２階" }, "geometry": { "type": "Point", "coordinates": [ 141.3741707, 43.0118067 ] } },
{ "type": "Feature", "properties": { "ID": 133010009870, "正式名称": "ムラカワデンタルクリニック", "機関区分": 3, "都道府県コード": 1, "市区町村コード": 106, "所在地": "北海道札幌市南区澄川４条２丁目８番１８号　ＡＭＡＰｏＬＡ４－２ビル１階", "緯度": 43.016663, "経度": 141.368258, "url": "https://www.iryou.teikyouseido.mhlw.go.jp/znk-web/juminkanja/S2430/initialize?prefCd=01&kikanCd=3010009870&kikanKbn=3", "url2": "http://www.tomonikatsu.com/", "内容": "ムラカワデンタルクリニック【3:歯科】北海道札幌市南区澄川４条２丁目８番１８号　ＡＭＡＰｏＬＡ４－２ビル１階" }, "geometry": { "type": "Point", "coordinates": [ 141.368258, 43.016663 ] } },
{ "type": "Feature", "properties": { "ID": 133010009890, "正式名称": "あいざわ歯科クリニック", "機関区分": 3, "都道府県コード": 1, "市区町村コード": 106, "所在地": "北海道札幌市南区石山１条６丁目１番１８号石山メディカルビル３階", "緯度": 42.9640776, "経度": 141.3240464, "url": "https://www.iryou.teikyouseido.mhlw.go.jp/znk-web/juminkanja/S2430/initialize?prefCd=01&kikanCd=3010009890&kikanKbn=3", "url2": null, "内容": "あいざわ歯科クリニック【3:歯科】北海道札幌市南区石山１条６丁目１番１８号石山メディカルビル３階" }, "geometry": { "type": "Point", "coordinates": [ 141.324046399999986, 42.9640776 ] } },
{ "type": "Feature", "properties": { "ID": 133010009910, "正式名称": "時田歯科医院", "機関区分": 3, "都道府県コード": 1, "市区町村コード": 106, "所在地": "北海道札幌市南区石山２条５丁目６番１号", "緯度": 42.963465, "経度": 141.325248, "url": "https://www.iryou.teikyouseido.mhlw.go.jp/znk-web/juminkanja/S2430/initialize?prefCd=01&kikanCd=3010009910&kikanKbn=3", "url2": null, "内容": "時田歯科医院【3:歯科】北海道札幌市南区石山２条５丁目６番１号" }, "geometry": { "type": "Point", "coordinates": [ 141.325248, 42.963465 ] } },
{ "type": "Feature", "properties": { "ID": 133010009950, "正式名称": "伊藤仁歯科", "機関区分": 3, "都道府県コード": 1, "市区町村コード": 106, "所在地": "北海道札幌市南区川沿２条３丁目３番１１号", "緯度": 42.998882, "経度": 141.332611, "url": "https://www.iryou.teikyouseido.mhlw.go.jp/znk-web/juminkanja/S2430/initialize?prefCd=01&kikanCd=3010009950&kikanKbn=3", "url2": null, "内容": "伊藤仁歯科【3:歯科】北海道札幌市南区川沿２条３丁目３番１１号" }, "geometry": { "type": "Point", "coordinates": [ 141.332611, 42.998882 ] } },
{ "type": "Feature", "properties": { "ID": 133010009970, "正式名称": "医療法人社団ＳＰＬＵＳ　すずき歯科", "機関区分": 3, "都道府県コード": 1, "市区町村コード": 106, "所在地": "北海道札幌市南区川沿５条２丁目５－２１", "緯度": 42.9935304, "経度": 141.3319139, "url": "https://www.iryou.teikyouseido.mhlw.go.jp/znk-web/juminkanja/S2430/initialize?prefCd=01&kikanCd=3010009970&kikanKbn=3", "url2": "https://www.suzuki-dental.net", "内容": "医療法人社団ＳＰＬＵＳ　すずき歯科【3:歯科】北海道札幌市南区川沿５条２丁目５－２１" }, "geometry": { "type": "Point", "coordinates": [ 141.331913899999989, 42.9935304 ] } },
{ "type": "Feature", "properties": { "ID": 133010009980, "正式名称": "まきの歯科", "機関区分": 3, "都道府県コード": 1, "市区町村コード": 106, "所在地": "北海道札幌市南区川沿６条２丁目３番２３号", "緯度": 42.990392, "経度": 141.332827, "url": "https://www.iryou.teikyouseido.mhlw.go.jp/znk-web/juminkanja/S2430/initialize?prefCd=01&kikanCd=3010009980&kikanKbn=3", "url2": null, "内容": "まきの歯科【3:歯科】北海道札幌市南区川沿６条２丁目３番２３号" }, "geometry": { "type": "Point", "coordinates": [ 141.332827, 42.990392 ] } },
{ "type": "Feature", "properties": { "ID": 133010010010, "正式名称": "三上歯科医院", "機関区分": 3, "都道府県コード": 1, "市区町村コード": 106, "所在地": "北海道札幌市南区川沿９条２丁目１番１９号", "緯度": 42.9852505, "経度": 141.3346812, "url": "https://www.iryou.teikyouseido.mhlw.go.jp/znk-web/juminkanja/S2430/initialize?prefCd=01&kikanCd=3010010010&kikanKbn=3", "url2": "mikami-dental-clinic.com", "内容": "三上歯科医院【3:歯科】北海道札幌市南区川沿９条２丁目１番１９号" }, "geometry": { "type": "Point", "coordinates": [ 141.3346812, 42.9852505 ] } },
{ "type": "Feature", "properties": { "ID": 133010010030, "正式名称": "カンナ歯科", "機関区分": 3, "都道府県コード": 1, "市区町村コード": 106, "所在地": "北海道札幌市南区川沿１１条２丁目２－５", "緯度": 42.9820891, "経度": 141.3356538, "url": "https://www.iryou.teikyouseido.mhlw.go.jp/znk-web/juminkanja/S2430/initialize?prefCd=01&kikanCd=3010010030&kikanKbn=3", "url2": null, "内容": "カンナ歯科【3:歯科】北海道札幌市南区川沿１１条２丁目２－５" }, "geometry": { "type": "Point", "coordinates": [ 141.335653799999989, 42.9820891 ] } },
{ "type": "Feature", "properties": { "ID": 133010010040, "正式名称": "こじ歯科医院", "機関区分": 3, "都道府県コード": 1, "市区町村コード": 106, "所在地": "北海道札幌市南区川沿１２条３丁目１０番１９号", "緯度": 42.980925, "経度": 141.331801, "url": "https://www.iryou.teikyouseido.mhlw.go.jp/znk-web/juminkanja/S2430/initialize?prefCd=01&kikanCd=3010010040&kikanKbn=3", "url2": null, "内容": "こじ歯科医院【3:歯科】北海道札幌市南区川沿１２条３丁目１０番１９号" }, "geometry": { "type": "Point", "coordinates": [ 141.331801, 42.980925 ] } },
{ "type": "Feature", "properties": { "ID": 133010010050, "正式名称": "オレンジ歯科", "機関区分": 3, "都道府県コード": 1, "市区町村コード": 106, "所在地": "北海道札幌市南区川沿１３条２丁目４－１６ダイヤビル２階", "緯度": 42.978974, "経度": 141.336407, "url": "https://www.iryou.teikyouseido.mhlw.go.jp/znk-web/juminkanja/S2430/initialize?prefCd=01&kikanCd=3010010050&kikanKbn=3", "url2": null, "内容": "オレンジ歯科【3:歯科】北海道札幌市南区川沿１３条２丁目４－１６ダイヤビル２階" }, "geometry": { "type": "Point", "coordinates": [ 141.336407, 42.978974 ] } },
{ "type": "Feature", "properties": { "ID": 133010010070, "正式名称": "医療法人社団慶祥会　ウィズ・ユー歯科", "機関区分": 3, "都道府県コード": 1, "市区町村コード": 106, "所在地": "北海道札幌市南区中の沢２丁目２番地ＲＥＸ２階", "緯度": 42.990696, "経度": 141.35342, "url": "https://www.iryou.teikyouseido.mhlw.go.jp/znk-web/juminkanja/S2430/initialize?prefCd=01&kikanCd=3010010070&kikanKbn=3", "url2": null, "内容": "医療法人社団慶祥会　ウィズ・ユー歯科【3:歯科】北海道札幌市南区中の沢２丁目２番地ＲＥＸ２階" }, "geometry": { "type": "Point", "coordinates": [ 141.35342, 42.990696 ] } },
{ "type": "Feature", "properties": { "ID": 133010010110, "正式名称": "和田歯科クリニック", "機関区分": 3, "都道府県コード": 1, "市区町村コード": 106, "所在地": "北海道札幌市南区藤野３条６丁目３１９番地１コープさっぽろ藤野店２階", "緯度": 42.9611138, "経度": 141.2973484, "url": "https://www.iryou.teikyouseido.mhlw.go.jp/znk-web/juminkanja/S2430/initialize?prefCd=01&kikanCd=3010010110&kikanKbn=3", "url2": null, "内容": "和田歯科クリニック【3:歯科】北海道札幌市南区藤野３条６丁目３１９番地１コープさっぽろ藤野店２階" }, "geometry": { "type": "Point", "coordinates": [ 141.2973484, 42.9611138 ] } },
{ "type": "Feature", "properties": { "ID": 133010010120, "正式名称": "医療法人社団　坂井歯科医院", "機関区分": 3, "都道府県コード": 1, "市区町村コード": 106, "所在地": "北海道札幌市南区藤野３条６丁目５番１号", "緯度": 42.961456, "経度": 141.296434, "url": "https://www.iryou.teikyouseido.mhlw.go.jp/znk-web/juminkanja/S2430/initialize?prefCd=01&kikanCd=3010010120&kikanKbn=3", "url2": null, "内容": "医療法人社団　坂井歯科医院【3:歯科】北海道札幌市南区藤野３条６丁目５番１号" }, "geometry": { "type": "Point", "coordinates": [ 141.296434, 42.961456 ] } },
{ "type": "Feature", "properties": { "ID": 133010010140, "正式名称": "いとう歯科医院", "機関区分": 3, "都道府県コード": 1, "市区町村コード": 106, "所在地": "北海道札幌市南区藤野３条１１丁目１０－７", "緯度": 42.960663, "経度": 141.279262, "url": "https://www.iryou.teikyouseido.mhlw.go.jp/znk-web/juminkanja/S2430/initialize?prefCd=01&kikanCd=3010010140&kikanKbn=3", "url2": "www.itou-ha.net/", "内容": "いとう歯科医院【3:歯科】北海道札幌市南区藤野３条１１丁目１０－７" }, "geometry": { "type": "Point", "coordinates": [ 141.279262, 42.960663 ] } },
{ "type": "Feature", "properties": { "ID": 133010010170, "正式名称": "藤ヶ丘デンタルクリニック", "機関区分": 3, "都道府県コード": 1, "市区町村コード": 106, "所在地": "北海道札幌市南区藤野５条５丁目９－１", "緯度": 42.956567, "経度": 141.296659, "url": "https://www.iryou.teikyouseido.mhlw.go.jp/znk-web/juminkanja/S2430/initialize?prefCd=01&kikanCd=3010010170&kikanKbn=3", "url2": null, "内容": "藤ヶ丘デンタルクリニック【3:歯科】北海道札幌市南区藤野５条５丁目９－１" }, "geometry": { "type": "Point", "coordinates": [ 141.296659, 42.956567 ] } },
{ "type": "Feature", "properties": { "ID": 133010010190, "正式名称": "松岡歯科診療所", "機関区分": 3, "都道府県コード": 1, "市区町村コード": 106, "所在地": "北海道札幌市南区南３３条西１１丁目２番１号", "緯度": 43.015194, "経度": 141.346535, "url": "https://www.iryou.teikyouseido.mhlw.go.jp/znk-web/juminkanja/S2430/initialize?prefCd=01&kikanCd=3010010190&kikanKbn=3", "url2": null, "内容": "松岡歯科診療所【3:歯科】北海道札幌市南区南３３条西１１丁目２番１号" }, "geometry": { "type": "Point", "coordinates": [ 141.346535, 43.015194 ] } },
{ "type": "Feature", "properties": { "ID": 133010010200, "正式名称": "南の沢歯科", "機関区分": 3, "都道府県コード": 1, "市区町村コード": 106, "所在地": "北海道札幌市南区南沢５条２丁目１番５０号", "緯度": 42.9880307, "経度": 141.3143099, "url": "https://www.iryou.teikyouseido.mhlw.go.jp/znk-web/juminkanja/S2430/initialize?prefCd=01&kikanCd=3010010200&kikanKbn=3", "url2": null, "内容": "南の沢歯科【3:歯科】北海道札幌市南区南沢５条２丁目１番５０号" }, "geometry": { "type": "Point", "coordinates": [ 141.314309900000012, 42.9880307 ] } },
{ "type": "Feature", "properties": { "ID": 133010010210, "正式名称": "北の沢夜間歯科医院", "機関区分": 3, "都道府県コード": 1, "市区町村コード": 106, "所在地": "北海道札幌市南区北ノ沢１丁目１番５号", "緯度": 43.001693, "経度": 141.331074, "url": "https://www.iryou.teikyouseido.mhlw.go.jp/znk-web/juminkanja/S2430/initialize?prefCd=01&kikanCd=3010010210&kikanKbn=3", "url2": "http/www6.ocn.ne.jp/~kitadent/", "内容": "北の沢夜間歯科医院【3:歯科】北海道札幌市南区北ノ沢１丁目１番５号" }, "geometry": { "type": "Point", "coordinates": [ 141.331074, 43.001693 ] } },
{ "type": "Feature", "properties": { "ID": 133010010220, "正式名称": "すみだ歯科医院", "機関区分": 3, "都道府県コード": 1, "市区町村コード": 106, "所在地": "北海道札幌市南区北ノ沢７丁目３番７号", "緯度": 43.000825, "経度": 141.325531, "url": "https://www.iryou.teikyouseido.mhlw.go.jp/znk-web/juminkanja/S2430/initialize?prefCd=01&kikanCd=3010010220&kikanKbn=3", "url2": "http://sumida-dc.com/", "内容": "すみだ歯科医院【3:歯科】北海道札幌市南区北ノ沢７丁目３番７号" }, "geometry": { "type": "Point", "coordinates": [ 141.325531, 43.000825 ] } },
{ "type": "Feature", "properties": { "ID": 133010010240, "正式名称": "みすまいファミリー歯科", "機関区分": 3, "都道府県コード": 1, "市区町村コード": 106, "所在地": "北海道札幌市南区簾舞３条５丁目８－２０", "緯度": 42.961063, "経度": 141.260288, "url": "https://www.iryou.teikyouseido.mhlw.go.jp/znk-web/juminkanja/S2430/initialize?prefCd=01&kikanCd=3010010240&kikanKbn=3", "url2": null, "内容": "みすまいファミリー歯科【3:歯科】北海道札幌市南区簾舞３条５丁目８－２０" }, "geometry": { "type": "Point", "coordinates": [ 141.260288, 42.961063 ] } },
{ "type": "Feature", "properties": { "ID": 133010010260, "正式名称": "あまの歯科医院", "機関区分": 3, "都道府県コード": 1, "市区町村コード": 107, "所在地": "北海道札幌市西区宮の沢１条１丁目１番３号宮の沢一条ビル２階", "緯度": 43.087689, "経度": 141.274618, "url": "https://www.iryou.teikyouseido.mhlw.go.jp/znk-web/juminkanja/S2430/initialize?prefCd=01&kikanCd=3010010260&kikanKbn=3", "url2": null, "内容": "あまの歯科医院【3:歯科】北海道札幌市西区宮の沢１条１丁目１番３号宮の沢一条ビル２階" }, "geometry": { "type": "Point", "coordinates": [ 141.274618, 43.087689 ] } },
{ "type": "Feature", "properties": { "ID": 133010010300, "正式名称": "いしづか歯科医院", "機関区分": 3, "都道府県コード": 1, "市区町村コード": 107, "所在地": "北海道札幌市西区宮の沢３条３丁目３－１", "緯度": 43.085073, "経度": 141.262207, "url": "https://www.iryou.teikyouseido.mhlw.go.jp/znk-web/juminkanja/S2430/initialize?prefCd=01&kikanCd=3010010300&kikanKbn=3", "url2": "www.zuka-den.jp", "内容": "いしづか歯科医院【3:歯科】北海道札幌市西区宮の沢３条３丁目３－１" }, "geometry": { "type": "Point", "coordinates": [ 141.262207, 43.085073 ] } },
{ "type": "Feature", "properties": { "ID": 133010010320, "正式名称": "コトニ歯科", "機関区分": 3, "都道府県コード": 1, "市区町村コード": 107, "所在地": "北海道札幌市西区琴似１条４丁目３番１８号紀伊國屋ビル３階", "緯度": 43.0763512, "経度": 141.3038428, "url": "https://www.iryou.teikyouseido.mhlw.go.jp/znk-web/juminkanja/S2430/initialize?prefCd=01&kikanCd=3010010320&kikanKbn=3", "url2": "http://kotoni-dc.com/", "内容": "コトニ歯科【3:歯科】北海道札幌市西区琴似１条４丁目３番１８号紀伊國屋ビル３階" }, "geometry": { "type": "Point", "coordinates": [ 141.303842800000012, 43.0763512 ] } },
{ "type": "Feature", "properties": { "ID": 133010010370, "正式名称": "医療法人琴似タワー歯科クリニック", "機関区分": 3, "都道府県コード": 1, "市区町村コード": 107, "所在地": "北海道札幌市西区琴似２条１丁目１－２０琴似タワープラザ２階", "緯度": 43.081233, "経度": 141.306657, "url": "https://www.iryou.teikyouseido.mhlw.go.jp/znk-web/juminkanja/S2430/initialize?prefCd=01&kikanCd=3010010370&kikanKbn=3", "url2": "http://www8.ocn.ne.jp/~shundo/page004.html", "内容": "医療法人琴似タワー歯科クリニック【3:歯科】北海道札幌市西区琴似２条１丁目１－２０琴似タワープラザ２階" }, "geometry": { "type": "Point", "coordinates": [ 141.306657, 43.081233 ] } },
{ "type": "Feature", "properties": { "ID": 133010010410, "正式名称": "医療法人社団宏駿会　クラマス歯科医院", "機関区分": 3, "都道府県コード": 1, "市区町村コード": 107, "所在地": "北海道札幌市西区琴似２条５丁目１番２２号三光カサノビル５階", "緯度": 43.076338, "経度": 141.302424, "url": "https://www.iryou.teikyouseido.mhlw.go.jp/znk-web/juminkanja/S2430/initialize?prefCd=01&kikanCd=3010010410&kikanKbn=3", "url2": "http://www.k-shika.jp/", "内容": "医療法人社団宏駿会　クラマス歯科医院【3:歯科】北海道札幌市西区琴似２条５丁目１番２２号三光カサノビル５階" }, "geometry": { "type": "Point", "coordinates": [ 141.302424, 43.076338 ] } },
{ "type": "Feature", "properties": { "ID": 133010010430, "正式名称": "医療法人社団　そら小児歯科クリニック", "機関区分": 3, "都道府県コード": 1, "市区町村コード": 107, "所在地": "北海道札幌市西区琴似３条４丁目３－１５", "緯度": 43.075685, "経度": 141.302434, "url": "https://www.iryou.teikyouseido.mhlw.go.jp/znk-web/juminkanja/S2430/initialize?prefCd=01&kikanCd=3010010430&kikanKbn=3", "url2": "http://www.sora-pediatric.com/", "内容": "医療法人社団　そら小児歯科クリニック【3:歯科】北海道札幌市西区琴似３条４丁目３－１５" }, "geometry": { "type": "Point", "coordinates": [ 141.302434, 43.075685 ] } },
{ "type": "Feature", "properties": { "ID": 133010010450, "正式名称": "にしおか歯科", "機関区分": 3, "都道府県コード": 1, "市区町村コード": 107, "所在地": "北海道札幌市西区琴似２条７丁目２番４１号琴似２７ビル２階", "緯度": 43.07373, "経度": 141.299112, "url": "https://www.iryou.teikyouseido.mhlw.go.jp/znk-web/juminkanja/S2430/initialize?prefCd=01&kikanCd=3010010450&kikanKbn=3", "url2": "http://www9.plala.or.jp/nishiden/", "内容": "にしおか歯科【3:歯科】北海道札幌市西区琴似２条７丁目２番４１号琴似２７ビル２階" }, "geometry": { "type": "Point", "coordinates": [ 141.299112, 43.07373 ] } },
{ "type": "Feature", "properties": { "ID": 133010010480, "正式名称": "医療法人社団　Ｅ－ｌｉｎｅ矯正歯科", "機関区分": 3, "都道府県コード": 1, "市区町村コード": 107, "所在地": "北海道札幌市西区琴似３条１丁目１番２０号コトニ３・１ビル", "緯度": 43.081046, "経度": 141.304878, "url": "https://www.iryou.teikyouseido.mhlw.go.jp/znk-web/juminkanja/S2430/initialize?prefCd=01&kikanCd=3010010480&kikanKbn=3", "url2": "www.esthetic-line.com", "内容": "医療法人社団　Ｅ－ｌｉｎｅ矯正歯科【3:歯科】北海道札幌市西区琴似３条１丁目１番２０号コトニ３・１ビル" }, "geometry": { "type": "Point", "coordinates": [ 141.304878, 43.081046 ] } },
{ "type": "Feature", "properties": { "ID": 133010010490, "正式名称": "シリウス山の手歯科", "機関区分": 3, "都道府県コード": 1, "市区町村コード": 107, "所在地": "北海道札幌市西区山の手７条７丁目２－７", "緯度": 43.071295, "経度": 141.286077, "url": "https://www.iryou.teikyouseido.mhlw.go.jp/znk-web/juminkanja/S2430/initialize?prefCd=01&kikanCd=3010010490&kikanKbn=3", "url2": "http://www.sirius-dc.jp/", "内容": "シリウス山の手歯科【3:歯科】北海道札幌市西区山の手７条７丁目２－７" }, "geometry": { "type": "Point", "coordinates": [ 141.286077, 43.071295 ] } },
{ "type": "Feature", "properties": { "ID": 133010010500, "正式名称": "ラ・大地歯科クリニック", "機関区分": 3, "都道府県コード": 1, "市区町村コード": 107, "所在地": "北海道札幌市西区琴似４条１丁目１番１号コルテナ１　２階", "緯度": 43.082057, "経度": 141.30385, "url": "https://www.iryou.teikyouseido.mhlw.go.jp/znk-web/juminkanja/S2430/initialize?prefCd=01&kikanCd=3010010500&kikanKbn=3", "url2": null, "内容": "ラ・大地歯科クリニック【3:歯科】北海道札幌市西区琴似４条１丁目１番１号コルテナ１　２階" }, "geometry": { "type": "Point", "coordinates": [ 141.30385, 43.082057 ] } },
{ "type": "Feature", "properties": { "ID": 133010010540, "正式名称": "山の手歯科診療所", "機関区分": 3, "都道府県コード": 1, "市区町村コード": 107, "所在地": "北海道札幌市西区山の手２条３丁目２－５", "緯度": 43.068714, "経度": 141.301089, "url": "https://www.iryou.teikyouseido.mhlw.go.jp/znk-web/juminkanja/S2430/initialize?prefCd=01&kikanCd=3010010540&kikanKbn=3", "url2": "http://yamanote-d-c.com/", "内容": "山の手歯科診療所【3:歯科】北海道札幌市西区山の手２条３丁目２－５" }, "geometry": { "type": "Point", "coordinates": [ 141.301089, 43.068714 ] } },
{ "type": "Feature", "properties": { "ID": 133010010560, "正式名称": "いちやま歯科", "機関区分": 3, "都道府県コード": 1, "市区町村コード": 107, "所在地": "北海道札幌市西区山の手３条４丁目１番１２号", "緯度": 43.06934, "経度": 141.297234, "url": "https://www.iryou.teikyouseido.mhlw.go.jp/znk-web/juminkanja/S2430/initialize?prefCd=01&kikanCd=3010010560&kikanKbn=3", "url2": "http://ichiyama-dent.com", "内容": "いちやま歯科【3:歯科】北海道札幌市西区山の手３条４丁目１番１２号" }, "geometry": { "type": "Point", "coordinates": [ 141.297234, 43.06934 ] } },
{ "type": "Feature", "properties": { "ID": 133010010580, "正式名称": "医療法人社団富野会　山の手パール歯科クリニック", "機関区分": 3, "都道府県コード": 1, "市区町村コード": 107, "所在地": "北海道札幌市西区山の手３条７丁目３番１号", "緯度": 43.067708, "経度": 141.293707, "url": "https://www.iryou.teikyouseido.mhlw.go.jp/znk-web/juminkanja/S2430/initialize?prefCd=01&kikanCd=3010010580&kikanKbn=3", "url2": "http://www.y-pearl-d.net/", "内容": "医療法人社団富野会　山の手パール歯科クリニック【3:歯科】北海道札幌市西区山の手３条７丁目３番１号" }, "geometry": { "type": "Point", "coordinates": [ 141.293707, 43.067708 ] } },
{ "type": "Feature", "properties": { "ID": 133010010600, "正式名称": "長谷川歯科医院", "機関区分": 3, "都道府県コード": 1, "市区町村コード": 107, "所在地": "北海道札幌市西区山の手５条４丁目２番４１号", "緯度": 43.071551, "経度": 141.293456, "url": "https://www.iryou.teikyouseido.mhlw.go.jp/znk-web/juminkanja/S2430/initialize?prefCd=01&kikanCd=3010010600&kikanKbn=3", "url2": null, "内容": "長谷川歯科医院【3:歯科】北海道札幌市西区山の手５条４丁目２番４１号" }, "geometry": { "type": "Point", "coordinates": [ 141.293456, 43.071551 ] } },
{ "type": "Feature", "properties": { "ID": 133010010610, "正式名称": "山の手６条歯科医院", "機関区分": 3, "都道府県コード": 1, "市区町村コード": 107, "所在地": "北海道札幌市西区山の手６条４丁目３番３号", "緯度": 43.0722438, "経度": 141.2916017, "url": "https://www.iryou.teikyouseido.mhlw.go.jp/znk-web/juminkanja/S2430/initialize?prefCd=01&kikanCd=3010010610&kikanKbn=3", "url2": null, "内容": "山の手６条歯科医院【3:歯科】北海道札幌市西区山の手６条４丁目３番３号" }, "geometry": { "type": "Point", "coordinates": [ 141.2916017, 43.0722438 ] } },
{ "type": "Feature", "properties": { "ID": 133010010620, "正式名称": "医療法人社団　うめや歯科クリニック", "機関区分": 3, "都道府県コード": 1, "市区町村コード": 107, "所在地": "北海道札幌市西区西町南５丁目１番２０号うめやスポーツビル３階", "緯度": 43.079277, "経度": 141.28857, "url": "https://www.iryou.teikyouseido.mhlw.go.jp/znk-web/juminkanja/S2430/initialize?prefCd=01&kikanCd=3010010620&kikanKbn=3", "url2": "http://www.plaquecontrol.online", "内容": "医療法人社団　うめや歯科クリニック【3:歯科】北海道札幌市西区西町南５丁目１番２０号うめやスポーツビル３階" }, "geometry": { "type": "Point", "coordinates": [ 141.28857, 43.079277 ] } },
{ "type": "Feature", "properties": { "ID": 133010010630, "正式名称": "房川歯科医院", "機関区分": 3, "都道府県コード": 1, "市区町村コード": 107, "所在地": "北海道札幌市西区西町南１５丁目４番６号高伸ハイツ１階", "緯度": 43.0820238, "経度": 141.2788566, "url": "https://www.iryou.teikyouseido.mhlw.go.jp/znk-web/juminkanja/S2430/initialize?prefCd=01&kikanCd=3010010630&kikanKbn=3", "url2": null, "内容": "房川歯科医院【3:歯科】北海道札幌市西区西町南１５丁目４番６号高伸ハイツ１階" }, "geometry": { "type": "Point", "coordinates": [ 141.278856600000012, 43.082023799999988 ] } },
{ "type": "Feature", "properties": { "ID": 133010010640, "正式名称": "みかみ歯科医院", "機関区分": 3, "都道府県コード": 1, "市区町村コード": 107, "所在地": "北海道札幌市西区西町南２１丁目２－２４", "緯度": 43.0858997, "経度": 141.2744092, "url": "https://www.iryou.teikyouseido.mhlw.go.jp/znk-web/juminkanja/S2430/initialize?prefCd=01&kikanCd=3010010640&kikanKbn=3", "url2": "http://www.mikami-dental-clinic.jp", "内容": "みかみ歯科医院【3:歯科】北海道札幌市西区西町南２１丁目２－２４" }, "geometry": { "type": "Point", "coordinates": [ 141.2744092, 43.0858997 ] } },
{ "type": "Feature", "properties": { "ID": 133010010650, "正式名称": "西町歯科医院", "機関区分": 3, "都道府県コード": 1, "市区町村コード": 107, "所在地": "北海道札幌市西区西町北７丁目２番１３号", "緯度": 43.078468, "経度": 141.290006, "url": "https://www.iryou.teikyouseido.mhlw.go.jp/znk-web/juminkanja/S2430/initialize?prefCd=01&kikanCd=3010010650&kikanKbn=3", "url2": "nishimachi-dc.com", "内容": "西町歯科医院【3:歯科】北海道札幌市西区西町北７丁目２番１３号" }, "geometry": { "type": "Point", "coordinates": [ 141.290006, 43.078468 ] } },
{ "type": "Feature", "properties": { "ID": 133010010670, "正式名称": "わたなべ歯科クリニック", "機関区分": 3, "都道府県コード": 1, "市区町村コード": 107, "所在地": "北海道札幌市西区西町北１５丁目１番３９号", "緯度": 43.083732, "経度": 141.282626, "url": "https://www.iryou.teikyouseido.mhlw.go.jp/znk-web/juminkanja/S2430/initialize?prefCd=01&kikanCd=3010010670&kikanKbn=3", "url2": null, "内容": "わたなべ歯科クリニック【3:歯科】北海道札幌市西区西町北１５丁目１番３９号" }, "geometry": { "type": "Point", "coordinates": [ 141.282626, 43.083732 ] } },
{ "type": "Feature", "properties": { "ID": 133010010680, "正式名称": "針谷歯科医院", "機関区分": 3, "都道府県コード": 1, "市区町村コード": 107, "所在地": "北海道札幌市西区西野１条２丁目６番１１号", "緯度": 43.076778, "経度": 141.285417, "url": "https://www.iryou.teikyouseido.mhlw.go.jp/znk-web/juminkanja/S2430/initialize?prefCd=01&kikanCd=3010010680&kikanKbn=3", "url2": "hariyashika.jp", "内容": "針谷歯科医院【3:歯科】北海道札幌市西区西野１条２丁目６番１１号" }, "geometry": { "type": "Point", "coordinates": [ 141.285417, 43.076778 ] } },
{ "type": "Feature", "properties": { "ID": 133010010700, "正式名称": "医療法人社団スマイルオフィスデンタルクリニック", "機関区分": 3, "都道府県コード": 1, "市区町村コード": 107, "所在地": "北海道札幌市西区西野２条６丁目２−１０フェリス西野１Ｆ", "緯度": 43.078295, "経度": 141.277408, "url": "https://www.iryou.teikyouseido.mhlw.go.jp/znk-web/juminkanja/S2430/initialize?prefCd=01&kikanCd=3010010700&kikanKbn=3", "url2": "https://smile-office-dental.com/", "内容": "医療法人社団スマイルオフィスデンタルクリニック【3:歯科】北海道札幌市西区西野２条６丁目２−１０フェリス西野１Ｆ" }, "geometry": { "type": "Point", "coordinates": [ 141.277408, 43.078295 ] } },
{ "type": "Feature", "properties": { "ID": 133010010730, "正式名称": "アース歯科", "機関区分": 3, "都道府県コード": 1, "市区町村コード": 107, "所在地": "北海道札幌市西区西野２条５丁目４番５号リーブル山の手　２階", "緯度": 43.0774659, "経度": 141.2792972, "url": "https://www.iryou.teikyouseido.mhlw.go.jp/znk-web/juminkanja/S2430/initialize?prefCd=01&kikanCd=3010010730&kikanKbn=3", "url2": null, "内容": "アース歯科【3:歯科】北海道札幌市西区西野２条５丁目４番５号リーブル山の手　２階" }, "geometry": { "type": "Point", "coordinates": [ 141.2792972, 43.0774659 ] } },
{ "type": "Feature", "properties": { "ID": 133010010750, "正式名称": "石丸歯科医院", "機関区分": 3, "都道府県コード": 1, "市区町村コード": 107, "所在地": "北海道札幌市西区西野３条４丁目２番１号野田ビル", "緯度": 43.076052, "経度": 141.280375, "url": "https://www.iryou.teikyouseido.mhlw.go.jp/znk-web/juminkanja/S2430/initialize?prefCd=01&kikanCd=3010010750&kikanKbn=3", "url2": null, "内容": "石丸歯科医院【3:歯科】北海道札幌市西区西野３条４丁目２番１号野田ビル" }, "geometry": { "type": "Point", "coordinates": [ 141.280375, 43.076052 ] } },
{ "type": "Feature", "properties": { "ID": 133010010780, "正式名称": "こうの歯科医院", "機関区分": 3, "都道府県コード": 1, "市区町村コード": 107, "所在地": "北海道札幌市西区西野４条３丁目１番１７号", "緯度": 43.071958, "経度": 141.279315, "url": "https://www.iryou.teikyouseido.mhlw.go.jp/znk-web/juminkanja/S2430/initialize?prefCd=01&kikanCd=3010010780&kikanKbn=3", "url2": null, "内容": "こうの歯科医院【3:歯科】北海道札幌市西区西野４条３丁目１番１７号" }, "geometry": { "type": "Point", "coordinates": [ 141.279315, 43.071958 ] } },
{ "type": "Feature", "properties": { "ID": 133010010800, "正式名称": "村川歯科医院", "機関区分": 3, "都道府県コード": 1, "市区町村コード": 107, "所在地": "北海道札幌市西区西野４条７丁目９－１", "緯度": 43.075629, "経度": 141.271658, "url": "https://www.iryou.teikyouseido.mhlw.go.jp/znk-web/juminkanja/S2430/initialize?prefCd=01&kikanCd=3010010800&kikanKbn=3", "url2": "http://www.murakawa.net", "内容": "村川歯科医院【3:歯科】北海道札幌市西区西野４条７丁目９－１" }, "geometry": { "type": "Point", "coordinates": [ 141.271658, 43.075629 ] } },
{ "type": "Feature", "properties": { "ID": 133010010810, "正式名称": "北都歯科医院", "機関区分": 3, "都道府県コード": 1, "市区町村コード": 107, "所在地": "北海道札幌市西区西野４条８丁目１２番１０号", "緯度": 43.078766, "経度": 141.269012, "url": "https://www.iryou.teikyouseido.mhlw.go.jp/znk-web/juminkanja/S2430/initialize?prefCd=01&kikanCd=3010010810&kikanKbn=3", "url2": null, "内容": "北都歯科医院【3:歯科】北海道札幌市西区西野４条８丁目１２番１０号" }, "geometry": { "type": "Point", "coordinates": [ 141.269012, 43.078766 ] } },
{ "type": "Feature", "properties": { "ID": 133010010820, "正式名称": "斉藤歯科医院", "機関区分": 3, "都道府県コード": 1, "市区町村コード": 107, "所在地": "北海道札幌市西区西野５条２丁目９番１２号", "緯度": 43.069157, "経度": 141.276853, "url": "https://www.iryou.teikyouseido.mhlw.go.jp/znk-web/juminkanja/S2430/initialize?prefCd=01&kikanCd=3010010820&kikanKbn=3", "url2": null, "内容": "斉藤歯科医院【3:歯科】北海道札幌市西区西野５条２丁目９番１２号" }, "geometry": { "type": "Point", "coordinates": [ 141.276853, 43.069157 ] } },
{ "type": "Feature", "properties": { "ID": 133010010830, "正式名称": "庄内こどもの歯科", "機関区分": 3, "都道府県コード": 1, "市区町村コード": 107, "所在地": "北海道札幌市西区西町北２０－２－１２　ＳＲ宮の沢メディカル２ビル", "緯度": 43.087755, "経度": 141.27572, "url": "https://www.iryou.teikyouseido.mhlw.go.jp/znk-web/juminkanja/S2430/initialize?prefCd=01&kikanCd=3010010830&kikanKbn=3", "url2": "http://www.iihanet.com", "内容": "庄内こどもの歯科【3:歯科】北海道札幌市西区西町北２０－２－１２　ＳＲ宮の沢メディカル２ビル" }, "geometry": { "type": "Point", "coordinates": [ 141.27572, 43.087755 ] } },
{ "type": "Feature", "properties": { "ID": 133010010840, "正式名称": "石田歯科医院", "機関区分": 3, "都道府県コード": 1, "市区町村コード": 107, "所在地": "北海道札幌市西区西野５条６丁目１２番１１号", "緯度": 43.0724549, "経度": 141.2690879, "url": "https://www.iryou.teikyouseido.mhlw.go.jp/znk-web/juminkanja/S2430/initialize?prefCd=01&kikanCd=3010010840&kikanKbn=3", "url2": "http://ishida-shikaiin.jp/", "内容": "石田歯科医院【3:歯科】北海道札幌市西区西野５条６丁目１２番１１号" }, "geometry": { "type": "Point", "coordinates": [ 141.269087899999988, 43.0724549 ] } },
{ "type": "Feature", "properties": { "ID": 133010010860, "正式名称": "さくら歯科クリニック", "機関区分": 3, "都道府県コード": 1, "市区町村コード": 107, "所在地": "北海道札幌市西区西野７条４丁目２番７号", "緯度": 43.065815, "経度": 141.270338, "url": "https://www.iryou.teikyouseido.mhlw.go.jp/znk-web/juminkanja/S2430/initialize?prefCd=01&kikanCd=3010010860&kikanKbn=3", "url2": null, "内容": "さくら歯科クリニック【3:歯科】北海道札幌市西区西野７条４丁目２番７号" }, "geometry": { "type": "Point", "coordinates": [ 141.270338, 43.065815 ] } },
{ "type": "Feature", "properties": { "ID": 133010010910, "正式名称": "かつき歯科医院", "機関区分": 3, "都道府県コード": 1, "市区町村コード": 107, "所在地": "北海道札幌市西区二十四軒１条４丁目２番２３号第８加森ビル２階", "緯度": 43.0701872, "経度": 141.3149754, "url": "https://www.iryou.teikyouseido.mhlw.go.jp/znk-web/juminkanja/S2430/initialize?prefCd=01&kikanCd=3010010910&kikanKbn=3", "url2": "http://clini.web.fc2.com/katsuki_dc/", "内容": "かつき歯科医院【3:歯科】北海道札幌市西区二十四軒１条４丁目２番２３号第８加森ビル２階" }, "geometry": { "type": "Point", "coordinates": [ 141.3149754, 43.0701872 ] } },
{ "type": "Feature", "properties": { "ID": 133010010920, "正式名称": "２４軒歯科クリニック", "機関区分": 3, "都道府県コード": 1, "市区町村コード": 107, "所在地": "北海道札幌市西区二十四軒１条４丁目３番１号", "緯度": 43.070996, "経度": 141.315513, "url": "https://www.iryou.teikyouseido.mhlw.go.jp/znk-web/juminkanja/S2430/initialize?prefCd=01&kikanCd=3010010920&kikanKbn=3", "url2": "http://www.24ken-d.com/", "内容": "２４軒歯科クリニック【3:歯科】北海道札幌市西区二十四軒１条４丁目３番１号" }, "geometry": { "type": "Point", "coordinates": [ 141.315513, 43.070996 ] } },
{ "type": "Feature", "properties": { "ID": 133010010940, "正式名称": "小林歯科医院", "機関区分": 3, "都道府県コード": 1, "市区町村コード": 107, "所在地": "北海道札幌市西区二十四軒２条４丁目２番１１号日商岩井琴似ＭＳ１０８号", "緯度": 43.0710303, "経度": 141.3129343, "url": "https://www.iryou.teikyouseido.mhlw.go.jp/znk-web/juminkanja/S2430/initialize?prefCd=01&kikanCd=3010010940&kikanKbn=3", "url2": null, "内容": "小林歯科医院【3:歯科】北海道札幌市西区二十四軒２条４丁目２番１１号日商岩井琴似ＭＳ１０８号" }, "geometry": { "type": "Point", "coordinates": [ 141.3129343, 43.0710303 ] } },
{ "type": "Feature", "properties": { "ID": 133010010950, "正式名称": "医療法人社団　尾畑歯科医院", "機関区分": 3, "都道府県コード": 1, "市区町村コード": 107, "所在地": "北海道札幌市西区二十四軒２条６丁目３番８号", "緯度": 43.069585, "経度": 141.310855, "url": "https://www.iryou.teikyouseido.mhlw.go.jp/znk-web/juminkanja/S2430/initialize?prefCd=01&kikanCd=3010010950&kikanKbn=3", "url2": null, "内容": "医療法人社団　尾畑歯科医院【3:歯科】北海道札幌市西区二十四軒２条６丁目３番８号" }, "geometry": { "type": "Point", "coordinates": [ 141.310855, 43.069585 ] } },
{ "type": "Feature", "properties": { "ID": 133010010960, "正式名称": "まつだ歯科", "機関区分": 3, "都道府県コード": 1, "市区町村コード": 107, "所在地": "北海道札幌市西区二十四軒２条６丁目３番２８号サンフラワー２４　２階", "緯度": 43.0695718, "経度": 141.3104242, "url": "https://www.iryou.teikyouseido.mhlw.go.jp/znk-web/juminkanja/S2430/initialize?prefCd=01&kikanCd=3010010960&kikanKbn=3", "url2": "http://www.matsuda-shika.net/", "内容": "まつだ歯科【3:歯科】北海道札幌市西区二十四軒２条６丁目３番２８号サンフラワー２４　２階" }, "geometry": { "type": "Point", "coordinates": [ 141.3104242, 43.0695718 ] } },
{ "type": "Feature", "properties": { "ID": 133010010980, "正式名称": "カルチェド歯科", "機関区分": 3, "都道府県コード": 1, "市区町村コード": 107, "所在地": "北海道札幌市西区二十四軒４条３丁目４番３５号カルチェド札幌１階", "緯度": 43.076685, "経度": 141.307961, "url": "https://www.iryou.teikyouseido.mhlw.go.jp/znk-web/juminkanja/S2430/initialize?prefCd=01&kikanCd=3010010980&kikanKbn=3", "url2": null, "内容": "カルチェド歯科【3:歯科】北海道札幌市西区二十四軒４条３丁目４番３５号カルチェド札幌１階" }, "geometry": { "type": "Point", "coordinates": [ 141.307961, 43.076685 ] } },
{ "type": "Feature", "properties": { "ID": 133010011010, "正式名称": "医療法人社団北翔会　石田歯科クリニック", "機関区分": 3, "都道府県コード": 1, "市区町村コード": 107, "所在地": "北海道札幌市西区八軒２条東５丁目６番１３号", "緯度": 43.079572, "経度": 141.319078, "url": "https://www.iryou.teikyouseido.mhlw.go.jp/znk-web/juminkanja/S2430/initialize?prefCd=01&kikanCd=3010011010&kikanKbn=3", "url2": "www.ishidasika.com", "内容": "医療法人社団北翔会　石田歯科クリニック【3:歯科】北海道札幌市西区八軒２条東５丁目６番１３号" }, "geometry": { "type": "Point", "coordinates": [ 141.319078, 43.079572 ] } },
{ "type": "Feature", "properties": { "ID": 133010011020, "正式名称": "医療法人社団　西田歯科クリニック", "機関区分": 3, "都道府県コード": 1, "市区町村コード": 107, "所在地": "北海道札幌市西区八軒３条西３丁目４番５号", "緯度": 43.086738, "経度": 141.309048, "url": "https://www.iryou.teikyouseido.mhlw.go.jp/znk-web/juminkanja/S2430/initialize?prefCd=01&kikanCd=3010011020&kikanKbn=3", "url2": null, "内容": "医療法人社団　西田歯科クリニック【3:歯科】北海道札幌市西区八軒３条西３丁目４番５号" }, "geometry": { "type": "Point", "coordinates": [ 141.309048, 43.086738 ] } },
{ "type": "Feature", "properties": { "ID": 133010011050, "正式名称": "せきかわ歯科クリニック", "機関区分": 3, "都道府県コード": 1, "市区町村コード": 107, "所在地": "北海道札幌市西区八軒５条西２丁目５番１６号八軒５．２ビル２階", "緯度": 43.088058, "経度": 141.312896, "url": "https://www.iryou.teikyouseido.mhlw.go.jp/znk-web/juminkanja/S2430/initialize?prefCd=01&kikanCd=3010011050&kikanKbn=3", "url2": null, "内容": "せきかわ歯科クリニック【3:歯科】北海道札幌市西区八軒５条西２丁目５番１６号八軒５．２ビル２階" }, "geometry": { "type": "Point", "coordinates": [ 141.312896, 43.088058 ] } },
{ "type": "Feature", "properties": { "ID": 133010011080, "正式名称": "医療法人社団福歯会　中田歯科八軒クリニック", "機関区分": 3, "都道府県コード": 1, "市区町村コード": 107, "所在地": "北海道札幌市西区八軒６条西１丁目１番２０号中田ビル２階", "緯度": 43.087319, "経度": 141.315148, "url": "https://www.iryou.teikyouseido.mhlw.go.jp/znk-web/juminkanja/S2430/initialize?prefCd=01&kikanCd=3010011080&kikanKbn=3", "url2": null, "内容": "医療法人社団福歯会　中田歯科八軒クリニック【3:歯科】北海道札幌市西区八軒６条西１丁目１番２０号中田ビル２階" }, "geometry": { "type": "Point", "coordinates": [ 141.315148, 43.087319 ] } },
{ "type": "Feature", "properties": { "ID": 133010011090, "正式名称": "あべ歯科クリニック", "機関区分": 3, "都道府県コード": 1, "市区町村コード": 107, "所在地": "北海道札幌市西区八軒６条西７丁目１番３３号", "緯度": 43.0930419, "経度": 141.3066552, "url": "https://www.iryou.teikyouseido.mhlw.go.jp/znk-web/juminkanja/S2430/initialize?prefCd=01&kikanCd=3010011090&kikanKbn=3", "url2": "http://abe-dc.info/", "内容": "あべ歯科クリニック【3:歯科】北海道札幌市西区八軒６条西７丁目１番３３号" }, "geometry": { "type": "Point", "coordinates": [ 141.3066552, 43.0930419 ] } },
{ "type": "Feature", "properties": { "ID": 133010011100, "正式名称": "つちだ歯科クリニック", "機関区分": 3, "都道府県コード": 1, "市区町村コード": 107, "所在地": "北海道札幌市西区八軒７条西３丁目１番１号", "緯度": 43.090178, "経度": 141.31238, "url": "https://www.iryou.teikyouseido.mhlw.go.jp/znk-web/juminkanja/S2430/initialize?prefCd=01&kikanCd=3010011100&kikanKbn=3", "url2": "https:/www.hachiken-tsuchida-dc.com", "内容": "つちだ歯科クリニック【3:歯科】北海道札幌市西区八軒７条西３丁目１番１号" }, "geometry": { "type": "Point", "coordinates": [ 141.31238, 43.090178 ] } },
{ "type": "Feature", "properties": { "ID": 133010011120, "正式名称": "尾崎歯科医院", "機関区分": 3, "都道府県コード": 1, "市区町村コード": 107, "所在地": "北海道札幌市西区八軒９条西９丁目１番１号", "緯度": 43.096738, "経度": 141.306349, "url": "https://www.iryou.teikyouseido.mhlw.go.jp/znk-web/juminkanja/S2430/initialize?prefCd=01&kikanCd=3010011120&kikanKbn=3", "url2": "https://ozaki-dent.com", "内容": "尾崎歯科医院【3:歯科】北海道札幌市西区八軒９条西９丁目１番１号" }, "geometry": { "type": "Point", "coordinates": [ 141.306349, 43.096738 ] } },
{ "type": "Feature", "properties": { "ID": 133010011130, "正式名称": "あしだ歯科医院", "機関区分": 3, "都道府県コード": 1, "市区町村コード": 107, "所在地": "北海道札幌市西区八軒１０条西４丁目４番１０号", "緯度": 43.074486, "経度": 141.3014, "url": "https://www.iryou.teikyouseido.mhlw.go.jp/znk-web/juminkanja/S2430/initialize?prefCd=01&kikanCd=3010011130&kikanKbn=3", "url2": null, "内容": "あしだ歯科医院【3:歯科】北海道札幌市西区八軒１０条西４丁目４番１０号" }, "geometry": { "type": "Point", "coordinates": [ 141.3014, 43.074486 ] } },
{ "type": "Feature", "properties": { "ID": 133010011170, "正式名称": "かじや歯科クリニック", "機関区分": 3, "都道府県コード": 1, "市区町村コード": 107, "所在地": "北海道札幌市西区発寒３条６丁目１－６ターミナルプラザ３６　２階", "緯度": 43.082129, "経度": 141.289879, "url": "https://www.iryou.teikyouseido.mhlw.go.jp/znk-web/juminkanja/S2430/initialize?prefCd=01&kikanCd=3010011170&kikanKbn=3", "url2": "https://www.dental-iiha.com/d0003207.html", "内容": "かじや歯科クリニック【3:歯科】北海道札幌市西区発寒３条６丁目１－６ターミナルプラザ３６　２階" }, "geometry": { "type": "Point", "coordinates": [ 141.289879, 43.082129 ] } },
{ "type": "Feature", "properties": { "ID": 133010011180, "正式名称": "発寒３・６歯科クリニック", "機関区分": 3, "都道府県コード": 1, "市区町村コード": 107, "所在地": "北海道札幌市西区発寒３条６丁目１０番２５号発寒３・６ビル２階", "緯度": 43.083776, "経度": 141.286865, "url": "https://www.iryou.teikyouseido.mhlw.go.jp/znk-web/juminkanja/S2430/initialize?prefCd=01&kikanCd=3010011180&kikanKbn=3", "url2": null, "内容": "発寒３・６歯科クリニック【3:歯科】北海道札幌市西区発寒３条６丁目１０番２５号発寒３・６ビル２階" }, "geometry": { "type": "Point", "coordinates": [ 141.286865, 43.083776 ] } },
{ "type": "Feature", "properties": { "ID": 133010011190, "正式名称": "デンタルクス札幌桜愛歯科", "機関区分": 3, "都道府県コード": 1, "市区町村コード": 107, "所在地": "北海道札幌市西区発寒４条１丁目５番１号", "緯度": 43.085182, "経度": 141.299924, "url": "https://www.iryou.teikyouseido.mhlw.go.jp/znk-web/juminkanja/S2430/initialize?prefCd=01&kikanCd=3010011190&kikanKbn=3", "url2": null, "内容": "デンタルクス札幌桜愛歯科【3:歯科】北海道札幌市西区発寒４条１丁目５番１号" }, "geometry": { "type": "Point", "coordinates": [ 141.299924, 43.085182 ] } },
{ "type": "Feature", "properties": { "ID": 133010011230, "正式名称": "医療法人社団メモリアル会　ポテト歯科医院", "機関区分": 3, "都道府県コード": 1, "市区町村コード": 107, "所在地": "北海道札幌市西区発寒５条８丁目１番２７号", "緯度": 43.0854803, "経度": 141.2843442, "url": "https://www.iryou.teikyouseido.mhlw.go.jp/znk-web/juminkanja/S2430/initialize?prefCd=01&kikanCd=3010011230&kikanKbn=3", "url2": "http://www.potato-dc.jp", "内容": "医療法人社団メモリアル会　ポテト歯科医院【3:歯科】北海道札幌市西区発寒５条８丁目１番２７号" }, "geometry": { "type": "Point", "coordinates": [ 141.2843442, 43.0854803 ] } },
{ "type": "Feature", "properties": { "ID": 133010011240, "正式名称": "勤医協にしく歯科診療所", "機関区分": 3, "都道府県コード": 1, "市区町村コード": 107, "所在地": "北海道札幌市西区西町北２０丁目５番１５号", "緯度": 43.088989, "経度": 141.277741, "url": "https://www.iryou.teikyouseido.mhlw.go.jp/znk-web/juminkanja/S2430/initialize?prefCd=01&kikanCd=3010011240&kikanKbn=3", "url2": "http://www.kin-ikyo-shika.jp/", "内容": "勤医協にしく歯科診療所【3:歯科】北海道札幌市西区西町北２０丁目５番１５号" }, "geometry": { "type": "Point", "coordinates": [ 141.277741, 43.088989 ] } },
{ "type": "Feature", "properties": { "ID": 133010011290, "正式名称": "えがしら歯科クリニック", "機関区分": 3, "都道府県コード": 1, "市区町村コード": 107, "所在地": "北海道札幌市西区発寒６条１２丁目１－１", "緯度": 43.09231, "経度": 141.27378, "url": "https://www.iryou.teikyouseido.mhlw.go.jp/znk-web/juminkanja/S2430/initialize?prefCd=01&kikanCd=3010011290&kikanKbn=3", "url2": null, "内容": "えがしら歯科クリニック【3:歯科】北海道札幌市西区発寒６条１２丁目１－１" }, "geometry": { "type": "Point", "coordinates": [ 141.27378, 43.09231 ] } },
{ "type": "Feature", "properties": { "ID": 133010011300, "正式名称": "医療法人社団　札幌西歯科クリニック", "機関区分": 3, "都道府県コード": 1, "市区町村コード": 107, "所在地": "北海道札幌市西区発寒６条１２丁目６番８号", "緯度": 43.094493, "経度": 141.273246, "url": "https://www.iryou.teikyouseido.mhlw.go.jp/znk-web/juminkanja/S2430/initialize?prefCd=01&kikanCd=3010011300&kikanKbn=3", "url2": "https://www.sapporonisi-dental-clinic.com/", "内容": "医療法人社団　札幌西歯科クリニック【3:歯科】北海道札幌市西区発寒６条１２丁目６番８号" }, "geometry": { "type": "Point", "coordinates": [ 141.273246, 43.094493 ] } },
{ "type": "Feature", "properties": { "ID": 133010011310, "正式名称": "あずみの歯科医院", "機関区分": 3, "都道府県コード": 1, "市区町村コード": 107, "所在地": "北海道札幌市西区発寒７条５丁目１０番１３号", "緯度": 43.0902189, "経度": 141.2887034, "url": "https://www.iryou.teikyouseido.mhlw.go.jp/znk-web/juminkanja/S2430/initialize?prefCd=01&kikanCd=3010011310&kikanKbn=3", "url2": "https://www.azumino-dental.com/", "内容": "あずみの歯科医院【3:歯科】北海道札幌市西区発寒７条５丁目１０番１３号" }, "geometry": { "type": "Point", "coordinates": [ 141.2887034, 43.0902189 ] } },
{ "type": "Feature", "properties": { "ID": 133010011320, "正式名称": "医療法人仁永会　札幌ファースト歯科クリニック", "機関区分": 3, "都道府県コード": 1, "市区町村コード": 107, "所在地": "北海道札幌市西区発寒８－１２－１－１", "緯度": 43.096377, "経度": 141.277157, "url": "https://www.iryou.teikyouseido.mhlw.go.jp/znk-web/juminkanja/S2430/initialize?prefCd=01&kikanCd=3010011320&kikanKbn=3", "url2": "http://www.1stdc.info/", "内容": "医療法人仁永会　札幌ファースト歯科クリニック【3:歯科】北海道札幌市西区発寒８－１２－１－１" }, "geometry": { "type": "Point", "coordinates": [ 141.277157, 43.096377 ] } },
{ "type": "Feature", "properties": { "ID": 133010011330, "正式名称": "ささき歯科医院", "機関区分": 3, "都道府県コード": 1, "市区町村コード": 107, "所在地": "北海道札幌市西区発寒８条７丁目７番１２号", "緯度": 43.0913501, "経度": 141.2868725, "url": "https://www.iryou.teikyouseido.mhlw.go.jp/znk-web/juminkanja/S2430/initialize?prefCd=01&kikanCd=3010011330&kikanKbn=3", "url2": null, "内容": "ささき歯科医院【3:歯科】北海道札幌市西区発寒８条７丁目７番１２号" }, "geometry": { "type": "Point", "coordinates": [ 141.286872499999987, 43.0913501 ] } },
{ "type": "Feature", "properties": { "ID": 133010011340, "正式名称": "中村歯科クリニック", "機関区分": 3, "都道府県コード": 1, "市区町村コード": 107, "所在地": "北海道札幌市西区発寒９条１３丁目１－３駅前プラザ発寒２階", "緯度": 43.099137, "経度": 141.277258, "url": "https://www.iryou.teikyouseido.mhlw.go.jp/znk-web/juminkanja/S2430/initialize?prefCd=01&kikanCd=3010011340&kikanKbn=3", "url2": null, "内容": "中村歯科クリニック【3:歯科】北海道札幌市西区発寒９条１３丁目１－３駅前プラザ発寒２階" }, "geometry": { "type": "Point", "coordinates": [ 141.277258, 43.099137 ] } },
{ "type": "Feature", "properties": { "ID": 133010011360, "正式名称": "さかもと歯科", "機関区分": 3, "都道府県コード": 1, "市区町村コード": 107, "所在地": "北海道札幌市西区発寒１０条４丁目６番２３号", "緯度": 43.093263, "経度": 141.293355, "url": "https://www.iryou.teikyouseido.mhlw.go.jp/znk-web/juminkanja/S2430/initialize?prefCd=01&kikanCd=3010011360&kikanKbn=3", "url2": null, "内容": "さかもと歯科【3:歯科】北海道札幌市西区発寒１０条４丁目６番２３号" }, "geometry": { "type": "Point", "coordinates": [ 141.293355, 43.093263 ] } },
{ "type": "Feature", "properties": { "ID": 133010011390, "正式名称": "マイデンタルクリニック", "機関区分": 3, "都道府県コード": 1, "市区町村コード": 107, "所在地": "北海道札幌市西区発寒１２条５丁目３番１０号", "緯度": 43.098547, "経度": 141.287718, "url": "https://www.iryou.teikyouseido.mhlw.go.jp/znk-web/juminkanja/S2430/initialize?prefCd=01&kikanCd=3010011390&kikanKbn=3", "url2": null, "内容": "マイデンタルクリニック【3:歯科】北海道札幌市西区発寒１２条５丁目３番１０号" }, "geometry": { "type": "Point", "coordinates": [ 141.287718, 43.098547 ] } },
{ "type": "Feature", "properties": { "ID": 133010011400, "正式名称": "医療法人社団療歯会　発寒デンタルクリニック", "機関区分": 3, "都道府県コード": 1, "市区町村コード": 107, "所在地": "北海道札幌市西区発寒１３条３丁目１番２６号プリベール発寒１Ｆ", "緯度": 43.0972384, "経度": 141.2957289, "url": "https://www.iryou.teikyouseido.mhlw.go.jp/znk-web/juminkanja/S2430/initialize?prefCd=01&kikanCd=3010011400&kikanKbn=3", "url2": "http://hassamu-dc.jp", "内容": "医療法人社団療歯会　発寒デンタルクリニック【3:歯科】北海道札幌市西区発寒１３条３丁目１番２６号プリベール発寒１Ｆ" }, "geometry": { "type": "Point", "coordinates": [ 141.2957289, 43.097238399999988 ] } },
{ "type": "Feature", "properties": { "ID": 133010011410, "正式名称": "医療法人社団北友会　五十嵐歯科口腔外科", "機関区分": 3, "都道府県コード": 1, "市区町村コード": 107, "所在地": "北海道札幌市西区発寒１３条３丁目７番２６号", "緯度": 43.098242, "経度": 141.293929, "url": "https://www.iryou.teikyouseido.mhlw.go.jp/znk-web/juminkanja/S2430/initialize?prefCd=01&kikanCd=3010011410&kikanKbn=3", "url2": null, "内容": "医療法人社団北友会　五十嵐歯科口腔外科【3:歯科】北海道札幌市西区発寒１３条３丁目７番２６号" }, "geometry": { "type": "Point", "coordinates": [ 141.293929, 43.098242 ] } },
{ "type": "Feature", "properties": { "ID": 133010011420, "正式名称": "おさないファミリー歯科", "機関区分": 3, "都道府県コード": 1, "市区町村コード": 107, "所在地": "北海道札幌市西区発寒１４条３丁目１－１２", "緯度": 43.099176, "経度": 141.294933, "url": "https://www.iryou.teikyouseido.mhlw.go.jp/znk-web/juminkanja/S2430/initialize?prefCd=01&kikanCd=3010011420&kikanKbn=3", "url2": null, "内容": "おさないファミリー歯科【3:歯科】北海道札幌市西区発寒１４条３丁目１－１２" }, "geometry": { "type": "Point", "coordinates": [ 141.294933, 43.099176 ] } },
{ "type": "Feature", "properties": { "ID": 133010011430, "正式名称": "後藤歯科クリニック", "機関区分": 3, "都道府県コード": 1, "市区町村コード": 107, "所在地": "北海道札幌市西区福井１丁目１８番１号", "緯度": 43.058432, "経度": 141.270882, "url": "https://www.iryou.teikyouseido.mhlw.go.jp/znk-web/juminkanja/S2430/initialize?prefCd=01&kikanCd=3010011430&kikanKbn=3", "url2": null, "内容": "後藤歯科クリニック【3:歯科】北海道札幌市西区福井１丁目１８番１号" }, "geometry": { "type": "Point", "coordinates": [ 141.270882, 43.058432 ] } },
{ "type": "Feature", "properties": { "ID": 133010011440, "正式名称": "五十嵐歯科クリニック", "機関区分": 3, "都道府県コード": 1, "市区町村コード": 107, "所在地": "北海道札幌市西区福井６丁目６番８号", "緯度": 43.053429, "経度": 141.266633, "url": "https://www.iryou.teikyouseido.mhlw.go.jp/znk-web/juminkanja/S2430/initialize?prefCd=01&kikanCd=3010011440&kikanKbn=3", "url2": null, "内容": "五十嵐歯科クリニック【3:歯科】北海道札幌市西区福井６丁目６番８号" }, "geometry": { "type": "Point", "coordinates": [ 141.266633, 43.053429 ] } },
{ "type": "Feature", "properties": { "ID": 133010011460, "正式名称": "医療法人　徳和会　平和歯科クリニック", "機関区分": 3, "都道府県コード": 1, "市区町村コード": 107, "所在地": "北海道札幌市西区平和２条１丁目１番１２号", "緯度": 43.060908, "経度": 141.264882, "url": "https://www.iryou.teikyouseido.mhlw.go.jp/znk-web/juminkanja/S2430/initialize?prefCd=01&kikanCd=3010011460&kikanKbn=3", "url2": "http://www.heiwa-shika.com/", "内容": "医療法人　徳和会　平和歯科クリニック【3:歯科】北海道札幌市西区平和２条１丁目１番１２号" }, "geometry": { "type": "Point", "coordinates": [ 141.264882, 43.060908 ] } },
{ "type": "Feature", "properties": { "ID": 133010011500, "正式名称": "アイラブ歯科クリニック", "機関区分": 3, "都道府県コード": 1, "市区町村コード": 107, "所在地": "北海道札幌市西区発寒９条１３丁目３番８号", "緯度": 43.098397, "経度": 141.276071, "url": "https://www.iryou.teikyouseido.mhlw.go.jp/znk-web/juminkanja/S2430/initialize?prefCd=01&kikanCd=3010011500&kikanKbn=3", "url2": "https://www.i-love-dental.com/", "内容": "アイラブ歯科クリニック【3:歯科】北海道札幌市西区発寒９条１３丁目３番８号" }, "geometry": { "type": "Point", "coordinates": [ 141.276071, 43.098397 ] } },
{ "type": "Feature", "properties": { "ID": 133010011520, "正式名称": "医療法人社団　建志会　コア歯科クリニック", "機関区分": 3, "都道府県コード": 1, "市区町村コード": 109, "所在地": "北海道札幌市手稲区稲穂２条７丁目１番３号稲穂メディカル・コア２階", "緯度": 43.128542, "経度": 141.2141529, "url": "https://www.iryou.teikyouseido.mhlw.go.jp/znk-web/juminkanja/S2430/initialize?prefCd=01&kikanCd=3010011520&kikanKbn=3", "url2": "http://www.coa-dental-clinic.com", "内容": "医療法人社団　建志会　コア歯科クリニック【3:歯科】北海道札幌市手稲区稲穂２条７丁目１番３号稲穂メディカル・コア２階" }, "geometry": { "type": "Point", "coordinates": [ 141.214152899999988, 43.128542 ] } },
{ "type": "Feature", "properties": { "ID": 133010011540, "正式名称": "あおやぎ歯科医院", "機関区分": 3, "都道府県コード": 1, "市区町村コード": 109, "所在地": "北海道札幌市手稲区稲穂３条６丁目２３１番５５", "緯度": 43.126354, "経度": 141.216714, "url": "https://www.iryou.teikyouseido.mhlw.go.jp/znk-web/juminkanja/S2430/initialize?prefCd=01&kikanCd=3010011540&kikanKbn=3", "url2": "http://www.aoyagi-dent.com/", "内容": "あおやぎ歯科医院【3:歯科】北海道札幌市手稲区稲穂３条６丁目２３１番５５" }, "geometry": { "type": "Point", "coordinates": [ 141.216714, 43.126354 ] } },
{ "type": "Feature", "properties": { "ID": 133010011560, "正式名称": "医療法人社団　かなやま歯科クリニック", "機関区分": 3, "都道府県コード": 1, "市区町村コード": 109, "所在地": "北海道札幌市手稲区金山１条２丁目１１番１３号", "緯度": 43.129862, "経度": 141.205039, "url": "https://www.iryou.teikyouseido.mhlw.go.jp/znk-web/juminkanja/S2430/initialize?prefCd=01&kikanCd=3010011560&kikanKbn=3", "url2": null, "内容": "医療法人社団　かなやま歯科クリニック【3:歯科】北海道札幌市手稲区金山１条２丁目１１番１３号" }, "geometry": { "type": "Point", "coordinates": [ 141.205039, 43.129862 ] } },
{ "type": "Feature", "properties": { "ID": 133010011570, "正式名称": "海の風歯科", "機関区分": 3, "都道府県コード": 1, "市区町村コード": 109, "所在地": "北海道札幌市手稲区手稲山口４７８番地１", "緯度": 43.138415, "経度": 141.215627, "url": "https://www.iryou.teikyouseido.mhlw.go.jp/znk-web/juminkanja/S2430/initialize?prefCd=01&kikanCd=3010011570&kikanKbn=3", "url2": null, "内容": "海の風歯科【3:歯科】北海道札幌市手稲区手稲山口４７８番地１" }, "geometry": { "type": "Point", "coordinates": [ 141.215627, 43.138415 ] } },
{ "type": "Feature", "properties": { "ID": 133010011580, "正式名称": "医療法人社団宗和会おとわ歯科医院", "機関区分": 3, "都道府県コード": 1, "市区町村コード": 109, "所在地": "北海道札幌市手稲区手稲本町１条４丁目１－５　手稲駅前ビル２Ｆ", "緯度": 43.120179, "経度": 141.242853, "url": "https://www.iryou.teikyouseido.mhlw.go.jp/znk-web/juminkanja/S2430/initialize?prefCd=01&kikanCd=3010011580&kikanKbn=3", "url2": "https://otowa.jpn.com", "内容": "医療法人社団宗和会おとわ歯科医院【3:歯科】北海道札幌市手稲区手稲本町１条４丁目１－５　手稲駅前ビル２Ｆ" }, "geometry": { "type": "Point", "coordinates": [ 141.242853, 43.120179 ] } },
{ "type": "Feature", "properties": { "ID": 133010011600, "正式名称": "村田歯科医院", "機関区分": 3, "都道府県コード": 1, "市区町村コード": 109, "所在地": "北海道札幌市手稲区手稲本町２条２丁目１番１号村田ビル２Ｆ", "緯度": 43.116081, "経度": 141.243342, "url": "https://www.iryou.teikyouseido.mhlw.go.jp/znk-web/juminkanja/S2430/initialize?prefCd=01&kikanCd=3010011600&kikanKbn=3", "url2": null, "内容": "村田歯科医院【3:歯科】北海道札幌市手稲区手稲本町２条２丁目１番１号村田ビル２Ｆ" }, "geometry": { "type": "Point", "coordinates": [ 141.243342, 43.116081 ] } },
{ "type": "Feature", "properties": { "ID": 133010011620, "正式名称": "いいぬま歯科", "機関区分": 3, "都道府県コード": 1, "市区町村コード": 109, "所在地": "北海道札幌市手稲区手稲本町２条４丁目４番３５号エーアイビル２階２０２号", "緯度": 43.1194, "経度": 141.2407972, "url": "https://www.iryou.teikyouseido.mhlw.go.jp/znk-web/juminkanja/S2430/initialize?prefCd=01&kikanCd=3010011620&kikanKbn=3", "url2": "http://www.iinuma-dental.com", "内容": "いいぬま歯科【3:歯科】北海道札幌市手稲区手稲本町２条４丁目４番３５号エーアイビル２階２０２号" }, "geometry": { "type": "Point", "coordinates": [ 141.2407972, 43.1194 ] } },
{ "type": "Feature", "properties": { "ID": 133010011630, "正式名称": "キテネ歯科", "機関区分": 3, "都道府県コード": 1, "市区町村コード": 109, "所在地": "北海道札幌市手稲区手稲本町２条４丁目８番２４号キテネ国分ビル", "緯度": 43.119795, "経度": 141.242219, "url": "https://www.iryou.teikyouseido.mhlw.go.jp/znk-web/juminkanja/S2430/initialize?prefCd=01&kikanCd=3010011630&kikanKbn=3", "url2": null, "内容": "キテネ歯科【3:歯科】北海道札幌市手稲区手稲本町２条４丁目８番２４号キテネ国分ビル" }, "geometry": { "type": "Point", "coordinates": [ 141.242219, 43.119795 ] } },
{ "type": "Feature", "properties": { "ID": 133010011660, "正式名称": "もみの木歯科", "機関区分": 3, "都道府県コード": 1, "市区町村コード": 109, "所在地": "北海道札幌市手稲区手稲本町３条３丁目１－２", "緯度": 43.11696, "経度": 141.241167, "url": "https://www.iryou.teikyouseido.mhlw.go.jp/znk-web/juminkanja/S2430/initialize?prefCd=01&kikanCd=3010011660&kikanKbn=3", "url2": null, "内容": "もみの木歯科【3:歯科】北海道札幌市手稲区手稲本町３条３丁目１－２" }, "geometry": { "type": "Point", "coordinates": [ 141.241167, 43.11696 ] } },
{ "type": "Feature", "properties": { "ID": 133010011670, "正式名称": "医療法人社団仁和会　竹内歯科クリニック", "機関区分": 3, "都道府県コード": 1, "市区町村コード": 109, "所在地": "北海道札幌市手稲区曙２条２丁目２番１５号", "緯度": 43.127458, "経度": 141.236251, "url": "https://www.iryou.teikyouseido.mhlw.go.jp/znk-web/juminkanja/S2430/initialize?prefCd=01&kikanCd=3010011670&kikanKbn=3", "url2": null, "内容": "医療法人社団仁和会　竹内歯科クリニック【3:歯科】北海道札幌市手稲区曙２条２丁目２番１５号" }, "geometry": { "type": "Point", "coordinates": [ 141.236251, 43.127458 ] } },
{ "type": "Feature", "properties": { "ID": 133010011690, "正式名称": "ここ歯科", "機関区分": 3, "都道府県コード": 1, "市区町村コード": 109, "所在地": "北海道札幌市手稲区曙４条３丁目１－１", "緯度": 43.129933, "経度": 141.2355761, "url": "https://www.iryou.teikyouseido.mhlw.go.jp/znk-web/juminkanja/S2430/initialize?prefCd=01&kikanCd=3010011690&kikanKbn=3", "url2": "http://www.cocoshika.com", "内容": "ここ歯科【3:歯科】北海道札幌市手稲区曙４条３丁目１－１" }, "geometry": { "type": "Point", "coordinates": [ 141.2355761, 43.129933 ] } },
{ "type": "Feature", "properties": { "ID": 133010011720, "正式名称": "あけぼの歯科医院", "機関区分": 3, "都道府県コード": 1, "市区町村コード": 109, "所在地": "北海道札幌市手稲区曙８条２丁目９番２０号", "緯度": 43.1414114, "経度": 141.2382647, "url": "https://www.iryou.teikyouseido.mhlw.go.jp/znk-web/juminkanja/S2430/initialize?prefCd=01&kikanCd=3010011720&kikanKbn=3", "url2": null, "内容": "あけぼの歯科医院【3:歯科】北海道札幌市手稲区曙８条２丁目９番２０号" }, "geometry": { "type": "Point", "coordinates": [ 141.2382647, 43.1414114 ] } },
{ "type": "Feature", "properties": { "ID": 133010011730, "正式名称": "医療法人社団天斗会　手稲ファミリー歯科", "機関区分": 3, "都道府県コード": 1, "市区町村コード": 109, "所在地": "北海道札幌市手稲区曙１０条１丁目５番２２号", "緯度": 43.1455447, "経度": 141.2382669, "url": "https://www.iryou.teikyouseido.mhlw.go.jp/znk-web/juminkanja/S2430/initialize?prefCd=01&kikanCd=3010011730&kikanKbn=3", "url2": "http://dental-dream.com/home/teine/chu/", "内容": "医療法人社団天斗会　手稲ファミリー歯科【3:歯科】北海道札幌市手稲区曙１０条１丁目５番２２号" }, "geometry": { "type": "Point", "coordinates": [ 141.238266900000013, 43.145544699999988 ] } },
{ "type": "Feature", "properties": { "ID": 133010011750, "正式名称": "新発寒こども歯科", "機関区分": 3, "都道府県コード": 1, "市区町村コード": 109, "所在地": "北海道札幌市手稲区新発寒４条５丁目１２番１３号", "緯度": 43.114673, "経度": 141.270474, "url": "https://www.iryou.teikyouseido.mhlw.go.jp/znk-web/juminkanja/S2430/initialize?prefCd=01&kikanCd=3010011750&kikanKbn=3", "url2": null, "内容": "新発寒こども歯科【3:歯科】北海道札幌市手稲区新発寒４条５丁目１２番１３号" }, "geometry": { "type": "Point", "coordinates": [ 141.270474, 43.114673 ] } },
{ "type": "Feature", "properties": { "ID": 133010011760, "正式名称": "亀田歯科医院", "機関区分": 3, "都道府県コード": 1, "市区町村コード": 109, "所在地": "北海道札幌市手稲区新発寒４条６丁目１１番１２号", "緯度": 43.115728, "経度": 141.268845, "url": "https://www.iryou.teikyouseido.mhlw.go.jp/znk-web/juminkanja/S2430/initialize?prefCd=01&kikanCd=3010011760&kikanKbn=3", "url2": null, "内容": "亀田歯科医院【3:歯科】北海道札幌市手稲区新発寒４条６丁目１１番１２号" }, "geometry": { "type": "Point", "coordinates": [ 141.268845, 43.115728 ] } },
{ "type": "Feature", "properties": { "ID": 133010011800, "正式名称": "星置プラザ歯科", "機関区分": 3, "都道府県コード": 1, "市区町村コード": 109, "所在地": "北海道札幌市手稲区星置１条３丁目２番１号イトーピア星置プラザ２Ｆ", "緯度": 43.133007, "経度": 141.209912, "url": "https://www.iryou.teikyouseido.mhlw.go.jp/znk-web/juminkanja/S2430/initialize?prefCd=01&kikanCd=3010011800&kikanKbn=3", "url2": null, "内容": "星置プラザ歯科【3:歯科】北海道札幌市手稲区星置１条３丁目２番１号イトーピア星置プラザ２Ｆ" }, "geometry": { "type": "Point", "coordinates": [ 141.209912, 43.133007 ] } },
{ "type": "Feature", "properties": { "ID": 133010011810, "正式名称": "医療法人社団　よこみね歯科", "機関区分": 3, "都道府県コード": 1, "市区町村コード": 109, "所在地": "北海道札幌市手稲区星置１条３丁目３番３号", "緯度": 43.133414, "経度": 141.211821, "url": "https://www.iryou.teikyouseido.mhlw.go.jp/znk-web/juminkanja/S2430/initialize?prefCd=01&kikanCd=3010011810&kikanKbn=3", "url2": "http://www.yokomineshika.com/", "内容": "医療法人社団　よこみね歯科【3:歯科】北海道札幌市手稲区星置１条３丁目３番３号" }, "geometry": { "type": "Point", "coordinates": [ 141.211821, 43.133414 ] } },
{ "type": "Feature", "properties": { "ID": 133010011820, "正式名称": "笠原歯科医院", "機関区分": 3, "都道府県コード": 1, "市区町村コード": 109, "所在地": "北海道札幌市手稲区星置１条４丁目２番２８号", "緯度": 43.1329368, "経度": 141.2092499, "url": "https://www.iryou.teikyouseido.mhlw.go.jp/znk-web/juminkanja/S2430/initialize?prefCd=01&kikanCd=3010011820&kikanKbn=3", "url2": null, "内容": "笠原歯科医院【3:歯科】北海道札幌市手稲区星置１条４丁目２番２８号" }, "geometry": { "type": "Point", "coordinates": [ 141.2092499, 43.1329368 ] } },
{ "type": "Feature", "properties": { "ID": 133010011840, "正式名称": "ほしみ歯科", "機関区分": 3, "都道府県コード": 1, "市区町村コード": 109, "所在地": "北海道札幌市手稲区星置１条８丁目１６－１７", "緯度": 43.13582, "経度": 141.193807, "url": "https://www.iryou.teikyouseido.mhlw.go.jp/znk-web/juminkanja/S2430/initialize?prefCd=01&kikanCd=3010011840&kikanKbn=3", "url2": "http://home.hoshimisika.com", "内容": "ほしみ歯科【3:歯科】北海道札幌市手稲区星置１条８丁目１６－１７" }, "geometry": { "type": "Point", "coordinates": [ 141.193807, 43.13582 ] } },
{ "type": "Feature", "properties": { "ID": 133010011850, "正式名称": "医療法人社団　じんない歯科小児歯科クリニック", "機関区分": 3, "都道府県コード": 1, "市区町村コード": 109, "所在地": "北海道札幌市手稲区星置２条１丁目１番１号", "緯度": 43.133788, "経度": 141.219632, "url": "https://www.iryou.teikyouseido.mhlw.go.jp/znk-web/juminkanja/S2430/initialize?prefCd=01&kikanCd=3010011850&kikanKbn=3", "url2": "http://www.jinnaidental.jp/", "内容": "医療法人社団　じんない歯科小児歯科クリニック【3:歯科】北海道札幌市手稲区星置２条１丁目１番１号" }, "geometry": { "type": "Point", "coordinates": [ 141.219632, 43.133788 ] } },
{ "type": "Feature", "properties": { "ID": 133010011860, "正式名称": "わたなべ歯科", "機関区分": 3, "都道府県コード": 1, "市区町村コード": 109, "所在地": "北海道札幌市手稲区星置２条３丁目７－５", "緯度": 43.135633, "経度": 141.209596, "url": "https://www.iryou.teikyouseido.mhlw.go.jp/znk-web/juminkanja/S2430/initialize?prefCd=01&kikanCd=3010011860&kikanKbn=3", "url2": null, "内容": "わたなべ歯科【3:歯科】北海道札幌市手稲区星置２条３丁目７－５" }, "geometry": { "type": "Point", "coordinates": [ 141.209596, 43.135633 ] } },
{ "type": "Feature", "properties": { "ID": 133010011870, "正式名称": "小泉歯科医院", "機関区分": 3, "都道府県コード": 1, "市区町村コード": 109, "所在地": "北海道札幌市手稲区星置３条５丁目３番３３号", "緯度": 43.1385979, "経度": 141.206105, "url": "https://www.iryou.teikyouseido.mhlw.go.jp/znk-web/juminkanja/S2430/initialize?prefCd=01&kikanCd=3010011870&kikanKbn=3", "url2": "http://koizumi118.com/", "内容": "小泉歯科医院【3:歯科】北海道札幌市手稲区星置３条５丁目３番３３号" }, "geometry": { "type": "Point", "coordinates": [ 141.206105, 43.1385979 ] } },
{ "type": "Feature", "properties": { "ID": 133010011900, "正式名称": "Ｏｈｔａｎｉみるく歯科医院", "機関区分": 3, "都道府県コード": 1, "市区町村コード": 109, "所在地": "北海道札幌市手稲区西宮の沢２条３丁目６番１２号", "緯度": 43.104253, "経度": 141.261332, "url": "https://www.iryou.teikyouseido.mhlw.go.jp/znk-web/juminkanja/S2430/initialize?prefCd=01&kikanCd=3010011900&kikanKbn=3", "url2": "https://milk-dc.com/", "内容": "Ｏｈｔａｎｉみるく歯科医院【3:歯科】北海道札幌市手稲区西宮の沢２条３丁目６番１２号" }, "geometry": { "type": "Point", "coordinates": [ 141.261332, 43.104253 ] } },
{ "type": "Feature", "properties": { "ID": 133010011910, "正式名称": "宮の沢パーク歯科", "機関区分": 3, "都道府県コード": 1, "市区町村コード": 109, "所在地": "北海道札幌市手稲区西宮の沢３条２丁目１－１２ＴＯＰ　ＷＯＲＫ　ＢＬＤ　１階", "緯度": 43.10024, "経度": 141.262379, "url": "https://www.iryou.teikyouseido.mhlw.go.jp/znk-web/juminkanja/S2430/initialize?prefCd=01&kikanCd=3010011910&kikanKbn=3", "url2": null, "内容": "宮の沢パーク歯科【3:歯科】北海道札幌市手稲区西宮の沢３条２丁目１－１２ＴＯＰ　ＷＯＲＫ　ＢＬＤ　１階" }, "geometry": { "type": "Point", "coordinates": [ 141.262379, 43.10024 ] } },
{ "type": "Feature", "properties": { "ID": 133010011930, "正式名称": "中川歯科医院", "機関区分": 3, "都道府県コード": 1, "市区町村コード": 109, "所在地": "北海道札幌市手稲区西宮の沢５条１丁目１１番２８号追分ビル２階", "緯度": 43.094293, "経度": 141.262297, "url": "https://www.iryou.teikyouseido.mhlw.go.jp/znk-web/juminkanja/S2430/initialize?prefCd=01&kikanCd=3010011930&kikanKbn=3", "url2": null, "内容": "中川歯科医院【3:歯科】北海道札幌市手稲区西宮の沢５条１丁目１１番２８号追分ビル２階" }, "geometry": { "type": "Point", "coordinates": [ 141.262297, 43.094293 ] } },
{ "type": "Feature", "properties": { "ID": 133010011940, "正式名称": "うの歯科医院", "機関区分": 3, "都道府県コード": 1, "市区町村コード": 109, "所在地": "北海道札幌市手稲区前田１条９丁目５－５", "緯度": 43.118262, "経度": 141.25081, "url": "https://www.iryou.teikyouseido.mhlw.go.jp/znk-web/juminkanja/S2430/initialize?prefCd=01&kikanCd=3010011940&kikanKbn=3", "url2": null, "内容": "うの歯科医院【3:歯科】北海道札幌市手稲区前田１条９丁目５－５" }, "geometry": { "type": "Point", "coordinates": [ 141.25081, 43.118262 ] } },
{ "type": "Feature", "properties": { "ID": 133010011950, "正式名称": "医療法人社団誠志会　つちだ矯正歯科クリニック", "機関区分": 3, "都道府県コード": 1, "市区町村コード": 109, "所在地": "北海道札幌市手稲区前田１条１２丁目１番４８号", "緯度": 43.121818, "経度": 141.243797, "url": "https://www.iryou.teikyouseido.mhlw.go.jp/znk-web/juminkanja/S2430/initialize?prefCd=01&kikanCd=3010011950&kikanKbn=3", "url2": "http://www.8211kyousei.com", "内容": "医療法人社団誠志会　つちだ矯正歯科クリニック【3:歯科】北海道札幌市手稲区前田１条１２丁目１番４８号" }, "geometry": { "type": "Point", "coordinates": [ 141.243797, 43.121818 ] } },
{ "type": "Feature", "properties": { "ID": 133010011970, "正式名称": "稲積公園フラワー歯科", "機関区分": 3, "都道府県コード": 1, "市区町村コード": 109, "所在地": "北海道札幌市手稲区前田３条４丁目２番３号", "緯度": 43.1153994, "経度": 141.2616069, "url": "https://www.iryou.teikyouseido.mhlw.go.jp/znk-web/juminkanja/S2430/initialize?prefCd=01&kikanCd=3010011970&kikanKbn=3", "url2": null, "内容": "稲積公園フラワー歯科【3:歯科】北海道札幌市手稲区前田３条４丁目２番３号" }, "geometry": { "type": "Point", "coordinates": [ 141.2616069, 43.1153994 ] } },
{ "type": "Feature", "properties": { "ID": 133010011980, "正式名称": "手稲いなづみ歯科医院", "機関区分": 3, "都道府県コード": 1, "市区町村コード": 109, "所在地": "北海道札幌市手稲区前田３条８丁目３番２３号", "緯度": 43.119331, "経度": 141.255883, "url": "https://www.iryou.teikyouseido.mhlw.go.jp/znk-web/juminkanja/S2430/initialize?prefCd=01&kikanCd=3010011980&kikanKbn=3", "url2": "http://www.inazumi-dc.jp/", "内容": "手稲いなづみ歯科医院【3:歯科】北海道札幌市手稲区前田３条８丁目３番２３号" }, "geometry": { "type": "Point", "coordinates": [ 141.255883, 43.119331 ] } },
{ "type": "Feature", "properties": { "ID": 133010012000, "正式名称": "塚本歯科医院", "機関区分": 3, "都道府県コード": 1, "市区町村コード": 109, "所在地": "北海道札幌市手稲区前田４条１０丁目２番８号タケシンスクエアビル３Ｆ", "緯度": 43.122843, "経度": 141.250363, "url": "https://www.iryou.teikyouseido.mhlw.go.jp/znk-web/juminkanja/S2430/initialize?prefCd=01&kikanCd=3010012000&kikanKbn=3", "url2": null, "内容": "塚本歯科医院【3:歯科】北海道札幌市手稲区前田４条１０丁目２番８号タケシンスクエアビル３Ｆ" }, "geometry": { "type": "Point", "coordinates": [ 141.250363, 43.122843 ] } },
{ "type": "Feature", "properties": { "ID": 133010012010, "正式名称": "ながい歯科・矯正歯科", "機関区分": 3, "都道府県コード": 1, "市区町村コード": 109, "所在地": "北海道札幌市手稲区前田４条１４丁目１番１号", "緯度": 43.126448, "経度": 141.24349, "url": "https://www.iryou.teikyouseido.mhlw.go.jp/znk-web/juminkanja/S2430/initialize?prefCd=01&kikanCd=3010012010&kikanKbn=3", "url2": null, "内容": "ながい歯科・矯正歯科【3:歯科】北海道札幌市手稲区前田４条１４丁目１番１号" }, "geometry": { "type": "Point", "coordinates": [ 141.24349, 43.126448 ] } },
{ "type": "Feature", "properties": { "ID": 133010012050, "正式名称": "こんのｆ歯科", "機関区分": 3, "都道府県コード": 1, "市区町村コード": 109, "所在地": "北海道札幌市手稲区前田６条１１丁目２番５号エルドラード前田１階", "緯度": 43.1272855, "経度": 141.2548077, "url": "https://www.iryou.teikyouseido.mhlw.go.jp/znk-web/juminkanja/S2430/initialize?prefCd=01&kikanCd=3010012050&kikanKbn=3", "url2": "http://konno-f-dc.com", "内容": "こんのｆ歯科【3:歯科】北海道札幌市手稲区前田６条１１丁目２番５号エルドラード前田１階" }, "geometry": { "type": "Point", "coordinates": [ 141.254807699999986, 43.1272855 ] } },
{ "type": "Feature", "properties": { "ID": 133010012060, "正式名称": "かわせ歯科", "機関区分": 3, "都道府県コード": 1, "市区町村コード": 109, "所在地": "北海道札幌市手稲区前田６条１５丁目３番３０号ホクレンショップ２階", "緯度": 43.132106, "経度": 141.243793, "url": "https://www.iryou.teikyouseido.mhlw.go.jp/znk-web/juminkanja/S2430/initialize?prefCd=01&kikanCd=3010012060&kikanKbn=3", "url2": "http://www.kawase-d-c.com/index.html", "内容": "かわせ歯科【3:歯科】北海道札幌市手稲区前田６条１５丁目３番３０号ホクレンショップ２階" }, "geometry": { "type": "Point", "coordinates": [ 141.243793, 43.132106 ] } },
{ "type": "Feature", "properties": { "ID": 133010012070, "正式名称": "医療法人社団さくら会　ゆき小児歯科・歯科口腔外科", "機関区分": 3, "都道府県コード": 1, "市区町村コード": 109, "所在地": "北海道札幌市手稲区前田６条１５丁目５－１６", "緯度": 43.133206, "経度": 141.244714, "url": "https://www.iryou.teikyouseido.mhlw.go.jp/znk-web/juminkanja/S2430/initialize?prefCd=01&kikanCd=3010012070&kikanKbn=3", "url2": "https://www.yukidc.jp", "内容": "医療法人社団さくら会　ゆき小児歯科・歯科口腔外科【3:歯科】北海道札幌市手稲区前田６条１５丁目５－１６" }, "geometry": { "type": "Point", "coordinates": [ 141.244714, 43.133206 ] } },
{ "type": "Feature", "properties": { "ID": 133010012100, "正式名称": "おおしま歯科クリニック", "機関区分": 3, "都道府県コード": 1, "市区町村コード": 109, "所在地": "北海道札幌市手稲区前田７条１４丁目２番２８号", "緯度": 43.1316285, "経度": 141.2493272, "url": "https://www.iryou.teikyouseido.mhlw.go.jp/znk-web/juminkanja/S2430/initialize?prefCd=01&kikanCd=3010012100&kikanKbn=3", "url2": "https://www.oshima-dc.com", "内容": "おおしま歯科クリニック【3:歯科】北海道札幌市手稲区前田７条１４丁目２番２８号" }, "geometry": { "type": "Point", "coordinates": [ 141.24932720000001, 43.1316285 ] } },
{ "type": "Feature", "properties": { "ID": 133010012130, "正式名称": "医療法人社団寿惠会　すみれ歯科医院", "機関区分": 3, "都道府県コード": 1, "市区町村コード": 109, "所在地": "北海道札幌市手稲区前田９条１３丁目４番２８号", "緯度": 43.134302, "経度": 141.254693, "url": "https://www.iryou.teikyouseido.mhlw.go.jp/znk-web/juminkanja/S2430/initialize?prefCd=01&kikanCd=3010012130&kikanKbn=3", "url2": null, "内容": "医療法人社団寿惠会　すみれ歯科医院【3:歯科】北海道札幌市手稲区前田９条１３丁目４番２８号" }, "geometry": { "type": "Point", "coordinates": [ 141.254693, 43.134302 ] } },
{ "type": "Feature", "properties": { "ID": 133010012180, "正式名称": "はっとりファミリー歯科", "機関区分": 3, "都道府県コード": 1, "市区町村コード": 109, "所在地": "北海道札幌市手稲区明日風１丁目６番１８号", "緯度": 43.140366, "経度": 141.23085, "url": "https://www.iryou.teikyouseido.mhlw.go.jp/znk-web/juminkanja/S2430/initialize?prefCd=01&kikanCd=3010012180&kikanKbn=3", "url2": "https://hattori-family-dc.com/", "内容": "はっとりファミリー歯科【3:歯科】北海道札幌市手稲区明日風１丁目６番１８号" }, "geometry": { "type": "Point", "coordinates": [ 141.23085, 43.140366 ] } },
{ "type": "Feature", "properties": { "ID": 133010012190, "正式名称": "医）幸悠会　手稲イースト歯科クリニック", "機関区分": 3, "都道府県コード": 1, "市区町村コード": 109, "所在地": "北海道札幌市手稲区前田６条５丁目１－１０", "緯度": 43.119862, "経度": 141.26382, "url": "https://www.iryou.teikyouseido.mhlw.go.jp/znk-web/juminkanja/S2430/initialize?prefCd=01&kikanCd=3010012190&kikanKbn=3", "url2": "https://www.teineeast.com", "内容": "医）幸悠会　手稲イースト歯科クリニック【3:歯科】北海道札幌市手稲区前田６条５丁目１－１０" }, "geometry": { "type": "Point", "coordinates": [ 141.26382, 43.119862 ] } },
{ "type": "Feature", "properties": { "ID": 133010012210, "正式名称": "医療法人社団　あいファミリー歯科医院", "機関区分": 3, "都道府県コード": 1, "市区町村コード": 204, "所在地": "北海道旭川市永山７条９丁目７番１号", "緯度": 43.79385, "経度": 142.419363, "url": "https://www.iryou.teikyouseido.mhlw.go.jp/znk-web/juminkanja/S2430/initialize?prefCd=01&kikanCd=3010012210&kikanKbn=3", "url2": "ai-family.jp/", "内容": "医療法人社団　あいファミリー歯科医院【3:歯科】北海道旭川市永山７条９丁目７番１号" }, "geometry": { "type": "Point", "coordinates": [ 142.419363, 43.79385 ] } },
{ "type": "Feature", "properties": { "ID": 133010012250, "正式名称": "医療法人社団　アサヒ矯正歯科", "機関区分": 3, "都道府県コード": 1, "市区町村コード": 204, "所在地": "北海道旭川市宮下通９丁目５３１番地の１", "緯度": 43.763991, "経度": 142.361203, "url": "https://www.iryou.teikyouseido.mhlw.go.jp/znk-web/juminkanja/S2430/initialize?prefCd=01&kikanCd=3010012250&kikanKbn=3", "url2": "http://www.asahi-kyousei.com", "内容": "医療法人社団　アサヒ矯正歯科【3:歯科】北海道旭川市宮下通９丁目５３１番地の１" }, "geometry": { "type": "Point", "coordinates": [ 142.361203, 43.763991 ] } },
{ "type": "Feature", "properties": { "ID": 133010012400, "正式名称": "伊藤歯科医院", "機関区分": 3, "都道府県コード": 1, "市区町村コード": 204, "所在地": "北海道旭川市永山６条６丁目７番３号", "緯度": 43.790406, "経度": 142.412086, "url": "https://www.iryou.teikyouseido.mhlw.go.jp/znk-web/juminkanja/S2430/initialize?prefCd=01&kikanCd=3010012400&kikanKbn=3", "url2": null, "内容": "伊藤歯科医院【3:歯科】北海道旭川市永山６条６丁目７番３号" }, "geometry": { "type": "Point", "coordinates": [ 142.412086, 43.790406 ] } },
{ "type": "Feature", "properties": { "ID": 133010012410, "正式名称": "いとさか歯科医院", "機関区分": 3, "都道府県コード": 1, "市区町村コード": 204, "所在地": "北海道旭川市永山４条１２丁目５番２号", "緯度": 43.801433, "経度": 142.422418, "url": "https://www.iryou.teikyouseido.mhlw.go.jp/znk-web/juminkanja/S2430/initialize?prefCd=01&kikanCd=3010012410&kikanKbn=3", "url2": "https://itosaka-dental-1.jimdosite.com/", "内容": "いとさか歯科医院【3:歯科】北海道旭川市永山４条１２丁目５番２号" }, "geometry": { "type": "Point", "coordinates": [ 142.422418, 43.801433 ] } },
{ "type": "Feature", "properties": { "ID": 133010012420, "正式名称": "いまとみ歯科", "機関区分": 3, "都道府県コード": 1, "市区町村コード": 204, "所在地": "北海道旭川市末広東１条８丁目１番１１号", "緯度": 43.809959, "経度": 142.395837, "url": "https://www.iryou.teikyouseido.mhlw.go.jp/znk-web/juminkanja/S2430/initialize?prefCd=01&kikanCd=3010012420&kikanKbn=3", "url2": "http://www.imatomi.com/", "内容": "いまとみ歯科【3:歯科】北海道旭川市末広東１条８丁目１番１１号" }, "geometry": { "type": "Point", "coordinates": [ 142.395837, 43.809959 ] } },
{ "type": "Feature", "properties": { "ID": 133010012440, "正式名称": "医療法人社団　今本歯科医院", "機関区分": 3, "都道府県コード": 1, "市区町村コード": 204, "所在地": "北海道旭川市豊岡１３条５丁目４番７号", "緯度": 43.771074, "経度": 142.407393, "url": "https://www.iryou.teikyouseido.mhlw.go.jp/znk-web/juminkanja/S2430/initialize?prefCd=01&kikanCd=3010012440&kikanKbn=3", "url2": null, "内容": "医療法人社団　今本歯科医院【3:歯科】北海道旭川市豊岡１３条５丁目４番７号" }, "geometry": { "type": "Point", "coordinates": [ 142.407393, 43.771074 ] } },
{ "type": "Feature", "properties": { "ID": 133010012460, "正式名称": "医療法人社団　岩田谷歯科", "機関区分": 3, "都道府県コード": 1, "市区町村コード": 204, "所在地": "北海道旭川市永山２条２４丁目８７番地２", "緯度": 43.818209, "経度": 142.445777, "url": "https://www.iryou.teikyouseido.mhlw.go.jp/znk-web/juminkanja/S2430/initialize?prefCd=01&kikanCd=3010012460&kikanKbn=3", "url2": null, "内容": "医療法人社団　岩田谷歯科【3:歯科】北海道旭川市永山２条２４丁目８７番地２" }, "geometry": { "type": "Point", "coordinates": [ 142.445777, 43.818209 ] } },
{ "type": "Feature", "properties": { "ID": 133010012470, "正式名称": "インプラント治療森の風インプラント歯科クリニック", "機関区分": 3, "都道府県コード": 1, "市区町村コード": 204, "所在地": "北海道旭川市宮下通９丁目３９６番地３", "緯度": 43.764435, "経度": 142.360481, "url": "https://www.iryou.teikyouseido.mhlw.go.jp/znk-web/juminkanja/S2430/initialize?prefCd=01&kikanCd=3010012470&kikanKbn=3", "url2": "www.1211implant.com", "内容": "インプラント治療森の風インプラント歯科クリニック【3:歯科】北海道旭川市宮下通９丁目３９６番地３" }, "geometry": { "type": "Point", "coordinates": [ 142.360481, 43.764435 ] } },
{ "type": "Feature", "properties": { "ID": 133010012480, "正式名称": "梅津歯科クリニック", "機関区分": 3, "都道府県コード": 1, "市区町村コード": 204, "所在地": "北海道旭川市豊岡７条５丁目５番９号", "緯度": 43.764742, "経度": 142.408116, "url": "https://www.iryou.teikyouseido.mhlw.go.jp/znk-web/juminkanja/S2430/initialize?prefCd=01&kikanCd=3010012480&kikanKbn=3", "url2": null, "内容": "梅津歯科クリニック【3:歯科】北海道旭川市豊岡７条５丁目５番９号" }, "geometry": { "type": "Point", "coordinates": [ 142.408116, 43.764742 ] } },
{ "type": "Feature", "properties": { "ID": 133010012490, "正式名称": "エステート歯科", "機関区分": 3, "都道府県コード": 1, "市区町村コード": 204, "所在地": "北海道旭川市豊岡８条８丁目１番１号", "緯度": 43.764631, "経度": 142.416726, "url": "https://www.iryou.teikyouseido.mhlw.go.jp/znk-web/juminkanja/S2430/initialize?prefCd=01&kikanCd=3010012490&kikanKbn=3", "url2": null, "内容": "エステート歯科【3:歯科】北海道旭川市豊岡８条８丁目１番１号" }, "geometry": { "type": "Point", "coordinates": [ 142.416726, 43.764631 ] } },
{ "type": "Feature", "properties": { "ID": 133010012500, "正式名称": "えばた歯科", "機関区分": 3, "都道府県コード": 1, "市区町村コード": 204, "所在地": "北海道旭川市永山７条３丁目１番３号", "緯度": 43.78449, "経度": 142.404698, "url": "https://www.iryou.teikyouseido.mhlw.go.jp/znk-web/juminkanja/S2430/initialize?prefCd=01&kikanCd=3010012500&kikanKbn=3", "url2": "https://www.ebata-dc.net", "内容": "えばた歯科【3:歯科】北海道旭川市永山７条３丁目１番３号" }, "geometry": { "type": "Point", "coordinates": [ 142.404698, 43.78449 ] } },
{ "type": "Feature", "properties": { "ID": 133010012530, "正式名称": "おおさき歯科クリニック", "機関区分": 3, "都道府県コード": 1, "市区町村コード": 204, "所在地": "北海道旭川市永山３条２２丁目３番２号", "緯度": 43.816042, "経度": 142.443277, "url": "https://www.iryou.teikyouseido.mhlw.go.jp/znk-web/juminkanja/S2430/initialize?prefCd=01&kikanCd=3010012530&kikanKbn=3", "url2": null, "内容": "おおさき歯科クリニック【3:歯科】北海道旭川市永山３条２２丁目３番２号" }, "geometry": { "type": "Point", "coordinates": [ 142.443277, 43.816042 ] } },
{ "type": "Feature", "properties": { "ID": 133010012540, "正式名称": "太田歯科医院", "機関区分": 3, "都道府県コード": 1, "市区町村コード": 204, "所在地": "北海道旭川市錦町１７丁目２６９２番地２５", "緯度": 43.791654, "経度": 142.336065, "url": "https://www.iryou.teikyouseido.mhlw.go.jp/znk-web/juminkanja/S2430/initialize?prefCd=01&kikanCd=3010012540&kikanKbn=3", "url2": null, "内容": "太田歯科医院【3:歯科】北海道旭川市錦町１７丁目２６９２番地２５" }, "geometry": { "type": "Point", "coordinates": [ 142.336065, 43.791654 ] } },
{ "type": "Feature", "properties": { "ID": 133010012570, "正式名称": "小川歯科医院", "機関区分": 3, "都道府県コード": 1, "市区町村コード": 204, "所在地": "北海道旭川市神楽３条３丁目２番１５号", "緯度": 43.762685, "経度": 142.346176, "url": "https://www.iryou.teikyouseido.mhlw.go.jp/znk-web/juminkanja/S2430/initialize?prefCd=01&kikanCd=3010012570&kikanKbn=3", "url2": null, "内容": "小川歯科医院【3:歯科】北海道旭川市神楽３条３丁目２番１５号" }, "geometry": { "type": "Point", "coordinates": [ 142.346176, 43.762685 ] } },
{ "type": "Feature", "properties": { "ID": 133010012580, "正式名称": "おくのファミリー歯科", "機関区分": 3, "都道府県コード": 1, "市区町村コード": 204, "所在地": "北海道旭川市東旭川町共栄９６", "緯度": 43.742939, "経度": 142.424699, "url": "https://www.iryou.teikyouseido.mhlw.go.jp/znk-web/juminkanja/S2430/initialize?prefCd=01&kikanCd=3010012580&kikanKbn=3", "url2": null, "内容": "おくのファミリー歯科【3:歯科】北海道旭川市東旭川町共栄９６" }, "geometry": { "type": "Point", "coordinates": [ 142.424699, 43.742939 ] } },
{ "type": "Feature", "properties": { "ID": 133010012590, "正式名称": "医療法人社団　礼愛会　小倉歯科医院", "機関区分": 3, "都道府県コード": 1, "市区町村コード": 204, "所在地": "北海道旭川市東旭川南１条４丁目４番６号", "緯度": 43.770908, "経度": 142.433447, "url": "https://www.iryou.teikyouseido.mhlw.go.jp/znk-web/juminkanja/S2430/initialize?prefCd=01&kikanCd=3010012590&kikanKbn=3", "url2": null, "内容": "医療法人社団　礼愛会　小倉歯科医院【3:歯科】北海道旭川市東旭川南１条４丁目４番６号" }, "geometry": { "type": "Point", "coordinates": [ 142.433447, 43.770908 ] } },
{ "type": "Feature", "properties": { "ID": 133010012600, "正式名称": "加我歯科医院", "機関区分": 3, "都道府県コード": 1, "市区町村コード": 204, "所在地": "北海道旭川市末広５条６丁目１０番１５号", "緯度": 43.814736, "経度": 142.382004, "url": "https://www.iryou.teikyouseido.mhlw.go.jp/znk-web/juminkanja/S2430/initialize?prefCd=01&kikanCd=3010012600&kikanKbn=3", "url2": null, "内容": "加我歯科医院【3:歯科】北海道旭川市末広５条６丁目１０番１５号" }, "geometry": { "type": "Point", "coordinates": [ 142.382004, 43.814736 ] } },
{ "type": "Feature", "properties": { "ID": 133010012610, "正式名称": "医療法人社団　神楽岡歯科クリニック", "機関区分": 3, "都道府県コード": 1, "市区町村コード": 204, "所在地": "北海道旭川市神楽岡６条６丁目１番２号", "緯度": 43.74116, "経度": 142.372592, "url": "https://www.iryou.teikyouseido.mhlw.go.jp/znk-web/juminkanja/S2430/initialize?prefCd=01&kikanCd=3010012610&kikanKbn=3", "url2": null, "内容": "医療法人社団　神楽岡歯科クリニック【3:歯科】北海道旭川市神楽岡６条６丁目１番２号" }, "geometry": { "type": "Point", "coordinates": [ 142.372592, 43.74116 ] } },
{ "type": "Feature", "properties": { "ID": 133010012620, "正式名称": "医療法人社団　神楽歯科医院", "機関区分": 3, "都道府県コード": 1, "市区町村コード": 204, "所在地": "北海道旭川市神楽４条１１丁目４４８番地の８", "緯度": 43.752742, "経度": 142.355676, "url": "https://www.iryou.teikyouseido.mhlw.go.jp/znk-web/juminkanja/S2430/initialize?prefCd=01&kikanCd=3010012620&kikanKbn=3", "url2": null, "内容": "医療法人社団　神楽歯科医院【3:歯科】北海道旭川市神楽４条１１丁目４４８番地の８" }, "geometry": { "type": "Point", "coordinates": [ 142.355676, 43.752742 ] } },
{ "type": "Feature", "properties": { "ID": 133010012630, "正式名称": "旭川公園通り矯正歯科", "機関区分": 3, "都道府県コード": 1, "市区町村コード": 204, "所在地": "北海道旭川市１条通７丁目３６１－２", "緯度": 43.766286, "経度": 142.358479, "url": "https://www.iryou.teikyouseido.mhlw.go.jp/znk-web/juminkanja/S2430/initialize?prefCd=01&kikanCd=3010012630&kikanKbn=3", "url2": "https://kasai-ortho.com/", "内容": "旭川公園通り矯正歯科【3:歯科】北海道旭川市１条通７丁目３６１－２" }, "geometry": { "type": "Point", "coordinates": [ 142.358479, 43.766286 ] } },
{ "type": "Feature", "properties": { "ID": 133010012660, "正式名称": "かど歯科医院", "機関区分": 3, "都道府県コード": 1, "市区町村コード": 204, "所在地": "北海道旭川市末広１条５丁目１番１７号", "緯度": 43.806709, "経度": 142.39056, "url": "https://www.iryou.teikyouseido.mhlw.go.jp/znk-web/juminkanja/S2430/initialize?prefCd=01&kikanCd=3010012660&kikanKbn=3", "url2": null, "内容": "かど歯科医院【3:歯科】北海道旭川市末広１条５丁目１番１７号" }, "geometry": { "type": "Point", "coordinates": [ 142.39056, 43.806709 ] } },
{ "type": "Feature", "properties": { "ID": 133010012680, "正式名称": "医療法人社団純弘会かむい歯科診療所", "機関区分": 3, "都道府県コード": 1, "市区町村コード": 204, "所在地": "北海道旭川市神居２条４丁目２番１４号", "緯度": 43.76599, "経度": 142.331983, "url": "https://www.iryou.teikyouseido.mhlw.go.jp/znk-web/juminkanja/S2430/initialize?prefCd=01&kikanCd=3010012680&kikanKbn=3", "url2": null, "内容": "医療法人社団純弘会かむい歯科診療所【3:歯科】北海道旭川市神居２条４丁目２番１４号" }, "geometry": { "type": "Point", "coordinates": [ 142.331983, 43.76599 ] } },
{ "type": "Feature", "properties": { "ID": 133010012690, "正式名称": "かむい支所前歯科医院", "機関区分": 3, "都道府県コード": 1, "市区町村コード": 204, "所在地": "北海道旭川市神居２条８丁目１番１６号", "緯度": 43.762185, "経度": 142.334927, "url": "https://www.iryou.teikyouseido.mhlw.go.jp/znk-web/juminkanja/S2430/initialize?prefCd=01&kikanCd=3010012690&kikanKbn=3", "url2": null, "内容": "かむい支所前歯科医院【3:歯科】北海道旭川市神居２条８丁目１番１６号" }, "geometry": { "type": "Point", "coordinates": [ 142.334927, 43.762185 ] } },
{ "type": "Feature", "properties": { "ID": 133010012740, "正式名称": "きた歯科クリニック", "機関区分": 3, "都道府県コード": 1, "市区町村コード": 204, "所在地": "北海道旭川市宮下通２３丁目１９７４番地", "緯度": 43.757631, "経度": 142.38134, "url": "https://www.iryou.teikyouseido.mhlw.go.jp/znk-web/juminkanja/S2430/initialize?prefCd=01&kikanCd=3010012740&kikanKbn=3", "url2": "www.myclinic.ne.jp/kitadental/pc/", "内容": "きた歯科クリニック【3:歯科】北海道旭川市宮下通２３丁目１９７４番地" }, "geometry": { "type": "Point", "coordinates": [ 142.38134, 43.757631 ] } },
{ "type": "Feature", "properties": { "ID": 133010012750, "正式名称": "医療法人社団　北野歯科クリニック", "機関区分": 3, "都道府県コード": 1, "市区町村コード": 204, "所在地": "北海道旭川市東光１条４丁目１番２４号", "緯度": 43.754993, "経度": 142.399645, "url": "https://www.iryou.teikyouseido.mhlw.go.jp/znk-web/juminkanja/S2430/initialize?prefCd=01&kikanCd=3010012750&kikanKbn=3", "url2": null, "内容": "医療法人社団　北野歯科クリニック【3:歯科】北海道旭川市東光１条４丁目１番２４号" }, "geometry": { "type": "Point", "coordinates": [ 142.399645, 43.754993 ] } },
{ "type": "Feature", "properties": { "ID": 133010012770, "正式名称": "共栄歯科診療所", "機関区分": 3, "都道府県コード": 1, "市区町村コード": 204, "所在地": "北海道旭川市大雪通３丁目４８８－４", "緯度": 43.776046, "経度": 142.384784, "url": "https://www.iryou.teikyouseido.mhlw.go.jp/znk-web/juminkanja/S2430/initialize?prefCd=01&kikanCd=3010012770&kikanKbn=3", "url2": null, "内容": "共栄歯科診療所【3:歯科】北海道旭川市大雪通３丁目４８８－４" }, "geometry": { "type": "Point", "coordinates": [ 142.384784, 43.776046 ] } },
{ "type": "Feature", "properties": { "ID": 133010012800, "正式名称": "窪田歯科医院", "機関区分": 3, "都道府県コード": 1, "市区町村コード": 204, "所在地": "北海道旭川市神居２条１０丁目", "緯度": 43.759297, "経度": 142.335733, "url": "https://www.iryou.teikyouseido.mhlw.go.jp/znk-web/juminkanja/S2430/initialize?prefCd=01&kikanCd=3010012800&kikanKbn=3", "url2": null, "内容": "窪田歯科医院【3:歯科】北海道旭川市神居２条１０丁目" }, "geometry": { "type": "Point", "coordinates": [ 142.335733, 43.759297 ] } },
{ "type": "Feature", "properties": { "ID": 133010012830, "正式名称": "医療法人社団　クリア歯科クリニック", "機関区分": 3, "都道府県コード": 1, "市区町村コード": 204, "所在地": "北海道旭川市春光６条６丁目４番２９号", "緯度": 43.804737, "経度": 142.36334, "url": "https://www.iryou.teikyouseido.mhlw.go.jp/znk-web/juminkanja/S2430/initialize?prefCd=01&kikanCd=3010012830&kikanKbn=3", "url2": "http://www.clear-dc.net/", "内容": "医療法人社団　クリア歯科クリニック【3:歯科】北海道旭川市春光６条６丁目４番２９号" }, "geometry": { "type": "Point", "coordinates": [ 142.36334, 43.804737 ] } },
{ "type": "Feature", "properties": { "ID": 133010012840, "正式名称": "医療法人社団一の会　グリーンヒル歯科矯正歯科", "機関区分": 3, "都道府県コード": 1, "市区町村コード": 204, "所在地": "北海道旭川市緑が丘３条３丁目１番地７", "緯度": 43.7338, "経度": 142.37787, "url": "https://www.iryou.teikyouseido.mhlw.go.jp/znk-web/juminkanja/S2430/initialize?prefCd=01&kikanCd=3010012840&kikanKbn=3", "url2": null, "内容": "医療法人社団一の会　グリーンヒル歯科矯正歯科【3:歯科】北海道旭川市緑が丘３条３丁目１番地７" }, "geometry": { "type": "Point", "coordinates": [ 142.37787, 43.7338 ] } },
{ "type": "Feature", "properties": { "ID": 133010012860, "正式名称": "小池歯科医院", "機関区分": 3, "都道府県コード": 1, "市区町村コード": 204, "所在地": "北海道旭川市１条通２丁目１３９９番１", "緯度": 43.767796, "経度": 142.350648, "url": "https://www.iryou.teikyouseido.mhlw.go.jp/znk-web/juminkanja/S2430/initialize?prefCd=01&kikanCd=3010012860&kikanKbn=3", "url2": null, "内容": "小池歯科医院【3:歯科】北海道旭川市１条通２丁目１３９９番１" }, "geometry": { "type": "Point", "coordinates": [ 142.350648, 43.767796 ] } },
{ "type": "Feature", "properties": { "ID": 133010012880, "正式名称": "こかど歯科医院", "機関区分": 3, "都道府県コード": 1, "市区町村コード": 204, "所在地": "北海道旭川市春光台４条４丁目２番１号", "緯度": 43.82054, "経度": 142.357839, "url": "https://www.iryou.teikyouseido.mhlw.go.jp/znk-web/juminkanja/S2430/initialize?prefCd=01&kikanCd=3010012880&kikanKbn=3", "url2": null, "内容": "こかど歯科医院【3:歯科】北海道旭川市春光台４条４丁目２番１号" }, "geometry": { "type": "Point", "coordinates": [ 142.357839, 43.82054 ] } },
{ "type": "Feature", "properties": { "ID": 133010012890, "正式名称": "医療法人社団　小林歯科医院", "機関区分": 3, "都道府県コード": 1, "市区町村コード": 204, "所在地": "北海道旭川市１条通１丁目左１号", "緯度": 43.768907, "経度": 142.348954, "url": "https://www.iryou.teikyouseido.mhlw.go.jp/znk-web/juminkanja/S2430/initialize?prefCd=01&kikanCd=3010012890&kikanKbn=3", "url2": null, "内容": "医療法人社団　小林歯科医院【3:歯科】北海道旭川市１条通１丁目左１号" }, "geometry": { "type": "Point", "coordinates": [ 142.348954, 43.768907 ] } },
{ "type": "Feature", "properties": { "ID": 133010012900, "正式名称": "小林歯科医院", "機関区分": 3, "都道府県コード": 1, "市区町村コード": 204, "所在地": "北海道旭川市神居３条１７丁目２番１号", "緯度": 43.751242, "経度": 142.339761, "url": "https://www.iryou.teikyouseido.mhlw.go.jp/znk-web/juminkanja/S2430/initialize?prefCd=01&kikanCd=3010012900&kikanKbn=3", "url2": null, "内容": "小林歯科医院【3:歯科】北海道旭川市神居３条１７丁目２番１号" }, "geometry": { "type": "Point", "coordinates": [ 142.339761, 43.751242 ] } },
{ "type": "Feature", "properties": { "ID": 133010012910, "正式名称": "こばやし歯科クリニック", "機関区分": 3, "都道府県コード": 1, "市区町村コード": 204, "所在地": "北海道旭川市豊岡４条１０丁目４番２０号", "緯度": 43.759409, "経度": 142.422115, "url": "https://www.iryou.teikyouseido.mhlw.go.jp/znk-web/juminkanja/S2430/initialize?prefCd=01&kikanCd=3010012910&kikanKbn=3", "url2": "https://www.kobayashidental.com/", "内容": "こばやし歯科クリニック【3:歯科】北海道旭川市豊岡４条１０丁目４番２０号" }, "geometry": { "type": "Point", "coordinates": [ 142.422115, 43.759409 ] } },
{ "type": "Feature", "properties": { "ID": 133010012920, "正式名称": "ビクトル歯科", "機関区分": 3, "都道府県コード": 1, "市区町村コード": 204, "所在地": "北海道旭川市豊岡５条２丁目７番１３号", "緯度": 43.762297, "経度": 142.395783, "url": "https://www.iryou.teikyouseido.mhlw.go.jp/znk-web/juminkanja/S2430/initialize?prefCd=01&kikanCd=3010012920&kikanKbn=3", "url2": "http://www.ohsin.net", "内容": "ビクトル歯科【3:歯科】北海道旭川市豊岡５条２丁目７番１３号" }, "geometry": { "type": "Point", "coordinates": [ 142.395783, 43.762297 ] } },
{ "type": "Feature", "properties": { "ID": 133010012940, "正式名称": "ささき歯科", "機関区分": 3, "都道府県コード": 1, "市区町村コード": 204, "所在地": "北海道旭川市豊岡４条７丁目１番１６号", "緯度": 43.759326, "経度": 142.413504, "url": "https://www.iryou.teikyouseido.mhlw.go.jp/znk-web/juminkanja/S2430/initialize?prefCd=01&kikanCd=3010012940&kikanKbn=3", "url2": null, "内容": "ささき歯科【3:歯科】北海道旭川市豊岡４条７丁目１番１６号" }, "geometry": { "type": "Point", "coordinates": [ 142.413504, 43.759326 ] } },
{ "type": "Feature", "properties": { "ID": 133010012990, "正式名称": "医療法人社団友歯会　渋川歯科医院", "機関区分": 3, "都道府県コード": 1, "市区町村コード": 204, "所在地": "北海道旭川市７条通５丁目右８号", "緯度": 43.772962, "経度": 142.359203, "url": "https://www.iryou.teikyouseido.mhlw.go.jp/znk-web/juminkanja/S2430/initialize?prefCd=01&kikanCd=3010012990&kikanKbn=3", "url2": "http://shibukawa-dental.com/", "内容": "医療法人社団友歯会　渋川歯科医院【3:歯科】北海道旭川市７条通５丁目右８号" }, "geometry": { "type": "Point", "coordinates": [ 142.359203, 43.772962 ] } },
{ "type": "Feature", "properties": { "ID": 133010013000, "正式名称": "渋川歯科医院", "機関区分": 3, "都道府県コード": 1, "市区町村コード": 204, "所在地": "北海道旭川市神居３条１２丁目１番２号", "緯度": 43.757519, "経度": 142.336205, "url": "https://www.iryou.teikyouseido.mhlw.go.jp/znk-web/juminkanja/S2430/initialize?prefCd=01&kikanCd=3010013000&kikanKbn=3", "url2": "http://www.shibukawadental.com/", "内容": "渋川歯科医院【3:歯科】北海道旭川市神居３条１２丁目１番２号" }, "geometry": { "type": "Point", "coordinates": [ 142.336205, 43.757519 ] } },
{ "type": "Feature", "properties": { "ID": 133010013040, "正式名称": "医療法人社団公月会　新崎歯科医院", "機関区分": 3, "都道府県コード": 1, "市区町村コード": 204, "所在地": "北海道旭川市２条通９丁目１４７番地２", "緯度": 43.76588, "経度": 142.361342, "url": "https://www.iryou.teikyouseido.mhlw.go.jp/znk-web/juminkanja/S2430/initialize?prefCd=01&kikanCd=3010013040&kikanKbn=3", "url2": "http://www.shinzaki-shika.jp", "内容": "医療法人社団公月会　新崎歯科医院【3:歯科】北海道旭川市２条通９丁目１４７番地２" }, "geometry": { "type": "Point", "coordinates": [ 142.361342, 43.76588 ] } },
{ "type": "Feature", "properties": { "ID": 133010013060, "正式名称": "神保歯科医院", "機関区分": 3, "都道府県コード": 1, "市区町村コード": 204, "所在地": "北海道旭川市４条通６丁目左１号", "緯度": 43.769879, "経度": 142.358314, "url": "https://www.iryou.teikyouseido.mhlw.go.jp/znk-web/juminkanja/S2430/initialize?prefCd=01&kikanCd=3010013060&kikanKbn=3", "url2": null, "内容": "神保歯科医院【3:歯科】北海道旭川市４条通６丁目左１号" }, "geometry": { "type": "Point", "coordinates": [ 142.358314, 43.769879 ] } },
{ "type": "Feature", "properties": { "ID": 133010013080, "正式名称": "須貝歯科医院", "機関区分": 3, "都道府県コード": 1, "市区町村コード": 204, "所在地": "北海道旭川市東光４条１丁目２番１５号", "緯度": 43.752493, "経度": 142.39059, "url": "https://www.iryou.teikyouseido.mhlw.go.jp/znk-web/juminkanja/S2430/initialize?prefCd=01&kikanCd=3010013080&kikanKbn=3", "url2": null, "内容": "須貝歯科医院【3:歯科】北海道旭川市東光４条１丁目２番１５号" }, "geometry": { "type": "Point", "coordinates": [ 142.39059, 43.752493 ] } },
{ "type": "Feature", "properties": { "ID": 133010013100, "正式名称": "杉村歯科医院", "機関区分": 3, "都道府県コード": 1, "市区町村コード": 204, "所在地": "北海道旭川市春光１条９丁目１０番１６号", "緯度": 43.801321, "経度": 142.381227, "url": "https://www.iryou.teikyouseido.mhlw.go.jp/znk-web/juminkanja/S2430/initialize?prefCd=01&kikanCd=3010013100&kikanKbn=3", "url2": "https://sugimuradental.com/", "内容": "杉村歯科医院【3:歯科】北海道旭川市春光１条９丁目１０番１６号" }, "geometry": { "type": "Point", "coordinates": [ 142.381227, 43.801321 ] } },
{ "type": "Feature", "properties": { "ID": 133010013120, "正式名称": "すずき歯科クリニック", "機関区分": 3, "都道府県コード": 1, "市区町村コード": 204, "所在地": "北海道旭川市豊岡１２条６丁目７番７号", "緯度": 43.76938, "経度": 142.409532, "url": "https://www.iryou.teikyouseido.mhlw.go.jp/znk-web/juminkanja/S2430/initialize?prefCd=01&kikanCd=3010013120&kikanKbn=3", "url2": "http://www.tomoemonn.com/", "内容": "すずき歯科クリニック【3:歯科】北海道旭川市豊岡１２条６丁目７番７号" }, "geometry": { "type": "Point", "coordinates": [ 142.409532, 43.76938 ] } },
{ "type": "Feature", "properties": { "ID": 133010013160, "正式名称": "たかがき歯科", "機関区分": 3, "都道府県コード": 1, "市区町村コード": 204, "所在地": "北海道旭川市４条通２２丁目５番地", "緯度": 43.762297, "経度": 142.382923, "url": "https://www.iryou.teikyouseido.mhlw.go.jp/znk-web/juminkanja/S2430/initialize?prefCd=01&kikanCd=3010013160&kikanKbn=3", "url2": null, "内容": "たかがき歯科【3:歯科】北海道旭川市４条通２２丁目５番地" }, "geometry": { "type": "Point", "coordinates": [ 142.382923, 43.762297 ] } },
{ "type": "Feature", "properties": { "ID": 133010013170, "正式名称": "高島歯科医院", "機関区分": 3, "都道府県コード": 1, "市区町村コード": 204, "所在地": "北海道旭川市春光６条９丁目５番１３号", "緯度": 43.811319, "経度": 142.367978, "url": "https://www.iryou.teikyouseido.mhlw.go.jp/znk-web/juminkanja/S2430/initialize?prefCd=01&kikanCd=3010013170&kikanKbn=3", "url2": null, "内容": "高島歯科医院【3:歯科】北海道旭川市春光６条９丁目５番１３号" }, "geometry": { "type": "Point", "coordinates": [ 142.367978, 43.811319 ] } },
{ "type": "Feature", "properties": { "ID": 133010013180, "正式名称": "タカダ歯科クリニック", "機関区分": 3, "都道府県コード": 1, "市区町村コード": 204, "所在地": "北海道旭川市神居１条１３丁目３番１１号", "緯度": 43.75638, "経度": 142.339205, "url": "https://www.iryou.teikyouseido.mhlw.go.jp/znk-web/juminkanja/S2430/initialize?prefCd=01&kikanCd=3010013180&kikanKbn=3", "url2": null, "内容": "タカダ歯科クリニック【3:歯科】北海道旭川市神居１条１３丁目３番１１号" }, "geometry": { "type": "Point", "coordinates": [ 142.339205, 43.75638 ] } },
{ "type": "Feature", "properties": { "ID": 133010013190, "正式名称": "たくま歯科医院", "機関区分": 3, "都道府県コード": 1, "市区町村コード": 204, "所在地": "北海道旭川市永山３条７丁目１番１号", "緯度": 43.794127, "経度": 142.40817, "url": "https://www.iryou.teikyouseido.mhlw.go.jp/znk-web/juminkanja/S2430/initialize?prefCd=01&kikanCd=3010013190&kikanKbn=3", "url2": "http://www.takuma.cc/", "内容": "たくま歯科医院【3:歯科】北海道旭川市永山３条７丁目１番１号" }, "geometry": { "type": "Point", "coordinates": [ 142.40817, 43.794127 ] } },
{ "type": "Feature", "properties": { "ID": 133010013200, "正式名称": "医療法人社団　たて歯科医院", "機関区分": 3, "都道府県コード": 1, "市区町村コード": 204, "所在地": "北海道旭川市錦町１３丁目３０８５番地の５", "緯度": 43.787794, "経度": 142.341287, "url": "https://www.iryou.teikyouseido.mhlw.go.jp/znk-web/juminkanja/S2430/initialize?prefCd=01&kikanCd=3010013200&kikanKbn=3", "url2": null, "内容": "医療法人社団　たて歯科医院【3:歯科】北海道旭川市錦町１３丁目３０８５番地の５" }, "geometry": { "type": "Point", "coordinates": [ 142.341287, 43.787794 ] } },
{ "type": "Feature", "properties": { "ID": 133010013220, "正式名称": "たに歯科医院", "機関区分": 3, "都道府県コード": 1, "市区町村コード": 204, "所在地": "北海道旭川市豊岡１４条７丁目３番１１号", "緯度": 43.771852, "経度": 142.415365, "url": "https://www.iryou.teikyouseido.mhlw.go.jp/znk-web/juminkanja/S2430/initialize?prefCd=01&kikanCd=3010013220&kikanKbn=3", "url2": null, "内容": "たに歯科医院【3:歯科】北海道旭川市豊岡１４条７丁目３番１１号" }, "geometry": { "type": "Point", "coordinates": [ 142.415365, 43.771852 ] } },
{ "type": "Feature", "properties": { "ID": 133010013240, "正式名称": "千葉歯科診療所", "機関区分": 3, "都道府県コード": 1, "市区町村コード": 204, "所在地": "北海道旭川市金星町２丁目１番８号", "緯度": 43.77799, "経度": 142.368896, "url": "https://www.iryou.teikyouseido.mhlw.go.jp/znk-web/juminkanja/S2430/initialize?prefCd=01&kikanCd=3010013240&kikanKbn=3", "url2": null, "内容": "千葉歯科診療所【3:歯科】北海道旭川市金星町２丁目１番８号" }, "geometry": { "type": "Point", "coordinates": [ 142.368896, 43.77799 ] } },
{ "type": "Feature", "properties": { "ID": 133010013250, "正式名称": "ツインハープ歯科", "機関区分": 3, "都道府県コード": 1, "市区町村コード": 204, "所在地": "北海道旭川市東光１４条５丁目６番７号", "緯度": 43.7408, "経度": 142.403006, "url": "https://www.iryou.teikyouseido.mhlw.go.jp/znk-web/juminkanja/S2430/initialize?prefCd=01&kikanCd=3010013250&kikanKbn=3", "url2": null, "内容": "ツインハープ歯科【3:歯科】北海道旭川市東光１４条５丁目６番７号" }, "geometry": { "type": "Point", "coordinates": [ 142.403006, 43.7408 ] } },
{ "type": "Feature", "properties": { "ID": 133010013270, "正式名称": "塚本歯科医院", "機関区分": 3, "都道府県コード": 1, "市区町村コード": 204, "所在地": "北海道旭川市永山５条９丁目１番１８号", "緯度": 43.794905, "経度": 142.41553, "url": "https://www.iryou.teikyouseido.mhlw.go.jp/znk-web/juminkanja/S2430/initialize?prefCd=01&kikanCd=3010013270&kikanKbn=3", "url2": null, "内容": "塚本歯科医院【3:歯科】北海道旭川市永山５条９丁目１番１８号" }, "geometry": { "type": "Point", "coordinates": [ 142.41553, 43.794905 ] } },
{ "type": "Feature", "properties": { "ID": 133010013280, "正式名称": "デンタルケア長浦歯科クリニック", "機関区分": 3, "都道府県コード": 1, "市区町村コード": 204, "所在地": "北海道旭川市神楽５条６丁目２番４号", "緯度": 43.75838, "経度": 142.348038, "url": "https://www.iryou.teikyouseido.mhlw.go.jp/znk-web/juminkanja/S2430/initialize?prefCd=01&kikanCd=3010013280&kikanKbn=3", "url2": null, "内容": "デンタルケア長浦歯科クリニック【3:歯科】北海道旭川市神楽５条６丁目２番４号" }, "geometry": { "type": "Point", "coordinates": [ 142.348038, 43.75838 ] } },
{ "type": "Feature", "properties": { "ID": 133010013290, "正式名称": "医療法人社団　天堂歯科医院", "機関区分": 3, "都道府県コード": 1, "市区町村コード": 204, "所在地": "北海道旭川市永山７条５丁目", "緯度": 43.786934, "経度": 142.409559, "url": "https://www.iryou.teikyouseido.mhlw.go.jp/znk-web/juminkanja/S2430/initialize?prefCd=01&kikanCd=3010013290&kikanKbn=3", "url2": null, "内容": "医療法人社団　天堂歯科医院【3:歯科】北海道旭川市永山７条５丁目" }, "geometry": { "type": "Point", "coordinates": [ 142.409559, 43.786934 ] } },
{ "type": "Feature", "properties": { "ID": 133010013310, "正式名称": "道北口腔保健センター診療所", "機関区分": 3, "都道府県コード": 1, "市区町村コード": 204, "所在地": "北海道旭川市金星町１丁目１番５２号", "緯度": 43.77849, "経度": 142.367674, "url": "https://www.iryou.teikyouseido.mhlw.go.jp/znk-web/juminkanja/S2430/initialize?prefCd=01&kikanCd=3010013310&kikanKbn=3", "url2": "www.dent-center.com", "内容": "道北口腔保健センター診療所【3:歯科】北海道旭川市金星町１丁目１番５２号" }, "geometry": { "type": "Point", "coordinates": [ 142.367674, 43.77849 ] } },
{ "type": "Feature", "properties": { "ID": 133010013330, "正式名称": "ながき歯科医院", "機関区分": 3, "都道府県コード": 1, "市区町村コード": 204, "所在地": "北海道旭川市緑が丘東４条２丁目１番３９号", "緯度": 43.725134, "経度": 142.381731, "url": "https://www.iryou.teikyouseido.mhlw.go.jp/znk-web/juminkanja/S2430/initialize?prefCd=01&kikanCd=3010013330&kikanKbn=3", "url2": null, "内容": "ながき歯科医院【3:歯科】北海道旭川市緑が丘東４条２丁目１番３９号" }, "geometry": { "type": "Point", "coordinates": [ 142.381731, 43.725134 ] } },
{ "type": "Feature", "properties": { "ID": 133010013340, "正式名称": "医療法人社団　なかつぼ歯科医院", "機関区分": 3, "都道府県コード": 1, "市区町村コード": 204, "所在地": "北海道旭川市永山４条１６丁目１番１号", "緯度": 43.805488, "経度": 142.429112, "url": "https://www.iryou.teikyouseido.mhlw.go.jp/znk-web/juminkanja/S2430/initialize?prefCd=01&kikanCd=3010013340&kikanKbn=3", "url2": null, "内容": "医療法人社団　なかつぼ歯科医院【3:歯科】北海道旭川市永山４条１６丁目１番１号" }, "geometry": { "type": "Point", "coordinates": [ 142.429112, 43.805488 ] } },
{ "type": "Feature", "properties": { "ID": 133010013350, "正式名称": "医療法人　なかむら歯科", "機関区分": 3, "都道府県コード": 1, "市区町村コード": 204, "所在地": "北海道旭川市末広４条４丁目２番１０号", "緯度": 43.811625, "経度": 142.378449, "url": "https://www.iryou.teikyouseido.mhlw.go.jp/znk-web/juminkanja/S2430/initialize?prefCd=01&kikanCd=3010013350&kikanKbn=3", "url2": null, "内容": "医療法人　なかむら歯科【3:歯科】北海道旭川市末広４条４丁目２番１０号" }, "geometry": { "type": "Point", "coordinates": [ 142.378449, 43.811625 ] } },
{ "type": "Feature", "properties": { "ID": 133010013380, "正式名称": "中山歯科医院", "機関区分": 3, "都道府県コード": 1, "市区町村コード": 204, "所在地": "北海道旭川市豊岡８条１丁目１番２１号", "緯度": 43.76613, "経度": 142.389756, "url": "https://www.iryou.teikyouseido.mhlw.go.jp/znk-web/juminkanja/S2430/initialize?prefCd=01&kikanCd=3010013380&kikanKbn=3", "url2": "http://www.nakayamadc.com/", "内容": "中山歯科医院【3:歯科】北海道旭川市豊岡８条１丁目１番２１号" }, "geometry": { "type": "Point", "coordinates": [ 142.389756, 43.76613 ] } },
{ "type": "Feature", "properties": { "ID": 133010013390, "正式名称": "医療法人社団　永山歯科クリニック", "機関区分": 3, "都道府県コード": 1, "市区町村コード": 204, "所在地": "北海道旭川市７条通１９丁目１２０番地", "緯度": 43.767102, "経度": 142.379646, "url": "https://www.iryou.teikyouseido.mhlw.go.jp/znk-web/juminkanja/S2430/initialize?prefCd=01&kikanCd=3010013390&kikanKbn=3", "url2": "https://www.nagayama-dent.jp", "内容": "医療法人社団　永山歯科クリニック【3:歯科】北海道旭川市７条通１９丁目１２０番地" }, "geometry": { "type": "Point", "coordinates": [ 142.379646, 43.767102 ] } },
{ "type": "Feature", "properties": { "ID": 133010013400, "正式名称": "永山歯科医院", "機関区分": 3, "都道府県コード": 1, "市区町村コード": 204, "所在地": "北海道旭川市永山４条６丁目１番１８号", "緯度": 43.791739, "経度": 142.407337, "url": "https://www.iryou.teikyouseido.mhlw.go.jp/znk-web/juminkanja/S2430/initialize?prefCd=01&kikanCd=3010013400&kikanKbn=3", "url2": null, "内容": "永山歯科医院【3:歯科】北海道旭川市永山４条６丁目１番１８号" }, "geometry": { "type": "Point", "coordinates": [ 142.407337, 43.791739 ] } },
{ "type": "Feature", "properties": { "ID": 133010013410, "正式名称": "なかよし小児歯科・田口歯科医院", "機関区分": 3, "都道府県コード": 1, "市区町村コード": 204, "所在地": "北海道旭川市神楽岡４条６丁目１番６号", "緯度": 43.741799, "経度": 142.374675, "url": "https://www.iryou.teikyouseido.mhlw.go.jp/znk-web/juminkanja/S2430/initialize?prefCd=01&kikanCd=3010013410&kikanKbn=3", "url2": "http:www.nakayosisyouni.com", "内容": "なかよし小児歯科・田口歯科医院【3:歯科】北海道旭川市神楽岡４条６丁目１番６号" }, "geometry": { "type": "Point", "coordinates": [ 142.374675, 43.741799 ] } },
{ "type": "Feature", "properties": { "ID": 133010013430, "正式名称": "医療法人社団　奈良歯科医院", "機関区分": 3, "都道府県コード": 1, "市区町村コード": 204, "所在地": "北海道旭川市１条通３丁目１６８７番地の２", "緯度": 43.767352, "経度": 142.352315, "url": "https://www.iryou.teikyouseido.mhlw.go.jp/znk-web/juminkanja/S2430/initialize?prefCd=01&kikanCd=3010013430&kikanKbn=3", "url2": null, "内容": "医療法人社団　奈良歯科医院【3:歯科】北海道旭川市１条通３丁目１６８７番地の２" }, "geometry": { "type": "Point", "coordinates": [ 142.352315, 43.767352 ] } },
{ "type": "Feature", "properties": { "ID": 133010013460, "正式名称": "西野歯科医院", "機関区分": 3, "都道府県コード": 1, "市区町村コード": 204, "所在地": "北海道旭川市東鷹栖１条４丁目６３８番地", "緯度": 43.82643, "経度": 142.416334, "url": "https://www.iryou.teikyouseido.mhlw.go.jp/znk-web/juminkanja/S2430/initialize?prefCd=01&kikanCd=3010013460&kikanKbn=3", "url2": null, "内容": "西野歯科医院【3:歯科】北海道旭川市東鷹栖１条４丁目６３８番地" }, "geometry": { "type": "Point", "coordinates": [ 142.416334, 43.82643 ] } },
{ "type": "Feature", "properties": { "ID": 133010013470, "正式名称": "にしまた歯科医院", "機関区分": 3, "都道府県コード": 1, "市区町村コード": 204, "所在地": "北海道旭川市東光９条１０丁目１番６号", "緯度": 43.745633, "経度": 142.421282, "url": "https://www.iryou.teikyouseido.mhlw.go.jp/znk-web/juminkanja/S2430/initialize?prefCd=01&kikanCd=3010013470&kikanKbn=3", "url2": null, "内容": "にしまた歯科医院【3:歯科】北海道旭川市東光９条１０丁目１番６号" }, "geometry": { "type": "Point", "coordinates": [ 142.421282, 43.745633 ] } },
{ "type": "Feature", "properties": { "ID": 133010013500, "正式名称": "医療法人社団　のぐち歯科医院", "機関区分": 3, "都道府県コード": 1, "市区町村コード": 204, "所在地": "北海道旭川市４条通１１丁目左３号", "緯度": 43.767657, "経度": 142.366202, "url": "https://www.iryou.teikyouseido.mhlw.go.jp/znk-web/juminkanja/S2430/initialize?prefCd=01&kikanCd=3010013500&kikanKbn=3", "url2": "www.noguchi-shika.net", "内容": "医療法人社団　のぐち歯科医院【3:歯科】北海道旭川市４条通１１丁目左３号" }, "geometry": { "type": "Point", "coordinates": [ 142.366202, 43.767657 ] } },
{ "type": "Feature", "properties": { "ID": 133010013510, "正式名称": "野沢歯科医院", "機関区分": 3, "都道府県コード": 1, "市区町村コード": 204, "所在地": "北海道旭川市大町２条１５丁目５７７番地", "緯度": 43.797182, "経度": 142.347869, "url": "https://www.iryou.teikyouseido.mhlw.go.jp/znk-web/juminkanja/S2430/initialize?prefCd=01&kikanCd=3010013510&kikanKbn=3", "url2": null, "内容": "野沢歯科医院【3:歯科】北海道旭川市大町２条１５丁目５７７番地" }, "geometry": { "type": "Point", "coordinates": [ 142.347869, 43.797182 ] } },
{ "type": "Feature", "properties": { "ID": 133010013520, "正式名称": "ハート歯科クリニック", "機関区分": 3, "都道府県コード": 1, "市区町村コード": 204, "所在地": "北海道旭川市秋月２条１丁目９－８", "緯度": 43.790016, "経度": 142.390199, "url": "https://www.iryou.teikyouseido.mhlw.go.jp/znk-web/juminkanja/S2430/initialize?prefCd=01&kikanCd=3010013520&kikanKbn=3", "url2": "heart-dc-1995.com", "内容": "ハート歯科クリニック【3:歯科】北海道旭川市秋月２条１丁目９－８" }, "geometry": { "type": "Point", "coordinates": [ 142.390199, 43.790016 ] } },
{ "type": "Feature", "properties": { "ID": 133010013530, "正式名称": "パール歯科クリニック", "機関区分": 3, "都道府県コード": 1, "市区町村コード": 204, "所在地": "北海道旭川市緑が丘３条１丁目２番地１４", "緯度": 43.736966, "経度": 142.375592, "url": "https://www.iryou.teikyouseido.mhlw.go.jp/znk-web/juminkanja/S2430/initialize?prefCd=01&kikanCd=3010013530&kikanKbn=3", "url2": null, "内容": "パール歯科クリニック【3:歯科】北海道旭川市緑が丘３条１丁目２番地１４" }, "geometry": { "type": "Point", "coordinates": [ 142.375592, 43.736966 ] } },
{ "type": "Feature", "properties": { "ID": 133010013540, "正式名称": "長谷川歯科医院", "機関区分": 3, "都道府県コード": 1, "市区町村コード": 204, "所在地": "北海道旭川市永山３条１９丁目３番３号", "緯度": 43.811876, "経度": 142.436556, "url": "https://www.iryou.teikyouseido.mhlw.go.jp/znk-web/juminkanja/S2430/initialize?prefCd=01&kikanCd=3010013540&kikanKbn=3", "url2": "http://dental-hasegawa.jp", "内容": "長谷川歯科医院【3:歯科】北海道旭川市永山３条１９丁目３番３号" }, "geometry": { "type": "Point", "coordinates": [ 142.436556, 43.811876 ] } },
{ "type": "Feature", "properties": { "ID": 133010013550, "正式名称": "医療法人社団　林歯科医院", "機関区分": 3, "都道府県コード": 1, "市区町村コード": 204, "所在地": "北海道旭川市末広１条７丁目１番３１号　杜のビル", "緯度": 43.808792, "経度": 142.393059, "url": "https://www.iryou.teikyouseido.mhlw.go.jp/znk-web/juminkanja/S2430/initialize?prefCd=01&kikanCd=3010013550&kikanKbn=3", "url2": "https://www.dendendental.com", "内容": "医療法人社団　林歯科医院【3:歯科】北海道旭川市末広１条７丁目１番３１号　杜のビル" }, "geometry": { "type": "Point", "coordinates": [ 142.393059, 43.808792 ] } },
{ "type": "Feature", "properties": { "ID": 133010013560, "正式名称": "はやせ歯科医院", "機関区分": 3, "都道府県コード": 1, "市区町村コード": 204, "所在地": "北海道旭川市豊岡１０条７丁目１番３号", "緯度": 43.767158, "経度": 142.413032, "url": "https://www.iryou.teikyouseido.mhlw.go.jp/znk-web/juminkanja/S2430/initialize?prefCd=01&kikanCd=3010013560&kikanKbn=3", "url2": null, "内容": "はやせ歯科医院【3:歯科】北海道旭川市豊岡１０条７丁目１番３号" }, "geometry": { "type": "Point", "coordinates": [ 142.413032, 43.767158 ] } },
{ "type": "Feature", "properties": { "ID": 133010013570, "正式名称": "原田矯正歯科", "機関区分": 3, "都道府県コード": 1, "市区町村コード": 204, "所在地": "北海道旭川市１条通１０目左７号　嶋岡ビル１階", "緯度": 43.764602, "経度": 142.363175, "url": "https://www.iryou.teikyouseido.mhlw.go.jp/znk-web/juminkanja/S2430/initialize?prefCd=01&kikanCd=3010013570&kikanKbn=3", "url2": "http://artharada.com", "内容": "原田矯正歯科【3:歯科】北海道旭川市１条通１０目左７号　嶋岡ビル１階" }, "geometry": { "type": "Point", "coordinates": [ 142.363175, 43.764602 ] } },
{ "type": "Feature", "properties": { "ID": 133010013580, "正式名称": "医療法人社団はらだ歯科", "機関区分": 3, "都道府県コード": 1, "市区町村コード": 204, "所在地": "北海道旭川市４条１８丁目８２８番地", "緯度": 43.764519, "経度": 142.376979, "url": "https://www.iryou.teikyouseido.mhlw.go.jp/znk-web/juminkanja/S2430/initialize?prefCd=01&kikanCd=3010013580&kikanKbn=3", "url2": "www.harada-shika.net", "内容": "医療法人社団はらだ歯科【3:歯科】北海道旭川市４条１８丁目８２８番地" }, "geometry": { "type": "Point", "coordinates": [ 142.376979, 43.764519 ] } },
{ "type": "Feature", "properties": { "ID": 133010013590, "正式名称": "原田歯科医院", "機関区分": 3, "都道府県コード": 1, "市区町村コード": 204, "所在地": "北海道旭川市４条通８丁目　日本生命旭川４条通ビル１階", "緯度": 43.767074, "経度": 142.362092, "url": "https://www.iryou.teikyouseido.mhlw.go.jp/znk-web/juminkanja/S2430/initialize?prefCd=01&kikanCd=3010013590&kikanKbn=3", "url2": null, "内容": "原田歯科医院【3:歯科】北海道旭川市４条通８丁目　日本生命旭川４条通ビル１階" }, "geometry": { "type": "Point", "coordinates": [ 142.362092, 43.767074 ] } },
{ "type": "Feature", "properties": { "ID": 133010013600, "正式名称": "パワーズ歯科クリニック", "機関区分": 3, "都道府県コード": 1, "市区町村コード": 204, "所在地": "北海道旭川市永山１１条４丁目１１９－５１　パワーズベータービル２Ｆ", "緯度": 43.781351, "経度": 142.412115, "url": "https://www.iryou.teikyouseido.mhlw.go.jp/znk-web/juminkanja/S2430/initialize?prefCd=01&kikanCd=3010013600&kikanKbn=3", "url2": null, "内容": "パワーズ歯科クリニック【3:歯科】北海道旭川市永山１１条４丁目１１９－５１　パワーズベータービル２Ｆ" }, "geometry": { "type": "Point", "coordinates": [ 142.412115, 43.781351 ] } },
{ "type": "Feature", "properties": { "ID": 133010013610, "正式名称": "半澤歯科医院", "機関区分": 3, "都道府県コード": 1, "市区町村コード": 204, "所在地": "北海道旭川市４条通１４丁目右２号", "緯度": 43.765935, "経度": 142.370313, "url": "https://www.iryou.teikyouseido.mhlw.go.jp/znk-web/juminkanja/S2430/initialize?prefCd=01&kikanCd=3010013610&kikanKbn=3", "url2": null, "内容": "半澤歯科医院【3:歯科】北海道旭川市４条通１４丁目右２号" }, "geometry": { "type": "Point", "coordinates": [ 142.370313, 43.765935 ] } },
{ "type": "Feature", "properties": { "ID": 133010013640, "正式名称": "医療法人社団ヒロ歯科・口腔外科クリニック", "機関区分": 3, "都道府県コード": 1, "市区町村コード": 204, "所在地": "北海道旭川市永山７条１６丁目２－１５", "緯度": 43.802294, "経度": 142.43289, "url": "https://www.iryou.teikyouseido.mhlw.go.jp/znk-web/juminkanja/S2430/initialize?prefCd=01&kikanCd=3010013640&kikanKbn=3", "url2": "http://www.hirosika.com", "内容": "医療法人社団ヒロ歯科・口腔外科クリニック【3:歯科】北海道旭川市永山７条１６丁目２－１５" }, "geometry": { "type": "Point", "coordinates": [ 142.43289, 43.802294 ] } },
{ "type": "Feature", "properties": { "ID": 133010013660, "正式名称": "医療法人社団　藤田歯科医院", "機関区分": 3, "都道府県コード": 1, "市区町村コード": 204, "所在地": "北海道旭川市東光８条１丁目１番１０号", "緯度": 43.748799, "経度": 142.387785, "url": "https://www.iryou.teikyouseido.mhlw.go.jp/znk-web/juminkanja/S2430/initialize?prefCd=01&kikanCd=3010013660&kikanKbn=3", "url2": null, "内容": "医療法人社団　藤田歯科医院【3:歯科】北海道旭川市東光８条１丁目１番１０号" }, "geometry": { "type": "Point", "coordinates": [ 142.387785, 43.748799 ] } },
{ "type": "Feature", "properties": { "ID": 133010013720, "正式名称": "ほのぼの通り歯科", "機関区分": 3, "都道府県コード": 1, "市区町村コード": 204, "所在地": "北海道旭川市忠和４条６丁目３番６号", "緯度": 43.773573, "経度": 142.323428, "url": "https://www.iryou.teikyouseido.mhlw.go.jp/znk-web/juminkanja/S2430/initialize?prefCd=01&kikanCd=3010013720&kikanKbn=3", "url2": "http://honobono-dental.com", "内容": "ほのぼの通り歯科【3:歯科】北海道旭川市忠和４条６丁目３番６号" }, "geometry": { "type": "Point", "coordinates": [ 142.323428, 43.773573 ] } },
{ "type": "Feature", "properties": { "ID": 133010013750, "正式名称": "ぼんこはら歯科医院", "機関区分": 3, "都道府県コード": 1, "市区町村コード": 204, "所在地": "北海道旭川市東光５条７丁目８番８号", "緯度": 43.749577, "経度": 142.412921, "url": "https://www.iryou.teikyouseido.mhlw.go.jp/znk-web/juminkanja/S2430/initialize?prefCd=01&kikanCd=3010013750&kikanKbn=3", "url2": null, "内容": "ぼんこはら歯科医院【3:歯科】北海道旭川市東光５条７丁目８番８号" }, "geometry": { "type": "Point", "coordinates": [ 142.412921, 43.749577 ] } },
{ "type": "Feature", "properties": { "ID": 133010013790, "正式名称": "松田歯科クリニック", "機関区分": 3, "都道府県コード": 1, "市区町村コード": 204, "所在地": "北海道旭川市永山９条５丁目２番１号", "緯度": 43.785045, "経度": 142.412337, "url": "https://www.iryou.teikyouseido.mhlw.go.jp/znk-web/juminkanja/S2430/initialize?prefCd=01&kikanCd=3010013790&kikanKbn=3", "url2": "http://www.mama-dent.com/", "内容": "松田歯科クリニック【3:歯科】北海道旭川市永山９条５丁目２番１号" }, "geometry": { "type": "Point", "coordinates": [ 142.412337, 43.785045 ] } },
{ "type": "Feature", "properties": { "ID": 133010013800, "正式名称": "松本歯科クリニック", "機関区分": 3, "都道府県コード": 1, "市区町村コード": 204, "所在地": "北海道旭川市大町２条１０丁目１７５番地５５", "緯度": 43.792238, "経度": 142.353286, "url": "https://www.iryou.teikyouseido.mhlw.go.jp/znk-web/juminkanja/S2430/initialize?prefCd=01&kikanCd=3010013800&kikanKbn=3", "url2": "https://matsumoto118.com/", "内容": "松本歯科クリニック【3:歯科】北海道旭川市大町２条１０丁目１７５番地５５" }, "geometry": { "type": "Point", "coordinates": [ 142.353286, 43.792238 ] } },
{ "type": "Feature", "properties": { "ID": 133010013860, "正式名称": "医療法人社団啓成　三戸歯科医院", "機関区分": 3, "都道府県コード": 1, "市区町村コード": 204, "所在地": "北海道旭川市末広３条４丁目２番１号", "緯度": 43.808903, "経度": 142.381671, "url": "https://www.iryou.teikyouseido.mhlw.go.jp/znk-web/juminkanja/S2430/initialize?prefCd=01&kikanCd=3010013860&kikanKbn=3", "url2": null, "内容": "医療法人社団啓成　三戸歯科医院【3:歯科】北海道旭川市末広３条４丁目２番１号" }, "geometry": { "type": "Point", "coordinates": [ 142.381671, 43.808903 ] } },
{ "type": "Feature", "properties": { "ID": 133010013870, "正式名称": "緑ヶ丘歯科・矯正歯科クリニック", "機関区分": 3, "都道府県コード": 1, "市区町村コード": 204, "所在地": "北海道旭川市緑が丘４条１丁目１番２７号", "緯度": 43.736216, "経度": 142.375397, "url": "https://www.iryou.teikyouseido.mhlw.go.jp/znk-web/juminkanja/S2430/initialize?prefCd=01&kikanCd=3010013870&kikanKbn=3", "url2": null, "内容": "緑ヶ丘歯科・矯正歯科クリニック【3:歯科】北海道旭川市緑が丘４条１丁目１番２７号" }, "geometry": { "type": "Point", "coordinates": [ 142.375397, 43.736216 ] } },
{ "type": "Feature", "properties": { "ID": 133010013880, "正式名称": "医療法人社団　緑町歯科医院", "機関区分": 3, "都道府県コード": 1, "市区町村コード": 204, "所在地": "北海道旭川市緑町２４丁目２１４３番地", "緯度": 43.794293, "経度": 142.322538, "url": "https://www.iryou.teikyouseido.mhlw.go.jp/znk-web/juminkanja/S2430/initialize?prefCd=01&kikanCd=3010013880&kikanKbn=3", "url2": null, "内容": "医療法人社団　緑町歯科医院【3:歯科】北海道旭川市緑町２４丁目２１４３番地" }, "geometry": { "type": "Point", "coordinates": [ 142.322538, 43.794293 ] } },
{ "type": "Feature", "properties": { "ID": 133010013890, "正式名称": "みなと歯科クリニック", "機関区分": 3, "都道府県コード": 1, "市区町村コード": 204, "所在地": "北海道旭川市南５条通２６丁目５０４－９３", "緯度": 43.750187, "経度": 142.384535, "url": "https://www.iryou.teikyouseido.mhlw.go.jp/znk-web/juminkanja/S2430/initialize?prefCd=01&kikanCd=3010013890&kikanKbn=3", "url2": "http://www..minatodental.com", "内容": "みなと歯科クリニック【3:歯科】北海道旭川市南５条通２６丁目５０４－９３" }, "geometry": { "type": "Point", "coordinates": [ 142.384535, 43.750187 ] } },
{ "type": "Feature", "properties": { "ID": 133010013900, "正式名称": "南６条通り歯科", "機関区分": 3, "都道府県コード": 1, "市区町村コード": 204, "所在地": "北海道旭川市南６条通２４丁目１９７５番地の３１５", "緯度": 43.750937, "経度": 142.380091, "url": "https://www.iryou.teikyouseido.mhlw.go.jp/znk-web/juminkanja/S2430/initialize?prefCd=01&kikanCd=3010013900&kikanKbn=3", "url2": null, "内容": "南６条通り歯科【3:歯科】北海道旭川市南６条通２４丁目１９７５番地の３１５" }, "geometry": { "type": "Point", "coordinates": [ 142.380091, 43.750937 ] } },
{ "type": "Feature", "properties": { "ID": 133010013910, "正式名称": "医療法人社団　宮田歯科医院", "機関区分": 3, "都道府県コード": 1, "市区町村コード": 204, "所在地": "北海道旭川市永山２条１８丁目２番１９号", "緯度": 43.810598, "経度": 142.433722, "url": "https://www.iryou.teikyouseido.mhlw.go.jp/znk-web/juminkanja/S2430/initialize?prefCd=01&kikanCd=3010013910&kikanKbn=3", "url2": null, "内容": "医療法人社団　宮田歯科医院【3:歯科】北海道旭川市永山２条１８丁目２番１９号" }, "geometry": { "type": "Point", "coordinates": [ 142.433722, 43.810598 ] } },
{ "type": "Feature", "properties": { "ID": 133010013930, "正式名称": "医療法人明友会　宮前通り東歯科", "機関区分": 3, "都道府県コード": 1, "市区町村コード": 204, "所在地": "北海道旭川市宮前１条４丁目１５－１", "緯度": 43.75752, "経度": 142.374119, "url": "https://www.iryou.teikyouseido.mhlw.go.jp/znk-web/juminkanja/S2430/initialize?prefCd=01&kikanCd=3010013930&kikanKbn=3", "url2": "http://www.miyamae-dent.jp/", "内容": "医療法人明友会　宮前通り東歯科【3:歯科】北海道旭川市宮前１条４丁目１５－１" }, "geometry": { "type": "Point", "coordinates": [ 142.374119, 43.75752 ] } },
{ "type": "Feature", "properties": { "ID": 133010013950, "正式名称": "もとむら歯科医院", "機関区分": 3, "都道府県コード": 1, "市区町村コード": 204, "所在地": "北海道旭川市東光７条３丁目４０６番地の８０", "緯度": 43.74916, "経度": 142.39845, "url": "https://www.iryou.teikyouseido.mhlw.go.jp/znk-web/juminkanja/S2430/initialize?prefCd=01&kikanCd=3010013950&kikanKbn=3", "url2": null, "内容": "もとむら歯科医院【3:歯科】北海道旭川市東光７条３丁目４０６番地の８０" }, "geometry": { "type": "Point", "coordinates": [ 142.39845, 43.74916 ] } },
{ "type": "Feature", "properties": { "ID": 133010013970, "正式名称": "森田歯科医院", "機関区分": 3, "都道府県コード": 1, "市区町村コード": 204, "所在地": "北海道旭川市永山９条１３丁目１番２号", "緯度": 43.796405, "経度": 142.429307, "url": "https://www.iryou.teikyouseido.mhlw.go.jp/znk-web/juminkanja/S2430/initialize?prefCd=01&kikanCd=3010013970&kikanKbn=3", "url2": null, "内容": "森田歯科医院【3:歯科】北海道旭川市永山９条１３丁目１番２号" }, "geometry": { "type": "Point", "coordinates": [ 142.429307, 43.796405 ] } },
{ "type": "Feature", "properties": { "ID": 133010013980, "正式名称": "森山歯科医院", "機関区分": 3, "都道府県コード": 1, "市区町村コード": 204, "所在地": "北海道旭川市旭町１条５丁目８４１番地の３１", "緯度": 43.785016, "経度": 142.354897, "url": "https://www.iryou.teikyouseido.mhlw.go.jp/znk-web/juminkanja/S2430/initialize?prefCd=01&kikanCd=3010013980&kikanKbn=3", "url2": "http://www.moriyama-dental.jp/", "内容": "森山歯科医院【3:歯科】北海道旭川市旭町１条５丁目８４１番地の３１" }, "geometry": { "type": "Point", "coordinates": [ 142.354897, 43.785016 ] } },
{ "type": "Feature", "properties": { "ID": 133010014010, "正式名称": "医療法人社団やすみ歯科", "機関区分": 3, "都道府県コード": 1, "市区町村コード": 204, "所在地": "北海道旭川市旭神２条２丁目７番２号", "緯度": 43.739716, "経度": 142.385285, "url": "https://www.iryou.teikyouseido.mhlw.go.jp/znk-web/juminkanja/S2430/initialize?prefCd=01&kikanCd=3010014010&kikanKbn=3", "url2": null, "内容": "医療法人社団やすみ歯科【3:歯科】北海道旭川市旭神２条２丁目７番２号" }, "geometry": { "type": "Point", "coordinates": [ 142.385285, 43.739716 ] } },
{ "type": "Feature", "properties": { "ID": 133010014020, "正式名称": "医療法人社団　やぶしたフラワー歯科医院", "機関区分": 3, "都道府県コード": 1, "市区町村コード": 204, "所在地": "北海道旭川市東旭川北１条６丁目１０番２５号", "緯度": 43.770908, "経度": 142.443973, "url": "https://www.iryou.teikyouseido.mhlw.go.jp/znk-web/juminkanja/S2430/initialize?prefCd=01&kikanCd=3010014020&kikanKbn=3", "url2": null, "内容": "医療法人社団　やぶしたフラワー歯科医院【3:歯科】北海道旭川市東旭川北１条６丁目１０番２５号" }, "geometry": { "type": "Point", "coordinates": [ 142.443973, 43.770908 ] } },
{ "type": "Feature", "properties": { "ID": 133010014030, "正式名称": "山口歯科医院", "機関区分": 3, "都道府県コード": 1, "市区町村コード": 204, "所在地": "北海道旭川市東８条４丁目１番１７号", "緯度": 43.777629, "経度": 142.381506, "url": "https://www.iryou.teikyouseido.mhlw.go.jp/znk-web/juminkanja/S2430/initialize?prefCd=01&kikanCd=3010014030&kikanKbn=3", "url2": null, "内容": "山口歯科医院【3:歯科】北海道旭川市東８条４丁目１番１７号" }, "geometry": { "type": "Point", "coordinates": [ 142.381506, 43.777629 ] } },
{ "type": "Feature", "properties": { "ID": 133010014060, "正式名称": "山田歯科医院", "機関区分": 3, "都道府県コード": 1, "市区町村コード": 204, "所在地": "北海道旭川市１条通８丁目３４８－２　　旭川一条通ビル６Ｆ", "緯度": 43.765102, "経度": 142.360203, "url": "https://www.iryou.teikyouseido.mhlw.go.jp/znk-web/juminkanja/S2430/initialize?prefCd=01&kikanCd=3010014060&kikanKbn=3", "url2": "https://www.yamada1.jp/", "内容": "山田歯科医院【3:歯科】北海道旭川市１条通８丁目３４８－２　　旭川一条通ビル６Ｆ" }, "geometry": { "type": "Point", "coordinates": [ 142.360203, 43.765102 ] } },
{ "type": "Feature", "properties": { "ID": 133010014090, "正式名称": "医療法人　社団　大和歯科医院", "機関区分": 3, "都道府県コード": 1, "市区町村コード": 204, "所在地": "北海道旭川市東光１１条８丁目１番２４号", "緯度": 43.744383, "経度": 142.414672, "url": "https://www.iryou.teikyouseido.mhlw.go.jp/znk-web/juminkanja/S2430/initialize?prefCd=01&kikanCd=3010014090&kikanKbn=3", "url2": "https://www.yamato-shika.com/", "内容": "医療法人　社団　大和歯科医院【3:歯科】北海道旭川市東光１１条８丁目１番２４号" }, "geometry": { "type": "Point", "coordinates": [ 142.414672, 43.744383 ] } },
{ "type": "Feature", "properties": { "ID": 133010014100, "正式名称": "医療法人社団　ユー歯科クリニック", "機関区分": 3, "都道府県コード": 1, "市区町村コード": 204, "所在地": "北海道旭川市春光５条８丁目１９番１０号", "緯度": 43.807264, "経度": 142.369867, "url": "https://www.iryou.teikyouseido.mhlw.go.jp/znk-web/juminkanja/S2430/initialize?prefCd=01&kikanCd=3010014100&kikanKbn=3", "url2": null, "内容": "医療法人社団　ユー歯科クリニック【3:歯科】北海道旭川市春光５条８丁目１９番１０号" }, "geometry": { "type": "Point", "coordinates": [ 142.369867, 43.807264 ] } },
{ "type": "Feature", "properties": { "ID": 133010014120, "正式名称": "ヨシダ歯科", "機関区分": 3, "都道府県コード": 1, "市区町村コード": 204, "所在地": "北海道旭川市豊岡７条３丁目３番８号", "緯度": 43.765214, "経度": 142.398922, "url": "https://www.iryou.teikyouseido.mhlw.go.jp/znk-web/juminkanja/S2430/initialize?prefCd=01&kikanCd=3010014120&kikanKbn=3", "url2": "http://yoshidadent.com/facility.html", "内容": "ヨシダ歯科【3:歯科】北海道旭川市豊岡７条３丁目３番８号" }, "geometry": { "type": "Point", "coordinates": [ 142.398922, 43.765214 ] } },
{ "type": "Feature", "properties": { "ID": 133010014140, "正式名称": "ライフ歯科クリニック", "機関区分": 3, "都道府県コード": 1, "市区町村コード": 204, "所在地": "北海道旭川市永山２条１８丁目２番２５号", "緯度": 43.810154, "経度": 142.432889, "url": "https://www.iryou.teikyouseido.mhlw.go.jp/znk-web/juminkanja/S2430/initialize?prefCd=01&kikanCd=3010014140&kikanKbn=3", "url2": null, "内容": "ライフ歯科クリニック【3:歯科】北海道旭川市永山２条１８丁目２番２５号" }, "geometry": { "type": "Point", "coordinates": [ 142.432889, 43.810154 ] } },
{ "type": "Feature", "properties": { "ID": 133010014150, "正式名称": "ルミネ歯科医院", "機関区分": 3, "都道府県コード": 1, "市区町村コード": 204, "所在地": "北海道旭川市豊岡１条５丁目３２４番地３　生活協同組合市民生協コープさっぽろルミネ東光店２階", "緯度": 43.755326, "経度": 142.404255, "url": "https://www.iryou.teikyouseido.mhlw.go.jp/znk-web/juminkanja/S2430/initialize?prefCd=01&kikanCd=3010014150&kikanKbn=3", "url2": null, "内容": "ルミネ歯科医院【3:歯科】北海道旭川市豊岡１条５丁目３２４番地３　生活協同組合市民生協コープさっぽろルミネ東光店２階" }, "geometry": { "type": "Point", "coordinates": [ 142.404255, 43.755326 ] } },
{ "type": "Feature", "properties": { "ID": 133010014180, "正式名称": "わかば歯科医院", "機関区分": 3, "都道府県コード": 1, "市区町村コード": 204, "所在地": "北海道旭川市春光５条１丁目５番１３号", "緯度": 43.799293, "経度": 142.35398, "url": "https://www.iryou.teikyouseido.mhlw.go.jp/znk-web/juminkanja/S2430/initialize?prefCd=01&kikanCd=3010014180&kikanKbn=3", "url2": null, "内容": "わかば歯科医院【3:歯科】北海道旭川市春光５条１丁目５番１３号" }, "geometry": { "type": "Point", "coordinates": [ 142.35398, 43.799293 ] } },
{ "type": "Feature", "properties": { "ID": 133010014210, "正式名称": "清藤歯科医院", "機関区分": 3, "都道府県コード": 1, "市区町村コード": 202, "所在地": "北海道函館市松陰町３２番１６号", "緯度": 41.7896552, "経度": 140.7643391, "url": "https://www.iryou.teikyouseido.mhlw.go.jp/znk-web/juminkanja/S2430/initialize?prefCd=01&kikanCd=3010014210&kikanKbn=3", "url2": "https://www.seidoushika.com/", "内容": "清藤歯科医院【3:歯科】北海道函館市松陰町３２番１６号" }, "geometry": { "type": "Point", "coordinates": [ 140.7643391, 41.7896552 ] } },
{ "type": "Feature", "properties": { "ID": 133010014220, "正式名称": "白井歯科医院", "機関区分": 3, "都道府県コード": 1, "市区町村コード": 202, "所在地": "北海道函館市弁天町６番４号", "緯度": 41.7712864, "経度": 140.7040247, "url": "https://www.iryou.teikyouseido.mhlw.go.jp/znk-web/juminkanja/S2430/initialize?prefCd=01&kikanCd=3010014220&kikanKbn=3", "url2": null, "内容": "白井歯科医院【3:歯科】北海道函館市弁天町６番４号" }, "geometry": { "type": "Point", "coordinates": [ 140.7040247, 41.7712864 ] } },
{ "type": "Feature", "properties": { "ID": 133010014230, "正式名称": "西根歯科医院", "機関区分": 3, "都道府県コード": 1, "市区町村コード": 202, "所在地": "北海道函館市上湯川町４３番６号", "緯度": 41.7852251, "経度": 140.8128215, "url": "https://www.iryou.teikyouseido.mhlw.go.jp/znk-web/juminkanja/S2430/initialize?prefCd=01&kikanCd=3010014230&kikanKbn=3", "url2": "nishinedental.jp", "内容": "西根歯科医院【3:歯科】北海道函館市上湯川町４３番６号" }, "geometry": { "type": "Point", "coordinates": [ 140.812821500000013, 41.7852251 ] } },
{ "type": "Feature", "properties": { "ID": 133010014250, "正式名称": "黒田歯科医院", "機関区分": 3, "都道府県コード": 1, "市区町村コード": 202, "所在地": "北海道函館市美原３丁目２番１７号", "緯度": 35.985325, "経度": 139.082611, "url": "https://www.iryou.teikyouseido.mhlw.go.jp/znk-web/juminkanja/S2430/initialize?prefCd=01&kikanCd=3010014250&kikanKbn=3", "url2": null, "内容": "黒田歯科医院【3:歯科】北海道函館市美原３丁目２番１７号" }, "geometry": { "type": "Point", "coordinates": [ 139.082611, 35.985325 ] } },
{ "type": "Feature", "properties": { "ID": 133010014260, "正式名称": "北条歯科医院", "機関区分": 3, "都道府県コード": 1, "市区町村コード": 202, "所在地": "北海道函館市鍛治２丁目２４番４号", "緯度": 41.809144, "経度": 140.763981, "url": "https://www.iryou.teikyouseido.mhlw.go.jp/znk-web/juminkanja/S2430/initialize?prefCd=01&kikanCd=3010014260&kikanKbn=3", "url2": "http://www.hojo-dental.com", "内容": "北条歯科医院【3:歯科】北海道函館市鍛治２丁目２４番４号" }, "geometry": { "type": "Point", "coordinates": [ 140.763981, 41.809144 ] } },
{ "type": "Feature", "properties": { "ID": 133010014280, "正式名称": "鍵谷歯科医院", "機関区分": 3, "都道府県コード": 1, "市区町村コード": 202, "所在地": "北海道函館市松風町１６番１７号", "緯度": 41.7722752, "経度": 140.7336659, "url": "https://www.iryou.teikyouseido.mhlw.go.jp/znk-web/juminkanja/S2430/initialize?prefCd=01&kikanCd=3010014280&kikanKbn=3", "url2": null, "内容": "鍵谷歯科医院【3:歯科】北海道函館市松風町１６番１７号" }, "geometry": { "type": "Point", "coordinates": [ 140.7336659, 41.7722752 ] } },
{ "type": "Feature", "properties": { "ID": 133010014360, "正式名称": "三ツ石歯科医院", "機関区分": 3, "都道府県コード": 1, "市区町村コード": 202, "所在地": "北海道函館市桔梗３丁目２６番５号", "緯度": 41.8460153, "経度": 140.7242365, "url": "https://www.iryou.teikyouseido.mhlw.go.jp/znk-web/juminkanja/S2430/initialize?prefCd=01&kikanCd=3010014360&kikanKbn=3", "url2": null, "内容": "三ツ石歯科医院【3:歯科】北海道函館市桔梗３丁目２６番５号" }, "geometry": { "type": "Point", "coordinates": [ 140.724236499999989, 41.8460153 ] } },
{ "type": "Feature", "properties": { "ID": 133010014390, "正式名称": "ほりかわ歯科医院", "機関区分": 3, "都道府県コード": 1, "市区町村コード": 202, "所在地": "北海道函館市大縄町１６番３０号", "緯度": 41.7826694, "経度": 140.7382548, "url": "https://www.iryou.teikyouseido.mhlw.go.jp/znk-web/juminkanja/S2430/initialize?prefCd=01&kikanCd=3010014390&kikanKbn=3", "url2": null, "内容": "ほりかわ歯科医院【3:歯科】北海道函館市大縄町１６番３０号" }, "geometry": { "type": "Point", "coordinates": [ 140.7382548, 41.7826694 ] } },
{ "type": "Feature", "properties": { "ID": 133010014430, "正式名称": "佐野歯科医院", "機関区分": 3, "都道府県コード": 1, "市区町村コード": 202, "所在地": "北海道函館市宝来町２３番２４号", "緯度": 41.7622683, "経度": 140.7210154, "url": "https://www.iryou.teikyouseido.mhlw.go.jp/znk-web/juminkanja/S2430/initialize?prefCd=01&kikanCd=3010014430&kikanKbn=3", "url2": null, "内容": "佐野歯科医院【3:歯科】北海道函館市宝来町２３番２４号" }, "geometry": { "type": "Point", "coordinates": [ 140.7210154, 41.7622683 ] } },
{ "type": "Feature", "properties": { "ID": 133010014460, "正式名称": "渡辺歯科クリニック", "機関区分": 3, "都道府県コード": 1, "市区町村コード": 202, "所在地": "北海道函館市花園町２６番８号", "緯度": 41.7919656, "経度": 140.7807932, "url": "https://www.iryou.teikyouseido.mhlw.go.jp/znk-web/juminkanja/S2430/initialize?prefCd=01&kikanCd=3010014460&kikanKbn=3", "url2": null, "内容": "渡辺歯科クリニック【3:歯科】北海道函館市花園町２６番８号" }, "geometry": { "type": "Point", "coordinates": [ 140.7807932, 41.7919656 ] } },
{ "type": "Feature", "properties": { "ID": 133010014480, "正式名称": "塚本歯科医院", "機関区分": 3, "都道府県コード": 1, "市区町村コード": 202, "所在地": "北海道函館市美原２丁目５番１７号", "緯度": 41.8153494, "経度": 140.7588329, "url": "https://www.iryou.teikyouseido.mhlw.go.jp/znk-web/juminkanja/S2430/initialize?prefCd=01&kikanCd=3010014480&kikanKbn=3", "url2": null, "内容": "塚本歯科医院【3:歯科】北海道函館市美原２丁目５番１７号" }, "geometry": { "type": "Point", "coordinates": [ 140.758832899999987, 41.8153494 ] } },
{ "type": "Feature", "properties": { "ID": 133010014500, "正式名称": "岡本歯科医院", "機関区分": 3, "都道府県コード": 1, "市区町村コード": 202, "所在地": "北海道函館市新川町２２番８号", "緯度": 41.7759472, "経度": 140.7370175, "url": "https://www.iryou.teikyouseido.mhlw.go.jp/znk-web/juminkanja/S2430/initialize?prefCd=01&kikanCd=3010014500&kikanKbn=3", "url2": null, "内容": "岡本歯科医院【3:歯科】北海道函館市新川町２２番８号" }, "geometry": { "type": "Point", "coordinates": [ 140.7370175, 41.7759472 ] } },
{ "type": "Feature", "properties": { "ID": 133010014520, "正式名称": "中塚歯科", "機関区分": 3, "都道府県コード": 1, "市区町村コード": 202, "所在地": "北海道函館市美原３丁目６番１２号", "緯度": 35.984785, "経度": 139.082602, "url": "https://www.iryou.teikyouseido.mhlw.go.jp/znk-web/juminkanja/S2430/initialize?prefCd=01&kikanCd=3010014520&kikanKbn=3", "url2": "https://nakatsukadentaloffice.com/", "内容": "中塚歯科【3:歯科】北海道函館市美原３丁目６番１２号" }, "geometry": { "type": "Point", "coordinates": [ 139.082602, 35.984785 ] } },
{ "type": "Feature", "properties": { "ID": 133010014530, "正式名称": "向山歯科医院", "機関区分": 3, "都道府県コード": 1, "市区町村コード": 202, "所在地": "北海道函館市花園町２０番７号", "緯度": 41.7924843, "経度": 140.7823915, "url": "https://www.iryou.teikyouseido.mhlw.go.jp/znk-web/juminkanja/S2430/initialize?prefCd=01&kikanCd=3010014530&kikanKbn=3", "url2": "http://mukoyamahanazono.com/", "内容": "向山歯科医院【3:歯科】北海道函館市花園町２０番７号" }, "geometry": { "type": "Point", "coordinates": [ 140.782391499999989, 41.7924843 ] } },
{ "type": "Feature", "properties": { "ID": 133010014580, "正式名称": "藤川歯科医院", "機関区分": 3, "都道府県コード": 1, "市区町村コード": 202, "所在地": "北海道函館市日吉町３丁目４３番１７号", "緯度": 41.7946336, "経度": 140.7840828, "url": "https://www.iryou.teikyouseido.mhlw.go.jp/znk-web/juminkanja/S2430/initialize?prefCd=01&kikanCd=3010014580&kikanKbn=3", "url2": null, "内容": "藤川歯科医院【3:歯科】北海道函館市日吉町３丁目４３番１７号" }, "geometry": { "type": "Point", "coordinates": [ 140.7840828, 41.7946336 ] } },
{ "type": "Feature", "properties": { "ID": 133010014610, "正式名称": "二俣歯科医院", "機関区分": 3, "都道府県コード": 1, "市区町村コード": 202, "所在地": "北海道函館市美原５丁目２７番１４号", "緯度": 41.8244315, "経度": 140.7543631, "url": "https://www.iryou.teikyouseido.mhlw.go.jp/znk-web/juminkanja/S2430/initialize?prefCd=01&kikanCd=3010014610&kikanKbn=3", "url2": null, "内容": "二俣歯科医院【3:歯科】北海道函館市美原５丁目２７番１４号" }, "geometry": { "type": "Point", "coordinates": [ 140.7543631, 41.8244315 ] } },
{ "type": "Feature", "properties": { "ID": 133010014630, "正式名称": "駒木歯科医院", "機関区分": 3, "都道府県コード": 1, "市区町村コード": 202, "所在地": "北海道函館市昭和１丁目３番９号", "緯度": 41.811304, "経度": 140.742392, "url": "https://www.iryou.teikyouseido.mhlw.go.jp/znk-web/juminkanja/S2430/initialize?prefCd=01&kikanCd=3010014630&kikanKbn=3", "url2": null, "内容": "駒木歯科医院【3:歯科】北海道函館市昭和１丁目３番９号" }, "geometry": { "type": "Point", "coordinates": [ 140.742392, 41.811304 ] } },
{ "type": "Feature", "properties": { "ID": 133010014680, "正式名称": "医療法人社団さいとう歯科診療室高松歯科", "機関区分": 3, "都道府県コード": 1, "市区町村コード": 202, "所在地": "北海道函館市高松町４１８番地１号", "緯度": 41.7708364, "経度": 140.8054472, "url": "https://www.iryou.teikyouseido.mhlw.go.jp/znk-web/juminkanja/S2430/initialize?prefCd=01&kikanCd=3010014680&kikanKbn=3", "url2": null, "内容": "医療法人社団さいとう歯科診療室高松歯科【3:歯科】北海道函館市高松町４１８番地１号" }, "geometry": { "type": "Point", "coordinates": [ 140.8054472, 41.7708364 ] } },
{ "type": "Feature", "properties": { "ID": 133010014690, "正式名称": "医療法人社団Ｃ．Ｓ．Ｃ．Ｌ会にしかわ歯科本通りクリニック", "機関区分": 3, "都道府県コード": 1, "市区町村コード": 202, "所在地": "北海道函館市本通１丁目４番２５号", "緯度": 41.7955847, "経度": 140.7676407, "url": "https://www.iryou.teikyouseido.mhlw.go.jp/znk-web/juminkanja/S2430/initialize?prefCd=01&kikanCd=3010014690&kikanKbn=3", "url2": "https://www.hakodate-shika.com/", "内容": "医療法人社団Ｃ．Ｓ．Ｃ．Ｌ会にしかわ歯科本通りクリニック【3:歯科】北海道函館市本通１丁目４番２５号" }, "geometry": { "type": "Point", "coordinates": [ 140.767640699999987, 41.7955847 ] } },
{ "type": "Feature", "properties": { "ID": 133010014710, "正式名称": "最上デンタルクリニック", "機関区分": 3, "都道府県コード": 1, "市区町村コード": 202, "所在地": "北海道函館市上野町２番１号", "緯度": 41.783314, "経度": 140.797146, "url": "https://www.iryou.teikyouseido.mhlw.go.jp/znk-web/juminkanja/S2430/initialize?prefCd=01&kikanCd=3010014710&kikanKbn=3", "url2": null, "内容": "最上デンタルクリニック【3:歯科】北海道函館市上野町２番１号" }, "geometry": { "type": "Point", "coordinates": [ 140.797146, 41.783314 ] } },
{ "type": "Feature", "properties": { "ID": 133010014740, "正式名称": "医療法人社団いそべ歯科医院", "機関区分": 3, "都道府県コード": 1, "市区町村コード": 202, "所在地": "北海道函館市昭和４丁目３４番１０号", "緯度": 41.820282, "経度": 140.732928, "url": "https://www.iryou.teikyouseido.mhlw.go.jp/znk-web/juminkanja/S2430/initialize?prefCd=01&kikanCd=3010014740&kikanKbn=3", "url2": null, "内容": "医療法人社団いそべ歯科医院【3:歯科】北海道函館市昭和４丁目３４番１０号" }, "geometry": { "type": "Point", "coordinates": [ 140.732928, 41.820282 ] } },
{ "type": "Feature", "properties": { "ID": 133010014760, "正式名称": "原田歯科医院", "機関区分": 3, "都道府県コード": 1, "市区町村コード": 202, "所在地": "北海道函館市鍛治１丁目１０番１０号", "緯度": 41.802589, "経度": 140.758871, "url": "https://www.iryou.teikyouseido.mhlw.go.jp/znk-web/juminkanja/S2430/initialize?prefCd=01&kikanCd=3010014760&kikanKbn=3", "url2": null, "内容": "原田歯科医院【3:歯科】北海道函館市鍛治１丁目１０番１０号" }, "geometry": { "type": "Point", "coordinates": [ 140.758871, 41.802589 ] } },
{ "type": "Feature", "properties": { "ID": 133010014780, "正式名称": "上平歯科医院", "機関区分": 3, "都道府県コード": 1, "市区町村コード": 202, "所在地": "北海道函館市本通２丁目５３番２０号", "緯度": 41.8010429, "経度": 140.7688663, "url": "https://www.iryou.teikyouseido.mhlw.go.jp/znk-web/juminkanja/S2430/initialize?prefCd=01&kikanCd=3010014780&kikanKbn=3", "url2": null, "内容": "上平歯科医院【3:歯科】北海道函館市本通２丁目５３番２０号" }, "geometry": { "type": "Point", "coordinates": [ 140.768866300000013, 41.8010429 ] } },
{ "type": "Feature", "properties": { "ID": 133010014800, "正式名称": "小泉歯科医院", "機関区分": 3, "都道府県コード": 1, "市区町村コード": 202, "所在地": "北海道函館市神山３丁目５８番１８号", "緯度": 41.8140016, "経度": 140.7692501, "url": "https://www.iryou.teikyouseido.mhlw.go.jp/znk-web/juminkanja/S2430/initialize?prefCd=01&kikanCd=3010014800&kikanKbn=3", "url2": null, "内容": "小泉歯科医院【3:歯科】北海道函館市神山３丁目５８番１８号" }, "geometry": { "type": "Point", "coordinates": [ 140.7692501, 41.8140016 ] } },
{ "type": "Feature", "properties": { "ID": 133010014810, "正式名称": "医療法人社団澤木歯科医院", "機関区分": 3, "都道府県コード": 1, "市区町村コード": 202, "所在地": "北海道函館市港町２丁目１０番２０号", "緯度": 41.8094143, "経度": 140.7209555, "url": "https://www.iryou.teikyouseido.mhlw.go.jp/znk-web/juminkanja/S2430/initialize?prefCd=01&kikanCd=3010014810&kikanKbn=3", "url2": null, "内容": "医療法人社団澤木歯科医院【3:歯科】北海道函館市港町２丁目１０番２０号" }, "geometry": { "type": "Point", "coordinates": [ 140.7209555, 41.8094143 ] } },
{ "type": "Feature", "properties": { "ID": 133010014840, "正式名称": "日乃出歯科クリニック", "機関区分": 3, "都道府県コード": 1, "市区町村コード": 202, "所在地": "北海道函館市日乃出町４番１２号", "緯度": 35.992567, "経度": 139.087422, "url": "https://www.iryou.teikyouseido.mhlw.go.jp/znk-web/juminkanja/S2430/initialize?prefCd=01&kikanCd=3010014840&kikanKbn=3", "url2": null, "内容": "日乃出歯科クリニック【3:歯科】北海道函館市日乃出町４番１２号" }, "geometry": { "type": "Point", "coordinates": [ 139.087422, 35.992567 ] } },
{ "type": "Feature", "properties": { "ID": 133010014870, "正式名称": "タカミ歯科クリニック", "機関区分": 3, "都道府県コード": 1, "市区町村コード": 202, "所在地": "北海道函館市谷地頭町３４番１４号", "緯度": 41.7523518, "経度": 140.7165566, "url": "https://www.iryou.teikyouseido.mhlw.go.jp/znk-web/juminkanja/S2430/initialize?prefCd=01&kikanCd=3010014870&kikanKbn=3", "url2": null, "内容": "タカミ歯科クリニック【3:歯科】北海道函館市谷地頭町３４番１４号" }, "geometry": { "type": "Point", "coordinates": [ 140.7165566, 41.7523518 ] } },
{ "type": "Feature", "properties": { "ID": 133010014880, "正式名称": "医療法人社団敬和会大内歯科医院", "機関区分": 3, "都道府県コード": 1, "市区町村コード": 202, "所在地": "北海道函館市大手町１０番２１号", "緯度": 41.7682477, "経度": 140.7240437, "url": "https://www.iryou.teikyouseido.mhlw.go.jp/znk-web/juminkanja/S2430/initialize?prefCd=01&kikanCd=3010014880&kikanKbn=3", "url2": null, "内容": "医療法人社団敬和会大内歯科医院【3:歯科】北海道函館市大手町１０番２１号" }, "geometry": { "type": "Point", "coordinates": [ 140.72404370000001, 41.7682477 ] } },
{ "type": "Feature", "properties": { "ID": 133010014890, "正式名称": "布目歯科クリニック", "機関区分": 3, "都道府県コード": 1, "市区町村コード": 202, "所在地": "北海道函館市湯川町１丁目４１番１０号石田ビル２階", "緯度": 41.782133, "経度": 140.781348, "url": "https://www.iryou.teikyouseido.mhlw.go.jp/znk-web/juminkanja/S2430/initialize?prefCd=01&kikanCd=3010014890&kikanKbn=3", "url2": null, "内容": "布目歯科クリニック【3:歯科】北海道函館市湯川町１丁目４１番１０号石田ビル２階" }, "geometry": { "type": "Point", "coordinates": [ 140.781348, 41.782133 ] } },
{ "type": "Feature", "properties": { "ID": 133010014920, "正式名称": "医療法人社団油川歯科クリニック", "機関区分": 3, "都道府県コード": 1, "市区町村コード": 202, "所在地": "北海道函館市本通３丁目２番６号", "緯度": 41.7910972, "経度": 140.7772826, "url": "https://www.iryou.teikyouseido.mhlw.go.jp/znk-web/juminkanja/S2430/initialize?prefCd=01&kikanCd=3010014920&kikanKbn=3", "url2": null, "内容": "医療法人社団油川歯科クリニック【3:歯科】北海道函館市本通３丁目２番６号" }, "geometry": { "type": "Point", "coordinates": [ 140.7772826, 41.7910972 ] } },
{ "type": "Feature", "properties": { "ID": 133010014930, "正式名称": "山田歯科医院", "機関区分": 3, "都道府県コード": 1, "市区町村コード": 202, "所在地": "北海道函館市港町３丁目２番１２号", "緯度": 41.8104226, "経度": 140.7150399, "url": "https://www.iryou.teikyouseido.mhlw.go.jp/znk-web/juminkanja/S2430/initialize?prefCd=01&kikanCd=3010014930&kikanKbn=3", "url2": null, "内容": "山田歯科医院【3:歯科】北海道函館市港町３丁目２番１２号" }, "geometry": { "type": "Point", "coordinates": [ 140.7150399, 41.8104226 ] } },
{ "type": "Feature", "properties": { "ID": 133010014940, "正式名称": "釜田歯科医院", "機関区分": 3, "都道府県コード": 1, "市区町村コード": 202, "所在地": "北海道函館市湯川町２丁目２７番３号", "緯度": 41.78105, "経度": 140.7889031, "url": "https://www.iryou.teikyouseido.mhlw.go.jp/znk-web/juminkanja/S2430/initialize?prefCd=01&kikanCd=3010014940&kikanKbn=3", "url2": null, "内容": "釜田歯科医院【3:歯科】北海道函館市湯川町２丁目２７番３号" }, "geometry": { "type": "Point", "coordinates": [ 140.7889031, 41.78105 ] } },
{ "type": "Feature", "properties": { "ID": 133010014990, "正式名称": "つるが歯科医院", "機関区分": 3, "都道府県コード": 1, "市区町村コード": 202, "所在地": "北海道函館市北美原１丁目１７番４号", "緯度": 35.987902, "経度": 139.07508, "url": "https://www.iryou.teikyouseido.mhlw.go.jp/znk-web/juminkanja/S2430/initialize?prefCd=01&kikanCd=3010014990&kikanKbn=3", "url2": null, "内容": "つるが歯科医院【3:歯科】北海道函館市北美原１丁目１７番４号" }, "geometry": { "type": "Point", "coordinates": [ 139.07508, 35.987902 ] } },
{ "type": "Feature", "properties": { "ID": 133010015000, "正式名称": "ひらい歯科クリニック", "機関区分": 3, "都道府県コード": 1, "市区町村コード": 202, "所在地": "北海道函館市山の手３丁目１番１８号", "緯度": 41.8040992, "経度": 140.7770289, "url": "https://www.iryou.teikyouseido.mhlw.go.jp/znk-web/juminkanja/S2430/initialize?prefCd=01&kikanCd=3010015000&kikanKbn=3", "url2": null, "内容": "ひらい歯科クリニック【3:歯科】北海道函館市山の手３丁目１番１８号" }, "geometry": { "type": "Point", "coordinates": [ 140.7770289, 41.8040992 ] } },
{ "type": "Feature", "properties": { "ID": 133010015010, "正式名称": "八幡町さわき歯科医院", "機関区分": 3, "都道府県コード": 1, "市区町村コード": 202, "所在地": "北海道函館市八幡町９番９号", "緯度": 41.794421, "経度": 140.7353264, "url": "https://www.iryou.teikyouseido.mhlw.go.jp/znk-web/juminkanja/S2430/initialize?prefCd=01&kikanCd=3010015010&kikanKbn=3", "url2": null, "内容": "八幡町さわき歯科医院【3:歯科】北海道函館市八幡町９番９号" }, "geometry": { "type": "Point", "coordinates": [ 140.7353264, 41.794421 ] } },
{ "type": "Feature", "properties": { "ID": 133010015030, "正式名称": "医療法人社団エンゼル小児歯科クリニック", "機関区分": 3, "都道府県コード": 1, "市区町村コード": 202, "所在地": "北海道函館市鍛治２丁目３９番３号", "緯度": 41.8112199, "経度": 140.7670222, "url": "https://www.iryou.teikyouseido.mhlw.go.jp/znk-web/juminkanja/S2430/initialize?prefCd=01&kikanCd=3010015030&kikanKbn=3", "url2": "http://www.angel-dc.jp/", "内容": "医療法人社団エンゼル小児歯科クリニック【3:歯科】北海道函館市鍛治２丁目３９番３号" }, "geometry": { "type": "Point", "coordinates": [ 140.767022200000014, 41.8112199 ] } },
{ "type": "Feature", "properties": { "ID": 133010015040, "正式名称": "医療法人社団恵歯会かつまた歯科", "機関区分": 3, "都道府県コード": 1, "市区町村コード": 202, "所在地": "北海道函館市日吉町１丁目１３番３３号", "緯度": 41.7875376, "経度": 140.7890684, "url": "https://www.iryou.teikyouseido.mhlw.go.jp/znk-web/juminkanja/S2430/initialize?prefCd=01&kikanCd=3010015040&kikanKbn=3", "url2": null, "内容": "医療法人社団恵歯会かつまた歯科【3:歯科】北海道函館市日吉町１丁目１３番３３号" }, "geometry": { "type": "Point", "coordinates": [ 140.7890684, 41.7875376 ] } },
{ "type": "Feature", "properties": { "ID": 133010015050, "正式名称": "カワムラ歯科クリニック", "機関区分": 3, "都道府県コード": 1, "市区町村コード": 202, "所在地": "北海道函館市松陰町２番７号", "緯度": 36.000379, "経度": 139.077544, "url": "https://www.iryou.teikyouseido.mhlw.go.jp/znk-web/juminkanja/S2430/initialize?prefCd=01&kikanCd=3010015050&kikanKbn=3", "url2": null, "内容": "カワムラ歯科クリニック【3:歯科】北海道函館市松陰町２番７号" }, "geometry": { "type": "Point", "coordinates": [ 139.077544, 36.000379 ] } },
{ "type": "Feature", "properties": { "ID": 133010015080, "正式名称": "医療法人社団永井歯科医院", "機関区分": 3, "都道府県コード": 1, "市区町村コード": 202, "所在地": "北海道函館市柳町８番１号", "緯度": 41.793903, "経度": 140.7599, "url": "https://www.iryou.teikyouseido.mhlw.go.jp/znk-web/juminkanja/S2430/initialize?prefCd=01&kikanCd=3010015080&kikanKbn=3", "url2": null, "内容": "医療法人社団永井歯科医院【3:歯科】北海道函館市柳町８番１号" }, "geometry": { "type": "Point", "coordinates": [ 140.7599, 41.793903 ] } },
{ "type": "Feature", "properties": { "ID": 133010015100, "正式名称": "平野歯科クリニック", "機関区分": 3, "都道府県コード": 1, "市区町村コード": 202, "所在地": "北海道函館市赤川１丁目３番１号", "緯度": 41.8244348, "経度": 140.7607333, "url": "https://www.iryou.teikyouseido.mhlw.go.jp/znk-web/juminkanja/S2430/initialize?prefCd=01&kikanCd=3010015100&kikanKbn=3", "url2": null, "内容": "平野歯科クリニック【3:歯科】北海道函館市赤川１丁目３番１号" }, "geometry": { "type": "Point", "coordinates": [ 140.7607333, 41.8244348 ] } },
{ "type": "Feature", "properties": { "ID": 133010015110, "正式名称": "本通いりえ歯科医院", "機関区分": 3, "都道府県コード": 1, "市区町村コード": 202, "所在地": "北海道函館市本通４丁目２７番６号", "緯度": 41.8016677, "経度": 140.7747817, "url": "https://www.iryou.teikyouseido.mhlw.go.jp/znk-web/juminkanja/S2430/initialize?prefCd=01&kikanCd=3010015110&kikanKbn=3", "url2": null, "内容": "本通いりえ歯科医院【3:歯科】北海道函館市本通４丁目２７番６号" }, "geometry": { "type": "Point", "coordinates": [ 140.7747817, 41.8016677 ] } },
{ "type": "Feature", "properties": { "ID": 133010015120, "正式名称": "医療法人社団くぼた歯科医院", "機関区分": 3, "都道府県コード": 1, "市区町村コード": 202, "所在地": "北海道函館市柏木町２番２２号", "緯度": 36.000379, "経度": 139.077544, "url": "https://www.iryou.teikyouseido.mhlw.go.jp/znk-web/juminkanja/S2430/initialize?prefCd=01&kikanCd=3010015120&kikanKbn=3", "url2": null, "内容": "医療法人社団くぼた歯科医院【3:歯科】北海道函館市柏木町２番２２号" }, "geometry": { "type": "Point", "coordinates": [ 139.077544, 36.000379 ] } },
{ "type": "Feature", "properties": { "ID": 133010015140, "正式名称": "乃木町そのべ歯科クリニック", "機関区分": 3, "都道府県コード": 1, "市区町村コード": 202, "所在地": "北海道函館市乃木町７番１７号", "緯度": 41.78223, "経度": 140.7653, "url": "https://www.iryou.teikyouseido.mhlw.go.jp/znk-web/juminkanja/S2430/initialize?prefCd=01&kikanCd=3010015140&kikanKbn=3", "url2": null, "内容": "乃木町そのべ歯科クリニック【3:歯科】北海道函館市乃木町７番１７号" }, "geometry": { "type": "Point", "coordinates": [ 140.7653, 41.78223 ] } },
{ "type": "Feature", "properties": { "ID": 133010015190, "正式名称": "京田歯科医院", "機関区分": 3, "都道府県コード": 1, "市区町村コード": 202, "所在地": "北海道函館市柏木町２４番１７号", "緯度": 41.787035, "経度": 140.7698786, "url": "https://www.iryou.teikyouseido.mhlw.go.jp/znk-web/juminkanja/S2430/initialize?prefCd=01&kikanCd=3010015190&kikanKbn=3", "url2": "http://kyoda-dc.jp/", "内容": "京田歯科医院【3:歯科】北海道函館市柏木町２４番１７号" }, "geometry": { "type": "Point", "coordinates": [ 140.7698786, 41.787035 ] } },
{ "type": "Feature", "properties": { "ID": 133010015210, "正式名称": "医療法人社団前多歯科クリニック", "機関区分": 3, "都道府県コード": 1, "市区町村コード": 202, "所在地": "北海道函館市千歳町１１番２号", "緯度": 41.774148, "経度": 140.736874, "url": "https://www.iryou.teikyouseido.mhlw.go.jp/znk-web/juminkanja/S2430/initialize?prefCd=01&kikanCd=3010015210&kikanKbn=3", "url2": "http://www.maetasika.com", "内容": "医療法人社団前多歯科クリニック【3:歯科】北海道函館市千歳町１１番２号" }, "geometry": { "type": "Point", "coordinates": [ 140.736874, 41.774148 ] } },
{ "type": "Feature", "properties": { "ID": 133010015250, "正式名称": "函館口腔保健センター", "機関区分": 3, "都道府県コード": 1, "市区町村コード": 202, "所在地": "北海道函館市五稜郭町２３番１号", "緯度": 41.7996086, "経度": 140.752482, "url": "https://www.iryou.teikyouseido.mhlw.go.jp/znk-web/juminkanja/S2430/initialize?prefCd=01&kikanCd=3010015250&kikanKbn=3", "url2": "https://www.kansikai.jp/", "内容": "函館口腔保健センター【3:歯科】北海道函館市五稜郭町２３番１号" }, "geometry": { "type": "Point", "coordinates": [ 140.752482, 41.7996086 ] } },
{ "type": "Feature", "properties": { "ID": 133010015290, "正式名称": "富本歯科医院", "機関区分": 3, "都道府県コード": 1, "市区町村コード": 202, "所在地": "北海道函館市富岡町２丁目１７番２５号", "緯度": 41.804006, "経度": 140.749899, "url": "https://www.iryou.teikyouseido.mhlw.go.jp/znk-web/juminkanja/S2430/initialize?prefCd=01&kikanCd=3010015290&kikanKbn=3", "url2": "http://www8.ncv.ne.jp/~tomimoto/", "内容": "富本歯科医院【3:歯科】北海道函館市富岡町２丁目１７番２５号" }, "geometry": { "type": "Point", "coordinates": [ 140.749899, 41.804006 ] } },
{ "type": "Feature", "properties": { "ID": 133010015300, "正式名称": "医療法人　深瀬デンタルクリニック", "機関区分": 3, "都道府県コード": 1, "市区町村コード": 202, "所在地": "北海道函館市亀田町２番５号", "緯度": 36.000061, "経度": 139.0782, "url": "https://www.iryou.teikyouseido.mhlw.go.jp/znk-web/juminkanja/S2430/initialize?prefCd=01&kikanCd=3010015300&kikanKbn=3", "url2": null, "内容": "医療法人　深瀬デンタルクリニック【3:歯科】北海道函館市亀田町２番５号" }, "geometry": { "type": "Point", "coordinates": [ 139.0782, 36.000061 ] } },
{ "type": "Feature", "properties": { "ID": 133010015320, "正式名称": "もりた歯科クリニック", "機関区分": 3, "都道府県コード": 1, "市区町村コード": 202, "所在地": "北海道函館市西旭岡町２丁目２４番２号", "緯度": 41.797662, "経度": 140.8262358, "url": "https://www.iryou.teikyouseido.mhlw.go.jp/znk-web/juminkanja/S2430/initialize?prefCd=01&kikanCd=3010015320&kikanKbn=3", "url2": null, "内容": "もりた歯科クリニック【3:歯科】北海道函館市西旭岡町２丁目２４番２号" }, "geometry": { "type": "Point", "coordinates": [ 140.8262358, 41.797662 ] } },
{ "type": "Feature", "properties": { "ID": 133010015340, "正式名称": "医療法人社団　吉田歯科口腔外科", "機関区分": 3, "都道府県コード": 1, "市区町村コード": 202, "所在地": "北海道函館市湯川町１丁目３０番８号", "緯度": 41.781481, "経度": 140.784397, "url": "https://www.iryou.teikyouseido.mhlw.go.jp/znk-web/juminkanja/S2430/initialize?prefCd=01&kikanCd=3010015340&kikanKbn=3", "url2": "https://www.ydos.com", "内容": "医療法人社団　吉田歯科口腔外科【3:歯科】北海道函館市湯川町１丁目３０番８号" }, "geometry": { "type": "Point", "coordinates": [ 140.784397, 41.781481 ] } },
{ "type": "Feature", "properties": { "ID": 133010015360, "正式名称": "つしま歯科クリニック", "機関区分": 3, "都道府県コード": 1, "市区町村コード": 202, "所在地": "北海道函館市時任町３番３号", "緯度": 41.7832369, "経度": 140.7504518, "url": "https://www.iryou.teikyouseido.mhlw.go.jp/znk-web/juminkanja/S2430/initialize?prefCd=01&kikanCd=3010015360&kikanKbn=3", "url2": null, "内容": "つしま歯科クリニック【3:歯科】北海道函館市時任町３番３号" }, "geometry": { "type": "Point", "coordinates": [ 140.7504518, 41.7832369 ] } },
{ "type": "Feature", "properties": { "ID": 133010015390, "正式名称": "戸井歯科診療所", "機関区分": 3, "都道府県コード": 1, "市区町村コード": 202, "所在地": "北海道函館市浜町３６６番地２", "緯度": 41.719074, "経度": 141.0072, "url": "https://www.iryou.teikyouseido.mhlw.go.jp/znk-web/juminkanja/S2430/initialize?prefCd=01&kikanCd=3010015390&kikanKbn=3", "url2": null, "内容": "戸井歯科診療所【3:歯科】北海道函館市浜町３６６番地２" }, "geometry": { "type": "Point", "coordinates": [ 141.0072, 41.719074 ] } },
{ "type": "Feature", "properties": { "ID": 133010015400, "正式名称": "椿田恵山歯科クリニック", "機関区分": 3, "都道府県コード": 1, "市区町村コード": 202, "所在地": "北海道函館市女那川町１７５番地４", "緯度": 41.761406, "経度": 141.08015, "url": "https://www.iryou.teikyouseido.mhlw.go.jp/znk-web/juminkanja/S2430/initialize?prefCd=01&kikanCd=3010015400&kikanKbn=3", "url2": null, "内容": "椿田恵山歯科クリニック【3:歯科】北海道函館市女那川町１７５番地４" }, "geometry": { "type": "Point", "coordinates": [ 141.08015, 41.761406 ] } },
{ "type": "Feature", "properties": { "ID": 133010015430, "正式名称": "フタマタ歯科医院", "機関区分": 3, "都道府県コード": 1, "市区町村コード": 202, "所在地": "北海道函館市川汲町１８８番地２", "緯度": 41.90596, "経度": 140.97203, "url": "https://www.iryou.teikyouseido.mhlw.go.jp/znk-web/juminkanja/S2430/initialize?prefCd=01&kikanCd=3010015430&kikanKbn=3", "url2": null, "内容": "フタマタ歯科医院【3:歯科】北海道函館市川汲町１８８番地２" }, "geometry": { "type": "Point", "coordinates": [ 140.97203, 41.90596 ] } },
{ "type": "Feature", "properties": { "ID": 133010015440, "正式名称": "南茅部歯科クリニック", "機関区分": 3, "都道府県コード": 1, "市区町村コード": 202, "所在地": "北海道函館市安浦１１４番地３", "緯度": 41.918247, "経度": 140.957154, "url": "https://www.iryou.teikyouseido.mhlw.go.jp/znk-web/juminkanja/S2430/initialize?prefCd=01&kikanCd=3010015440&kikanKbn=3", "url2": null, "内容": "南茅部歯科クリニック【3:歯科】北海道函館市安浦１１４番地３" }, "geometry": { "type": "Point", "coordinates": [ 140.957154, 41.918247 ] } },
{ "type": "Feature", "properties": { "ID": 133010015450, "正式名称": "おさつべ歯科", "機関区分": 3, "都道府県コード": 1, "市区町村コード": 202, "所在地": "北海道函館市尾札部町３４２番地", "緯度": 41.892258, "経度": 141.00732, "url": "https://www.iryou.teikyouseido.mhlw.go.jp/znk-web/juminkanja/S2430/initialize?prefCd=01&kikanCd=3010015450&kikanKbn=3", "url2": null, "内容": "おさつべ歯科【3:歯科】北海道函館市尾札部町３４２番地" }, "geometry": { "type": "Point", "coordinates": [ 141.00732, 41.892258 ] } },
{ "type": "Feature", "properties": { "ID": 133010015460, "正式名称": "医療法人社団おかだ歯科医院", "機関区分": 3, "都道府県コード": 1, "市区町村コード": 202, "所在地": "北海道函館市山の手２丁目５３番６号", "緯度": 41.8027155, "経度": 140.7857714, "url": "https://www.iryou.teikyouseido.mhlw.go.jp/znk-web/juminkanja/S2430/initialize?prefCd=01&kikanCd=3010015460&kikanKbn=3", "url2": null, "内容": "医療法人社団おかだ歯科医院【3:歯科】北海道函館市山の手２丁目５３番６号" }, "geometry": { "type": "Point", "coordinates": [ 140.785771399999987, 41.8027155 ] } },
{ "type": "Feature", "properties": { "ID": 133010015480, "正式名称": "みやうちデンタルケア", "機関区分": 3, "都道府県コード": 1, "市区町村コード": 202, "所在地": "北海道函館市富岡町１丁目４３番２号", "緯度": 41.8068146, "経度": 140.7417681, "url": "https://www.iryou.teikyouseido.mhlw.go.jp/znk-web/juminkanja/S2430/initialize?prefCd=01&kikanCd=3010015480&kikanKbn=3", "url2": null, "内容": "みやうちデンタルケア【3:歯科】北海道函館市富岡町１丁目４３番２号" }, "geometry": { "type": "Point", "coordinates": [ 140.7417681, 41.8068146 ] } },
{ "type": "Feature", "properties": { "ID": 133010015490, "正式名称": "ひまわり歯科クリニック", "機関区分": 3, "都道府県コード": 1, "市区町村コード": 202, "所在地": "北海道函館市深堀町２６番２７号", "緯度": 41.7854757, "経度": 140.7800443, "url": "https://www.iryou.teikyouseido.mhlw.go.jp/znk-web/juminkanja/S2430/initialize?prefCd=01&kikanCd=3010015490&kikanKbn=3", "url2": null, "内容": "ひまわり歯科クリニック【3:歯科】北海道函館市深堀町２６番２７号" }, "geometry": { "type": "Point", "coordinates": [ 140.780044299999986, 41.7854757 ] } },
{ "type": "Feature", "properties": { "ID": 133010015500, "正式名称": "医療法人　クレド　さこ歯科クリニック", "機関区分": 3, "都道府県コード": 1, "市区町村コード": 202, "所在地": "北海道函館市鍛治２丁目１３番７号", "緯度": 41.8076531, "経度": 140.769843, "url": "https://www.iryou.teikyouseido.mhlw.go.jp/znk-web/juminkanja/S2430/initialize?prefCd=01&kikanCd=3010015500&kikanKbn=3", "url2": "http://sako-dc.jp/", "内容": "医療法人　クレド　さこ歯科クリニック【3:歯科】北海道函館市鍛治２丁目１３番７号" }, "geometry": { "type": "Point", "coordinates": [ 140.769843, 41.8076531 ] } },
{ "type": "Feature", "properties": { "ID": 133010015510, "正式名称": "医療法人社団孝峰会　田中歯科クリニック", "機関区分": 3, "都道府県コード": 1, "市区町村コード": 202, "所在地": "北海道函館市古川町１３－３", "緯度": 41.76069, "経度": 140.85945, "url": "https://www.iryou.teikyouseido.mhlw.go.jp/znk-web/juminkanja/S2430/initialize?prefCd=01&kikanCd=3010015510&kikanKbn=3", "url2": null, "内容": "医療法人社団孝峰会　田中歯科クリニック【3:歯科】北海道函館市古川町１３－３" }, "geometry": { "type": "Point", "coordinates": [ 140.85945, 41.76069 ] } },
{ "type": "Feature", "properties": { "ID": 133010015520, "正式名称": "医療法人社団秀仁会西巻デンタルオフィス五稜郭", "機関区分": 3, "都道府県コード": 1, "市区町村コード": 202, "所在地": "北海道函館市松陰町８番２５号", "緯度": 41.7886507, "経度": 140.7604222, "url": "https://www.iryou.teikyouseido.mhlw.go.jp/znk-web/juminkanja/S2430/initialize?prefCd=01&kikanCd=3010015520&kikanKbn=3", "url2": "http://www.shujinkai.jp/", "内容": "医療法人社団秀仁会西巻デンタルオフィス五稜郭【3:歯科】北海道函館市松陰町８番２５号" }, "geometry": { "type": "Point", "coordinates": [ 140.7604222, 41.7886507 ] } },
{ "type": "Feature", "properties": { "ID": 133010015530, "正式名称": "医療法人社団孝峰会湯ノ川田中歯科クリニック", "機関区分": 3, "都道府県コード": 1, "市区町村コード": 202, "所在地": "北海道函館市湯川町３丁目２３番１４号", "緯度": 36.183465, "経度": 139.134703, "url": "https://www.iryou.teikyouseido.mhlw.go.jp/znk-web/juminkanja/S2430/initialize?prefCd=01&kikanCd=3010015530&kikanKbn=3", "url2": null, "内容": "医療法人社団孝峰会湯ノ川田中歯科クリニック【3:歯科】北海道函館市湯川町３丁目２３番１４号" }, "geometry": { "type": "Point", "coordinates": [ 139.134703, 36.183465 ] } },
{ "type": "Feature", "properties": { "ID": 133010015550, "正式名称": "スマイル歯科クリニック", "機関区分": 3, "都道府県コード": 1, "市区町村コード": 202, "所在地": "北海道函館市富岡町３丁目７番７号", "緯度": 41.808663, "経度": 140.7539496, "url": "https://www.iryou.teikyouseido.mhlw.go.jp/znk-web/juminkanja/S2430/initialize?prefCd=01&kikanCd=3010015550&kikanKbn=3", "url2": "http://www.medical-h.net/basicform/03/0592/", "内容": "スマイル歯科クリニック【3:歯科】北海道函館市富岡町３丁目７番７号" }, "geometry": { "type": "Point", "coordinates": [ 140.7539496, 41.808663 ] } },
{ "type": "Feature", "properties": { "ID": 133010015570, "正式名称": "中野デンタルクリニック", "機関区分": 3, "都道府県コード": 1, "市区町村コード": 202, "所在地": "北海道函館市湯川町２丁目１５番１５号", "緯度": 41.7783328, "経度": 140.7916913, "url": "https://www.iryou.teikyouseido.mhlw.go.jp/znk-web/juminkanja/S2430/initialize?prefCd=01&kikanCd=3010015570&kikanKbn=3", "url2": "http://www.nakano-dent.com", "内容": "中野デンタルクリニック【3:歯科】北海道函館市湯川町２丁目１５番１５号" }, "geometry": { "type": "Point", "coordinates": [ 140.7916913, 41.7783328 ] } },
{ "type": "Feature", "properties": { "ID": 133010015620, "正式名称": "医療法人　長谷川歯科医院", "機関区分": 3, "都道府県コード": 1, "市区町村コード": 203, "所在地": "北海道小樽市色内１－１１－７", "緯度": 43.1954489, "経度": 141.0002758, "url": "https://www.iryou.teikyouseido.mhlw.go.jp/znk-web/juminkanja/S2430/initialize?prefCd=01&kikanCd=3010015620&kikanKbn=3", "url2": "https://www.hasegawa-shika-otaru.com/", "内容": "医療法人　長谷川歯科医院【3:歯科】北海道小樽市色内１－１１－７" }, "geometry": { "type": "Point", "coordinates": [ 141.0002758, 43.1954489 ] } },
{ "type": "Feature", "properties": { "ID": 133010015650, "正式名称": "伊藤歯科医院", "機関区分": 3, "都道府県コード": 1, "市区町村コード": 203, "所在地": "北海道小樽市長橋２－１７－９", "緯度": 43.2069264, "経度": 140.9822389, "url": "https://www.iryou.teikyouseido.mhlw.go.jp/znk-web/juminkanja/S2430/initialize?prefCd=01&kikanCd=3010015650&kikanKbn=3", "url2": null, "内容": "伊藤歯科医院【3:歯科】北海道小樽市長橋２－１７－９" }, "geometry": { "type": "Point", "coordinates": [ 140.9822389, 43.2069264 ] } },
{ "type": "Feature", "properties": { "ID": 133010015700, "正式名称": "坂田歯科医院", "機関区分": 3, "都道府県コード": 1, "市区町村コード": 203, "所在地": "北海道小樽市富岡１－５－２７", "緯度": 43.1944126, "経度": 140.9945255, "url": "https://www.iryou.teikyouseido.mhlw.go.jp/znk-web/juminkanja/S2430/initialize?prefCd=01&kikanCd=3010015700&kikanKbn=3", "url2": null, "内容": "坂田歯科医院【3:歯科】北海道小樽市富岡１－５－２７" }, "geometry": { "type": "Point", "coordinates": [ 140.9945255, 43.1944126 ] } },
{ "type": "Feature", "properties": { "ID": 133010015710, "正式名称": "医療法人社団　佐藤歯科", "機関区分": 3, "都道府県コード": 1, "市区町村コード": 203, "所在地": "北海道小樽市若松２－７－２０", "緯度": 43.1830706, "経度": 141.0079791, "url": "https://www.iryou.teikyouseido.mhlw.go.jp/znk-web/juminkanja/S2430/initialize?prefCd=01&kikanCd=3010015710&kikanKbn=3", "url2": null, "内容": "医療法人社団　佐藤歯科【3:歯科】北海道小樽市若松２－７－２０" }, "geometry": { "type": "Point", "coordinates": [ 141.0079791, 43.1830706 ] } },
{ "type": "Feature", "properties": { "ID": 133010015760, "正式名称": "医療法人社団　兵藤歯科医院", "機関区分": 3, "都道府県コード": 1, "市区町村コード": 203, "所在地": "北海道小樽市入船２－６－１６", "緯度": 43.1849405, "経度": 141.0002659, "url": "https://www.iryou.teikyouseido.mhlw.go.jp/znk-web/juminkanja/S2430/initialize?prefCd=01&kikanCd=3010015760&kikanKbn=3", "url2": null, "内容": "医療法人社団　兵藤歯科医院【3:歯科】北海道小樽市入船２－６－１６" }, "geometry": { "type": "Point", "coordinates": [ 141.000265899999988, 43.1849405 ] } },
{ "type": "Feature", "properties": { "ID": 133010015820, "正式名称": "医療法人社団　笠間歯科", "機関区分": 3, "都道府県コード": 1, "市区町村コード": 203, "所在地": "北海道小樽市新光２－１４－１", "緯度": 43.1736666, "経度": 141.0560749, "url": "https://www.iryou.teikyouseido.mhlw.go.jp/znk-web/juminkanja/S2430/initialize?prefCd=01&kikanCd=3010015820&kikanKbn=3", "url2": "https://www.otaru-kasamadental.com/", "内容": "医療法人社団　笠間歯科【3:歯科】北海道小樽市新光２－１４－１" }, "geometry": { "type": "Point", "coordinates": [ 141.0560749, 43.1736666 ] } },
{ "type": "Feature", "properties": { "ID": 133010015860, "正式名称": "医療法人社団博美会　辻歯科医院", "機関区分": 3, "都道府県コード": 1, "市区町村コード": 203, "所在地": "北海道小樽市桜１－１５－１１", "緯度": 43.1739986, "経度": 141.0347843, "url": "https://www.iryou.teikyouseido.mhlw.go.jp/znk-web/juminkanja/S2430/initialize?prefCd=01&kikanCd=3010015860&kikanKbn=3", "url2": "http://www.tsuji-118.com/", "内容": "医療法人社団博美会　辻歯科医院【3:歯科】北海道小樽市桜１－１５－１１" }, "geometry": { "type": "Point", "coordinates": [ 141.034784300000013, 43.1739986 ] } },
{ "type": "Feature", "properties": { "ID": 133010015870, "正式名称": "千葉歯科桜町診療所", "機関区分": 3, "都道府県コード": 1, "市区町村コード": 203, "所在地": "北海道小樽市桜３－９－２０", "緯度": 43.1723538, "経度": 141.0434909, "url": "https://www.iryou.teikyouseido.mhlw.go.jp/znk-web/juminkanja/S2430/initialize?prefCd=01&kikanCd=3010015870&kikanKbn=3", "url2": null, "内容": "千葉歯科桜町診療所【3:歯科】北海道小樽市桜３－９－２０" }, "geometry": { "type": "Point", "coordinates": [ 141.0434909, 43.1723538 ] } },
{ "type": "Feature", "properties": { "ID": 133010015880, "正式名称": "塩谷歯科医院", "機関区分": 3, "都道府県コード": 1, "市区町村コード": 203, "所在地": "北海道小樽市塩谷２－１５－１８", "緯度": 43.2088492, "経度": 140.9285696, "url": "https://www.iryou.teikyouseido.mhlw.go.jp/znk-web/juminkanja/S2430/initialize?prefCd=01&kikanCd=3010015880&kikanKbn=3", "url2": null, "内容": "塩谷歯科医院【3:歯科】北海道小樽市塩谷２－１５－１８" }, "geometry": { "type": "Point", "coordinates": [ 140.9285696, 43.2088492 ] } },
{ "type": "Feature", "properties": { "ID": 133010015890, "正式名称": "銭函千葉歯科医院", "機関区分": 3, "都道府県コード": 1, "市区町村コード": 203, "所在地": "北海道小樽市銭函２－２４－１１", "緯度": 43.1403368, "経度": 141.161809, "url": "https://www.iryou.teikyouseido.mhlw.go.jp/znk-web/juminkanja/S2430/initialize?prefCd=01&kikanCd=3010015890&kikanKbn=3", "url2": null, "内容": "銭函千葉歯科医院【3:歯科】北海道小樽市銭函２－２４－１１" }, "geometry": { "type": "Point", "coordinates": [ 141.161809, 43.1403368 ] } },
{ "type": "Feature", "properties": { "ID": 133010015920, "正式名称": "銭函歯科医院", "機関区分": 3, "都道府県コード": 1, "市区町村コード": 203, "所在地": "北海道小樽市銭函２－１３－４", "緯度": 43.1434056, "経度": 141.1591589, "url": "https://www.iryou.teikyouseido.mhlw.go.jp/znk-web/juminkanja/S2430/initialize?prefCd=01&kikanCd=3010015920&kikanKbn=3", "url2": null, "内容": "銭函歯科医院【3:歯科】北海道小樽市銭函２－１３－４" }, "geometry": { "type": "Point", "coordinates": [ 141.1591589, 43.1434056 ] } },
{ "type": "Feature", "properties": { "ID": 133010015930, "正式名称": "原田歯科医院", "機関区分": 3, "都道府県コード": 1, "市区町村コード": 203, "所在地": "北海道小樽市緑１－５－７", "緯度": 43.191862, "経度": 140.990899, "url": "https://www.iryou.teikyouseido.mhlw.go.jp/znk-web/juminkanja/S2430/initialize?prefCd=01&kikanCd=3010015930&kikanKbn=3", "url2": "http://harada-dentalclinic.info", "内容": "原田歯科医院【3:歯科】北海道小樽市緑１－５－７" }, "geometry": { "type": "Point", "coordinates": [ 140.990899, 43.191862 ] } },
{ "type": "Feature", "properties": { "ID": 133010015940, "正式名称": "石井歯科クリニック", "機関区分": 3, "都道府県コード": 1, "市区町村コード": 203, "所在地": "北海道小樽市長橋２－１７－１６　十字街クリニック２Ｆ", "緯度": 43.2075936, "経度": 140.9812601, "url": "https://www.iryou.teikyouseido.mhlw.go.jp/znk-web/juminkanja/S2430/initialize?prefCd=01&kikanCd=3010015940&kikanKbn=3", "url2": "http://www.ishii-dental.net", "内容": "石井歯科クリニック【3:歯科】北海道小樽市長橋２－１７－１６　十字街クリニック２Ｆ" }, "geometry": { "type": "Point", "coordinates": [ 140.981260099999986, 43.2075936 ] } },
{ "type": "Feature", "properties": { "ID": 133010015950, "正式名称": "松ヶ枝歯科医院", "機関区分": 3, "都道府県コード": 1, "市区町村コード": 203, "所在地": "北海道小樽市松ヶ枝１－２６－１１", "緯度": 43.1799544, "経度": 140.9874112, "url": "https://www.iryou.teikyouseido.mhlw.go.jp/znk-web/juminkanja/S2430/initialize?prefCd=01&kikanCd=3010015950&kikanKbn=3", "url2": null, "内容": "松ヶ枝歯科医院【3:歯科】北海道小樽市松ヶ枝１－２６－１１" }, "geometry": { "type": "Point", "coordinates": [ 140.9874112, 43.1799544 ] } },
{ "type": "Feature", "properties": { "ID": 133010015960, "正式名称": "平野歯科医院", "機関区分": 3, "都道府県コード": 1, "市区町村コード": 203, "所在地": "北海道小樽市花園２－１－７", "緯度": 43.1925937, "経度": 140.9970953, "url": "https://www.iryou.teikyouseido.mhlw.go.jp/znk-web/juminkanja/S2430/initialize?prefCd=01&kikanCd=3010015960&kikanKbn=3", "url2": null, "内容": "平野歯科医院【3:歯科】北海道小樽市花園２－１－７" }, "geometry": { "type": "Point", "coordinates": [ 140.997095300000012, 43.1925937 ] } },
{ "type": "Feature", "properties": { "ID": 133010015980, "正式名称": "渋谷歯科矯正歯科医院", "機関区分": 3, "都道府県コード": 1, "市区町村コード": 203, "所在地": "北海道小樽市花園４－４－１５", "緯度": 43.1900336, "経度": 140.9986021, "url": "https://www.iryou.teikyouseido.mhlw.go.jp/znk-web/juminkanja/S2430/initialize?prefCd=01&kikanCd=3010015980&kikanKbn=3", "url2": null, "内容": "渋谷歯科矯正歯科医院【3:歯科】北海道小樽市花園４－４－１５" }, "geometry": { "type": "Point", "coordinates": [ 140.9986021, 43.1900336 ] } },
{ "type": "Feature", "properties": { "ID": 133010016000, "正式名称": "望洋台歯科クリニック", "機関区分": 3, "都道府県コード": 1, "市区町村コード": 203, "所在地": "北海道小樽市桜４－５－１８", "緯度": 43.1673182, "経度": 141.0397617, "url": "https://www.iryou.teikyouseido.mhlw.go.jp/znk-web/juminkanja/S2430/initialize?prefCd=01&kikanCd=3010016000&kikanKbn=3", "url2": null, "内容": "望洋台歯科クリニック【3:歯科】北海道小樽市桜４－５－１８" }, "geometry": { "type": "Point", "coordinates": [ 141.039761700000014, 43.1673182 ] } },
{ "type": "Feature", "properties": { "ID": 133010016010, "正式名称": "ファミリー歯科医院", "機関区分": 3, "都道府県コード": 1, "市区町村コード": 203, "所在地": "北海道小樽市梅ケ枝町２－６", "緯度": 43.2116158, "経度": 140.9945601, "url": "https://www.iryou.teikyouseido.mhlw.go.jp/znk-web/juminkanja/S2430/initialize?prefCd=01&kikanCd=3010016010&kikanKbn=3", "url2": null, "内容": "ファミリー歯科医院【3:歯科】北海道小樽市梅ケ枝町２－６" }, "geometry": { "type": "Point", "coordinates": [ 140.9945601, 43.2116158 ] } },
{ "type": "Feature", "properties": { "ID": 133010016030, "正式名称": "熊澤歯科クリニック", "機関区分": 3, "都道府県コード": 1, "市区町村コード": 203, "所在地": "北海道小樽市稲穂２－１１－１３　協和稲穂ビル", "緯度": 43.1977865, "経度": 140.9968512, "url": "https://www.iryou.teikyouseido.mhlw.go.jp/znk-web/juminkanja/S2430/initialize?prefCd=01&kikanCd=3010016030&kikanKbn=3", "url2": "http://www.kumazawa-dental.org", "内容": "熊澤歯科クリニック【3:歯科】北海道小樽市稲穂２－１１－１３　協和稲穂ビル" }, "geometry": { "type": "Point", "coordinates": [ 140.9968512, 43.1977865 ] } },
{ "type": "Feature", "properties": { "ID": 133010016040, "正式名称": "山の手鈴木歯科医院", "機関区分": 3, "都道府県コード": 1, "市区町村コード": 203, "所在地": "北海道小樽市富岡１－１３－１９", "緯度": 43.1936435, "経度": 140.9926291, "url": "https://www.iryou.teikyouseido.mhlw.go.jp/znk-web/juminkanja/S2430/initialize?prefCd=01&kikanCd=3010016040&kikanKbn=3", "url2": "http://yamanote-suzuki.sonshikai.jp", "内容": "山の手鈴木歯科医院【3:歯科】北海道小樽市富岡１－１３－１９" }, "geometry": { "type": "Point", "coordinates": [ 140.992629099999988, 43.1936435 ] } },
{ "type": "Feature", "properties": { "ID": 133010016060, "正式名称": "桐越歯科医院", "機関区分": 3, "都道府県コード": 1, "市区町村コード": 203, "所在地": "北海道小樽市緑２ー１８－１４", "緯度": 43.19, "経度": 140.99013, "url": "https://www.iryou.teikyouseido.mhlw.go.jp/znk-web/juminkanja/S2430/initialize?prefCd=01&kikanCd=3010016060&kikanKbn=3", "url2": null, "内容": "桐越歯科医院【3:歯科】北海道小樽市緑２ー１８－１４" }, "geometry": { "type": "Point", "coordinates": [ 140.99013, 43.19 ] } },
{ "type": "Feature", "properties": { "ID": 133010016070, "正式名称": "じつかわ歯科医院", "機関区分": 3, "都道府県コード": 1, "市区町村コード": 203, "所在地": "北海道小樽市幸４－４－３", "緯度": 43.2164239, "経度": 140.9657731, "url": "https://www.iryou.teikyouseido.mhlw.go.jp/znk-web/juminkanja/S2430/initialize?prefCd=01&kikanCd=3010016070&kikanKbn=3", "url2": null, "内容": "じつかわ歯科医院【3:歯科】北海道小樽市幸４－４－３" }, "geometry": { "type": "Point", "coordinates": [ 140.9657731, 43.2164239 ] } },
{ "type": "Feature", "properties": { "ID": 133010016090, "正式名称": "池田歯科クリニック", "機関区分": 3, "都道府県コード": 1, "市区町村コード": 203, "所在地": "北海道小樽市奥沢１－１８－１６", "緯度": 43.181601, "経度": 141.0062515, "url": "https://www.iryou.teikyouseido.mhlw.go.jp/znk-web/juminkanja/S2430/initialize?prefCd=01&kikanCd=3010016090&kikanKbn=3", "url2": null, "内容": "池田歯科クリニック【3:歯科】北海道小樽市奥沢１－１８－１６" }, "geometry": { "type": "Point", "coordinates": [ 141.0062515, 43.181601 ] } },
{ "type": "Feature", "properties": { "ID": 133010016100, "正式名称": "なるみ歯科医院", "機関区分": 3, "都道府県コード": 1, "市区町村コード": 203, "所在地": "北海道小樽市入船２－４－２", "緯度": 43.1861154, "経度": 141.0016755, "url": "https://www.iryou.teikyouseido.mhlw.go.jp/znk-web/juminkanja/S2430/initialize?prefCd=01&kikanCd=3010016100&kikanKbn=3", "url2": null, "内容": "なるみ歯科医院【3:歯科】北海道小樽市入船２－４－２" }, "geometry": { "type": "Point", "coordinates": [ 141.0016755, 43.1861154 ] } },
{ "type": "Feature", "properties": { "ID": 133010016120, "正式名称": "かとう歯科医院", "機関区分": 3, "都道府県コード": 1, "市区町村コード": 203, "所在地": "北海道小樽市錦町１７－１７", "緯度": 43.2081996, "経度": 140.9973133, "url": "https://www.iryou.teikyouseido.mhlw.go.jp/znk-web/juminkanja/S2430/initialize?prefCd=01&kikanCd=3010016120&kikanKbn=3", "url2": null, "内容": "かとう歯科医院【3:歯科】北海道小樽市錦町１７－１７" }, "geometry": { "type": "Point", "coordinates": [ 140.9973133, 43.2081996 ] } },
{ "type": "Feature", "properties": { "ID": 133010016130, "正式名称": "おきつ歯科医院", "機関区分": 3, "都道府県コード": 1, "市区町村コード": 203, "所在地": "北海道小樽市稲穂２－１３－７", "緯度": 43.1968266, "経度": 140.9968462, "url": "https://www.iryou.teikyouseido.mhlw.go.jp/znk-web/juminkanja/S2430/initialize?prefCd=01&kikanCd=3010016130&kikanKbn=3", "url2": null, "内容": "おきつ歯科医院【3:歯科】北海道小樽市稲穂２－１３－７" }, "geometry": { "type": "Point", "coordinates": [ 140.9968462, 43.1968266 ] } },
{ "type": "Feature", "properties": { "ID": 133010016150, "正式名称": "医療法人晃晋会　平井歯科医院", "機関区分": 3, "都道府県コード": 1, "市区町村コード": 203, "所在地": "北海道小樽市稲穂２－８－５", "緯度": 43.197778, "経度": 140.99737, "url": "https://www.iryou.teikyouseido.mhlw.go.jp/znk-web/juminkanja/S2430/initialize?prefCd=01&kikanCd=3010016150&kikanKbn=3", "url2": null, "内容": "医療法人晃晋会　平井歯科医院【3:歯科】北海道小樽市稲穂２－８－５" }, "geometry": { "type": "Point", "coordinates": [ 140.99737, 43.197778 ] } },
{ "type": "Feature", "properties": { "ID": 133010016160, "正式名称": "ふみ歯科", "機関区分": 3, "都道府県コード": 1, "市区町村コード": 203, "所在地": "北海道小樽市最上１－３５－１２", "緯度": 43.1821267, "経度": 140.9774026, "url": "https://www.iryou.teikyouseido.mhlw.go.jp/znk-web/juminkanja/S2430/initialize?prefCd=01&kikanCd=3010016160&kikanKbn=3", "url2": null, "内容": "ふみ歯科【3:歯科】北海道小樽市最上１－３５－１２" }, "geometry": { "type": "Point", "coordinates": [ 140.9774026, 43.1821267 ] } },
{ "type": "Feature", "properties": { "ID": 133010016170, "正式名称": "たかむら歯科医院", "機関区分": 3, "都道府県コード": 1, "市区町村コード": 203, "所在地": "北海道小樽市桜１－１４－５", "緯度": 43.176151, "経度": 141.0354706, "url": "https://www.iryou.teikyouseido.mhlw.go.jp/znk-web/juminkanja/S2430/initialize?prefCd=01&kikanCd=3010016170&kikanKbn=3", "url2": null, "内容": "たかむら歯科医院【3:歯科】北海道小樽市桜１－１４－５" }, "geometry": { "type": "Point", "coordinates": [ 141.0354706, 43.176151 ] } },
{ "type": "Feature", "properties": { "ID": 133010016180, "正式名称": "朝里歯科医院", "機関区分": 3, "都道府県コード": 1, "市区町村コード": 203, "所在地": "北海道小樽市新光１－４－１１１", "緯度": 43.1768561, "経度": 141.0548192, "url": "https://www.iryou.teikyouseido.mhlw.go.jp/znk-web/juminkanja/S2430/initialize?prefCd=01&kikanCd=3010016180&kikanKbn=3", "url2": null, "内容": "朝里歯科医院【3:歯科】北海道小樽市新光１－４－１１１" }, "geometry": { "type": "Point", "coordinates": [ 141.0548192, 43.176856099999988 ] } },
{ "type": "Feature", "properties": { "ID": 133010016210, "正式名称": "たかしま歯科クリニック", "機関区分": 3, "都道府県コード": 1, "市区町村コード": 203, "所在地": "北海道小樽市高島３－１－１５", "緯度": 43.2190302, "経度": 141.0126966, "url": "https://www.iryou.teikyouseido.mhlw.go.jp/znk-web/juminkanja/S2430/initialize?prefCd=01&kikanCd=3010016210&kikanKbn=3", "url2": null, "内容": "たかしま歯科クリニック【3:歯科】北海道小樽市高島３－１－１５" }, "geometry": { "type": "Point", "coordinates": [ 141.0126966, 43.2190302 ] } },
{ "type": "Feature", "properties": { "ID": 133010016220, "正式名称": "かず歯科", "機関区分": 3, "都道府県コード": 1, "市区町村コード": 203, "所在地": "北海道小樽市新光１－９－１８", "緯度": 43.1752234, "経度": 141.0556766, "url": "https://www.iryou.teikyouseido.mhlw.go.jp/znk-web/juminkanja/S2430/initialize?prefCd=01&kikanCd=3010016220&kikanKbn=3", "url2": "http://www.kazu-shika.net/", "内容": "かず歯科【3:歯科】北海道小樽市新光１－９－１８" }, "geometry": { "type": "Point", "coordinates": [ 141.0556766, 43.1752234 ] } },
{ "type": "Feature", "properties": { "ID": 133010016230, "正式名称": "安藤歯科医院", "機関区分": 3, "都道府県コード": 1, "市区町村コード": 203, "所在地": "北海道小樽市稲穂１－２－１０", "緯度": 43.1958992, "経度": 140.9994662, "url": "https://www.iryou.teikyouseido.mhlw.go.jp/znk-web/juminkanja/S2430/initialize?prefCd=01&kikanCd=3010016230&kikanKbn=3", "url2": null, "内容": "安藤歯科医院【3:歯科】北海道小樽市稲穂１－２－１０" }, "geometry": { "type": "Point", "coordinates": [ 140.9994662, 43.1958992 ] } },
{ "type": "Feature", "properties": { "ID": 133010016240, "正式名称": "石谷歯科医院", "機関区分": 3, "都道府県コード": 1, "市区町村コード": 203, "所在地": "北海道小樽市花園４－６－１８", "緯度": 43.1885879, "経度": 140.9986833, "url": "https://www.iryou.teikyouseido.mhlw.go.jp/znk-web/juminkanja/S2430/initialize?prefCd=01&kikanCd=3010016240&kikanKbn=3", "url2": null, "内容": "石谷歯科医院【3:歯科】北海道小樽市花園４－６－１８" }, "geometry": { "type": "Point", "coordinates": [ 140.99868330000001, 43.188587899999987 ] } },
{ "type": "Feature", "properties": { "ID": 133010016270, "正式名称": "野歯科医院", "機関区分": 3, "都道府県コード": 1, "市区町村コード": 203, "所在地": "北海道小樽市オタモイ１－２５－８", "緯度": 43.2201266, "経度": 140.9605669, "url": "https://www.iryou.teikyouseido.mhlw.go.jp/znk-web/juminkanja/S2430/initialize?prefCd=01&kikanCd=3010016270&kikanKbn=3", "url2": null, "内容": "野歯科医院【3:歯科】北海道小樽市オタモイ１－２５－８" }, "geometry": { "type": "Point", "coordinates": [ 140.9605669, 43.2201266 ] } },
{ "type": "Feature", "properties": { "ID": 133010016280, "正式名称": "原田歯科", "機関区分": 3, "都道府県コード": 1, "市区町村コード": 203, "所在地": "北海道小樽市稲穂２－１２－２", "緯度": 43.197141, "経度": 140.9961798, "url": "https://www.iryou.teikyouseido.mhlw.go.jp/znk-web/juminkanja/S2430/initialize?prefCd=01&kikanCd=3010016280&kikanKbn=3", "url2": null, "内容": "原田歯科【3:歯科】北海道小樽市稲穂２－１２－２" }, "geometry": { "type": "Point", "coordinates": [ 140.9961798, 43.197141 ] } },
{ "type": "Feature", "properties": { "ID": 133010016290, "正式名称": "蘭島歯科医院", "機関区分": 3, "都道府県コード": 1, "市区町村コード": 203, "所在地": "北海道小樽市蘭島１－２２－４", "緯度": 43.1961343, "経度": 140.8495369, "url": "https://www.iryou.teikyouseido.mhlw.go.jp/znk-web/juminkanja/S2430/initialize?prefCd=01&kikanCd=3010016290&kikanKbn=3", "url2": null, "内容": "蘭島歯科医院【3:歯科】北海道小樽市蘭島１－２２－４" }, "geometry": { "type": "Point", "coordinates": [ 140.8495369, 43.1961343 ] } },
{ "type": "Feature", "properties": { "ID": 133010016300, "正式名称": "医療法人晃晋会　みなと歯科医院", "機関区分": 3, "都道府県コード": 1, "市区町村コード": 203, "所在地": "北海道小樽市色内１－６－１７", "緯度": 43.1990451, "経度": 140.9993095, "url": "https://www.iryou.teikyouseido.mhlw.go.jp/znk-web/juminkanja/S2430/initialize?prefCd=01&kikanCd=3010016300&kikanKbn=3", "url2": null, "内容": "医療法人晃晋会　みなと歯科医院【3:歯科】北海道小樽市色内１－６－１７" }, "geometry": { "type": "Point", "coordinates": [ 140.99930950000001, 43.1990451 ] } },
{ "type": "Feature", "properties": { "ID": 133010016330, "正式名称": "医療法人社団　徳友会　市村歯科クリニック", "機関区分": 3, "都道府県コード": 1, "市区町村コード": 203, "所在地": "北海道小樽市花園１－１０－１３", "緯度": 43.191972, "経度": 141.001018, "url": "https://www.iryou.teikyouseido.mhlw.go.jp/znk-web/juminkanja/S2430/initialize?prefCd=01&kikanCd=3010016330&kikanKbn=3", "url2": "https//www.otaru-ichimuradental.jp/", "内容": "医療法人社団　徳友会　市村歯科クリニック【3:歯科】北海道小樽市花園１－１０－１３" }, "geometry": { "type": "Point", "coordinates": [ 141.001018, 43.191972 ] } },
{ "type": "Feature", "properties": { "ID": 133010016360, "正式名称": "本間歯科医院", "機関区分": 3, "都道府県コード": 1, "市区町村コード": 203, "所在地": "北海道小樽市稲穂４－１５－９", "緯度": 43.202119, "経度": 140.9913664, "url": "https://www.iryou.teikyouseido.mhlw.go.jp/znk-web/juminkanja/S2430/initialize?prefCd=01&kikanCd=3010016360&kikanKbn=3", "url2": null, "内容": "本間歯科医院【3:歯科】北海道小樽市稲穂４－１５－９" }, "geometry": { "type": "Point", "coordinates": [ 140.9913664, 43.202119 ] } },
{ "type": "Feature", "properties": { "ID": 133010016370, "正式名称": "石橋歯科医院", "機関区分": 3, "都道府県コード": 1, "市区町村コード": 203, "所在地": "北海道小樽市末広町２－４", "緯度": 43.210582, "経度": 140.995675, "url": "https://www.iryou.teikyouseido.mhlw.go.jp/znk-web/juminkanja/S2430/initialize?prefCd=01&kikanCd=3010016370&kikanKbn=3", "url2": "https://ishibashi-dc.net/", "内容": "石橋歯科医院【3:歯科】北海道小樽市末広町２－４" }, "geometry": { "type": "Point", "coordinates": [ 140.995675, 43.210582 ] } },
{ "type": "Feature", "properties": { "ID": 133010016380, "正式名称": "潮見台歯科", "機関区分": 3, "都道府県コード": 1, "市区町村コード": 203, "所在地": "北海道小樽市勝納町１７－１", "緯度": 43.1817727, "経度": 141.0156707, "url": "https://www.iryou.teikyouseido.mhlw.go.jp/znk-web/juminkanja/S2430/initialize?prefCd=01&kikanCd=3010016380&kikanKbn=3", "url2": null, "内容": "潮見台歯科【3:歯科】北海道小樽市勝納町１７－１" }, "geometry": { "type": "Point", "coordinates": [ 141.015670699999987, 43.1817727 ] } },
{ "type": "Feature", "properties": { "ID": 133010016390, "正式名称": "だいしょう歯科", "機関区分": 3, "都道府県コード": 1, "市区町村コード": 203, "所在地": "北海道小樽市色内１－６－２", "緯度": 43.198033, "経度": 141.000314, "url": "https://www.iryou.teikyouseido.mhlw.go.jp/znk-web/juminkanja/S2430/initialize?prefCd=01&kikanCd=3010016390&kikanKbn=3", "url2": null, "内容": "だいしょう歯科【3:歯科】北海道小樽市色内１－６－２" }, "geometry": { "type": "Point", "coordinates": [ 141.000314, 43.198033 ] } },
{ "type": "Feature", "properties": { "ID": 133010016400, "正式名称": "サンモール歯科", "機関区分": 3, "都道府県コード": 1, "市区町村コード": 203, "所在地": "北海道小樽市稲穂１－３－８", "緯度": 43.19536, "経度": 140.998633, "url": "https://www.iryou.teikyouseido.mhlw.go.jp/znk-web/juminkanja/S2430/initialize?prefCd=01&kikanCd=3010016400&kikanKbn=3", "url2": "sunmall-dc.com/", "内容": "サンモール歯科【3:歯科】北海道小樽市稲穂１－３－８" }, "geometry": { "type": "Point", "coordinates": [ 140.998633, 43.19536 ] } },
{ "type": "Feature", "properties": { "ID": 133010016410, "正式名称": "ちっこう駅前デンタルクリニック", "機関区分": 3, "都道府県コード": 1, "市区町村コード": 203, "所在地": "北海道小樽市若竹町１３－２１７", "緯度": 43.1801914, "経度": 141.027617, "url": "https://www.iryou.teikyouseido.mhlw.go.jp/znk-web/juminkanja/S2430/initialize?prefCd=01&kikanCd=3010016410&kikanKbn=3", "url2": null, "内容": "ちっこう駅前デンタルクリニック【3:歯科】北海道小樽市若竹町１３－２１７" }, "geometry": { "type": "Point", "coordinates": [ 141.027617, 43.1801914 ] } },
{ "type": "Feature", "properties": { "ID": 133010016440, "正式名称": "医療法人社団春空会マリン歯科", "機関区分": 3, "都道府県コード": 1, "市区町村コード": 203, "所在地": "北海道小樽市稲穂３－１－１９", "緯度": 43.199259, "経度": 140.997706, "url": "https://www.iryou.teikyouseido.mhlw.go.jp/znk-web/juminkanja/S2430/initialize?prefCd=01&kikanCd=3010016440&kikanKbn=3", "url2": null, "内容": "医療法人社団春空会マリン歯科【3:歯科】北海道小樽市稲穂３－１－１９" }, "geometry": { "type": "Point", "coordinates": [ 140.997706, 43.199259 ] } },
{ "type": "Feature", "properties": { "ID": 133010016450, "正式名称": "目良歯科クリニック", "機関区分": 3, "都道府県コード": 1, "市区町村コード": 203, "所在地": "北海道小樽市新光２－１－４", "緯度": 43.1754054, "経度": 141.0579699, "url": "https://www.iryou.teikyouseido.mhlw.go.jp/znk-web/juminkanja/S2430/initialize?prefCd=01&kikanCd=3010016450&kikanKbn=3", "url2": null, "内容": "目良歯科クリニック【3:歯科】北海道小樽市新光２－１－４" }, "geometry": { "type": "Point", "coordinates": [ 141.057969899999989, 43.1754054 ] } },
{ "type": "Feature", "properties": { "ID": 133010016460, "正式名称": "医療法人社団結新会　サクラデンタルクリニック", "機関区分": 3, "都道府県コード": 1, "市区町村コード": 203, "所在地": "北海道小樽市桜１－６－７", "緯度": 43.1771533, "経度": 141.03588, "url": "https://www.iryou.teikyouseido.mhlw.go.jp/znk-web/juminkanja/S2430/initialize?prefCd=01&kikanCd=3010016460&kikanKbn=3", "url2": null, "内容": "医療法人社団結新会　サクラデンタルクリニック【3:歯科】北海道小樽市桜１－６－７" }, "geometry": { "type": "Point", "coordinates": [ 141.03588, 43.1771533 ] } },
{ "type": "Feature", "properties": { "ID": 133010016470, "正式名称": "吉田歯科医院", "機関区分": 3, "都道府県コード": 1, "市区町村コード": 203, "所在地": "北海道小樽市朝里４－７－１７", "緯度": 43.1743137, "経度": 141.0640338, "url": "https://www.iryou.teikyouseido.mhlw.go.jp/znk-web/juminkanja/S2430/initialize?prefCd=01&kikanCd=3010016470&kikanKbn=3", "url2": "https://yoshida-dentalnet.com/", "内容": "吉田歯科医院【3:歯科】北海道小樽市朝里４－７－１７" }, "geometry": { "type": "Point", "coordinates": [ 141.0640338, 43.174313700000013 ] } },
{ "type": "Feature", "properties": { "ID": 133010016490, "正式名称": "西歯科", "機関区分": 3, "都道府県コード": 1, "市区町村コード": 203, "所在地": "北海道小樽市錦町１９－２１", "緯度": 43.209007, "経度": 140.9974, "url": "https://www.iryou.teikyouseido.mhlw.go.jp/znk-web/juminkanja/S2430/initialize?prefCd=01&kikanCd=3010016490&kikanKbn=3", "url2": null, "内容": "西歯科【3:歯科】北海道小樽市錦町１９－２１" }, "geometry": { "type": "Point", "coordinates": [ 140.9974, 43.209007 ] } },
{ "type": "Feature", "properties": { "ID": 133010016530, "正式名称": "松前町立江良歯科診療所", "機関区分": 3, "都道府県コード": 1, "市区町村コード": 331, "所在地": "北海道松前郡松前町字江良９０２－２", "緯度": 41.549367, "経度": 139.992342, "url": "https://www.iryou.teikyouseido.mhlw.go.jp/znk-web/juminkanja/S2430/initialize?prefCd=01&kikanCd=3010016530&kikanKbn=3", "url2": null, "内容": "松前町立江良歯科診療所【3:歯科】北海道松前郡松前町字江良９０２－２" }, "geometry": { "type": "Point", "coordinates": [ 139.992342, 41.549367 ] } },
{ "type": "Feature", "properties": { "ID": 133010016550, "正式名称": "ささもり歯科医院", "機関区分": 3, "都道府県コード": 1, "市区町村コード": 331, "所在地": "北海道松前郡松前町字松城７０－１", "緯度": 41.428439, "経度": 140.107552, "url": "https://www.iryou.teikyouseido.mhlw.go.jp/znk-web/juminkanja/S2430/initialize?prefCd=01&kikanCd=3010016550&kikanKbn=3", "url2": null, "内容": "ささもり歯科医院【3:歯科】北海道松前郡松前町字松城７０－１" }, "geometry": { "type": "Point", "coordinates": [ 140.107552, 41.428439 ] } },
{ "type": "Feature", "properties": { "ID": 133010016560, "正式名称": "医療法人社団　永井歯科医院　松前診療所", "機関区分": 3, "都道府県コード": 1, "市区町村コード": 331, "所在地": "北海道松前郡松前町字松城６３番地の１", "緯度": 41.428538, "経度": 140.108823, "url": "https://www.iryou.teikyouseido.mhlw.go.jp/znk-web/juminkanja/S2430/initialize?prefCd=01&kikanCd=3010016560&kikanKbn=3", "url2": "https://www.nagai-shika.com/", "内容": "医療法人社団　永井歯科医院　松前診療所【3:歯科】北海道松前郡松前町字松城６３番地の１" }, "geometry": { "type": "Point", "coordinates": [ 140.108823, 41.428538 ] } },
{ "type": "Feature", "properties": { "ID": 133010016570, "正式名称": "富山歯科医院", "機関区分": 3, "都道府県コード": 1, "市区町村コード": 332, "所在地": "北海道松前郡福島町字三岳４５番地の１３", "緯度": 41.487746, "経度": 140.255197, "url": "https://www.iryou.teikyouseido.mhlw.go.jp/znk-web/juminkanja/S2430/initialize?prefCd=01&kikanCd=3010016570&kikanKbn=3", "url2": null, "内容": "富山歯科医院【3:歯科】北海道松前郡福島町字三岳４５番地の１３" }, "geometry": { "type": "Point", "coordinates": [ 140.255197, 41.487746 ] } },
{ "type": "Feature", "properties": { "ID": 133010016590, "正式名称": "ふくしま歯科診療室", "機関区分": 3, "都道府県コード": 1, "市区町村コード": 332, "所在地": "北海道松前郡福島町字福島２７８－２", "緯度": 41.481741, "経度": 140.254872, "url": "https://www.iryou.teikyouseido.mhlw.go.jp/znk-web/juminkanja/S2430/initialize?prefCd=01&kikanCd=3010016590&kikanKbn=3", "url2": null, "内容": "ふくしま歯科診療室【3:歯科】北海道松前郡福島町字福島２７８－２" }, "geometry": { "type": "Point", "coordinates": [ 140.254872, 41.481741 ] } },
{ "type": "Feature", "properties": { "ID": 133010016600, "正式名称": "西根歯科医院", "機関区分": 3, "都道府県コード": 1, "市区町村コード": 333, "所在地": "北海道上磯郡知内町字重内４番３０号", "緯度": 41.609432, "経度": 140.40033, "url": "https://www.iryou.teikyouseido.mhlw.go.jp/znk-web/juminkanja/S2430/initialize?prefCd=01&kikanCd=3010016600&kikanKbn=3", "url2": null, "内容": "西根歯科医院【3:歯科】北海道上磯郡知内町字重内４番３０号" }, "geometry": { "type": "Point", "coordinates": [ 140.40033, 41.609432 ] } },
{ "type": "Feature", "properties": { "ID": 133010016640, "正式名称": "医療法人社団　ソワン　西川歯科医院", "機関区分": 3, "都道府県コード": 1, "市区町村コード": 236, "所在地": "北海道北斗市飯生２－２－６", "緯度": 41.819308, "経度": 140.642963, "url": "https://www.iryou.teikyouseido.mhlw.go.jp/znk-web/juminkanja/S2430/initialize?prefCd=01&kikanCd=3010016640&kikanKbn=3", "url2": "https://www.nishikawadent.com/", "内容": "医療法人社団　ソワン　西川歯科医院【3:歯科】北海道北斗市飯生２－２－６" }, "geometry": { "type": "Point", "coordinates": [ 140.642963, 41.819308 ] } },
{ "type": "Feature", "properties": { "ID": 133010016650, "正式名称": "内藤歯科医院", "機関区分": 3, "都道府県コード": 1, "市区町村コード": 236, "所在地": "北海道北斗市中央２丁目２番３３号", "緯度": 41.822863, "経度": 140.651795, "url": "https://www.iryou.teikyouseido.mhlw.go.jp/znk-web/juminkanja/S2430/initialize?prefCd=01&kikanCd=3010016650&kikanKbn=3", "url2": null, "内容": "内藤歯科医院【3:歯科】北海道北斗市中央２丁目２番３３号" }, "geometry": { "type": "Point", "coordinates": [ 140.651795, 41.822863 ] } },
{ "type": "Feature", "properties": { "ID": 133010016660, "正式名称": "上磯歯科診療所", "機関区分": 3, "都道府県コード": 1, "市区町村コード": 236, "所在地": "北海道北斗市常磐１丁目６番１９号", "緯度": 41.820726, "経度": 140.642665, "url": "https://www.iryou.teikyouseido.mhlw.go.jp/znk-web/juminkanja/S2430/initialize?prefCd=01&kikanCd=3010016660&kikanKbn=3", "url2": null, "内容": "上磯歯科診療所【3:歯科】北海道北斗市常磐１丁目６番１９号" }, "geometry": { "type": "Point", "coordinates": [ 140.642665, 41.820726 ] } },
{ "type": "Feature", "properties": { "ID": 133010016670, "正式名称": "医療法人社団やまもと歯科診療所", "機関区分": 3, "都道府県コード": 1, "市区町村コード": 236, "所在地": "北海道北斗市七重浜２丁目２６－７", "緯度": 41.81447, "経度": 140.708023, "url": "https://www.iryou.teikyouseido.mhlw.go.jp/znk-web/juminkanja/S2430/initialize?prefCd=01&kikanCd=3010016670&kikanKbn=3", "url2": null, "内容": "医療法人社団やまもと歯科診療所【3:歯科】北海道北斗市七重浜２丁目２６－７" }, "geometry": { "type": "Point", "coordinates": [ 140.708023, 41.81447 ] } },
{ "type": "Feature", "properties": { "ID": 133010016690, "正式名称": "医療法人社団第一歯科医院", "機関区分": 3, "都道府県コード": 1, "市区町村コード": 236, "所在地": "北海道北斗市久根別１丁目２３番９号", "緯度": 41.8252385, "経度": 140.6764357, "url": "https://www.iryou.teikyouseido.mhlw.go.jp/znk-web/juminkanja/S2430/initialize?prefCd=01&kikanCd=3010016690&kikanKbn=3", "url2": null, "内容": "医療法人社団第一歯科医院【3:歯科】北海道北斗市久根別１丁目２３番９号" }, "geometry": { "type": "Point", "coordinates": [ 140.676435700000013, 41.8252385 ] } },
{ "type": "Feature", "properties": { "ID": 133010016710, "正式名称": "えんどう歯科医院", "機関区分": 3, "都道府県コード": 1, "市区町村コード": 236, "所在地": "北海道北斗市七重浜４丁目３６番８号", "緯度": 41.8194852, "経度": 140.7109025, "url": "https://www.iryou.teikyouseido.mhlw.go.jp/znk-web/juminkanja/S2430/initialize?prefCd=01&kikanCd=3010016710&kikanKbn=3", "url2": null, "内容": "えんどう歯科医院【3:歯科】北海道北斗市七重浜４丁目３６番８号" }, "geometry": { "type": "Point", "coordinates": [ 140.7109025, 41.8194852 ] } },
{ "type": "Feature", "properties": { "ID": 133010016720, "正式名称": "医療法人社団田島歯科医院", "機関区分": 3, "都道府県コード": 1, "市区町村コード": 236, "所在地": "北海道北斗市久根別１丁目１３番１６号", "緯度": 41.824164, "経度": 140.679761, "url": "https://www.iryou.teikyouseido.mhlw.go.jp/znk-web/juminkanja/S2430/initialize?prefCd=01&kikanCd=3010016720&kikanKbn=3", "url2": "http://www.tajima-dcweb.com/index.html", "内容": "医療法人社団田島歯科医院【3:歯科】北海道北斗市久根別１丁目１３番１６号" }, "geometry": { "type": "Point", "coordinates": [ 140.679761, 41.824164 ] } },
{ "type": "Feature", "properties": { "ID": 133010016730, "正式名称": "むらおか歯科医院", "機関区分": 3, "都道府県コード": 1, "市区町村コード": 236, "所在地": "北海道北斗市東浜２丁目３２番４７号", "緯度": 41.8233101, "経度": 140.6600531, "url": "https://www.iryou.teikyouseido.mhlw.go.jp/znk-web/juminkanja/S2430/initialize?prefCd=01&kikanCd=3010016730&kikanKbn=3", "url2": "https://www.muraoka-shikaiin.com/", "内容": "むらおか歯科医院【3:歯科】北海道北斗市東浜２丁目３２番４７号" }, "geometry": { "type": "Point", "coordinates": [ 140.6600531, 41.8233101 ] } },
{ "type": "Feature", "properties": { "ID": 133010016740, "正式名称": "医療法人社団　志　ふるた矯正歯科", "機関区分": 3, "都道府県コード": 1, "市区町村コード": 236, "所在地": "北海道北斗市追分２丁目６２番１１号", "緯度": 41.830928, "経度": 140.70302, "url": "https://www.iryou.teikyouseido.mhlw.go.jp/znk-web/juminkanja/S2430/initialize?prefCd=01&kikanCd=3010016740&kikanKbn=3", "url2": "www.hakodate-kyousei.or.jp", "内容": "医療法人社団　志　ふるた矯正歯科【3:歯科】北海道北斗市追分２丁目６２番１１号" }, "geometry": { "type": "Point", "coordinates": [ 140.70302, 41.830928 ] } },
{ "type": "Feature", "properties": { "ID": 133010016750, "正式名称": "よこやま歯科医院", "機関区分": 3, "都道府県コード": 1, "市区町村コード": 236, "所在地": "北海道北斗市七重浜４丁目２９番１０号", "緯度": 41.818072, "経度": 140.713018, "url": "https://www.iryou.teikyouseido.mhlw.go.jp/znk-web/juminkanja/S2430/initialize?prefCd=01&kikanCd=3010016750&kikanKbn=3", "url2": null, "内容": "よこやま歯科医院【3:歯科】北海道北斗市七重浜４丁目２９番１０号" }, "geometry": { "type": "Point", "coordinates": [ 140.713018, 41.818072 ] } },
{ "type": "Feature", "properties": { "ID": 133010016760, "正式名称": "あまつかファミリー歯科", "機関区分": 3, "都道府県コード": 1, "市区町村コード": 236, "所在地": "北海道北斗市中央３丁目３－２０", "緯度": 41.821785, "経度": 140.646432, "url": "https://www.iryou.teikyouseido.mhlw.go.jp/znk-web/juminkanja/S2430/initialize?prefCd=01&kikanCd=3010016760&kikanKbn=3", "url2": null, "内容": "あまつかファミリー歯科【3:歯科】北海道北斗市中央３丁目３－２０" }, "geometry": { "type": "Point", "coordinates": [ 140.646432, 41.821785 ] } },
{ "type": "Feature", "properties": { "ID": 133010016800, "正式名称": "医療法人　社団　トム　本郷歯科", "機関区分": 3, "都道府県コード": 1, "市区町村コード": 236, "所在地": "北海道北斗市本郷３４４番８", "緯度": 41.88794, "経度": 140.647848, "url": "https://www.iryou.teikyouseido.mhlw.go.jp/znk-web/juminkanja/S2430/initialize?prefCd=01&kikanCd=3010016800&kikanKbn=3", "url2": "http://www.tom-dental.jp/", "内容": "医療法人　社団　トム　本郷歯科【3:歯科】北海道北斗市本郷３４４番８" }, "geometry": { "type": "Point", "coordinates": [ 140.647848, 41.88794 ] } },
{ "type": "Feature", "properties": { "ID": 133010016810, "正式名称": "よこうち歯科クリニック", "機関区分": 3, "都道府県コード": 1, "市区町村コード": 236, "所在地": "北海道北斗市本町５丁目３２－４３", "緯度": 41.8771716, "経度": 140.6487706, "url": "https://www.iryou.teikyouseido.mhlw.go.jp/znk-web/juminkanja/S2430/initialize?prefCd=01&kikanCd=3010016810&kikanKbn=3", "url2": null, "内容": "よこうち歯科クリニック【3:歯科】北海道北斗市本町５丁目３２－４３" }, "geometry": { "type": "Point", "coordinates": [ 140.6487706, 41.8771716 ] } },
{ "type": "Feature", "properties": { "ID": 133010016820, "正式名称": "医療法人社団寿栄会ホワイト歯科クリニック", "機関区分": 3, "都道府県コード": 1, "市区町村コード": 236, "所在地": "北海道北斗市市渡４６５－７", "緯度": 41.900403, "経度": 140.639417, "url": "https://www.iryou.teikyouseido.mhlw.go.jp/znk-web/juminkanja/S2430/initialize?prefCd=01&kikanCd=3010016820&kikanKbn=3", "url2": "http://www.white-dentalclinic.com/", "内容": "医療法人社団寿栄会ホワイト歯科クリニック【3:歯科】北海道北斗市市渡４６５－７" }, "geometry": { "type": "Point", "coordinates": [ 140.639417, 41.900403 ] } },
{ "type": "Feature", "properties": { "ID": 133010016840, "正式名称": "佐藤歯科クリニック", "機関区分": 3, "都道府県コード": 1, "市区町村コード": 337, "所在地": "北海道亀田郡七飯町桜町２丁目２番８号", "緯度": 36.345307, "経度": 136.309469, "url": "https://www.iryou.teikyouseido.mhlw.go.jp/znk-web/juminkanja/S2430/initialize?prefCd=01&kikanCd=3010016840&kikanKbn=3", "url2": "https://nanae-satoshika.com/", "内容": "佐藤歯科クリニック【3:歯科】北海道亀田郡七飯町桜町２丁目２番８号" }, "geometry": { "type": "Point", "coordinates": [ 136.309469, 36.345307 ] } },
{ "type": "Feature", "properties": { "ID": 133010016860, "正式名称": "山下歯科医院", "機関区分": 3, "都道府県コード": 1, "市区町村コード": 337, "所在地": "北海道亀田郡七飯町大川４丁目１５番２５号", "緯度": 41.857033, "経度": 140.723188, "url": "https://www.iryou.teikyouseido.mhlw.go.jp/znk-web/juminkanja/S2430/initialize?prefCd=01&kikanCd=3010016860&kikanKbn=3", "url2": null, "内容": "山下歯科医院【3:歯科】北海道亀田郡七飯町大川４丁目１５番２５号" }, "geometry": { "type": "Point", "coordinates": [ 140.723188, 41.857033 ] } },
{ "type": "Feature", "properties": { "ID": 133010016870, "正式名称": "なかの歯科クリニック", "機関区分": 3, "都道府県コード": 1, "市区町村コード": 337, "所在地": "北海道亀田郡七飯町本町１丁目２－２", "緯度": 41.888257, "経度": 140.6885226, "url": "https://www.iryou.teikyouseido.mhlw.go.jp/znk-web/juminkanja/S2430/initialize?prefCd=01&kikanCd=3010016870&kikanKbn=3", "url2": null, "内容": "なかの歯科クリニック【3:歯科】北海道亀田郡七飯町本町１丁目２－２" }, "geometry": { "type": "Point", "coordinates": [ 140.6885226, 41.888257 ] } },
{ "type": "Feature", "properties": { "ID": 133010016880, "正式名称": "見晴公園歯科矯正歯科クリニック", "機関区分": 3, "都道府県コード": 1, "市区町村コード": 337, "所在地": "北海道亀田郡七飯町本町５丁目５－２７", "緯度": 41.894574, "経度": 140.693655, "url": "https://www.iryou.teikyouseido.mhlw.go.jp/znk-web/juminkanja/S2430/initialize?prefCd=01&kikanCd=3010016880&kikanKbn=3", "url2": null, "内容": "見晴公園歯科矯正歯科クリニック【3:歯科】北海道亀田郡七飯町本町５丁目５－２７" }, "geometry": { "type": "Point", "coordinates": [ 140.693655, 41.894574 ] } },
{ "type": "Feature", "properties": { "ID": 133010016890, "正式名称": "大沼歯科クリニック", "機関区分": 3, "都道府県コード": 1, "市区町村コード": 337, "所在地": "北海道亀田郡七飯町大川６丁目１番２号", "緯度": 41.8619633, "経度": 140.7174202, "url": "https://www.iryou.teikyouseido.mhlw.go.jp/znk-web/juminkanja/S2430/initialize?prefCd=01&kikanCd=3010016890&kikanKbn=3", "url2": null, "内容": "大沼歯科クリニック【3:歯科】北海道亀田郡七飯町大川６丁目１番２号" }, "geometry": { "type": "Point", "coordinates": [ 140.7174202, 41.8619633 ] } },
{ "type": "Feature", "properties": { "ID": 133010016900, "正式名称": "ななえ山本歯科", "機関区分": 3, "都道府県コード": 1, "市区町村コード": 337, "所在地": "北海道亀田郡七飯町本町３丁目１１－１１", "緯度": 41.892356, "経度": 140.688428, "url": "https://www.iryou.teikyouseido.mhlw.go.jp/znk-web/juminkanja/S2430/initialize?prefCd=01&kikanCd=3010016900&kikanKbn=3", "url2": null, "内容": "ななえ山本歯科【3:歯科】北海道亀田郡七飯町本町３丁目１１－１１" }, "geometry": { "type": "Point", "coordinates": [ 140.688428, 41.892356 ] } },
{ "type": "Feature", "properties": { "ID": 133010016910, "正式名称": "かねたか歯科医院", "機関区分": 3, "都道府県コード": 1, "市区町村コード": 337, "所在地": "北海道亀田郡七飯町本町３丁目１６番４３号", "緯度": 41.891134, "経度": 140.690967, "url": "https://www.iryou.teikyouseido.mhlw.go.jp/znk-web/juminkanja/S2430/initialize?prefCd=01&kikanCd=3010016910&kikanKbn=3", "url2": null, "内容": "かねたか歯科医院【3:歯科】北海道亀田郡七飯町本町３丁目１６番４３号" }, "geometry": { "type": "Point", "coordinates": [ 140.690967, 41.891134 ] } },
{ "type": "Feature", "properties": { "ID": 133010016920, "正式名称": "鍋谷歯科医院", "機関区分": 3, "都道府県コード": 1, "市区町村コード": 337, "所在地": "北海道亀田郡七飯町字大沼町２０６番１号", "緯度": 41.980375, "経度": 140.672759, "url": "https://www.iryou.teikyouseido.mhlw.go.jp/znk-web/juminkanja/S2430/initialize?prefCd=01&kikanCd=3010016920&kikanKbn=3", "url2": "http://www18.ocn.ne.jp/~nabeya", "内容": "鍋谷歯科医院【3:歯科】北海道亀田郡七飯町字大沼町２０６番１号" }, "geometry": { "type": "Point", "coordinates": [ 140.672759, 41.980375 ] } },
{ "type": "Feature", "properties": { "ID": 133010016930, "正式名称": "医療法人社団隆仁会　みよしデンタルクリニック", "機関区分": 3, "都道府県コード": 1, "市区町村コード": 337, "所在地": "北海道亀田郡七飯町大川８丁目６番１３号", "緯度": 41.856357, "経度": 140.727747, "url": "https://www.iryou.teikyouseido.mhlw.go.jp/znk-web/juminkanja/S2430/initialize?prefCd=01&kikanCd=3010016930&kikanKbn=3", "url2": null, "内容": "医療法人社団隆仁会　みよしデンタルクリニック【3:歯科】北海道亀田郡七飯町大川８丁目６番１３号" }, "geometry": { "type": "Point", "coordinates": [ 140.727747, 41.856357 ] } },
{ "type": "Feature", "properties": { "ID": 133010016940, "正式名称": "岩井歯科医院", "機関区分": 3, "都道府県コード": 1, "市区町村コード": 343, "所在地": "北海道茅部郡鹿部町鹿部１４７番地７", "緯度": 42.034066, "経度": 140.820438, "url": "https://www.iryou.teikyouseido.mhlw.go.jp/znk-web/juminkanja/S2430/initialize?prefCd=01&kikanCd=3010016940&kikanKbn=3", "url2": null, "内容": "岩井歯科医院【3:歯科】北海道茅部郡鹿部町鹿部１４７番地７" }, "geometry": { "type": "Point", "coordinates": [ 140.820438, 42.034066 ] } },
{ "type": "Feature", "properties": { "ID": 133010016960, "正式名称": "金丸歯科クリニック", "機関区分": 3, "都道府県コード": 1, "市区町村コード": 345, "所在地": "北海道茅部郡森町字森川町２８１番地５６号", "緯度": 42.095479, "経度": 140.579035, "url": "https://www.iryou.teikyouseido.mhlw.go.jp/znk-web/juminkanja/S2430/initialize?prefCd=01&kikanCd=3010016960&kikanKbn=3", "url2": null, "内容": "金丸歯科クリニック【3:歯科】北海道茅部郡森町字森川町２８１番地５６号" }, "geometry": { "type": "Point", "coordinates": [ 140.579035, 42.095479 ] } },
{ "type": "Feature", "properties": { "ID": 133010016970, "正式名称": "山野井歯科医院", "機関区分": 3, "都道府県コード": 1, "市区町村コード": 345, "所在地": "北海道茅部郡森町字森川町２番地の１０", "緯度": 42.106064, "経度": 140.58055, "url": "https://www.iryou.teikyouseido.mhlw.go.jp/znk-web/juminkanja/S2430/initialize?prefCd=01&kikanCd=3010016970&kikanKbn=3", "url2": null, "内容": "山野井歯科医院【3:歯科】北海道茅部郡森町字森川町２番地の１０" }, "geometry": { "type": "Point", "coordinates": [ 140.58055, 42.106064 ] } },
{ "type": "Feature", "properties": { "ID": 133010016990, "正式名称": "医療法人社団いわしま歯科医院", "機関区分": 3, "都道府県コード": 1, "市区町村コード": 345, "所在地": "北海道茅部郡森町御幸町１１６番地　イワシマビル１Ｆ", "緯度": 42.10636, "経度": 140.576915, "url": "https://www.iryou.teikyouseido.mhlw.go.jp/znk-web/juminkanja/S2430/initialize?prefCd=01&kikanCd=3010016990&kikanKbn=3", "url2": null, "内容": "医療法人社団いわしま歯科医院【3:歯科】北海道茅部郡森町御幸町１１６番地　イワシマビル１Ｆ" }, "geometry": { "type": "Point", "coordinates": [ 140.576915, 42.10636 ] } },
{ "type": "Feature", "properties": { "ID": 133010017010, "正式名称": "医療法人社団信樹会向歯科診療所森クリニック", "機関区分": 3, "都道府県コード": 1, "市区町村コード": 345, "所在地": "北海道茅部郡森町字森川町１番地の２", "緯度": 42.106209, "経度": 140.579708, "url": "https://www.iryou.teikyouseido.mhlw.go.jp/znk-web/juminkanja/S2430/initialize?prefCd=01&kikanCd=3010017010&kikanKbn=3", "url2": "https://www.shinjukai-mukaidc.or.jp/", "内容": "医療法人社団信樹会向歯科診療所森クリニック【3:歯科】北海道茅部郡森町字森川町１番地の２" }, "geometry": { "type": "Point", "coordinates": [ 140.579708, 42.106209 ] } },
{ "type": "Feature", "properties": { "ID": 133010017040, "正式名称": "本郷歯科クリニック", "機関区分": 3, "都道府県コード": 1, "市区町村コード": 345, "所在地": "北海道茅部郡森町字砂原１丁目３０－６４", "緯度": 42.124725, "経度": 140.66768, "url": "https://www.iryou.teikyouseido.mhlw.go.jp/znk-web/juminkanja/S2430/initialize?prefCd=01&kikanCd=3010017040&kikanKbn=3", "url2": null, "内容": "本郷歯科クリニック【3:歯科】北海道茅部郡森町字砂原１丁目３０－６４" }, "geometry": { "type": "Point", "coordinates": [ 140.66768, 42.124725 ] } },
{ "type": "Feature", "properties": { "ID": 133010017060, "正式名称": "医療法人社団　祐和会　はねだ歯科医院", "機関区分": 3, "都道府県コード": 1, "市区町村コード": 346, "所在地": "北海道二海郡八雲町本町２３４番地", "緯度": 42.256005, "経度": 140.271085, "url": "https://www.iryou.teikyouseido.mhlw.go.jp/znk-web/juminkanja/S2430/initialize?prefCd=01&kikanCd=3010017060&kikanKbn=3", "url2": null, "内容": "医療法人社団　祐和会　はねだ歯科医院【3:歯科】北海道二海郡八雲町本町２３４番地" }, "geometry": { "type": "Point", "coordinates": [ 140.271085, 42.256005 ] } },
{ "type": "Feature", "properties": { "ID": 133010017080, "正式名称": "おとしべ歯科クリニック", "機関区分": 3, "都道府県コード": 1, "市区町村コード": 346, "所在地": "北海道二海郡八雲町落部４１", "緯度": 42.18773, "経度": 140.4233, "url": "https://www.iryou.teikyouseido.mhlw.go.jp/znk-web/juminkanja/S2430/initialize?prefCd=01&kikanCd=3010017080&kikanKbn=3", "url2": null, "内容": "おとしべ歯科クリニック【3:歯科】北海道二海郡八雲町落部４１" }, "geometry": { "type": "Point", "coordinates": [ 140.4233, 42.18773 ] } },
{ "type": "Feature", "properties": { "ID": 133010017110, "正式名称": "茂木歯科医院", "機関区分": 3, "都道府県コード": 1, "市区町村コード": 346, "所在地": "北海道二海郡八雲町末広町３９番地３", "緯度": 42.256255, "経度": 140.267863, "url": "https://www.iryou.teikyouseido.mhlw.go.jp/znk-web/juminkanja/S2430/initialize?prefCd=01&kikanCd=3010017110&kikanKbn=3", "url2": null, "内容": "茂木歯科医院【3:歯科】北海道二海郡八雲町末広町３９番地３" }, "geometry": { "type": "Point", "coordinates": [ 140.267863, 42.256255 ] } },
{ "type": "Feature", "properties": { "ID": 133010017120, "正式名称": "町立熊石歯科診療所", "機関区分": 3, "都道府県コード": 1, "市区町村コード": 346, "所在地": "北海道二海郡八雲町熊石雲石町１５５番地１", "緯度": 42.130207, "経度": 139.9798, "url": "https://www.iryou.teikyouseido.mhlw.go.jp/znk-web/juminkanja/S2430/initialize?prefCd=01&kikanCd=3010017120&kikanKbn=3", "url2": null, "内容": "町立熊石歯科診療所【3:歯科】北海道二海郡八雲町熊石雲石町１５５番地１" }, "geometry": { "type": "Point", "coordinates": [ 139.9798, 42.130207 ] } },
{ "type": "Feature", "properties": { "ID": 133010017140, "正式名称": "やぎ歯科医院", "機関区分": 3, "都道府県コード": 1, "市区町村コード": 347, "所在地": "北海道山越郡長万部町字長万部４１１の３０９", "緯度": 42.515868, "経度": 140.373287, "url": "https://www.iryou.teikyouseido.mhlw.go.jp/znk-web/juminkanja/S2430/initialize?prefCd=01&kikanCd=3010017140&kikanKbn=3", "url2": null, "内容": "やぎ歯科医院【3:歯科】北海道山越郡長万部町字長万部４１１の３０９" }, "geometry": { "type": "Point", "coordinates": [ 140.373287, 42.515868 ] } },
{ "type": "Feature", "properties": { "ID": 133010017180, "正式名称": "医療法人社団澪和会　きたひやま歯科クリニック", "機関区分": 3, "都道府県コード": 1, "市区町村コード": 371, "所在地": "北海道久遠郡せたな町北檜山区北檜山１５７－１０", "緯度": 42.414642, "経度": 139.87566, "url": "https://www.iryou.teikyouseido.mhlw.go.jp/znk-web/juminkanja/S2430/initialize?prefCd=01&kikanCd=3010017180&kikanKbn=3", "url2": null, "内容": "医療法人社団澪和会　きたひやま歯科クリニック【3:歯科】北海道久遠郡せたな町北檜山区北檜山１５７－１０" }, "geometry": { "type": "Point", "coordinates": [ 139.87566, 42.414642 ] } },
{ "type": "Feature", "properties": { "ID": 133010017190, "正式名称": "せたなホワイト歯科", "機関区分": 3, "都道府県コード": 1, "市区町村コード": 371, "所在地": "北海道久遠郡せたな町北檜山区北檜山２７３－１", "緯度": 42.414642, "経度": 139.87566, "url": "https://www.iryou.teikyouseido.mhlw.go.jp/znk-web/juminkanja/S2430/initialize?prefCd=01&kikanCd=3010017190&kikanKbn=3", "url2": null, "内容": "せたなホワイト歯科【3:歯科】北海道久遠郡せたな町北檜山区北檜山２７３－１" }, "geometry": { "type": "Point", "coordinates": [ 139.87566, 42.414642 ] } },
{ "type": "Feature", "properties": { "ID": 133010017210, "正式名称": "せたな町立国保病院瀬棚歯科診療所", "機関区分": 3, "都道府県コード": 1, "市区町村コード": 371, "所在地": "北海道久遠郡せたな町瀬棚区本町８５０番地の４", "緯度": 42.449311, "経度": 139.851839, "url": "https://www.iryou.teikyouseido.mhlw.go.jp/znk-web/juminkanja/S2430/initialize?prefCd=01&kikanCd=3010017210&kikanKbn=3", "url2": null, "内容": "せたな町立国保病院瀬棚歯科診療所【3:歯科】北海道久遠郡せたな町瀬棚区本町８５０番地の４" }, "geometry": { "type": "Point", "coordinates": [ 139.851839, 42.449311 ] } },
{ "type": "Feature", "properties": { "ID": 133010017220, "正式名称": "せたな町大成歯科診療所", "機関区分": 3, "都道府県コード": 1, "市区町村コード": 371, "所在地": "北海道久遠郡せたな町大成区都３３０番地", "緯度": 42.226989, "経度": 139.818399, "url": "https://www.iryou.teikyouseido.mhlw.go.jp/znk-web/juminkanja/S2430/initialize?prefCd=01&kikanCd=3010017220&kikanKbn=3", "url2": null, "内容": "せたな町大成歯科診療所【3:歯科】北海道久遠郡せたな町大成区都３３０番地" }, "geometry": { "type": "Point", "coordinates": [ 139.818399, 42.226989 ] } },
{ "type": "Feature", "properties": { "ID": 133010017300, "正式名称": "医療法人社団京会増永歯科医院", "機関区分": 3, "都道府県コード": 1, "市区町村コード": 361, "所在地": "北海道檜山郡江差町字新地町５７番地", "緯度": 41.863933, "経度": 140.127948, "url": "https://www.iryou.teikyouseido.mhlw.go.jp/znk-web/juminkanja/S2430/initialize?prefCd=01&kikanCd=3010017300&kikanKbn=3", "url2": null, "内容": "医療法人社団京会増永歯科医院【3:歯科】北海道檜山郡江差町字新地町５７番地" }, "geometry": { "type": "Point", "coordinates": [ 140.127948, 41.863933 ] } },
{ "type": "Feature", "properties": { "ID": 133010017320, "正式名称": "上ノ国町立歯科診療所", "機関区分": 3, "都道府県コード": 1, "市区町村コード": 362, "所在地": "北海道檜山郡上ノ国町字大留１５２番地の１", "緯度": 41.804752, "経度": 140.12277, "url": "https://www.iryou.teikyouseido.mhlw.go.jp/znk-web/juminkanja/S2430/initialize?prefCd=01&kikanCd=3010017320&kikanKbn=3", "url2": null, "内容": "上ノ国町立歯科診療所【3:歯科】北海道檜山郡上ノ国町字大留１５２番地の１" }, "geometry": { "type": "Point", "coordinates": [ 140.12277, 41.804752 ] } },
{ "type": "Feature", "properties": { "ID": 133010017350, "正式名称": "小山歯科医院", "機関区分": 3, "都道府県コード": 1, "市区町村コード": 363, "所在地": "北海道檜山郡厚沢部町緑町１６２番の２７", "緯度": 41.918318, "経度": 140.211966, "url": "https://www.iryou.teikyouseido.mhlw.go.jp/znk-web/juminkanja/S2430/initialize?prefCd=01&kikanCd=3010017350&kikanKbn=3", "url2": null, "内容": "小山歯科医院【3:歯科】北海道檜山郡厚沢部町緑町１６２番の２７" }, "geometry": { "type": "Point", "coordinates": [ 140.211966, 41.918318 ] } },
{ "type": "Feature", "properties": { "ID": 133010017390, "正式名称": "吉田歯科医院", "機関区分": 3, "都道府県コード": 1, "市区町村コード": 217, "所在地": "北海道江別市豊幌美咲町２－１５", "緯度": 43.1347684, "経度": 141.6238043, "url": "https://www.iryou.teikyouseido.mhlw.go.jp/znk-web/juminkanja/S2430/initialize?prefCd=01&kikanCd=3010017390&kikanKbn=3", "url2": null, "内容": "吉田歯科医院【3:歯科】北海道江別市豊幌美咲町２－１５" }, "geometry": { "type": "Point", "coordinates": [ 141.623804299999989, 43.1347684 ] } },
{ "type": "Feature", "properties": { "ID": 133010017400, "正式名称": "かわだ歯科クリニック", "機関区分": 3, "都道府県コード": 1, "市区町村コード": 217, "所在地": "北海道江別市緑ヶ丘４－１４", "緯度": 43.083158, "経度": 141.5337921, "url": "https://www.iryou.teikyouseido.mhlw.go.jp/znk-web/juminkanja/S2430/initialize?prefCd=01&kikanCd=3010017400&kikanKbn=3", "url2": null, "内容": "かわだ歯科クリニック【3:歯科】北海道江別市緑ヶ丘４－１４" }, "geometry": { "type": "Point", "coordinates": [ 141.5337921, 43.083158 ] } },
{ "type": "Feature", "properties": { "ID": 133010017410, "正式名称": "さへき歯科クリニック", "機関区分": 3, "都道府県コード": 1, "市区町村コード": 217, "所在地": "北海道江別市４条５丁目１５－２", "緯度": 43.1126941, "経度": 141.5557194, "url": "https://www.iryou.teikyouseido.mhlw.go.jp/znk-web/juminkanja/S2430/initialize?prefCd=01&kikanCd=3010017410&kikanKbn=3", "url2": "http://www.saheki-dental.com/", "内容": "さへき歯科クリニック【3:歯科】北海道江別市４条５丁目１５－２" }, "geometry": { "type": "Point", "coordinates": [ 141.555719399999987, 43.1126941 ] } },
{ "type": "Feature", "properties": { "ID": 133010017450, "正式名称": "鍋島歯科医院", "機関区分": 3, "都道府県コード": 1, "市区町村コード": 217, "所在地": "北海道江別市緑町東２丁目３", "緯度": 43.1216, "経度": 141.54276, "url": "https://www.iryou.teikyouseido.mhlw.go.jp/znk-web/juminkanja/S2430/initialize?prefCd=01&kikanCd=3010017450&kikanKbn=3", "url2": null, "内容": "鍋島歯科医院【3:歯科】北海道江別市緑町東２丁目３" }, "geometry": { "type": "Point", "coordinates": [ 141.54276, 43.1216 ] } },
{ "type": "Feature", "properties": { "ID": 133010017490, "正式名称": "ファースト歯科", "機関区分": 3, "都道府県コード": 1, "市区町村コード": 217, "所在地": "北海道江別市元江別本町２２－５", "緯度": 43.1103037, "経度": 141.5302897, "url": "https://www.iryou.teikyouseido.mhlw.go.jp/znk-web/juminkanja/S2430/initialize?prefCd=01&kikanCd=3010017490&kikanKbn=3", "url2": null, "内容": "ファースト歯科【3:歯科】北海道江別市元江別本町２２－５" }, "geometry": { "type": "Point", "coordinates": [ 141.5302897, 43.1103037 ] } },
{ "type": "Feature", "properties": { "ID": 133010017500, "正式名称": "とくだ歯科医院", "機関区分": 3, "都道府県コード": 1, "市区町村コード": 217, "所在地": "北海道江別市元江別本町１－３　ホクレンショップ元江別店内", "緯度": 43.1094856, "経度": 141.5312957, "url": "https://www.iryou.teikyouseido.mhlw.go.jp/znk-web/juminkanja/S2430/initialize?prefCd=01&kikanCd=3010017500&kikanKbn=3", "url2": null, "内容": "とくだ歯科医院【3:歯科】北海道江別市元江別本町１－３　ホクレンショップ元江別店内" }, "geometry": { "type": "Point", "coordinates": [ 141.531295699999987, 43.1094856 ] } },
{ "type": "Feature", "properties": { "ID": 133010017520, "正式名称": "医療法人社団いずみ野歯科クリニック", "機関区分": 3, "都道府県コード": 1, "市区町村コード": 217, "所在地": "北海道江別市いずみ野２２－７", "緯度": 43.1146767, "経度": 141.5342702, "url": "https://www.iryou.teikyouseido.mhlw.go.jp/znk-web/juminkanja/S2430/initialize?prefCd=01&kikanCd=3010017520&kikanKbn=3", "url2": null, "内容": "医療法人社団いずみ野歯科クリニック【3:歯科】北海道江別市いずみ野２２－７" }, "geometry": { "type": "Point", "coordinates": [ 141.5342702, 43.1146767 ] } },
{ "type": "Feature", "properties": { "ID": 133010017540, "正式名称": "野の花歯科医院", "機関区分": 3, "都道府県コード": 1, "市区町村コード": 217, "所在地": "北海道江別市向ヶ丘１４－１５", "緯度": 43.1039726, "経度": 141.5322153, "url": "https://www.iryou.teikyouseido.mhlw.go.jp/znk-web/juminkanja/S2430/initialize?prefCd=01&kikanCd=3010017540&kikanKbn=3", "url2": null, "内容": "野の花歯科医院【3:歯科】北海道江別市向ヶ丘１４－１５" }, "geometry": { "type": "Point", "coordinates": [ 141.5322153, 43.1039726 ] } },
{ "type": "Feature", "properties": { "ID": 133010017560, "正式名称": "医療法人社団はしば歯科クリニック", "機関区分": 3, "都道府県コード": 1, "市区町村コード": 217, "所在地": "北海道江別市幸町３２－１５", "緯度": 43.0997035, "経度": 141.5333951, "url": "https://www.iryou.teikyouseido.mhlw.go.jp/znk-web/juminkanja/S2430/initialize?prefCd=01&kikanCd=3010017560&kikanKbn=3", "url2": null, "内容": "医療法人社団はしば歯科クリニック【3:歯科】北海道江別市幸町３２－１５" }, "geometry": { "type": "Point", "coordinates": [ 141.5333951, 43.0997035 ] } },
{ "type": "Feature", "properties": { "ID": 133010017580, "正式名称": "石川歯科医院", "機関区分": 3, "都道府県コード": 1, "市区町村コード": 217, "所在地": "北海道江別市野幌町３０－２０", "緯度": 43.0948351, "経度": 141.5291509, "url": "https://www.iryou.teikyouseido.mhlw.go.jp/znk-web/juminkanja/S2430/initialize?prefCd=01&kikanCd=3010017580&kikanKbn=3", "url2": "http://www.idc-nic.com/", "内容": "石川歯科医院【3:歯科】北海道江別市野幌町３０－２０" }, "geometry": { "type": "Point", "coordinates": [ 141.5291509, 43.0948351 ] } },
{ "type": "Feature", "properties": { "ID": 133010017600, "正式名称": "阿部歯科医院", "機関区分": 3, "都道府県コード": 1, "市区町村コード": 217, "所在地": "北海道江別市野幌町４８－２　梶野ビル１Ｆ", "緯度": 43.0939299, "経度": 141.5257548, "url": "https://www.iryou.teikyouseido.mhlw.go.jp/znk-web/juminkanja/S2430/initialize?prefCd=01&kikanCd=3010017600&kikanKbn=3", "url2": null, "内容": "阿部歯科医院【3:歯科】北海道江別市野幌町４８－２　梶野ビル１Ｆ" }, "geometry": { "type": "Point", "coordinates": [ 141.525754799999987, 43.0939299 ] } },
{ "type": "Feature", "properties": { "ID": 133010017610, "正式名称": "医療法人社団常仁会　ほりい歯科医院", "機関区分": 3, "都道府県コード": 1, "市区町村コード": 217, "所在地": "北海道江別市野幌町５７－１", "緯度": 43.092465, "経度": 141.525831, "url": "https://www.iryou.teikyouseido.mhlw.go.jp/znk-web/juminkanja/S2430/initialize?prefCd=01&kikanCd=3010017610&kikanKbn=3", "url2": "http://www.horiishika.com", "内容": "医療法人社団常仁会　ほりい歯科医院【3:歯科】北海道江別市野幌町５７－１" }, "geometry": { "type": "Point", "coordinates": [ 141.525831, 43.092465 ] } },
{ "type": "Feature", "properties": { "ID": 133010017640, "正式名称": "東野幌歯科・矯正歯科クリニック", "機関区分": 3, "都道府県コード": 1, "市区町村コード": 217, "所在地": "北海道江別市あさひが丘７－１３", "緯度": 43.086577, "経度": 141.537303, "url": "https://www.iryou.teikyouseido.mhlw.go.jp/znk-web/juminkanja/S2430/initialize?prefCd=01&kikanCd=3010017640&kikanKbn=3", "url2": "https://h-nopporo-dc.com/", "内容": "東野幌歯科・矯正歯科クリニック【3:歯科】北海道江別市あさひが丘７－１３" }, "geometry": { "type": "Point", "coordinates": [ 141.537303, 43.086577 ] } },
{ "type": "Feature", "properties": { "ID": 133010017680, "正式名称": "木野村歯科医院", "機関区分": 3, "都道府県コード": 1, "市区町村コード": 217, "所在地": "北海道江別市野幌末広町４－１", "緯度": 43.0923408, "経度": 141.5196448, "url": "https://www.iryou.teikyouseido.mhlw.go.jp/znk-web/juminkanja/S2430/initialize?prefCd=01&kikanCd=3010017680&kikanKbn=3", "url2": null, "内容": "木野村歯科医院【3:歯科】北海道江別市野幌末広町４－１" }, "geometry": { "type": "Point", "coordinates": [ 141.5196448, 43.0923408 ] } },
{ "type": "Feature", "properties": { "ID": 133010017710, "正式名称": "宮田歯科クリニック", "機関区分": 3, "都道府県コード": 1, "市区町村コード": 217, "所在地": "北海道江別市野幌住吉町２４－２１", "緯度": 36.213657, "経度": 136.533333, "url": "https://www.iryou.teikyouseido.mhlw.go.jp/znk-web/juminkanja/S2430/initialize?prefCd=01&kikanCd=3010017710&kikanKbn=3", "url2": null, "内容": "宮田歯科クリニック【3:歯科】北海道江別市野幌住吉町２４－２１" }, "geometry": { "type": "Point", "coordinates": [ 136.533333, 36.213657 ] } },
{ "type": "Feature", "properties": { "ID": 133010017740, "正式名称": "医療法人社団明雄会　そのまち歯科", "機関区分": 3, "都道府県コード": 1, "市区町村コード": 217, "所在地": "北海道江別市大麻園町１１－３０", "緯度": 43.077966, "経度": 141.495195, "url": "https://www.iryou.teikyouseido.mhlw.go.jp/znk-web/juminkanja/S2430/initialize?prefCd=01&kikanCd=3010017740&kikanKbn=3", "url2": null, "内容": "医療法人社団明雄会　そのまち歯科【3:歯科】北海道江別市大麻園町１１－３０" }, "geometry": { "type": "Point", "coordinates": [ 141.495195, 43.077966 ] } },
{ "type": "Feature", "properties": { "ID": 133010017770, "正式名称": "大麻ファミリー歯科", "機関区分": 3, "都道府県コード": 1, "市区町村コード": 217, "所在地": "北海道江別市大麻栄町９－１３", "緯度": 43.0847026, "経度": 141.5048356, "url": "https://www.iryou.teikyouseido.mhlw.go.jp/znk-web/juminkanja/S2430/initialize?prefCd=01&kikanCd=3010017770&kikanKbn=3", "url2": null, "内容": "大麻ファミリー歯科【3:歯科】北海道江別市大麻栄町９－１３" }, "geometry": { "type": "Point", "coordinates": [ 141.5048356, 43.0847026 ] } },
{ "type": "Feature", "properties": { "ID": 133010017780, "正式名称": "三番通り歯科", "機関区分": 3, "都道府県コード": 1, "市区町村コード": 217, "所在地": "北海道江別市大麻晴美町２－３", "緯度": 43.085743, "経度": 141.500583, "url": "https://www.iryou.teikyouseido.mhlw.go.jp/znk-web/juminkanja/S2430/initialize?prefCd=01&kikanCd=3010017780&kikanKbn=3", "url2": null, "内容": "三番通り歯科【3:歯科】北海道江別市大麻晴美町２－３" }, "geometry": { "type": "Point", "coordinates": [ 141.500583, 43.085743 ] } },
{ "type": "Feature", "properties": { "ID": 133010017800, "正式名称": "佐久間歯科医院", "機関区分": 3, "都道府県コード": 1, "市区町村コード": 217, "所在地": "北海道江別市大麻ひかり町３４－２", "緯度": 43.0643256, "経度": 141.4795845, "url": "https://www.iryou.teikyouseido.mhlw.go.jp/znk-web/juminkanja/S2430/initialize?prefCd=01&kikanCd=3010017800&kikanKbn=3", "url2": "http://www.sakuma-dental-clinic.com/", "内容": "佐久間歯科医院【3:歯科】北海道江別市大麻ひかり町３４－２" }, "geometry": { "type": "Point", "coordinates": [ 141.479584499999987, 43.0643256 ] } },
{ "type": "Feature", "properties": { "ID": 133010017810, "正式名称": "すずき歯科クリニック", "機関区分": 3, "都道府県コード": 1, "市区町村コード": 217, "所在地": "北海道江別市見晴台３３－４", "緯度": 43.1082347, "経度": 141.5251821, "url": "https://www.iryou.teikyouseido.mhlw.go.jp/znk-web/juminkanja/S2430/initialize?prefCd=01&kikanCd=3010017810&kikanKbn=3", "url2": null, "内容": "すずき歯科クリニック【3:歯科】北海道江別市見晴台３３－４" }, "geometry": { "type": "Point", "coordinates": [ 141.5251821, 43.1082347 ] } },
{ "type": "Feature", "properties": { "ID": 133010017820, "正式名称": "よねざわ歯科クリニック", "機関区分": 3, "都道府県コード": 1, "市区町村コード": 217, "所在地": "北海道江別市萌えぎ野中央２－１", "緯度": 43.1115071, "経度": 141.5782741, "url": "https://www.iryou.teikyouseido.mhlw.go.jp/znk-web/juminkanja/S2430/initialize?prefCd=01&kikanCd=3010017820&kikanKbn=3", "url2": null, "内容": "よねざわ歯科クリニック【3:歯科】北海道江別市萌えぎ野中央２－１" }, "geometry": { "type": "Point", "coordinates": [ 141.578274099999987, 43.1115071 ] } },
{ "type": "Feature", "properties": { "ID": 133010017830, "正式名称": "かきはら歯科クリニック", "機関区分": 3, "都道府県コード": 1, "市区町村コード": 217, "所在地": "北海道江別市大麻北町５１９－１　ホクレンショップ大麻北町店２Ｆ", "緯度": 43.08831, "経度": 141.50372, "url": "https://www.iryou.teikyouseido.mhlw.go.jp/znk-web/juminkanja/S2430/initialize?prefCd=01&kikanCd=3010017830&kikanKbn=3", "url2": null, "内容": "かきはら歯科クリニック【3:歯科】北海道江別市大麻北町５１９－１　ホクレンショップ大麻北町店２Ｆ" }, "geometry": { "type": "Point", "coordinates": [ 141.50372, 43.08831 ] } },
{ "type": "Feature", "properties": { "ID": 133010017850, "正式名称": "インプラント　きのした歯科医院", "機関区分": 3, "都道府県コード": 1, "市区町村コード": 217, "所在地": "北海道江別市野幌屯田町３－５", "緯度": 43.0992178, "経度": 141.5119727, "url": "https://www.iryou.teikyouseido.mhlw.go.jp/znk-web/juminkanja/S2430/initialize?prefCd=01&kikanCd=3010017850&kikanKbn=3", "url2": "www.kinoshita-dental.com/", "内容": "インプラント　きのした歯科医院【3:歯科】北海道江別市野幌屯田町３－５" }, "geometry": { "type": "Point", "coordinates": [ 141.5119727, 43.0992178 ] } },
{ "type": "Feature", "properties": { "ID": 133010017860, "正式名称": "おおあさメディカルビル歯科", "機関区分": 3, "都道府県コード": 1, "市区町村コード": 217, "所在地": "北海道江別市大麻中町２－１７", "緯度": 36.493227, "経度": 136.490257, "url": "https://www.iryou.teikyouseido.mhlw.go.jp/znk-web/juminkanja/S2430/initialize?prefCd=01&kikanCd=3010017860&kikanKbn=3", "url2": null, "内容": "おおあさメディカルビル歯科【3:歯科】北海道江別市大麻中町２－１７" }, "geometry": { "type": "Point", "coordinates": [ 136.490257, 36.493227 ] } },
{ "type": "Feature", "properties": { "ID": 133010017870, "正式名称": "江別ガーデン歯科", "機関区分": 3, "都道府県コード": 1, "市区町村コード": 217, "所在地": "北海道江別市上江別南町５２－１０", "緯度": 43.1024288, "経度": 141.5609254, "url": "https://www.iryou.teikyouseido.mhlw.go.jp/znk-web/juminkanja/S2430/initialize?prefCd=01&kikanCd=3010017870&kikanKbn=3", "url2": null, "内容": "江別ガーデン歯科【3:歯科】北海道江別市上江別南町５２－１０" }, "geometry": { "type": "Point", "coordinates": [ 141.5609254, 43.1024288 ] } },
{ "type": "Feature", "properties": { "ID": 133010017880, "正式名称": "すみえ歯科医院", "機関区分": 3, "都道府県コード": 1, "市区町村コード": 217, "所在地": "北海道江別市野幌若葉町４５－１３", "緯度": 43.08499, "経度": 141.519877, "url": "https://www.iryou.teikyouseido.mhlw.go.jp/znk-web/juminkanja/S2430/initialize?prefCd=01&kikanCd=3010017880&kikanKbn=3", "url2": "http://sumie-dc.com/", "内容": "すみえ歯科医院【3:歯科】北海道江別市野幌若葉町４５－１３" }, "geometry": { "type": "Point", "coordinates": [ 141.519877, 43.08499 ] } },
{ "type": "Feature", "properties": { "ID": 133010017900, "正式名称": "医療法人社団常仁会クオレ矯正歯科クリニック", "機関区分": 3, "都道府県コード": 1, "市区町村コード": 217, "所在地": "北海道江別市野幌町４０－１５", "緯度": 43.0961922, "経度": 141.5284711, "url": "https://www.iryou.teikyouseido.mhlw.go.jp/znk-web/juminkanja/S2430/initialize?prefCd=01&kikanCd=3010017900&kikanKbn=3", "url2": "http://www.quole-ortho.com", "内容": "医療法人社団常仁会クオレ矯正歯科クリニック【3:歯科】北海道江別市野幌町４０－１５" }, "geometry": { "type": "Point", "coordinates": [ 141.5284711, 43.0961922 ] } },
{ "type": "Feature", "properties": { "ID": 133010017930, "正式名称": "つちだ歯科", "機関区分": 3, "都道府県コード": 1, "市区町村コード": 217, "所在地": "北海道江別市大麻中町２６－２２大麻ステーションビル２Ｆ", "緯度": 43.073328, "経度": 141.495612, "url": "https://www.iryou.teikyouseido.mhlw.go.jp/znk-web/juminkanja/S2430/initialize?prefCd=01&kikanCd=3010017930&kikanKbn=3", "url2": null, "内容": "つちだ歯科【3:歯科】北海道江別市大麻中町２６－２２大麻ステーションビル２Ｆ" }, "geometry": { "type": "Point", "coordinates": [ 141.495612, 43.073328 ] } },
{ "type": "Feature", "properties": { "ID": 133010017940, "正式名称": "ふゆの歯科クリニック", "機関区分": 3, "都道府県コード": 1, "市区町村コード": 217, "所在地": "北海道江別市文京台５－４", "緯度": 36.430027, "経度": 136.515644, "url": "https://www.iryou.teikyouseido.mhlw.go.jp/znk-web/juminkanja/S2430/initialize?prefCd=01&kikanCd=3010017940&kikanKbn=3", "url2": "https://www.fuyuno-dentalcl.com/", "内容": "ふゆの歯科クリニック【3:歯科】北海道江別市文京台５－４" }, "geometry": { "type": "Point", "coordinates": [ 136.515644, 36.430027 ] } },
{ "type": "Feature", "properties": { "ID": 133010017950, "正式名称": "てらい歯科クリニック", "機関区分": 3, "都道府県コード": 1, "市区町村コード": 217, "所在地": "北海道江別市野幌代々木町３８－３", "緯度": 43.0955885, "経度": 141.5203432, "url": "https://www.iryou.teikyouseido.mhlw.go.jp/znk-web/juminkanja/S2430/initialize?prefCd=01&kikanCd=3010017950&kikanKbn=3", "url2": "terai-dental.com", "内容": "てらい歯科クリニック【3:歯科】北海道江別市野幌代々木町３８－３" }, "geometry": { "type": "Point", "coordinates": [ 141.520343200000013, 43.0955885 ] } },
{ "type": "Feature", "properties": { "ID": 133010017960, "正式名称": "垣野歯科医院", "機関区分": 3, "都道府県コード": 1, "市区町村コード": 217, "所在地": "北海道江別市大麻桜木町３３－５", "緯度": 36.300989, "経度": 136.482511, "url": "https://www.iryou.teikyouseido.mhlw.go.jp/znk-web/juminkanja/S2430/initialize?prefCd=01&kikanCd=3010017960&kikanKbn=3", "url2": null, "内容": "垣野歯科医院【3:歯科】北海道江別市大麻桜木町３３－５" }, "geometry": { "type": "Point", "coordinates": [ 136.482511, 36.300989 ] } },
{ "type": "Feature", "properties": { "ID": 133010017970, "正式名称": "よこた歯科医院", "機関区分": 3, "都道府県コード": 1, "市区町村コード": 217, "所在地": "北海道江別市幸町１番地の１８", "緯度": 43.102135, "経度": 141.533572, "url": "https://www.iryou.teikyouseido.mhlw.go.jp/znk-web/juminkanja/S2430/initialize?prefCd=01&kikanCd=3010017970&kikanKbn=3", "url2": null, "内容": "よこた歯科医院【3:歯科】北海道江別市幸町１番地の１８" }, "geometry": { "type": "Point", "coordinates": [ 141.533572, 43.102135 ] } },
{ "type": "Feature", "properties": { "ID": 133010017990, "正式名称": "大山歯科・矯正歯科クリニック", "機関区分": 3, "都道府県コード": 1, "市区町村コード": 217, "所在地": "北海道江別市野幌住吉町５－６", "緯度": 36.213657, "経度": 136.533333, "url": "https://www.iryou.teikyouseido.mhlw.go.jp/znk-web/juminkanja/S2430/initialize?prefCd=01&kikanCd=3010017990&kikanKbn=3", "url2": null, "内容": "大山歯科・矯正歯科クリニック【3:歯科】北海道江別市野幌住吉町５－６" }, "geometry": { "type": "Point", "coordinates": [ 136.533333, 36.213657 ] } },
{ "type": "Feature", "properties": { "ID": 133010018020, "正式名称": "医療法人社団真俊会　高砂歯科", "機関区分": 3, "都道府県コード": 1, "市区町村コード": 217, "所在地": "北海道江別市上江別４６４－１", "緯度": 43.092926, "経度": 141.55293, "url": "https://www.iryou.teikyouseido.mhlw.go.jp/znk-web/juminkanja/S2430/initialize?prefCd=01&kikanCd=3010018020&kikanKbn=3", "url2": "http://www.takasago-dental.com/", "内容": "医療法人社団真俊会　高砂歯科【3:歯科】北海道江別市上江別４６４－１" }, "geometry": { "type": "Point", "coordinates": [ 141.55293, 43.092926 ] } },
{ "type": "Feature", "properties": { "ID": 133010018040, "正式名称": "ひの歯科クリニック", "機関区分": 3, "都道府県コード": 1, "市区町村コード": 217, "所在地": "北海道江別市東野幌町５－２０", "緯度": 43.094735, "経度": 141.535074, "url": "https://www.iryou.teikyouseido.mhlw.go.jp/znk-web/juminkanja/S2430/initialize?prefCd=01&kikanCd=3010018040&kikanKbn=3", "url2": "http://hino-dc.com/", "内容": "ひの歯科クリニック【3:歯科】北海道江別市東野幌町５－２０" }, "geometry": { "type": "Point", "coordinates": [ 141.535074, 43.094735 ] } },
{ "type": "Feature", "properties": { "ID": 133010018060, "正式名称": "きたまち歯科医院", "機関区分": 3, "都道府県コード": 1, "市区町村コード": 217, "所在地": "北海道江別市大麻北町５１８－７６", "緯度": 43.08831, "経度": 141.50372, "url": "https://www.iryou.teikyouseido.mhlw.go.jp/znk-web/juminkanja/S2430/initialize?prefCd=01&kikanCd=3010018060&kikanKbn=3", "url2": null, "内容": "きたまち歯科医院【3:歯科】北海道江別市大麻北町５１８－７６" }, "geometry": { "type": "Point", "coordinates": [ 141.50372, 43.08831 ] } },
{ "type": "Feature", "properties": { "ID": 133010018070, "正式名称": "５丁目通り歯科", "機関区分": 3, "都道府県コード": 1, "市区町村コード": 217, "所在地": "北海道江別市元江別８８６－１２", "緯度": 43.112305, "経度": 141.52654, "url": "https://www.iryou.teikyouseido.mhlw.go.jp/znk-web/juminkanja/S2430/initialize?prefCd=01&kikanCd=3010018070&kikanKbn=3", "url2": null, "内容": "５丁目通り歯科【3:歯科】北海道江別市元江別８８６－１２" }, "geometry": { "type": "Point", "coordinates": [ 141.52654, 43.112305 ] } },
{ "type": "Feature", "properties": { "ID": 133010018090, "正式名称": "もちづき歯科医院", "機関区分": 3, "都道府県コード": 1, "市区町村コード": 235, "所在地": "北海道石狩市花畔１条１丁目４３", "緯度": 43.166534, "経度": 141.30579, "url": "https://www.iryou.teikyouseido.mhlw.go.jp/znk-web/juminkanja/S2430/initialize?prefCd=01&kikanCd=3010018090&kikanKbn=3", "url2": null, "内容": "もちづき歯科医院【3:歯科】北海道石狩市花畔１条１丁目４３" }, "geometry": { "type": "Point", "coordinates": [ 141.30579, 43.166534 ] } },
{ "type": "Feature", "properties": { "ID": 133010018100, "正式名称": "のはた歯科", "機関区分": 3, "都道府県コード": 1, "市区町村コード": 235, "所在地": "北海道石狩市花川南９条３丁目１５８", "緯度": 43.1388046, "経度": 141.2851228, "url": "https://www.iryou.teikyouseido.mhlw.go.jp/znk-web/juminkanja/S2430/initialize?prefCd=01&kikanCd=3010018100&kikanKbn=3", "url2": null, "内容": "のはた歯科【3:歯科】北海道石狩市花川南９条３丁目１５８" }, "geometry": { "type": "Point", "coordinates": [ 141.285122800000011, 43.1388046 ] } },
{ "type": "Feature", "properties": { "ID": 133010018110, "正式名称": "当山歯科医院", "機関区分": 3, "都道府県コード": 1, "市区町村コード": 235, "所在地": "北海道石狩市花川南８条３丁目２０番地", "緯度": 43.14879, "経度": 141.31607, "url": "https://www.iryou.teikyouseido.mhlw.go.jp/znk-web/juminkanja/S2430/initialize?prefCd=01&kikanCd=3010018110&kikanKbn=3", "url2": "http://touyamadental.com", "内容": "当山歯科医院【3:歯科】北海道石狩市花川南８条３丁目２０番地" }, "geometry": { "type": "Point", "coordinates": [ 141.31607, 43.14879 ] } },
{ "type": "Feature", "properties": { "ID": 133010018140, "正式名称": "医療法人社団樹誠会　向田ファミリー歯科", "機関区分": 3, "都道府県コード": 1, "市区町村コード": 235, "所在地": "北海道石狩市花川北２条２丁目２０２", "緯度": 43.1595141, "経度": 141.3076298, "url": "https://www.iryou.teikyouseido.mhlw.go.jp/znk-web/juminkanja/S2430/initialize?prefCd=01&kikanCd=3010018140&kikanKbn=3", "url2": null, "内容": "医療法人社団樹誠会　向田ファミリー歯科【3:歯科】北海道石狩市花川北２条２丁目２０２" }, "geometry": { "type": "Point", "coordinates": [ 141.3076298, 43.1595141 ] } },
{ "type": "Feature", "properties": { "ID": 133010018150, "正式名称": "医療法人社団豪歯会　竹花歯科クリニック", "機関区分": 3, "都道府県コード": 1, "市区町村コード": 235, "所在地": "北海道石狩市花川北６条５丁目１３９－１", "緯度": 43.1656623, "経度": 141.3247754, "url": "https://www.iryou.teikyouseido.mhlw.go.jp/znk-web/juminkanja/S2430/initialize?prefCd=01&kikanCd=3010018150&kikanKbn=3", "url2": null, "内容": "医療法人社団豪歯会　竹花歯科クリニック【3:歯科】北海道石狩市花川北６条５丁目１３９－１" }, "geometry": { "type": "Point", "coordinates": [ 141.3247754, 43.1656623 ] } },
{ "type": "Feature", "properties": { "ID": 133010018180, "正式名称": "宮崎歯科医院", "機関区分": 3, "都道府県コード": 1, "市区町村コード": 235, "所在地": "北海道石狩市花川南１条４丁目２４３", "緯度": 43.1511012, "経度": 141.3059968, "url": "https://www.iryou.teikyouseido.mhlw.go.jp/znk-web/juminkanja/S2430/initialize?prefCd=01&kikanCd=3010018180&kikanKbn=3", "url2": null, "内容": "宮崎歯科医院【3:歯科】北海道石狩市花川南１条４丁目２４３" }, "geometry": { "type": "Point", "coordinates": [ 141.3059968, 43.1511012 ] } },
{ "type": "Feature", "properties": { "ID": 133010018200, "正式名称": "医療法人　社団　トム　北村歯科", "機関区分": 3, "都道府県コード": 1, "市区町村コード": 235, "所在地": "北海道石狩市花川南３条５丁目１９番地", "緯度": 43.146677, "経度": 141.300986, "url": "https://www.iryou.teikyouseido.mhlw.go.jp/znk-web/juminkanja/S2430/initialize?prefCd=01&kikanCd=3010018200&kikanKbn=3", "url2": "http://www.tom-dental.jp", "内容": "医療法人　社団　トム　北村歯科【3:歯科】北海道石狩市花川南３条５丁目１９番地" }, "geometry": { "type": "Point", "coordinates": [ 141.300986, 43.146677 ] } },
{ "type": "Feature", "properties": { "ID": 133010018210, "正式名称": "えがしら歯科医院", "機関区分": 3, "都道府県コード": 1, "市区町村コード": 235, "所在地": "北海道石狩市花川南６条２丁目２８４番地", "緯度": 43.144733, "経度": 141.287709, "url": "https://www.iryou.teikyouseido.mhlw.go.jp/znk-web/juminkanja/S2430/initialize?prefCd=01&kikanCd=3010018210&kikanKbn=3", "url2": null, "内容": "えがしら歯科医院【3:歯科】北海道石狩市花川南６条２丁目２８４番地" }, "geometry": { "type": "Point", "coordinates": [ 141.287709, 43.144733 ] } },
{ "type": "Feature", "properties": { "ID": 133010018230, "正式名称": "なかざわ歯科クリニック", "機関区分": 3, "都道府県コード": 1, "市区町村コード": 235, "所在地": "北海道石狩市花川北２条４丁目１４４", "緯度": 43.1576812, "経度": 141.3121709, "url": "https://www.iryou.teikyouseido.mhlw.go.jp/znk-web/juminkanja/S2430/initialize?prefCd=01&kikanCd=3010018230&kikanKbn=3", "url2": null, "内容": "なかざわ歯科クリニック【3:歯科】北海道石狩市花川北２条４丁目１４４" }, "geometry": { "type": "Point", "coordinates": [ 141.312170900000012, 43.1576812 ] } },
{ "type": "Feature", "properties": { "ID": 133010018260, "正式名称": "わかば歯科クリニック", "機関区分": 3, "都道府県コード": 1, "市区町村コード": 235, "所在地": "北海道石狩市緑苑台東３条１丁目１０２番地", "緯度": 43.172543, "経度": 141.31538, "url": "https://www.iryou.teikyouseido.mhlw.go.jp/znk-web/juminkanja/S2430/initialize?prefCd=01&kikanCd=3010018260&kikanKbn=3", "url2": null, "内容": "わかば歯科クリニック【3:歯科】北海道石狩市緑苑台東３条１丁目１０２番地" }, "geometry": { "type": "Point", "coordinates": [ 141.31538, 43.172543 ] } },
{ "type": "Feature", "properties": { "ID": 133010018270, "正式名称": "もり歯科クリニック", "機関区分": 3, "都道府県コード": 1, "市区町村コード": 235, "所在地": "北海道石狩市花川南８条１丁目１１６", "緯度": 43.1437291, "経度": 141.2793392, "url": "https://www.iryou.teikyouseido.mhlw.go.jp/znk-web/juminkanja/S2430/initialize?prefCd=01&kikanCd=3010018270&kikanKbn=3", "url2": null, "内容": "もり歯科クリニック【3:歯科】北海道石狩市花川南８条１丁目１１６" }, "geometry": { "type": "Point", "coordinates": [ 141.27933920000001, 43.1437291 ] } },
{ "type": "Feature", "properties": { "ID": 133010018280, "正式名称": "石狩デンタルクリニック", "機関区分": 3, "都道府県コード": 1, "市区町村コード": 235, "所在地": "北海道石狩市親船町２４－１２", "緯度": 43.244225, "経度": 141.35114, "url": "https://www.iryou.teikyouseido.mhlw.go.jp/znk-web/juminkanja/S2430/initialize?prefCd=01&kikanCd=3010018280&kikanKbn=3", "url2": null, "内容": "石狩デンタルクリニック【3:歯科】北海道石狩市親船町２４－１２" }, "geometry": { "type": "Point", "coordinates": [ 141.35114, 43.244225 ] } },
{ "type": "Feature", "properties": { "ID": 133010018300, "正式名称": "じろう歯科", "機関区分": 3, "都道府県コード": 1, "市区町村コード": 235, "所在地": "北海道石狩市花川北２条５丁目５８番地", "緯度": 43.14879, "経度": 141.31607, "url": "https://www.iryou.teikyouseido.mhlw.go.jp/znk-web/juminkanja/S2430/initialize?prefCd=01&kikanCd=3010018300&kikanKbn=3", "url2": null, "内容": "じろう歯科【3:歯科】北海道石狩市花川北２条５丁目５８番地" }, "geometry": { "type": "Point", "coordinates": [ 141.31607, 43.14879 ] } },
{ "type": "Feature", "properties": { "ID": 133010018310, "正式名称": "パストラル歯科", "機関区分": 3, "都道府県コード": 1, "市区町村コード": 235, "所在地": "北海道石狩市樽川６条２丁目４－２", "緯度": 43.149371, "経度": 141.281182, "url": "https://www.iryou.teikyouseido.mhlw.go.jp/znk-web/juminkanja/S2430/initialize?prefCd=01&kikanCd=3010018310&kikanKbn=3", "url2": null, "内容": "パストラル歯科【3:歯科】北海道石狩市樽川６条２丁目４－２" }, "geometry": { "type": "Point", "coordinates": [ 141.281182, 43.149371 ] } },
{ "type": "Feature", "properties": { "ID": 133010018370, "正式名称": "太美歯科クリニック", "機関区分": 3, "都道府県コード": 1, "市区町村コード": 303, "所在地": "北海道石狩郡当別町太美町１６９５番地１８８", "緯度": 43.190994, "経度": 141.44766, "url": "https://www.iryou.teikyouseido.mhlw.go.jp/znk-web/juminkanja/S2430/initialize?prefCd=01&kikanCd=3010018370&kikanKbn=3", "url2": "https://www.futomi-dental.com/", "内容": "太美歯科クリニック【3:歯科】北海道石狩郡当別町太美町１６９５番地１８８" }, "geometry": { "type": "Point", "coordinates": [ 141.44766, 43.190994 ] } },
{ "type": "Feature", "properties": { "ID": 133010018380, "正式名称": "医療法人社団萌舞会　ハート歯科", "機関区分": 3, "都道府県コード": 1, "市区町村コード": 303, "所在地": "北海道石狩郡当別町太美町１４７３－１２", "緯度": 43.190994, "経度": 141.44766, "url": "https://www.iryou.teikyouseido.mhlw.go.jp/znk-web/juminkanja/S2430/initialize?prefCd=01&kikanCd=3010018380&kikanKbn=3", "url2": null, "内容": "医療法人社団萌舞会　ハート歯科【3:歯科】北海道石狩郡当別町太美町１４７３－１２" }, "geometry": { "type": "Point", "coordinates": [ 141.44766, 43.190994 ] } },
{ "type": "Feature", "properties": { "ID": 133010018410, "正式名称": "くろさわ歯科クリニック", "機関区分": 3, "都道府県コード": 1, "市区町村コード": 303, "所在地": "北海道石狩郡当別町北栄町３９－４", "緯度": 43.225933, "経度": 141.51268, "url": "https://www.iryou.teikyouseido.mhlw.go.jp/znk-web/juminkanja/S2430/initialize?prefCd=01&kikanCd=3010018410&kikanKbn=3", "url2": null, "内容": "くろさわ歯科クリニック【3:歯科】北海道石狩郡当別町北栄町３９－４" }, "geometry": { "type": "Point", "coordinates": [ 141.51268, 43.225933 ] } },
{ "type": "Feature", "properties": { "ID": 133010018420, "正式名称": "当別駅前クリニック　田西歯科", "機関区分": 3, "都道府県コード": 1, "市区町村コード": 303, "所在地": "北海道石狩郡当別町園生７１１", "緯度": 43.222145, "経度": 141.516381, "url": "https://www.iryou.teikyouseido.mhlw.go.jp/znk-web/juminkanja/S2430/initialize?prefCd=01&kikanCd=3010018420&kikanKbn=3", "url2": null, "内容": "当別駅前クリニック　田西歯科【3:歯科】北海道石狩郡当別町園生７１１" }, "geometry": { "type": "Point", "coordinates": [ 141.516381, 43.222145 ] } },
{ "type": "Feature", "properties": { "ID": 133010018430, "正式名称": "医療法人社団北楡会ファミリー歯科クリニック", "機関区分": 3, "都道府県コード": 1, "市区町村コード": 224, "所在地": "北海道千歳市千代田町６丁目２２", "緯度": 42.8269666, "経度": 141.6496011, "url": "https://www.iryou.teikyouseido.mhlw.go.jp/znk-web/juminkanja/S2430/initialize?prefCd=01&kikanCd=3010018430&kikanKbn=3", "url2": "http://www.hokuyukai.org/family/", "内容": "医療法人社団北楡会ファミリー歯科クリニック【3:歯科】北海道千歳市千代田町６丁目２２" }, "geometry": { "type": "Point", "coordinates": [ 141.649601100000012, 42.8269666 ] } },
{ "type": "Feature", "properties": { "ID": 133010018440, "正式名称": "医療法人社団尾島歯科医院", "機関区分": 3, "都道府県コード": 1, "市区町村コード": 224, "所在地": "北海道千歳市富丘４丁目５－２２", "緯度": 42.8366953, "経度": 141.6441799, "url": "https://www.iryou.teikyouseido.mhlw.go.jp/znk-web/juminkanja/S2430/initialize?prefCd=01&kikanCd=3010018440&kikanKbn=3", "url2": "https://ojima-shika.jp", "内容": "医療法人社団尾島歯科医院【3:歯科】北海道千歳市富丘４丁目５－２２" }, "geometry": { "type": "Point", "coordinates": [ 141.644179900000012, 42.8366953 ] } },
{ "type": "Feature", "properties": { "ID": 133010018450, "正式名称": "渡辺歯科クリニック", "機関区分": 3, "都道府県コード": 1, "市区町村コード": 224, "所在地": "北海道千歳市信濃３丁目２８－１３", "緯度": 42.8399692, "経度": 141.631859, "url": "https://www.iryou.teikyouseido.mhlw.go.jp/znk-web/juminkanja/S2430/initialize?prefCd=01&kikanCd=3010018450&kikanKbn=3", "url2": null, "内容": "渡辺歯科クリニック【3:歯科】北海道千歳市信濃３丁目２８－１３" }, "geometry": { "type": "Point", "coordinates": [ 141.631859, 42.8399692 ] } },
{ "type": "Feature", "properties": { "ID": 133010018510, "正式名称": "（医社）弘仁会住吉歯科医院", "機関区分": 3, "都道府県コード": 1, "市区町村コード": 224, "所在地": "北海道千歳市住吉３丁目１４－１４", "緯度": 42.833178, "経度": 141.667037, "url": "https://www.iryou.teikyouseido.mhlw.go.jp/znk-web/juminkanja/S2430/initialize?prefCd=01&kikanCd=3010018510&kikanKbn=3", "url2": "http://sumi-dc.net/", "内容": "（医社）弘仁会住吉歯科医院【3:歯科】北海道千歳市住吉３丁目１４－１４" }, "geometry": { "type": "Point", "coordinates": [ 141.667037, 42.833178 ] } },
{ "type": "Feature", "properties": { "ID": 133010018530, "正式名称": "医療法人社団　ささき歯科医院", "機関区分": 3, "都道府県コード": 1, "市区町村コード": 224, "所在地": "北海道千歳市千代田町４丁目１０－１", "緯度": 42.8253019, "経度": 141.6478373, "url": "https://www.iryou.teikyouseido.mhlw.go.jp/znk-web/juminkanja/S2430/initialize?prefCd=01&kikanCd=3010018530&kikanKbn=3", "url2": null, "内容": "医療法人社団　ささき歯科医院【3:歯科】北海道千歳市千代田町４丁目１０－１" }, "geometry": { "type": "Point", "coordinates": [ 141.6478373, 42.8253019 ] } },
{ "type": "Feature", "properties": { "ID": 133010018540, "正式名称": "（医社）健志会リーフ歯科", "機関区分": 3, "都道府県コード": 1, "市区町村コード": 224, "所在地": "北海道千歳市稲穂４丁目３－１０", "緯度": 42.840939, "経度": 141.659054, "url": "https://www.iryou.teikyouseido.mhlw.go.jp/znk-web/juminkanja/S2430/initialize?prefCd=01&kikanCd=3010018540&kikanKbn=3", "url2": "http://chitose-leaf.com/", "内容": "（医社）健志会リーフ歯科【3:歯科】北海道千歳市稲穂４丁目３－１０" }, "geometry": { "type": "Point", "coordinates": [ 141.659054, 42.840939 ] } },
{ "type": "Feature", "properties": { "ID": 133010018550, "正式名称": "（医）律英会　ペウレ歯科クリニック", "機関区分": 3, "都道府県コード": 1, "市区町村コード": 224, "所在地": "北海道千歳市千代田町７丁目１７８９番地３千歳ステーションプラザ５Ｆ", "緯度": 42.828579, "経度": 141.650722, "url": "https://www.iryou.teikyouseido.mhlw.go.jp/znk-web/juminkanja/S2430/initialize?prefCd=01&kikanCd=3010018550&kikanKbn=3", "url2": "http://pewre-dental.com", "内容": "（医）律英会　ペウレ歯科クリニック【3:歯科】北海道千歳市千代田町７丁目１７８９番地３千歳ステーションプラザ５Ｆ" }, "geometry": { "type": "Point", "coordinates": [ 141.650722, 42.828579 ] } },
{ "type": "Feature", "properties": { "ID": 133010018650, "正式名称": "おがわ歯科医院", "機関区分": 3, "都道府県コード": 1, "市区町村コード": 224, "所在地": "北海道千歳市春日町１丁目４－１", "緯度": 42.821992, "経度": 141.642791, "url": "https://www.iryou.teikyouseido.mhlw.go.jp/znk-web/juminkanja/S2430/initialize?prefCd=01&kikanCd=3010018650&kikanKbn=3", "url2": null, "内容": "おがわ歯科医院【3:歯科】北海道千歳市春日町１丁目４－１" }, "geometry": { "type": "Point", "coordinates": [ 141.642791, 42.821992 ] } },
{ "type": "Feature", "properties": { "ID": 133010018660, "正式名称": "富丘歯科医院", "機関区分": 3, "都道府県コード": 1, "市区町村コード": 224, "所在地": "北海道千歳市富丘２丁目１８－７", "緯度": 42.8404055, "経度": 141.647293, "url": "https://www.iryou.teikyouseido.mhlw.go.jp/znk-web/juminkanja/S2430/initialize?prefCd=01&kikanCd=3010018660&kikanKbn=3", "url2": null, "内容": "富丘歯科医院【3:歯科】北海道千歳市富丘２丁目１８－７" }, "geometry": { "type": "Point", "coordinates": [ 141.647293, 42.8404055 ] } },
{ "type": "Feature", "properties": { "ID": 133010018670, "正式名称": "池田歯科クリニック", "機関区分": 3, "都道府県コード": 1, "市区町村コード": 224, "所在地": "北海道千歳市日の出３丁目１－１", "緯度": 42.8288284, "経度": 141.6709962, "url": "https://www.iryou.teikyouseido.mhlw.go.jp/znk-web/juminkanja/S2430/initialize?prefCd=01&kikanCd=3010018670&kikanKbn=3", "url2": null, "内容": "池田歯科クリニック【3:歯科】北海道千歳市日の出３丁目１－１" }, "geometry": { "type": "Point", "coordinates": [ 141.6709962, 42.8288284 ] } },
{ "type": "Feature", "properties": { "ID": 133010018680, "正式名称": "宮川歯科医院", "機関区分": 3, "都道府県コード": 1, "市区町村コード": 224, "所在地": "北海道千歳市北斗２丁目１０－８", "緯度": 42.830328, "経度": 141.632723, "url": "https://www.iryou.teikyouseido.mhlw.go.jp/znk-web/juminkanja/S2430/initialize?prefCd=01&kikanCd=3010018680&kikanKbn=3", "url2": null, "内容": "宮川歯科医院【3:歯科】北海道千歳市北斗２丁目１０－８" }, "geometry": { "type": "Point", "coordinates": [ 141.632723, 42.830328 ] } },
{ "type": "Feature", "properties": { "ID": 133010018690, "正式名称": "佑愛歯科医院", "機関区分": 3, "都道府県コード": 1, "市区町村コード": 224, "所在地": "北海道千歳市新富３丁目２０－１０", "緯度": 42.8366334, "経度": 141.6372276, "url": "https://www.iryou.teikyouseido.mhlw.go.jp/znk-web/juminkanja/S2430/initialize?prefCd=01&kikanCd=3010018690&kikanKbn=3", "url2": "http://www.yuuai-shika.com/", "内容": "佑愛歯科医院【3:歯科】北海道千歳市新富３丁目２０－１０" }, "geometry": { "type": "Point", "coordinates": [ 141.637227599999989, 42.8366334 ] } },
{ "type": "Feature", "properties": { "ID": 133010018710, "正式名称": "菅野歯科医院", "機関区分": 3, "都道府県コード": 1, "市区町村コード": 224, "所在地": "北海道千歳市長都駅前１丁目６番１２号", "緯度": 42.850038, "経度": 141.629739, "url": "https://www.iryou.teikyouseido.mhlw.go.jp/znk-web/juminkanja/S2430/initialize?prefCd=01&kikanCd=3010018710&kikanKbn=3", "url2": null, "内容": "菅野歯科医院【3:歯科】北海道千歳市長都駅前１丁目６番１２号" }, "geometry": { "type": "Point", "coordinates": [ 141.629739, 42.850038 ] } },
{ "type": "Feature", "properties": { "ID": 133010018720, "正式名称": "みぞぐち歯科クリニック", "機関区分": 3, "都道府県コード": 1, "市区町村コード": 224, "所在地": "北海道千歳市高台２丁目７－１６", "緯度": 42.8358761, "経度": 141.6512853, "url": "https://www.iryou.teikyouseido.mhlw.go.jp/znk-web/juminkanja/S2430/initialize?prefCd=01&kikanCd=3010018720&kikanKbn=3", "url2": "https://www.mizo-d-c.com/", "内容": "みぞぐち歯科クリニック【3:歯科】北海道千歳市高台２丁目７－１６" }, "geometry": { "type": "Point", "coordinates": [ 141.651285300000012, 42.8358761 ] } },
{ "type": "Feature", "properties": { "ID": 133010018730, "正式名称": "栗山歯科クリニック", "機関区分": 3, "都道府県コード": 1, "市区町村コード": 224, "所在地": "北海道千歳市文京３丁目２番２", "緯度": 42.7789042, "経度": 141.6011341, "url": "https://www.iryou.teikyouseido.mhlw.go.jp/znk-web/juminkanja/S2430/initialize?prefCd=01&kikanCd=3010018730&kikanKbn=3", "url2": null, "内容": "栗山歯科クリニック【3:歯科】北海道千歳市文京３丁目２番２" }, "geometry": { "type": "Point", "coordinates": [ 141.6011341, 42.7789042 ] } },
{ "type": "Feature", "properties": { "ID": 133010018740, "正式名称": "なんぶ歯科医院", "機関区分": 3, "都道府県コード": 1, "市区町村コード": 224, "所在地": "北海道千歳市北光６丁目１－１", "緯度": 42.8450749, "経度": 141.6345151, "url": "https://www.iryou.teikyouseido.mhlw.go.jp/znk-web/juminkanja/S2430/initialize?prefCd=01&kikanCd=3010018740&kikanKbn=3", "url2": null, "内容": "なんぶ歯科医院【3:歯科】北海道千歳市北光６丁目１－１" }, "geometry": { "type": "Point", "coordinates": [ 141.634515099999987, 42.8450749 ] } },
{ "type": "Feature", "properties": { "ID": 133010018750, "正式名称": "おおはし歯科医院", "機関区分": 3, "都道府県コード": 1, "市区町村コード": 224, "所在地": "北海道千歳市本町１丁目１７－３", "緯度": 42.8193014, "経度": 141.6483258, "url": "https://www.iryou.teikyouseido.mhlw.go.jp/znk-web/juminkanja/S2430/initialize?prefCd=01&kikanCd=3010018750&kikanKbn=3", "url2": null, "内容": "おおはし歯科医院【3:歯科】北海道千歳市本町１丁目１７－３" }, "geometry": { "type": "Point", "coordinates": [ 141.6483258, 42.8193014 ] } },
{ "type": "Feature", "properties": { "ID": 133010018760, "正式名称": "ユー歯科", "機関区分": 3, "都道府県コード": 1, "市区町村コード": 224, "所在地": "北海道千歳市梅ヶ丘１丁目７－１９", "緯度": 42.828703, "経度": 141.6773026, "url": "https://www.iryou.teikyouseido.mhlw.go.jp/znk-web/juminkanja/S2430/initialize?prefCd=01&kikanCd=3010018760&kikanKbn=3", "url2": "http://web.hello-chitose.jp/u_dental/sutaffu.html", "内容": "ユー歯科【3:歯科】北海道千歳市梅ヶ丘１丁目７－１９" }, "geometry": { "type": "Point", "coordinates": [ 141.6773026, 42.828703 ] } },
{ "type": "Feature", "properties": { "ID": 133010018770, "正式名称": "いなば歯科医院", "機関区分": 3, "都道府県コード": 1, "市区町村コード": 224, "所在地": "北海道千歳市清水町４丁目１－１１", "緯度": 42.8229064, "経度": 141.6504576, "url": "https://www.iryou.teikyouseido.mhlw.go.jp/znk-web/juminkanja/S2430/initialize?prefCd=01&kikanCd=3010018770&kikanKbn=3", "url2": null, "内容": "いなば歯科医院【3:歯科】北海道千歳市清水町４丁目１－１１" }, "geometry": { "type": "Point", "coordinates": [ 141.65045760000001, 42.8229064 ] } },
{ "type": "Feature", "properties": { "ID": 133010018780, "正式名称": "すもり歯科・矯正歯科クリニック", "機関区分": 3, "都道府県コード": 1, "市区町村コード": 224, "所在地": "北海道千歳市栄町６丁目５１番地イオン千歳店２Ｆ", "緯度": 42.8288531, "経度": 141.648617, "url": "https://www.iryou.teikyouseido.mhlw.go.jp/znk-web/juminkanja/S2430/initialize?prefCd=01&kikanCd=3010018780&kikanKbn=3", "url2": null, "内容": "すもり歯科・矯正歯科クリニック【3:歯科】北海道千歳市栄町６丁目５１番地イオン千歳店２Ｆ" }, "geometry": { "type": "Point", "coordinates": [ 141.648617, 42.8288531 ] } },
{ "type": "Feature", "properties": { "ID": 133010018810, "正式名称": "だんじょう歯科医院", "機関区分": 3, "都道府県コード": 1, "市区町村コード": 224, "所在地": "北海道千歳市北光１丁目４－１４", "緯度": 42.840808, "経度": 141.6392646, "url": "https://www.iryou.teikyouseido.mhlw.go.jp/znk-web/juminkanja/S2430/initialize?prefCd=01&kikanCd=3010018810&kikanKbn=3", "url2": null, "内容": "だんじょう歯科医院【3:歯科】北海道千歳市北光１丁目４－１４" }, "geometry": { "type": "Point", "coordinates": [ 141.6392646, 42.840808 ] } },
{ "type": "Feature", "properties": { "ID": 133010018820, "正式名称": "たかぎ歯科", "機関区分": 3, "都道府県コード": 1, "市区町村コード": 224, "所在地": "北海道千歳市花園７丁目１３－１３", "緯度": 42.8368701, "経度": 141.6557818, "url": "https://www.iryou.teikyouseido.mhlw.go.jp/znk-web/juminkanja/S2430/initialize?prefCd=01&kikanCd=3010018820&kikanKbn=3", "url2": "http://www.takagidc.com/", "内容": "たかぎ歯科【3:歯科】北海道千歳市花園７丁目１３－１３" }, "geometry": { "type": "Point", "coordinates": [ 141.6557818, 42.8368701 ] } },
{ "type": "Feature", "properties": { "ID": 133010018840, "正式名称": "川端デンタルオフィス", "機関区分": 3, "都道府県コード": 1, "市区町村コード": 224, "所在地": "北海道千歳市末広３丁目１－５", "緯度": 42.830356, "経度": 141.655638, "url": "https://www.iryou.teikyouseido.mhlw.go.jp/znk-web/juminkanja/S2430/initialize?prefCd=01&kikanCd=3010018840&kikanKbn=3", "url2": "http://kawabata-dentaloffice.jp", "内容": "川端デンタルオフィス【3:歯科】北海道千歳市末広３丁目１－５" }, "geometry": { "type": "Point", "coordinates": [ 141.655638, 42.830356 ] } },
{ "type": "Feature", "properties": { "ID": 133010018850, "正式名称": "ポプラ歯科クリニック", "機関区分": 3, "都道府県コード": 1, "市区町村コード": 224, "所在地": "北海道千歳市錦町２丁目２２－２", "緯度": 42.8220945, "経度": 141.644415, "url": "https://www.iryou.teikyouseido.mhlw.go.jp/znk-web/juminkanja/S2430/initialize?prefCd=01&kikanCd=3010018850&kikanKbn=3", "url2": "https://popura36go.com/", "内容": "ポプラ歯科クリニック【3:歯科】北海道千歳市錦町２丁目２２－２" }, "geometry": { "type": "Point", "coordinates": [ 141.644415, 42.8220945 ] } },
{ "type": "Feature", "properties": { "ID": 133010018870, "正式名称": "あずさ歯科クリニック", "機関区分": 3, "都道府県コード": 1, "市区町村コード": 224, "所在地": "北海道千歳市あずさ５丁目１－９", "緯度": 42.845463, "経度": 141.6487809, "url": "https://www.iryou.teikyouseido.mhlw.go.jp/znk-web/juminkanja/S2430/initialize?prefCd=01&kikanCd=3010018870&kikanKbn=3", "url2": null, "内容": "あずさ歯科クリニック【3:歯科】北海道千歳市あずさ５丁目１－９" }, "geometry": { "type": "Point", "coordinates": [ 141.6487809, 42.845463 ] } },
{ "type": "Feature", "properties": { "ID": 133010018890, "正式名称": "医療法人社団　北楡会　めぐみの歯科", "機関区分": 3, "都道府県コード": 1, "市区町村コード": 231, "所在地": "北海道恵庭市恵み野西２丁目２－２", "緯度": 42.901929, "経度": 141.576326, "url": "https://www.iryou.teikyouseido.mhlw.go.jp/znk-web/juminkanja/S2430/initialize?prefCd=01&kikanCd=3010018890&kikanKbn=3", "url2": "https://megumino-dc.jp/medical/", "内容": "医療法人社団　北楡会　めぐみの歯科【3:歯科】北海道恵庭市恵み野西２丁目２－２" }, "geometry": { "type": "Point", "coordinates": [ 141.576326, 42.901929 ] } },
{ "type": "Feature", "properties": { "ID": 133010018910, "正式名称": "りゅうデンタルクリニック", "機関区分": 3, "都道府県コード": 1, "市区町村コード": 231, "所在地": "北海道恵庭市中島町６丁目１－１５", "緯度": 42.899431, "経度": 141.575252, "url": "https://www.iryou.teikyouseido.mhlw.go.jp/znk-web/juminkanja/S2430/initialize?prefCd=01&kikanCd=3010018910&kikanKbn=3", "url2": "ryu.rinryukai.com", "内容": "りゅうデンタルクリニック【3:歯科】北海道恵庭市中島町６丁目１－１５" }, "geometry": { "type": "Point", "coordinates": [ 141.575252, 42.899431 ] } },
{ "type": "Feature", "properties": { "ID": 133010018930, "正式名称": "（医社）北楡会すずらん歯科クリニック", "機関区分": 3, "都道府県コード": 1, "市区町村コード": 231, "所在地": "北海道恵庭市相生町１丁目８－１", "緯度": 42.882211, "経度": 141.586252, "url": "https://www.iryou.teikyouseido.mhlw.go.jp/znk-web/juminkanja/S2430/initialize?prefCd=01&kikanCd=3010018930&kikanKbn=3", "url2": "http://www.hokuyukai.org/suzuran/index.html", "内容": "（医社）北楡会すずらん歯科クリニック【3:歯科】北海道恵庭市相生町１丁目８－１" }, "geometry": { "type": "Point", "coordinates": [ 141.586252, 42.882211 ] } },
{ "type": "Feature", "properties": { "ID": 133010018970, "正式名称": "いながき歯科", "機関区分": 3, "都道府県コード": 1, "市区町村コード": 231, "所在地": "北海道恵庭市柏陽町３丁目１８－１０", "緯度": 42.894048, "経度": 141.5681135, "url": "https://www.iryou.teikyouseido.mhlw.go.jp/znk-web/juminkanja/S2430/initialize?prefCd=01&kikanCd=3010018970&kikanKbn=3", "url2": null, "内容": "いながき歯科【3:歯科】北海道恵庭市柏陽町３丁目１８－１０" }, "geometry": { "type": "Point", "coordinates": [ 141.56811350000001, 42.894048 ] } },
{ "type": "Feature", "properties": { "ID": 133010018980, "正式名称": "（医社）恪勤会高松歯科", "機関区分": 3, "都道府県コード": 1, "市区町村コード": 231, "所在地": "北海道恵庭市恵み野西６丁目２２－６", "緯度": 42.90743, "経度": 141.582418, "url": "https://www.iryou.teikyouseido.mhlw.go.jp/znk-web/juminkanja/S2430/initialize?prefCd=01&kikanCd=3010018980&kikanKbn=3", "url2": "http://kakkinkai.or.jp/", "内容": "（医社）恪勤会高松歯科【3:歯科】北海道恵庭市恵み野西６丁目２２－６" }, "geometry": { "type": "Point", "coordinates": [ 141.582418, 42.90743 ] } },
{ "type": "Feature", "properties": { "ID": 133010018990, "正式名称": "清水デンタルクリニック", "機関区分": 3, "都道府県コード": 1, "市区町村コード": 231, "所在地": "北海道恵庭市栄恵町１１６－１", "緯度": 42.879972, "経度": 141.578844, "url": "https://www.iryou.teikyouseido.mhlw.go.jp/znk-web/juminkanja/S2430/initialize?prefCd=01&kikanCd=3010018990&kikanKbn=3", "url2": "shimizu-dc-eniwa.com", "内容": "清水デンタルクリニック【3:歯科】北海道恵庭市栄恵町１１６－１" }, "geometry": { "type": "Point", "coordinates": [ 141.578844, 42.879972 ] } },
{ "type": "Feature", "properties": { "ID": 133010019000, "正式名称": "石澤歯科医院", "機関区分": 3, "都道府県コード": 1, "市区町村コード": 231, "所在地": "北海道恵庭市島松本町１丁目７－１０", "緯度": 42.9216818, "経度": 141.575768, "url": "https://www.iryou.teikyouseido.mhlw.go.jp/znk-web/juminkanja/S2430/initialize?prefCd=01&kikanCd=3010019000&kikanKbn=3", "url2": null, "内容": "石澤歯科医院【3:歯科】北海道恵庭市島松本町１丁目７－１０" }, "geometry": { "type": "Point", "coordinates": [ 141.575768, 42.921681799999988 ] } },
{ "type": "Feature", "properties": { "ID": 133010019030, "正式名称": "たて歯科クリニック", "機関区分": 3, "都道府県コード": 1, "市区町村コード": 231, "所在地": "北海道恵庭市新町１番地１", "緯度": 42.882687, "経度": 141.5752, "url": "https://www.iryou.teikyouseido.mhlw.go.jp/znk-web/juminkanja/S2430/initialize?prefCd=01&kikanCd=3010019030&kikanKbn=3", "url2": null, "内容": "たて歯科クリニック【3:歯科】北海道恵庭市新町１番地１" }, "geometry": { "type": "Point", "coordinates": [ 141.5752, 42.882687 ] } },
{ "type": "Feature", "properties": { "ID": 133010019050, "正式名称": "アイボリー歯科", "機関区分": 3, "都道府県コード": 1, "市区町村コード": 231, "所在地": "北海道恵庭市島松東町１丁目１番１号", "緯度": 42.9204493, "経度": 141.5783852, "url": "https://www.iryou.teikyouseido.mhlw.go.jp/znk-web/juminkanja/S2430/initialize?prefCd=01&kikanCd=3010019050&kikanKbn=3", "url2": null, "内容": "アイボリー歯科【3:歯科】北海道恵庭市島松東町１丁目１番１号" }, "geometry": { "type": "Point", "coordinates": [ 141.578385200000014, 42.9204493 ] } },
{ "type": "Feature", "properties": { "ID": 133010019060, "正式名称": "すぎえ歯科", "機関区分": 3, "都道府県コード": 1, "市区町村コード": 231, "所在地": "北海道恵庭市恵み野西１丁目８恵み野駅前ビル", "緯度": 42.904715, "経度": 141.57599, "url": "https://www.iryou.teikyouseido.mhlw.go.jp/znk-web/juminkanja/S2430/initialize?prefCd=01&kikanCd=3010019060&kikanKbn=3", "url2": "sugieshika.p-kit.com", "内容": "すぎえ歯科【3:歯科】北海道恵庭市恵み野西１丁目８恵み野駅前ビル" }, "geometry": { "type": "Point", "coordinates": [ 141.57599, 42.904715 ] } },
{ "type": "Feature", "properties": { "ID": 133010019080, "正式名称": "ひらなか歯科医院", "機関区分": 3, "都道府県コード": 1, "市区町村コード": 231, "所在地": "北海道恵庭市漁町１丁目５―２９", "緯度": 42.8803764, "経度": 141.5741202, "url": "https://www.iryou.teikyouseido.mhlw.go.jp/znk-web/juminkanja/S2430/initialize?prefCd=01&kikanCd=3010019080&kikanKbn=3", "url2": "http://homepage3.nifty.com/HDC/", "内容": "ひらなか歯科医院【3:歯科】北海道恵庭市漁町１丁目５―２９" }, "geometry": { "type": "Point", "coordinates": [ 141.57412020000001, 42.8803764 ] } },
{ "type": "Feature", "properties": { "ID": 133010019090, "正式名称": "青山歯科", "機関区分": 3, "都道府県コード": 1, "市区町村コード": 231, "所在地": "北海道恵庭市島松本町３丁目１６－２７", "緯度": 42.923384, "経度": 141.579808, "url": "https://www.iryou.teikyouseido.mhlw.go.jp/znk-web/juminkanja/S2430/initialize?prefCd=01&kikanCd=3010019090&kikanKbn=3", "url2": null, "内容": "青山歯科【3:歯科】北海道恵庭市島松本町３丁目１６－２７" }, "geometry": { "type": "Point", "coordinates": [ 141.579808, 42.923384 ] } },
{ "type": "Feature", "properties": { "ID": 133010019110, "正式名称": "あさの歯科医院", "機関区分": 3, "都道府県コード": 1, "市区町村コード": 231, "所在地": "北海道恵庭市恵み野西６丁目２２－２", "緯度": 42.906902, "経度": 141.5821164, "url": "https://www.iryou.teikyouseido.mhlw.go.jp/znk-web/juminkanja/S2430/initialize?prefCd=01&kikanCd=3010019110&kikanKbn=3", "url2": "http://www.shika.ne.jp/search/hokkaido/a-sa/", "内容": "あさの歯科医院【3:歯科】北海道恵庭市恵み野西６丁目２２－２" }, "geometry": { "type": "Point", "coordinates": [ 141.5821164, 42.906902 ] } },
{ "type": "Feature", "properties": { "ID": 133010019120, "正式名称": "澤田歯科医院", "機関区分": 3, "都道府県コード": 1, "市区町村コード": 231, "所在地": "北海道恵庭市漁町２４", "緯度": 42.879917, "経度": 141.57431, "url": "https://www.iryou.teikyouseido.mhlw.go.jp/znk-web/juminkanja/S2430/initialize?prefCd=01&kikanCd=3010019120&kikanKbn=3", "url2": null, "内容": "澤田歯科医院【3:歯科】北海道恵庭市漁町２４" }, "geometry": { "type": "Point", "coordinates": [ 141.57431, 42.879917 ] } },
{ "type": "Feature", "properties": { "ID": 133010019130, "正式名称": "アイビッグ歯科クリニック", "機関区分": 3, "都道府県コード": 1, "市区町村コード": 231, "所在地": "北海道恵庭市本町２１０ビッグハウス２Ｆ", "緯度": 42.880961, "経度": 141.572059, "url": "https://www.iryou.teikyouseido.mhlw.go.jp/znk-web/juminkanja/S2430/initialize?prefCd=01&kikanCd=3010019130&kikanKbn=3", "url2": null, "内容": "アイビッグ歯科クリニック【3:歯科】北海道恵庭市本町２１０ビッグハウス２Ｆ" }, "geometry": { "type": "Point", "coordinates": [ 141.572059, 42.880961 ] } },
{ "type": "Feature", "properties": { "ID": 133010019140, "正式名称": "みと歯科クリニック", "機関区分": 3, "都道府県コード": 1, "市区町村コード": 231, "所在地": "北海道恵庭市緑町２丁目３－１", "緯度": 42.880173, "経度": 141.58324, "url": "https://www.iryou.teikyouseido.mhlw.go.jp/znk-web/juminkanja/S2430/initialize?prefCd=01&kikanCd=3010019140&kikanKbn=3", "url2": null, "内容": "みと歯科クリニック【3:歯科】北海道恵庭市緑町２丁目３－１" }, "geometry": { "type": "Point", "coordinates": [ 141.58324, 42.880173 ] } },
{ "type": "Feature", "properties": { "ID": 133010019150, "正式名称": "まきば歯科", "機関区分": 3, "都道府県コード": 1, "市区町村コード": 231, "所在地": "北海道恵庭市美咲野２丁目３－６", "緯度": 42.878025, "経度": 141.567142, "url": "https://www.iryou.teikyouseido.mhlw.go.jp/znk-web/juminkanja/S2430/initialize?prefCd=01&kikanCd=3010019150&kikanKbn=3", "url2": null, "内容": "まきば歯科【3:歯科】北海道恵庭市美咲野２丁目３－６" }, "geometry": { "type": "Point", "coordinates": [ 141.567142, 42.878025 ] } },
{ "type": "Feature", "properties": { "ID": 133010019160, "正式名称": "おおまちデンタルオフィス", "機関区分": 3, "都道府県コード": 1, "市区町村コード": 231, "所在地": "北海道恵庭市大町３丁目４－１", "緯度": 42.8857785, "経度": 141.5698743, "url": "https://www.iryou.teikyouseido.mhlw.go.jp/znk-web/juminkanja/S2430/initialize?prefCd=01&kikanCd=3010019160&kikanKbn=3", "url2": null, "内容": "おおまちデンタルオフィス【3:歯科】北海道恵庭市大町３丁目４－１" }, "geometry": { "type": "Point", "coordinates": [ 141.5698743, 42.8857785 ] } },
{ "type": "Feature", "properties": { "ID": 133010019180, "正式名称": "医療法人社団世雄会紺藤歯科", "機関区分": 3, "都道府県コード": 1, "市区町村コード": 231, "所在地": "北海道恵庭市黄金中央２丁目４－１６恵友ビル１Ｆ", "緯度": 42.8838005, "経度": 141.5891901, "url": "https://www.iryou.teikyouseido.mhlw.go.jp/znk-web/juminkanja/S2430/initialize?prefCd=01&kikanCd=3010019180&kikanKbn=3", "url2": "http://www.kondo-shika.com/iin.html", "内容": "医療法人社団世雄会紺藤歯科【3:歯科】北海道恵庭市黄金中央２丁目４－１６恵友ビル１Ｆ" }, "geometry": { "type": "Point", "coordinates": [ 141.5891901, 42.8838005 ] } },
{ "type": "Feature", "properties": { "ID": 133010019210, "正式名称": "医療法人社団北進歯科クリニック", "機関区分": 3, "都道府県コード": 1, "市区町村コード": 234, "所在地": "北海道北広島市青葉町３丁目１１－１１", "緯度": 42.970173, "経度": 141.563174, "url": "https://www.iryou.teikyouseido.mhlw.go.jp/znk-web/juminkanja/S2430/initialize?prefCd=01&kikanCd=3010019210&kikanKbn=3", "url2": null, "内容": "医療法人社団北進歯科クリニック【3:歯科】北海道北広島市青葉町３丁目１１－１１" }, "geometry": { "type": "Point", "coordinates": [ 141.563174, 42.970173 ] } },
{ "type": "Feature", "properties": { "ID": 133010019220, "正式名称": "医療法人社団加々見歯科", "機関区分": 3, "都道府県コード": 1, "市区町村コード": 234, "所在地": "北海道北広島市広葉町３丁目９－５", "緯度": 42.9724662, "経度": 141.5523407, "url": "https://www.iryou.teikyouseido.mhlw.go.jp/znk-web/juminkanja/S2430/initialize?prefCd=01&kikanCd=3010019220&kikanKbn=3", "url2": null, "内容": "医療法人社団加々見歯科【3:歯科】北海道北広島市広葉町３丁目９－５" }, "geometry": { "type": "Point", "coordinates": [ 141.5523407, 42.9724662 ] } },
{ "type": "Feature", "properties": { "ID": 133010019230, "正式名称": "（医療法人社団）ひらい歯科医院", "機関区分": 3, "都道府県コード": 1, "市区町村コード": 234, "所在地": "北海道北広島市大曲柏葉２丁目１－７", "緯度": 42.967058, "経度": 141.4846601, "url": "https://www.iryou.teikyouseido.mhlw.go.jp/znk-web/juminkanja/S2430/initialize?prefCd=01&kikanCd=3010019230&kikanKbn=3", "url2": "http://www.hiraidental.net/", "内容": "（医療法人社団）ひらい歯科医院【3:歯科】北海道北広島市大曲柏葉２丁目１－７" }, "geometry": { "type": "Point", "coordinates": [ 141.484660100000013, 42.967058 ] } },
{ "type": "Feature", "properties": { "ID": 133010019260, "正式名称": "医療法人社団かわい歯科", "機関区分": 3, "都道府県コード": 1, "市区町村コード": 234, "所在地": "北海道北広島市西の里北５丁目１－３", "緯度": 43.0162514, "経度": 141.4958649, "url": "https://www.iryou.teikyouseido.mhlw.go.jp/znk-web/juminkanja/S2430/initialize?prefCd=01&kikanCd=3010019260&kikanKbn=3", "url2": null, "内容": "医療法人社団かわい歯科【3:歯科】北海道北広島市西の里北５丁目１－３" }, "geometry": { "type": "Point", "coordinates": [ 141.495864899999987, 43.0162514 ] } },
{ "type": "Feature", "properties": { "ID": 133010019300, "正式名称": "（医社）恪勤会マイス歯科クリニック", "機関区分": 3, "都道府県コード": 1, "市区町村コード": 234, "所在地": "北海道北広島市共栄町１丁目１５－２", "緯度": 42.990004, "経度": 141.564055, "url": "https://www.iryou.teikyouseido.mhlw.go.jp/znk-web/juminkanja/S2430/initialize?prefCd=01&kikanCd=3010019300&kikanKbn=3", "url2": "http://kakkinkai.or.jp/", "内容": "（医社）恪勤会マイス歯科クリニック【3:歯科】北海道北広島市共栄町１丁目１５－２" }, "geometry": { "type": "Point", "coordinates": [ 141.564055, 42.990004 ] } },
{ "type": "Feature", "properties": { "ID": 133010019310, "正式名称": "横尾歯科医院", "機関区分": 3, "都道府県コード": 1, "市区町村コード": 234, "所在地": "北海道北広島市泉町１丁目２－２", "緯度": 42.9637664, "経度": 141.5516972, "url": "https://www.iryou.teikyouseido.mhlw.go.jp/znk-web/juminkanja/S2430/initialize?prefCd=01&kikanCd=3010019310&kikanKbn=3", "url2": null, "内容": "横尾歯科医院【3:歯科】北海道北広島市泉町１丁目２－２" }, "geometry": { "type": "Point", "coordinates": [ 141.5516972, 42.9637664 ] } },
{ "type": "Feature", "properties": { "ID": 133010019320, "正式名称": "能登原歯科", "機関区分": 3, "都道府県コード": 1, "市区町村コード": 234, "所在地": "北海道北広島市里見町４丁目１－２", "緯度": 42.959284, "経度": 141.5439888, "url": "https://www.iryou.teikyouseido.mhlw.go.jp/znk-web/juminkanja/S2430/initialize?prefCd=01&kikanCd=3010019320&kikanKbn=3", "url2": null, "内容": "能登原歯科【3:歯科】北海道北広島市里見町４丁目１－２" }, "geometry": { "type": "Point", "coordinates": [ 141.5439888, 42.959284 ] } },
{ "type": "Feature", "properties": { "ID": 133010019340, "正式名称": "おくだ歯科医院", "機関区分": 3, "都道府県コード": 1, "市区町村コード": 234, "所在地": "北海道北広島市西の里東４丁目１番地２３", "緯度": 36.419469, "経度": 136.520119, "url": "https://www.iryou.teikyouseido.mhlw.go.jp/znk-web/juminkanja/S2430/initialize?prefCd=01&kikanCd=3010019340&kikanKbn=3", "url2": null, "内容": "おくだ歯科医院【3:歯科】北海道北広島市西の里東４丁目１番地２３" }, "geometry": { "type": "Point", "coordinates": [ 136.520119, 36.419469 ] } },
{ "type": "Feature", "properties": { "ID": 133010019380, "正式名称": "たかつ歯科クリニック", "機関区分": 3, "都道府県コード": 1, "市区町村コード": 234, "所在地": "北海道北広島市朝日町２丁目６－１", "緯度": 42.9874631, "経度": 141.568179, "url": "https://www.iryou.teikyouseido.mhlw.go.jp/znk-web/juminkanja/S2430/initialize?prefCd=01&kikanCd=3010019380&kikanKbn=3", "url2": null, "内容": "たかつ歯科クリニック【3:歯科】北海道北広島市朝日町２丁目６－１" }, "geometry": { "type": "Point", "coordinates": [ 141.568179, 42.9874631 ] } },
{ "type": "Feature", "properties": { "ID": 133010019390, "正式名称": "木川歯科医院", "機関区分": 3, "都道府県コード": 1, "市区町村コード": 234, "所在地": "北海道北広島市虹ヶ丘６丁目８－２７", "緯度": 43.021389, "経度": 141.488726, "url": "https://www.iryou.teikyouseido.mhlw.go.jp/znk-web/juminkanja/S2430/initialize?prefCd=01&kikanCd=3010019390&kikanKbn=3", "url2": "https://kdental.jimdofree.com/", "内容": "木川歯科医院【3:歯科】北海道北広島市虹ヶ丘６丁目８－２７" }, "geometry": { "type": "Point", "coordinates": [ 141.488726, 43.021389 ] } },
{ "type": "Feature", "properties": { "ID": 133010019400, "正式名称": "あさひファミリー歯科医院", "機関区分": 3, "都道府県コード": 1, "市区町村コード": 234, "所在地": "北海道北広島市朝日町３丁目１－１３", "緯度": 42.9877566, "経度": 141.5702068, "url": "https://www.iryou.teikyouseido.mhlw.go.jp/znk-web/juminkanja/S2430/initialize?prefCd=01&kikanCd=3010019400&kikanKbn=3", "url2": null, "内容": "あさひファミリー歯科医院【3:歯科】北海道北広島市朝日町３丁目１－１３" }, "geometry": { "type": "Point", "coordinates": [ 141.5702068, 42.9877566 ] } },
{ "type": "Feature", "properties": { "ID": 133010019410, "正式名称": "医療人社団ＬｉｆｅＦｏｒｃｅたばた歯科クリニック", "機関区分": 3, "都道府県コード": 1, "市区町村コード": 234, "所在地": "北海道北広島市大曲中央３丁目１番地１６", "緯度": 42.974301, "経度": 141.4789693, "url": "https://www.iryou.teikyouseido.mhlw.go.jp/znk-web/juminkanja/S2430/initialize?prefCd=01&kikanCd=3010019410&kikanKbn=3", "url2": "http://tabatasika.hajimeyoo.com/", "内容": "医療人社団ＬｉｆｅＦｏｒｃｅたばた歯科クリニック【3:歯科】北海道北広島市大曲中央３丁目１番地１６" }, "geometry": { "type": "Point", "coordinates": [ 141.478969299999989, 42.974301 ] } },
{ "type": "Feature", "properties": { "ID": 133010019430, "正式名称": "にしたに歯科クリニック", "機関区分": 3, "都道府県コード": 1, "市区町村コード": 234, "所在地": "北海道北広島市希望ヶ丘３丁目１－３５", "緯度": 42.9491159, "経度": 141.5025773, "url": "https://www.iryou.teikyouseido.mhlw.go.jp/znk-web/juminkanja/S2430/initialize?prefCd=01&kikanCd=3010019430&kikanKbn=3", "url2": "www.nishitani-dental.com", "内容": "にしたに歯科クリニック【3:歯科】北海道北広島市希望ヶ丘３丁目１－３５" }, "geometry": { "type": "Point", "coordinates": [ 141.502577300000013, 42.9491159 ] } },
{ "type": "Feature", "properties": { "ID": 133010019440, "正式名称": "みやぐち歯科クリニック", "機関区分": 3, "都道府県コード": 1, "市区町村コード": 234, "所在地": "北海道北広島市大曲光２丁目１－１１", "緯度": 42.982562, "経度": 141.483757, "url": "https://www.iryou.teikyouseido.mhlw.go.jp/znk-web/juminkanja/S2430/initialize?prefCd=01&kikanCd=3010019440&kikanKbn=3", "url2": "miyaguchi-dc.com/", "内容": "みやぐち歯科クリニック【3:歯科】北海道北広島市大曲光２丁目１－１１" }, "geometry": { "type": "Point", "coordinates": [ 141.483757, 42.982562 ] } },
{ "type": "Feature", "properties": { "ID": 133010019450, "正式名称": "いとう歯科クリニック", "機関区分": 3, "都道府県コード": 1, "市区町村コード": 234, "所在地": "北海道北広島市西の里東１丁目４－３　エヌ・フォーレ２Ｆ", "緯度": 43.014415, "経度": 141.502452, "url": "https://www.iryou.teikyouseido.mhlw.go.jp/znk-web/juminkanja/S2430/initialize?prefCd=01&kikanCd=3010019450&kikanKbn=3", "url2": null, "内容": "いとう歯科クリニック【3:歯科】北海道北広島市西の里東１丁目４－３　エヌ・フォーレ２Ｆ" }, "geometry": { "type": "Point", "coordinates": [ 141.502452, 43.014415 ] } },
{ "type": "Feature", "properties": { "ID": 133010019460, "正式名称": "北の台歯科医院", "機関区分": 3, "都道府県コード": 1, "市区町村コード": 234, "所在地": "北海道北広島市共栄町４丁目１８－２", "緯度": 42.992868, "経度": 141.563455, "url": "https://www.iryou.teikyouseido.mhlw.go.jp/znk-web/juminkanja/S2430/initialize?prefCd=01&kikanCd=3010019460&kikanKbn=3", "url2": null, "内容": "北の台歯科医院【3:歯科】北海道北広島市共栄町４丁目１８－２" }, "geometry": { "type": "Point", "coordinates": [ 141.563455, 42.992868 ] } },
{ "type": "Feature", "properties": { "ID": 133010019480, "正式名称": "北広さいとう歯科", "機関区分": 3, "都道府県コード": 1, "市区町村コード": 234, "所在地": "北海道北広島市中央１丁目１－４", "緯度": 42.9872689, "経度": 141.5646605, "url": "https://www.iryou.teikyouseido.mhlw.go.jp/znk-web/juminkanja/S2430/initialize?prefCd=01&kikanCd=3010019480&kikanKbn=3", "url2": null, "内容": "北広さいとう歯科【3:歯科】北海道北広島市中央１丁目１－４" }, "geometry": { "type": "Point", "coordinates": [ 141.5646605, 42.9872689 ] } },
{ "type": "Feature", "properties": { "ID": 133010019520, "正式名称": "星歯科医院", "機関区分": 3, "都道府県コード": 1, "市区町村コード": 392, "所在地": "北海道寿都郡寿都町字新栄町１７５－１", "緯度": 42.795918, "経度": 140.22548, "url": "https://www.iryou.teikyouseido.mhlw.go.jp/znk-web/juminkanja/S2430/initialize?prefCd=01&kikanCd=3010019520&kikanKbn=3", "url2": null, "内容": "星歯科医院【3:歯科】北海道寿都郡寿都町字新栄町１７５－１" }, "geometry": { "type": "Point", "coordinates": [ 140.22548, 42.795918 ] } },
{ "type": "Feature", "properties": { "ID": 133010019530, "正式名称": "ぶなの森レインボー歯科クリニック", "機関区分": 3, "都道府県コード": 1, "市区町村コード": 393, "所在地": "北海道寿都郡黒松内町字黒松内２９０番地", "緯度": 42.667414, "経度": 140.306118, "url": "https://www.iryou.teikyouseido.mhlw.go.jp/znk-web/juminkanja/S2430/initialize?prefCd=01&kikanCd=3010019530&kikanKbn=3", "url2": null, "内容": "ぶなの森レインボー歯科クリニック【3:歯科】北海道寿都郡黒松内町字黒松内２９０番地" }, "geometry": { "type": "Point", "coordinates": [ 140.306118, 42.667414 ] } },
{ "type": "Feature", "properties": { "ID": 133010019540, "正式名称": "蘭越歯科診療所", "機関区分": 3, "都道府県コード": 1, "市区町村コード": 394, "所在地": "北海道磯谷郡蘭越町蘭越町２５３番地", "緯度": 42.807776, "経度": 140.529321, "url": "https://www.iryou.teikyouseido.mhlw.go.jp/znk-web/juminkanja/S2430/initialize?prefCd=01&kikanCd=3010019540&kikanKbn=3", "url2": null, "内容": "蘭越歯科診療所【3:歯科】北海道磯谷郡蘭越町蘭越町２５３番地" }, "geometry": { "type": "Point", "coordinates": [ 140.529321, 42.807776 ] } },
{ "type": "Feature", "properties": { "ID": 133010019550, "正式名称": "やまだ歯科医院", "機関区分": 3, "都道府県コード": 1, "市区町村コード": 394, "所在地": "北海道磯谷郡蘭越町蘭越町１７１番地４", "緯度": 42.808273, "経度": 140.52809, "url": "https://www.iryou.teikyouseido.mhlw.go.jp/znk-web/juminkanja/S2430/initialize?prefCd=01&kikanCd=3010019550&kikanKbn=3", "url2": "http://www.yamadc.shika-hp.com/contact.html", "内容": "やまだ歯科医院【3:歯科】北海道磯谷郡蘭越町蘭越町１７１番地４" }, "geometry": { "type": "Point", "coordinates": [ 140.52809, 42.808273 ] } },
{ "type": "Feature", "properties": { "ID": 133010019560, "正式名称": "医療法人社団菊地歯科医院ニセコ診療所", "機関区分": 3, "都道府県コード": 1, "市区町村コード": 395, "所在地": "北海道虻田郡ニセコ町富士見４９", "緯度": 42.805287, "経度": 140.687497, "url": "https://www.iryou.teikyouseido.mhlw.go.jp/znk-web/juminkanja/S2430/initialize?prefCd=01&kikanCd=3010019560&kikanKbn=3", "url2": null, "内容": "医療法人社団菊地歯科医院ニセコ診療所【3:歯科】北海道虻田郡ニセコ町富士見４９" }, "geometry": { "type": "Point", "coordinates": [ 140.687497, 42.805287 ] } },
{ "type": "Feature", "properties": { "ID": 133010019600, "正式名称": "医療法人社団ひまわり会留寿都歯科", "機関区分": 3, "都道府県コード": 1, "市区町村コード": 397, "所在地": "北海道虻田郡留寿都村留寿都１７６番地１１", "緯度": 42.73818, "経度": 140.874159, "url": "https://www.iryou.teikyouseido.mhlw.go.jp/znk-web/juminkanja/S2430/initialize?prefCd=01&kikanCd=3010019600&kikanKbn=3", "url2": null, "内容": "医療法人社団ひまわり会留寿都歯科【3:歯科】北海道虻田郡留寿都村留寿都１７６番地１１" }, "geometry": { "type": "Point", "coordinates": [ 140.874159, 42.73818 ] } },
{ "type": "Feature", "properties": { "ID": 133010019610, "正式名称": "医療法人社団ひまわり会喜茂別歯科", "機関区分": 3, "都道府県コード": 1, "市区町村コード": 398, "所在地": "北海道虻田郡喜茂別町喜茂別１２０番地１", "緯度": 42.796235, "経度": 140.934451, "url": "https://www.iryou.teikyouseido.mhlw.go.jp/znk-web/juminkanja/S2430/initialize?prefCd=01&kikanCd=3010019610&kikanKbn=3", "url2": null, "内容": "医療法人社団ひまわり会喜茂別歯科【3:歯科】北海道虻田郡喜茂別町喜茂別１２０番地１" }, "geometry": { "type": "Point", "coordinates": [ 140.934451, 42.796235 ] } },
{ "type": "Feature", "properties": { "ID": 133010019620, "正式名称": "ふじ歯科クリニック", "機関区分": 3, "都道府県コード": 1, "市区町村コード": 398, "所在地": "北海道虻田郡喜茂別町字喜茂別３５６番地１", "緯度": 42.797592, "経度": 140.943282, "url": "https://www.iryou.teikyouseido.mhlw.go.jp/znk-web/juminkanja/S2430/initialize?prefCd=01&kikanCd=3010019620&kikanKbn=3", "url2": null, "内容": "ふじ歯科クリニック【3:歯科】北海道虻田郡喜茂別町字喜茂別３５６番地１" }, "geometry": { "type": "Point", "coordinates": [ 140.943282, 42.797592 ] } },
{ "type": "Feature", "properties": { "ID": 133010019640, "正式名称": "医療法人社団菊地歯科医院京極診療所", "機関区分": 3, "都道府県コード": 1, "市区町村コード": 399, "所在地": "北海道虻田郡京極町字京極４２３番地", "緯度": 42.859645, "経度": 140.885423, "url": "https://www.iryou.teikyouseido.mhlw.go.jp/znk-web/juminkanja/S2430/initialize?prefCd=01&kikanCd=3010019640&kikanKbn=3", "url2": null, "内容": "医療法人社団菊地歯科医院京極診療所【3:歯科】北海道虻田郡京極町字京極４２３番地" }, "geometry": { "type": "Point", "coordinates": [ 140.885423, 42.859645 ] } },
{ "type": "Feature", "properties": { "ID": 133010019650, "正式名称": "医療法人伊藤歯科医院", "機関区分": 3, "都道府県コード": 1, "市区町村コード": 400, "所在地": "北海道虻田郡倶知安町北１条西２丁目２０番地", "緯度": 42.901104, "経度": 140.75946, "url": "https://www.iryou.teikyouseido.mhlw.go.jp/znk-web/juminkanja/S2430/initialize?prefCd=01&kikanCd=3010019650&kikanKbn=3", "url2": null, "内容": "医療法人伊藤歯科医院【3:歯科】北海道虻田郡倶知安町北１条西２丁目２０番地" }, "geometry": { "type": "Point", "coordinates": [ 140.75946, 42.901104 ] } },
{ "type": "Feature", "properties": { "ID": 133010019660, "正式名称": "医療法人社団カワバタ歯科", "機関区分": 3, "都道府県コード": 1, "市区町村コード": 400, "所在地": "北海道虻田郡倶知安町南２条西２丁目１６番地", "緯度": 42.900567, "経度": 140.749771, "url": "https://www.iryou.teikyouseido.mhlw.go.jp/znk-web/juminkanja/S2430/initialize?prefCd=01&kikanCd=3010019660&kikanKbn=3", "url2": null, "内容": "医療法人社団カワバタ歯科【3:歯科】北海道虻田郡倶知安町南２条西２丁目１６番地" }, "geometry": { "type": "Point", "coordinates": [ 140.749771, 42.900567 ] } },
{ "type": "Feature", "properties": { "ID": 133010019670, "正式名称": "医療法人社団中川歯科医院", "機関区分": 3, "都道府県コード": 1, "市区町村コード": 400, "所在地": "北海道虻田郡倶知安町南１条東３丁目３番地", "緯度": 42.900272, "経度": 140.758792, "url": "https://www.iryou.teikyouseido.mhlw.go.jp/znk-web/juminkanja/S2430/initialize?prefCd=01&kikanCd=3010019670&kikanKbn=3", "url2": null, "内容": "医療法人社団中川歯科医院【3:歯科】北海道虻田郡倶知安町南１条東３丁目３番地" }, "geometry": { "type": "Point", "coordinates": [ 140.758792, 42.900272 ] } },
{ "type": "Feature", "properties": { "ID": 133010019680, "正式名称": "医療法人社団佳仁会ロイヤル歯科医院", "機関区分": 3, "都道府県コード": 1, "市区町村コード": 400, "所在地": "北海道虻田郡倶知安町北１条西３丁目８番１", "緯度": 42.902472, "経度": 140.746599, "url": "https://www.iryou.teikyouseido.mhlw.go.jp/znk-web/juminkanja/S2430/initialize?prefCd=01&kikanCd=3010019680&kikanKbn=3", "url2": null, "内容": "医療法人社団佳仁会ロイヤル歯科医院【3:歯科】北海道虻田郡倶知安町北１条西３丁目８番１" }, "geometry": { "type": "Point", "coordinates": [ 140.746599, 42.902472 ] } },
{ "type": "Feature", "properties": { "ID": 133010019700, "正式名称": "くにもと歯科医院", "機関区分": 3, "都道府県コード": 1, "市区町村コード": 400, "所在地": "北海道虻田郡倶知安町北３条東１丁目", "緯度": 42.903728, "経度": 140.754942, "url": "https://www.iryou.teikyouseido.mhlw.go.jp/znk-web/juminkanja/S2430/initialize?prefCd=01&kikanCd=3010019700&kikanKbn=3", "url2": null, "内容": "くにもと歯科医院【3:歯科】北海道虻田郡倶知安町北３条東１丁目" }, "geometry": { "type": "Point", "coordinates": [ 140.754942, 42.903728 ] } },
{ "type": "Feature", "properties": { "ID": 133010019710, "正式名称": "医療法人社団青野歯科医院", "機関区分": 3, "都道府県コード": 1, "市区町村コード": 408, "所在地": "北海道余市郡余市町大川町３丁目６３番地", "緯度": 43.192825, "経度": 140.793501, "url": "https://www.iryou.teikyouseido.mhlw.go.jp/znk-web/juminkanja/S2430/initialize?prefCd=01&kikanCd=3010019710&kikanKbn=3", "url2": null, "内容": "医療法人社団青野歯科医院【3:歯科】北海道余市郡余市町大川町３丁目６３番地" }, "geometry": { "type": "Point", "coordinates": [ 140.793501, 43.192825 ] } },
{ "type": "Feature", "properties": { "ID": 133010019720, "正式名称": "医療法人社団荒木歯科医院", "機関区分": 3, "都道府県コード": 1, "市区町村コード": 408, "所在地": "北海道余市郡余市町黒川町２丁目２０７番地", "緯度": 43.189061, "経度": 140.790279, "url": "https://www.iryou.teikyouseido.mhlw.go.jp/znk-web/juminkanja/S2430/initialize?prefCd=01&kikanCd=3010019720&kikanKbn=3", "url2": "http://arakisika.net/", "内容": "医療法人社団荒木歯科医院【3:歯科】北海道余市郡余市町黒川町２丁目２０７番地" }, "geometry": { "type": "Point", "coordinates": [ 140.790279, 43.189061 ] } },
{ "type": "Feature", "properties": { "ID": 133010019730, "正式名称": "医療法人社団佐藤歯科医院", "機関区分": 3, "都道府県コード": 1, "市区町村コード": 408, "所在地": "北海道余市郡余市町大川町１５－１２－１", "緯度": 43.013578, "経度": 144.349989, "url": "https://www.iryou.teikyouseido.mhlw.go.jp/znk-web/juminkanja/S2430/initialize?prefCd=01&kikanCd=3010019730&kikanKbn=3", "url2": null, "内容": "医療法人社団佐藤歯科医院【3:歯科】北海道余市郡余市町大川町１５－１２－１" }, "geometry": { "type": "Point", "coordinates": [ 144.349989, 43.013578 ] } },
{ "type": "Feature", "properties": { "ID": 133010019740, "正式名称": "医療法人社団トリヰ歯科医院", "機関区分": 3, "都道府県コード": 1, "市区町村コード": 408, "所在地": "北海道余市郡余市町黒川町１０丁目３番３２号　コープさっぽろ　２Ｆ", "緯度": 43.187248, "経度": 140.796582, "url": "https://www.iryou.teikyouseido.mhlw.go.jp/znk-web/juminkanja/S2430/initialize?prefCd=01&kikanCd=3010019740&kikanKbn=3", "url2": null, "内容": "医療法人社団トリヰ歯科医院【3:歯科】北海道余市郡余市町黒川町１０丁目３番３２号　コープさっぽろ　２Ｆ" }, "geometry": { "type": "Point", "coordinates": [ 140.796582, 43.187248 ] } },
{ "type": "Feature", "properties": { "ID": 133010019750, "正式名称": "医療法人社団ねりあい歯科医院", "機関区分": 3, "都道府県コード": 1, "市区町村コード": 408, "所在地": "北海道余市郡余市町大川町８丁目４０の１", "緯度": 43.192095, "経度": 140.80129, "url": "https://www.iryou.teikyouseido.mhlw.go.jp/znk-web/juminkanja/S2430/initialize?prefCd=01&kikanCd=3010019750&kikanKbn=3", "url2": null, "内容": "医療法人社団ねりあい歯科医院【3:歯科】北海道余市郡余市町大川町８丁目４０の１" }, "geometry": { "type": "Point", "coordinates": [ 140.80129, 43.192095 ] } },
{ "type": "Feature", "properties": { "ID": 133010019760, "正式名称": "医療法人社団原歯科", "機関区分": 3, "都道府県コード": 1, "市区町村コード": 408, "所在地": "北海道余市郡余市町黒川町１０丁目６３番地１", "緯度": 43.184632, "経度": 140.794855, "url": "https://www.iryou.teikyouseido.mhlw.go.jp/znk-web/juminkanja/S2430/initialize?prefCd=01&kikanCd=3010019760&kikanKbn=3", "url2": null, "内容": "医療法人社団原歯科【3:歯科】北海道余市郡余市町黒川町１０丁目６３番地１" }, "geometry": { "type": "Point", "coordinates": [ 140.794855, 43.184632 ] } },
{ "type": "Feature", "properties": { "ID": 133010019770, "正式名称": "医療法人社団福井歯科医院", "機関区分": 3, "都道府県コード": 1, "市区町村コード": 408, "所在地": "北海道余市郡余市町黒川町３丁目１０４番地の２", "緯度": 43.188204, "経度": 140.791755, "url": "https://www.iryou.teikyouseido.mhlw.go.jp/znk-web/juminkanja/S2430/initialize?prefCd=01&kikanCd=3010019770&kikanKbn=3", "url2": null, "内容": "医療法人社団福井歯科医院【3:歯科】北海道余市郡余市町黒川町３丁目１０４番地の２" }, "geometry": { "type": "Point", "coordinates": [ 140.791755, 43.188204 ] } },
{ "type": "Feature", "properties": { "ID": 133010019780, "正式名称": "いとう歯科医院", "機関区分": 3, "都道府県コード": 1, "市区町村コード": 408, "所在地": "北海道余市郡余市町大川町１４丁目５　太陽ハイツ１階", "緯度": 43.192361, "経度": 140.808906, "url": "https://www.iryou.teikyouseido.mhlw.go.jp/znk-web/juminkanja/S2430/initialize?prefCd=01&kikanCd=3010019780&kikanKbn=3", "url2": null, "内容": "いとう歯科医院【3:歯科】北海道余市郡余市町大川町１４丁目５　太陽ハイツ１階" }, "geometry": { "type": "Point", "coordinates": [ 140.808906, 43.192361 ] } },
{ "type": "Feature", "properties": { "ID": 133010019790, "正式名称": "とみさわ歯科", "機関区分": 3, "都道府県コード": 1, "市区町村コード": 408, "所在地": "北海道余市郡余市町富沢町９丁目１９番地２号", "緯度": 43.208533, "経度": 140.770345, "url": "https://www.iryou.teikyouseido.mhlw.go.jp/znk-web/juminkanja/S2430/initialize?prefCd=01&kikanCd=3010019790&kikanKbn=3", "url2": null, "内容": "とみさわ歯科【3:歯科】北海道余市郡余市町富沢町９丁目１９番地２号" }, "geometry": { "type": "Point", "coordinates": [ 140.770345, 43.208533 ] } },
{ "type": "Feature", "properties": { "ID": 133010019800, "正式名称": "水野歯科", "機関区分": 3, "都道府県コード": 1, "市区町村コード": 408, "所在地": "北海道余市郡余市町黒川町７丁目１７番地", "緯度": 43.186966, "経度": 140.79242, "url": "https://www.iryou.teikyouseido.mhlw.go.jp/znk-web/juminkanja/S2430/initialize?prefCd=01&kikanCd=3010019800&kikanKbn=3", "url2": null, "内容": "水野歯科【3:歯科】北海道余市郡余市町黒川町７丁目１７番地" }, "geometry": { "type": "Point", "coordinates": [ 140.79242, 43.186966 ] } },
{ "type": "Feature", "properties": { "ID": 133010019830, "正式名称": "佐久間歯科古平医院", "機関区分": 3, "都道府県コード": 1, "市区町村コード": 406, "所在地": "北海道古平郡古平町大字浜町４８－３", "緯度": 43.264883, "経度": 140.639539, "url": "https://www.iryou.teikyouseido.mhlw.go.jp/znk-web/juminkanja/S2430/initialize?prefCd=01&kikanCd=3010019830&kikanKbn=3", "url2": null, "内容": "佐久間歯科古平医院【3:歯科】北海道古平郡古平町大字浜町４８－３" }, "geometry": { "type": "Point", "coordinates": [ 140.639539, 43.264883 ] } },
{ "type": "Feature", "properties": { "ID": 133010019840, "正式名称": "デュオ歯科医院", "機関区分": 3, "都道府県コード": 1, "市区町村コード": 406, "所在地": "北海道古平郡古平町大字浜町１６５番地", "緯度": 43.262787, "経度": 140.641084, "url": "https://www.iryou.teikyouseido.mhlw.go.jp/znk-web/juminkanja/S2430/initialize?prefCd=01&kikanCd=3010019840&kikanKbn=3", "url2": null, "内容": "デュオ歯科医院【3:歯科】北海道古平郡古平町大字浜町１６５番地" }, "geometry": { "type": "Point", "coordinates": [ 140.641084, 43.262787 ] } },
{ "type": "Feature", "properties": { "ID": 133010019850, "正式名称": "森川歯科医院", "機関区分": 3, "都道府県コード": 1, "市区町村コード": 407, "所在地": "北海道余市郡仁木町北町１丁目６番地７", "緯度": 43.15402, "経度": 140.765738, "url": "https://www.iryou.teikyouseido.mhlw.go.jp/znk-web/juminkanja/S2430/initialize?prefCd=01&kikanCd=3010019850&kikanKbn=3", "url2": null, "内容": "森川歯科医院【3:歯科】北海道余市郡仁木町北町１丁目６番地７" }, "geometry": { "type": "Point", "coordinates": [ 140.765738, 43.15402 ] } },
{ "type": "Feature", "properties": { "ID": 133010019870, "正式名称": "共和歯科診療所", "機関区分": 3, "都道府県コード": 1, "市区町村コード": 401, "所在地": "北海道岩内郡共和町南幌似３７番地２", "緯度": 42.980267, "経度": 140.614134, "url": "https://www.iryou.teikyouseido.mhlw.go.jp/znk-web/juminkanja/S2430/initialize?prefCd=01&kikanCd=3010019870&kikanKbn=3", "url2": null, "内容": "共和歯科診療所【3:歯科】北海道岩内郡共和町南幌似３７番地２" }, "geometry": { "type": "Point", "coordinates": [ 140.614134, 42.980267 ] } },
{ "type": "Feature", "properties": { "ID": 133010019880, "正式名称": "医療法人社団恵歯会ファミリー歯科クリニック", "機関区分": 3, "都道府県コード": 1, "市区町村コード": 401, "所在地": "北海道岩内郡共和町前田１１－１５０", "緯度": 42.981642, "経度": 140.571718, "url": "https://www.iryou.teikyouseido.mhlw.go.jp/znk-web/juminkanja/S2430/initialize?prefCd=01&kikanCd=3010019880&kikanKbn=3", "url2": "http://familyshika.tkc.best-hp.jp", "内容": "医療法人社団恵歯会ファミリー歯科クリニック【3:歯科】北海道岩内郡共和町前田１１－１５０" }, "geometry": { "type": "Point", "coordinates": [ 140.571718, 42.981642 ] } },
{ "type": "Feature", "properties": { "ID": 133010019890, "正式名称": "医療法人社団中村歯科医院", "機関区分": 3, "都道府県コード": 1, "市区町村コード": 401, "所在地": "北海道岩内郡共和町梨野舞納１８－２３", "緯度": 42.981377, "経度": 140.54236, "url": "https://www.iryou.teikyouseido.mhlw.go.jp/znk-web/juminkanja/S2430/initialize?prefCd=01&kikanCd=3010019890&kikanKbn=3", "url2": null, "内容": "医療法人社団中村歯科医院【3:歯科】北海道岩内郡共和町梨野舞納１８－２３" }, "geometry": { "type": "Point", "coordinates": [ 140.54236, 42.981377 ] } },
{ "type": "Feature", "properties": { "ID": 133010019900, "正式名称": "医療法人社団井筒歯科医院", "機関区分": 3, "都道府県コード": 1, "市区町村コード": 402, "所在地": "北海道岩内郡岩内町字高台３１５番地", "緯度": 42.979187, "経度": 140.51405, "url": "https://www.iryou.teikyouseido.mhlw.go.jp/znk-web/juminkanja/S2430/initialize?prefCd=01&kikanCd=3010019900&kikanKbn=3", "url2": null, "内容": "医療法人社団井筒歯科医院【3:歯科】北海道岩内郡岩内町字高台３１５番地" }, "geometry": { "type": "Point", "coordinates": [ 140.51405, 42.979187 ] } },
{ "type": "Feature", "properties": { "ID": 133010019920, "正式名称": "岡崎歯科医院", "機関区分": 3, "都道府県コード": 1, "市区町村コード": 402, "所在地": "北海道岩内郡岩内町字高台１４８番地の１", "緯度": 42.979187, "経度": 140.51405, "url": "https://www.iryou.teikyouseido.mhlw.go.jp/znk-web/juminkanja/S2430/initialize?prefCd=01&kikanCd=3010019920&kikanKbn=3", "url2": null, "内容": "岡崎歯科医院【3:歯科】北海道岩内郡岩内町字高台１４８番地の１" }, "geometry": { "type": "Point", "coordinates": [ 140.51405, 42.979187 ] } },
{ "type": "Feature", "properties": { "ID": 133010019930, "正式名称": "黒田歯科医院", "機関区分": 3, "都道府県コード": 1, "市区町村コード": 402, "所在地": "北海道岩内郡岩内町万代４番地の３", "緯度": 42.981857, "経度": 140.51733, "url": "https://www.iryou.teikyouseido.mhlw.go.jp/znk-web/juminkanja/S2430/initialize?prefCd=01&kikanCd=3010019930&kikanKbn=3", "url2": null, "内容": "黒田歯科医院【3:歯科】北海道岩内郡岩内町万代４番地の３" }, "geometry": { "type": "Point", "coordinates": [ 140.51733, 42.981857 ] } },
{ "type": "Feature", "properties": { "ID": 133010019940, "正式名称": "にしざき歯科医院", "機関区分": 3, "都道府県コード": 1, "市区町村コード": 402, "所在地": "北海道岩内郡岩内町字高台１５０番地", "緯度": 42.979432, "経度": 140.512393, "url": "https://www.iryou.teikyouseido.mhlw.go.jp/znk-web/juminkanja/S2430/initialize?prefCd=01&kikanCd=3010019940&kikanKbn=3", "url2": null, "内容": "にしざき歯科医院【3:歯科】北海道岩内郡岩内町字高台１５０番地" }, "geometry": { "type": "Point", "coordinates": [ 140.512393, 42.979432 ] } },
{ "type": "Feature", "properties": { "ID": 133010019960, "正式名称": "水野歯科医院", "機関区分": 3, "都道府県コード": 1, "市区町村コード": 402, "所在地": "北海道岩内郡岩内町字万代１７番地１２", "緯度": 42.982987, "経度": 140.517559, "url": "https://www.iryou.teikyouseido.mhlw.go.jp/znk-web/juminkanja/S2430/initialize?prefCd=01&kikanCd=3010019960&kikanKbn=3", "url2": null, "内容": "水野歯科医院【3:歯科】北海道岩内郡岩内町字万代１７番地１２" }, "geometry": { "type": "Point", "coordinates": [ 140.517559, 42.982987 ] } },
{ "type": "Feature", "properties": { "ID": 133010019970, "正式名称": "みずの歯科医院", "機関区分": 3, "都道府県コード": 1, "市区町村コード": 402, "所在地": "北海道岩内郡岩内町字栄１番地の７", "緯度": 42.981654, "経度": 140.517836, "url": "https://www.iryou.teikyouseido.mhlw.go.jp/znk-web/juminkanja/S2430/initialize?prefCd=01&kikanCd=3010019970&kikanKbn=3", "url2": null, "内容": "みずの歯科医院【3:歯科】北海道岩内郡岩内町字栄１番地の７" }, "geometry": { "type": "Point", "coordinates": [ 140.517836, 42.981654 ] } },
{ "type": "Feature", "properties": { "ID": 133010019990, "正式名称": "泊村立歯科診療所", "機関区分": 3, "都道府県コード": 1, "市区町村コード": 403, "所在地": "北海道古宇郡泊村大字泊村５３番地の３", "緯度": 43.071449, "経度": 140.489807, "url": "https://www.iryou.teikyouseido.mhlw.go.jp/znk-web/juminkanja/S2430/initialize?prefCd=01&kikanCd=3010019990&kikanKbn=3", "url2": null, "内容": "泊村立歯科診療所【3:歯科】北海道古宇郡泊村大字泊村５３番地の３" }, "geometry": { "type": "Point", "coordinates": [ 140.489807, 43.071449 ] } },
{ "type": "Feature", "properties": { "ID": 133010020010, "正式名称": "医療法人　柏葉会　三嶋歯科医院７条医院", "機関区分": 3, "都道府県コード": 1, "市区町村コード": 210, "所在地": "北海道岩見沢市７条西５丁目２０－１", "緯度": 43.1979169, "経度": 141.7655279, "url": "https://www.iryou.teikyouseido.mhlw.go.jp/znk-web/juminkanja/S2430/initialize?prefCd=01&kikanCd=3010020010&kikanKbn=3", "url2": "http://m-dent.net/", "内容": "医療法人　柏葉会　三嶋歯科医院７条医院【3:歯科】北海道岩見沢市７条西５丁目２０－１" }, "geometry": { "type": "Point", "coordinates": [ 141.7655279, 43.1979169 ] } },
{ "type": "Feature", "properties": { "ID": 133010020040, "正式名称": "医療法人　鍵谷歯科医院", "機関区分": 3, "都道府県コード": 1, "市区町村コード": 210, "所在地": "北海道岩見沢市５条西３丁目２－７", "緯度": 43.2016164, "経度": 141.7655809, "url": "https://www.iryou.teikyouseido.mhlw.go.jp/znk-web/juminkanja/S2430/initialize?prefCd=01&kikanCd=3010020040&kikanKbn=3", "url2": "http://www.myclinic.ne.jp/kagiya/", "内容": "医療法人　鍵谷歯科医院【3:歯科】北海道岩見沢市５条西３丁目２－７" }, "geometry": { "type": "Point", "coordinates": [ 141.7655809, 43.2016164 ] } },
{ "type": "Feature", "properties": { "ID": 133010020060, "正式名称": "千徳歯科医院", "機関区分": 3, "都道府県コード": 1, "市区町村コード": 210, "所在地": "北海道岩見沢市北２条西８丁目２－７", "緯度": 43.206096, "経度": 141.75464, "url": "https://www.iryou.teikyouseido.mhlw.go.jp/znk-web/juminkanja/S2430/initialize?prefCd=01&kikanCd=3010020060&kikanKbn=3", "url2": null, "内容": "千徳歯科医院【3:歯科】北海道岩見沢市北２条西８丁目２－７" }, "geometry": { "type": "Point", "coordinates": [ 141.75464, 43.206096 ] } },
{ "type": "Feature", "properties": { "ID": 133010020080, "正式名称": "医療法人社団　元一会　舘山歯科医院", "機関区分": 3, "都道府県コード": 1, "市区町村コード": 210, "所在地": "北海道岩見沢市志文町３５２番地１", "緯度": 43.168074, "経度": 141.759958, "url": "https://www.iryou.teikyouseido.mhlw.go.jp/znk-web/juminkanja/S2430/initialize?prefCd=01&kikanCd=3010020080&kikanKbn=3", "url2": "http://tateyama-dental.com/", "内容": "医療法人社団　元一会　舘山歯科医院【3:歯科】北海道岩見沢市志文町３５２番地１" }, "geometry": { "type": "Point", "coordinates": [ 141.759958, 43.168074 ] } },
{ "type": "Feature", "properties": { "ID": 133010020090, "正式名称": "医療法人社団　竹内歯科クリニック", "機関区分": 3, "都道府県コード": 1, "市区町村コード": 210, "所在地": "北海道岩見沢市美園５条３丁目２－５", "緯度": 43.1873099, "経度": 141.7650241, "url": "https://www.iryou.teikyouseido.mhlw.go.jp/znk-web/juminkanja/S2430/initialize?prefCd=01&kikanCd=3010020090&kikanKbn=3", "url2": null, "内容": "医療法人社団　竹内歯科クリニック【3:歯科】北海道岩見沢市美園５条３丁目２－５" }, "geometry": { "type": "Point", "coordinates": [ 141.7650241, 43.1873099 ] } },
{ "type": "Feature", "properties": { "ID": 133010020110, "正式名称": "医療法人社団　ちとせ会　舘山歯科東町医院", "機関区分": 3, "都道府県コード": 1, "市区町村コード": 210, "所在地": "北海道岩見沢市４条東１８丁目２８番地", "緯度": 43.2166709, "経度": 141.7936451, "url": "https://www.iryou.teikyouseido.mhlw.go.jp/znk-web/juminkanja/S2430/initialize?prefCd=01&kikanCd=3010020110&kikanKbn=3", "url2": "http://www.tateyamadc-higashi.jp/", "内容": "医療法人社団　ちとせ会　舘山歯科東町医院【3:歯科】北海道岩見沢市４条東１８丁目２８番地" }, "geometry": { "type": "Point", "coordinates": [ 141.7936451, 43.2166709 ] } },
{ "type": "Feature", "properties": { "ID": 133010020230, "正式名称": "青野歯科医院", "機関区分": 3, "都道府県コード": 1, "市区町村コード": 210, "所在地": "北海道岩見沢市２条西４丁目５番地", "緯度": 43.2031458, "経度": 141.762156, "url": "https://www.iryou.teikyouseido.mhlw.go.jp/znk-web/juminkanja/S2430/initialize?prefCd=01&kikanCd=3010020230&kikanKbn=3", "url2": null, "内容": "青野歯科医院【3:歯科】北海道岩見沢市２条西４丁目５番地" }, "geometry": { "type": "Point", "coordinates": [ 141.762156, 43.2031458 ] } },
{ "type": "Feature", "properties": { "ID": 133010020240, "正式名称": "山本歯科医院", "機関区分": 3, "都道府県コード": 1, "市区町村コード": 210, "所在地": "北海道岩見沢市３条西３丁目２－９", "緯度": 43.2030963, "経度": 141.7641464, "url": "https://www.iryou.teikyouseido.mhlw.go.jp/znk-web/juminkanja/S2430/initialize?prefCd=01&kikanCd=3010020240&kikanKbn=3", "url2": null, "内容": "山本歯科医院【3:歯科】北海道岩見沢市３条西３丁目２－９" }, "geometry": { "type": "Point", "coordinates": [ 141.764146399999987, 43.2030963 ] } },
{ "type": "Feature", "properties": { "ID": 133010020250, "正式名称": "佐々木歯科医院", "機関区分": 3, "都道府県コード": 1, "市区町村コード": 210, "所在地": "北海道岩見沢市１条西５丁目４－２　ライズビル５階", "緯度": 43.2032663, "経度": 141.7606505, "url": "https://www.iryou.teikyouseido.mhlw.go.jp/znk-web/juminkanja/S2430/initialize?prefCd=01&kikanCd=3010020250&kikanKbn=3", "url2": "http://www.sasaki-dc.info/", "内容": "佐々木歯科医院【3:歯科】北海道岩見沢市１条西５丁目４－２　ライズビル５階" }, "geometry": { "type": "Point", "coordinates": [ 141.7606505, 43.2032663 ] } },
{ "type": "Feature", "properties": { "ID": 133010020260, "正式名称": "ハタテ歯科医院", "機関区分": 3, "都道府県コード": 1, "市区町村コード": 210, "所在地": "北海道岩見沢市美園１条３丁目２－１４", "緯度": 43.1904837, "経度": 141.7613696, "url": "https://www.iryou.teikyouseido.mhlw.go.jp/znk-web/juminkanja/S2430/initialize?prefCd=01&kikanCd=3010020260&kikanKbn=3", "url2": "http://hatate118.com", "内容": "ハタテ歯科医院【3:歯科】北海道岩見沢市美園１条３丁目２－１４" }, "geometry": { "type": "Point", "coordinates": [ 141.7613696, 43.1904837 ] } },
{ "type": "Feature", "properties": { "ID": 133010020270, "正式名称": "谷本歯科医院", "機関区分": 3, "都道府県コード": 1, "市区町村コード": 210, "所在地": "北海道岩見沢市３条東２丁目６－３", "緯度": 43.2049061, "経度": 141.768079, "url": "https://www.iryou.teikyouseido.mhlw.go.jp/znk-web/juminkanja/S2430/initialize?prefCd=01&kikanCd=3010020270&kikanKbn=3", "url2": null, "内容": "谷本歯科医院【3:歯科】北海道岩見沢市３条東２丁目６－３" }, "geometry": { "type": "Point", "coordinates": [ 141.768079, 43.2049061 ] } },
{ "type": "Feature", "properties": { "ID": 133010020290, "正式名称": "川野歯科医院", "機関区分": 3, "都道府県コード": 1, "市区町村コード": 210, "所在地": "北海道岩見沢市８条西１９丁目３－２", "緯度": 43.1916892, "経度": 141.7528376, "url": "https://www.iryou.teikyouseido.mhlw.go.jp/znk-web/juminkanja/S2430/initialize?prefCd=01&kikanCd=3010020290&kikanKbn=3", "url2": null, "内容": "川野歯科医院【3:歯科】北海道岩見沢市８条西１９丁目３－２" }, "geometry": { "type": "Point", "coordinates": [ 141.7528376, 43.1916892 ] } },
{ "type": "Feature", "properties": { "ID": 133010020310, "正式名称": "倉増歯科医院", "機関区分": 3, "都道府県コード": 1, "市区町村コード": 210, "所在地": "北海道岩見沢市春日町１丁目７－１", "緯度": 43.1901494, "経度": 141.7712923, "url": "https://www.iryou.teikyouseido.mhlw.go.jp/znk-web/juminkanja/S2430/initialize?prefCd=01&kikanCd=3010020310&kikanKbn=3", "url2": null, "内容": "倉増歯科医院【3:歯科】北海道岩見沢市春日町１丁目７－１" }, "geometry": { "type": "Point", "coordinates": [ 141.7712923, 43.1901494 ] } },
{ "type": "Feature", "properties": { "ID": 133010020320, "正式名称": "勝木歯科", "機関区分": 3, "都道府県コード": 1, "市区町村コード": 210, "所在地": "北海道岩見沢市北３条西１１丁目１－３５", "緯度": 43.2053283, "経度": 141.7507633, "url": "https://www.iryou.teikyouseido.mhlw.go.jp/znk-web/juminkanja/S2430/initialize?prefCd=01&kikanCd=3010020320&kikanKbn=3", "url2": null, "内容": "勝木歯科【3:歯科】北海道岩見沢市北３条西１１丁目１－３５" }, "geometry": { "type": "Point", "coordinates": [ 141.750763299999988, 43.2053283 ] } },
{ "type": "Feature", "properties": { "ID": 133010020330, "正式名称": "東町歯科クリニック", "機関区分": 3, "都道府県コード": 1, "市区町村コード": 210, "所在地": "北海道岩見沢市東町１条６丁目", "緯度": 43.2219777, "経度": 141.7922517, "url": "https://www.iryou.teikyouseido.mhlw.go.jp/znk-web/juminkanja/S2430/initialize?prefCd=01&kikanCd=3010020330&kikanKbn=3", "url2": "http://park14.wakwak.com/~tenshi/higasimati.html", "内容": "東町歯科クリニック【3:歯科】北海道岩見沢市東町１条６丁目" }, "geometry": { "type": "Point", "coordinates": [ 141.7922517, 43.2219777 ] } },
{ "type": "Feature", "properties": { "ID": 133010020350, "正式名称": "幌向中央歯科", "機関区分": 3, "都道府県コード": 1, "市区町村コード": 210, "所在地": "北海道岩見沢市幌向南２条２丁目１９８番地１", "緯度": 43.1498236, "経度": 141.6580569, "url": "https://www.iryou.teikyouseido.mhlw.go.jp/znk-web/juminkanja/S2430/initialize?prefCd=01&kikanCd=3010020350&kikanKbn=3", "url2": null, "内容": "幌向中央歯科【3:歯科】北海道岩見沢市幌向南２条２丁目１９８番地１" }, "geometry": { "type": "Point", "coordinates": [ 141.6580569, 43.1498236 ] } },
{ "type": "Feature", "properties": { "ID": 133010020400, "正式名称": "ノザキデンタルオフィス", "機関区分": 3, "都道府県コード": 1, "市区町村コード": 210, "所在地": "北海道岩見沢市日の出北１丁目１－１０", "緯度": 43.2107838, "経度": 141.7861116, "url": "https://www.iryou.teikyouseido.mhlw.go.jp/znk-web/juminkanja/S2430/initialize?prefCd=01&kikanCd=3010020400&kikanKbn=3", "url2": "www.no2aki-dental.net", "内容": "ノザキデンタルオフィス【3:歯科】北海道岩見沢市日の出北１丁目１－１０" }, "geometry": { "type": "Point", "coordinates": [ 141.7861116, 43.2107838 ] } },
{ "type": "Feature", "properties": { "ID": 133010020410, "正式名称": "鳩が丘歯科クリニック", "機関区分": 3, "都道府県コード": 1, "市区町村コード": 210, "所在地": "北海道岩見沢市鳩が丘３丁目１－７", "緯度": 43.1955937, "経度": 141.7768822, "url": "https://www.iryou.teikyouseido.mhlw.go.jp/znk-web/juminkanja/S2430/initialize?prefCd=01&kikanCd=3010020410&kikanKbn=3", "url2": "http://www.hatogaoka-dc.jp/", "内容": "鳩が丘歯科クリニック【3:歯科】北海道岩見沢市鳩が丘３丁目１－７" }, "geometry": { "type": "Point", "coordinates": [ 141.776882199999989, 43.1955937 ] } },
{ "type": "Feature", "properties": { "ID": 133010020420, "正式名称": "たかはし歯科医院", "機関区分": 3, "都道府県コード": 1, "市区町村コード": 210, "所在地": "北海道岩見沢市日の出南４丁目１－７", "緯度": 43.2051762, "経度": 141.7894597, "url": "https://www.iryou.teikyouseido.mhlw.go.jp/znk-web/juminkanja/S2430/initialize?prefCd=01&kikanCd=3010020420&kikanKbn=3", "url2": null, "内容": "たかはし歯科医院【3:歯科】北海道岩見沢市日の出南４丁目１－７" }, "geometry": { "type": "Point", "coordinates": [ 141.7894597, 43.2051762 ] } },
{ "type": "Feature", "properties": { "ID": 133010020430, "正式名称": "富樫歯科クリニック", "機関区分": 3, "都道府県コード": 1, "市区町村コード": 210, "所在地": "北海道岩見沢市３条東７丁目２－２", "緯度": 43.2078201, "経度": 141.7715237, "url": "https://www.iryou.teikyouseido.mhlw.go.jp/znk-web/juminkanja/S2430/initialize?prefCd=01&kikanCd=3010020430&kikanKbn=3", "url2": "www.kazdent.com", "内容": "富樫歯科クリニック【3:歯科】北海道岩見沢市３条東７丁目２－２" }, "geometry": { "type": "Point", "coordinates": [ 141.771523699999989, 43.2078201 ] } },
{ "type": "Feature", "properties": { "ID": 133010020450, "正式名称": "医療法人社団　品川歯科クリニック", "機関区分": 3, "都道府県コード": 1, "市区町村コード": 210, "所在地": "北海道岩見沢市南町７条１丁目２－１３", "緯度": 43.1798782, "経度": 141.7606937, "url": "https://www.iryou.teikyouseido.mhlw.go.jp/znk-web/juminkanja/S2430/initialize?prefCd=01&kikanCd=3010020450&kikanKbn=3", "url2": null, "内容": "医療法人社団　品川歯科クリニック【3:歯科】北海道岩見沢市南町７条１丁目２－１３" }, "geometry": { "type": "Point", "coordinates": [ 141.7606937, 43.1798782 ] } },
{ "type": "Feature", "properties": { "ID": 133010020460, "正式名称": "ひさつね歯科", "機関区分": 3, "都道府県コード": 1, "市区町村コード": 210, "所在地": "北海道岩見沢市７条東６丁目１１番地１５岩見沢メディカルモール内", "緯度": 43.203263, "経度": 141.774972, "url": "https://www.iryou.teikyouseido.mhlw.go.jp/znk-web/juminkanja/S2430/initialize?prefCd=01&kikanCd=3010020460&kikanKbn=3", "url2": "http://www.imm.co.jp/https://imm.co.jp/clinic/hisatsune/", "内容": "ひさつね歯科【3:歯科】北海道岩見沢市７条東６丁目１１番地１５岩見沢メディカルモール内" }, "geometry": { "type": "Point", "coordinates": [ 141.774972, 43.203263 ] } },
{ "type": "Feature", "properties": { "ID": 133010020480, "正式名称": "一条通り歯科医院", "機関区分": 3, "都道府県コード": 1, "市区町村コード": 210, "所在地": "北海道岩見沢市１条西４丁目５－３", "緯度": 43.203902, "経度": 141.761195, "url": "https://www.iryou.teikyouseido.mhlw.go.jp/znk-web/juminkanja/S2430/initialize?prefCd=01&kikanCd=3010020480&kikanKbn=3", "url2": "http://www.ichijo-dc.com/", "内容": "一条通り歯科医院【3:歯科】北海道岩見沢市１条西４丁目５－３" }, "geometry": { "type": "Point", "coordinates": [ 141.761195, 43.203902 ] } },
{ "type": "Feature", "properties": { "ID": 133010020500, "正式名称": "岩見沢市美流渡歯科診療所", "機関区分": 3, "都道府県コード": 1, "市区町村コード": 210, "所在地": "北海道岩見沢市栗沢町美流渡栄町９３－２", "緯度": 43.161427, "経度": 141.91623, "url": "https://www.iryou.teikyouseido.mhlw.go.jp/znk-web/juminkanja/S2430/initialize?prefCd=01&kikanCd=3010020500&kikanKbn=3", "url2": null, "内容": "岩見沢市美流渡歯科診療所【3:歯科】北海道岩見沢市栗沢町美流渡栄町９３－２" }, "geometry": { "type": "Point", "coordinates": [ 141.91623, 43.161427 ] } },
{ "type": "Feature", "properties": { "ID": 133010020510, "正式名称": "医療法人　柏葉会　三嶋歯科医院栗沢院", "機関区分": 3, "都道府県コード": 1, "市区町村コード": 210, "所在地": "北海道岩見沢市栗沢町本町１０９番地", "緯度": 43.119762, "経度": 141.74089, "url": "https://www.iryou.teikyouseido.mhlw.go.jp/znk-web/juminkanja/S2430/initialize?prefCd=01&kikanCd=3010020510&kikanKbn=3", "url2": "http://www.m-dent.net/", "内容": "医療法人　柏葉会　三嶋歯科医院栗沢院【3:歯科】北海道岩見沢市栗沢町本町１０９番地" }, "geometry": { "type": "Point", "coordinates": [ 141.74089, 43.119762 ] } },
{ "type": "Feature", "properties": { "ID": 133010020520, "正式名称": "くりさわパーク歯科クリニック", "機関区分": 3, "都道府県コード": 1, "市区町村コード": 210, "所在地": "北海道岩見沢市栗沢町北本町２１１－１３", "緯度": 43.120544, "経度": 141.7432, "url": "https://www.iryou.teikyouseido.mhlw.go.jp/znk-web/juminkanja/S2430/initialize?prefCd=01&kikanCd=3010020520&kikanKbn=3", "url2": null, "内容": "くりさわパーク歯科クリニック【3:歯科】北海道岩見沢市栗沢町北本町２１１－１３" }, "geometry": { "type": "Point", "coordinates": [ 141.7432, 43.120544 ] } },
{ "type": "Feature", "properties": { "ID": 133010020540, "正式名称": "のあ歯科クリニック", "機関区分": 3, "都道府県コード": 1, "市区町村コード": 222, "所在地": "北海道三笠市若松町１０－６", "緯度": 43.245647, "経度": 141.87148, "url": "https://www.iryou.teikyouseido.mhlw.go.jp/znk-web/juminkanja/S2430/initialize?prefCd=01&kikanCd=3010020540&kikanKbn=3", "url2": "http://mikasa-haisha.jp", "内容": "のあ歯科クリニック【3:歯科】北海道三笠市若松町１０－６" }, "geometry": { "type": "Point", "coordinates": [ 141.87148, 43.245647 ] } },
{ "type": "Feature", "properties": { "ID": 133010020550, "正式名称": "中塚歯科医院", "機関区分": 3, "都道府県コード": 1, "市区町村コード": 222, "所在地": "北海道三笠市若草町３９７－７７", "緯度": 43.247166, "経度": 141.88437, "url": "https://www.iryou.teikyouseido.mhlw.go.jp/znk-web/juminkanja/S2430/initialize?prefCd=01&kikanCd=3010020550&kikanKbn=3", "url2": null, "内容": "中塚歯科医院【3:歯科】北海道三笠市若草町３９７－７７" }, "geometry": { "type": "Point", "coordinates": [ 141.88437, 43.247166 ] } },
{ "type": "Feature", "properties": { "ID": 133010020570, "正式名称": "牛丸歯科医院", "機関区分": 3, "都道府県コード": 1, "市区町村コード": 222, "所在地": "北海道三笠市多賀町４－１２", "緯度": 43.243927, "経度": 141.877489, "url": "https://www.iryou.teikyouseido.mhlw.go.jp/znk-web/juminkanja/S2430/initialize?prefCd=01&kikanCd=3010020570&kikanKbn=3", "url2": null, "内容": "牛丸歯科医院【3:歯科】北海道三笠市多賀町４－１２" }, "geometry": { "type": "Point", "coordinates": [ 141.877489, 43.243927 ] } },
{ "type": "Feature", "properties": { "ID": 133010020690, "正式名称": "平歯科医院", "機関区分": 3, "都道府県コード": 1, "市区町村コード": 215, "所在地": "北海道美唄市西１条南５丁目２－１８", "緯度": 36.105322, "経度": 139.446397, "url": "https://www.iryou.teikyouseido.mhlw.go.jp/znk-web/juminkanja/S2430/initialize?prefCd=01&kikanCd=3010020690&kikanKbn=3", "url2": null, "内容": "平歯科医院【3:歯科】北海道美唄市西１条南５丁目２－１８" }, "geometry": { "type": "Point", "coordinates": [ 139.446397, 36.105322 ] } },
{ "type": "Feature", "properties": { "ID": 133010020700, "正式名称": "吉村歯科医院", "機関区分": 3, "都道府県コード": 1, "市区町村コード": 215, "所在地": "北海道美唄市東６条北１丁目１－１", "緯度": 43.3304493, "経度": 141.8761372, "url": "https://www.iryou.teikyouseido.mhlw.go.jp/znk-web/juminkanja/S2430/initialize?prefCd=01&kikanCd=3010020700&kikanKbn=3", "url2": "http://www.eve.ne.jp/yo_dds/", "内容": "吉村歯科医院【3:歯科】北海道美唄市東６条北１丁目１－１" }, "geometry": { "type": "Point", "coordinates": [ 141.876137199999988, 43.3304493 ] } },
{ "type": "Feature", "properties": { "ID": 133010020710, "正式名称": "工藤歯科医院", "機関区分": 3, "都道府県コード": 1, "市区町村コード": 215, "所在地": "北海道美唄市峰延本町南２丁目２－２", "緯度": 43.262813, "経度": 141.814799, "url": "https://www.iryou.teikyouseido.mhlw.go.jp/znk-web/juminkanja/S2430/initialize?prefCd=01&kikanCd=3010020710&kikanKbn=3", "url2": "https://www.kudo-ortho.com", "内容": "工藤歯科医院【3:歯科】北海道美唄市峰延本町南２丁目２－２" }, "geometry": { "type": "Point", "coordinates": [ 141.814799, 43.262813 ] } },
{ "type": "Feature", "properties": { "ID": 133010020740, "正式名称": "さくら歯科クリニック", "機関区分": 3, "都道府県コード": 1, "市区町村コード": 215, "所在地": "北海道美唄市東３条南４丁目４－３６", "緯度": 35.803572, "経度": 139.446769, "url": "https://www.iryou.teikyouseido.mhlw.go.jp/znk-web/juminkanja/S2430/initialize?prefCd=01&kikanCd=3010020740&kikanKbn=3", "url2": null, "内容": "さくら歯科クリニック【3:歯科】北海道美唄市東３条南４丁目４－３６" }, "geometry": { "type": "Point", "coordinates": [ 139.446769, 35.803572 ] } },
{ "type": "Feature", "properties": { "ID": 133010020760, "正式名称": "なめかわ歯科クリニック", "機関区分": 3, "都道府県コード": 1, "市区町村コード": 215, "所在地": "北海道美唄市東３条南５丁目３－９", "緯度": 43.325307, "経度": 141.864653, "url": "https://www.iryou.teikyouseido.mhlw.go.jp/znk-web/juminkanja/S2430/initialize?prefCd=01&kikanCd=3010020760&kikanKbn=3", "url2": "https://www.namekawa-dental-clinic.com/", "内容": "なめかわ歯科クリニック【3:歯科】北海道美唄市東３条南５丁目３－９" }, "geometry": { "type": "Point", "coordinates": [ 141.864653, 43.325307 ] } },
{ "type": "Feature", "properties": { "ID": 133010020770, "正式名称": "メロディー歯科クリニック", "機関区分": 3, "都道府県コード": 1, "市区町村コード": 215, "所在地": "北海道美唄市西２条北５丁目１－１", "緯度": 43.3379512, "経度": 141.8603024, "url": "https://www.iryou.teikyouseido.mhlw.go.jp/znk-web/juminkanja/S2430/initialize?prefCd=01&kikanCd=3010020770&kikanKbn=3", "url2": "http://melodydc.web.fc2.com/", "内容": "メロディー歯科クリニック【3:歯科】北海道美唄市西２条北５丁目１－１" }, "geometry": { "type": "Point", "coordinates": [ 141.8603024, 43.3379512 ] } },
{ "type": "Feature", "properties": { "ID": 133010020810, "正式名称": "清水沢歯科医院", "機関区分": 3, "都道府県コード": 1, "市区町村コード": 209, "所在地": "北海道夕張市清水沢３丁目３番地", "緯度": 43.00012, "経度": 142.00706, "url": "https://www.iryou.teikyouseido.mhlw.go.jp/znk-web/juminkanja/S2430/initialize?prefCd=01&kikanCd=3010020810&kikanKbn=3", "url2": null, "内容": "清水沢歯科医院【3:歯科】北海道夕張市清水沢３丁目３番地" }, "geometry": { "type": "Point", "coordinates": [ 142.00706, 43.00012 ] } },
{ "type": "Feature", "properties": { "ID": 133010020830, "正式名称": "ひうら歯科クリニック", "機関区分": 3, "都道府県コード": 1, "市区町村コード": 209, "所在地": "北海道夕張市若菜１１－２９", "緯度": 43.024216, "経度": 141.97337, "url": "https://www.iryou.teikyouseido.mhlw.go.jp/znk-web/juminkanja/S2430/initialize?prefCd=01&kikanCd=3010020830&kikanKbn=3", "url2": null, "内容": "ひうら歯科クリニック【3:歯科】北海道夕張市若菜１１－２９" }, "geometry": { "type": "Point", "coordinates": [ 141.97337, 43.024216 ] } },
{ "type": "Feature", "properties": { "ID": 133010020840, "正式名称": "藤井歯科医院", "機関区分": 3, "都道府県コード": 1, "市区町村コード": 423, "所在地": "北海道空知郡南幌町西町５丁目３－１", "緯度": 43.0622929, "経度": 141.6433468, "url": "https://www.iryou.teikyouseido.mhlw.go.jp/znk-web/juminkanja/S2430/initialize?prefCd=01&kikanCd=3010020840&kikanKbn=3", "url2": null, "内容": "藤井歯科医院【3:歯科】北海道空知郡南幌町西町５丁目３－１" }, "geometry": { "type": "Point", "coordinates": [ 141.643346799999989, 43.0622929 ] } },
{ "type": "Feature", "properties": { "ID": 133010020850, "正式名称": "南幌中央歯科", "機関区分": 3, "都道府県コード": 1, "市区町村コード": 423, "所在地": "北海道空知郡南幌町元町２丁目３－１４", "緯度": 43.0699684, "経度": 141.6499266, "url": "https://www.iryou.teikyouseido.mhlw.go.jp/znk-web/juminkanja/S2430/initialize?prefCd=01&kikanCd=3010020850&kikanKbn=3", "url2": null, "内容": "南幌中央歯科【3:歯科】北海道空知郡南幌町元町２丁目３－１４" }, "geometry": { "type": "Point", "coordinates": [ 141.649926599999986, 43.0699684 ] } },
{ "type": "Feature", "properties": { "ID": 133010020860, "正式名称": "加藤歯科", "機関区分": 3, "都道府県コード": 1, "市区町村コード": 423, "所在地": "北海道空知郡南幌町中央４丁目５－７", "緯度": 43.062295, "経度": 141.6521222, "url": "https://www.iryou.teikyouseido.mhlw.go.jp/znk-web/juminkanja/S2430/initialize?prefCd=01&kikanCd=3010020860&kikanKbn=3", "url2": "https://dental-kato.com/", "内容": "加藤歯科【3:歯科】北海道空知郡南幌町中央４丁目５－７" }, "geometry": { "type": "Point", "coordinates": [ 141.6521222, 43.062295 ] } },
{ "type": "Feature", "properties": { "ID": 133010020870, "正式名称": "南幌みどり野歯科", "機関区分": 3, "都道府県コード": 1, "市区町村コード": 423, "所在地": "北海道空知郡南幌町栄町１丁目１－１２", "緯度": 43.064081, "経度": 141.653044, "url": "https://www.iryou.teikyouseido.mhlw.go.jp/znk-web/juminkanja/S2430/initialize?prefCd=01&kikanCd=3010020870&kikanKbn=3", "url2": null, "内容": "南幌みどり野歯科【3:歯科】北海道空知郡南幌町栄町１丁目１－１２" }, "geometry": { "type": "Point", "coordinates": [ 141.653044, 43.064081 ] } },
{ "type": "Feature", "properties": { "ID": 133010020880, "正式名称": "いしい歯科", "機関区分": 3, "都道府県コード": 1, "市区町村コード": 423, "所在地": "北海道空知郡南幌町東町４丁目９－２１", "緯度": 43.0615362, "経度": 141.6621745, "url": "https://www.iryou.teikyouseido.mhlw.go.jp/znk-web/juminkanja/S2430/initialize?prefCd=01&kikanCd=3010020880&kikanKbn=3", "url2": null, "内容": "いしい歯科【3:歯科】北海道空知郡南幌町東町４丁目９－２１" }, "geometry": { "type": "Point", "coordinates": [ 141.6621745, 43.0615362 ] } },
{ "type": "Feature", "properties": { "ID": 133010020890, "正式名称": "医療法人社団　鳥山歯科医院", "機関区分": 3, "都道府県コード": 1, "市区町村コード": 427, "所在地": "北海道夕張郡由仁町本町２０１", "緯度": 43.012207, "経度": 141.78494, "url": "https://www.iryou.teikyouseido.mhlw.go.jp/znk-web/juminkanja/S2430/initialize?prefCd=01&kikanCd=3010020890&kikanKbn=3", "url2": null, "内容": "医療法人社団　鳥山歯科医院【3:歯科】北海道夕張郡由仁町本町２０１" }, "geometry": { "type": "Point", "coordinates": [ 141.78494, 43.012207 ] } },
{ "type": "Feature", "properties": { "ID": 133010020900, "正式名称": "畑歯科医院", "機関区分": 3, "都道府県コード": 1, "市区町村コード": 427, "所在地": "北海道夕張郡由仁町中央３３３番地", "緯度": 43.011684, "経度": 141.78505, "url": "https://www.iryou.teikyouseido.mhlw.go.jp/znk-web/juminkanja/S2430/initialize?prefCd=01&kikanCd=3010020900&kikanKbn=3", "url2": null, "内容": "畑歯科医院【3:歯科】北海道夕張郡由仁町中央３３３番地" }, "geometry": { "type": "Point", "coordinates": [ 141.78505, 43.011684 ] } },
{ "type": "Feature", "properties": { "ID": 133010020910, "正式名称": "しみず歯科医院", "機関区分": 3, "都道府県コード": 1, "市区町村コード": 427, "所在地": "北海道夕張郡由仁町三川緑町１３５", "緯度": 42.945763, "経度": 141.803787, "url": "https://www.iryou.teikyouseido.mhlw.go.jp/znk-web/juminkanja/S2430/initialize?prefCd=01&kikanCd=3010020910&kikanKbn=3", "url2": null, "内容": "しみず歯科医院【3:歯科】北海道夕張郡由仁町三川緑町１３５" }, "geometry": { "type": "Point", "coordinates": [ 141.803787, 42.945763 ] } },
{ "type": "Feature", "properties": { "ID": 133010020940, "正式名称": "土岐歯科医院", "機関区分": 3, "都道府県コード": 1, "市区町村コード": 428, "所在地": "北海道夕張郡長沼町中央南１丁目７－３１", "緯度": 43.009393, "経度": 141.694043, "url": "https://www.iryou.teikyouseido.mhlw.go.jp/znk-web/juminkanja/S2430/initialize?prefCd=01&kikanCd=3010020940&kikanKbn=3", "url2": null, "内容": "土岐歯科医院【3:歯科】北海道夕張郡長沼町中央南１丁目７－３１" }, "geometry": { "type": "Point", "coordinates": [ 141.694043, 43.009393 ] } },
{ "type": "Feature", "properties": { "ID": 133010020960, "正式名称": "医療法人社団　おかもと歯科医院", "機関区分": 3, "都道府県コード": 1, "市区町村コード": 428, "所在地": "北海道夕張郡長沼町あかね１丁目１－１８", "緯度": 43.012763, "経度": 141.6849578, "url": "https://www.iryou.teikyouseido.mhlw.go.jp/znk-web/juminkanja/S2430/initialize?prefCd=01&kikanCd=3010020960&kikanKbn=3", "url2": null, "内容": "医療法人社団　おかもと歯科医院【3:歯科】北海道夕張郡長沼町あかね１丁目１－１８" }, "geometry": { "type": "Point", "coordinates": [ 141.6849578, 43.012763 ] } },
{ "type": "Feature", "properties": { "ID": 133010020970, "正式名称": "てらさわ歯科", "機関区分": 3, "都道府県コード": 1, "市区町村コード": 428, "所在地": "北海道夕張郡長沼町東町北１丁目２－６", "緯度": 43.0092292, "経度": 141.7000516, "url": "https://www.iryou.teikyouseido.mhlw.go.jp/znk-web/juminkanja/S2430/initialize?prefCd=01&kikanCd=3010020970&kikanKbn=3", "url2": "terasawadc.jp", "内容": "てらさわ歯科【3:歯科】北海道夕張郡長沼町東町北１丁目２－６" }, "geometry": { "type": "Point", "coordinates": [ 141.7000516, 43.0092292 ] } },
{ "type": "Feature", "properties": { "ID": 133010020980, "正式名称": "こなみ歯科クリニック", "機関区分": 3, "都道府県コード": 1, "市区町村コード": 428, "所在地": "北海道夕張郡長沼町本町北１丁目１－２９", "緯度": 43.010838, "経度": 141.692821, "url": "https://www.iryou.teikyouseido.mhlw.go.jp/znk-web/juminkanja/S2430/initialize?prefCd=01&kikanCd=3010020980&kikanKbn=3", "url2": null, "内容": "こなみ歯科クリニック【3:歯科】北海道夕張郡長沼町本町北１丁目１－２９" }, "geometry": { "type": "Point", "coordinates": [ 141.692821, 43.010838 ] } },
{ "type": "Feature", "properties": { "ID": 133010020990, "正式名称": "三上歯科医院", "機関区分": 3, "都道府県コード": 1, "市区町村コード": 429, "所在地": "北海道夕張郡栗山町松風４丁目６－３", "緯度": 43.0591, "経度": 141.78296, "url": "https://www.iryou.teikyouseido.mhlw.go.jp/znk-web/juminkanja/S2430/initialize?prefCd=01&kikanCd=3010020990&kikanKbn=3", "url2": "http//www.mikami-dc.012372.com", "内容": "三上歯科医院【3:歯科】北海道夕張郡栗山町松風４丁目６－３" }, "geometry": { "type": "Point", "coordinates": [ 141.78296, 43.0591 ] } },
{ "type": "Feature", "properties": { "ID": 133010021000, "正式名称": "医療法人社団　南川歯科医院", "機関区分": 3, "都道府県コード": 1, "市区町村コード": 429, "所在地": "北海道夕張郡栗山町朝日３丁目６－９", "緯度": 43.05647, "経度": 141.79596, "url": "https://www.iryou.teikyouseido.mhlw.go.jp/znk-web/juminkanja/S2430/initialize?prefCd=01&kikanCd=3010021000&kikanKbn=3", "url2": null, "内容": "医療法人社団　南川歯科医院【3:歯科】北海道夕張郡栗山町朝日３丁目６－９" }, "geometry": { "type": "Point", "coordinates": [ 141.79596, 43.05647 ] } },
{ "type": "Feature", "properties": { "ID": 133010021010, "正式名称": "高橋歯科医院", "機関区分": 3, "都道府県コード": 1, "市区町村コード": 429, "所在地": "北海道夕張郡栗山町中央２丁目１７４番地", "緯度": 43.058613, "経度": 141.77888, "url": "https://www.iryou.teikyouseido.mhlw.go.jp/znk-web/juminkanja/S2430/initialize?prefCd=01&kikanCd=3010021010&kikanKbn=3", "url2": null, "内容": "高橋歯科医院【3:歯科】北海道夕張郡栗山町中央２丁目１７４番地" }, "geometry": { "type": "Point", "coordinates": [ 141.77888, 43.058613 ] } },
{ "type": "Feature", "properties": { "ID": 133010021020, "正式名称": "西村歯科医院", "機関区分": 3, "都道府県コード": 1, "市区町村コード": 429, "所在地": "北海道夕張郡栗山町中央３丁目２６６番地", "緯度": 43.058613, "経度": 141.77888, "url": "https://www.iryou.teikyouseido.mhlw.go.jp/znk-web/juminkanja/S2430/initialize?prefCd=01&kikanCd=3010021020&kikanKbn=3", "url2": null, "内容": "西村歯科医院【3:歯科】北海道夕張郡栗山町中央３丁目２６６番地" }, "geometry": { "type": "Point", "coordinates": [ 141.77888, 43.058613 ] } },
{ "type": "Feature", "properties": { "ID": 133010021030, "正式名称": "医療法人社団　永山歯科医院", "機関区分": 3, "都道府県コード": 1, "市区町村コード": 429, "所在地": "北海道夕張郡栗山町松風４丁目２３", "緯度": 43.0591, "経度": 141.78296, "url": "https://www.iryou.teikyouseido.mhlw.go.jp/znk-web/juminkanja/S2430/initialize?prefCd=01&kikanCd=3010021030&kikanKbn=3", "url2": "http://www.nagayama-dc.com", "内容": "医療法人社団　永山歯科医院【3:歯科】北海道夕張郡栗山町松風４丁目２３" }, "geometry": { "type": "Point", "coordinates": [ 141.78296, 43.0591 ] } },
{ "type": "Feature", "properties": { "ID": 133010021050, "正式名称": "あらい歯科", "機関区分": 3, "都道府県コード": 1, "市区町村コード": 429, "所在地": "北海道夕張郡栗山町中央３丁目２３３番地", "緯度": 43.058613, "経度": 141.77888, "url": "https://www.iryou.teikyouseido.mhlw.go.jp/znk-web/juminkanja/S2430/initialize?prefCd=01&kikanCd=3010021050&kikanKbn=3", "url2": null, "内容": "あらい歯科【3:歯科】北海道夕張郡栗山町中央３丁目２３３番地" }, "geometry": { "type": "Point", "coordinates": [ 141.77888, 43.058613 ] } },
{ "type": "Feature", "properties": { "ID": 133010021070, "正式名称": "医療法人社団　田中歯科医院", "機関区分": 3, "都道府県コード": 1, "市区町村コード": 216, "所在地": "北海道芦別市北４条西１丁目１番地の１６号", "緯度": 36.233842, "経度": 139.189708, "url": "https://www.iryou.teikyouseido.mhlw.go.jp/znk-web/juminkanja/S2430/initialize?prefCd=01&kikanCd=3010021070&kikanKbn=3", "url2": null, "内容": "医療法人社団　田中歯科医院【3:歯科】北海道芦別市北４条西１丁目１番地の１６号" }, "geometry": { "type": "Point", "coordinates": [ 139.189708, 36.233842 ] } },
{ "type": "Feature", "properties": { "ID": 133010021120, "正式名称": "小西歯科医院", "機関区分": 3, "都道府県コード": 1, "市区町村コード": 216, "所在地": "北海道芦別市北２条西１丁目６－５", "緯度": 43.521264, "経度": 142.185729, "url": "https://www.iryou.teikyouseido.mhlw.go.jp/znk-web/juminkanja/S2430/initialize?prefCd=01&kikanCd=3010021120&kikanKbn=3", "url2": null, "内容": "小西歯科医院【3:歯科】北海道芦別市北２条西１丁目６－５" }, "geometry": { "type": "Point", "coordinates": [ 142.185729, 43.521264 ] } },
{ "type": "Feature", "properties": { "ID": 133010021140, "正式名称": "よりもと歯科医院", "機関区分": 3, "都道府県コード": 1, "市区町村コード": 216, "所在地": "北海道芦別市北４条西３丁目７－８", "緯度": 43.525959, "経度": 142.178122, "url": "https://www.iryou.teikyouseido.mhlw.go.jp/znk-web/juminkanja/S2430/initialize?prefCd=01&kikanCd=3010021140&kikanKbn=3", "url2": null, "内容": "よりもと歯科医院【3:歯科】北海道芦別市北４条西３丁目７－８" }, "geometry": { "type": "Point", "coordinates": [ 142.178122, 43.525959 ] } },
{ "type": "Feature", "properties": { "ID": 133010021160, "正式名称": "医療法人明翠会赤平ファミリー歯科クリニック", "機関区分": 3, "都道府県コード": 1, "市区町村コード": 218, "所在地": "北海道赤平市東文京町３丁目１番地", "緯度": 43.56047, "経度": 142.04285, "url": "https://www.iryou.teikyouseido.mhlw.go.jp/znk-web/juminkanja/S2430/initialize?prefCd=01&kikanCd=3010021160&kikanKbn=3", "url2": null, "内容": "医療法人明翠会赤平ファミリー歯科クリニック【3:歯科】北海道赤平市東文京町３丁目１番地" }, "geometry": { "type": "Point", "coordinates": [ 142.04285, 43.56047 ] } },
{ "type": "Feature", "properties": { "ID": 133010021210, "正式名称": "アヒコ歯科医院", "機関区分": 3, "都道府県コード": 1, "市区町村コード": 225, "所在地": "北海道滝川市一の坂町東３丁目３～９号", "緯度": 43.5666876, "経度": 141.9149773, "url": "https://www.iryou.teikyouseido.mhlw.go.jp/znk-web/juminkanja/S2430/initialize?prefCd=01&kikanCd=3010021210&kikanKbn=3", "url2": null, "内容": "アヒコ歯科医院【3:歯科】北海道滝川市一の坂町東３丁目３～９号" }, "geometry": { "type": "Point", "coordinates": [ 141.9149773, 43.566687599999987 ] } },
{ "type": "Feature", "properties": { "ID": 133010021250, "正式名称": "扇町歯科医院", "機関区分": 3, "都道府県コード": 1, "市区町村コード": 225, "所在地": "北海道滝川市扇町３丁目１番７号", "緯度": 43.5680922, "経度": 141.8932652, "url": "https://www.iryou.teikyouseido.mhlw.go.jp/znk-web/juminkanja/S2430/initialize?prefCd=01&kikanCd=3010021250&kikanKbn=3", "url2": null, "内容": "扇町歯科医院【3:歯科】北海道滝川市扇町３丁目１番７号" }, "geometry": { "type": "Point", "coordinates": [ 141.8932652, 43.5680922 ] } },
{ "type": "Feature", "properties": { "ID": 133010021270, "正式名称": "スマイル歯科", "機関区分": 3, "都道府県コード": 1, "市区町村コード": 225, "所在地": "北海道滝川市本町２丁目４番２５号", "緯度": 43.560283, "経度": 141.906944, "url": "https://www.iryou.teikyouseido.mhlw.go.jp/znk-web/juminkanja/S2430/initialize?prefCd=01&kikanCd=3010021270&kikanKbn=3", "url2": "https://www.smile-dcl.com/", "内容": "スマイル歯科【3:歯科】北海道滝川市本町２丁目４番２５号" }, "geometry": { "type": "Point", "coordinates": [ 141.906944, 43.560283 ] } },
{ "type": "Feature", "properties": { "ID": 133010021290, "正式名称": "啓南歯科医院", "機関区分": 3, "都道府県コード": 1, "市区町村コード": 225, "所在地": "北海道滝川市中島町４丁目１番１号", "緯度": 43.5450118, "経度": 141.903801, "url": "https://www.iryou.teikyouseido.mhlw.go.jp/znk-web/juminkanja/S2430/initialize?prefCd=01&kikanCd=3010021290&kikanKbn=3", "url2": null, "内容": "啓南歯科医院【3:歯科】北海道滝川市中島町４丁目１番１号" }, "geometry": { "type": "Point", "coordinates": [ 141.903801, 43.5450118 ] } },
{ "type": "Feature", "properties": { "ID": 133010021300, "正式名称": "コスモデンタルクリニック", "機関区分": 3, "都道府県コード": 1, "市区町村コード": 225, "所在地": "北海道滝川市大町３丁目４番１６号", "緯度": 43.5595825, "経度": 141.9132632, "url": "https://www.iryou.teikyouseido.mhlw.go.jp/znk-web/juminkanja/S2430/initialize?prefCd=01&kikanCd=3010021300&kikanKbn=3", "url2": null, "内容": "コスモデンタルクリニック【3:歯科】北海道滝川市大町３丁目４番１６号" }, "geometry": { "type": "Point", "coordinates": [ 141.913263199999989, 43.5595825 ] } },
{ "type": "Feature", "properties": { "ID": 133010021310, "正式名称": "杉村歯科医院", "機関区分": 3, "都道府県コード": 1, "市区町村コード": 225, "所在地": "北海道滝川市栄町１丁目７番２６号", "緯度": 43.5545963, "経度": 141.9056025, "url": "https://www.iryou.teikyouseido.mhlw.go.jp/znk-web/juminkanja/S2430/initialize?prefCd=01&kikanCd=3010021310&kikanKbn=3", "url2": null, "内容": "杉村歯科医院【3:歯科】北海道滝川市栄町１丁目７番２６号" }, "geometry": { "type": "Point", "coordinates": [ 141.905602499999986, 43.5545963 ] } },
{ "type": "Feature", "properties": { "ID": 133010021320, "正式名称": "滝川歯科医院", "機関区分": 3, "都道府県コード": 1, "市区町村コード": 225, "所在地": "北海道滝川市明神町１丁目５番３５号", "緯度": 43.5570255, "経度": 141.9089758, "url": "https://www.iryou.teikyouseido.mhlw.go.jp/znk-web/juminkanja/S2430/initialize?prefCd=01&kikanCd=3010021320&kikanKbn=3", "url2": "www.oral.cleans.jp", "内容": "滝川歯科医院【3:歯科】北海道滝川市明神町１丁目５番３５号" }, "geometry": { "type": "Point", "coordinates": [ 141.9089758, 43.557025499999988 ] } },
{ "type": "Feature", "properties": { "ID": 133010021360, "正式名称": "塚本歯科医院", "機関区分": 3, "都道府県コード": 1, "市区町村コード": 225, "所在地": "北海道滝川市栄町４丁目４番２２号", "緯度": 43.5585698, "経度": 141.904458, "url": "https://www.iryou.teikyouseido.mhlw.go.jp/znk-web/juminkanja/S2430/initialize?prefCd=01&kikanCd=3010021360&kikanKbn=3", "url2": "http://www.tsukamotodental.com/", "内容": "塚本歯科医院【3:歯科】北海道滝川市栄町４丁目４番２２号" }, "geometry": { "type": "Point", "coordinates": [ 141.904458, 43.5585698 ] } },
{ "type": "Feature", "properties": { "ID": 133010021370, "正式名称": "なかむらファミリー歯科", "機関区分": 3, "都道府県コード": 1, "市区町村コード": 225, "所在地": "北海道滝川市滝の川町東３丁目１１４７番地７", "緯度": 43.58484, "経度": 141.92487, "url": "https://www.iryou.teikyouseido.mhlw.go.jp/znk-web/juminkanja/S2430/initialize?prefCd=01&kikanCd=3010021370&kikanKbn=3", "url2": "http://www.nakamura-family.info", "内容": "なかむらファミリー歯科【3:歯科】北海道滝川市滝の川町東３丁目１１４７番地７" }, "geometry": { "type": "Point", "coordinates": [ 141.92487, 43.58484 ] } },
{ "type": "Feature", "properties": { "ID": 133010021400, "正式名称": "みなみ歯科医院", "機関区分": 3, "都道府県コード": 1, "市区町村コード": 225, "所在地": "北海道滝川市西町５丁目３番３８号", "緯度": 43.5639058, "経度": 141.8985326, "url": "https://www.iryou.teikyouseido.mhlw.go.jp/znk-web/juminkanja/S2430/initialize?prefCd=01&kikanCd=3010021400&kikanKbn=3", "url2": null, "内容": "みなみ歯科医院【3:歯科】北海道滝川市西町５丁目３番３８号" }, "geometry": { "type": "Point", "coordinates": [ 141.89853260000001, 43.5639058 ] } },
{ "type": "Feature", "properties": { "ID": 133010021410, "正式名称": "宮腰歯科診療所", "機関区分": 3, "都道府県コード": 1, "市区町村コード": 225, "所在地": "北海道滝川市江部乙町東１２丁目１番４号", "緯度": 43.6248548, "経度": 141.9411314, "url": "https://www.iryou.teikyouseido.mhlw.go.jp/znk-web/juminkanja/S2430/initialize?prefCd=01&kikanCd=3010021410&kikanKbn=3", "url2": null, "内容": "宮腰歯科診療所【3:歯科】北海道滝川市江部乙町東１２丁目１番４号" }, "geometry": { "type": "Point", "coordinates": [ 141.941131399999989, 43.6248548 ] } },
{ "type": "Feature", "properties": { "ID": 133010021420, "正式名称": "メープル歯科", "機関区分": 3, "都道府県コード": 1, "市区町村コード": 225, "所在地": "北海道滝川市東町５丁目８番３６号", "緯度": 43.5595399, "経度": 141.9275576, "url": "https://www.iryou.teikyouseido.mhlw.go.jp/znk-web/juminkanja/S2430/initialize?prefCd=01&kikanCd=3010021420&kikanKbn=3", "url2": "http://mapleshika.html.xdomain.jp", "内容": "メープル歯科【3:歯科】北海道滝川市東町５丁目８番３６号" }, "geometry": { "type": "Point", "coordinates": [ 141.9275576, 43.5595399 ] } },
{ "type": "Feature", "properties": { "ID": 133010021460, "正式名称": "伊藤歯科医院", "機関区分": 3, "都道府県コード": 1, "市区町村コード": 226, "所在地": "北海道砂川市西１条南７丁目１－１４", "緯度": 43.4831942, "経度": 141.9043494, "url": "https://www.iryou.teikyouseido.mhlw.go.jp/znk-web/juminkanja/S2430/initialize?prefCd=01&kikanCd=3010021460&kikanKbn=3", "url2": null, "内容": "伊藤歯科医院【3:歯科】北海道砂川市西１条南７丁目１－１４" }, "geometry": { "type": "Point", "coordinates": [ 141.9043494, 43.4831942 ] } },
{ "type": "Feature", "properties": { "ID": 133010021470, "正式名称": "医療法人社団　押尾歯科医院", "機関区分": 3, "都道府県コード": 1, "市区町村コード": 226, "所在地": "北海道砂川市西２条北３丁目１－１０", "緯度": 43.4945777, "経度": 141.9066807, "url": "https://www.iryou.teikyouseido.mhlw.go.jp/znk-web/juminkanja/S2430/initialize?prefCd=01&kikanCd=3010021470&kikanKbn=3", "url2": null, "内容": "医療法人社団　押尾歯科医院【3:歯科】北海道砂川市西２条北３丁目１－１０" }, "geometry": { "type": "Point", "coordinates": [ 141.90668070000001, 43.4945777 ] } },
{ "type": "Feature", "properties": { "ID": 133010021490, "正式名称": "グリーン歯科クリニック", "機関区分": 3, "都道府県コード": 1, "市区町村コード": 226, "所在地": "北海道砂川市西３条北４丁目１－１５", "緯度": 43.4958174, "経度": 141.9064558, "url": "https://www.iryou.teikyouseido.mhlw.go.jp/znk-web/juminkanja/S2430/initialize?prefCd=01&kikanCd=3010021490&kikanKbn=3", "url2": null, "内容": "グリーン歯科クリニック【3:歯科】北海道砂川市西３条北４丁目１－１５" }, "geometry": { "type": "Point", "coordinates": [ 141.9064558, 43.4958174 ] } },
{ "type": "Feature", "properties": { "ID": 133010021500, "正式名称": "さとう歯科医院", "機関区分": 3, "都道府県コード": 1, "市区町村コード": 226, "所在地": "北海道砂川市空知太東１条３丁目１番１２号", "緯度": 43.5297285, "経度": 141.9197889, "url": "https://www.iryou.teikyouseido.mhlw.go.jp/znk-web/juminkanja/S2430/initialize?prefCd=01&kikanCd=3010021500&kikanKbn=3", "url2": null, "内容": "さとう歯科医院【3:歯科】北海道砂川市空知太東１条３丁目１番１２号" }, "geometry": { "type": "Point", "coordinates": [ 141.919788899999986, 43.5297285 ] } },
{ "type": "Feature", "properties": { "ID": 133010021520, "正式名称": "医療法人育心会多比良歯科医院", "機関区分": 3, "都道府県コード": 1, "市区町村コード": 226, "所在地": "北海道砂川市東７条南５丁目１９番", "緯度": 43.484808, "経度": 141.912084, "url": "https://www.iryou.teikyouseido.mhlw.go.jp/znk-web/juminkanja/S2430/initialize?prefCd=01&kikanCd=3010021520&kikanKbn=3", "url2": "http://www.tahiradental.com/", "内容": "医療法人育心会多比良歯科医院【3:歯科】北海道砂川市東７条南５丁目１９番" }, "geometry": { "type": "Point", "coordinates": [ 141.912084, 43.484808 ] } },
{ "type": "Feature", "properties": { "ID": 133010021530, "正式名称": "幡歯科医院", "機関区分": 3, "都道府県コード": 1, "市区町村コード": 226, "所在地": "北海道砂川市東２条南４丁目１－２６", "緯度": 43.4878639, "経度": 141.9071948, "url": "https://www.iryou.teikyouseido.mhlw.go.jp/znk-web/juminkanja/S2430/initialize?prefCd=01&kikanCd=3010021530&kikanKbn=3", "url2": null, "内容": "幡歯科医院【3:歯科】北海道砂川市東２条南４丁目１－２６" }, "geometry": { "type": "Point", "coordinates": [ 141.907194800000013, 43.4878639 ] } },
{ "type": "Feature", "properties": { "ID": 133010021540, "正式名称": "医療法人社団　松原歯科医院", "機関区分": 3, "都道府県コード": 1, "市区町村コード": 226, "所在地": "北海道砂川市吉野１条南４丁目７番１７号", "緯度": 43.491158, "経度": 141.90706, "url": "https://www.iryou.teikyouseido.mhlw.go.jp/znk-web/juminkanja/S2430/initialize?prefCd=01&kikanCd=3010021540&kikanKbn=3", "url2": null, "内容": "医療法人社団　松原歯科医院【3:歯科】北海道砂川市吉野１条南４丁目７番１７号" }, "geometry": { "type": "Point", "coordinates": [ 141.90706, 43.491158 ] } },
{ "type": "Feature", "properties": { "ID": 133010021550, "正式名称": "森歯科医院", "機関区分": 3, "都道府県コード": 1, "市区町村コード": 226, "所在地": "北海道砂川市西１条南１１丁目２番３号", "緯度": 43.4771421, "経度": 141.9026647, "url": "https://www.iryou.teikyouseido.mhlw.go.jp/znk-web/juminkanja/S2430/initialize?prefCd=01&kikanCd=3010021550&kikanKbn=3", "url2": null, "内容": "森歯科医院【3:歯科】北海道砂川市西１条南１１丁目２番３号" }, "geometry": { "type": "Point", "coordinates": [ 141.9026647, 43.477142099999988 ] } },
{ "type": "Feature", "properties": { "ID": 133010021590, "正式名称": "歌志内ホワイト歯科クリニック", "機関区分": 3, "都道府県コード": 1, "市区町村コード": 227, "所在地": "北海道歌志内市本町１１１番地１", "緯度": 43.522511, "経度": 142.039407, "url": "https://www.iryou.teikyouseido.mhlw.go.jp/znk-web/juminkanja/S2430/initialize?prefCd=01&kikanCd=3010021590&kikanKbn=3", "url2": null, "内容": "歌志内ホワイト歯科クリニック【3:歯科】北海道歌志内市本町１１１番地１" }, "geometry": { "type": "Point", "coordinates": [ 142.039407, 43.522511 ] } },
{ "type": "Feature", "properties": { "ID": 133010021600, "正式名称": "アダチ歯科", "機関区分": 3, "都道府県コード": 1, "市区町村コード": 424, "所在地": "北海道空知郡奈井江町字奈井江町４６番６", "緯度": 43.42571, "経度": 141.88422, "url": "https://www.iryou.teikyouseido.mhlw.go.jp/znk-web/juminkanja/S2430/initialize?prefCd=01&kikanCd=3010021600&kikanKbn=3", "url2": null, "内容": "アダチ歯科【3:歯科】北海道空知郡奈井江町字奈井江町４６番６" }, "geometry": { "type": "Point", "coordinates": [ 141.88422, 43.42571 ] } },
{ "type": "Feature", "properties": { "ID": 133010021610, "正式名称": "医療法人社団美西会　ないえ歯科", "機関区分": 3, "都道府県コード": 1, "市区町村コード": 424, "所在地": "北海道空知郡奈井江町字奈井江町７８番地", "緯度": 43.441323, "経度": 141.892673, "url": "https://www.iryou.teikyouseido.mhlw.go.jp/znk-web/juminkanja/S2430/initialize?prefCd=01&kikanCd=3010021610&kikanKbn=3", "url2": null, "内容": "医療法人社団美西会　ないえ歯科【3:歯科】北海道空知郡奈井江町字奈井江町７８番地" }, "geometry": { "type": "Point", "coordinates": [ 141.892673, 43.441323 ] } },
{ "type": "Feature", "properties": { "ID": 133010021630, "正式名称": "山中歯科医院", "機関区分": 3, "都道府県コード": 1, "市区町村コード": 424, "所在地": "北海道空知郡奈井江町字奈井江町１７１番地の２", "緯度": 43.422353, "経度": 141.884869, "url": "https://www.iryou.teikyouseido.mhlw.go.jp/znk-web/juminkanja/S2430/initialize?prefCd=01&kikanCd=3010021630&kikanKbn=3", "url2": null, "内容": "山中歯科医院【3:歯科】北海道空知郡奈井江町字奈井江町１７１番地の２" }, "geometry": { "type": "Point", "coordinates": [ 141.884869, 43.422353 ] } },
{ "type": "Feature", "properties": { "ID": 133010021650, "正式名称": "東鶉歯科診療所", "機関区分": 3, "都道府県コード": 1, "市区町村コード": 425, "所在地": "北海道空知郡上砂川町字鶉１４６０番地１１", "緯度": 43.48297, "経度": 141.9777, "url": "https://www.iryou.teikyouseido.mhlw.go.jp/znk-web/juminkanja/S2430/initialize?prefCd=01&kikanCd=3010021650&kikanKbn=3", "url2": null, "内容": "東鶉歯科診療所【3:歯科】北海道空知郡上砂川町字鶉１４６０番地１１" }, "geometry": { "type": "Point", "coordinates": [ 141.9777, 43.48297 ] } },
{ "type": "Feature", "properties": { "ID": 133010021660, "正式名称": "浦臼町歯科診療所", "機関区分": 3, "都道府県コード": 1, "市区町村コード": 431, "所在地": "北海道樺戸郡浦臼町字ウラウスナイ１８３番地４６６", "緯度": 43.430906, "経度": 141.817347, "url": "https://www.iryou.teikyouseido.mhlw.go.jp/znk-web/juminkanja/S2430/initialize?prefCd=01&kikanCd=3010021660&kikanKbn=3", "url2": "https://www.town.urausu.hokkaido.jp/kurashi/kenko/iryo/dentalclinic.html", "内容": "浦臼町歯科診療所【3:歯科】北海道樺戸郡浦臼町字ウラウスナイ１８３番地４６６" }, "geometry": { "type": "Point", "coordinates": [ 141.817347, 43.430906 ] } },
{ "type": "Feature", "properties": { "ID": 133010021690, "正式名称": "ひらやま歯科", "機関区分": 3, "都道府県コード": 1, "市区町村コード": 432, "所在地": "北海道樺戸郡新十津川町中央８３番地２２", "緯度": 43.5567706, "経度": 141.8774082, "url": "https://www.iryou.teikyouseido.mhlw.go.jp/znk-web/juminkanja/S2430/initialize?prefCd=01&kikanCd=3010021690&kikanKbn=3", "url2": null, "内容": "ひらやま歯科【3:歯科】北海道樺戸郡新十津川町中央８３番地２２" }, "geometry": { "type": "Point", "coordinates": [ 141.8774082, 43.5567706 ] } },
{ "type": "Feature", "properties": { "ID": 133010021710, "正式名称": "伊東歯科医院", "機関区分": 3, "都道府県コード": 1, "市区町村コード": 228, "所在地": "北海道深川市２条７番２９号", "緯度": 43.719018, "経度": 142.039593, "url": "https://www.iryou.teikyouseido.mhlw.go.jp/znk-web/juminkanja/S2430/initialize?prefCd=01&kikanCd=3010021710&kikanKbn=3", "url2": null, "内容": "伊東歯科医院【3:歯科】北海道深川市２条７番２９号" }, "geometry": { "type": "Point", "coordinates": [ 142.039593, 43.719018 ] } },
{ "type": "Feature", "properties": { "ID": 133010021740, "正式名称": "医療法人社団きたじま歯科クリニック", "機関区分": 3, "都道府県コード": 1, "市区町村コード": 228, "所在地": "北海道深川市３条１６番１２号", "緯度": 43.722851, "経度": 142.052842, "url": "https://www.iryou.teikyouseido.mhlw.go.jp/znk-web/juminkanja/S2430/initialize?prefCd=01&kikanCd=3010021740&kikanKbn=3", "url2": null, "内容": "医療法人社団きたじま歯科クリニック【3:歯科】北海道深川市３条１６番１２号" }, "geometry": { "type": "Point", "coordinates": [ 142.052842, 43.722851 ] } },
{ "type": "Feature", "properties": { "ID": 133010021750, "正式名称": "医療法人社団健歯会杉澤歯科", "機関区分": 3, "都道府県コード": 1, "市区町村コード": 228, "所在地": "北海道深川市３条９番２８号", "緯度": 43.7193479, "経度": 142.0431583, "url": "https://www.iryou.teikyouseido.mhlw.go.jp/znk-web/juminkanja/S2430/initialize?prefCd=01&kikanCd=3010021750&kikanKbn=3", "url2": null, "内容": "医療法人社団健歯会杉澤歯科【3:歯科】北海道深川市３条９番２８号" }, "geometry": { "type": "Point", "coordinates": [ 142.043158299999988, 43.7193479 ] } },
{ "type": "Feature", "properties": { "ID": 133010021760, "正式名称": "深川グリーン歯科医院", "機関区分": 3, "都道府県コード": 1, "市区町村コード": 228, "所在地": "北海道深川市４条１１番１５号", "緯度": 43.7197656, "経度": 142.0470292, "url": "https://www.iryou.teikyouseido.mhlw.go.jp/znk-web/juminkanja/S2430/initialize?prefCd=01&kikanCd=3010021760&kikanKbn=3", "url2": null, "内容": "深川グリーン歯科医院【3:歯科】北海道深川市４条１１番１５号" }, "geometry": { "type": "Point", "coordinates": [ 142.0470292, 43.7197656 ] } },
{ "type": "Feature", "properties": { "ID": 133010021780, "正式名称": "医療法人社団　杉村歯科医院", "機関区分": 3, "都道府県コード": 1, "市区町村コード": 228, "所在地": "北海道深川市４条９番２８号", "緯度": 43.7186741, "経度": 142.0438194, "url": "https://www.iryou.teikyouseido.mhlw.go.jp/znk-web/juminkanja/S2430/initialize?prefCd=01&kikanCd=3010021780&kikanKbn=3", "url2": null, "内容": "医療法人社団　杉村歯科医院【3:歯科】北海道深川市４条９番２８号" }, "geometry": { "type": "Point", "coordinates": [ 142.0438194, 43.7186741 ] } },
{ "type": "Feature", "properties": { "ID": 133010021790, "正式名称": "小野歯科医院", "機関区分": 3, "都道府県コード": 1, "市区町村コード": 228, "所在地": "北海道深川市納内３丁目８番９１号", "緯度": 43.72945, "経度": 142.1315, "url": "https://www.iryou.teikyouseido.mhlw.go.jp/znk-web/juminkanja/S2430/initialize?prefCd=01&kikanCd=3010021790&kikanKbn=3", "url2": null, "内容": "小野歯科医院【3:歯科】北海道深川市納内３丁目８番９１号" }, "geometry": { "type": "Point", "coordinates": [ 142.1315, 43.72945 ] } },
{ "type": "Feature", "properties": { "ID": 133010021810, "正式名称": "たなか歯科医院", "機関区分": 3, "都道府県コード": 1, "市区町村コード": 228, "所在地": "北海道深川市開西町２丁目１番２５号", "緯度": 43.710991, "経度": 142.018012, "url": "https://www.iryou.teikyouseido.mhlw.go.jp/znk-web/juminkanja/S2430/initialize?prefCd=01&kikanCd=3010021810&kikanKbn=3", "url2": null, "内容": "たなか歯科医院【3:歯科】北海道深川市開西町２丁目１番２５号" }, "geometry": { "type": "Point", "coordinates": [ 142.018012, 43.710991 ] } },
{ "type": "Feature", "properties": { "ID": 133010021830, "正式名称": "医療法人社団　舟山歯科医院", "機関区分": 3, "都道府県コード": 1, "市区町村コード": 228, "所在地": "北海道深川市文光町１２番２５号", "緯度": 43.712435, "経度": 142.022789, "url": "https://www.iryou.teikyouseido.mhlw.go.jp/znk-web/juminkanja/S2430/initialize?prefCd=01&kikanCd=3010021830&kikanKbn=3", "url2": null, "内容": "医療法人社団　舟山歯科医院【3:歯科】北海道深川市文光町１２番２５号" }, "geometry": { "type": "Point", "coordinates": [ 142.022789, 43.712435 ] } },
{ "type": "Feature", "properties": { "ID": 133010021860, "正式名称": "ぬまくら歯科", "機関区分": 3, "都道府県コード": 1, "市区町村コード": 228, "所在地": "北海道深川市１条１２番１６号", "緯度": 43.7220435, "経度": 142.0469782, "url": "https://www.iryou.teikyouseido.mhlw.go.jp/znk-web/juminkanja/S2430/initialize?prefCd=01&kikanCd=3010021860&kikanKbn=3", "url2": null, "内容": "ぬまくら歯科【3:歯科】北海道深川市１条１２番１６号" }, "geometry": { "type": "Point", "coordinates": [ 142.046978200000012, 43.7220435 ] } },
{ "type": "Feature", "properties": { "ID": 133010021870, "正式名称": "木村きよし歯科", "機関区分": 3, "都道府県コード": 1, "市区町村コード": 228, "所在地": "北海道深川市４条１４番６号", "緯度": 43.721157, "経度": 142.050675, "url": "https://www.iryou.teikyouseido.mhlw.go.jp/znk-web/juminkanja/S2430/initialize?prefCd=01&kikanCd=3010021870&kikanKbn=3", "url2": null, "内容": "木村きよし歯科【3:歯科】北海道深川市４条１４番６号" }, "geometry": { "type": "Point", "coordinates": [ 142.050675, 43.721157 ] } },
{ "type": "Feature", "properties": { "ID": 133010021880, "正式名称": "医療法人社団健歯会杉澤歯科クリニック", "機関区分": 3, "都道府県コード": 1, "市区町村コード": 433, "所在地": "北海道雨竜郡妹背牛町字妹背牛３８５番地", "緯度": 43.699585, "経度": 141.96312, "url": "https://www.iryou.teikyouseido.mhlw.go.jp/znk-web/juminkanja/S2430/initialize?prefCd=01&kikanCd=3010021880&kikanKbn=3", "url2": null, "内容": "医療法人社団健歯会杉澤歯科クリニック【3:歯科】北海道雨竜郡妹背牛町字妹背牛３８５番地" }, "geometry": { "type": "Point", "coordinates": [ 141.96312, 43.699585 ] } },
{ "type": "Feature", "properties": { "ID": 133010021890, "正式名称": "医療法人社団いざなき会定岡歯科医院", "機関区分": 3, "都道府県コード": 1, "市区町村コード": 433, "所在地": "北海道雨竜郡妹背牛町字妹背牛４１９番地の８", "緯度": 43.699585, "経度": 141.96312, "url": "https://www.iryou.teikyouseido.mhlw.go.jp/znk-web/juminkanja/S2430/initialize?prefCd=01&kikanCd=3010021890&kikanKbn=3", "url2": "http://www2.plala.or.jp/sadaoka/index.html", "内容": "医療法人社団いざなき会定岡歯科医院【3:歯科】北海道雨竜郡妹背牛町字妹背牛４１９番地の８" }, "geometry": { "type": "Point", "coordinates": [ 141.96312, 43.699585 ] } },
{ "type": "Feature", "properties": { "ID": 133010021910, "正式名称": "北竜町立歯科診療所", "機関区分": 3, "都道府県コード": 1, "市区町村コード": 437, "所在地": "北海道雨竜郡北竜町字和２番地１７", "緯度": 43.729264, "経度": 141.880078, "url": "https://www.iryou.teikyouseido.mhlw.go.jp/znk-web/juminkanja/S2430/initialize?prefCd=01&kikanCd=3010021910&kikanKbn=3", "url2": null, "内容": "北竜町立歯科診療所【3:歯科】北海道雨竜郡北竜町字和２番地１７" }, "geometry": { "type": "Point", "coordinates": [ 141.880078, 43.729264 ] } },
{ "type": "Feature", "properties": { "ID": 133010021920, "正式名称": "中神歯科医院", "機関区分": 3, "都道府県コード": 1, "市区町村コード": 438, "所在地": "北海道雨竜郡沼田町南１条２丁目５番８号", "緯度": 43.752342, "経度": 141.94519, "url": "https://www.iryou.teikyouseido.mhlw.go.jp/znk-web/juminkanja/S2430/initialize?prefCd=01&kikanCd=3010021920&kikanKbn=3", "url2": null, "内容": "中神歯科医院【3:歯科】北海道雨竜郡沼田町南１条２丁目５番８号" }, "geometry": { "type": "Point", "coordinates": [ 141.94519, 43.752342 ] } },
{ "type": "Feature", "properties": { "ID": 133010021930, "正式名称": "近藤歯科医院", "機関区分": 3, "都道府県コード": 1, "市区町村コード": 438, "所在地": "北海道雨竜郡沼田町本通り３丁目４番３号", "緯度": 43.811451, "経度": 141.928764, "url": "https://www.iryou.teikyouseido.mhlw.go.jp/znk-web/juminkanja/S2430/initialize?prefCd=01&kikanCd=3010021930&kikanKbn=3", "url2": "http://Kondo-shika.info/", "内容": "近藤歯科医院【3:歯科】北海道雨竜郡沼田町本通り３丁目４番３号" }, "geometry": { "type": "Point", "coordinates": [ 141.928764, 43.811451 ] } },
{ "type": "Feature", "properties": { "ID": 133010021940, "正式名称": "町立幌加内歯科診療所", "機関区分": 3, "都道府県コード": 1, "市区町村コード": 472, "所在地": "北海道雨竜郡幌加内町字幌加内６７２０番地", "緯度": 44.008739, "経度": 142.152792, "url": "https://www.iryou.teikyouseido.mhlw.go.jp/znk-web/juminkanja/S2430/initialize?prefCd=01&kikanCd=3010021940&kikanKbn=3", "url2": null, "内容": "町立幌加内歯科診療所【3:歯科】北海道雨竜郡幌加内町字幌加内６７２０番地" }, "geometry": { "type": "Point", "coordinates": [ 142.152792, 44.008739 ] } },
{ "type": "Feature", "properties": { "ID": 133010021960, "正式名称": "柴田歯科　Ｔａｋａｓａｇｏ　Ｄｅｎｔａｌ　Ｏｆｆｉｃｅ", "機関区分": 3, "都道府県コード": 1, "市区町村コード": 205, "所在地": "北海道室蘭市高砂町３丁目９番２０号", "緯度": 42.3664491, "経度": 141.03254, "url": "https://www.iryou.teikyouseido.mhlw.go.jp/znk-web/juminkanja/S2430/initialize?prefCd=01&kikanCd=3010021960&kikanKbn=3", "url2": "http.//www.geocities.jp/shibata-tdo/index.html", "内容": "柴田歯科　Ｔａｋａｓａｇｏ　Ｄｅｎｔａｌ　Ｏｆｆｉｃｅ【3:歯科】北海道室蘭市高砂町３丁目９番２０号" }, "geometry": { "type": "Point", "coordinates": [ 141.03254, 42.3664491 ] } },
{ "type": "Feature", "properties": { "ID": 133010021980, "正式名称": "谷口歯科医院", "機関区分": 3, "都道府県コード": 1, "市区町村コード": 205, "所在地": "北海道室蘭市御前水町２丁目１番１６号", "緯度": 42.321441, "経度": 140.996696, "url": "https://www.iryou.teikyouseido.mhlw.go.jp/znk-web/juminkanja/S2430/initialize?prefCd=01&kikanCd=3010021980&kikanKbn=3", "url2": null, "内容": "谷口歯科医院【3:歯科】北海道室蘭市御前水町２丁目１番１６号" }, "geometry": { "type": "Point", "coordinates": [ 140.996696, 42.321441 ] } },
{ "type": "Feature", "properties": { "ID": 133010022000, "正式名称": "八丁平歯科医院", "機関区分": 3, "都道府県コード": 1, "市区町村コード": 205, "所在地": "北海道室蘭市八丁平２丁目２７番１６号", "緯度": 42.371593, "経度": 141.012185, "url": "https://www.iryou.teikyouseido.mhlw.go.jp/znk-web/juminkanja/S2430/initialize?prefCd=01&kikanCd=3010022000&kikanKbn=3", "url2": null, "内容": "八丁平歯科医院【3:歯科】北海道室蘭市八丁平２丁目２７番１６号" }, "geometry": { "type": "Point", "coordinates": [ 141.012185, 42.371593 ] } },
{ "type": "Feature", "properties": { "ID": 133010022020, "正式名称": "金子歯科医院", "機関区分": 3, "都道府県コード": 1, "市区町村コード": 205, "所在地": "北海道室蘭市東町４丁目１８番１８号山崎ビル２階", "緯度": 42.3417764, "経度": 141.024693, "url": "https://www.iryou.teikyouseido.mhlw.go.jp/znk-web/juminkanja/S2430/initialize?prefCd=01&kikanCd=3010022020&kikanKbn=3", "url2": null, "内容": "金子歯科医院【3:歯科】北海道室蘭市東町４丁目１８番１８号山崎ビル２階" }, "geometry": { "type": "Point", "coordinates": [ 141.024693, 42.3417764 ] } },
{ "type": "Feature", "properties": { "ID": 133010022040, "正式名称": "柴田歯科医院", "機関区分": 3, "都道府県コード": 1, "市区町村コード": 205, "所在地": "北海道室蘭市中島町１丁目２４番７号", "緯度": 42.35509, "経度": 141.019101, "url": "https://www.iryou.teikyouseido.mhlw.go.jp/znk-web/juminkanja/S2430/initialize?prefCd=01&kikanCd=3010022040&kikanKbn=3", "url2": null, "内容": "柴田歯科医院【3:歯科】北海道室蘭市中島町１丁目２４番７号" }, "geometry": { "type": "Point", "coordinates": [ 141.019101, 42.35509 ] } },
{ "type": "Feature", "properties": { "ID": 133010022070, "正式名称": "多田歯科医院", "機関区分": 3, "都道府県コード": 1, "市区町村コード": 205, "所在地": "北海道室蘭市中央町３丁目７番１３号", "緯度": 42.316538, "経度": 140.972718, "url": "https://www.iryou.teikyouseido.mhlw.go.jp/znk-web/juminkanja/S2430/initialize?prefCd=01&kikanCd=3010022070&kikanKbn=3", "url2": "http://tada-dental-muroran.com/", "内容": "多田歯科医院【3:歯科】北海道室蘭市中央町３丁目７番１３号" }, "geometry": { "type": "Point", "coordinates": [ 140.972718, 42.316538 ] } },
{ "type": "Feature", "properties": { "ID": 133010022110, "正式名称": "サイトウ歯科医院", "機関区分": 3, "都道府県コード": 1, "市区町村コード": 205, "所在地": "北海道室蘭市日の出町２丁目１６番１１号", "緯度": 42.354313, "経度": 141.042516, "url": "https://www.iryou.teikyouseido.mhlw.go.jp/znk-web/juminkanja/S2430/initialize?prefCd=01&kikanCd=3010022110&kikanKbn=3", "url2": null, "内容": "サイトウ歯科医院【3:歯科】北海道室蘭市日の出町２丁目１６番１１号" }, "geometry": { "type": "Point", "coordinates": [ 141.042516, 42.354313 ] } },
{ "type": "Feature", "properties": { "ID": 133010022120, "正式名称": "みうら歯科", "機関区分": 3, "都道府県コード": 1, "市区町村コード": 205, "所在地": "北海道室蘭市港北町２丁目６番１号", "緯度": 42.3612544, "経度": 140.9881666, "url": "https://www.iryou.teikyouseido.mhlw.go.jp/znk-web/juminkanja/S2430/initialize?prefCd=01&kikanCd=3010022120&kikanKbn=3", "url2": null, "内容": "みうら歯科【3:歯科】北海道室蘭市港北町２丁目６番１号" }, "geometry": { "type": "Point", "coordinates": [ 140.9881666, 42.3612544 ] } },
{ "type": "Feature", "properties": { "ID": 133010022130, "正式名称": "医療法人社団林歯科医院", "機関区分": 3, "都道府県コード": 1, "市区町村コード": 205, "所在地": "北海道室蘭市高砂町１丁目５１番１８号", "緯度": 42.361666, "経度": 141.0409326, "url": "https://www.iryou.teikyouseido.mhlw.go.jp/znk-web/juminkanja/S2430/initialize?prefCd=01&kikanCd=3010022130&kikanKbn=3", "url2": null, "内容": "医療法人社団林歯科医院【3:歯科】北海道室蘭市高砂町１丁目５１番１８号" }, "geometry": { "type": "Point", "coordinates": [ 141.0409326, 42.361666 ] } },
{ "type": "Feature", "properties": { "ID": 133010022140, "正式名称": "本田歯科", "機関区分": 3, "都道府県コード": 1, "市区町村コード": 205, "所在地": "北海道室蘭市港南町１丁目９番１９号", "緯度": 42.3346638, "経度": 140.9574795, "url": "https://www.iryou.teikyouseido.mhlw.go.jp/znk-web/juminkanja/S2430/initialize?prefCd=01&kikanCd=3010022140&kikanKbn=3", "url2": null, "内容": "本田歯科【3:歯科】北海道室蘭市港南町１丁目９番１９号" }, "geometry": { "type": "Point", "coordinates": [ 140.9574795, 42.3346638 ] } },
{ "type": "Feature", "properties": { "ID": 133010022160, "正式名称": "福田歯科医院", "機関区分": 3, "都道府県コード": 1, "市区町村コード": 205, "所在地": "北海道室蘭市輪西町２丁目８番２号", "緯度": 42.335231, "経度": 141.012242, "url": "https://www.iryou.teikyouseido.mhlw.go.jp/znk-web/juminkanja/S2430/initialize?prefCd=01&kikanCd=3010022160&kikanKbn=3", "url2": "http://www.fukuda-dental-clinic.com", "内容": "福田歯科医院【3:歯科】北海道室蘭市輪西町２丁目８番２号" }, "geometry": { "type": "Point", "coordinates": [ 141.012242, 42.335231 ] } },
{ "type": "Feature", "properties": { "ID": 133010022170, "正式名称": "医療法人社団福田歯科クリニック", "機関区分": 3, "都道府県コード": 1, "市区町村コード": 205, "所在地": "北海道室蘭市祝津町２丁目３番１号", "緯度": 42.3405754, "経度": 140.9507676, "url": "https://www.iryou.teikyouseido.mhlw.go.jp/znk-web/juminkanja/S2430/initialize?prefCd=01&kikanCd=3010022170&kikanKbn=3", "url2": null, "内容": "医療法人社団福田歯科クリニック【3:歯科】北海道室蘭市祝津町２丁目３番１号" }, "geometry": { "type": "Point", "coordinates": [ 140.9507676, 42.3405754 ] } },
{ "type": "Feature", "properties": { "ID": 133010022180, "正式名称": "高橋歯科クリニック", "機関区分": 3, "都道府県コード": 1, "市区町村コード": 205, "所在地": "北海道室蘭市白鳥台４丁目２０番５号", "緯度": 42.3801939, "経度": 140.944479, "url": "https://www.iryou.teikyouseido.mhlw.go.jp/znk-web/juminkanja/S2430/initialize?prefCd=01&kikanCd=3010022180&kikanKbn=3", "url2": null, "内容": "高橋歯科クリニック【3:歯科】北海道室蘭市白鳥台４丁目２０番５号" }, "geometry": { "type": "Point", "coordinates": [ 140.944479, 42.380193899999988 ] } },
{ "type": "Feature", "properties": { "ID": 133010022200, "正式名称": "医療法人社団　横山歯科医院", "機関区分": 3, "都道府県コード": 1, "市区町村コード": 205, "所在地": "北海道室蘭市母恋北町２丁目３番１６号", "緯度": 42.3157324, "経度": 140.9893668, "url": "https://www.iryou.teikyouseido.mhlw.go.jp/znk-web/juminkanja/S2430/initialize?prefCd=01&kikanCd=3010022200&kikanKbn=3", "url2": null, "内容": "医療法人社団　横山歯科医院【3:歯科】北海道室蘭市母恋北町２丁目３番１６号" }, "geometry": { "type": "Point", "coordinates": [ 140.9893668, 42.315732399999987 ] } },
{ "type": "Feature", "properties": { "ID": 133010022210, "正式名称": "エルム歯科中央診療所", "機関区分": 3, "都道府県コード": 1, "市区町村コード": 205, "所在地": "北海道室蘭市幸町５番３号", "緯度": 42.31491, "経度": 140.97327, "url": "https://www.iryou.teikyouseido.mhlw.go.jp/znk-web/juminkanja/S2430/initialize?prefCd=01&kikanCd=3010022210&kikanKbn=3", "url2": null, "内容": "エルム歯科中央診療所【3:歯科】北海道室蘭市幸町５番３号" }, "geometry": { "type": "Point", "coordinates": [ 140.97327, 42.31491 ] } },
{ "type": "Feature", "properties": { "ID": 133010022220, "正式名称": "エルム歯科蘭東診療所", "機関区分": 3, "都道府県コード": 1, "市区町村コード": 205, "所在地": "北海道室蘭市中島町２－２３－３", "緯度": 42.3519786, "経度": 141.0175152, "url": "https://www.iryou.teikyouseido.mhlw.go.jp/znk-web/juminkanja/S2430/initialize?prefCd=01&kikanCd=3010022220&kikanKbn=3", "url2": null, "内容": "エルム歯科蘭東診療所【3:歯科】北海道室蘭市中島町２－２３－３" }, "geometry": { "type": "Point", "coordinates": [ 141.0175152, 42.3519786 ] } },
{ "type": "Feature", "properties": { "ID": 133010022230, "正式名称": "高砂歯科医院", "機関区分": 3, "都道府県コード": 1, "市区町村コード": 205, "所在地": "北海道室蘭市高砂町５－３１－３", "緯度": 42.37619, "経度": 141.0368429, "url": "https://www.iryou.teikyouseido.mhlw.go.jp/znk-web/juminkanja/S2430/initialize?prefCd=01&kikanCd=3010022230&kikanKbn=3", "url2": null, "内容": "高砂歯科医院【3:歯科】北海道室蘭市高砂町５－３１－３" }, "geometry": { "type": "Point", "coordinates": [ 141.036842900000011, 42.37619 ] } },
{ "type": "Feature", "properties": { "ID": 133010022250, "正式名称": "医療法人社団　日昇会　太平洋歯科医院", "機関区分": 3, "都道府県コード": 1, "市区町村コード": 205, "所在地": "北海道室蘭市白鳥台５丁目１番２号", "緯度": 42.3782373, "経度": 140.940803, "url": "https://www.iryou.teikyouseido.mhlw.go.jp/znk-web/juminkanja/S2430/initialize?prefCd=01&kikanCd=3010022250&kikanKbn=3", "url2": null, "内容": "医療法人社団　日昇会　太平洋歯科医院【3:歯科】北海道室蘭市白鳥台５丁目１番２号" }, "geometry": { "type": "Point", "coordinates": [ 140.940803, 42.3782373 ] } },
{ "type": "Feature", "properties": { "ID": 133010022260, "正式名称": "医療法人社団　奥村歯科医院", "機関区分": 3, "都道府県コード": 1, "市区町村コード": 205, "所在地": "北海道室蘭市母恋北町２丁目４番１２号", "緯度": 42.314233, "経度": 140.990161, "url": "https://www.iryou.teikyouseido.mhlw.go.jp/znk-web/juminkanja/S2430/initialize?prefCd=01&kikanCd=3010022260&kikanKbn=3", "url2": null, "内容": "医療法人社団　奥村歯科医院【3:歯科】北海道室蘭市母恋北町２丁目４番１２号" }, "geometry": { "type": "Point", "coordinates": [ 140.990161, 42.314233 ] } },
{ "type": "Feature", "properties": { "ID": 133010022290, "正式名称": "由川歯科医院", "機関区分": 3, "都道府県コード": 1, "市区町村コード": 205, "所在地": "北海道室蘭市中島町３丁目１５番１号", "緯度": 42.3519301, "経度": 141.0208862, "url": "https://www.iryou.teikyouseido.mhlw.go.jp/znk-web/juminkanja/S2430/initialize?prefCd=01&kikanCd=3010022290&kikanKbn=3", "url2": null, "内容": "由川歯科医院【3:歯科】北海道室蘭市中島町３丁目１５番１号" }, "geometry": { "type": "Point", "coordinates": [ 141.0208862, 42.3519301 ] } },
{ "type": "Feature", "properties": { "ID": 133010022300, "正式名称": "水野歯科医院", "機関区分": 3, "都道府県コード": 1, "市区町村コード": 205, "所在地": "北海道室蘭市東町２丁目１９番１４号", "緯度": 42.3464015, "経度": 141.026855, "url": "https://www.iryou.teikyouseido.mhlw.go.jp/znk-web/juminkanja/S2430/initialize?prefCd=01&kikanCd=3010022300&kikanKbn=3", "url2": "https://plus.dentamap.jp/hpplus/user/mizunoshika/", "内容": "水野歯科医院【3:歯科】北海道室蘭市東町２丁目１９番１４号" }, "geometry": { "type": "Point", "coordinates": [ 141.026855, 42.3464015 ] } },
{ "type": "Feature", "properties": { "ID": 133010022320, "正式名称": "御前水歯科クリニック", "機関区分": 3, "都道府県コード": 1, "市区町村コード": 205, "所在地": "北海道室蘭市御前水町２丁目６番２０号", "緯度": 42.3211867, "経度": 140.9972107, "url": "https://www.iryou.teikyouseido.mhlw.go.jp/znk-web/juminkanja/S2430/initialize?prefCd=01&kikanCd=3010022320&kikanKbn=3", "url2": null, "内容": "御前水歯科クリニック【3:歯科】北海道室蘭市御前水町２丁目６番２０号" }, "geometry": { "type": "Point", "coordinates": [ 140.997210700000011, 42.3211867 ] } },
{ "type": "Feature", "properties": { "ID": 133010022330, "正式名称": "医療法人社団　松田歯科医院", "機関区分": 3, "都道府県コード": 1, "市区町村コード": 205, "所在地": "北海道室蘭市日の出町１丁目２４番２５号", "緯度": 42.354309, "経度": 141.035685, "url": "https://www.iryou.teikyouseido.mhlw.go.jp/znk-web/juminkanja/S2430/initialize?prefCd=01&kikanCd=3010022330&kikanKbn=3", "url2": null, "内容": "医療法人社団　松田歯科医院【3:歯科】北海道室蘭市日の出町１丁目２４番２５号" }, "geometry": { "type": "Point", "coordinates": [ 141.035685, 42.354309 ] } },
{ "type": "Feature", "properties": { "ID": 133010022350, "正式名称": "いちはし歯科", "機関区分": 3, "都道府県コード": 1, "市区町村コード": 205, "所在地": "北海道室蘭市本輪西町３丁目６番１３号", "緯度": 42.3632563, "経度": 140.980285, "url": "https://www.iryou.teikyouseido.mhlw.go.jp/znk-web/juminkanja/S2430/initialize?prefCd=01&kikanCd=3010022350&kikanKbn=3", "url2": null, "内容": "いちはし歯科【3:歯科】北海道室蘭市本輪西町３丁目６番１３号" }, "geometry": { "type": "Point", "coordinates": [ 140.980285, 42.3632563 ] } },
{ "type": "Feature", "properties": { "ID": 133010022380, "正式名称": "医療法人社団　いしい歯科", "機関区分": 3, "都道府県コード": 1, "市区町村コード": 205, "所在地": "北海道室蘭市東町２丁目２２番６号", "緯度": 42.345619, "経度": 141.028629, "url": "https://www.iryou.teikyouseido.mhlw.go.jp/znk-web/juminkanja/S2430/initialize?prefCd=01&kikanCd=3010022380&kikanKbn=3", "url2": "http://ishii-shika.urdr.weblife.me", "内容": "医療法人社団　いしい歯科【3:歯科】北海道室蘭市東町２丁目２２番６号" }, "geometry": { "type": "Point", "coordinates": [ 141.028629, 42.345619 ] } },
{ "type": "Feature", "properties": { "ID": 133010022400, "正式名称": "医療法人社団　川本歯科医院", "機関区分": 3, "都道府県コード": 1, "市区町村コード": 205, "所在地": "北海道室蘭市中島町２丁目１１番１４号", "緯度": 42.3513479, "経度": 141.0169336, "url": "https://www.iryou.teikyouseido.mhlw.go.jp/znk-web/juminkanja/S2430/initialize?prefCd=01&kikanCd=3010022400&kikanKbn=3", "url2": null, "内容": "医療法人社団　川本歯科医院【3:歯科】北海道室蘭市中島町２丁目１１番１４号" }, "geometry": { "type": "Point", "coordinates": [ 141.016933599999987, 42.3513479 ] } },
{ "type": "Feature", "properties": { "ID": 133010022410, "正式名称": "ありじ歯科クリニック", "機関区分": 3, "都道府県コード": 1, "市区町村コード": 205, "所在地": "北海道室蘭市宮の森町４丁目２２番３９号", "緯度": 42.3515931, "経度": 141.0270983, "url": "https://www.iryou.teikyouseido.mhlw.go.jp/znk-web/juminkanja/S2430/initialize?prefCd=01&kikanCd=3010022410&kikanKbn=3", "url2": null, "内容": "ありじ歯科クリニック【3:歯科】北海道室蘭市宮の森町４丁目２２番３９号" }, "geometry": { "type": "Point", "coordinates": [ 141.0270983, 42.3515931 ] } },
{ "type": "Feature", "properties": { "ID": 133010022430, "正式名称": "医療法人社団川本歯科医院グリーン・デンタル・クリニック", "機関区分": 3, "都道府県コード": 1, "市区町村コード": 205, "所在地": "北海道室蘭市八丁平１丁目４９番２３号", "緯度": 42.366761, "経度": 141.0080069, "url": "https://www.iryou.teikyouseido.mhlw.go.jp/znk-web/juminkanja/S2430/initialize?prefCd=01&kikanCd=3010022430&kikanKbn=3", "url2": null, "内容": "医療法人社団川本歯科医院グリーン・デンタル・クリニック【3:歯科】北海道室蘭市八丁平１丁目４９番２３号" }, "geometry": { "type": "Point", "coordinates": [ 141.0080069, 42.366761 ] } },
{ "type": "Feature", "properties": { "ID": 133010022450, "正式名称": "小野瀬歯科医院", "機関区分": 3, "都道府県コード": 1, "市区町村コード": 205, "所在地": "北海道室蘭市東町４丁目３１番５号", "緯度": 42.3425156, "経度": 141.0258899, "url": "https://www.iryou.teikyouseido.mhlw.go.jp/znk-web/juminkanja/S2430/initialize?prefCd=01&kikanCd=3010022450&kikanKbn=3", "url2": null, "内容": "小野瀬歯科医院【3:歯科】北海道室蘭市東町４丁目３１番５号" }, "geometry": { "type": "Point", "coordinates": [ 141.02588990000001, 42.3425156 ] } },
{ "type": "Feature", "properties": { "ID": 133010022470, "正式名称": "医療法人　社団　幸心会　飯渕歯科医院", "機関区分": 3, "都道府県コード": 1, "市区町村コード": 230, "所在地": "北海道登別市登別東町３丁目２番地２", "緯度": 42.4550891, "経度": 141.1777026, "url": "https://www.iryou.teikyouseido.mhlw.go.jp/znk-web/juminkanja/S2430/initialize?prefCd=01&kikanCd=3010022470&kikanKbn=3", "url2": null, "内容": "医療法人　社団　幸心会　飯渕歯科医院【3:歯科】北海道登別市登別東町３丁目２番地２" }, "geometry": { "type": "Point", "coordinates": [ 141.1777026, 42.4550891 ] } },
{ "type": "Feature", "properties": { "ID": 133010022490, "正式名称": "さとう歯科小児歯科", "機関区分": 3, "都道府県コード": 1, "市区町村コード": 230, "所在地": "北海道登別市新生町２丁目１４番地１", "緯度": 42.3798777, "経度": 141.0665104, "url": "https://www.iryou.teikyouseido.mhlw.go.jp/znk-web/juminkanja/S2430/initialize?prefCd=01&kikanCd=3010022490&kikanKbn=3", "url2": null, "内容": "さとう歯科小児歯科【3:歯科】北海道登別市新生町２丁目１４番地１" }, "geometry": { "type": "Point", "coordinates": [ 141.0665104, 42.3798777 ] } },
{ "type": "Feature", "properties": { "ID": 133010022500, "正式名称": "医療法人社団　ヨシダ歯科", "機関区分": 3, "都道府県コード": 1, "市区町村コード": 230, "所在地": "北海道登別市若草町２丁目１４番地３", "緯度": 42.3707183, "経度": 141.0571938, "url": "https://www.iryou.teikyouseido.mhlw.go.jp/znk-web/juminkanja/S2430/initialize?prefCd=01&kikanCd=3010022500&kikanKbn=3", "url2": "http://www.ydo.or.jp/", "内容": "医療法人社団　ヨシダ歯科【3:歯科】北海道登別市若草町２丁目１４番地３" }, "geometry": { "type": "Point", "coordinates": [ 141.0571938, 42.3707183 ] } },
{ "type": "Feature", "properties": { "ID": 133010022520, "正式名称": "ふかせ歯科", "機関区分": 3, "都道府県コード": 1, "市区町村コード": 230, "所在地": "北海道登別市中央町２丁目１６番地４", "緯度": 42.4109465, "経度": 141.1057656, "url": "https://www.iryou.teikyouseido.mhlw.go.jp/znk-web/juminkanja/S2430/initialize?prefCd=01&kikanCd=3010022520&kikanKbn=3", "url2": null, "内容": "ふかせ歯科【3:歯科】北海道登別市中央町２丁目１６番地４" }, "geometry": { "type": "Point", "coordinates": [ 141.105765600000012, 42.4109465 ] } },
{ "type": "Feature", "properties": { "ID": 133010022530, "正式名称": "田中デンタルクリニック", "機関区分": 3, "都道府県コード": 1, "市区町村コード": 230, "所在地": "北海道登別市中央町１丁目３番地１３", "緯度": 42.4114949, "経度": 141.1059644, "url": "https://www.iryou.teikyouseido.mhlw.go.jp/znk-web/juminkanja/S2430/initialize?prefCd=01&kikanCd=3010022530&kikanKbn=3", "url2": "https://www.noboribetsu-tanakadental.com/", "内容": "田中デンタルクリニック【3:歯科】北海道登別市中央町１丁目３番地１３" }, "geometry": { "type": "Point", "coordinates": [ 141.1059644, 42.4114949 ] } },
{ "type": "Feature", "properties": { "ID": 133010022540, "正式名称": "医療法人社団　宮武歯科医院", "機関区分": 3, "都道府県コード": 1, "市区町村コード": 230, "所在地": "北海道登別市中央町１丁目４番地１", "緯度": 42.4114047, "経度": 141.1068583, "url": "https://www.iryou.teikyouseido.mhlw.go.jp/znk-web/juminkanja/S2430/initialize?prefCd=01&kikanCd=3010022540&kikanKbn=3", "url2": null, "内容": "医療法人社団　宮武歯科医院【3:歯科】北海道登別市中央町１丁目４番地１" }, "geometry": { "type": "Point", "coordinates": [ 141.1068583, 42.4114047 ] } },
{ "type": "Feature", "properties": { "ID": 133010022550, "正式名称": "早川歯科", "機関区分": 3, "都道府県コード": 1, "市区町村コード": 230, "所在地": "北海道登別市富士町６丁目２０番地１", "緯度": 42.412468, "経度": 141.0984, "url": "https://www.iryou.teikyouseido.mhlw.go.jp/znk-web/juminkanja/S2430/initialize?prefCd=01&kikanCd=3010022550&kikanKbn=3", "url2": "http://www.hayakawa-dc.jp/", "内容": "早川歯科【3:歯科】北海道登別市富士町６丁目２０番地１" }, "geometry": { "type": "Point", "coordinates": [ 141.0984, 42.412468 ] } },
{ "type": "Feature", "properties": { "ID": 133010022570, "正式名称": "えばた歯科医院", "機関区分": 3, "都道府県コード": 1, "市区町村コード": 230, "所在地": "北海道登別市新川町４丁目１５番地１０", "緯度": 42.412613, "経度": 141.090926, "url": "https://www.iryou.teikyouseido.mhlw.go.jp/znk-web/juminkanja/S2430/initialize?prefCd=01&kikanCd=3010022570&kikanKbn=3", "url2": "http://ebata-shika.com", "内容": "えばた歯科医院【3:歯科】北海道登別市新川町４丁目１５番地１０" }, "geometry": { "type": "Point", "coordinates": [ 141.090926, 42.412613 ] } },
{ "type": "Feature", "properties": { "ID": 133010022580, "正式名称": "徳満歯科医院", "機関区分": 3, "都道府県コード": 1, "市区町村コード": 230, "所在地": "北海道登別市登別東町１丁目１８番地１", "緯度": 42.4547752, "経度": 141.1794083, "url": "https://www.iryou.teikyouseido.mhlw.go.jp/znk-web/juminkanja/S2430/initialize?prefCd=01&kikanCd=3010022580&kikanKbn=3", "url2": null, "内容": "徳満歯科医院【3:歯科】北海道登別市登別東町１丁目１８番地１" }, "geometry": { "type": "Point", "coordinates": [ 141.1794083, 42.4547752 ] } },
{ "type": "Feature", "properties": { "ID": 133010022590, "正式名称": "医療法人社団倫昂会　共立歯科クリニック", "機関区分": 3, "都道府県コード": 1, "市区町村コード": 230, "所在地": "北海道登別市緑町２丁目３２番地６", "緯度": 42.4041135, "経度": 141.0879874, "url": "https://www.iryou.teikyouseido.mhlw.go.jp/znk-web/juminkanja/S2430/initialize?prefCd=01&kikanCd=3010022590&kikanKbn=3", "url2": null, "内容": "医療法人社団倫昂会　共立歯科クリニック【3:歯科】北海道登別市緑町２丁目３２番地６" }, "geometry": { "type": "Point", "coordinates": [ 141.0879874, 42.4041135 ] } },
{ "type": "Feature", "properties": { "ID": 133010022610, "正式名称": "嶋津歯科医院", "機関区分": 3, "都道府県コード": 1, "市区町村コード": 230, "所在地": "北海道登別市富士町２丁目１１番地１０", "緯度": 42.4111345, "経度": 141.1018828, "url": "https://www.iryou.teikyouseido.mhlw.go.jp/znk-web/juminkanja/S2430/initialize?prefCd=01&kikanCd=3010022610&kikanKbn=3", "url2": null, "内容": "嶋津歯科医院【3:歯科】北海道登別市富士町２丁目１１番地１０" }, "geometry": { "type": "Point", "coordinates": [ 141.1018828, 42.4111345 ] } },
{ "type": "Feature", "properties": { "ID": 133010022620, "正式名称": "くどう歯科クリニック", "機関区分": 3, "都道府県コード": 1, "市区町村コード": 230, "所在地": "北海道登別市富岸町２丁目１１番地３", "緯度": 42.3835147, "経度": 141.0688243, "url": "https://www.iryou.teikyouseido.mhlw.go.jp/znk-web/juminkanja/S2430/initialize?prefCd=01&kikanCd=3010022620&kikanKbn=3", "url2": null, "内容": "くどう歯科クリニック【3:歯科】北海道登別市富岸町２丁目１１番地３" }, "geometry": { "type": "Point", "coordinates": [ 141.068824299999989, 42.383514700000013 ] } },
{ "type": "Feature", "properties": { "ID": 133010022630, "正式名称": "新生ファミリー歯科", "機関区分": 3, "都道府県コード": 1, "市区町村コード": 230, "所在地": "北海道登別市新生町３丁目１６番地２１", "緯度": 42.376756, "経度": 141.062569, "url": "https://www.iryou.teikyouseido.mhlw.go.jp/znk-web/juminkanja/S2430/initialize?prefCd=01&kikanCd=3010022630&kikanKbn=3", "url2": null, "内容": "新生ファミリー歯科【3:歯科】北海道登別市新生町３丁目１６番地２１" }, "geometry": { "type": "Point", "coordinates": [ 141.062569, 42.376756 ] } },
{ "type": "Feature", "properties": { "ID": 133010022640, "正式名称": "かただ歯科医院", "機関区分": 3, "都道府県コード": 1, "市区町村コード": 230, "所在地": "北海道登別市登別東町２丁目２７番地１", "緯度": 42.4541993, "経度": 141.1778711, "url": "https://www.iryou.teikyouseido.mhlw.go.jp/znk-web/juminkanja/S2430/initialize?prefCd=01&kikanCd=3010022640&kikanKbn=3", "url2": null, "内容": "かただ歯科医院【3:歯科】北海道登別市登別東町２丁目２７番地１" }, "geometry": { "type": "Point", "coordinates": [ 141.1778711, 42.4541993 ] } },
{ "type": "Feature", "properties": { "ID": 133010022650, "正式名称": "三国ファミリー歯科", "機関区分": 3, "都道府県コード": 1, "市区町村コード": 230, "所在地": "北海道登別市美園町４丁目２番地１２", "緯度": 42.3638863, "経度": 141.0456071, "url": "https://www.iryou.teikyouseido.mhlw.go.jp/znk-web/juminkanja/S2430/initialize?prefCd=01&kikanCd=3010022650&kikanKbn=3", "url2": null, "内容": "三国ファミリー歯科【3:歯科】北海道登別市美園町４丁目２番地１２" }, "geometry": { "type": "Point", "coordinates": [ 141.045607100000012, 42.3638863 ] } },
{ "type": "Feature", "properties": { "ID": 133010022680, "正式名称": "金本歯科医院", "機関区分": 3, "都道府県コード": 1, "市区町村コード": 233, "所在地": "北海道伊達市山下町５５番地", "緯度": 42.47085, "経度": 140.85742, "url": "https://www.iryou.teikyouseido.mhlw.go.jp/znk-web/juminkanja/S2430/initialize?prefCd=01&kikanCd=3010022680&kikanKbn=3", "url2": null, "内容": "金本歯科医院【3:歯科】北海道伊達市山下町５５番地" }, "geometry": { "type": "Point", "coordinates": [ 140.85742, 42.47085 ] } },
{ "type": "Feature", "properties": { "ID": 133010022700, "正式名称": "サンフィッシュ　デンタルクリニック", "機関区分": 3, "都道府県コード": 1, "市区町村コード": 233, "所在地": "北海道伊達市舟岡町３６２番地１８", "緯度": 42.461357, "経度": 140.87823, "url": "https://www.iryou.teikyouseido.mhlw.go.jp/znk-web/juminkanja/S2430/initialize?prefCd=01&kikanCd=3010022700&kikanKbn=3", "url2": null, "内容": "サンフィッシュ　デンタルクリニック【3:歯科】北海道伊達市舟岡町３６２番地１８" }, "geometry": { "type": "Point", "coordinates": [ 140.87823, 42.461357 ] } },
{ "type": "Feature", "properties": { "ID": 133010022710, "正式名称": "エルム歯科医院", "機関区分": 3, "都道府県コード": 1, "市区町村コード": 233, "所在地": "北海道伊達市末永町５８番地６１", "緯度": 42.482727, "経度": 140.87459, "url": "https://www.iryou.teikyouseido.mhlw.go.jp/znk-web/juminkanja/S2430/initialize?prefCd=01&kikanCd=3010022710&kikanKbn=3", "url2": null, "内容": "エルム歯科医院【3:歯科】北海道伊達市末永町５８番地６１" }, "geometry": { "type": "Point", "coordinates": [ 140.87459, 42.482727 ] } },
{ "type": "Feature", "properties": { "ID": 133010022720, "正式名称": "宮内歯科医院", "機関区分": 3, "都道府県コード": 1, "市区町村コード": 233, "所在地": "北海道伊達市鹿島町４１番地", "緯度": 42.470722, "経度": 140.866, "url": "https://www.iryou.teikyouseido.mhlw.go.jp/znk-web/juminkanja/S2430/initialize?prefCd=01&kikanCd=3010022720&kikanKbn=3", "url2": null, "内容": "宮内歯科医院【3:歯科】北海道伊達市鹿島町４１番地" }, "geometry": { "type": "Point", "coordinates": [ 140.866, 42.470722 ] } },
{ "type": "Feature", "properties": { "ID": 133010022770, "正式名称": "新田歯科医院", "機関区分": 3, "都道府県コード": 1, "市区町村コード": 233, "所在地": "北海道伊達市長和町３５６番地５", "緯度": 42.488934, "経度": 140.83768, "url": "https://www.iryou.teikyouseido.mhlw.go.jp/znk-web/juminkanja/S2430/initialize?prefCd=01&kikanCd=3010022770&kikanKbn=3", "url2": null, "内容": "新田歯科医院【3:歯科】北海道伊達市長和町３５６番地５" }, "geometry": { "type": "Point", "coordinates": [ 140.83768, 42.488934 ] } },
{ "type": "Feature", "properties": { "ID": 133010022790, "正式名称": "本田歯科医院", "機関区分": 3, "都道府県コード": 1, "市区町村コード": 233, "所在地": "北海道伊達市舟岡町３５０番地７", "緯度": 42.461357, "経度": 140.87823, "url": "https://www.iryou.teikyouseido.mhlw.go.jp/znk-web/juminkanja/S2430/initialize?prefCd=01&kikanCd=3010022790&kikanKbn=3", "url2": null, "内容": "本田歯科医院【3:歯科】北海道伊達市舟岡町３５０番地７" }, "geometry": { "type": "Point", "coordinates": [ 140.87823, 42.461357 ] } },
{ "type": "Feature", "properties": { "ID": 133010022800, "正式名称": "洞爺湖温泉歯科", "機関区分": 3, "都道府県コード": 1, "市区町村コード": 233, "所在地": "北海道伊達市梅本町４番地５９", "緯度": 42.47187, "経度": 140.87115, "url": "https://www.iryou.teikyouseido.mhlw.go.jp/znk-web/juminkanja/S2430/initialize?prefCd=01&kikanCd=3010022800&kikanKbn=3", "url2": null, "内容": "洞爺湖温泉歯科【3:歯科】北海道伊達市梅本町４番地５９" }, "geometry": { "type": "Point", "coordinates": [ 140.87115, 42.47187 ] } },
{ "type": "Feature", "properties": { "ID": 133010022810, "正式名称": "なお歯科", "機関区分": 3, "都道府県コード": 1, "市区町村コード": 233, "所在地": "北海道伊達市弄月町２４１番地３", "緯度": 42.457905, "経度": 140.88754, "url": "https://www.iryou.teikyouseido.mhlw.go.jp/znk-web/juminkanja/S2430/initialize?prefCd=01&kikanCd=3010022810&kikanKbn=3", "url2": null, "内容": "なお歯科【3:歯科】北海道伊達市弄月町２４１番地３" }, "geometry": { "type": "Point", "coordinates": [ 140.88754, 42.457905 ] } },
{ "type": "Feature", "properties": { "ID": 133010022820, "正式名称": "はたけやま歯科クリニック", "機関区分": 3, "都道府県コード": 1, "市区町村コード": 233, "所在地": "北海道伊達市竹原町３６番５", "緯度": 42.47879, "経度": 140.87842, "url": "https://www.iryou.teikyouseido.mhlw.go.jp/znk-web/juminkanja/S2430/initialize?prefCd=01&kikanCd=3010022820&kikanKbn=3", "url2": null, "内容": "はたけやま歯科クリニック【3:歯科】北海道伊達市竹原町３６番５" }, "geometry": { "type": "Point", "coordinates": [ 140.87842, 42.47879 ] } },
{ "type": "Feature", "properties": { "ID": 133010022830, "正式名称": "（医）社団　さくら歯科・矯正歯科", "機関区分": 3, "都道府県コード": 1, "市区町村コード": 233, "所在地": "北海道伊達市舟岡町２０８番地２７", "緯度": 42.461357, "経度": 140.87823, "url": "https://www.iryou.teikyouseido.mhlw.go.jp/znk-web/juminkanja/S2430/initialize?prefCd=01&kikanCd=3010022830&kikanKbn=3", "url2": "http://www.dc-sakura.jp", "内容": "（医）社団　さくら歯科・矯正歯科【3:歯科】北海道伊達市舟岡町２０８番地２７" }, "geometry": { "type": "Point", "coordinates": [ 140.87823, 42.461357 ] } },
{ "type": "Feature", "properties": { "ID": 133010022840, "正式名称": "さかた歯科医院", "機関区分": 3, "都道府県コード": 1, "市区町村コード": 233, "所在地": "北海道伊達市舟岡町１７６番地１１", "緯度": 42.461357, "経度": 140.87823, "url": "https://www.iryou.teikyouseido.mhlw.go.jp/znk-web/juminkanja/S2430/initialize?prefCd=01&kikanCd=3010022840&kikanKbn=3", "url2": "https://www.ekiten.jp/shop_1714181/", "内容": "さかた歯科医院【3:歯科】北海道伊達市舟岡町１７６番地１１" }, "geometry": { "type": "Point", "coordinates": [ 140.87823, 42.461357 ] } },
{ "type": "Feature", "properties": { "ID": 133010022900, "正式名称": "千種歯科医院", "機関区分": 3, "都道府県コード": 1, "市区町村コード": 584, "所在地": "北海道虻田郡洞爺湖町栄町６０番地９", "緯度": 42.55053, "経度": 140.76924, "url": "https://www.iryou.teikyouseido.mhlw.go.jp/znk-web/juminkanja/S2430/initialize?prefCd=01&kikanCd=3010022900&kikanKbn=3", "url2": null, "内容": "千種歯科医院【3:歯科】北海道虻田郡洞爺湖町栄町６０番地９" }, "geometry": { "type": "Point", "coordinates": [ 140.76924, 42.55053 ] } },
{ "type": "Feature", "properties": { "ID": 133010022910, "正式名称": "友愛会歯科医院", "機関区分": 3, "都道府県コード": 1, "市区町村コード": 584, "所在地": "北海道虻田郡洞爺湖町高砂町３２番地５２の２", "緯度": 42.54459, "経度": 140.77087, "url": "https://www.iryou.teikyouseido.mhlw.go.jp/znk-web/juminkanja/S2430/initialize?prefCd=01&kikanCd=3010022910&kikanKbn=3", "url2": null, "内容": "友愛会歯科医院【3:歯科】北海道虻田郡洞爺湖町高砂町３２番地５２の２" }, "geometry": { "type": "Point", "coordinates": [ 140.77087, 42.54459 ] } },
{ "type": "Feature", "properties": { "ID": 133010022940, "正式名称": "かしわ木歯科医院", "機関区分": 3, "都道府県コード": 1, "市区町村コード": 213, "所在地": "北海道苫小牧市柏木町１丁目２１番１５号", "緯度": 42.626432, "経度": 141.531352, "url": "https://www.iryou.teikyouseido.mhlw.go.jp/znk-web/juminkanja/S2430/initialize?prefCd=01&kikanCd=3010022940&kikanKbn=3", "url2": "https://kashiwagi-shika.com", "内容": "かしわ木歯科医院【3:歯科】北海道苫小牧市柏木町１丁目２１番１５号" }, "geometry": { "type": "Point", "coordinates": [ 141.531352, 42.626432 ] } },
{ "type": "Feature", "properties": { "ID": 133010022950, "正式名称": "くまざわ歯科医院", "機関区分": 3, "都道府県コード": 1, "市区町村コード": 213, "所在地": "北海道苫小牧市美原町１丁目２０番２５号", "緯度": 42.6112143, "経度": 141.5044174, "url": "https://www.iryou.teikyouseido.mhlw.go.jp/znk-web/juminkanja/S2430/initialize?prefCd=01&kikanCd=3010022950&kikanKbn=3", "url2": null, "内容": "くまざわ歯科医院【3:歯科】北海道苫小牧市美原町１丁目２０番２５号" }, "geometry": { "type": "Point", "coordinates": [ 141.5044174, 42.6112143 ] } },
{ "type": "Feature", "properties": { "ID": 133010022970, "正式名称": "医療法人社団　真友会　あがた歯科", "機関区分": 3, "都道府県コード": 1, "市区町村コード": 213, "所在地": "北海道苫小牧市木場町３丁目８番３号", "緯度": 42.6460021, "経度": 141.5940436, "url": "https://www.iryou.teikyouseido.mhlw.go.jp/znk-web/juminkanja/S2430/initialize?prefCd=01&kikanCd=3010022970&kikanKbn=3", "url2": "http://www.dental-agata.com/", "内容": "医療法人社団　真友会　あがた歯科【3:歯科】北海道苫小牧市木場町３丁目８番３号" }, "geometry": { "type": "Point", "coordinates": [ 141.5940436, 42.6460021 ] } },
{ "type": "Feature", "properties": { "ID": 133010022990, "正式名称": "あおば歯科", "機関区分": 3, "都道府県コード": 1, "市区町村コード": 213, "所在地": "北海道苫小牧市川沿町６丁目１６番５号", "緯度": 42.622654, "経度": 141.527352, "url": "https://www.iryou.teikyouseido.mhlw.go.jp/znk-web/juminkanja/S2430/initialize?prefCd=01&kikanCd=3010022990&kikanKbn=3", "url2": null, "内容": "あおば歯科【3:歯科】北海道苫小牧市川沿町６丁目１６番５号" }, "geometry": { "type": "Point", "coordinates": [ 141.527352, 42.622654 ] } },
{ "type": "Feature", "properties": { "ID": 133010023000, "正式名称": "土上歯科医院", "機関区分": 3, "都道府県コード": 1, "市区町村コード": 213, "所在地": "北海道苫小牧市王子町１丁目１番１８号", "緯度": 42.635237, "経度": 141.598735, "url": "https://www.iryou.teikyouseido.mhlw.go.jp/znk-web/juminkanja/S2430/initialize?prefCd=01&kikanCd=3010023000&kikanKbn=3", "url2": null, "内容": "土上歯科医院【3:歯科】北海道苫小牧市王子町１丁目１番１８号" }, "geometry": { "type": "Point", "coordinates": [ 141.598735, 42.635237 ] } },
{ "type": "Feature", "properties": { "ID": 133010023010, "正式名称": "斉藤歯科医院", "機関区分": 3, "都道府県コード": 1, "市区町村コード": 213, "所在地": "北海道苫小牧市弥生町２丁目１２番１１号", "緯度": 42.628293, "経度": 141.577765, "url": "https://www.iryou.teikyouseido.mhlw.go.jp/znk-web/juminkanja/S2430/initialize?prefCd=01&kikanCd=3010023010&kikanKbn=3", "url2": null, "内容": "斉藤歯科医院【3:歯科】北海道苫小牧市弥生町２丁目１２番１１号" }, "geometry": { "type": "Point", "coordinates": [ 141.577765, 42.628293 ] } },
{ "type": "Feature", "properties": { "ID": 133010023020, "正式名称": "森田歯科医院", "機関区分": 3, "都道府県コード": 1, "市区町村コード": 213, "所在地": "北海道苫小牧市花園町４丁目１番１８号", "緯度": 42.634959, "経度": 141.573904, "url": "https://www.iryou.teikyouseido.mhlw.go.jp/znk-web/juminkanja/S2430/initialize?prefCd=01&kikanCd=3010023020&kikanKbn=3", "url2": null, "内容": "森田歯科医院【3:歯科】北海道苫小牧市花園町４丁目１番１８号" }, "geometry": { "type": "Point", "coordinates": [ 141.573904, 42.634959 ] } },
{ "type": "Feature", "properties": { "ID": 133010023030, "正式名称": "大町歯科加藤医院", "機関区分": 3, "都道府県コード": 1, "市区町村コード": 213, "所在地": "北海道苫小牧市大町２丁目４番６号", "緯度": 42.6320247, "経度": 141.5954163, "url": "https://www.iryou.teikyouseido.mhlw.go.jp/znk-web/juminkanja/S2430/initialize?prefCd=01&kikanCd=3010023030&kikanKbn=3", "url2": "http://oomachishika.com/", "内容": "大町歯科加藤医院【3:歯科】北海道苫小牧市大町２丁目４番６号" }, "geometry": { "type": "Point", "coordinates": [ 141.595416300000011, 42.6320247 ] } },
{ "type": "Feature", "properties": { "ID": 133010023050, "正式名称": "いずみの歯科クリニック", "機関区分": 3, "都道府県コード": 1, "市区町村コード": 213, "所在地": "北海道苫小牧市川沿町３丁目１８番１７号", "緯度": 42.618238, "経度": 141.525353, "url": "https://www.iryou.teikyouseido.mhlw.go.jp/znk-web/juminkanja/S2430/initialize?prefCd=01&kikanCd=3010023050&kikanKbn=3", "url2": null, "内容": "いずみの歯科クリニック【3:歯科】北海道苫小牧市川沿町３丁目１８番１７号" }, "geometry": { "type": "Point", "coordinates": [ 141.525353, 42.618238 ] } },
{ "type": "Feature", "properties": { "ID": 133010023070, "正式名称": "医療法人社団北楡会ぬまのはた歯科クリニック", "機関区分": 3, "都道府県コード": 1, "市区町村コード": 213, "所在地": "北海道苫小牧市拓勇東町４丁目１－１", "緯度": 42.6737453, "経度": 141.6844248, "url": "https://www.iryou.teikyouseido.mhlw.go.jp/znk-web/juminkanja/S2430/initialize?prefCd=01&kikanCd=3010023070&kikanKbn=3", "url2": null, "内容": "医療法人社団北楡会ぬまのはた歯科クリニック【3:歯科】北海道苫小牧市拓勇東町４丁目１－１" }, "geometry": { "type": "Point", "coordinates": [ 141.684424799999988, 42.6737453 ] } },
{ "type": "Feature", "properties": { "ID": 133010023080, "正式名称": "橘歯科医院", "機関区分": 3, "都道府県コード": 1, "市区町村コード": 213, "所在地": "北海道苫小牧市しらかば町３丁目８番２４号", "緯度": 42.6214499, "経度": 141.5392828, "url": "https://www.iryou.teikyouseido.mhlw.go.jp/znk-web/juminkanja/S2430/initialize?prefCd=01&kikanCd=3010023080&kikanKbn=3", "url2": null, "内容": "橘歯科医院【3:歯科】北海道苫小牧市しらかば町３丁目８番２４号" }, "geometry": { "type": "Point", "coordinates": [ 141.5392828, 42.621449899999988 ] } },
{ "type": "Feature", "properties": { "ID": 133010023110, "正式名称": "小橋歯科医院", "機関区分": 3, "都道府県コード": 1, "市区町村コード": 213, "所在地": "北海道苫小牧市柳町４丁目５番３０号", "緯度": 42.6546635, "経度": 141.6341674, "url": "https://www.iryou.teikyouseido.mhlw.go.jp/znk-web/juminkanja/S2430/initialize?prefCd=01&kikanCd=3010023110&kikanKbn=3", "url2": null, "内容": "小橋歯科医院【3:歯科】北海道苫小牧市柳町４丁目５番３０号" }, "geometry": { "type": "Point", "coordinates": [ 141.6341674, 42.6546635 ] } },
{ "type": "Feature", "properties": { "ID": 133010023150, "正式名称": "大原歯科医院", "機関区分": 3, "都道府県コード": 1, "市区町村コード": 213, "所在地": "北海道苫小牧市しらかば町５丁目２２－２４", "緯度": 42.6278962, "経度": 141.5435219, "url": "https://www.iryou.teikyouseido.mhlw.go.jp/znk-web/juminkanja/S2430/initialize?prefCd=01&kikanCd=3010023150&kikanKbn=3", "url2": "http://www2.ocn.ne.jp/~d108108/", "内容": "大原歯科医院【3:歯科】北海道苫小牧市しらかば町５丁目２２－２４" }, "geometry": { "type": "Point", "coordinates": [ 141.5435219, 42.6278962 ] } },
{ "type": "Feature", "properties": { "ID": 133010023170, "正式名称": "豊巻歯科医院", "機関区分": 3, "都道府県コード": 1, "市区町村コード": 213, "所在地": "北海道苫小牧市桜木町３丁目１９番２６号", "緯度": 42.631404, "経度": 141.553405, "url": "https://www.iryou.teikyouseido.mhlw.go.jp/znk-web/juminkanja/S2430/initialize?prefCd=01&kikanCd=3010023170&kikanKbn=3", "url2": null, "内容": "豊巻歯科医院【3:歯科】北海道苫小牧市桜木町３丁目１９番２６号" }, "geometry": { "type": "Point", "coordinates": [ 141.553405, 42.631404 ] } },
{ "type": "Feature", "properties": { "ID": 133010023190, "正式名称": "医療法人社団ＰＤＳ　アップル小児矯正歯科", "機関区分": 3, "都道府県コード": 1, "市区町村コード": 213, "所在地": "北海道苫小牧市木場町２丁目３番１号", "緯度": 42.640376, "経度": 141.597068, "url": "https://www.iryou.teikyouseido.mhlw.go.jp/znk-web/juminkanja/S2430/initialize?prefCd=01&kikanCd=3010023190&kikanKbn=3", "url2": "http://www.appledental.jp/", "内容": "医療法人社団ＰＤＳ　アップル小児矯正歯科【3:歯科】北海道苫小牧市木場町２丁目３番１号" }, "geometry": { "type": "Point", "coordinates": [ 141.597068, 42.640376 ] } },
{ "type": "Feature", "properties": { "ID": 133010023200, "正式名称": "医療法人社団　江畑デンタルクリニック", "機関区分": 3, "都道府県コード": 1, "市区町村コード": 213, "所在地": "北海道苫小牧市表町１丁目２番１９号", "緯度": 42.6345284, "経度": 141.6027974, "url": "https://www.iryou.teikyouseido.mhlw.go.jp/znk-web/juminkanja/S2430/initialize?prefCd=01&kikanCd=3010023200&kikanKbn=3", "url2": "http//www17.plala.or.jp/edc/info", "内容": "医療法人社団　江畑デンタルクリニック【3:歯科】北海道苫小牧市表町１丁目２番１９号" }, "geometry": { "type": "Point", "coordinates": [ 141.602797399999986, 42.6345284 ] } },
{ "type": "Feature", "properties": { "ID": 133010023210, "正式名称": "新中野歯科医院", "機関区分": 3, "都道府県コード": 1, "市区町村コード": 213, "所在地": "北海道苫小牧市新中野町３丁目２番１９号", "緯度": 42.640293, "経度": 141.612261, "url": "https://www.iryou.teikyouseido.mhlw.go.jp/znk-web/juminkanja/S2430/initialize?prefCd=01&kikanCd=3010023210&kikanKbn=3", "url2": null, "内容": "新中野歯科医院【3:歯科】北海道苫小牧市新中野町３丁目２番１９号" }, "geometry": { "type": "Point", "coordinates": [ 141.612261, 42.640293 ] } },
{ "type": "Feature", "properties": { "ID": 133010023230, "正式名称": "のぞみ歯科", "機関区分": 3, "都道府県コード": 1, "市区町村コード": 213, "所在地": "北海道苫小牧市のぞみ町３丁目９番１７号", "緯度": 42.618043, "経度": 141.499911, "url": "https://www.iryou.teikyouseido.mhlw.go.jp/znk-web/juminkanja/S2430/initialize?prefCd=01&kikanCd=3010023230&kikanKbn=3", "url2": null, "内容": "のぞみ歯科【3:歯科】北海道苫小牧市のぞみ町３丁目９番１７号" }, "geometry": { "type": "Point", "coordinates": [ 141.499911, 42.618043 ] } },
{ "type": "Feature", "properties": { "ID": 133010023240, "正式名称": "医療法人社団みかみ歯科矯正歯科医院", "機関区分": 3, "都道府県コード": 1, "市区町村コード": 213, "所在地": "北海道苫小牧市旭町４丁目７－２０", "緯度": 42.6346017, "経度": 141.6070451, "url": "https://www.iryou.teikyouseido.mhlw.go.jp/znk-web/juminkanja/S2430/initialize?prefCd=01&kikanCd=3010023240&kikanKbn=3", "url2": "http://www.mikami-dc.com", "内容": "医療法人社団みかみ歯科矯正歯科医院【3:歯科】北海道苫小牧市旭町４丁目７－２０" }, "geometry": { "type": "Point", "coordinates": [ 141.6070451, 42.6346017 ] } },
{ "type": "Feature", "properties": { "ID": 133010023250, "正式名称": "新生台歯科クリニック", "機関区分": 3, "都道府県コード": 1, "市区町村コード": 213, "所在地": "北海道苫小牧市三光町４丁目２２－８", "緯度": 42.6544019, "経度": 141.6173609, "url": "https://www.iryou.teikyouseido.mhlw.go.jp/znk-web/juminkanja/S2430/initialize?prefCd=01&kikanCd=3010023250&kikanKbn=3", "url2": "shinseidai.jp", "内容": "新生台歯科クリニック【3:歯科】北海道苫小牧市三光町４丁目２２－８" }, "geometry": { "type": "Point", "coordinates": [ 141.6173609, 42.6544019 ] } },
{ "type": "Feature", "properties": { "ID": 133010023260, "正式名称": "はなぞの歯科医院", "機関区分": 3, "都道府県コード": 1, "市区町村コード": 213, "所在地": "北海道苫小牧市花園町２丁目１２番地２１", "緯度": 42.632881, "経度": 141.5676064, "url": "https://www.iryou.teikyouseido.mhlw.go.jp/znk-web/juminkanja/S2430/initialize?prefCd=01&kikanCd=3010023260&kikanKbn=3", "url2": "http://www.hanazono-dentalclinic.jp/", "内容": "はなぞの歯科医院【3:歯科】北海道苫小牧市花園町２丁目１２番地２１" }, "geometry": { "type": "Point", "coordinates": [ 141.567606399999988, 42.632881 ] } },
{ "type": "Feature", "properties": { "ID": 133010023280, "正式名称": "かんの歯科医院", "機関区分": 3, "都道府県コード": 1, "市区町村コード": 213, "所在地": "北海道苫小牧市春日町１丁目１０番１７号", "緯度": 42.6476093, "経度": 141.6056702, "url": "https://www.iryou.teikyouseido.mhlw.go.jp/znk-web/juminkanja/S2430/initialize?prefCd=01&kikanCd=3010023280&kikanKbn=3", "url2": null, "内容": "かんの歯科医院【3:歯科】北海道苫小牧市春日町１丁目１０番１７号" }, "geometry": { "type": "Point", "coordinates": [ 141.6056702, 42.6476093 ] } },
{ "type": "Feature", "properties": { "ID": 133010023290, "正式名称": "アラヤ歯科医院", "機関区分": 3, "都道府県コード": 1, "市区町村コード": 213, "所在地": "北海道苫小牧市沼ノ端中央３丁目９番１４号", "緯度": 42.670707, "経度": 141.69467, "url": "https://www.iryou.teikyouseido.mhlw.go.jp/znk-web/juminkanja/S2430/initialize?prefCd=01&kikanCd=3010023290&kikanKbn=3", "url2": null, "内容": "アラヤ歯科医院【3:歯科】北海道苫小牧市沼ノ端中央３丁目９番１４号" }, "geometry": { "type": "Point", "coordinates": [ 141.69467, 42.670707 ] } },
{ "type": "Feature", "properties": { "ID": 133010023300, "正式名称": "田村歯科医院", "機関区分": 3, "都道府県コード": 1, "市区町村コード": 213, "所在地": "北海道苫小牧市日吉町３丁目１番１号", "緯度": 42.621627, "経度": 141.553073, "url": "https://www.iryou.teikyouseido.mhlw.go.jp/znk-web/juminkanja/S2430/initialize?prefCd=01&kikanCd=3010023300&kikanKbn=3", "url2": null, "内容": "田村歯科医院【3:歯科】北海道苫小牧市日吉町３丁目１番１号" }, "geometry": { "type": "Point", "coordinates": [ 141.553073, 42.621627 ] } },
{ "type": "Feature", "properties": { "ID": 133010023320, "正式名称": "宮本歯科", "機関区分": 3, "都道府県コード": 1, "市区町村コード": 213, "所在地": "北海道苫小牧市永福町２丁目１の２２", "緯度": 42.619625, "経度": 141.54062, "url": "https://www.iryou.teikyouseido.mhlw.go.jp/znk-web/juminkanja/S2430/initialize?prefCd=01&kikanCd=3010023320&kikanKbn=3", "url2": null, "内容": "宮本歯科【3:歯科】北海道苫小牧市永福町２丁目１の２２" }, "geometry": { "type": "Point", "coordinates": [ 141.54062, 42.619625 ] } },
{ "type": "Feature", "properties": { "ID": 133010023340, "正式名称": "医療法人社団美西会サンプラザ歯科クリニック", "機関区分": 3, "都道府県コード": 1, "市区町村コード": 213, "所在地": "北海道苫小牧市錦町１丁目２番６号", "緯度": 42.6316821, "経度": 141.5988265, "url": "https://www.iryou.teikyouseido.mhlw.go.jp/znk-web/juminkanja/S2430/initialize?prefCd=01&kikanCd=3010023340&kikanKbn=3", "url2": null, "内容": "医療法人社団美西会サンプラザ歯科クリニック【3:歯科】北海道苫小牧市錦町１丁目２番６号" }, "geometry": { "type": "Point", "coordinates": [ 141.5988265, 42.6316821 ] } },
{ "type": "Feature", "properties": { "ID": 133010023350, "正式名称": "関歯科医院", "機関区分": 3, "都道府県コード": 1, "市区町村コード": 213, "所在地": "北海道苫小牧市美園町２丁目３番７号", "緯度": 42.656819, "経度": 141.61251, "url": "https://www.iryou.teikyouseido.mhlw.go.jp/znk-web/juminkanja/S2430/initialize?prefCd=01&kikanCd=3010023350&kikanKbn=3", "url2": null, "内容": "関歯科医院【3:歯科】北海道苫小牧市美園町２丁目３番７号" }, "geometry": { "type": "Point", "coordinates": [ 141.61251, 42.656819 ] } },
{ "type": "Feature", "properties": { "ID": 133010023360, "正式名称": "医療法人社団　高橋歯科医院", "機関区分": 3, "都道府県コード": 1, "市区町村コード": 213, "所在地": "北海道苫小牧市末広町３丁目７番６号", "緯度": 42.636904, "経度": 141.609067, "url": "https://www.iryou.teikyouseido.mhlw.go.jp/znk-web/juminkanja/S2430/initialize?prefCd=01&kikanCd=3010023360&kikanKbn=3", "url2": null, "内容": "医療法人社団　高橋歯科医院【3:歯科】北海道苫小牧市末広町３丁目７番６号" }, "geometry": { "type": "Point", "coordinates": [ 141.609067, 42.636904 ] } },
{ "type": "Feature", "properties": { "ID": 133010023370, "正式名称": "ファミリー歯科クリニック", "機関区分": 3, "都道府県コード": 1, "市区町村コード": 213, "所在地": "北海道苫小牧市ときわ町４丁目２２番１４号", "緯度": 42.617654, "経度": 141.514048, "url": "https://www.iryou.teikyouseido.mhlw.go.jp/znk-web/juminkanja/S2430/initialize?prefCd=01&kikanCd=3010023370&kikanKbn=3", "url2": null, "内容": "ファミリー歯科クリニック【3:歯科】北海道苫小牧市ときわ町４丁目２２番１４号" }, "geometry": { "type": "Point", "coordinates": [ 141.514048, 42.617654 ] } },
{ "type": "Feature", "properties": { "ID": 133010023380, "正式名称": "明野歯科クリニック", "機関区分": 3, "都道府県コード": 1, "市区町村コード": 213, "所在地": "北海道苫小牧市明野新町３丁目２１－２０", "緯度": 42.659291, "経度": 141.632148, "url": "https://www.iryou.teikyouseido.mhlw.go.jp/znk-web/juminkanja/S2430/initialize?prefCd=01&kikanCd=3010023380&kikanKbn=3", "url2": null, "内容": "明野歯科クリニック【3:歯科】北海道苫小牧市明野新町３丁目２１－２０" }, "geometry": { "type": "Point", "coordinates": [ 141.632148, 42.659291 ] } },
{ "type": "Feature", "properties": { "ID": 133010023390, "正式名称": "田中歯科医院", "機関区分": 3, "都道府県コード": 1, "市区町村コード": 213, "所在地": "北海道苫小牧市豊川町１丁目４番１０号", "緯度": 42.637931, "経度": 141.55671, "url": "https://www.iryou.teikyouseido.mhlw.go.jp/znk-web/juminkanja/S2430/initialize?prefCd=01&kikanCd=3010023390&kikanKbn=3", "url2": null, "内容": "田中歯科医院【3:歯科】北海道苫小牧市豊川町１丁目４番１０号" }, "geometry": { "type": "Point", "coordinates": [ 141.55671, 42.637931 ] } },
{ "type": "Feature", "properties": { "ID": 133010023400, "正式名称": "医療法人社団　上田歯科医院", "機関区分": 3, "都道府県コード": 1, "市区町村コード": 213, "所在地": "北海道苫小牧市春日町３丁目１６－２４", "緯度": 42.6476917, "経度": 141.5971007, "url": "https://www.iryou.teikyouseido.mhlw.go.jp/znk-web/juminkanja/S2430/initialize?prefCd=01&kikanCd=3010023400&kikanKbn=3", "url2": "http://uedadental.cihp2.jp/", "内容": "医療法人社団　上田歯科医院【3:歯科】北海道苫小牧市春日町３丁目１６－２４" }, "geometry": { "type": "Point", "coordinates": [ 141.5971007, 42.6476917 ] } },
{ "type": "Feature", "properties": { "ID": 133010023410, "正式名称": "医療法人社団　山崎歯科医院", "機関区分": 3, "都道府県コード": 1, "市区町村コード": 213, "所在地": "北海道苫小牧市桜木町１丁目８番１９号", "緯度": 42.629237, "経度": 141.556905, "url": "https://www.iryou.teikyouseido.mhlw.go.jp/znk-web/juminkanja/S2430/initialize?prefCd=01&kikanCd=3010023410&kikanKbn=3", "url2": null, "内容": "医療法人社団　山崎歯科医院【3:歯科】北海道苫小牧市桜木町１丁目８番１９号" }, "geometry": { "type": "Point", "coordinates": [ 141.556905, 42.629237 ] } },
{ "type": "Feature", "properties": { "ID": 133010023420, "正式名称": "医療法人社団　伊尾歯科医院", "機関区分": 3, "都道府県コード": 1, "市区町村コード": 213, "所在地": "北海道苫小牧市光洋町２丁目６番１号", "緯度": 42.623293, "経度": 141.561544, "url": "https://www.iryou.teikyouseido.mhlw.go.jp/znk-web/juminkanja/S2430/initialize?prefCd=01&kikanCd=3010023420&kikanKbn=3", "url2": "http://www.io-shika.com", "内容": "医療法人社団　伊尾歯科医院【3:歯科】北海道苫小牧市光洋町２丁目６番１号" }, "geometry": { "type": "Point", "coordinates": [ 141.561544, 42.623293 ] } },
{ "type": "Feature", "properties": { "ID": 133010023460, "正式名称": "医療法人社団　かなもり歯科医院", "機関区分": 3, "都道府県コード": 1, "市区町村コード": 213, "所在地": "北海道苫小牧市三光町２丁目２３番６号", "緯度": 42.6514715, "経度": 141.615578, "url": "https://www.iryou.teikyouseido.mhlw.go.jp/znk-web/juminkanja/S2430/initialize?prefCd=01&kikanCd=3010023460&kikanKbn=3", "url2": "http://www.toma-kanamori-shika.jp/", "内容": "医療法人社団　かなもり歯科医院【3:歯科】北海道苫小牧市三光町２丁目２３番６号" }, "geometry": { "type": "Point", "coordinates": [ 141.615578, 42.6514715 ] } },
{ "type": "Feature", "properties": { "ID": 133010023480, "正式名称": "とまこまい矯正歯科", "機関区分": 3, "都道府県コード": 1, "市区町村コード": 213, "所在地": "北海道苫小牧市表町５丁目６番８号", "緯度": 42.638598, "経度": 141.599124, "url": "https://www.iryou.teikyouseido.mhlw.go.jp/znk-web/juminkanja/S2430/initialize?prefCd=01&kikanCd=3010023480&kikanKbn=3", "url2": "http://tomakyo.com", "内容": "とまこまい矯正歯科【3:歯科】北海道苫小牧市表町５丁目６番８号" }, "geometry": { "type": "Point", "coordinates": [ 141.599124, 42.638598 ] } },
{ "type": "Feature", "properties": { "ID": 133010023490, "正式名称": "医療法人社団　沖歯科医院", "機関区分": 3, "都道府県コード": 1, "市区町村コード": 213, "所在地": "北海道苫小牧市見山町４丁目１番６号", "緯度": 42.635403, "経度": 141.563682, "url": "https://www.iryou.teikyouseido.mhlw.go.jp/znk-web/juminkanja/S2430/initialize?prefCd=01&kikanCd=3010023490&kikanKbn=3", "url2": "www.oki-dentalclinic.com", "内容": "医療法人社団　沖歯科医院【3:歯科】北海道苫小牧市見山町４丁目１番６号" }, "geometry": { "type": "Point", "coordinates": [ 141.563682, 42.635403 ] } },
{ "type": "Feature", "properties": { "ID": 133010023500, "正式名称": "医療法人社団　つつみ歯科医院", "機関区分": 3, "都道府県コード": 1, "市区町村コード": 213, "所在地": "北海道苫小牧市双葉町１丁目３番２号", "緯度": 42.6486996, "経度": 141.6140989, "url": "https://www.iryou.teikyouseido.mhlw.go.jp/znk-web/juminkanja/S2430/initialize?prefCd=01&kikanCd=3010023500&kikanKbn=3", "url2": "http://www17.plala.or.jp/ktdc/", "内容": "医療法人社団　つつみ歯科医院【3:歯科】北海道苫小牧市双葉町１丁目３番２号" }, "geometry": { "type": "Point", "coordinates": [ 141.614098899999988, 42.6486996 ] } },
{ "type": "Feature", "properties": { "ID": 133010023510, "正式名称": "医療法人社団　若菜歯科医院", "機関区分": 3, "都道府県コード": 1, "市区町村コード": 213, "所在地": "北海道苫小牧市日新町５丁目１番１０号", "緯度": 42.631209, "経度": 141.540823, "url": "https://www.iryou.teikyouseido.mhlw.go.jp/znk-web/juminkanja/S2430/initialize?prefCd=01&kikanCd=3010023510&kikanKbn=3", "url2": null, "内容": "医療法人社団　若菜歯科医院【3:歯科】北海道苫小牧市日新町５丁目１番１０号" }, "geometry": { "type": "Point", "coordinates": [ 141.540823, 42.631209 ] } },
{ "type": "Feature", "properties": { "ID": 133010023530, "正式名称": "たかまつ歯科医院", "機関区分": 3, "都道府県コード": 1, "市区町村コード": 213, "所在地": "北海道苫小牧市明野新町３丁目６番６号", "緯度": 42.655958, "経度": 141.627065, "url": "https://www.iryou.teikyouseido.mhlw.go.jp/znk-web/juminkanja/S2430/initialize?prefCd=01&kikanCd=3010023530&kikanKbn=3", "url2": null, "内容": "たかまつ歯科医院【3:歯科】北海道苫小牧市明野新町３丁目６番６号" }, "geometry": { "type": "Point", "coordinates": [ 141.627065, 42.655958 ] } },
{ "type": "Feature", "properties": { "ID": 133010023550, "正式名称": "玄間歯科医院", "機関区分": 3, "都道府県コード": 1, "市区町村コード": 213, "所在地": "北海道苫小牧市柏木町４丁目２－５", "緯度": 42.6241449, "経度": 141.5194383, "url": "https://www.iryou.teikyouseido.mhlw.go.jp/znk-web/juminkanja/S2430/initialize?prefCd=01&kikanCd=3010023550&kikanKbn=3", "url2": null, "内容": "玄間歯科医院【3:歯科】北海道苫小牧市柏木町４丁目２－５" }, "geometry": { "type": "Point", "coordinates": [ 141.5194383, 42.6241449 ] } },
{ "type": "Feature", "properties": { "ID": 133010023560, "正式名称": "医療法人社団佳美会榊原歯科医院", "機関区分": 3, "都道府県コード": 1, "市区町村コード": 213, "所在地": "北海道苫小牧市錦西町２丁目１４番４０号", "緯度": 36.334675, "経度": 136.452728, "url": "https://www.iryou.teikyouseido.mhlw.go.jp/znk-web/juminkanja/S2430/initialize?prefCd=01&kikanCd=3010023560&kikanKbn=3", "url2": null, "内容": "医療法人社団佳美会榊原歯科医院【3:歯科】北海道苫小牧市錦西町２丁目１４番４０号" }, "geometry": { "type": "Point", "coordinates": [ 136.452728, 36.334675 ] } },
{ "type": "Feature", "properties": { "ID": 133010023570, "正式名称": "阿部歯科医院", "機関区分": 3, "都道府県コード": 1, "市区町村コード": 213, "所在地": "北海道苫小牧市表町５丁目１１－５ふれんどビル３Ｆ", "緯度": 42.641181, "経度": 141.595652, "url": "https://www.iryou.teikyouseido.mhlw.go.jp/znk-web/juminkanja/S2430/initialize?prefCd=01&kikanCd=3010023570&kikanKbn=3", "url2": null, "内容": "阿部歯科医院【3:歯科】北海道苫小牧市表町５丁目１１－５ふれんどビル３Ｆ" }, "geometry": { "type": "Point", "coordinates": [ 141.595652, 42.641181 ] } },
{ "type": "Feature", "properties": { "ID": 133010023580, "正式名称": "木の花歯科", "機関区分": 3, "都道府県コード": 1, "市区町村コード": 213, "所在地": "北海道苫小牧市大成町２丁目５番５号", "緯度": 42.6259863, "経度": 141.5721159, "url": "https://www.iryou.teikyouseido.mhlw.go.jp/znk-web/juminkanja/S2430/initialize?prefCd=01&kikanCd=3010023580&kikanKbn=3", "url2": null, "内容": "木の花歯科【3:歯科】北海道苫小牧市大成町２丁目５番５号" }, "geometry": { "type": "Point", "coordinates": [ 141.5721159, 42.6259863 ] } },
{ "type": "Feature", "properties": { "ID": 133010023590, "正式名称": "うとない歯科", "機関区分": 3, "都道府県コード": 1, "市区町村コード": 213, "所在地": "北海道苫小牧市ウトナイ南７丁目１０番２６号", "緯度": 42.681516, "経度": 141.6970591, "url": "https://www.iryou.teikyouseido.mhlw.go.jp/znk-web/juminkanja/S2430/initialize?prefCd=01&kikanCd=3010023590&kikanKbn=3", "url2": null, "内容": "うとない歯科【3:歯科】北海道苫小牧市ウトナイ南７丁目１０番２６号" }, "geometry": { "type": "Point", "coordinates": [ 141.6970591, 42.681516 ] } },
{ "type": "Feature", "properties": { "ID": 133010023600, "正式名称": "医療法人社団ほっこう歯科八谷矯正歯科クリニック", "機関区分": 3, "都道府県コード": 1, "市区町村コード": 213, "所在地": "北海道苫小牧市北光町４丁目１２番１７号", "緯度": 42.6410218, "経度": 141.5789644, "url": "https://www.iryou.teikyouseido.mhlw.go.jp/znk-web/juminkanja/S2430/initialize?prefCd=01&kikanCd=3010023600&kikanKbn=3", "url2": null, "内容": "医療法人社団ほっこう歯科八谷矯正歯科クリニック【3:歯科】北海道苫小牧市北光町４丁目１２番１７号" }, "geometry": { "type": "Point", "coordinates": [ 141.5789644, 42.6410218 ] } },
{ "type": "Feature", "properties": { "ID": 133010023620, "正式名称": "佐賀歯科医院", "機関区分": 3, "都道府県コード": 1, "市区町村コード": 213, "所在地": "北海道苫小牧市豊川町３丁目２５番１８号", "緯度": 42.6341318, "経度": 141.5500773, "url": "https://www.iryou.teikyouseido.mhlw.go.jp/znk-web/juminkanja/S2430/initialize?prefCd=01&kikanCd=3010023620&kikanKbn=3", "url2": null, "内容": "佐賀歯科医院【3:歯科】北海道苫小牧市豊川町３丁目２５番１８号" }, "geometry": { "type": "Point", "coordinates": [ 141.5500773, 42.6341318 ] } },
{ "type": "Feature", "properties": { "ID": 133010023640, "正式名称": "山岸歯科矯正歯科", "機関区分": 3, "都道府県コード": 1, "市区町村コード": 213, "所在地": "北海道苫小牧市北栄町４丁目２０－３４", "緯度": 42.6782245, "経度": 141.6813999, "url": "https://www.iryou.teikyouseido.mhlw.go.jp/znk-web/juminkanja/S2430/initialize?prefCd=01&kikanCd=3010023640&kikanKbn=3", "url2": "http://www.0144536666.com", "内容": "山岸歯科矯正歯科【3:歯科】北海道苫小牧市北栄町４丁目２０－３４" }, "geometry": { "type": "Point", "coordinates": [ 141.6813999, 42.6782245 ] } },
{ "type": "Feature", "properties": { "ID": 133010023650, "正式名称": "なか歯科医院", "機関区分": 3, "都道府県コード": 1, "市区町村コード": 213, "所在地": "北海道苫小牧市拓勇東町３丁目１番６号", "緯度": 42.671485, "経度": 141.679088, "url": "https://www.iryou.teikyouseido.mhlw.go.jp/znk-web/juminkanja/S2430/initialize?prefCd=01&kikanCd=3010023650&kikanKbn=3", "url2": null, "内容": "なか歯科医院【3:歯科】北海道苫小牧市拓勇東町３丁目１番６号" }, "geometry": { "type": "Point", "coordinates": [ 141.679088, 42.671485 ] } },
{ "type": "Feature", "properties": { "ID": 133010023660, "正式名称": "医療法人社団響さくら苫小牧歯科クリニック", "機関区分": 3, "都道府県コード": 1, "市区町村コード": 213, "所在地": "北海道苫小牧市木場町１丁目４番１３号三津橋ビル１Ｆ", "緯度": 42.6407759, "経度": 141.5976464, "url": "https://www.iryou.teikyouseido.mhlw.go.jp/znk-web/juminkanja/S2430/initialize?prefCd=01&kikanCd=3010023660&kikanKbn=3", "url2": null, "内容": "医療法人社団響さくら苫小牧歯科クリニック【3:歯科】北海道苫小牧市木場町１丁目４番１３号三津橋ビル１Ｆ" }, "geometry": { "type": "Point", "coordinates": [ 141.5976464, 42.6407759 ] } },
{ "type": "Feature", "properties": { "ID": 133010023670, "正式名称": "三輪歯科医院", "機関区分": 3, "都道府県コード": 1, "市区町村コード": 213, "所在地": "北海道苫小牧市本町２丁目３番２号", "緯度": 42.630099, "経度": 141.592958, "url": "https://www.iryou.teikyouseido.mhlw.go.jp/znk-web/juminkanja/S2430/initialize?prefCd=01&kikanCd=3010023670&kikanKbn=3", "url2": null, "内容": "三輪歯科医院【3:歯科】北海道苫小牧市本町２丁目３番２号" }, "geometry": { "type": "Point", "coordinates": [ 141.592958, 42.630099 ] } },
{ "type": "Feature", "properties": { "ID": 133010023680, "正式名称": "ささ歯科クリニック", "機関区分": 3, "都道府県コード": 1, "市区町村コード": 213, "所在地": "北海道苫小牧市沼ノ端中央４丁目１番１３号", "緯度": 42.668708, "経度": 141.693837, "url": "https://www.iryou.teikyouseido.mhlw.go.jp/znk-web/juminkanja/S2430/initialize?prefCd=01&kikanCd=3010023680&kikanKbn=3", "url2": "http://sasa-dental.com", "内容": "ささ歯科クリニック【3:歯科】北海道苫小牧市沼ノ端中央４丁目１番１３号" }, "geometry": { "type": "Point", "coordinates": [ 141.693837, 42.668708 ] } },
{ "type": "Feature", "properties": { "ID": 133010023690, "正式名称": "医療法人社団恵仁会あい歯科クリニック", "機関区分": 3, "都道府県コード": 1, "市区町村コード": 213, "所在地": "北海道苫小牧市日新町２丁目７番３号", "緯度": 42.6300722, "経度": 141.5421268, "url": "https://www.iryou.teikyouseido.mhlw.go.jp/znk-web/juminkanja/S2430/initialize?prefCd=01&kikanCd=3010023690&kikanKbn=3", "url2": null, "内容": "医療法人社団恵仁会あい歯科クリニック【3:歯科】北海道苫小牧市日新町２丁目７番３号" }, "geometry": { "type": "Point", "coordinates": [ 141.5421268, 42.6300722 ] } },
{ "type": "Feature", "properties": { "ID": 133010023710, "正式名称": "松井デンタルクリニック", "機関区分": 3, "都道府県コード": 1, "市区町村コード": 213, "所在地": "北海道苫小牧市明野新町５丁目１９－１５", "緯度": 42.663957, "経度": 141.635342, "url": "https://www.iryou.teikyouseido.mhlw.go.jp/znk-web/juminkanja/S2430/initialize?prefCd=01&kikanCd=3010023710&kikanKbn=3", "url2": null, "内容": "松井デンタルクリニック【3:歯科】北海道苫小牧市明野新町５丁目１９－１５" }, "geometry": { "type": "Point", "coordinates": [ 141.635342, 42.663957 ] } },
{ "type": "Feature", "properties": { "ID": 133010023720, "正式名称": "うのデンタルクリニック", "機関区分": 3, "都道府県コード": 1, "市区町村コード": 213, "所在地": "北海道苫小牧市青雲町２丁目２６番７号", "緯度": 42.60946, "経度": 141.488662, "url": "https://www.iryou.teikyouseido.mhlw.go.jp/znk-web/juminkanja/S2430/initialize?prefCd=01&kikanCd=3010023720&kikanKbn=3", "url2": null, "内容": "うのデンタルクリニック【3:歯科】北海道苫小牧市青雲町２丁目２６番７号" }, "geometry": { "type": "Point", "coordinates": [ 141.488662, 42.60946 ] } },
{ "type": "Feature", "properties": { "ID": 133010023740, "正式名称": "医療法人社団松沢クリニック松沢歯科クリニック", "機関区分": 3, "都道府県コード": 1, "市区町村コード": 213, "所在地": "北海道苫小牧市三光町５丁目２２番地１２", "緯度": 42.658707, "経度": 141.619426, "url": "https://www.iryou.teikyouseido.mhlw.go.jp/znk-web/juminkanja/S2430/initialize?prefCd=01&kikanCd=3010023740&kikanKbn=3", "url2": "http://www.matsuzawa-dc.com/", "内容": "医療法人社団松沢クリニック松沢歯科クリニック【3:歯科】北海道苫小牧市三光町５丁目２２番地１２" }, "geometry": { "type": "Point", "coordinates": [ 141.619426, 42.658707 ] } },
{ "type": "Feature", "properties": { "ID": 133010023760, "正式名称": "駅前歯科", "機関区分": 3, "都道府県コード": 1, "市区町村コード": 578, "所在地": "北海道白老郡白老町大町２丁目３－１２", "緯度": 42.553797, "経度": 141.359647, "url": "https://www.iryou.teikyouseido.mhlw.go.jp/znk-web/juminkanja/S2430/initialize?prefCd=01&kikanCd=3010023760&kikanKbn=3", "url2": null, "内容": "駅前歯科【3:歯科】北海道白老郡白老町大町２丁目３－１２" }, "geometry": { "type": "Point", "coordinates": [ 141.359647, 42.553797 ] } },
{ "type": "Feature", "properties": { "ID": 133010023770, "正式名称": "萩野歯科診療所", "機関区分": 3, "都道府県コード": 1, "市区町村コード": 578, "所在地": "北海道白老郡白老町萩野４２番地の１", "緯度": 42.5193, "経度": 141.304709, "url": "https://www.iryou.teikyouseido.mhlw.go.jp/znk-web/juminkanja/S2430/initialize?prefCd=01&kikanCd=3010023770&kikanKbn=3", "url2": "http://www.haginoshika.com", "内容": "萩野歯科診療所【3:歯科】北海道白老郡白老町萩野４２番地の１" }, "geometry": { "type": "Point", "coordinates": [ 141.304709, 42.5193 ] } },
{ "type": "Feature", "properties": { "ID": 133010023790, "正式名称": "医療法人社団西谷歯科医院", "機関区分": 3, "都道府県コード": 1, "市区町村コード": 578, "所在地": "北海道白老郡白老町本町１丁目９番２８号", "緯度": 42.5516823, "経度": 141.3505806, "url": "https://www.iryou.teikyouseido.mhlw.go.jp/znk-web/juminkanja/S2430/initialize?prefCd=01&kikanCd=3010023790&kikanKbn=3", "url2": null, "内容": "医療法人社団西谷歯科医院【3:歯科】北海道白老郡白老町本町１丁目９番２８号" }, "geometry": { "type": "Point", "coordinates": [ 141.3505806, 42.5516823 ] } },
{ "type": "Feature", "properties": { "ID": 133010023810, "正式名称": "こんの歯科", "機関区分": 3, "都道府県コード": 1, "市区町村コード": 578, "所在地": "北海道白老郡白老町字虎杖浜４７－１２", "緯度": 42.462185, "経度": 141.21317, "url": "https://www.iryou.teikyouseido.mhlw.go.jp/znk-web/juminkanja/S2430/initialize?prefCd=01&kikanCd=3010023810&kikanKbn=3", "url2": null, "内容": "こんの歯科【3:歯科】北海道白老郡白老町字虎杖浜４７－１２" }, "geometry": { "type": "Point", "coordinates": [ 141.21317, 42.462185 ] } },
{ "type": "Feature", "properties": { "ID": 133010023820, "正式名称": "医療法人社団柏村歯科クリニック", "機関区分": 3, "都道府県コード": 1, "市区町村コード": 578, "所在地": "北海道白老郡白老町栄町１丁目１５－１５", "緯度": 42.5544599, "経度": 141.3515304, "url": "https://www.iryou.teikyouseido.mhlw.go.jp/znk-web/juminkanja/S2430/initialize?prefCd=01&kikanCd=3010023820&kikanKbn=3", "url2": null, "内容": "医療法人社団柏村歯科クリニック【3:歯科】北海道白老郡白老町栄町１丁目１５－１５" }, "geometry": { "type": "Point", "coordinates": [ 141.3515304, 42.5544599 ] } },
{ "type": "Feature", "properties": { "ID": 133010023830, "正式名称": "すずき歯科", "機関区分": 3, "都道府県コード": 1, "市区町村コード": 578, "所在地": "北海道白老郡白老町川沿１丁目３－４２", "緯度": 42.553242, "経度": 141.346065, "url": "https://www.iryou.teikyouseido.mhlw.go.jp/znk-web/juminkanja/S2430/initialize?prefCd=01&kikanCd=3010023830&kikanKbn=3", "url2": null, "内容": "すずき歯科【3:歯科】北海道白老郡白老町川沿１丁目３－４２" }, "geometry": { "type": "Point", "coordinates": [ 141.346065, 42.553242 ] } },
{ "type": "Feature", "properties": { "ID": 133010023850, "正式名称": "日野歯科", "機関区分": 3, "都道府県コード": 1, "市区町村コード": 585, "所在地": "北海道勇払郡安平町早来大町１１２番１号", "緯度": 42.771282, "経度": 141.814711, "url": "https://www.iryou.teikyouseido.mhlw.go.jp/znk-web/juminkanja/S2430/initialize?prefCd=01&kikanCd=3010023850&kikanKbn=3", "url2": null, "内容": "日野歯科【3:歯科】北海道勇払郡安平町早来大町１１２番１号" }, "geometry": { "type": "Point", "coordinates": [ 141.814711, 42.771282 ] } },
{ "type": "Feature", "properties": { "ID": 133010023860, "正式名称": "早来ファミリー歯科クリニック", "機関区分": 3, "都道府県コード": 1, "市区町村コード": 585, "所在地": "北海道勇払郡安平町早来栄町２９番１号", "緯度": 42.76425, "経度": 141.81595, "url": "https://www.iryou.teikyouseido.mhlw.go.jp/znk-web/juminkanja/S2430/initialize?prefCd=01&kikanCd=3010023860&kikanKbn=3", "url2": null, "内容": "早来ファミリー歯科クリニック【3:歯科】北海道勇払郡安平町早来栄町２９番１号" }, "geometry": { "type": "Point", "coordinates": [ 141.81595, 42.76425 ] } },
{ "type": "Feature", "properties": { "ID": 133010023880, "正式名称": "医療法人社団　ひまわり歯科医院", "機関区分": 3, "都道府県コード": 1, "市区町村コード": 585, "所在地": "北海道勇払郡安平町追分本町５丁目６２番地２", "緯度": 42.87266, "経度": 141.814484, "url": "https://www.iryou.teikyouseido.mhlw.go.jp/znk-web/juminkanja/S2430/initialize?prefCd=01&kikanCd=3010023880&kikanKbn=3", "url2": null, "内容": "医療法人社団　ひまわり歯科医院【3:歯科】北海道勇払郡安平町追分本町５丁目６２番地２" }, "geometry": { "type": "Point", "coordinates": [ 141.814484, 42.87266 ] } },
{ "type": "Feature", "properties": { "ID": 133010023890, "正式名称": "厚真歯科", "機関区分": 3, "都道府県コード": 1, "市区町村コード": 581, "所在地": "北海道勇払郡厚真町本町　５４の１", "緯度": 42.724094, "経度": 141.882568, "url": "https://www.iryou.teikyouseido.mhlw.go.jp/znk-web/juminkanja/S2430/initialize?prefCd=01&kikanCd=3010023890&kikanKbn=3", "url2": null, "内容": "厚真歯科【3:歯科】北海道勇払郡厚真町本町　５４の１" }, "geometry": { "type": "Point", "coordinates": [ 141.882568, 42.724094 ] } },
{ "type": "Feature", "properties": { "ID": 133010023900, "正式名称": "桂歯科クリニック", "機関区分": 3, "都道府県コード": 1, "市区町村コード": 581, "所在地": "北海道勇払郡厚真町表町１２０番地６", "緯度": 42.72526, "経度": 141.874819, "url": "https://www.iryou.teikyouseido.mhlw.go.jp/znk-web/juminkanja/S2430/initialize?prefCd=01&kikanCd=3010023900&kikanKbn=3", "url2": null, "内容": "桂歯科クリニック【3:歯科】北海道勇払郡厚真町表町１２０番地６" }, "geometry": { "type": "Point", "coordinates": [ 141.874819, 42.72526 ] } },
{ "type": "Feature", "properties": { "ID": 133010023910, "正式名称": "中西歯科医院", "機関区分": 3, "都道府県コード": 1, "市区町村コード": 586, "所在地": "北海道勇払郡むかわ町末広２丁目３番地", "緯度": 42.576977, "経度": 141.92542, "url": "https://www.iryou.teikyouseido.mhlw.go.jp/znk-web/juminkanja/S2430/initialize?prefCd=01&kikanCd=3010023910&kikanKbn=3", "url2": null, "内容": "中西歯科医院【3:歯科】北海道勇払郡むかわ町末広２丁目３番地" }, "geometry": { "type": "Point", "coordinates": [ 141.92542, 42.576977 ] } },
{ "type": "Feature", "properties": { "ID": 133010023940, "正式名称": "セレス歯科", "機関区分": 3, "都道府県コード": 1, "市区町村コード": 586, "所在地": "北海道勇払郡むかわ町末広２丁目１２５番地", "緯度": 42.577416, "経度": 141.926516, "url": "https://www.iryou.teikyouseido.mhlw.go.jp/znk-web/juminkanja/S2430/initialize?prefCd=01&kikanCd=3010023940&kikanKbn=3", "url2": null, "内容": "セレス歯科【3:歯科】北海道勇払郡むかわ町末広２丁目１２５番地" }, "geometry": { "type": "Point", "coordinates": [ 141.926516, 42.577416 ] } },
{ "type": "Feature", "properties": { "ID": 133010023950, "正式名称": "松風歯科", "機関区分": 3, "都道府県コード": 1, "市区町村コード": 586, "所在地": "北海道勇払郡むかわ町松風２丁目６５－１", "緯度": 42.574703, "経度": 141.92888, "url": "https://www.iryou.teikyouseido.mhlw.go.jp/znk-web/juminkanja/S2430/initialize?prefCd=01&kikanCd=3010023950&kikanKbn=3", "url2": null, "内容": "松風歯科【3:歯科】北海道勇払郡むかわ町松風２丁目６５－１" }, "geometry": { "type": "Point", "coordinates": [ 141.92888, 42.574703 ] } },
{ "type": "Feature", "properties": { "ID": 133010023970, "正式名称": "医療法人社団酒井歯科医院", "機関区分": 3, "都道府県コード": 1, "市区町村コード": 607, "所在地": "北海道浦河郡浦河町堺町東３丁目１９番４号", "緯度": 42.182167, "経度": 142.763826, "url": "https://www.iryou.teikyouseido.mhlw.go.jp/znk-web/juminkanja/S2430/initialize?prefCd=01&kikanCd=3010023970&kikanKbn=3", "url2": null, "内容": "医療法人社団酒井歯科医院【3:歯科】北海道浦河郡浦河町堺町東３丁目１９番４号" }, "geometry": { "type": "Point", "coordinates": [ 142.763826, 42.182167 ] } },
{ "type": "Feature", "properties": { "ID": 133010023980, "正式名称": "医療法人社団宇毛悟歯科医院", "機関区分": 3, "都道府県コード": 1, "市区町村コード": 607, "所在地": "北海道浦河郡浦河町荻伏６９０番地２", "緯度": 42.201219, "経度": 142.682637, "url": "https://www.iryou.teikyouseido.mhlw.go.jp/znk-web/juminkanja/S2430/initialize?prefCd=01&kikanCd=3010023980&kikanKbn=3", "url2": "htts://uke-dental.com/", "内容": "医療法人社団宇毛悟歯科医院【3:歯科】北海道浦河郡浦河町荻伏６９０番地２" }, "geometry": { "type": "Point", "coordinates": [ 142.682637, 42.201219 ] } },
{ "type": "Feature", "properties": { "ID": 133010023990, "正式名称": "かつみ歯科医院", "機関区分": 3, "都道府県コード": 1, "市区町村コード": 607, "所在地": "北海道浦河郡浦河町昌平町３－９", "緯度": 42.167401, "経度": 142.7708955, "url": "https://www.iryou.teikyouseido.mhlw.go.jp/znk-web/juminkanja/S2430/initialize?prefCd=01&kikanCd=3010023990&kikanKbn=3", "url2": null, "内容": "かつみ歯科医院【3:歯科】北海道浦河郡浦河町昌平町３－９" }, "geometry": { "type": "Point", "coordinates": [ 142.7708955, 42.167401 ] } },
{ "type": "Feature", "properties": { "ID": 133010024010, "正式名称": "原田歯科医院", "機関区分": 3, "都道府県コード": 1, "市区町村コード": 607, "所在地": "北海道浦河郡浦河町堺町東１丁目５番１５号", "緯度": 42.17596, "経度": 142.76283, "url": "https://www.iryou.teikyouseido.mhlw.go.jp/znk-web/juminkanja/S2430/initialize?prefCd=01&kikanCd=3010024010&kikanKbn=3", "url2": null, "内容": "原田歯科医院【3:歯科】北海道浦河郡浦河町堺町東１丁目５番１５号" }, "geometry": { "type": "Point", "coordinates": [ 142.76283, 42.17596 ] } },
{ "type": "Feature", "properties": { "ID": 133010024020, "正式名称": "医療法人社団六華会堤田歯科医院", "機関区分": 3, "都道府県コード": 1, "市区町村コード": 607, "所在地": "北海道浦河郡浦河町大通３丁目５３番地　浦河ショッピングセンター", "緯度": 42.161475, "経度": 142.775298, "url": "https://www.iryou.teikyouseido.mhlw.go.jp/znk-web/juminkanja/S2430/initialize?prefCd=01&kikanCd=3010024020&kikanKbn=3", "url2": null, "内容": "医療法人社団六華会堤田歯科医院【3:歯科】北海道浦河郡浦河町大通３丁目５３番地　浦河ショッピングセンター" }, "geometry": { "type": "Point", "coordinates": [ 142.775298, 42.161475 ] } },
{ "type": "Feature", "properties": { "ID": 133010024030, "正式名称": "医療法人社団島田歯科医院", "機関区分": 3, "都道府県コード": 1, "市区町村コード": 608, "所在地": "北海道様似郡様似町緑町１６８番地の４", "緯度": 42.136342, "経度": 142.941341, "url": "https://www.iryou.teikyouseido.mhlw.go.jp/znk-web/juminkanja/S2430/initialize?prefCd=01&kikanCd=3010024030&kikanKbn=3", "url2": null, "内容": "医療法人社団島田歯科医院【3:歯科】北海道様似郡様似町緑町１６８番地の４" }, "geometry": { "type": "Point", "coordinates": [ 142.941341, 42.136342 ] } },
{ "type": "Feature", "properties": { "ID": 133010024040, "正式名称": "ファミリー歯科医院", "機関区分": 3, "都道府県コード": 1, "市区町村コード": 608, "所在地": "北海道様似郡様似町大通２丁目９９の２", "緯度": 42.127901, "経度": 142.937237, "url": "https://www.iryou.teikyouseido.mhlw.go.jp/znk-web/juminkanja/S2430/initialize?prefCd=01&kikanCd=3010024040&kikanKbn=3", "url2": "http://www.family-dentalclinic.net", "内容": "ファミリー歯科医院【3:歯科】北海道様似郡様似町大通２丁目９９の２" }, "geometry": { "type": "Point", "coordinates": [ 142.937237, 42.127901 ] } },
{ "type": "Feature", "properties": { "ID": 133010024050, "正式名称": "医療法人社団にしかわ歯科医院", "機関区分": 3, "都道府県コード": 1, "市区町村コード": 609, "所在地": "北海道幌泉郡えりも町字大和３２４番地", "緯度": 42.02517, "経度": 143.13914, "url": "https://www.iryou.teikyouseido.mhlw.go.jp/znk-web/juminkanja/S2430/initialize?prefCd=01&kikanCd=3010024050&kikanKbn=3", "url2": null, "内容": "医療法人社団にしかわ歯科医院【3:歯科】北海道幌泉郡えりも町字大和３２４番地" }, "geometry": { "type": "Point", "coordinates": [ 143.13914, 42.02517 ] } },
{ "type": "Feature", "properties": { "ID": 133010024080, "正式名称": "青山歯科", "機関区分": 3, "都道府県コード": 1, "市区町村コード": 607, "所在地": "北海道浦河郡浦河町堺町西６丁目１－１０", "緯度": 42.185389, "経度": 142.764992, "url": "https://www.iryou.teikyouseido.mhlw.go.jp/znk-web/juminkanja/S2430/initialize?prefCd=01&kikanCd=3010024080&kikanKbn=3", "url2": null, "内容": "青山歯科【3:歯科】北海道浦河郡浦河町堺町西６丁目１－１０" }, "geometry": { "type": "Point", "coordinates": [ 142.764992, 42.185389 ] } },
{ "type": "Feature", "properties": { "ID": 133010024090, "正式名称": "日高町立日高歯科診療所", "機関区分": 3, "都道府県コード": 1, "市区町村コード": 601, "所在地": "北海道沙流郡日高町栄町東１丁目３０３の１５", "緯度": 42.878506, "経度": 142.43922, "url": "https://www.iryou.teikyouseido.mhlw.go.jp/znk-web/juminkanja/S2430/initialize?prefCd=01&kikanCd=3010024090&kikanKbn=3", "url2": null, "内容": "日高町立日高歯科診療所【3:歯科】北海道沙流郡日高町栄町東１丁目３０３の１５" }, "geometry": { "type": "Point", "coordinates": [ 142.43922, 42.878506 ] } },
{ "type": "Feature", "properties": { "ID": 133010024100, "正式名称": "医療法人社団ぬまた歯科", "機関区分": 3, "都道府県コード": 1, "市区町村コード": 601, "所在地": "北海道沙流郡日高町富川北２丁目６－４", "緯度": 42.520532, "経度": 142.033843, "url": "https://www.iryou.teikyouseido.mhlw.go.jp/znk-web/juminkanja/S2430/initialize?prefCd=01&kikanCd=3010024100&kikanKbn=3", "url2": null, "内容": "医療法人社団ぬまた歯科【3:歯科】北海道沙流郡日高町富川北２丁目６－４" }, "geometry": { "type": "Point", "coordinates": [ 142.033843, 42.520532 ] } },
{ "type": "Feature", "properties": { "ID": 133010024160, "正式名称": "平取歯科診療所", "機関区分": 3, "都道府県コード": 1, "市区町村コード": 602, "所在地": "北海道沙流郡平取町本町６７番地１", "緯度": 42.586308, "経度": 142.13437, "url": "https://www.iryou.teikyouseido.mhlw.go.jp/znk-web/juminkanja/S2430/initialize?prefCd=01&kikanCd=3010024160&kikanKbn=3", "url2": "http://masaton32.wix.com/biratorisika", "内容": "平取歯科診療所【3:歯科】北海道沙流郡平取町本町６７番地１" }, "geometry": { "type": "Point", "coordinates": [ 142.13437, 42.586308 ] } },
{ "type": "Feature", "properties": { "ID": 133010024170, "正式名称": "平取町振内歯科診療所", "機関区分": 3, "都道府県コード": 1, "市区町村コード": 602, "所在地": "北海道沙流郡平取町振内２８番地７", "緯度": 42.72641, "経度": 142.30042, "url": "https://www.iryou.teikyouseido.mhlw.go.jp/znk-web/juminkanja/S2430/initialize?prefCd=01&kikanCd=3010024170&kikanKbn=3", "url2": null, "内容": "平取町振内歯科診療所【3:歯科】北海道沙流郡平取町振内２８番地７" }, "geometry": { "type": "Point", "coordinates": [ 142.30042, 42.72641 ] } },
{ "type": "Feature", "properties": { "ID": 133010024180, "正式名称": "平取町貫気別歯科診療所", "機関区分": 3, "都道府県コード": 1, "市区町村コード": 602, "所在地": "北海道沙流郡平取町貫気別１２９番地５", "緯度": 42.673615, "経度": 142.2628, "url": "https://www.iryou.teikyouseido.mhlw.go.jp/znk-web/juminkanja/S2430/initialize?prefCd=01&kikanCd=3010024180&kikanKbn=3", "url2": null, "内容": "平取町貫気別歯科診療所【3:歯科】北海道沙流郡平取町貫気別１２９番地５" }, "geometry": { "type": "Point", "coordinates": [ 142.2628, 42.673615 ] } },
{ "type": "Feature", "properties": { "ID": 133010024210, "正式名称": "新冠ファミリー歯科医院", "機関区分": 3, "都道府県コード": 1, "市区町村コード": 604, "所在地": "北海道新冠郡新冠町字北星町５番地８３", "緯度": 42.363112, "経度": 142.316216, "url": "https://www.iryou.teikyouseido.mhlw.go.jp/znk-web/juminkanja/S2430/initialize?prefCd=01&kikanCd=3010024210&kikanKbn=3", "url2": null, "内容": "新冠ファミリー歯科医院【3:歯科】北海道新冠郡新冠町字北星町５番地８３" }, "geometry": { "type": "Point", "coordinates": [ 142.316216, 42.363112 ] } },
{ "type": "Feature", "properties": { "ID": 133010024220, "正式名称": "医療法人社団敬仁会平野歯科医院", "機関区分": 3, "都道府県コード": 1, "市区町村コード": 610, "所在地": "北海道日高郡新ひだか町静内ときわ町２丁目２番１６号", "緯度": 42.347305, "経度": 142.36665, "url": "https://www.iryou.teikyouseido.mhlw.go.jp/znk-web/juminkanja/S2430/initialize?prefCd=01&kikanCd=3010024220&kikanKbn=3", "url2": null, "内容": "医療法人社団敬仁会平野歯科医院【3:歯科】北海道日高郡新ひだか町静内ときわ町２丁目２番１６号" }, "geometry": { "type": "Point", "coordinates": [ 142.36665, 42.347305 ] } },
{ "type": "Feature", "properties": { "ID": 133010024230, "正式名称": "医療法人社団山口歯科医院", "機関区分": 3, "都道府県コード": 1, "市区町村コード": 610, "所在地": "北海道日高郡新ひだか町静内御幸町３丁目１番７２号", "緯度": 42.3398931, "経度": 142.3686248, "url": "https://www.iryou.teikyouseido.mhlw.go.jp/znk-web/juminkanja/S2430/initialize?prefCd=01&kikanCd=3010024230&kikanKbn=3", "url2": "http://www.yamaguchi-dc.jp", "内容": "医療法人社団山口歯科医院【3:歯科】北海道日高郡新ひだか町静内御幸町３丁目１番７２号" }, "geometry": { "type": "Point", "coordinates": [ 142.3686248, 42.3398931 ] } },
{ "type": "Feature", "properties": { "ID": 133010024240, "正式名称": "医療法人純生会静内ファミリー歯科", "機関区分": 3, "都道府県コード": 1, "市区町村コード": 610, "所在地": "北海道日高郡新ひだか町静内木場町１丁目１番６９号", "緯度": 42.340199, "経度": 142.357797, "url": "https://www.iryou.teikyouseido.mhlw.go.jp/znk-web/juminkanja/S2430/initialize?prefCd=01&kikanCd=3010024240&kikanKbn=3", "url2": "http://www.junseikai.info/", "内容": "医療法人純生会静内ファミリー歯科【3:歯科】北海道日高郡新ひだか町静内木場町１丁目１番６９号" }, "geometry": { "type": "Point", "coordinates": [ 142.357797, 42.340199 ] } },
{ "type": "Feature", "properties": { "ID": 133010024290, "正式名称": "中村歯科クリニック", "機関区分": 3, "都道府県コード": 1, "市区町村コード": 610, "所在地": "北海道日高郡新ひだか町静内御幸町１丁目３番２号", "緯度": 42.339643, "経度": 142.363602, "url": "https://www.iryou.teikyouseido.mhlw.go.jp/znk-web/juminkanja/S2430/initialize?prefCd=01&kikanCd=3010024290&kikanKbn=3", "url2": null, "内容": "中村歯科クリニック【3:歯科】北海道日高郡新ひだか町静内御幸町１丁目３番２号" }, "geometry": { "type": "Point", "coordinates": [ 142.363602, 42.339643 ] } },
{ "type": "Feature", "properties": { "ID": 133010024310, "正式名称": "ふなき歯科", "機関区分": 3, "都道府県コード": 1, "市区町村コード": 610, "所在地": "北海道日高郡新ひだか町三石本町", "緯度": 42.266805, "経度": 142.552481, "url": "https://www.iryou.teikyouseido.mhlw.go.jp/znk-web/juminkanja/S2430/initialize?prefCd=01&kikanCd=3010024310&kikanKbn=3", "url2": null, "内容": "ふなき歯科【3:歯科】北海道日高郡新ひだか町三石本町" }, "geometry": { "type": "Point", "coordinates": [ 142.552481, 42.266805 ] } },
{ "type": "Feature", "properties": { "ID": 133010024320, "正式名称": "アムール歯科医院", "機関区分": 3, "都道府県コード": 1, "市区町村コード": 610, "所在地": "北海道日高郡新ひだか町静内山手町４丁目２番２号", "緯度": 42.3456541, "経度": 142.3576119, "url": "https://www.iryou.teikyouseido.mhlw.go.jp/znk-web/juminkanja/S2430/initialize?prefCd=01&kikanCd=3010024320&kikanKbn=3", "url2": "http://amu-ru.com/", "内容": "アムール歯科医院【3:歯科】北海道日高郡新ひだか町静内山手町４丁目２番２号" }, "geometry": { "type": "Point", "coordinates": [ 142.3576119, 42.3456541 ] } },
{ "type": "Feature", "properties": { "ID": 133010024330, "正式名称": "ささじま歯科医院", "機関区分": 3, "都道府県コード": 1, "市区町村コード": 610, "所在地": "北海道日高郡新ひだか町静内高砂町３丁目９番９１号", "緯度": 42.352448, "経度": 142.363879, "url": "https://www.iryou.teikyouseido.mhlw.go.jp/znk-web/juminkanja/S2430/initialize?prefCd=01&kikanCd=3010024330&kikanKbn=3", "url2": "http://sasajima-dent.com/", "内容": "ささじま歯科医院【3:歯科】北海道日高郡新ひだか町静内高砂町３丁目９番９１号" }, "geometry": { "type": "Point", "coordinates": [ 142.363879, 42.352448 ] } },
{ "type": "Feature", "properties": { "ID": 133010024340, "正式名称": "鷹栖歯科・口腔外科", "機関区分": 3, "都道府県コード": 1, "市区町村コード": 452, "所在地": "北海道上川郡鷹栖町南１条２丁目１番２２号", "緯度": 43.846042, "経度": 142.35728, "url": "https://www.iryou.teikyouseido.mhlw.go.jp/znk-web/juminkanja/S2430/initialize?prefCd=01&kikanCd=3010024340&kikanKbn=3", "url2": "https://takasu-dental.net/", "内容": "鷹栖歯科・口腔外科【3:歯科】北海道上川郡鷹栖町南１条２丁目１番２２号" }, "geometry": { "type": "Point", "coordinates": [ 142.35728, 43.846042 ] } },
{ "type": "Feature", "properties": { "ID": 133010024350, "正式名称": "くりやま歯科クリニック", "機関区分": 3, "都道府県コード": 1, "市区町村コード": 452, "所在地": "北海道上川郡鷹栖町南１条６丁目１番３号", "緯度": 43.84052, "経度": 142.3496907, "url": "https://www.iryou.teikyouseido.mhlw.go.jp/znk-web/juminkanja/S2430/initialize?prefCd=01&kikanCd=3010024350&kikanKbn=3", "url2": "https://takasu-kuriyama-dc.com/", "内容": "くりやま歯科クリニック【3:歯科】北海道上川郡鷹栖町南１条６丁目１番３号" }, "geometry": { "type": "Point", "coordinates": [ 142.3496907, 43.84052 ] } },
{ "type": "Feature", "properties": { "ID": 133010024380, "正式名称": "アート歯科クリニック", "機関区分": 3, "都道府県コード": 1, "市区町村コード": 453, "所在地": "北海道上川郡東神楽町北１条西１丁目７４９－１", "緯度": 35.933264, "経度": 139.326038, "url": "https://www.iryou.teikyouseido.mhlw.go.jp/znk-web/juminkanja/S2430/initialize?prefCd=01&kikanCd=3010024380&kikanKbn=3", "url2": null, "内容": "アート歯科クリニック【3:歯科】北海道上川郡東神楽町北１条西１丁目７４９－１" }, "geometry": { "type": "Point", "coordinates": [ 139.326038, 35.933264 ] } },
{ "type": "Feature", "properties": { "ID": 133010024390, "正式名称": "東川歯科クリニック", "機関区分": 3, "都道府県コード": 1, "市区町村コード": 458, "所在地": "北海道上川郡東川町東町１丁目１８番１２号", "緯度": 43.701219, "経度": 142.511854, "url": "https://www.iryou.teikyouseido.mhlw.go.jp/znk-web/juminkanja/S2430/initialize?prefCd=01&kikanCd=3010024390&kikanKbn=3", "url2": "http://higashikawa-shika.com/", "内容": "東川歯科クリニック【3:歯科】北海道上川郡東川町東町１丁目１８番１２号" }, "geometry": { "type": "Point", "coordinates": [ 142.511854, 43.701219 ] } },
{ "type": "Feature", "properties": { "ID": 133010024400, "正式名称": "笹本歯科医院", "機関区分": 3, "都道府県コード": 1, "市区町村コード": 454, "所在地": "北海道上川郡当麻町３条西３丁目１１番２７号", "緯度": 36.113642, "経度": 139.334099, "url": "https://www.iryou.teikyouseido.mhlw.go.jp/znk-web/juminkanja/S2430/initialize?prefCd=01&kikanCd=3010024400&kikanKbn=3", "url2": null, "内容": "笹本歯科医院【3:歯科】北海道上川郡当麻町３条西３丁目１１番２７号" }, "geometry": { "type": "Point", "coordinates": [ 139.334099, 36.113642 ] } },
{ "type": "Feature", "properties": { "ID": 133010024410, "正式名称": "当麻歯科診療所", "機関区分": 3, "都道府県コード": 1, "市区町村コード": 454, "所在地": "北海道上川郡当麻町４条西３丁目１２番１９号", "緯度": 36.113642, "経度": 139.334099, "url": "https://www.iryou.teikyouseido.mhlw.go.jp/znk-web/juminkanja/S2430/initialize?prefCd=01&kikanCd=3010024410&kikanKbn=3", "url2": null, "内容": "当麻歯科診療所【3:歯科】北海道上川郡当麻町４条西３丁目１２番１９号" }, "geometry": { "type": "Point", "coordinates": [ 139.334099, 36.113642 ] } },
{ "type": "Feature", "properties": { "ID": 133010024430, "正式名称": "医療法人社団越智歯科医院", "機関区分": 3, "都道府県コード": 1, "市区町村コード": 455, "所在地": "北海道上川郡比布町西町１丁目３番２０号", "緯度": 43.8734058, "経度": 142.471903, "url": "https://www.iryou.teikyouseido.mhlw.go.jp/znk-web/juminkanja/S2430/initialize?prefCd=01&kikanCd=3010024430&kikanKbn=3", "url2": null, "内容": "医療法人社団越智歯科医院【3:歯科】北海道上川郡比布町西町１丁目３番２０号" }, "geometry": { "type": "Point", "coordinates": [ 142.471903, 43.8734058 ] } },
{ "type": "Feature", "properties": { "ID": 133010024480, "正式名称": "医療法人社団さだおか歯科医院", "機関区分": 3, "都道府県コード": 1, "市区町村コード": 457, "所在地": "北海道上川郡上川町南町１０４７番地", "緯度": 43.849384, "経度": 142.77055, "url": "https://www.iryou.teikyouseido.mhlw.go.jp/znk-web/juminkanja/S2430/initialize?prefCd=01&kikanCd=3010024480&kikanKbn=3", "url2": "http://www.sdc-smile.com/", "内容": "医療法人社団さだおか歯科医院【3:歯科】北海道上川郡上川町南町１０４７番地" }, "geometry": { "type": "Point", "coordinates": [ 142.77055, 43.849384 ] } },
{ "type": "Feature", "properties": { "ID": 133010024520, "正式名称": "山崎歯科クリニック", "機関区分": 3, "都道府県コード": 1, "市区町村コード": 459, "所在地": "北海道上川郡美瑛町中町１丁目４番１号", "緯度": 36.044328, "経度": 139.329208, "url": "https://www.iryou.teikyouseido.mhlw.go.jp/znk-web/juminkanja/S2430/initialize?prefCd=01&kikanCd=3010024520&kikanKbn=3", "url2": null, "内容": "山崎歯科クリニック【3:歯科】北海道上川郡美瑛町中町１丁目４番１号" }, "geometry": { "type": "Point", "coordinates": [ 139.329208, 36.044328 ] } },
{ "type": "Feature", "properties": { "ID": 133010024530, "正式名称": "丘のまち歯科クリニック", "機関区分": 3, "都道府県コード": 1, "市区町村コード": 459, "所在地": "北海道上川郡美瑛町丸山１丁目２番２号", "緯度": 35.942172, "経度": 139.329569, "url": "https://www.iryou.teikyouseido.mhlw.go.jp/znk-web/juminkanja/S2430/initialize?prefCd=01&kikanCd=3010024530&kikanKbn=3", "url2": null, "内容": "丘のまち歯科クリニック【3:歯科】北海道上川郡美瑛町丸山１丁目２番２号" }, "geometry": { "type": "Point", "coordinates": [ 139.329569, 35.942172 ] } },
{ "type": "Feature", "properties": { "ID": 133010024540, "正式名称": "しらとり歯科クリニック", "機関区分": 3, "都道府県コード": 1, "市区町村コード": 459, "所在地": "北海道上川郡美瑛町北町１丁目２０－１９", "緯度": 35.944433, "経度": 139.327942, "url": "https://www.iryou.teikyouseido.mhlw.go.jp/znk-web/juminkanja/S2430/initialize?prefCd=01&kikanCd=3010024540&kikanKbn=3", "url2": null, "内容": "しらとり歯科クリニック【3:歯科】北海道上川郡美瑛町北町１丁目２０－１９" }, "geometry": { "type": "Point", "coordinates": [ 139.327942, 35.944433 ] } },
{ "type": "Feature", "properties": { "ID": 133010024550, "正式名称": "医療法人臨生会吉田歯科分院", "機関区分": 3, "都道府県コード": 1, "市区町村コード": 221, "所在地": "北海道名寄市西８条北１丁目", "緯度": 36.047342, "経度": 139.324981, "url": "https://www.iryou.teikyouseido.mhlw.go.jp/znk-web/juminkanja/S2430/initialize?prefCd=01&kikanCd=3010024550&kikanKbn=3", "url2": null, "内容": "医療法人臨生会吉田歯科分院【3:歯科】北海道名寄市西８条北１丁目" }, "geometry": { "type": "Point", "coordinates": [ 139.324981, 36.047342 ] } },
{ "type": "Feature", "properties": { "ID": 133010024570, "正式名称": "医療法人臨生会名寄歯科医院", "機関区分": 3, "都道府県コード": 1, "市区町村コード": 221, "所在地": "北海道名寄市西６条南８丁目", "緯度": 44.348708, "経度": 142.452557, "url": "https://www.iryou.teikyouseido.mhlw.go.jp/znk-web/juminkanja/S2430/initialize?prefCd=01&kikanCd=3010024570&kikanKbn=3", "url2": null, "内容": "医療法人臨生会名寄歯科医院【3:歯科】北海道名寄市西６条南８丁目" }, "geometry": { "type": "Point", "coordinates": [ 142.452557, 44.348708 ] } },
{ "type": "Feature", "properties": { "ID": 133010024580, "正式名称": "医療法人社団大谷歯科クリニック", "機関区分": 3, "都道府県コード": 1, "市区町村コード": 221, "所在地": "北海道名寄市西４条南９丁目１４番地１６", "緯度": 44.3465913, "経度": 142.4562919, "url": "https://www.iryou.teikyouseido.mhlw.go.jp/znk-web/juminkanja/S2430/initialize?prefCd=01&kikanCd=3010024580&kikanKbn=3", "url2": null, "内容": "医療法人社団大谷歯科クリニック【3:歯科】北海道名寄市西４条南９丁目１４番地１６" }, "geometry": { "type": "Point", "coordinates": [ 142.4562919, 44.3465913 ] } },
{ "type": "Feature", "properties": { "ID": 133010024600, "正式名称": "ホワイト歯科", "機関区分": 3, "都道府県コード": 1, "市区町村コード": 221, "所在地": "北海道名寄市西２条南８丁目１２ー１", "緯度": 44.348569, "経度": 142.460307, "url": "https://www.iryou.teikyouseido.mhlw.go.jp/znk-web/juminkanja/S2430/initialize?prefCd=01&kikanCd=3010024600&kikanKbn=3", "url2": "https://white-dc-nayoro.com/", "内容": "ホワイト歯科【3:歯科】北海道名寄市西２条南８丁目１２ー１" }, "geometry": { "type": "Point", "coordinates": [ 142.460307, 44.348569 ] } },
{ "type": "Feature", "properties": { "ID": 133010024610, "正式名称": "川口歯科医院", "機関区分": 3, "都道府県コード": 1, "市区町村コード": 221, "所在地": "北海道名寄市西２条北５丁目１－１４", "緯度": 44.361707, "経度": 142.460639, "url": "https://www.iryou.teikyouseido.mhlw.go.jp/znk-web/juminkanja/S2430/initialize?prefCd=01&kikanCd=3010024610&kikanKbn=3", "url2": null, "内容": "川口歯科医院【3:歯科】北海道名寄市西２条北５丁目１－１４" }, "geometry": { "type": "Point", "coordinates": [ 142.460639, 44.361707 ] } },
{ "type": "Feature", "properties": { "ID": 133010024630, "正式名称": "かずさか歯科クリニック", "機関区分": 3, "都道府県コード": 1, "市区町村コード": 221, "所在地": "北海道名寄市西４条北２丁目３番地", "緯度": 44.357954, "経度": 142.4576734, "url": "https://www.iryou.teikyouseido.mhlw.go.jp/znk-web/juminkanja/S2430/initialize?prefCd=01&kikanCd=3010024630&kikanKbn=3", "url2": null, "内容": "かずさか歯科クリニック【3:歯科】北海道名寄市西４条北２丁目３番地" }, "geometry": { "type": "Point", "coordinates": [ 142.4576734, 44.357954 ] } },
{ "type": "Feature", "properties": { "ID": 133010024640, "正式名称": "医療法人社団宏歯会しみず歯科クリニック", "機関区分": 3, "都道府県コード": 1, "市区町村コード": 221, "所在地": "北海道名寄市大通南６丁目１０番地", "緯度": 44.349569, "経度": 142.463501, "url": "https://www.iryou.teikyouseido.mhlw.go.jp/znk-web/juminkanja/S2430/initialize?prefCd=01&kikanCd=3010024640&kikanKbn=3", "url2": null, "内容": "医療法人社団宏歯会しみず歯科クリニック【3:歯科】北海道名寄市大通南６丁目１０番地" }, "geometry": { "type": "Point", "coordinates": [ 142.463501, 44.349569 ] } },
{ "type": "Feature", "properties": { "ID": 133010024650, "正式名称": "アカシヤ歯科クリニック", "機関区分": 3, "都道府県コード": 1, "市区町村コード": 221, "所在地": "北海道名寄市大通北３丁目１１番地２", "緯度": 44.358957, "経度": 142.464111, "url": "https://www.iryou.teikyouseido.mhlw.go.jp/znk-web/juminkanja/S2430/initialize?prefCd=01&kikanCd=3010024650&kikanKbn=3", "url2": null, "内容": "アカシヤ歯科クリニック【3:歯科】北海道名寄市大通北３丁目１１番地２" }, "geometry": { "type": "Point", "coordinates": [ 142.464111, 44.358957 ] } },
{ "type": "Feature", "properties": { "ID": 133010024660, "正式名称": "なかつえ歯科医院", "機関区分": 3, "都道府県コード": 1, "市区町村コード": 221, "所在地": "北海道名寄市西３条南６丁目２８の３", "緯度": 44.349874, "経度": 142.459112, "url": "https://www.iryou.teikyouseido.mhlw.go.jp/znk-web/juminkanja/S2430/initialize?prefCd=01&kikanCd=3010024660&kikanKbn=3", "url2": null, "内容": "なかつえ歯科医院【3:歯科】北海道名寄市西３条南６丁目２８の３" }, "geometry": { "type": "Point", "coordinates": [ 142.459112, 44.349874 ] } },
{ "type": "Feature", "properties": { "ID": 133010024670, "正式名称": "まつき歯科医院", "機関区分": 3, "都道府県コード": 1, "市区町村コード": 221, "所在地": "北海道名寄市風連町大町１４７－１", "緯度": 44.294155, "経度": 142.42168, "url": "https://www.iryou.teikyouseido.mhlw.go.jp/znk-web/juminkanja/S2430/initialize?prefCd=01&kikanCd=3010024670&kikanKbn=3", "url2": null, "内容": "まつき歯科医院【3:歯科】北海道名寄市風連町大町１４７－１" }, "geometry": { "type": "Point", "coordinates": [ 142.42168, 44.294155 ] } },
{ "type": "Feature", "properties": { "ID": 133010024680, "正式名称": "医療法人社団山本歯科医院風連歯科診療所", "機関区分": 3, "都道府県コード": 1, "市区町村コード": 221, "所在地": "北海道名寄市風連町西町７８－６１", "緯度": 44.295018, "経度": 142.414341, "url": "https://www.iryou.teikyouseido.mhlw.go.jp/znk-web/juminkanja/S2430/initialize?prefCd=01&kikanCd=3010024680&kikanKbn=3", "url2": "http://dent-yamamoto.jp", "内容": "医療法人社団山本歯科医院風連歯科診療所【3:歯科】北海道名寄市風連町西町７８－６１" }, "geometry": { "type": "Point", "coordinates": [ 142.414341, 44.295018 ] } },
{ "type": "Feature", "properties": { "ID": 133010024690, "正式名称": "医療法人社団宏歯会ミナミマチ歯科医院", "機関区分": 3, "都道府県コード": 1, "市区町村コード": 221, "所在地": "北海道名寄市風連町南町２３番地", "緯度": 44.291852, "経度": 142.419507, "url": "https://www.iryou.teikyouseido.mhlw.go.jp/znk-web/juminkanja/S2430/initialize?prefCd=01&kikanCd=3010024690&kikanKbn=3", "url2": null, "内容": "医療法人社団宏歯会ミナミマチ歯科医院【3:歯科】北海道名寄市風連町南町２３番地" }, "geometry": { "type": "Point", "coordinates": [ 142.419507, 44.291852 ] } },
{ "type": "Feature", "properties": { "ID": 133010024700, "正式名称": "医療法人社団朝日歯科診療所", "機関区分": 3, "都道府県コード": 1, "市区町村コード": 220, "所在地": "北海道士別市朝日町中央４０４０番地", "緯度": 44.117105, "経度": 142.596647, "url": "https://www.iryou.teikyouseido.mhlw.go.jp/znk-web/juminkanja/S2430/initialize?prefCd=01&kikanCd=3010024700&kikanKbn=3", "url2": null, "内容": "医療法人社団朝日歯科診療所【3:歯科】北海道士別市朝日町中央４０４０番地" }, "geometry": { "type": "Point", "coordinates": [ 142.596647, 44.117105 ] } },
{ "type": "Feature", "properties": { "ID": 133010024750, "正式名称": "医療法人社団山本歯科医院", "機関区分": 3, "都道府県コード": 1, "市区町村コード": 220, "所在地": "北海道士別市東２条８丁目２番地", "緯度": 44.174142, "経度": 142.396709, "url": "https://www.iryou.teikyouseido.mhlw.go.jp/znk-web/juminkanja/S2430/initialize?prefCd=01&kikanCd=3010024750&kikanKbn=3", "url2": "dent-yamamoto.jp", "内容": "医療法人社団山本歯科医院【3:歯科】北海道士別市東２条８丁目２番地" }, "geometry": { "type": "Point", "coordinates": [ 142.396709, 44.174142 ] } },
{ "type": "Feature", "properties": { "ID": 133010024770, "正式名称": "医療法人社団たしろ歯科医院", "機関区分": 3, "都道府県コード": 1, "市区町村コード": 220, "所在地": "北海道士別市東２条１５丁目３１３０番地９２", "緯度": 44.167782, "経度": 142.399764, "url": "https://www.iryou.teikyouseido.mhlw.go.jp/znk-web/juminkanja/S2430/initialize?prefCd=01&kikanCd=3010024770&kikanKbn=3", "url2": null, "内容": "医療法人社団たしろ歯科医院【3:歯科】北海道士別市東２条１５丁目３１３０番地９２" }, "geometry": { "type": "Point", "coordinates": [ 142.399764, 44.167782 ] } },
{ "type": "Feature", "properties": { "ID": 133010024780, "正式名称": "ノエル歯科医院", "機関区分": 3, "都道府県コード": 1, "市区町村コード": 220, "所在地": "北海道士別市東２条６丁目１０番地", "緯度": 44.1763815, "経度": 142.3966154, "url": "https://www.iryou.teikyouseido.mhlw.go.jp/znk-web/juminkanja/S2430/initialize?prefCd=01&kikanCd=3010024780&kikanKbn=3", "url2": null, "内容": "ノエル歯科医院【3:歯科】北海道士別市東２条６丁目１０番地" }, "geometry": { "type": "Point", "coordinates": [ 142.3966154, 44.1763815 ] } },
{ "type": "Feature", "properties": { "ID": 133010024790, "正式名称": "医療法人社団宏歯会つくも歯科医院", "機関区分": 3, "都道府県コード": 1, "市区町村コード": 220, "所在地": "北海道士別市東５条北１丁目４番地", "緯度": 44.182197, "経度": 142.397986, "url": "https://www.iryou.teikyouseido.mhlw.go.jp/znk-web/juminkanja/S2430/initialize?prefCd=01&kikanCd=3010024790&kikanKbn=3", "url2": null, "内容": "医療法人社団宏歯会つくも歯科医院【3:歯科】北海道士別市東５条北１丁目４番地" }, "geometry": { "type": "Point", "coordinates": [ 142.397986, 44.182197 ] } },
{ "type": "Feature", "properties": { "ID": 133010024810, "正式名称": "医療法人社団和寒歯科医院", "機関区分": 3, "都道府県コード": 1, "市区町村コード": 464, "所在地": "北海道上川郡和寒町字西町６１番地", "緯度": 44.023298, "経度": 142.413992, "url": "https://www.iryou.teikyouseido.mhlw.go.jp/znk-web/juminkanja/S2430/initialize?prefCd=01&kikanCd=3010024810&kikanKbn=3", "url2": null, "内容": "医療法人社団和寒歯科医院【3:歯科】北海道上川郡和寒町字西町６１番地" }, "geometry": { "type": "Point", "coordinates": [ 142.413992, 44.023298 ] } },
{ "type": "Feature", "properties": { "ID": 133010024830, "正式名称": "剣淵歯科診療所", "機関区分": 3, "都道府県コード": 1, "市区町村コード": 465, "所在地": "北海道上川郡剣淵町仲町２７番７号", "緯度": 44.101205, "経度": 142.360132, "url": "https://www.iryou.teikyouseido.mhlw.go.jp/znk-web/juminkanja/S2430/initialize?prefCd=01&kikanCd=3010024830&kikanKbn=3", "url2": null, "内容": "剣淵歯科診療所【3:歯科】北海道上川郡剣淵町仲町２７番７号" }, "geometry": { "type": "Point", "coordinates": [ 142.360132, 44.101205 ] } },
{ "type": "Feature", "properties": { "ID": 133010024900, "正式名称": "中川町立歯科診療所", "機関区分": 3, "都道府県コード": 1, "市区町村コード": 471, "所在地": "北海道中川郡中川町字中川３９６番地", "緯度": 44.809402, "経度": 142.072179, "url": "https://www.iryou.teikyouseido.mhlw.go.jp/znk-web/juminkanja/S2430/initialize?prefCd=01&kikanCd=3010024900&kikanKbn=3", "url2": null, "内容": "中川町立歯科診療所【3:歯科】北海道中川郡中川町字中川３９６番地" }, "geometry": { "type": "Point", "coordinates": [ 142.072179, 44.809402 ] } },
{ "type": "Feature", "properties": { "ID": 133010024910, "正式名称": "高畑歯科医院", "機関区分": 3, "都道府県コード": 1, "市区町村コード": 229, "所在地": "北海道富良野市栄町１０番１０号", "緯度": 43.34239, "経度": 142.39264, "url": "https://www.iryou.teikyouseido.mhlw.go.jp/znk-web/juminkanja/S2430/initialize?prefCd=01&kikanCd=3010024910&kikanKbn=3", "url2": null, "内容": "高畑歯科医院【3:歯科】北海道富良野市栄町１０番１０号" }, "geometry": { "type": "Point", "coordinates": [ 142.39264, 43.34239 ] } },
{ "type": "Feature", "properties": { "ID": 133010024940, "正式名称": "ふらの駅前歯科クリニック", "機関区分": 3, "都道府県コード": 1, "市区町村コード": 229, "所在地": "北海道富良野市日の出町４番２３号", "緯度": 43.345709, "経度": 142.390734, "url": "https://www.iryou.teikyouseido.mhlw.go.jp/znk-web/juminkanja/S2430/initialize?prefCd=01&kikanCd=3010024940&kikanKbn=3", "url2": "http://www.furano-ekimae-dc.com/", "内容": "ふらの駅前歯科クリニック【3:歯科】北海道富良野市日の出町４番２３号" }, "geometry": { "type": "Point", "coordinates": [ 142.390734, 43.345709 ] } },
{ "type": "Feature", "properties": { "ID": 133010024950, "正式名称": "水口歯科医院", "機関区分": 3, "都道府県コード": 1, "市区町村コード": 229, "所在地": "北海道富良野市日の出町９番３号", "緯度": 43.345127, "経度": 142.39006, "url": "https://www.iryou.teikyouseido.mhlw.go.jp/znk-web/juminkanja/S2430/initialize?prefCd=01&kikanCd=3010024950&kikanKbn=3", "url2": null, "内容": "水口歯科医院【3:歯科】北海道富良野市日の出町９番３号" }, "geometry": { "type": "Point", "coordinates": [ 142.39006, 43.345127 ] } },
{ "type": "Feature", "properties": { "ID": 133010024970, "正式名称": "宮田歯科医院", "機関区分": 3, "都道府県コード": 1, "市区町村コード": 229, "所在地": "北海道富良野市本町６番２５号", "緯度": 43.348258, "経度": 142.384803, "url": "https://www.iryou.teikyouseido.mhlw.go.jp/znk-web/juminkanja/S2430/initialize?prefCd=01&kikanCd=3010024970&kikanKbn=3", "url2": null, "内容": "宮田歯科医院【3:歯科】北海道富良野市本町６番２５号" }, "geometry": { "type": "Point", "coordinates": [ 142.384803, 43.348258 ] } },
{ "type": "Feature", "properties": { "ID": 133010024980, "正式名称": "ごうだ歯科医院", "機関区分": 3, "都道府県コード": 1, "市区町村コード": 229, "所在地": "北海道富良野市若葉町７番１号", "緯度": 43.33832, "経度": 142.39426, "url": "https://www.iryou.teikyouseido.mhlw.go.jp/znk-web/juminkanja/S2430/initialize?prefCd=01&kikanCd=3010024980&kikanKbn=3", "url2": null, "内容": "ごうだ歯科医院【3:歯科】北海道富良野市若葉町７番１号" }, "geometry": { "type": "Point", "coordinates": [ 142.39426, 43.33832 ] } },
{ "type": "Feature", "properties": { "ID": 133010025000, "正式名称": "くりの歯科クリニック", "機関区分": 3, "都道府県コード": 1, "市区町村コード": 229, "所在地": "北海道富良野市瑞穂町３番３７号", "緯度": 43.346615, "経度": 142.39949, "url": "https://www.iryou.teikyouseido.mhlw.go.jp/znk-web/juminkanja/S2430/initialize?prefCd=01&kikanCd=3010025000&kikanKbn=3", "url2": null, "内容": "くりの歯科クリニック【3:歯科】北海道富良野市瑞穂町３番３７号" }, "geometry": { "type": "Point", "coordinates": [ 142.39949, 43.346615 ] } },
{ "type": "Feature", "properties": { "ID": 133010025010, "正式名称": "ふらの小児歯科矯正歯科", "機関区分": 3, "都道府県コード": 1, "市区町村コード": 229, "所在地": "北海道富良野市日の出町８番１０号", "緯度": 43.345127, "経度": 142.39006, "url": "https://www.iryou.teikyouseido.mhlw.go.jp/znk-web/juminkanja/S2430/initialize?prefCd=01&kikanCd=3010025010&kikanKbn=3", "url2": null, "内容": "ふらの小児歯科矯正歯科【3:歯科】北海道富良野市日の出町８番１０号" }, "geometry": { "type": "Point", "coordinates": [ 142.39006, 43.345127 ] } },
{ "type": "Feature", "properties": { "ID": 133010025020, "正式名称": "山部歯科クリニック", "機関区分": 3, "都道府県コード": 1, "市区町村コード": 229, "所在地": "北海道富良野市山部南町３番３３号", "緯度": 43.23909, "経度": 142.3808, "url": "https://www.iryou.teikyouseido.mhlw.go.jp/znk-web/juminkanja/S2430/initialize?prefCd=01&kikanCd=3010025020&kikanKbn=3", "url2": null, "内容": "山部歯科クリニック【3:歯科】北海道富良野市山部南町３番３３号" }, "geometry": { "type": "Point", "coordinates": [ 142.3808, 43.23909 ] } },
{ "type": "Feature", "properties": { "ID": 133010025030, "正式名称": "医療法人山崎歯科　山崎歯科医院", "機関区分": 3, "都道府県コード": 1, "市区町村コード": 460, "所在地": "北海道空知郡上富良野町錦町３丁目４番２０号", "緯度": 43.4612819, "経度": 142.4657814, "url": "https://www.iryou.teikyouseido.mhlw.go.jp/znk-web/juminkanja/S2430/initialize?prefCd=01&kikanCd=3010025030&kikanKbn=3", "url2": null, "内容": "医療法人山崎歯科　山崎歯科医院【3:歯科】北海道空知郡上富良野町錦町３丁目４番２０号" }, "geometry": { "type": "Point", "coordinates": [ 142.4657814, 43.4612819 ] } },
{ "type": "Feature", "properties": { "ID": 133010025040, "正式名称": "大町歯科クリニック", "機関区分": 3, "都道府県コード": 1, "市区町村コード": 460, "所在地": "北海道空知郡上富良野町大町４丁目９６６番４３", "緯度": 43.455795, "経度": 142.46808, "url": "https://www.iryou.teikyouseido.mhlw.go.jp/znk-web/juminkanja/S2430/initialize?prefCd=01&kikanCd=3010025040&kikanKbn=3", "url2": null, "内容": "大町歯科クリニック【3:歯科】北海道空知郡上富良野町大町４丁目９６６番４３" }, "geometry": { "type": "Point", "coordinates": [ 142.46808, 43.455795 ] } },
{ "type": "Feature", "properties": { "ID": 133010025080, "正式名称": "矢花歯科クリニック", "機関区分": 3, "都道府県コード": 1, "市区町村コード": 460, "所在地": "北海道空知郡上富良野町大町２丁目２番１０号", "緯度": 35.943572, "経度": 139.330519, "url": "https://www.iryou.teikyouseido.mhlw.go.jp/znk-web/juminkanja/S2430/initialize?prefCd=01&kikanCd=3010025080&kikanKbn=3", "url2": null, "内容": "矢花歯科クリニック【3:歯科】北海道空知郡上富良野町大町２丁目２番１０号" }, "geometry": { "type": "Point", "coordinates": [ 139.330519, 35.943572 ] } },
{ "type": "Feature", "properties": { "ID": 133010025100, "正式名称": "医療法人社団紫岳会なかふこだま歯科クリニック", "機関区分": 3, "都道府県コード": 1, "市区町村コード": 461, "所在地": "北海道空知郡中富良野町北町５番６号", "緯度": 35.942739, "経度": 139.32055, "url": "https://www.iryou.teikyouseido.mhlw.go.jp/znk-web/juminkanja/S2430/initialize?prefCd=01&kikanCd=3010025100&kikanKbn=3", "url2": null, "内容": "医療法人社団紫岳会なかふこだま歯科クリニック【3:歯科】北海道空知郡中富良野町北町５番６号" }, "geometry": { "type": "Point", "coordinates": [ 139.32055, 35.942739 ] } },
{ "type": "Feature", "properties": { "ID": 133010025110, "正式名称": "南富良野町立歯科診療所", "機関区分": 3, "都道府県コード": 1, "市区町村コード": 462, "所在地": "北海道空知郡南富良野町字幾寅６１７番地３０", "緯度": 43.16778, "経度": 142.57161, "url": "https://www.iryou.teikyouseido.mhlw.go.jp/znk-web/juminkanja/S2430/initialize?prefCd=01&kikanCd=3010025110&kikanKbn=3", "url2": null, "内容": "南富良野町立歯科診療所【3:歯科】北海道空知郡南富良野町字幾寅６１７番地３０" }, "geometry": { "type": "Point", "coordinates": [ 142.57161, 43.16778 ] } },
{ "type": "Feature", "properties": { "ID": 133010025120, "正式名称": "占冠村歯科診療所", "機関区分": 3, "都道府県コード": 1, "市区町村コード": 463, "所在地": "北海道勇払郡占冠村字シムカプ原野５７番５", "緯度": 42.97934, "経度": 142.39734, "url": "https://www.iryou.teikyouseido.mhlw.go.jp/znk-web/juminkanja/S2430/initialize?prefCd=01&kikanCd=3010025120&kikanKbn=3", "url2": null, "内容": "占冠村歯科診療所【3:歯科】北海道勇払郡占冠村字シムカプ原野５７番５" }, "geometry": { "type": "Point", "coordinates": [ 142.39734, 42.97934 ] } },
{ "type": "Feature", "properties": { "ID": 133010025130, "正式名称": "占冠村トマム歯科診療所", "機関区分": 3, "都道府県コード": 1, "市区町村コード": 463, "所在地": "北海道勇払郡占冠村字トマム８２９番２１", "緯度": 43.042184, "経度": 142.655934, "url": "https://www.iryou.teikyouseido.mhlw.go.jp/znk-web/juminkanja/S2430/initialize?prefCd=01&kikanCd=3010025130&kikanKbn=3", "url2": null, "内容": "占冠村トマム歯科診療所【3:歯科】北海道勇払郡占冠村字トマム８２９番２１" }, "geometry": { "type": "Point", "coordinates": [ 142.655934, 43.042184 ] } },
{ "type": "Feature", "properties": { "ID": 133010025140, "正式名称": "田中歯科医院", "機関区分": 3, "都道府県コード": 1, "市区町村コード": 212, "所在地": "北海道留萌市花園町１丁目１－５", "緯度": 43.9365569, "経度": 141.6497085, "url": "https://www.iryou.teikyouseido.mhlw.go.jp/znk-web/juminkanja/S2430/initialize?prefCd=01&kikanCd=3010025140&kikanKbn=3", "url2": null, "内容": "田中歯科医院【3:歯科】北海道留萌市花園町１丁目１－５" }, "geometry": { "type": "Point", "coordinates": [ 141.6497085, 43.9365569 ] } },
{ "type": "Feature", "properties": { "ID": 133010025170, "正式名称": "北出歯科医院", "機関区分": 3, "都道府県コード": 1, "市区町村コード": 212, "所在地": "北海道留萌市花園町３丁目２－４", "緯度": 43.9362685, "経度": 141.6524679, "url": "https://www.iryou.teikyouseido.mhlw.go.jp/znk-web/juminkanja/S2430/initialize?prefCd=01&kikanCd=3010025170&kikanKbn=3", "url2": null, "内容": "北出歯科医院【3:歯科】北海道留萌市花園町３丁目２－４" }, "geometry": { "type": "Point", "coordinates": [ 141.6524679, 43.9362685 ] } },
{ "type": "Feature", "properties": { "ID": 133010025220, "正式名称": "川上歯科クリニック", "機関区分": 3, "都道府県コード": 1, "市区町村コード": 212, "所在地": "北海道留萌市五十嵐町３丁目２－１１", "緯度": 43.9356777, "経度": 141.6592907, "url": "https://www.iryou.teikyouseido.mhlw.go.jp/znk-web/juminkanja/S2430/initialize?prefCd=01&kikanCd=3010025220&kikanKbn=3", "url2": null, "内容": "川上歯科クリニック【3:歯科】北海道留萌市五十嵐町３丁目２－１１" }, "geometry": { "type": "Point", "coordinates": [ 141.659290700000014, 43.9356777 ] } },
{ "type": "Feature", "properties": { "ID": 133010025230, "正式名称": "おうみや歯科医院", "機関区分": 3, "都道府県コード": 1, "市区町村コード": 212, "所在地": "北海道留萌市錦町２丁目４－１５", "緯度": 43.9382203, "経度": 141.6431644, "url": "https://www.iryou.teikyouseido.mhlw.go.jp/znk-web/juminkanja/S2430/initialize?prefCd=01&kikanCd=3010025230&kikanKbn=3", "url2": null, "内容": "おうみや歯科医院【3:歯科】北海道留萌市錦町２丁目４－１５" }, "geometry": { "type": "Point", "coordinates": [ 141.643164399999989, 43.9382203 ] } },
{ "type": "Feature", "properties": { "ID": 133010025260, "正式名称": "えばたデンタルオフィス", "機関区分": 3, "都道府県コード": 1, "市区町村コード": 212, "所在地": "北海道留萌市旭町１丁目１－１", "緯度": 43.9367862, "経度": 141.6476836, "url": "https://www.iryou.teikyouseido.mhlw.go.jp/znk-web/juminkanja/S2430/initialize?prefCd=01&kikanCd=3010025260&kikanKbn=3", "url2": null, "内容": "えばたデンタルオフィス【3:歯科】北海道留萌市旭町１丁目１－１" }, "geometry": { "type": "Point", "coordinates": [ 141.6476836, 43.9367862 ] } },
{ "type": "Feature", "properties": { "ID": 133010025270, "正式名称": "医療法人社団千樹会るもいファミリー歯科", "機関区分": 3, "都道府県コード": 1, "市区町村コード": 212, "所在地": "北海道留萌市宮園町３丁目３９－２", "緯度": 43.9345811, "経度": 141.6408694, "url": "https://www.iryou.teikyouseido.mhlw.go.jp/znk-web/juminkanja/S2430/initialize?prefCd=01&kikanCd=3010025270&kikanKbn=3", "url2": null, "内容": "医療法人社団千樹会るもいファミリー歯科【3:歯科】北海道留萌市宮園町３丁目３９－２" }, "geometry": { "type": "Point", "coordinates": [ 141.640869400000014, 43.9345811 ] } },
{ "type": "Feature", "properties": { "ID": 133010025280, "正式名称": "いば歯科医院", "機関区分": 3, "都道府県コード": 1, "市区町村コード": 212, "所在地": "北海道留萌市幸町２丁目２８－１", "緯度": 43.9395244, "経度": 141.6375438, "url": "https://www.iryou.teikyouseido.mhlw.go.jp/znk-web/juminkanja/S2430/initialize?prefCd=01&kikanCd=3010025280&kikanKbn=3", "url2": null, "内容": "いば歯科医院【3:歯科】北海道留萌市幸町２丁目２８－１" }, "geometry": { "type": "Point", "coordinates": [ 141.6375438, 43.9395244 ] } },
{ "type": "Feature", "properties": { "ID": 133010025290, "正式名称": "るもい南歯科クリニック", "機関区分": 3, "都道府県コード": 1, "市区町村コード": 212, "所在地": "北海道留萌市南町２丁目２７９番地１", "緯度": 43.924355, "経度": 141.67416, "url": "https://www.iryou.teikyouseido.mhlw.go.jp/znk-web/juminkanja/S2430/initialize?prefCd=01&kikanCd=3010025290&kikanKbn=3", "url2": null, "内容": "るもい南歯科クリニック【3:歯科】北海道留萌市南町２丁目２７９番地１" }, "geometry": { "type": "Point", "coordinates": [ 141.67416, 43.924355 ] } },
{ "type": "Feature", "properties": { "ID": 133010025310, "正式名称": "風間歯科医院", "機関区分": 3, "都道府県コード": 1, "市区町村コード": 481, "所在地": "北海道増毛郡増毛町畠中町１－２２－２", "緯度": 43.856784, "経度": 141.519001, "url": "https://www.iryou.teikyouseido.mhlw.go.jp/znk-web/juminkanja/S2430/initialize?prefCd=01&kikanCd=3010025310&kikanKbn=3", "url2": null, "内容": "風間歯科医院【3:歯科】北海道増毛郡増毛町畠中町１－２２－２" }, "geometry": { "type": "Point", "coordinates": [ 141.519001, 43.856784 ] } },
{ "type": "Feature", "properties": { "ID": 133010025330, "正式名称": "小平町立鬼鹿歯科診療所", "機関区分": 3, "都道府県コード": 1, "市区町村コード": 482, "所在地": "北海道留萌郡小平町字鬼鹿港町１２５－１", "緯度": 44.1548, "経度": 141.65738, "url": "https://www.iryou.teikyouseido.mhlw.go.jp/znk-web/juminkanja/S2430/initialize?prefCd=01&kikanCd=3010025330&kikanKbn=3", "url2": null, "内容": "小平町立鬼鹿歯科診療所【3:歯科】北海道留萌郡小平町字鬼鹿港町１２５－１" }, "geometry": { "type": "Point", "coordinates": [ 141.65738, 44.1548 ] } },
{ "type": "Feature", "properties": { "ID": 133010025340, "正式名称": "町立小平歯科診療所", "機関区分": 3, "都道府県コード": 1, "市区町村コード": 482, "所在地": "北海道留萌郡小平町字小平町３８９－６", "緯度": 44.015896, "経度": 141.663944, "url": "https://www.iryou.teikyouseido.mhlw.go.jp/znk-web/juminkanja/S2430/initialize?prefCd=01&kikanCd=3010025340&kikanKbn=3", "url2": null, "内容": "町立小平歯科診療所【3:歯科】北海道留萌郡小平町字小平町３８９－６" }, "geometry": { "type": "Point", "coordinates": [ 141.663944, 44.015896 ] } },
{ "type": "Feature", "properties": { "ID": 133010025350, "正式名称": "苫前町立歯科診療所", "機関区分": 3, "都道府県コード": 1, "市区町村コード": 483, "所在地": "北海道苫前郡苫前町字苫前１９１番地１", "緯度": 44.30567, "経度": 141.65361, "url": "https://www.iryou.teikyouseido.mhlw.go.jp/znk-web/juminkanja/S2430/initialize?prefCd=01&kikanCd=3010025350&kikanKbn=3", "url2": null, "内容": "苫前町立歯科診療所【3:歯科】北海道苫前郡苫前町字苫前１９１番地１" }, "geometry": { "type": "Point", "coordinates": [ 141.65361, 44.30567 ] } },
{ "type": "Feature", "properties": { "ID": 133010025360, "正式名称": "古丹別歯科診療所", "機関区分": 3, "都道府県コード": 1, "市区町村コード": 483, "所在地": "北海道苫前郡苫前町字古丹別１８７番地の１３", "緯度": 44.262634, "経度": 141.71397, "url": "https://www.iryou.teikyouseido.mhlw.go.jp/znk-web/juminkanja/S2430/initialize?prefCd=01&kikanCd=3010025360&kikanKbn=3", "url2": null, "内容": "古丹別歯科診療所【3:歯科】北海道苫前郡苫前町字古丹別１８７番地の１３" }, "geometry": { "type": "Point", "coordinates": [ 141.71397, 44.262634 ] } },
{ "type": "Feature", "properties": { "ID": 133010025380, "正式名称": "米山歯科医院", "機関区分": 3, "都道府県コード": 1, "市区町村コード": 484, "所在地": "北海道苫前郡羽幌町南３条３丁目", "緯度": 44.3640494, "経度": 141.7021817, "url": "https://www.iryou.teikyouseido.mhlw.go.jp/znk-web/juminkanja/S2430/initialize?prefCd=01&kikanCd=3010025380&kikanKbn=3", "url2": null, "内容": "米山歯科医院【3:歯科】北海道苫前郡羽幌町南３条３丁目" }, "geometry": { "type": "Point", "coordinates": [ 141.702181700000011, 44.3640494 ] } },
{ "type": "Feature", "properties": { "ID": 133010025410, "正式名称": "羽幌歯科医院", "機関区分": 3, "都道府県コード": 1, "市区町村コード": 484, "所在地": "北海道苫前郡羽幌町南３条４丁目１３－２", "緯度": 44.3629508, "経度": 141.7014848, "url": "https://www.iryou.teikyouseido.mhlw.go.jp/znk-web/juminkanja/S2430/initialize?prefCd=01&kikanCd=3010025410&kikanKbn=3", "url2": null, "内容": "羽幌歯科医院【3:歯科】北海道苫前郡羽幌町南３条４丁目１３－２" }, "geometry": { "type": "Point", "coordinates": [ 141.7014848, 44.3629508 ] } },
{ "type": "Feature", "properties": { "ID": 133010025420, "正式名称": "初山別村立初山別歯科診療所", "機関区分": 3, "都道府県コード": 1, "市区町村コード": 485, "所在地": "北海道苫前郡初山別村字初山別１０５－１", "緯度": 44.53205, "経度": 141.76663, "url": "https://www.iryou.teikyouseido.mhlw.go.jp/znk-web/juminkanja/S2430/initialize?prefCd=01&kikanCd=3010025420&kikanKbn=3", "url2": null, "内容": "初山別村立初山別歯科診療所【3:歯科】北海道苫前郡初山別村字初山別１０５－１" }, "geometry": { "type": "Point", "coordinates": [ 141.76663, 44.53205 ] } },
{ "type": "Feature", "properties": { "ID": 133010025430, "正式名称": "医療法人社団樋口歯科医院", "機関区分": 3, "都道府県コード": 1, "市区町村コード": 486, "所在地": "北海道天塩郡遠別町字本町４丁目８２－１４", "緯度": 44.721577, "経度": 141.79286, "url": "https://www.iryou.teikyouseido.mhlw.go.jp/znk-web/juminkanja/S2430/initialize?prefCd=01&kikanCd=3010025430&kikanKbn=3", "url2": null, "内容": "医療法人社団樋口歯科医院【3:歯科】北海道天塩郡遠別町字本町４丁目８２－１４" }, "geometry": { "type": "Point", "coordinates": [ 141.79286, 44.721577 ] } },
{ "type": "Feature", "properties": { "ID": 133010025440, "正式名称": "峰村歯科医院", "機関区分": 3, "都道府県コード": 1, "市区町村コード": 487, "所在地": "北海道天塩郡天塩町山手裏通９丁目１４６６－３４３", "緯度": 44.885357, "経度": 141.74449, "url": "https://www.iryou.teikyouseido.mhlw.go.jp/znk-web/juminkanja/S2430/initialize?prefCd=01&kikanCd=3010025440&kikanKbn=3", "url2": null, "内容": "峰村歯科医院【3:歯科】北海道天塩郡天塩町山手裏通９丁目１４６６－３４３" }, "geometry": { "type": "Point", "coordinates": [ 141.74449, 44.885357 ] } },
{ "type": "Feature", "properties": { "ID": 133010025450, "正式名称": "てらもと歯科", "機関区分": 3, "都道府県コード": 1, "市区町村コード": 487, "所在地": "北海道天塩郡天塩町新栄通３丁目１２０２番地", "緯度": 44.885498, "経度": 141.74554, "url": "https://www.iryou.teikyouseido.mhlw.go.jp/znk-web/juminkanja/S2430/initialize?prefCd=01&kikanCd=3010025450&kikanKbn=3", "url2": null, "内容": "てらもと歯科【3:歯科】北海道天塩郡天塩町新栄通３丁目１２０２番地" }, "geometry": { "type": "Point", "coordinates": [ 141.74554, 44.885498 ] } },
{ "type": "Feature", "properties": { "ID": 133010025460, "正式名称": "医療法人　社団　トム　萩見歯科", "機関区分": 3, "都道府県コード": 1, "市区町村コード": 214, "所在地": "北海道稚内市萩見５丁目１番１３号", "緯度": 45.387695, "経度": 141.706905, "url": "https://www.iryou.teikyouseido.mhlw.go.jp/znk-web/juminkanja/S2430/initialize?prefCd=01&kikanCd=3010025460&kikanKbn=3", "url2": "http://www.tom-dental.jp/", "内容": "医療法人　社団　トム　萩見歯科【3:歯科】北海道稚内市萩見５丁目１番１３号" }, "geometry": { "type": "Point", "coordinates": [ 141.706905, 45.387695 ] } },
{ "type": "Feature", "properties": { "ID": 133010025490, "正式名称": "田中歯科南医院", "機関区分": 3, "都道府県コード": 1, "市区町村コード": 214, "所在地": "北海道稚内市大黒１丁目６－３６", "緯度": 45.3997587, "経度": 141.6843199, "url": "https://www.iryou.teikyouseido.mhlw.go.jp/znk-web/juminkanja/S2430/initialize?prefCd=01&kikanCd=3010025490&kikanKbn=3", "url2": null, "内容": "田中歯科南医院【3:歯科】北海道稚内市大黒１丁目６－３６" }, "geometry": { "type": "Point", "coordinates": [ 141.6843199, 45.3997587 ] } },
{ "type": "Feature", "properties": { "ID": 133010025510, "正式名称": "医療法人社団　久保歯科医院", "機関区分": 3, "都道府県コード": 1, "市区町村コード": 214, "所在地": "北海道稚内市港３丁目２－４８", "緯度": 45.4050917, "経度": 141.6739901, "url": "https://www.iryou.teikyouseido.mhlw.go.jp/znk-web/juminkanja/S2430/initialize?prefCd=01&kikanCd=3010025510&kikanKbn=3", "url2": null, "内容": "医療法人社団　久保歯科医院【3:歯科】北海道稚内市港３丁目２－４８" }, "geometry": { "type": "Point", "coordinates": [ 141.6739901, 45.4050917 ] } },
{ "type": "Feature", "properties": { "ID": 133010025530, "正式名称": "パパスデンタルオフィス", "機関区分": 3, "都道府県コード": 1, "市区町村コード": 214, "所在地": "北海道稚内市萩見５丁目３５－１", "緯度": 45.385945, "経度": 141.713488, "url": "https://www.iryou.teikyouseido.mhlw.go.jp/znk-web/juminkanja/S2430/initialize?prefCd=01&kikanCd=3010025530&kikanKbn=3", "url2": null, "内容": "パパスデンタルオフィス【3:歯科】北海道稚内市萩見５丁目３５－１" }, "geometry": { "type": "Point", "coordinates": [ 141.713488, 45.385945 ] } },
{ "type": "Feature", "properties": { "ID": 133010025560, "正式名称": "医療法人社団遠藤歯科クリニック", "機関区分": 3, "都道府県コード": 1, "市区町村コード": 214, "所在地": "北海道稚内市萩見５丁目３３－８", "緯度": 45.386137, "経度": 141.716116, "url": "https://www.iryou.teikyouseido.mhlw.go.jp/znk-web/juminkanja/S2430/initialize?prefCd=01&kikanCd=3010025560&kikanKbn=3", "url2": null, "内容": "医療法人社団遠藤歯科クリニック【3:歯科】北海道稚内市萩見５丁目３３－８" }, "geometry": { "type": "Point", "coordinates": [ 141.716116, 45.386137 ] } },
{ "type": "Feature", "properties": { "ID": 133010025570, "正式名称": "藤野歯科医院", "機関区分": 3, "都道府県コード": 1, "市区町村コード": 214, "所在地": "北海道稚内市緑１丁目９－１２", "緯度": 45.3950645, "経度": 141.6865257, "url": "https://www.iryou.teikyouseido.mhlw.go.jp/znk-web/juminkanja/S2430/initialize?prefCd=01&kikanCd=3010025570&kikanKbn=3", "url2": null, "内容": "藤野歯科医院【3:歯科】北海道稚内市緑１丁目９－１２" }, "geometry": { "type": "Point", "coordinates": [ 141.6865257, 45.3950645 ] } },
{ "type": "Feature", "properties": { "ID": 133010025580, "正式名称": "沖野歯科", "機関区分": 3, "都道府県コード": 1, "市区町村コード": 214, "所在地": "北海道稚内市潮見３丁目５－２２", "緯度": 45.395472, "経度": 141.703405, "url": "https://www.iryou.teikyouseido.mhlw.go.jp/znk-web/juminkanja/S2430/initialize?prefCd=01&kikanCd=3010025580&kikanKbn=3", "url2": null, "内容": "沖野歯科【3:歯科】北海道稚内市潮見３丁目５－２２" }, "geometry": { "type": "Point", "coordinates": [ 141.703405, 45.395472 ] } },
{ "type": "Feature", "properties": { "ID": 133010025590, "正式名称": "しんとうデンタルクリニック", "機関区分": 3, "都道府県コード": 1, "市区町村コード": 214, "所在地": "北海道稚内市緑４丁目３－１９", "緯度": 45.387722, "経度": 141.675824, "url": "https://www.iryou.teikyouseido.mhlw.go.jp/znk-web/juminkanja/S2430/initialize?prefCd=01&kikanCd=3010025590&kikanKbn=3", "url2": "http://shinto-dental.jp", "内容": "しんとうデンタルクリニック【3:歯科】北海道稚内市緑４丁目３－１９" }, "geometry": { "type": "Point", "coordinates": [ 141.675824, 45.387722 ] } },
{ "type": "Feature", "properties": { "ID": 133010025600, "正式名称": "大黒歯科クリニック", "機関区分": 3, "都道府県コード": 1, "市区町村コード": 214, "所在地": "北海道稚内市大黒３丁目５－１３", "緯度": 45.397555, "経度": 141.6901, "url": "https://www.iryou.teikyouseido.mhlw.go.jp/znk-web/juminkanja/S2430/initialize?prefCd=01&kikanCd=3010025600&kikanKbn=3", "url2": null, "内容": "大黒歯科クリニック【3:歯科】北海道稚内市大黒３丁目５－１３" }, "geometry": { "type": "Point", "coordinates": [ 141.6901, 45.397555 ] } },
{ "type": "Feature", "properties": { "ID": 133010025610, "正式名称": "猿払村歯科診療所", "機関区分": 3, "都道府県コード": 1, "市区町村コード": 511, "所在地": "北海道宗谷郡猿払村鬼志別西町５８番地", "緯度": 45.330819, "経度": 142.111985, "url": "https://www.iryou.teikyouseido.mhlw.go.jp/znk-web/juminkanja/S2430/initialize?prefCd=01&kikanCd=3010025610&kikanKbn=3", "url2": null, "内容": "猿払村歯科診療所【3:歯科】北海道宗谷郡猿払村鬼志別西町５８番地" }, "geometry": { "type": "Point", "coordinates": [ 142.111985, 45.330819 ] } },
{ "type": "Feature", "properties": { "ID": 133010025670, "正式名称": "浜口歯科医院", "機関区分": 3, "都道府県コード": 1, "市区町村コード": 514, "所在地": "北海道枝幸郡枝幸町栄町３０２番地２", "緯度": 44.93907, "経度": 142.57793, "url": "https://www.iryou.teikyouseido.mhlw.go.jp/znk-web/juminkanja/S2430/initialize?prefCd=01&kikanCd=3010025670&kikanKbn=3", "url2": null, "内容": "浜口歯科医院【3:歯科】北海道枝幸郡枝幸町栄町３０２番地２" }, "geometry": { "type": "Point", "coordinates": [ 142.57793, 44.93907 ] } },
{ "type": "Feature", "properties": { "ID": 133010025690, "正式名称": "歌登歯科診療所", "機関区分": 3, "都道府県コード": 1, "市区町村コード": 514, "所在地": "北海道枝幸郡枝幸町歌登南町４０３番地", "緯度": 44.840496, "経度": 142.47838, "url": "https://www.iryou.teikyouseido.mhlw.go.jp/znk-web/juminkanja/S2430/initialize?prefCd=01&kikanCd=3010025690&kikanKbn=3", "url2": null, "内容": "歌登歯科診療所【3:歯科】北海道枝幸郡枝幸町歌登南町４０３番地" }, "geometry": { "type": "Point", "coordinates": [ 142.47838, 44.840496 ] } },
{ "type": "Feature", "properties": { "ID": 133010025700, "正式名称": "豊富歯科医院", "機関区分": 3, "都道府県コード": 1, "市区町村コード": 516, "所在地": "北海道天塩郡豊富町大通り７丁目　伊勢呉服店２階", "緯度": 45.102949, "経度": 141.777384, "url": "https://www.iryou.teikyouseido.mhlw.go.jp/znk-web/juminkanja/S2430/initialize?prefCd=01&kikanCd=3010025700&kikanKbn=3", "url2": null, "内容": "豊富歯科医院【3:歯科】北海道天塩郡豊富町大通り７丁目　伊勢呉服店２階" }, "geometry": { "type": "Point", "coordinates": [ 141.777384, 45.102949 ] } },
{ "type": "Feature", "properties": { "ID": 133010025720, "正式名称": "礼文町香深歯科診療所", "機関区分": 3, "都道府県コード": 1, "市区町村コード": 517, "所在地": "北海道礼文郡礼文町大字香深村字トンナイ１２５", "緯度": 45.30358, "経度": 141.04774, "url": "https://www.iryou.teikyouseido.mhlw.go.jp/znk-web/juminkanja/S2430/initialize?prefCd=01&kikanCd=3010025720&kikanKbn=3", "url2": null, "内容": "礼文町香深歯科診療所【3:歯科】北海道礼文郡礼文町大字香深村字トンナイ１２５" }, "geometry": { "type": "Point", "coordinates": [ 141.04774, 45.30358 ] } },
{ "type": "Feature", "properties": { "ID": 133010025730, "正式名称": "礼文町船泊歯科診療所", "機関区分": 3, "都道府県コード": 1, "市区町村コード": 517, "所在地": "北海道礼文郡礼文町大字船泊村字ヲションナイ３１３－１－４", "緯度": 45.43908, "経度": 141.03618, "url": "https://www.iryou.teikyouseido.mhlw.go.jp/znk-web/juminkanja/S2430/initialize?prefCd=01&kikanCd=3010025730&kikanKbn=3", "url2": null, "内容": "礼文町船泊歯科診療所【3:歯科】北海道礼文郡礼文町大字船泊村字ヲションナイ３１３－１－４" }, "geometry": { "type": "Point", "coordinates": [ 141.03618, 45.43908 ] } },
{ "type": "Feature", "properties": { "ID": 133010025760, "正式名称": "川上歯科医院", "機関区分": 3, "都道府県コード": 1, "市区町村コード": 519, "所在地": "北海道利尻郡利尻富士町鴛泊字栄町８２番地７", "緯度": 45.24599, "経度": 141.22166, "url": "https://www.iryou.teikyouseido.mhlw.go.jp/znk-web/juminkanja/S2430/initialize?prefCd=01&kikanCd=3010025760&kikanKbn=3", "url2": null, "内容": "川上歯科医院【3:歯科】北海道利尻郡利尻富士町鴛泊字栄町８２番地７" }, "geometry": { "type": "Point", "coordinates": [ 141.22166, 45.24599 ] } },
{ "type": "Feature", "properties": { "ID": 133010025790, "正式名称": "医療法人社団　卸町歯科医院", "機関区分": 3, "都道府県コード": 1, "市区町村コード": 208, "所在地": "北海道北見市卸町１丁目１番地９", "緯度": 43.80666, "経度": 143.837069, "url": "https://www.iryou.teikyouseido.mhlw.go.jp/znk-web/juminkanja/S2430/initialize?prefCd=01&kikanCd=3010025790&kikanKbn=3", "url2": null, "内容": "医療法人社団　卸町歯科医院【3:歯科】北海道北見市卸町１丁目１番地９" }, "geometry": { "type": "Point", "coordinates": [ 143.837069, 43.80666 ] } },
{ "type": "Feature", "properties": { "ID": 133010025810, "正式名称": "医療法人社団　金山歯科医院", "機関区分": 3, "都道府県コード": 1, "市区町村コード": 208, "所在地": "北海道北見市寿町３丁目１番１号", "緯度": 36.043047, "経度": 139.410222, "url": "https://www.iryou.teikyouseido.mhlw.go.jp/znk-web/juminkanja/S2430/initialize?prefCd=01&kikanCd=3010025810&kikanKbn=3", "url2": null, "内容": "医療法人社団　金山歯科医院【3:歯科】北海道北見市寿町３丁目１番１号" }, "geometry": { "type": "Point", "coordinates": [ 139.410222, 36.043047 ] } },
{ "type": "Feature", "properties": { "ID": 133010025860, "正式名称": "医療法人社団松浦歯科医院", "機関区分": 3, "都道府県コード": 1, "市区町村コード": 208, "所在地": "北海道北見市本町２丁目５番２号", "緯度": 35.959492, "経度": 139.4086, "url": "https://www.iryou.teikyouseido.mhlw.go.jp/znk-web/juminkanja/S2430/initialize?prefCd=01&kikanCd=3010025860&kikanKbn=3", "url2": null, "内容": "医療法人社団松浦歯科医院【3:歯科】北海道北見市本町２丁目５番２号" }, "geometry": { "type": "Point", "coordinates": [ 139.4086, 35.959492 ] } },
{ "type": "Feature", "properties": { "ID": 133010025880, "正式名称": "医療法人社団たにぐち歯科クリニック", "機関区分": 3, "都道府県コード": 1, "市区町村コード": 208, "所在地": "北海道北見市桜町６丁目２番地４　スーパーアークス桜町店", "緯度": 43.8057437, "経度": 143.9074659, "url": "https://www.iryou.teikyouseido.mhlw.go.jp/znk-web/juminkanja/S2430/initialize?prefCd=01&kikanCd=3010025880&kikanKbn=3", "url2": null, "内容": "医療法人社団たにぐち歯科クリニック【3:歯科】北海道北見市桜町６丁目２番地４　スーパーアークス桜町店" }, "geometry": { "type": "Point", "coordinates": [ 143.9074659, 43.8057437 ] } },
{ "type": "Feature", "properties": { "ID": 133010025890, "正式名称": "医療法人社団博仁会榎本歯科医院", "機関区分": 3, "都道府県コード": 1, "市区町村コード": 208, "所在地": "北海道北見市常呂町字常呂３２６番地", "緯度": 44.121399, "経度": 144.068156, "url": "https://www.iryou.teikyouseido.mhlw.go.jp/znk-web/juminkanja/S2430/initialize?prefCd=01&kikanCd=3010025890&kikanKbn=3", "url2": "http://www.enomotoshika.jp/", "内容": "医療法人社団博仁会榎本歯科医院【3:歯科】北海道北見市常呂町字常呂３２６番地" }, "geometry": { "type": "Point", "coordinates": [ 144.068156, 44.121399 ] } },
{ "type": "Feature", "properties": { "ID": 133010025900, "正式名称": "うえきファミリー歯科", "機関区分": 3, "都道府県コード": 1, "市区町村コード": 208, "所在地": "北海道北見市春光町７丁目１番８号", "緯度": 43.81829, "経度": 143.918849, "url": "https://www.iryou.teikyouseido.mhlw.go.jp/znk-web/juminkanja/S2430/initialize?prefCd=01&kikanCd=3010025900&kikanKbn=3", "url2": null, "内容": "うえきファミリー歯科【3:歯科】北海道北見市春光町７丁目１番８号" }, "geometry": { "type": "Point", "coordinates": [ 143.918849, 43.81829 ] } },
{ "type": "Feature", "properties": { "ID": 133010025910, "正式名称": "マルコ歯科医院", "機関区分": 3, "都道府県コード": 1, "市区町村コード": 208, "所在地": "北海道北見市北２条西５丁目１２ＭＳ２．５ビル１階", "緯度": 35.955159, "経度": 139.410557, "url": "https://www.iryou.teikyouseido.mhlw.go.jp/znk-web/juminkanja/S2430/initialize?prefCd=01&kikanCd=3010025910&kikanKbn=3", "url2": null, "内容": "マルコ歯科医院【3:歯科】北海道北見市北２条西５丁目１２ＭＳ２．５ビル１階" }, "geometry": { "type": "Point", "coordinates": [ 139.410557, 35.955159 ] } },
{ "type": "Feature", "properties": { "ID": 133010025920, "正式名称": "いいだ歯科クリニック", "機関区分": 3, "都道府県コード": 1, "市区町村コード": 208, "所在地": "北海道北見市北１条西１丁目１５番地", "緯度": 43.804836, "経度": 143.895416, "url": "https://www.iryou.teikyouseido.mhlw.go.jp/znk-web/juminkanja/S2430/initialize?prefCd=01&kikanCd=3010025920&kikanKbn=3", "url2": null, "内容": "いいだ歯科クリニック【3:歯科】北海道北見市北１条西１丁目１５番地" }, "geometry": { "type": "Point", "coordinates": [ 143.895416, 43.804836 ] } },
{ "type": "Feature", "properties": { "ID": 133010025950, "正式名称": "柳歯科医院", "機関区分": 3, "都道府県コード": 1, "市区町村コード": 208, "所在地": "北海道北見市常盤町２丁目１－７３", "緯度": 36.058799, "経度": 139.41065, "url": "https://www.iryou.teikyouseido.mhlw.go.jp/znk-web/juminkanja/S2430/initialize?prefCd=01&kikanCd=3010025950&kikanKbn=3", "url2": null, "内容": "柳歯科医院【3:歯科】北海道北見市常盤町２丁目１－７３" }, "geometry": { "type": "Point", "coordinates": [ 139.41065, 36.058799 ] } },
{ "type": "Feature", "properties": { "ID": 133010026030, "正式名称": "山田歯科医院", "機関区分": 3, "都道府県コード": 1, "市区町村コード": 208, "所在地": "北海道北見市大通西３丁目２番地サンロードビル３Ｆ", "緯度": 43.804523, "経度": 143.89575, "url": "https://www.iryou.teikyouseido.mhlw.go.jp/znk-web/juminkanja/S2430/initialize?prefCd=01&kikanCd=3010026030&kikanKbn=3", "url2": null, "内容": "山田歯科医院【3:歯科】北海道北見市大通西３丁目２番地サンロードビル３Ｆ" }, "geometry": { "type": "Point", "coordinates": [ 143.89575, 43.804523 ] } },
{ "type": "Feature", "properties": { "ID": 133010026040, "正式名称": "菅歯科医院", "機関区分": 3, "都道府県コード": 1, "市区町村コード": 208, "所在地": "北海道北見市北２条西２丁目", "緯度": 43.8049674, "経度": 143.8941098, "url": "https://www.iryou.teikyouseido.mhlw.go.jp/znk-web/juminkanja/S2430/initialize?prefCd=01&kikanCd=3010026040&kikanKbn=3", "url2": null, "内容": "菅歯科医院【3:歯科】北海道北見市北２条西２丁目" }, "geometry": { "type": "Point", "coordinates": [ 143.8941098, 43.8049674 ] } },
{ "type": "Feature", "properties": { "ID": 133010026050, "正式名称": "大島歯科医院", "機関区分": 3, "都道府県コード": 1, "市区町村コード": 208, "所在地": "北海道北見市北４条西２丁目５番地の１", "緯度": 43.8055026, "経度": 143.8930732, "url": "https://www.iryou.teikyouseido.mhlw.go.jp/znk-web/juminkanja/S2430/initialize?prefCd=01&kikanCd=3010026050&kikanKbn=3", "url2": null, "内容": "大島歯科医院【3:歯科】北海道北見市北４条西２丁目５番地の１" }, "geometry": { "type": "Point", "coordinates": [ 143.8930732, 43.8055026 ] } },
{ "type": "Feature", "properties": { "ID": 133010026060, "正式名称": "幸町デンタルクリニック", "機関区分": 3, "都道府県コード": 1, "市区町村コード": 208, "所在地": "北海道北見市幸町２丁目１番３３号", "緯度": 43.809402, "経度": 143.888268, "url": "https://www.iryou.teikyouseido.mhlw.go.jp/znk-web/juminkanja/S2430/initialize?prefCd=01&kikanCd=3010026060&kikanKbn=3", "url2": null, "内容": "幸町デンタルクリニック【3:歯科】北海道北見市幸町２丁目１番３３号" }, "geometry": { "type": "Point", "coordinates": [ 143.888268, 43.809402 ] } },
{ "type": "Feature", "properties": { "ID": 133010026070, "正式名称": "加藤歯科医院", "機関区分": 3, "都道府県コード": 1, "市区町村コード": 208, "所在地": "北海道北見市北６条西５丁目１１番地１", "緯度": 43.803335, "経度": 143.8888188, "url": "https://www.iryou.teikyouseido.mhlw.go.jp/znk-web/juminkanja/S2430/initialize?prefCd=01&kikanCd=3010026070&kikanKbn=3", "url2": null, "内容": "加藤歯科医院【3:歯科】北海道北見市北６条西５丁目１１番地１" }, "geometry": { "type": "Point", "coordinates": [ 143.8888188, 43.803335 ] } },
{ "type": "Feature", "properties": { "ID": 133010026080, "正式名称": "こうえい歯科医院", "機関区分": 3, "都道府県コード": 1, "市区町村コード": 208, "所在地": "北海道北見市高栄西町７丁目６番地の６", "緯度": 35.963425, "経度": 139.404583, "url": "https://www.iryou.teikyouseido.mhlw.go.jp/znk-web/juminkanja/S2430/initialize?prefCd=01&kikanCd=3010026080&kikanKbn=3", "url2": null, "内容": "こうえい歯科医院【3:歯科】北海道北見市高栄西町７丁目６番地の６" }, "geometry": { "type": "Point", "coordinates": [ 139.404583, 35.963425 ] } },
{ "type": "Feature", "properties": { "ID": 133010026090, "正式名称": "藤井歯科医院", "機関区分": 3, "都道府県コード": 1, "市区町村コード": 208, "所在地": "北海道北見市大通西３丁目１４－１藤井ビル２Ｆ", "緯度": 43.8031407, "経度": 143.8939831, "url": "https://www.iryou.teikyouseido.mhlw.go.jp/znk-web/juminkanja/S2430/initialize?prefCd=01&kikanCd=3010026090&kikanKbn=3", "url2": null, "内容": "藤井歯科医院【3:歯科】北海道北見市大通西３丁目１４－１藤井ビル２Ｆ" }, "geometry": { "type": "Point", "coordinates": [ 143.893983100000014, 43.8031407 ] } },
{ "type": "Feature", "properties": { "ID": 133010026120, "正式名称": "宮沢歯科医院", "機関区分": 3, "都道府県コード": 1, "市区町村コード": 208, "所在地": "北海道北見市北４条東９丁目１番地の２", "緯度": 35.955159, "経度": 139.410557, "url": "https://www.iryou.teikyouseido.mhlw.go.jp/znk-web/juminkanja/S2430/initialize?prefCd=01&kikanCd=3010026120&kikanKbn=3", "url2": null, "内容": "宮沢歯科医院【3:歯科】北海道北見市北４条東９丁目１番地の２" }, "geometry": { "type": "Point", "coordinates": [ 139.410557, 35.955159 ] } },
{ "type": "Feature", "properties": { "ID": 133010026130, "正式名称": "川村歯科医院", "機関区分": 3, "都道府県コード": 1, "市区町村コード": 208, "所在地": "北海道北見市美山町南８丁目３９番地６０", "緯度": 43.820039, "経度": 143.881796, "url": "https://www.iryou.teikyouseido.mhlw.go.jp/znk-web/juminkanja/S2430/initialize?prefCd=01&kikanCd=3010026130&kikanKbn=3", "url2": "http://www.coco-city.com/kawamura-dental/", "内容": "川村歯科医院【3:歯科】北海道北見市美山町南８丁目３９番地６０" }, "geometry": { "type": "Point", "coordinates": [ 143.881796, 43.820039 ] } },
{ "type": "Feature", "properties": { "ID": 133010026150, "正式名称": "緑町歯科医院", "機関区分": 3, "都道府県コード": 1, "市区町村コード": 208, "所在地": "北海道北見市緑町１丁目５７２－７７", "緯度": 43.80667, "経度": 143.84897, "url": "https://www.iryou.teikyouseido.mhlw.go.jp/znk-web/juminkanja/S2430/initialize?prefCd=01&kikanCd=3010026150&kikanKbn=3", "url2": null, "内容": "緑町歯科医院【3:歯科】北海道北見市緑町１丁目５７２－７７" }, "geometry": { "type": "Point", "coordinates": [ 143.84897, 43.80667 ] } },
{ "type": "Feature", "properties": { "ID": 133010026160, "正式名称": "若原歯科", "機関区分": 3, "都道府県コード": 1, "市区町村コード": 208, "所在地": "北海道北見市末広町６３７番地１５", "緯度": 43.78869, "経度": 143.87013, "url": "https://www.iryou.teikyouseido.mhlw.go.jp/znk-web/juminkanja/S2430/initialize?prefCd=01&kikanCd=3010026160&kikanKbn=3", "url2": "wakahara-shika.com", "内容": "若原歯科【3:歯科】北海道北見市末広町６３７番地１５" }, "geometry": { "type": "Point", "coordinates": [ 143.87013, 43.78869 ] } },
{ "type": "Feature", "properties": { "ID": 133010026180, "正式名称": "みさき矯正歯科", "機関区分": 3, "都道府県コード": 1, "市区町村コード": 208, "所在地": "北海道北見市大通西４丁目ノースウイングビル２Ｆ", "緯度": 43.802847, "経度": 143.893824, "url": "https://www.iryou.teikyouseido.mhlw.go.jp/znk-web/juminkanja/S2430/initialize?prefCd=01&kikanCd=3010026180&kikanKbn=3", "url2": "http://misaki-ortho.com/", "内容": "みさき矯正歯科【3:歯科】北海道北見市大通西４丁目ノースウイングビル２Ｆ" }, "geometry": { "type": "Point", "coordinates": [ 143.893824, 43.802847 ] } },
{ "type": "Feature", "properties": { "ID": 133010026190, "正式名称": "岡田歯科医院", "機関区分": 3, "都道府県コード": 1, "市区町村コード": 208, "所在地": "北海道北見市双葉町１丁目１番８号", "緯度": 43.8075373, "経度": 143.8550799, "url": "https://www.iryou.teikyouseido.mhlw.go.jp/znk-web/juminkanja/S2430/initialize?prefCd=01&kikanCd=3010026190&kikanKbn=3", "url2": null, "内容": "岡田歯科医院【3:歯科】北海道北見市双葉町１丁目１番８号" }, "geometry": { "type": "Point", "coordinates": [ 143.8550799, 43.8075373 ] } },
{ "type": "Feature", "properties": { "ID": 133010026200, "正式名称": "小野歯科診療室", "機関区分": 3, "都道府県コード": 1, "市区町村コード": 208, "所在地": "北海道北見市末広町１７３番地１３", "緯度": 43.78471, "経度": 143.873576, "url": "https://www.iryou.teikyouseido.mhlw.go.jp/znk-web/juminkanja/S2430/initialize?prefCd=01&kikanCd=3010026200&kikanKbn=3", "url2": null, "内容": "小野歯科診療室【3:歯科】北海道北見市末広町１７３番地１３" }, "geometry": { "type": "Point", "coordinates": [ 143.873576, 43.78471 ] } },
{ "type": "Feature", "properties": { "ID": 133010026210, "正式名称": "たねだ歯科クリニック", "機関区分": 3, "都道府県コード": 1, "市区町村コード": 208, "所在地": "北海道北見市美山町南５丁目１３６番地４", "緯度": 43.82432, "経度": 143.87465, "url": "https://www.iryou.teikyouseido.mhlw.go.jp/znk-web/juminkanja/S2430/initialize?prefCd=01&kikanCd=3010026210&kikanKbn=3", "url2": null, "内容": "たねだ歯科クリニック【3:歯科】北海道北見市美山町南５丁目１３６番地４" }, "geometry": { "type": "Point", "coordinates": [ 143.87465, 43.82432 ] } },
{ "type": "Feature", "properties": { "ID": 133010026220, "正式名称": "みやけゆう歯科医院", "機関区分": 3, "都道府県コード": 1, "市区町村コード": 208, "所在地": "北海道北見市幸町４丁目６番１７号", "緯度": 43.8076927, "経度": 143.8839336, "url": "https://www.iryou.teikyouseido.mhlw.go.jp/znk-web/juminkanja/S2430/initialize?prefCd=01&kikanCd=3010026220&kikanKbn=3", "url2": null, "内容": "みやけゆう歯科医院【3:歯科】北海道北見市幸町４丁目６番１７号" }, "geometry": { "type": "Point", "coordinates": [ 143.8839336, 43.8076927 ] } },
{ "type": "Feature", "properties": { "ID": 133010026230, "正式名称": "みわ歯科クリニック", "機関区分": 3, "都道府県コード": 1, "市区町村コード": 208, "所在地": "北海道北見市中央三輪２丁目３０７番地３", "緯度": 43.797153, "経度": 143.84499, "url": "https://www.iryou.teikyouseido.mhlw.go.jp/znk-web/juminkanja/S2430/initialize?prefCd=01&kikanCd=3010026230&kikanKbn=3", "url2": null, "内容": "みわ歯科クリニック【3:歯科】北海道北見市中央三輪２丁目３０７番地３" }, "geometry": { "type": "Point", "coordinates": [ 143.84499, 43.797153 ] } },
{ "type": "Feature", "properties": { "ID": 133010026260, "正式名称": "高栄ミント歯科クリニック", "機関区分": 3, "都道府県コード": 1, "市区町村コード": 208, "所在地": "北海道北見市高栄西町４丁目１番２２号", "緯度": 35.962669, "経度": 139.405464, "url": "https://www.iryou.teikyouseido.mhlw.go.jp/znk-web/juminkanja/S2430/initialize?prefCd=01&kikanCd=3010026260&kikanKbn=3", "url2": null, "内容": "高栄ミント歯科クリニック【3:歯科】北海道北見市高栄西町４丁目１番２２号" }, "geometry": { "type": "Point", "coordinates": [ 139.405464, 35.962669 ] } },
{ "type": "Feature", "properties": { "ID": 133010026290, "正式名称": "あいない歯科クリニック", "機関区分": 3, "都道府県コード": 1, "市区町村コード": 208, "所在地": "北海道北見市相内町１１０", "緯度": 43.79712, "経度": 143.75528, "url": "https://www.iryou.teikyouseido.mhlw.go.jp/znk-web/juminkanja/S2430/initialize?prefCd=01&kikanCd=3010026290&kikanKbn=3", "url2": null, "内容": "あいない歯科クリニック【3:歯科】北海道北見市相内町１１０" }, "geometry": { "type": "Point", "coordinates": [ 143.75528, 43.79712 ] } },
{ "type": "Feature", "properties": { "ID": 133010026300, "正式名称": "医療法人社団大縁会", "機関区分": 3, "都道府県コード": 1, "市区町村コード": 208, "所在地": "北海道北見市清月町９１番地３８", "緯度": 43.799764, "経度": 143.907212, "url": "https://www.iryou.teikyouseido.mhlw.go.jp/znk-web/juminkanja/S2430/initialize?prefCd=01&kikanCd=3010026300&kikanKbn=3", "url2": "http://www.maruchiyo-dc.com/", "内容": "医療法人社団大縁会【3:歯科】北海道北見市清月町９１番地３８" }, "geometry": { "type": "Point", "coordinates": [ 143.907212, 43.799764 ] } },
{ "type": "Feature", "properties": { "ID": 133010026310, "正式名称": "南大通り歯科クリニック", "機関区分": 3, "都道府県コード": 1, "市区町村コード": 208, "所在地": "北海道北見市とん田東町４７１－１２", "緯度": 43.79429, "経度": 143.8784, "url": "https://www.iryou.teikyouseido.mhlw.go.jp/znk-web/juminkanja/S2430/initialize?prefCd=01&kikanCd=3010026310&kikanKbn=3", "url2": null, "内容": "南大通り歯科クリニック【3:歯科】北海道北見市とん田東町４７１－１２" }, "geometry": { "type": "Point", "coordinates": [ 143.8784, 43.79429 ] } },
{ "type": "Feature", "properties": { "ID": 133010026340, "正式名称": "医療法人社団天斗会るべしべファミリ－歯科", "機関区分": 3, "都道府県コード": 1, "市区町村コード": 208, "所在地": "北海道北見市留辺蘂町栄町１１２番地５", "緯度": 43.78627, "経度": 143.61095, "url": "https://www.iryou.teikyouseido.mhlw.go.jp/znk-web/juminkanja/S2430/initialize?prefCd=01&kikanCd=3010026340&kikanKbn=3", "url2": null, "内容": "医療法人社団天斗会るべしべファミリ－歯科【3:歯科】北海道北見市留辺蘂町栄町１１２番地５" }, "geometry": { "type": "Point", "coordinates": [ 143.61095, 43.78627 ] } },
{ "type": "Feature", "properties": { "ID": 133010026360, "正式名称": "ほんま歯科小児歯科クリニック", "機関区分": 3, "都道府県コード": 1, "市区町村コード": 208, "所在地": "北海道北見市端野町３区４７７番地２", "緯度": 43.852065, "経度": 143.941595, "url": "https://www.iryou.teikyouseido.mhlw.go.jp/znk-web/juminkanja/S2430/initialize?prefCd=01&kikanCd=3010026360&kikanKbn=3", "url2": null, "内容": "ほんま歯科小児歯科クリニック【3:歯科】北海道北見市端野町３区４７７番地２" }, "geometry": { "type": "Point", "coordinates": [ 143.941595, 43.852065 ] } },
{ "type": "Feature", "properties": { "ID": 133010026370, "正式名称": "竹村歯科クリニック", "機関区分": 3, "都道府県コード": 1, "市区町村コード": 208, "所在地": "北海道北見市留辺蘂町東町１５番地", "緯度": 43.78723, "経度": 143.62291, "url": "https://www.iryou.teikyouseido.mhlw.go.jp/znk-web/juminkanja/S2430/initialize?prefCd=01&kikanCd=3010026370&kikanKbn=3", "url2": null, "内容": "竹村歯科クリニック【3:歯科】北海道北見市留辺蘂町東町１５番地" }, "geometry": { "type": "Point", "coordinates": [ 143.62291, 43.78723 ] } },
{ "type": "Feature", "properties": { "ID": 133010026390, "正式名称": "置戸町歯科診療所", "機関区分": 3, "都道府県コード": 1, "市区町村コード": 550, "所在地": "北海道常呂郡置戸町置戸４５６番地の１", "緯度": 43.67629, "経度": 143.58704, "url": "https://www.iryou.teikyouseido.mhlw.go.jp/znk-web/juminkanja/S2430/initialize?prefCd=01&kikanCd=3010026390&kikanKbn=3", "url2": null, "内容": "置戸町歯科診療所【3:歯科】北海道常呂郡置戸町置戸４５６番地の１" }, "geometry": { "type": "Point", "coordinates": [ 143.58704, 43.67629 ] } },
{ "type": "Feature", "properties": { "ID": 133010026410, "正式名称": "湯本歯科医院", "機関区分": 3, "都道府県コード": 1, "市区町村コード": 549, "所在地": "北海道常呂郡訓子府町東町２００番地", "緯度": 43.724693, "経度": 143.74112, "url": "https://www.iryou.teikyouseido.mhlw.go.jp/znk-web/juminkanja/S2430/initialize?prefCd=01&kikanCd=3010026410&kikanKbn=3", "url2": null, "内容": "湯本歯科医院【3:歯科】北海道常呂郡訓子府町東町２００番地" }, "geometry": { "type": "Point", "coordinates": [ 143.74112, 43.724693 ] } },
{ "type": "Feature", "properties": { "ID": 133010026420, "正式名称": "医療法人　社団　トム　東町歯科", "機関区分": 3, "都道府県コード": 1, "市区町村コード": 543, "所在地": "北海道網走郡美幌町東町１丁目１０番地２", "緯度": 43.826376, "経度": 144.112666, "url": "https://www.iryou.teikyouseido.mhlw.go.jp/znk-web/juminkanja/S2430/initialize?prefCd=01&kikanCd=3010026420&kikanKbn=3", "url2": "http://www.tom-dental.jp/", "内容": "医療法人　社団　トム　東町歯科【3:歯科】北海道網走郡美幌町東町１丁目１０番地２" }, "geometry": { "type": "Point", "coordinates": [ 144.112666, 43.826376 ] } },
{ "type": "Feature", "properties": { "ID": 133010026430, "正式名称": "医療法人社団池田歯科クリニック", "機関区分": 3, "都道府県コード": 1, "市区町村コード": 543, "所在地": "北海道網走郡美幌町字東１条南３丁目８番地", "緯度": 43.8202935, "経度": 144.1033648, "url": "https://www.iryou.teikyouseido.mhlw.go.jp/znk-web/juminkanja/S2430/initialize?prefCd=01&kikanCd=3010026430&kikanKbn=3", "url2": null, "内容": "医療法人社団池田歯科クリニック【3:歯科】北海道網走郡美幌町字東１条南３丁目８番地" }, "geometry": { "type": "Point", "coordinates": [ 144.1033648, 43.8202935 ] } },
{ "type": "Feature", "properties": { "ID": 133010026440, "正式名称": "中矢歯科", "機関区分": 3, "都道府県コード": 1, "市区町村コード": 543, "所在地": "北海道網走郡美幌町字西１条北１丁目７番地", "緯度": 43.824126, "経度": 144.101861, "url": "https://www.iryou.teikyouseido.mhlw.go.jp/znk-web/juminkanja/S2430/initialize?prefCd=01&kikanCd=3010026440&kikanKbn=3", "url2": null, "内容": "中矢歯科【3:歯科】北海道網走郡美幌町字西１条北１丁目７番地" }, "geometry": { "type": "Point", "coordinates": [ 144.101861, 43.824126 ] } },
{ "type": "Feature", "properties": { "ID": 133010026450, "正式名称": "医療法人社団小柳歯科医院", "機関区分": 3, "都道府県コード": 1, "市区町村コード": 543, "所在地": "北海道網走郡美幌町字西１条北２丁目４番地", "緯度": 43.825015, "経度": 144.102639, "url": "https://www.iryou.teikyouseido.mhlw.go.jp/znk-web/juminkanja/S2430/initialize?prefCd=01&kikanCd=3010026450&kikanKbn=3", "url2": "http://bihorokoyanagi-dc.com/home.html", "内容": "医療法人社団小柳歯科医院【3:歯科】北海道網走郡美幌町字西１条北２丁目４番地" }, "geometry": { "type": "Point", "coordinates": [ 144.102639, 43.825015 ] } },
{ "type": "Feature", "properties": { "ID": 133010026460, "正式名称": "医療法人社団青山歯科医院", "機関区分": 3, "都道府県コード": 1, "市区町村コード": 543, "所在地": "北海道網走郡美幌町字青山北１番地１", "緯度": 43.822293, "経度": 144.107472, "url": "https://www.iryou.teikyouseido.mhlw.go.jp/znk-web/juminkanja/S2430/initialize?prefCd=01&kikanCd=3010026460&kikanKbn=3", "url2": null, "内容": "医療法人社団青山歯科医院【3:歯科】北海道網走郡美幌町字青山北１番地１" }, "geometry": { "type": "Point", "coordinates": [ 144.107472, 43.822293 ] } },
{ "type": "Feature", "properties": { "ID": 133010026470, "正式名称": "医療法人社団聖徳会玉川歯科", "機関区分": 3, "都道府県コード": 1, "市区町村コード": 543, "所在地": "北海道網走郡美幌町字稲美６８番８６", "緯度": 43.818738, "経度": 144.115694, "url": "https://www.iryou.teikyouseido.mhlw.go.jp/znk-web/juminkanja/S2430/initialize?prefCd=01&kikanCd=3010026470&kikanKbn=3", "url2": "www.tamagawashika.info/", "内容": "医療法人社団聖徳会玉川歯科【3:歯科】北海道網走郡美幌町字稲美６８番８６" }, "geometry": { "type": "Point", "coordinates": [ 144.115694, 43.818738 ] } },
{ "type": "Feature", "properties": { "ID": 133010026500, "正式名称": "びほろファミリー歯科", "機関区分": 3, "都道府県コード": 1, "市区町村コード": 543, "所在地": "北海道網走郡美幌町大通南２丁目１７番地", "緯度": 43.821599, "経度": 144.101833, "url": "https://www.iryou.teikyouseido.mhlw.go.jp/znk-web/juminkanja/S2430/initialize?prefCd=01&kikanCd=3010026500&kikanKbn=3", "url2": "https://bihorofamily.wixsite.com/dental", "内容": "びほろファミリー歯科【3:歯科】北海道網走郡美幌町大通南２丁目１７番地" }, "geometry": { "type": "Point", "coordinates": [ 144.101833, 43.821599 ] } },
{ "type": "Feature", "properties": { "ID": 133010026520, "正式名称": "医療法人社団敬愛会９時歯科", "機関区分": 3, "都道府県コード": 1, "市区町村コード": 543, "所在地": "北海道網走郡美幌町仲町２－９６－１", "緯度": 43.833653, "経度": 144.103972, "url": "https://www.iryou.teikyouseido.mhlw.go.jp/znk-web/juminkanja/S2430/initialize?prefCd=01&kikanCd=3010026520&kikanKbn=3", "url2": null, "内容": "医療法人社団敬愛会９時歯科【3:歯科】北海道網走郡美幌町仲町２－９６－１" }, "geometry": { "type": "Point", "coordinates": [ 144.103972, 43.833653 ] } },
{ "type": "Feature", "properties": { "ID": 133010026530, "正式名称": "しらき歯科", "機関区分": 3, "都道府県コード": 1, "市区町村コード": 544, "所在地": "北海道網走郡津別町字大通２１番地", "緯度": 43.70841, "経度": 144.023741, "url": "https://www.iryou.teikyouseido.mhlw.go.jp/znk-web/juminkanja/S2430/initialize?prefCd=01&kikanCd=3010026530&kikanKbn=3", "url2": null, "内容": "しらき歯科【3:歯科】北海道網走郡津別町字大通２１番地" }, "geometry": { "type": "Point", "coordinates": [ 144.023741, 43.70841 ] } },
{ "type": "Feature", "properties": { "ID": 133010026540, "正式名称": "医療法人社団兼子歯科", "機関区分": 3, "都道府県コード": 1, "市区町村コード": 211, "所在地": "北海道網走市北５条西１丁目８番地", "緯度": 44.026468, "経度": 144.264644, "url": "https://www.iryou.teikyouseido.mhlw.go.jp/znk-web/juminkanja/S2430/initialize?prefCd=01&kikanCd=3010026540&kikanKbn=3", "url2": null, "内容": "医療法人社団兼子歯科【3:歯科】北海道網走市北５条西１丁目８番地" }, "geometry": { "type": "Point", "coordinates": [ 144.264644, 44.026468 ] } },
{ "type": "Feature", "properties": { "ID": 133010026550, "正式名称": "医療法人社団愛育会　小西歯科診療所", "機関区分": 3, "都道府県コード": 1, "市区町村コード": 211, "所在地": "北海道網走市南６条東２丁目８番地", "緯度": 44.0201584, "経度": 144.2710335, "url": "https://www.iryou.teikyouseido.mhlw.go.jp/znk-web/juminkanja/S2430/initialize?prefCd=01&kikanCd=3010026550&kikanKbn=3", "url2": "https://konishi-dental.or.jp", "内容": "医療法人社団愛育会　小西歯科診療所【3:歯科】北海道網走市南６条東２丁目８番地" }, "geometry": { "type": "Point", "coordinates": [ 144.271033499999987, 44.0201584 ] } },
{ "type": "Feature", "properties": { "ID": 133010026580, "正式名称": "丹羽歯科医院", "機関区分": 3, "都道府県コード": 1, "市区町村コード": 211, "所在地": "北海道網走市南６条東１丁目５番地", "緯度": 44.019969, "経度": 144.269227, "url": "https://www.iryou.teikyouseido.mhlw.go.jp/znk-web/juminkanja/S2430/initialize?prefCd=01&kikanCd=3010026580&kikanKbn=3", "url2": "https://www.niwashika.jp", "内容": "丹羽歯科医院【3:歯科】北海道網走市南６条東１丁目５番地" }, "geometry": { "type": "Point", "coordinates": [ 144.269227, 44.019969 ] } },
{ "type": "Feature", "properties": { "ID": 133010026610, "正式名称": "米村歯科医院", "機関区分": 3, "都道府県コード": 1, "市区町村コード": 211, "所在地": "北海道網走市潮見８丁目５－１５", "緯度": 43.997971, "経度": 144.263479, "url": "https://www.iryou.teikyouseido.mhlw.go.jp/znk-web/juminkanja/S2430/initialize?prefCd=01&kikanCd=3010026610&kikanKbn=3", "url2": null, "内容": "米村歯科医院【3:歯科】北海道網走市潮見８丁目５－１５" }, "geometry": { "type": "Point", "coordinates": [ 144.263479, 43.997971 ] } },
{ "type": "Feature", "properties": { "ID": 133010026620, "正式名称": "北原歯科医院", "機関区分": 3, "都道府県コード": 1, "市区町村コード": 211, "所在地": "北海道網走市駒場南１丁目１の２６", "緯度": 44.009716, "経度": 144.27321, "url": "https://www.iryou.teikyouseido.mhlw.go.jp/znk-web/juminkanja/S2430/initialize?prefCd=01&kikanCd=3010026620&kikanKbn=3", "url2": "https://www.kitahara-clinic.com/", "内容": "北原歯科医院【3:歯科】北海道網走市駒場南１丁目１の２６" }, "geometry": { "type": "Point", "coordinates": [ 144.27321, 44.009716 ] } },
{ "type": "Feature", "properties": { "ID": 133010026630, "正式名称": "はすいけ歯科", "機関区分": 3, "都道府県コード": 1, "市区町村コード": 211, "所在地": "北海道網走市北六条西２丁目９－１", "緯度": 44.026569, "経度": 144.262868, "url": "https://www.iryou.teikyouseido.mhlw.go.jp/znk-web/juminkanja/S2430/initialize?prefCd=01&kikanCd=3010026630&kikanKbn=3", "url2": null, "内容": "はすいけ歯科【3:歯科】北海道網走市北六条西２丁目９－１" }, "geometry": { "type": "Point", "coordinates": [ 144.262868, 44.026569 ] } },
{ "type": "Feature", "properties": { "ID": 133010026640, "正式名称": "えのもと歯科医院", "機関区分": 3, "都道府県コード": 1, "市区町村コード": 211, "所在地": "北海道網走市潮見５丁目１２２番地３３号", "緯度": 44.000101, "経度": 144.27145, "url": "https://www.iryou.teikyouseido.mhlw.go.jp/znk-web/juminkanja/S2430/initialize?prefCd=01&kikanCd=3010026640&kikanKbn=3", "url2": null, "内容": "えのもと歯科医院【3:歯科】北海道網走市潮見５丁目１２２番地３３号" }, "geometry": { "type": "Point", "coordinates": [ 144.27145, 44.000101 ] } },
{ "type": "Feature", "properties": { "ID": 133010026650, "正式名称": "医療法人社団臼井歯科医院", "機関区分": 3, "都道府県コード": 1, "市区町村コード": 211, "所在地": "北海道網走市駒場南５丁目２番１２号", "緯度": 44.001999, "経度": 144.281199, "url": "https://www.iryou.teikyouseido.mhlw.go.jp/znk-web/juminkanja/S2430/initialize?prefCd=01&kikanCd=3010026650&kikanKbn=3", "url2": null, "内容": "医療法人社団臼井歯科医院【3:歯科】北海道網走市駒場南５丁目２番１２号" }, "geometry": { "type": "Point", "coordinates": [ 144.281199, 44.001999 ] } },
{ "type": "Feature", "properties": { "ID": 133010026670, "正式名称": "つくし歯科", "機関区分": 3, "都道府県コード": 1, "市区町村コード": 211, "所在地": "北海道網走市つくしヶ丘５丁目８番１０号", "緯度": 43.992059, "経度": 144.289982, "url": "https://www.iryou.teikyouseido.mhlw.go.jp/znk-web/juminkanja/S2430/initialize?prefCd=01&kikanCd=3010026670&kikanKbn=3", "url2": "http://tukuside.web.fc2.com/", "内容": "つくし歯科【3:歯科】北海道網走市つくしヶ丘５丁目８番１０号" }, "geometry": { "type": "Point", "coordinates": [ 144.289982, 43.992059 ] } },
{ "type": "Feature", "properties": { "ID": 133010026680, "正式名称": "医療法人社団　いとう歯科クリニック", "機関区分": 3, "都道府県コード": 1, "市区町村コード": 211, "所在地": "北海道網走市つくしが丘３丁目１番７号", "緯度": 43.995139, "経度": 144.284949, "url": "https://www.iryou.teikyouseido.mhlw.go.jp/znk-web/juminkanja/S2430/initialize?prefCd=01&kikanCd=3010026680&kikanKbn=3", "url2": null, "内容": "医療法人社団　いとう歯科クリニック【3:歯科】北海道網走市つくしが丘３丁目１番７号" }, "geometry": { "type": "Point", "coordinates": [ 144.284949, 43.995139 ] } },
{ "type": "Feature", "properties": { "ID": 133010026690, "正式名称": "東藻琴歯科診療所", "機関区分": 3, "都道府県コード": 1, "市区町村コード": 564, "所在地": "北海道網走郡大空町東藻琴３３８番地の２", "緯度": 43.817596, "経度": 144.31866, "url": "https://www.iryou.teikyouseido.mhlw.go.jp/znk-web/juminkanja/S2430/initialize?prefCd=01&kikanCd=3010026690&kikanKbn=3", "url2": null, "内容": "東藻琴歯科診療所【3:歯科】北海道網走郡大空町東藻琴３３８番地の２" }, "geometry": { "type": "Point", "coordinates": [ 144.31866, 43.817596 ] } },
{ "type": "Feature", "properties": { "ID": 133010026700, "正式名称": "すずき歯科医院", "機関区分": 3, "都道府県コード": 1, "市区町村コード": 545, "所在地": "北海道斜里郡斜里町文光町４１番地９", "緯度": 43.90828, "経度": 144.65591, "url": "https://www.iryou.teikyouseido.mhlw.go.jp/znk-web/juminkanja/S2430/initialize?prefCd=01&kikanCd=3010026700&kikanKbn=3", "url2": null, "内容": "すずき歯科医院【3:歯科】北海道斜里郡斜里町文光町４１番地９" }, "geometry": { "type": "Point", "coordinates": [ 144.65591, 43.90828 ] } },
{ "type": "Feature", "properties": { "ID": 133010026720, "正式名称": "医療法人社団丹羽歯科医院", "機関区分": 3, "都道府県コード": 1, "市区町村コード": 545, "所在地": "北海道斜里郡斜里町朝日町２０番地１０", "緯度": 43.907016, "経度": 144.671893, "url": "https://www.iryou.teikyouseido.mhlw.go.jp/znk-web/juminkanja/S2430/initialize?prefCd=01&kikanCd=3010026720&kikanKbn=3", "url2": null, "内容": "医療法人社団丹羽歯科医院【3:歯科】北海道斜里郡斜里町朝日町２０番地１０" }, "geometry": { "type": "Point", "coordinates": [ 144.671893, 43.907016 ] } },
{ "type": "Feature", "properties": { "ID": 133010026740, "正式名称": "たきかわ歯科医医院", "機関区分": 3, "都道府県コード": 1, "市区町村コード": 545, "所在地": "北海道斜里郡斜里町文光町５８番地", "緯度": 43.90828, "経度": 144.65591, "url": "https://www.iryou.teikyouseido.mhlw.go.jp/znk-web/juminkanja/S2430/initialize?prefCd=01&kikanCd=3010026740&kikanKbn=3", "url2": null, "内容": "たきかわ歯科医医院【3:歯科】北海道斜里郡斜里町文光町５８番地" }, "geometry": { "type": "Point", "coordinates": [ 144.65591, 43.90828 ] } },
{ "type": "Feature", "properties": { "ID": 133010026750, "正式名称": "斜里中央歯科", "機関区分": 3, "都道府県コード": 1, "市区町村コード": 545, "所在地": "北海道斜里郡斜里町本町３７－２５", "緯度": 43.911369, "経度": 144.664645, "url": "https://www.iryou.teikyouseido.mhlw.go.jp/znk-web/juminkanja/S2430/initialize?prefCd=01&kikanCd=3010026750&kikanKbn=3", "url2": null, "内容": "斜里中央歯科【3:歯科】北海道斜里郡斜里町本町３７－２５" }, "geometry": { "type": "Point", "coordinates": [ 144.664645, 43.911369 ] } },
{ "type": "Feature", "properties": { "ID": 133010026760, "正式名称": "医療法人社団丹羽歯科医院知床デンタルクリニック", "機関区分": 3, "都道府県コード": 1, "市区町村コード": 545, "所在地": "北海道斜里郡斜里町字ウトロ香川１４１番地１", "緯度": 44.070282, "経度": 144.99922, "url": "https://www.iryou.teikyouseido.mhlw.go.jp/znk-web/juminkanja/S2430/initialize?prefCd=01&kikanCd=3010026760&kikanKbn=3", "url2": null, "内容": "医療法人社団丹羽歯科医院知床デンタルクリニック【3:歯科】北海道斜里郡斜里町字ウトロ香川１４１番地１" }, "geometry": { "type": "Point", "coordinates": [ 144.99922, 44.070282 ] } },
{ "type": "Feature", "properties": { "ID": 133010026770, "正式名称": "まるぜん総合歯科", "機関区分": 3, "都道府県コード": 1, "市区町村コード": 546, "所在地": "北海道斜里郡清里町羽衣町３６番地６３", "緯度": 43.829384, "経度": 144.593348, "url": "https://www.iryou.teikyouseido.mhlw.go.jp/znk-web/juminkanja/S2430/initialize?prefCd=01&kikanCd=3010026770&kikanKbn=3", "url2": null, "内容": "まるぜん総合歯科【3:歯科】北海道斜里郡清里町羽衣町３６番地６３" }, "geometry": { "type": "Point", "coordinates": [ 144.593348, 43.829384 ] } },
{ "type": "Feature", "properties": { "ID": 133010026790, "正式名称": "エノモト歯科医院", "機関区分": 3, "都道府県コード": 1, "市区町村コード": 547, "所在地": "北海道斜里郡小清水町南町２丁目１３番５号", "緯度": 43.854018, "経度": 144.464441, "url": "https://www.iryou.teikyouseido.mhlw.go.jp/znk-web/juminkanja/S2430/initialize?prefCd=01&kikanCd=3010026790&kikanKbn=3", "url2": null, "内容": "エノモト歯科医院【3:歯科】北海道斜里郡小清水町南町２丁目１３番５号" }, "geometry": { "type": "Point", "coordinates": [ 144.464441, 43.854018 ] } },
{ "type": "Feature", "properties": { "ID": 133010026810, "正式名称": "めまんべつ歯科", "機関区分": 3, "都道府県コード": 1, "市区町村コード": 564, "所在地": "北海道網走郡大空町女満別西２条４丁目１０番２号", "緯度": 43.9123302, "経度": 144.1732407, "url": "https://www.iryou.teikyouseido.mhlw.go.jp/znk-web/juminkanja/S2430/initialize?prefCd=01&kikanCd=3010026810&kikanKbn=3", "url2": null, "内容": "めまんべつ歯科【3:歯科】北海道網走郡大空町女満別西２条４丁目１０番２号" }, "geometry": { "type": "Point", "coordinates": [ 144.1732407, 43.9123302 ] } },
{ "type": "Feature", "properties": { "ID": 133010026820, "正式名称": "守屋歯科医院", "機関区分": 3, "都道府県コード": 1, "市区町村コード": 564, "所在地": "北海道網走郡大空町女満別西３条２丁目５－９", "緯度": 43.91184, "経度": 144.168157, "url": "https://www.iryou.teikyouseido.mhlw.go.jp/znk-web/juminkanja/S2430/initialize?prefCd=01&kikanCd=3010026820&kikanKbn=3", "url2": null, "内容": "守屋歯科医院【3:歯科】北海道網走郡大空町女満別西３条２丁目５－９" }, "geometry": { "type": "Point", "coordinates": [ 144.168157, 43.91184 ] } },
{ "type": "Feature", "properties": { "ID": 133010026850, "正式名称": "医療法人社団たかはし歯科医院", "機関区分": 3, "都道府県コード": 1, "市区町村コード": 219, "所在地": "北海道紋別市渚滑町４丁目９７番地１", "緯度": 44.37197, "経度": 143.315373, "url": "https://www.iryou.teikyouseido.mhlw.go.jp/znk-web/juminkanja/S2430/initialize?prefCd=01&kikanCd=3010026850&kikanKbn=3", "url2": null, "内容": "医療法人社団たかはし歯科医院【3:歯科】北海道紋別市渚滑町４丁目９７番地１" }, "geometry": { "type": "Point", "coordinates": [ 143.315373, 44.37197 ] } },
{ "type": "Feature", "properties": { "ID": 133010026860, "正式名称": "医療法人社団河野歯科医院", "機関区分": 3, "都道府県コード": 1, "市区町村コード": 219, "所在地": "北海道紋別市幸町４丁目１番１９号", "緯度": 44.353223, "経度": 143.35326, "url": "https://www.iryou.teikyouseido.mhlw.go.jp/znk-web/juminkanja/S2430/initialize?prefCd=01&kikanCd=3010026860&kikanKbn=3", "url2": null, "内容": "医療法人社団河野歯科医院【3:歯科】北海道紋別市幸町４丁目１番１９号" }, "geometry": { "type": "Point", "coordinates": [ 143.35326, 44.353223 ] } },
{ "type": "Feature", "properties": { "ID": 133010026880, "正式名称": "医療法人社団三浦歯科医院", "機関区分": 3, "都道府県コード": 1, "市区町村コード": 219, "所在地": "北海道紋別市幸町３丁目２番１９号", "緯度": 44.355334, "経度": 143.354899, "url": "https://www.iryou.teikyouseido.mhlw.go.jp/znk-web/juminkanja/S2430/initialize?prefCd=01&kikanCd=3010026880&kikanKbn=3", "url2": null, "内容": "医療法人社団三浦歯科医院【3:歯科】北海道紋別市幸町３丁目２番１９号" }, "geometry": { "type": "Point", "coordinates": [ 143.354899, 44.355334 ] } },
{ "type": "Feature", "properties": { "ID": 133010026890, "正式名称": "医療法人社団　若松歯科医院", "機関区分": 3, "都道府県コード": 1, "市区町村コード": 219, "所在地": "北海道紋別市真砂町５丁目２番１９号", "緯度": 44.362722, "経度": 143.353565, "url": "https://www.iryou.teikyouseido.mhlw.go.jp/znk-web/juminkanja/S2430/initialize?prefCd=01&kikanCd=3010026890&kikanKbn=3", "url2": null, "内容": "医療法人社団　若松歯科医院【3:歯科】北海道紋別市真砂町５丁目２番１９号" }, "geometry": { "type": "Point", "coordinates": [ 143.353565, 44.362722 ] } },
{ "type": "Feature", "properties": { "ID": 133010026930, "正式名称": "紋別市立上渚滑歯科診療所", "機関区分": 3, "都道府県コード": 1, "市区町村コード": 219, "所在地": "北海道紋別市上渚滑町２丁目９－２", "緯度": 44.241761, "経度": 143.257079, "url": "https://www.iryou.teikyouseido.mhlw.go.jp/znk-web/juminkanja/S2430/initialize?prefCd=01&kikanCd=3010026930&kikanKbn=3", "url2": null, "内容": "紋別市立上渚滑歯科診療所【3:歯科】北海道紋別市上渚滑町２丁目９－２" }, "geometry": { "type": "Point", "coordinates": [ 143.257079, 44.241761 ] } },
{ "type": "Feature", "properties": { "ID": 133010026940, "正式名称": "浜口歯科医院", "機関区分": 3, "都道府県コード": 1, "市区町村コード": 219, "所在地": "北海道紋別市港町７丁目３番１９号", "緯度": 44.347529, "経度": 143.357038, "url": "https://www.iryou.teikyouseido.mhlw.go.jp/znk-web/juminkanja/S2430/initialize?prefCd=01&kikanCd=3010026940&kikanKbn=3", "url2": null, "内容": "浜口歯科医院【3:歯科】北海道紋別市港町７丁目３番１９号" }, "geometry": { "type": "Point", "coordinates": [ 143.357038, 44.347529 ] } },
{ "type": "Feature", "properties": { "ID": 133010026950, "正式名称": "ひろせ歯科医院", "機関区分": 3, "都道府県コード": 1, "市区町村コード": 219, "所在地": "北海道紋別市南が丘町４丁目３－７", "緯度": 44.338975, "経度": 143.352066, "url": "https://www.iryou.teikyouseido.mhlw.go.jp/znk-web/juminkanja/S2430/initialize?prefCd=01&kikanCd=3010026950&kikanKbn=3", "url2": null, "内容": "ひろせ歯科医院【3:歯科】北海道紋別市南が丘町４丁目３－７" }, "geometry": { "type": "Point", "coordinates": [ 143.352066, 44.338975 ] } },
{ "type": "Feature", "properties": { "ID": 133010026960, "正式名称": "佐呂間町若佐歯科診療所", "機関区分": 3, "都道府県コード": 1, "市区町村コード": 552, "所在地": "北海道常呂郡佐呂間町若佐１９番地１", "緯度": 43.983074, "経度": 143.702942, "url": "https://www.iryou.teikyouseido.mhlw.go.jp/znk-web/juminkanja/S2430/initialize?prefCd=01&kikanCd=3010026960&kikanKbn=3", "url2": null, "内容": "佐呂間町若佐歯科診療所【3:歯科】北海道常呂郡佐呂間町若佐１９番地１" }, "geometry": { "type": "Point", "coordinates": [ 143.702942, 43.983074 ] } },
{ "type": "Feature", "properties": { "ID": 133010026970, "正式名称": "医療法人紘仁会　やつ歯科医院", "機関区分": 3, "都道府県コード": 1, "市区町村コード": 552, "所在地": "北海道常呂郡佐呂間町字幸町１９番地の１２", "緯度": 44.019572, "経度": 143.77874, "url": "https://www.iryou.teikyouseido.mhlw.go.jp/znk-web/juminkanja/S2430/initialize?prefCd=01&kikanCd=3010026970&kikanKbn=3", "url2": null, "内容": "医療法人紘仁会　やつ歯科医院【3:歯科】北海道常呂郡佐呂間町字幸町１９番地の１２" }, "geometry": { "type": "Point", "coordinates": [ 143.77874, 44.019572 ] } },
{ "type": "Feature", "properties": { "ID": 133010026990, "正式名称": "アサヒ歯科クリニック", "機関区分": 3, "都道府県コード": 1, "市区町村コード": 555, "所在地": "北海道紋別郡遠軽町岩見通北１丁目２番地３２", "緯度": 44.060174, "経度": 143.522371, "url": "https://www.iryou.teikyouseido.mhlw.go.jp/znk-web/juminkanja/S2430/initialize?prefCd=01&kikanCd=3010026990&kikanKbn=3", "url2": null, "内容": "アサヒ歯科クリニック【3:歯科】北海道紋別郡遠軽町岩見通北１丁目２番地３２" }, "geometry": { "type": "Point", "coordinates": [ 143.522371, 44.060174 ] } },
{ "type": "Feature", "properties": { "ID": 133010027020, "正式名称": "東海林歯科医院", "機関区分": 3, "都道府県コード": 1, "市区町村コード": 555, "所在地": "北海道紋別郡遠軽町大通北２丁目２番地１１", "緯度": 44.061368, "経度": 143.525731, "url": "https://www.iryou.teikyouseido.mhlw.go.jp/znk-web/juminkanja/S2430/initialize?prefCd=01&kikanCd=3010027020&kikanKbn=3", "url2": null, "内容": "東海林歯科医院【3:歯科】北海道紋別郡遠軽町大通北２丁目２番地１１" }, "geometry": { "type": "Point", "coordinates": [ 143.525731, 44.061368 ] } },
{ "type": "Feature", "properties": { "ID": 133010027030, "正式名称": "医療法人社団伴歯科医院", "機関区分": 3, "都道府県コード": 1, "市区町村コード": 555, "所在地": "北海道紋別郡遠軽町岩見通南１丁目３番地１７", "緯度": 44.058146, "経度": 143.520732, "url": "https://www.iryou.teikyouseido.mhlw.go.jp/znk-web/juminkanja/S2430/initialize?prefCd=01&kikanCd=3010027030&kikanKbn=3", "url2": null, "内容": "医療法人社団伴歯科医院【3:歯科】北海道紋別郡遠軽町岩見通南１丁目３番地１７" }, "geometry": { "type": "Point", "coordinates": [ 143.520732, 44.058146 ] } },
{ "type": "Feature", "properties": { "ID": 133010027040, "正式名称": "竹林歯科医院", "機関区分": 3, "都道府県コード": 1, "市区町村コード": 555, "所在地": "北海道紋別郡遠軽町１条通南１丁目１番地５", "緯度": 44.058202, "経度": 143.525204, "url": "https://www.iryou.teikyouseido.mhlw.go.jp/znk-web/juminkanja/S2430/initialize?prefCd=01&kikanCd=3010027040&kikanKbn=3", "url2": null, "内容": "竹林歯科医院【3:歯科】北海道紋別郡遠軽町１条通南１丁目１番地５" }, "geometry": { "type": "Point", "coordinates": [ 143.525204, 44.058202 ] } },
{ "type": "Feature", "properties": { "ID": 133010027050, "正式名称": "中川歯科", "機関区分": 3, "都道府県コード": 1, "市区町村コード": 555, "所在地": "北海道紋別郡遠軽町南町３丁目２番１２５", "緯度": 44.046953, "経度": 143.522982, "url": "https://www.iryou.teikyouseido.mhlw.go.jp/znk-web/juminkanja/S2430/initialize?prefCd=01&kikanCd=3010027050&kikanKbn=3", "url2": null, "内容": "中川歯科【3:歯科】北海道紋別郡遠軽町南町３丁目２番１２５" }, "geometry": { "type": "Point", "coordinates": [ 143.522982, 44.046953 ] } },
{ "type": "Feature", "properties": { "ID": 133010027060, "正式名称": "生田原歯科診療所", "機関区分": 3, "都道府県コード": 1, "市区町村コード": 555, "所在地": "北海道紋別郡遠軽町生田原２７８番地の２５", "緯度": 43.923411, "経度": 143.533265, "url": "https://www.iryou.teikyouseido.mhlw.go.jp/znk-web/juminkanja/S2430/initialize?prefCd=01&kikanCd=3010027060&kikanKbn=3", "url2": null, "内容": "生田原歯科診療所【3:歯科】北海道紋別郡遠軽町生田原２７８番地の２５" }, "geometry": { "type": "Point", "coordinates": [ 143.533265, 43.923411 ] } },
{ "type": "Feature", "properties": { "ID": 133010027090, "正式名称": "医療法人社団　あべ歯科クリニック", "機関区分": 3, "都道府県コード": 1, "市区町村コード": 555, "所在地": "北海道紋別郡遠軽町南町１丁目１－３５", "緯度": 44.052036, "経度": 143.52151, "url": "https://www.iryou.teikyouseido.mhlw.go.jp/znk-web/juminkanja/S2430/initialize?prefCd=01&kikanCd=3010027090&kikanKbn=3", "url2": null, "内容": "医療法人社団　あべ歯科クリニック【3:歯科】北海道紋別郡遠軽町南町１丁目１－３５" }, "geometry": { "type": "Point", "coordinates": [ 143.52151, 44.052036 ] } },
{ "type": "Feature", "properties": { "ID": 133010027100, "正式名称": "上湧別歯科診療所", "機関区分": 3, "都道府県コード": 1, "市区町村コード": 559, "所在地": "北海道紋別郡湧別町上湧別屯田市街地２９１番地の１", "緯度": 44.151776, "経度": 143.571862, "url": "https://www.iryou.teikyouseido.mhlw.go.jp/znk-web/juminkanja/S2430/initialize?prefCd=01&kikanCd=3010027100&kikanKbn=3", "url2": null, "内容": "上湧別歯科診療所【3:歯科】北海道紋別郡湧別町上湧別屯田市街地２９１番地の１" }, "geometry": { "type": "Point", "coordinates": [ 143.571862, 44.151776 ] } },
{ "type": "Feature", "properties": { "ID": 133010027120, "正式名称": "佐々木歯科医院", "機関区分": 3, "都道府県コード": 1, "市区町村コード": 559, "所在地": "北海道紋別郡湧別町中湧別中町４５０番", "緯度": 44.185384, "経度": 143.594775, "url": "https://www.iryou.teikyouseido.mhlw.go.jp/znk-web/juminkanja/S2430/initialize?prefCd=01&kikanCd=3010027120&kikanKbn=3", "url2": null, "内容": "佐々木歯科医院【3:歯科】北海道紋別郡湧別町中湧別中町４５０番" }, "geometry": { "type": "Point", "coordinates": [ 143.594775, 44.185384 ] } },
{ "type": "Feature", "properties": { "ID": 133010027130, "正式名称": "湧別歯科診療所", "機関区分": 3, "都道府県コード": 1, "市区町村コード": 559, "所在地": "北海道紋別郡湧別町栄町１１２番地の５", "緯度": 44.221686, "経度": 143.616828, "url": "https://www.iryou.teikyouseido.mhlw.go.jp/znk-web/juminkanja/S2430/initialize?prefCd=01&kikanCd=3010027130&kikanKbn=3", "url2": null, "内容": "湧別歯科診療所【3:歯科】北海道紋別郡湧別町栄町１１２番地の５" }, "geometry": { "type": "Point", "coordinates": [ 143.616828, 44.221686 ] } },
{ "type": "Feature", "properties": { "ID": 133010027140, "正式名称": "滝上町歯科診療所", "機関区分": 3, "都道府県コード": 1, "市区町村コード": 560, "所在地": "北海道紋別郡滝上町字サクルー原野基線１３番地", "緯度": 44.19243, "経度": 143.077818, "url": "https://www.iryou.teikyouseido.mhlw.go.jp/znk-web/juminkanja/S2430/initialize?prefCd=01&kikanCd=3010027140&kikanKbn=3", "url2": null, "内容": "滝上町歯科診療所【3:歯科】北海道紋別郡滝上町字サクルー原野基線１３番地" }, "geometry": { "type": "Point", "coordinates": [ 143.077818, 44.19243 ] } },
{ "type": "Feature", "properties": { "ID": 133010027150, "正式名称": "まきむら歯科医院", "機関区分": 3, "都道府県コード": 1, "市区町村コード": 561, "所在地": "北海道紋別郡興部町字興部７０９番地１の１", "緯度": 44.470234, "経度": 143.12494, "url": "https://www.iryou.teikyouseido.mhlw.go.jp/znk-web/juminkanja/S2430/initialize?prefCd=01&kikanCd=3010027150&kikanKbn=3", "url2": null, "内容": "まきむら歯科医院【3:歯科】北海道紋別郡興部町字興部７０９番地１の１" }, "geometry": { "type": "Point", "coordinates": [ 143.12494, 44.470234 ] } },
{ "type": "Feature", "properties": { "ID": 133010027170, "正式名称": "西興部歯科診療所", "機関区分": 3, "都道府県コード": 1, "市区町村コード": 562, "所在地": "北海道紋別郡西興部村字西興部４８８番地", "緯度": 44.329774, "経度": 142.946295, "url": "https://www.iryou.teikyouseido.mhlw.go.jp/znk-web/juminkanja/S2430/initialize?prefCd=01&kikanCd=3010027170&kikanKbn=3", "url2": null, "内容": "西興部歯科診療所【3:歯科】北海道紋別郡西興部村字西興部４８８番地" }, "geometry": { "type": "Point", "coordinates": [ 142.946295, 44.329774 ] } },
{ "type": "Feature", "properties": { "ID": 133010027180, "正式名称": "平田歯科医院", "機関区分": 3, "都道府県コード": 1, "市区町村コード": 563, "所在地": "北海道紋別郡雄武町字雄武１４８２番地の６", "緯度": 44.586358, "経度": 142.958782, "url": "https://www.iryou.teikyouseido.mhlw.go.jp/znk-web/juminkanja/S2430/initialize?prefCd=01&kikanCd=3010027180&kikanKbn=3", "url2": "http://www.hiratasika.net/", "内容": "平田歯科医院【3:歯科】北海道紋別郡雄武町字雄武１４８２番地の６" }, "geometry": { "type": "Point", "coordinates": [ 142.958782, 44.586358 ] } },
{ "type": "Feature", "properties": { "ID": 133010027250, "正式名称": "つがやす歯科医院", "機関区分": 3, "都道府県コード": 1, "市区町村コード": 207, "所在地": "北海道帯広市西１０条南９丁目５－５", "緯度": 42.9210732, "経度": 143.1894997, "url": "https://www.iryou.teikyouseido.mhlw.go.jp/znk-web/juminkanja/S2430/initialize?prefCd=01&kikanCd=3010027250&kikanKbn=3", "url2": "http://www.tsugayasu-sika.jp/", "内容": "つがやす歯科医院【3:歯科】北海道帯広市西１０条南９丁目５－５" }, "geometry": { "type": "Point", "coordinates": [ 143.1894997, 42.9210732 ] } },
{ "type": "Feature", "properties": { "ID": 133010027310, "正式名称": "恵愛歯科クリニック", "機関区分": 3, "都道府県コード": 1, "市区町村コード": 207, "所在地": "北海道帯広市東３条南１１丁目１０－１", "緯度": 42.92025, "経度": 143.210643, "url": "https://www.iryou.teikyouseido.mhlw.go.jp/znk-web/juminkanja/S2430/initialize?prefCd=01&kikanCd=3010027310&kikanKbn=3", "url2": null, "内容": "恵愛歯科クリニック【3:歯科】北海道帯広市東３条南１１丁目１０－１" }, "geometry": { "type": "Point", "coordinates": [ 143.210643, 42.92025 ] } },
{ "type": "Feature", "properties": { "ID": 133010027320, "正式名称": "小林歯科医院", "機関区分": 3, "都道府県コード": 1, "市区町村コード": 207, "所在地": "北海道帯広市西１条南１０丁目１９番地", "緯度": 42.9204819, "経度": 143.2034643, "url": "https://www.iryou.teikyouseido.mhlw.go.jp/znk-web/juminkanja/S2430/initialize?prefCd=01&kikanCd=3010027320&kikanKbn=3", "url2": null, "内容": "小林歯科医院【3:歯科】北海道帯広市西１条南１０丁目１９番地" }, "geometry": { "type": "Point", "coordinates": [ 143.2034643, 42.9204819 ] } },
{ "type": "Feature", "properties": { "ID": 133010027330, "正式名称": "吉川歯科医院", "機関区分": 3, "都道府県コード": 1, "市区町村コード": 207, "所在地": "北海道帯広市西１１条南４丁目５番地", "緯度": 35.993867, "経度": 139.383425, "url": "https://www.iryou.teikyouseido.mhlw.go.jp/znk-web/juminkanja/S2430/initialize?prefCd=01&kikanCd=3010027330&kikanKbn=3", "url2": null, "内容": "吉川歯科医院【3:歯科】北海道帯広市西１１条南４丁目５番地" }, "geometry": { "type": "Point", "coordinates": [ 139.383425, 35.993867 ] } },
{ "type": "Feature", "properties": { "ID": 133010027340, "正式名称": "兼松歯科医院", "機関区分": 3, "都道府県コード": 1, "市区町村コード": 207, "所在地": "北海道帯広市大空町３－１４－８", "緯度": 42.875989, "経度": 143.151928, "url": "https://www.iryou.teikyouseido.mhlw.go.jp/znk-web/juminkanja/S2430/initialize?prefCd=01&kikanCd=3010027340&kikanKbn=3", "url2": null, "内容": "兼松歯科医院【3:歯科】北海道帯広市大空町３－１４－８" }, "geometry": { "type": "Point", "coordinates": [ 143.151928, 42.875989 ] } },
{ "type": "Feature", "properties": { "ID": 133010027350, "正式名称": "鈴木愼一歯科医院", "機関区分": 3, "都道府県コード": 1, "市区町村コード": 207, "所在地": "北海道帯広市西２１条南２丁目４５番２号", "緯度": 35.982463, "経度": 139.358401, "url": "https://www.iryou.teikyouseido.mhlw.go.jp/znk-web/juminkanja/S2430/initialize?prefCd=01&kikanCd=3010027350&kikanKbn=3", "url2": null, "内容": "鈴木愼一歯科医院【3:歯科】北海道帯広市西２１条南２丁目４５番２号" }, "geometry": { "type": "Point", "coordinates": [ 139.358401, 35.982463 ] } },
{ "type": "Feature", "properties": { "ID": 133010027370, "正式名称": "武田重喜歯科医院", "機関区分": 3, "都道府県コード": 1, "市区町村コード": 207, "所在地": "北海道帯広市西１６条南４丁目４４番１８号", "緯度": 42.9145768, "経度": 143.1742006, "url": "https://www.iryou.teikyouseido.mhlw.go.jp/znk-web/juminkanja/S2430/initialize?prefCd=01&kikanCd=3010027370&kikanKbn=3", "url2": null, "内容": "武田重喜歯科医院【3:歯科】北海道帯広市西１６条南４丁目４４番１８号" }, "geometry": { "type": "Point", "coordinates": [ 143.1742006, 42.9145768 ] } },
{ "type": "Feature", "properties": { "ID": 133010027390, "正式名称": "遠藤歯科医院", "機関区分": 3, "都道府県コード": 1, "市区町村コード": 207, "所在地": "北海道帯広市新町東１０丁目７番地", "緯度": 42.920994, "経度": 143.186518, "url": "https://www.iryou.teikyouseido.mhlw.go.jp/znk-web/juminkanja/S2430/initialize?prefCd=01&kikanCd=3010027390&kikanKbn=3", "url2": "https//www.dent-end.com", "内容": "遠藤歯科医院【3:歯科】北海道帯広市新町東１０丁目７番地" }, "geometry": { "type": "Point", "coordinates": [ 143.186518, 42.920994 ] } },
{ "type": "Feature", "properties": { "ID": 133010027420, "正式名称": "酒井歯科医院", "機関区分": 3, "都道府県コード": 1, "市区町村コード": 207, "所在地": "北海道帯広市大通南１０丁目１９番地", "緯度": 42.9205535, "経度": 143.2050263, "url": "https://www.iryou.teikyouseido.mhlw.go.jp/znk-web/juminkanja/S2430/initialize?prefCd=01&kikanCd=3010027420&kikanKbn=3", "url2": null, "内容": "酒井歯科医院【3:歯科】北海道帯広市大通南１０丁目１９番地" }, "geometry": { "type": "Point", "coordinates": [ 143.205026299999986, 42.9205535 ] } },
{ "type": "Feature", "properties": { "ID": 133010027430, "正式名称": "わたなべビル歯科医院", "機関区分": 3, "都道府県コード": 1, "市区町村コード": 207, "所在地": "北海道帯広市西２条南８丁目４番地渡辺ビル２階", "緯度": 42.92348, "経度": 143.202141, "url": "https://www.iryou.teikyouseido.mhlw.go.jp/znk-web/juminkanja/S2430/initialize?prefCd=01&kikanCd=3010027430&kikanKbn=3", "url2": null, "内容": "わたなべビル歯科医院【3:歯科】北海道帯広市西２条南８丁目４番地渡辺ビル２階" }, "geometry": { "type": "Point", "coordinates": [ 143.202141, 42.92348 ] } },
{ "type": "Feature", "properties": { "ID": 133010027470, "正式名称": "柴多歯科医院", "機関区分": 3, "都道府県コード": 1, "市区町村コード": 207, "所在地": "北海道帯広市西１９条南５丁目１２番地９", "緯度": 42.9039811, "経度": 143.1588585, "url": "https://www.iryou.teikyouseido.mhlw.go.jp/znk-web/juminkanja/S2430/initialize?prefCd=01&kikanCd=3010027470&kikanKbn=3", "url2": null, "内容": "柴多歯科医院【3:歯科】北海道帯広市西１９条南５丁目１２番地９" }, "geometry": { "type": "Point", "coordinates": [ 143.1588585, 42.9039811 ] } },
{ "type": "Feature", "properties": { "ID": 133010027480, "正式名称": "自由ヶ丘歯科クリニック", "機関区分": 3, "都道府県コード": 1, "市区町村コード": 207, "所在地": "北海道帯広市自由が丘２丁目１番地５", "緯度": 42.903587, "経度": 143.15828, "url": "https://www.iryou.teikyouseido.mhlw.go.jp/znk-web/juminkanja/S2430/initialize?prefCd=01&kikanCd=3010027480&kikanKbn=3", "url2": null, "内容": "自由ヶ丘歯科クリニック【3:歯科】北海道帯広市自由が丘２丁目１番地５" }, "geometry": { "type": "Point", "coordinates": [ 143.15828, 42.903587 ] } },
{ "type": "Feature", "properties": { "ID": 133010027520, "正式名称": "武田歯科クリニック", "機関区分": 3, "都道府県コード": 1, "市区町村コード": 207, "所在地": "北海道帯広市西５条南３９丁目４番２号", "緯度": 35.856895, "経度": 139.377675, "url": "https://www.iryou.teikyouseido.mhlw.go.jp/znk-web/juminkanja/S2430/initialize?prefCd=01&kikanCd=3010027520&kikanKbn=3", "url2": null, "内容": "武田歯科クリニック【3:歯科】北海道帯広市西５条南３９丁目４番２号" }, "geometry": { "type": "Point", "coordinates": [ 139.377675, 35.856895 ] } },
{ "type": "Feature", "properties": { "ID": 133010027550, "正式名称": "医療法人社団斉藤歯科医院", "機関区分": 3, "都道府県コード": 1, "市区町村コード": 207, "所在地": "北海道帯広市西９条南１３丁目４番地４", "緯度": 42.916068, "経度": 143.19084, "url": "https://www.iryou.teikyouseido.mhlw.go.jp/znk-web/juminkanja/S2430/initialize?prefCd=01&kikanCd=3010027550&kikanKbn=3", "url2": "http://www6.plala.or.jp/saitou3/", "内容": "医療法人社団斉藤歯科医院【3:歯科】北海道帯広市西９条南１３丁目４番地４" }, "geometry": { "type": "Point", "coordinates": [ 143.19084, 42.916068 ] } },
{ "type": "Feature", "properties": { "ID": 133010027570, "正式名称": "医療法人社団コスモ歯科高田医院", "機関区分": 3, "都道府県コード": 1, "市区町村コード": 207, "所在地": "北海道帯広市西２条南２１丁目２番地２", "緯度": 42.9083684, "経度": 143.2045034, "url": "https://www.iryou.teikyouseido.mhlw.go.jp/znk-web/juminkanja/S2430/initialize?prefCd=01&kikanCd=3010027570&kikanKbn=3", "url2": null, "内容": "医療法人社団コスモ歯科高田医院【3:歯科】北海道帯広市西２条南２１丁目２番地２" }, "geometry": { "type": "Point", "coordinates": [ 143.2045034, 42.9083684 ] } },
{ "type": "Feature", "properties": { "ID": 133010027590, "正式名称": "デンタルクリニックすぎむら", "機関区分": 3, "都道府県コード": 1, "市区町村コード": 207, "所在地": "北海道帯広市西２５条南１丁目１４番地１２", "緯度": 42.9217607, "経度": 143.1163824, "url": "https://www.iryou.teikyouseido.mhlw.go.jp/znk-web/juminkanja/S2430/initialize?prefCd=01&kikanCd=3010027590&kikanKbn=3", "url2": null, "内容": "デンタルクリニックすぎむら【3:歯科】北海道帯広市西２５条南１丁目１４番地１２" }, "geometry": { "type": "Point", "coordinates": [ 143.1163824, 42.9217607 ] } },
{ "type": "Feature", "properties": { "ID": 133010027600, "正式名称": "医療法人社団佐々木歯科医院", "機関区分": 3, "都道府県コード": 1, "市区町村コード": 207, "所在地": "北海道帯広市西６条南９丁目１番地", "緯度": 35.8574, "経度": 139.382008, "url": "https://www.iryou.teikyouseido.mhlw.go.jp/znk-web/juminkanja/S2430/initialize?prefCd=01&kikanCd=3010027600&kikanKbn=3", "url2": null, "内容": "医療法人社団佐々木歯科医院【3:歯科】北海道帯広市西６条南９丁目１番地" }, "geometry": { "type": "Point", "coordinates": [ 139.382008, 35.8574 ] } },
{ "type": "Feature", "properties": { "ID": 133010027620, "正式名称": "医療法人社団小口歯科医院", "機関区分": 3, "都道府県コード": 1, "市区町村コード": 207, "所在地": "北海道帯広市西１９条南２丁目２８番１９号", "緯度": 35.981134, "経度": 139.361778, "url": "https://www.iryou.teikyouseido.mhlw.go.jp/znk-web/juminkanja/S2430/initialize?prefCd=01&kikanCd=3010027620&kikanKbn=3", "url2": "http://www.ogudent.com", "内容": "医療法人社団小口歯科医院【3:歯科】北海道帯広市西１９条南２丁目２８番１９号" }, "geometry": { "type": "Point", "coordinates": [ 139.361778, 35.981134 ] } },
{ "type": "Feature", "properties": { "ID": 133010027670, "正式名称": "わだ歯科クリニック", "機関区分": 3, "都道府県コード": 1, "市区町村コード": 207, "所在地": "北海道帯広市西２０条南３丁目１番６号", "緯度": 42.9173658, "経度": 143.1510689, "url": "https://www.iryou.teikyouseido.mhlw.go.jp/znk-web/juminkanja/S2430/initialize?prefCd=01&kikanCd=3010027670&kikanKbn=3", "url2": null, "内容": "わだ歯科クリニック【3:歯科】北海道帯広市西２０条南３丁目１番６号" }, "geometry": { "type": "Point", "coordinates": [ 143.151068900000013, 42.9173658 ] } },
{ "type": "Feature", "properties": { "ID": 133010027680, "正式名称": "十勝歯科保健センター", "機関区分": 3, "都道府県コード": 1, "市区町村コード": 207, "所在地": "北海道帯広市東７条南９丁目１５番３", "緯度": 35.857608, "経度": 139.381696, "url": "https://www.iryou.teikyouseido.mhlw.go.jp/znk-web/juminkanja/S2430/initialize?prefCd=01&kikanCd=3010027680&kikanKbn=3", "url2": null, "内容": "十勝歯科保健センター【3:歯科】北海道帯広市東７条南９丁目１５番３" }, "geometry": { "type": "Point", "coordinates": [ 139.381696, 35.857608 ] } },
{ "type": "Feature", "properties": { "ID": 133010027690, "正式名称": "はたやま歯科医院", "機関区分": 3, "都道府県コード": 1, "市区町村コード": 207, "所在地": "北海道帯広市西１５条北５丁目２番地６", "緯度": 42.9353715, "経度": 143.1772361, "url": "https://www.iryou.teikyouseido.mhlw.go.jp/znk-web/juminkanja/S2430/initialize?prefCd=01&kikanCd=3010027690&kikanKbn=3", "url2": null, "内容": "はたやま歯科医院【3:歯科】北海道帯広市西１５条北５丁目２番地６" }, "geometry": { "type": "Point", "coordinates": [ 143.177236099999988, 42.9353715 ] } },
{ "type": "Feature", "properties": { "ID": 133010027700, "正式名称": "おおたき歯科", "機関区分": 3, "都道府県コード": 1, "市区町村コード": 207, "所在地": "北海道帯広市西２１条南３丁目２－５", "緯度": 42.9160228, "経度": 143.1441335, "url": "https://www.iryou.teikyouseido.mhlw.go.jp/znk-web/juminkanja/S2430/initialize?prefCd=01&kikanCd=3010027700&kikanKbn=3", "url2": "http://www.ohtakishika.jp/", "内容": "おおたき歯科【3:歯科】北海道帯広市西２１条南３丁目２－５" }, "geometry": { "type": "Point", "coordinates": [ 143.1441335, 42.9160228 ] } },
{ "type": "Feature", "properties": { "ID": 133010027730, "正式名称": "のえこども歯科", "機関区分": 3, "都道府県コード": 1, "市区町村コード": 207, "所在地": "北海道帯広市西５条南２２丁目１－４ＡＳＡＨＩビル２階", "緯度": 35.856895, "経度": 139.377675, "url": "https://www.iryou.teikyouseido.mhlw.go.jp/znk-web/juminkanja/S2430/initialize?prefCd=01&kikanCd=3010027730&kikanKbn=3", "url2": "http://noe-dc.com/", "内容": "のえこども歯科【3:歯科】北海道帯広市西５条南２２丁目１－４ＡＳＡＨＩビル２階" }, "geometry": { "type": "Point", "coordinates": [ 139.377675, 35.856895 ] } },
{ "type": "Feature", "properties": { "ID": 133010027750, "正式名称": "西本歯科医院", "機関区分": 3, "都道府県コード": 1, "市区町村コード": 207, "所在地": "北海道帯広市西１２条北６丁目３", "緯度": 42.9374357, "経度": 143.1835696, "url": "https://www.iryou.teikyouseido.mhlw.go.jp/znk-web/juminkanja/S2430/initialize?prefCd=01&kikanCd=3010027750&kikanKbn=3", "url2": null, "内容": "西本歯科医院【3:歯科】北海道帯広市西１２条北６丁目３" }, "geometry": { "type": "Point", "coordinates": [ 143.1835696, 42.937435699999988 ] } },
{ "type": "Feature", "properties": { "ID": 133010027770, "正式名称": "鎌田歯科医院", "機関区分": 3, "都道府県コード": 1, "市区町村コード": 207, "所在地": "北海道帯広市西２４条南３丁目１５番地", "緯度": 42.915789, "経度": 143.120679, "url": "https://www.iryou.teikyouseido.mhlw.go.jp/znk-web/juminkanja/S2430/initialize?prefCd=01&kikanCd=3010027770&kikanKbn=3", "url2": "http://kamada-shikaiin.com/", "内容": "鎌田歯科医院【3:歯科】北海道帯広市西２４条南３丁目１５番地" }, "geometry": { "type": "Point", "coordinates": [ 143.120679, 42.915789 ] } },
{ "type": "Feature", "properties": { "ID": 133010027780, "正式名称": "つるしま歯科医院", "機関区分": 3, "都道府県コード": 1, "市区町村コード": 207, "所在地": "北海道帯広市西１６条南４丁目３５ー１３", "緯度": 42.911319, "経度": 143.172841, "url": "https://www.iryou.teikyouseido.mhlw.go.jp/znk-web/juminkanja/S2430/initialize?prefCd=01&kikanCd=3010027780&kikanKbn=3", "url2": null, "内容": "つるしま歯科医院【3:歯科】北海道帯広市西１６条南４丁目３５ー１３" }, "geometry": { "type": "Point", "coordinates": [ 143.172841, 42.911319 ] } },
{ "type": "Feature", "properties": { "ID": 133010027790, "正式名称": "長瀬歯科クリニック", "機関区分": 3, "都道府県コード": 1, "市区町村コード": 207, "所在地": "北海道帯広市大正町４４２番地１", "緯度": 42.797344, "経度": 143.15736, "url": "https://www.iryou.teikyouseido.mhlw.go.jp/znk-web/juminkanja/S2430/initialize?prefCd=01&kikanCd=3010027790&kikanKbn=3", "url2": null, "内容": "長瀬歯科クリニック【3:歯科】北海道帯広市大正町４４２番地１" }, "geometry": { "type": "Point", "coordinates": [ 143.15736, 42.797344 ] } },
{ "type": "Feature", "properties": { "ID": 133010027810, "正式名称": "なりた歯科医院", "機関区分": 3, "都道府県コード": 1, "市区町村コード": 207, "所在地": "北海道帯広市稲田町南８線西１６番地４２", "緯度": 42.8906752, "経度": 143.1901775, "url": "https://www.iryou.teikyouseido.mhlw.go.jp/znk-web/juminkanja/S2430/initialize?prefCd=01&kikanCd=3010027810&kikanKbn=3", "url2": null, "内容": "なりた歯科医院【3:歯科】北海道帯広市稲田町南８線西１６番地４２" }, "geometry": { "type": "Point", "coordinates": [ 143.1901775, 42.8906752 ] } },
{ "type": "Feature", "properties": { "ID": 133010027830, "正式名称": "医療法人社団アルファ歯科矯正歯科医院", "機関区分": 3, "都道府県コード": 1, "市区町村コード": 207, "所在地": "北海道帯広市西２０条南３丁目３９－４", "緯度": 42.9133602, "経度": 143.1454322, "url": "https://www.iryou.teikyouseido.mhlw.go.jp/znk-web/juminkanja/S2430/initialize?prefCd=01&kikanCd=3010027830&kikanKbn=3", "url2": "http://www.alpha-dental.info", "内容": "医療法人社団アルファ歯科矯正歯科医院【3:歯科】北海道帯広市西２０条南３丁目３９－４" }, "geometry": { "type": "Point", "coordinates": [ 143.145432199999988, 42.9133602 ] } },
{ "type": "Feature", "properties": { "ID": 133010027840, "正式名称": "ますち歯科診療室", "機関区分": 3, "都道府県コード": 1, "市区町村コード": 207, "所在地": "北海道帯広市西２３条南３丁目２８　ピースリバー１Ｆ", "緯度": 35.993037, "経度": 139.356226, "url": "https://www.iryou.teikyouseido.mhlw.go.jp/znk-web/juminkanja/S2430/initialize?prefCd=01&kikanCd=3010027840&kikanKbn=3", "url2": null, "内容": "ますち歯科診療室【3:歯科】北海道帯広市西２３条南３丁目２８　ピースリバー１Ｆ" }, "geometry": { "type": "Point", "coordinates": [ 139.356226, 35.993037 ] } },
{ "type": "Feature", "properties": { "ID": 133010027850, "正式名称": "よねざわ歯科", "機関区分": 3, "都道府県コード": 1, "市区町村コード": 207, "所在地": "北海道帯広市西８条南２７丁目１番地１", "緯度": 36.042925, "経度": 139.376482, "url": "https://www.iryou.teikyouseido.mhlw.go.jp/znk-web/juminkanja/S2430/initialize?prefCd=01&kikanCd=3010027850&kikanKbn=3", "url2": null, "内容": "よねざわ歯科【3:歯科】北海道帯広市西８条南２７丁目１番地１" }, "geometry": { "type": "Point", "coordinates": [ 139.376482, 36.042925 ] } },
{ "type": "Feature", "properties": { "ID": 133010027860, "正式名称": "イオン歯科クリニック", "機関区分": 3, "都道府県コード": 1, "市区町村コード": 207, "所在地": "北海道帯広市西４条南２０丁目１番地", "緯度": 42.9086977, "経度": 143.2003169, "url": "https://www.iryou.teikyouseido.mhlw.go.jp/znk-web/juminkanja/S2430/initialize?prefCd=01&kikanCd=3010027860&kikanKbn=3", "url2": null, "内容": "イオン歯科クリニック【3:歯科】北海道帯広市西４条南２０丁目１番地" }, "geometry": { "type": "Point", "coordinates": [ 143.2003169, 42.9086977 ] } },
{ "type": "Feature", "properties": { "ID": 133010027890, "正式名称": "松崎歯科医院", "機関区分": 3, "都道府県コード": 1, "市区町村コード": 207, "所在地": "北海道帯広市西７条南１０丁目２１番地　メゾン陸奥２　１Ｆ", "緯度": 42.920374, "経度": 143.19395, "url": "https://www.iryou.teikyouseido.mhlw.go.jp/znk-web/juminkanja/S2430/initialize?prefCd=01&kikanCd=3010027890&kikanKbn=3", "url2": "dental-matsuzaki.com", "内容": "松崎歯科医院【3:歯科】北海道帯広市西７条南１０丁目２１番地　メゾン陸奥２　１Ｆ" }, "geometry": { "type": "Point", "coordinates": [ 143.19395, 42.920374 ] } },
{ "type": "Feature", "properties": { "ID": 133010027900, "正式名称": "よしだ歯科医院", "機関区分": 3, "都道府県コード": 1, "市区町村コード": 207, "所在地": "北海道帯広市西６条南３４丁目８２", "緯度": 42.891766, "経度": 143.199062, "url": "https://www.iryou.teikyouseido.mhlw.go.jp/znk-web/juminkanja/S2430/initialize?prefCd=01&kikanCd=3010027900&kikanKbn=3", "url2": "https://www.obihiro-yoshidadental.com", "内容": "よしだ歯科医院【3:歯科】北海道帯広市西６条南３４丁目８２" }, "geometry": { "type": "Point", "coordinates": [ 143.199062, 42.891766 ] } },
{ "type": "Feature", "properties": { "ID": 133010027910, "正式名称": "医療法人社団慶友会慶友会歯科クリニック", "機関区分": 3, "都道府県コード": 1, "市区町村コード": 207, "所在地": "北海道帯広市柏林台南町３丁目１番地", "緯度": 42.920179, "経度": 143.165036, "url": "https://www.iryou.teikyouseido.mhlw.go.jp/znk-web/juminkanja/S2430/initialize?prefCd=01&kikanCd=3010027910&kikanKbn=3", "url2": null, "内容": "医療法人社団慶友会慶友会歯科クリニック【3:歯科】北海道帯広市柏林台南町３丁目１番地" }, "geometry": { "type": "Point", "coordinates": [ 143.165036, 42.920179 ] } },
{ "type": "Feature", "properties": { "ID": 133010027920, "正式名称": "医療法人社団いのうえ歯科医院", "機関区分": 3, "都道府県コード": 1, "市区町村コード": 207, "所在地": "北海道帯広市西９条南２丁目１２番地２", "緯度": 42.9290356, "経度": 143.1906322, "url": "https://www.iryou.teikyouseido.mhlw.go.jp/znk-web/juminkanja/S2430/initialize?prefCd=01&kikanCd=3010027920&kikanKbn=3", "url2": "http://www.inoue-dental.jp", "内容": "医療法人社団いのうえ歯科医院【3:歯科】北海道帯広市西９条南２丁目１２番地２" }, "geometry": { "type": "Point", "coordinates": [ 143.19063220000001, 42.9290356 ] } },
{ "type": "Feature", "properties": { "ID": 133010027930, "正式名称": "柴田歯科医院", "機関区分": 3, "都道府県コード": 1, "市区町村コード": 207, "所在地": "北海道帯広市西５条南１３丁目２０番地", "緯度": 35.857017, "経度": 139.37765, "url": "https://www.iryou.teikyouseido.mhlw.go.jp/znk-web/juminkanja/S2430/initialize?prefCd=01&kikanCd=3010027930&kikanKbn=3", "url2": null, "内容": "柴田歯科医院【3:歯科】北海道帯広市西５条南１３丁目２０番地" }, "geometry": { "type": "Point", "coordinates": [ 139.37765, 35.857017 ] } },
{ "type": "Feature", "properties": { "ID": 133010027940, "正式名称": "林歯科医院", "機関区分": 3, "都道府県コード": 1, "市区町村コード": 207, "所在地": "北海道帯広市西１条南８丁目１番地３", "緯度": 42.9236482, "経度": 143.2032789, "url": "https://www.iryou.teikyouseido.mhlw.go.jp/znk-web/juminkanja/S2430/initialize?prefCd=01&kikanCd=3010027940&kikanKbn=3", "url2": "http://www.hayashi-dentaloffice.com", "内容": "林歯科医院【3:歯科】北海道帯広市西１条南８丁目１番地３" }, "geometry": { "type": "Point", "coordinates": [ 143.203278899999987, 42.9236482 ] } },
{ "type": "Feature", "properties": { "ID": 133010027960, "正式名称": "山口貴史歯科クリニック", "機関区分": 3, "都道府県コード": 1, "市区町村コード": 207, "所在地": "北海道帯広市西２３条南３丁目６２番地ぴあざフクハラ西帯広店２Ｆ", "緯度": 42.9153259, "経度": 143.1248314, "url": "https://www.iryou.teikyouseido.mhlw.go.jp/znk-web/juminkanja/S2430/initialize?prefCd=01&kikanCd=3010027960&kikanKbn=3", "url2": null, "内容": "山口貴史歯科クリニック【3:歯科】北海道帯広市西２３条南３丁目６２番地ぴあざフクハラ西帯広店２Ｆ" }, "geometry": { "type": "Point", "coordinates": [ 143.1248314, 42.9153259 ] } },
{ "type": "Feature", "properties": { "ID": 133010027970, "正式名称": "いしかわ歯科", "機関区分": 3, "都道府県コード": 1, "市区町村コード": 207, "所在地": "北海道帯広市西２１条南２丁目２６－３", "緯度": 35.982463, "経度": 139.358401, "url": "https://www.iryou.teikyouseido.mhlw.go.jp/znk-web/juminkanja/S2430/initialize?prefCd=01&kikanCd=3010027970&kikanKbn=3", "url2": "www.ishikawa-pika.com", "内容": "いしかわ歯科【3:歯科】北海道帯広市西２１条南２丁目２６－３" }, "geometry": { "type": "Point", "coordinates": [ 139.358401, 35.982463 ] } },
{ "type": "Feature", "properties": { "ID": 133010027990, "正式名称": "ウィング歯科クリニック", "機関区分": 3, "都道府県コード": 1, "市区町村コード": 207, "所在地": "北海道帯広市東６条南１０丁目１番地", "緯度": 42.9220744, "経度": 143.2144977, "url": "https://www.iryou.teikyouseido.mhlw.go.jp/znk-web/juminkanja/S2430/initialize?prefCd=01&kikanCd=3010027990&kikanKbn=3", "url2": null, "内容": "ウィング歯科クリニック【3:歯科】北海道帯広市東６条南１０丁目１番地" }, "geometry": { "type": "Point", "coordinates": [ 143.21449770000001, 42.9220744 ] } },
{ "type": "Feature", "properties": { "ID": 133010028000, "正式名称": "医療法人社団アイ小林歯科医院", "機関区分": 3, "都道府県コード": 1, "市区町村コード": 207, "所在地": "北海道帯広市西１６条北１丁目１２番地６７", "緯度": 42.9346678, "経度": 143.1729913, "url": "https://www.iryou.teikyouseido.mhlw.go.jp/znk-web/juminkanja/S2430/initialize?prefCd=01&kikanCd=3010028000&kikanKbn=3", "url2": null, "内容": "医療法人社団アイ小林歯科医院【3:歯科】北海道帯広市西１６条北１丁目１２番地６７" }, "geometry": { "type": "Point", "coordinates": [ 143.1729913, 42.9346678 ] } },
{ "type": "Feature", "properties": { "ID": 133010028010, "正式名称": "医療法人社団聖美会三浦としなが歯科クリニック", "機関区分": 3, "都道府県コード": 1, "市区町村コード": 207, "所在地": "北海道帯広市西２１条南３丁目２５の５", "緯度": 42.9127119, "経度": 143.141516, "url": "https://www.iryou.teikyouseido.mhlw.go.jp/znk-web/juminkanja/S2430/initialize?prefCd=01&kikanCd=3010028010&kikanKbn=3", "url2": "m-toshinaga-dc.com/", "内容": "医療法人社団聖美会三浦としなが歯科クリニック【3:歯科】北海道帯広市西２１条南３丁目２５の５" }, "geometry": { "type": "Point", "coordinates": [ 143.141516, 42.9127119 ] } },
{ "type": "Feature", "properties": { "ID": 133010028020, "正式名称": "ささはら歯科医院", "機関区分": 3, "都道府県コード": 1, "市区町村コード": 207, "所在地": "北海道帯広市西４条南１４丁目１番地１", "緯度": 42.916441, "経度": 143.199347, "url": "https://www.iryou.teikyouseido.mhlw.go.jp/znk-web/juminkanja/S2430/initialize?prefCd=01&kikanCd=3010028020&kikanKbn=3", "url2": "http://www.sasahara-dental.com/", "内容": "ささはら歯科医院【3:歯科】北海道帯広市西４条南１４丁目１番地１" }, "geometry": { "type": "Point", "coordinates": [ 143.199347, 42.916441 ] } },
{ "type": "Feature", "properties": { "ID": 133010028030, "正式名称": "たちばな歯科医院", "機関区分": 3, "都道府県コード": 1, "市区町村コード": 207, "所在地": "北海道帯広市東３条南６丁目２番１", "緯度": 35.864584, "経度": 139.337028, "url": "https://www.iryou.teikyouseido.mhlw.go.jp/znk-web/juminkanja/S2430/initialize?prefCd=01&kikanCd=3010028030&kikanKbn=3", "url2": null, "内容": "たちばな歯科医院【3:歯科】北海道帯広市東３条南６丁目２番１" }, "geometry": { "type": "Point", "coordinates": [ 139.337028, 35.864584 ] } },
{ "type": "Feature", "properties": { "ID": 133010028040, "正式名称": "たけしげ歯科医院", "機関区分": 3, "都道府県コード": 1, "市区町村コード": 207, "所在地": "北海道帯広市西１７条北１丁目２３番７号", "緯度": 42.9308761, "経度": 143.1667811, "url": "https://www.iryou.teikyouseido.mhlw.go.jp/znk-web/juminkanja/S2430/initialize?prefCd=01&kikanCd=3010028040&kikanKbn=3", "url2": null, "内容": "たけしげ歯科医院【3:歯科】北海道帯広市西１７条北１丁目２３番７号" }, "geometry": { "type": "Point", "coordinates": [ 143.1667811, 42.9308761 ] } },
{ "type": "Feature", "properties": { "ID": 133010028060, "正式名称": "白樺こまどり公園松橋歯科クリニック", "機関区分": 3, "都道府県コード": 1, "市区町村コード": 207, "所在地": "北海道帯広市白樺１６条東９丁目１５番地", "緯度": 42.921368, "経度": 143.20221, "url": "https://www.iryou.teikyouseido.mhlw.go.jp/znk-web/juminkanja/S2430/initialize?prefCd=01&kikanCd=3010028060&kikanKbn=3", "url2": "http://matsuhashi-dent.com/", "内容": "白樺こまどり公園松橋歯科クリニック【3:歯科】北海道帯広市白樺１６条東９丁目１５番地" }, "geometry": { "type": "Point", "coordinates": [ 143.20221, 42.921368 ] } },
{ "type": "Feature", "properties": { "ID": 133010028070, "正式名称": "川村歯科クリニック", "機関区分": 3, "都道府県コード": 1, "市区町村コード": 207, "所在地": "北海道帯広市東１条南６丁目２番地４　川村ビル２Ｆ", "緯度": 42.92623, "経度": 143.2065983, "url": "https://www.iryou.teikyouseido.mhlw.go.jp/znk-web/juminkanja/S2430/initialize?prefCd=01&kikanCd=3010028070&kikanKbn=3", "url2": "http://kawamura-shika.info/", "内容": "川村歯科クリニック【3:歯科】北海道帯広市東１条南６丁目２番地４　川村ビル２Ｆ" }, "geometry": { "type": "Point", "coordinates": [ 143.2065983, 42.92623 ] } },
{ "type": "Feature", "properties": { "ID": 133010028080, "正式名称": "医療法人社団恵仁会あおば歯科クリニック", "機関区分": 3, "都道府県コード": 1, "市区町村コード": 207, "所在地": "北海道帯広市西１８条北１丁目３０番地ぴあざフクハラ西１８条店内", "緯度": 42.9297872, "経度": 143.1617461, "url": "https://www.iryou.teikyouseido.mhlw.go.jp/znk-web/juminkanja/S2430/initialize?prefCd=01&kikanCd=3010028080&kikanKbn=3", "url2": "http://www.keijinkai.info/aoba/", "内容": "医療法人社団恵仁会あおば歯科クリニック【3:歯科】北海道帯広市西１８条北１丁目３０番地ぴあざフクハラ西１８条店内" }, "geometry": { "type": "Point", "coordinates": [ 143.161746099999988, 42.9297872 ] } },
{ "type": "Feature", "properties": { "ID": 133010028090, "正式名称": "ブラン歯科医院帯広", "機関区分": 3, "都道府県コード": 1, "市区町村コード": 207, "所在地": "北海道帯広市西１８条南３６丁目２番１１号", "緯度": 42.888516, "経度": 143.176092, "url": "https://www.iryou.teikyouseido.mhlw.go.jp/znk-web/juminkanja/S2430/initialize?prefCd=01&kikanCd=3010028090&kikanKbn=3", "url2": "htttp://www.blan.ne.jp", "内容": "ブラン歯科医院帯広【3:歯科】北海道帯広市西１８条南３６丁目２番１１号" }, "geometry": { "type": "Point", "coordinates": [ 143.176092, 42.888516 ] } },
{ "type": "Feature", "properties": { "ID": 133010028100, "正式名称": "くにやす歯科クリニック", "機関区分": 3, "都道府県コード": 1, "市区町村コード": 207, "所在地": "北海道帯広市西９条南２８丁目２４－３", "緯度": 42.898654, "経度": 143.193479, "url": "https://www.iryou.teikyouseido.mhlw.go.jp/znk-web/juminkanja/S2430/initialize?prefCd=01&kikanCd=3010028100&kikanKbn=3", "url2": "kuniyasushika-clinic.com", "内容": "くにやす歯科クリニック【3:歯科】北海道帯広市西９条南２８丁目２４－３" }, "geometry": { "type": "Point", "coordinates": [ 143.193479, 42.898654 ] } },
{ "type": "Feature", "properties": { "ID": 133010028110, "正式名称": "おおみ歯科医院", "機関区分": 3, "都道府県コード": 1, "市区町村コード": 207, "所在地": "北海道帯広市西１２条南３２丁目５７", "緯度": 42.8935011, "経度": 143.1888643, "url": "https://www.iryou.teikyouseido.mhlw.go.jp/znk-web/juminkanja/S2430/initialize?prefCd=01&kikanCd=3010028110&kikanKbn=3", "url2": null, "内容": "おおみ歯科医院【3:歯科】北海道帯広市西１２条南３２丁目５７" }, "geometry": { "type": "Point", "coordinates": [ 143.1888643, 42.893501099999988 ] } },
{ "type": "Feature", "properties": { "ID": 133010028120, "正式名称": "かわはら歯科", "機関区分": 3, "都道府県コード": 1, "市区町村コード": 207, "所在地": "北海道帯広市東４条南１１丁目１番地", "緯度": 35.844367, "経度": 139.380067, "url": "https://www.iryou.teikyouseido.mhlw.go.jp/znk-web/juminkanja/S2430/initialize?prefCd=01&kikanCd=3010028120&kikanKbn=3", "url2": null, "内容": "かわはら歯科【3:歯科】北海道帯広市東４条南１１丁目１番地" }, "geometry": { "type": "Point", "coordinates": [ 139.380067, 35.844367 ] } },
{ "type": "Feature", "properties": { "ID": 133010028150, "正式名称": "医療法人社団やまぐち矯正歯科", "機関区分": 3, "都道府県コード": 1, "市区町村コード": 207, "所在地": "北海道帯広市南の森東４丁目１番地６", "緯度": 35.993608, "経度": 139.383394, "url": "https://www.iryou.teikyouseido.mhlw.go.jp/znk-web/juminkanja/S2430/initialize?prefCd=01&kikanCd=3010028150&kikanKbn=3", "url2": "http://www.yama-kyousei.com/", "内容": "医療法人社団やまぐち矯正歯科【3:歯科】北海道帯広市南の森東４丁目１番地６" }, "geometry": { "type": "Point", "coordinates": [ 139.383394, 35.993608 ] } },
{ "type": "Feature", "properties": { "ID": 133010028170, "正式名称": "医療法人社団　慎成会　森歯科医院", "機関区分": 3, "都道府県コード": 1, "市区町村コード": 207, "所在地": "北海道帯広市西５条南４丁目１２番地", "緯度": 35.993778, "経度": 139.383875, "url": "https://www.iryou.teikyouseido.mhlw.go.jp/znk-web/juminkanja/S2430/initialize?prefCd=01&kikanCd=3010028170&kikanKbn=3", "url2": "mori-dental.com", "内容": "医療法人社団　慎成会　森歯科医院【3:歯科】北海道帯広市西５条南４丁目１２番地" }, "geometry": { "type": "Point", "coordinates": [ 139.383875, 35.993778 ] } },
{ "type": "Feature", "properties": { "ID": 133010028200, "正式名称": "医療法人社団大通り歯科クリニック", "機関区分": 3, "都道府県コード": 1, "市区町村コード": 207, "所在地": "北海道帯広市大通南１６丁目１９番１帯広１６丁目ビル１Ｆ", "緯度": 42.9136572, "経度": 143.2061584, "url": "https://www.iryou.teikyouseido.mhlw.go.jp/znk-web/juminkanja/S2430/initialize?prefCd=01&kikanCd=3010028200&kikanKbn=3", "url2": "oodori-dc.jp/", "内容": "医療法人社団大通り歯科クリニック【3:歯科】北海道帯広市大通南１６丁目１９番１帯広１６丁目ビル１Ｆ" }, "geometry": { "type": "Point", "coordinates": [ 143.2061584, 42.9136572 ] } },
{ "type": "Feature", "properties": { "ID": 133010028210, "正式名称": "ただき歯科クリニック", "機関区分": 3, "都道府県コード": 1, "市区町村コード": 207, "所在地": "北海道帯広市東１０条南７丁目１－１１", "緯度": 36.117345, "経度": 139.380394, "url": "https://www.iryou.teikyouseido.mhlw.go.jp/znk-web/juminkanja/S2430/initialize?prefCd=01&kikanCd=3010028210&kikanKbn=3", "url2": "http://www.tadaki-dc.com", "内容": "ただき歯科クリニック【3:歯科】北海道帯広市東１０条南７丁目１－１１" }, "geometry": { "type": "Point", "coordinates": [ 139.380394, 36.117345 ] } },
{ "type": "Feature", "properties": { "ID": 133010028220, "正式名称": "水藤デンタルオフィス", "機関区分": 3, "都道府県コード": 1, "市区町村コード": 207, "所在地": "北海道帯広市西１６条南３５丁目３番１号", "緯度": 42.8887136, "経度": 143.1811537, "url": "https://www.iryou.teikyouseido.mhlw.go.jp/znk-web/juminkanja/S2430/initialize?prefCd=01&kikanCd=3010028220&kikanKbn=3", "url2": null, "内容": "水藤デンタルオフィス【3:歯科】北海道帯広市西１６条南３５丁目３番１号" }, "geometry": { "type": "Point", "coordinates": [ 143.18115370000001, 42.8887136 ] } },
{ "type": "Feature", "properties": { "ID": 133010028240, "正式名称": "医療法人社団緑陽台歯科診療所", "機関区分": 3, "都道府県コード": 1, "市区町村コード": 631, "所在地": "北海道河東郡音更町緑陽台仲区１１番地２", "緯度": 42.96684, "経度": 143.196332, "url": "https://www.iryou.teikyouseido.mhlw.go.jp/znk-web/juminkanja/S2430/initialize?prefCd=01&kikanCd=3010028240&kikanKbn=3", "url2": "http://doushikyo.com/web/ryokuyoudai/", "内容": "医療法人社団緑陽台歯科診療所【3:歯科】北海道河東郡音更町緑陽台仲区１１番地２" }, "geometry": { "type": "Point", "coordinates": [ 143.196332, 42.96684 ] } },
{ "type": "Feature", "properties": { "ID": 133010028260, "正式名称": "すずらん歯科医院", "機関区分": 3, "都道府県コード": 1, "市区町村コード": 631, "所在地": "北海道河東郡音更町共栄台東１０丁目１番地１７", "緯度": 42.95739, "経度": 143.19948, "url": "https://www.iryou.teikyouseido.mhlw.go.jp/znk-web/juminkanja/S2430/initialize?prefCd=01&kikanCd=3010028260&kikanKbn=3", "url2": null, "内容": "すずらん歯科医院【3:歯科】北海道河東郡音更町共栄台東１０丁目１番地１７" }, "geometry": { "type": "Point", "coordinates": [ 143.19948, 42.95739 ] } },
{ "type": "Feature", "properties": { "ID": 133010028270, "正式名称": "医療法人社団音更歯科医院", "機関区分": 3, "都道府県コード": 1, "市区町村コード": 631, "所在地": "北海道河東郡音更町雄飛が丘仲区１番地２３２", "緯度": 42.997143, "経度": 143.191503, "url": "https://www.iryou.teikyouseido.mhlw.go.jp/znk-web/juminkanja/S2430/initialize?prefCd=01&kikanCd=3010028270&kikanKbn=3", "url2": null, "内容": "医療法人社団音更歯科医院【3:歯科】北海道河東郡音更町雄飛が丘仲区１番地２３２" }, "geometry": { "type": "Point", "coordinates": [ 143.191503, 42.997143 ] } },
{ "type": "Feature", "properties": { "ID": 133010028280, "正式名称": "小口歯科医院", "機関区分": 3, "都道府県コード": 1, "市区町村コード": 631, "所在地": "北海道河東郡音更町大通１０丁目７番地１６", "緯度": 42.99785, "経度": 143.19795, "url": "https://www.iryou.teikyouseido.mhlw.go.jp/znk-web/juminkanja/S2430/initialize?prefCd=01&kikanCd=3010028280&kikanKbn=3", "url2": null, "内容": "小口歯科医院【3:歯科】北海道河東郡音更町大通１０丁目７番地１６" }, "geometry": { "type": "Point", "coordinates": [ 143.19795, 42.99785 ] } },
{ "type": "Feature", "properties": { "ID": 133010028290, "正式名称": "歯科クリニック共栄台", "機関区分": 3, "都道府県コード": 1, "市区町村コード": 631, "所在地": "北海道河東郡音更町共栄台東１３丁目３", "緯度": 42.95739, "経度": 143.19948, "url": "https://www.iryou.teikyouseido.mhlw.go.jp/znk-web/juminkanja/S2430/initialize?prefCd=01&kikanCd=3010028290&kikanKbn=3", "url2": null, "内容": "歯科クリニック共栄台【3:歯科】北海道河東郡音更町共栄台東１３丁目３" }, "geometry": { "type": "Point", "coordinates": [ 143.19948, 42.95739 ] } },
{ "type": "Feature", "properties": { "ID": 133010028300, "正式名称": "医療法人社団岸上歯科医院", "機関区分": 3, "都道府県コード": 1, "市区町村コード": 631, "所在地": "北海道河東郡音更町木野大通東８丁目４番地２１号", "緯度": 42.9521772, "経度": 143.2065924, "url": "https://www.iryou.teikyouseido.mhlw.go.jp/znk-web/juminkanja/S2430/initialize?prefCd=01&kikanCd=3010028300&kikanKbn=3", "url2": null, "内容": "医療法人社団岸上歯科医院【3:歯科】北海道河東郡音更町木野大通東８丁目４番地２１号" }, "geometry": { "type": "Point", "coordinates": [ 143.2065924, 42.9521772 ] } },
{ "type": "Feature", "properties": { "ID": 133010028310, "正式名称": "たにぐち歯科こども歯科", "機関区分": 3, "都道府県コード": 1, "市区町村コード": 631, "所在地": "北海道河東郡音更町木野大通り東１６丁目１番地", "緯度": 42.96873, "経度": 143.207836, "url": "https://www.iryou.teikyouseido.mhlw.go.jp/znk-web/juminkanja/S2430/initialize?prefCd=01&kikanCd=3010028310&kikanKbn=3", "url2": null, "内容": "たにぐち歯科こども歯科【3:歯科】北海道河東郡音更町木野大通り東１６丁目１番地" }, "geometry": { "type": "Point", "coordinates": [ 143.207836, 42.96873 ] } },
{ "type": "Feature", "properties": { "ID": 133010028320, "正式名称": "こまば歯科", "機関区分": 3, "都道府県コード": 1, "市区町村コード": 631, "所在地": "北海道河東郡音更町駒場南２条通７番地９", "緯度": 43.046471, "経度": 143.179422, "url": "https://www.iryou.teikyouseido.mhlw.go.jp/znk-web/juminkanja/S2430/initialize?prefCd=01&kikanCd=3010028320&kikanKbn=3", "url2": "https://www.facebook.com/KomabaDental?ref=br_rs", "内容": "こまば歯科【3:歯科】北海道河東郡音更町駒場南２条通７番地９" }, "geometry": { "type": "Point", "coordinates": [ 143.179422, 43.046471 ] } },
{ "type": "Feature", "properties": { "ID": 133010028330, "正式名称": "さくら歯科矯正歯科医院", "機関区分": 3, "都道府県コード": 1, "市区町村コード": 631, "所在地": "北海道河東郡音更町木野西通１２丁目１番地１３", "緯度": 42.96575, "経度": 143.20155, "url": "https://www.iryou.teikyouseido.mhlw.go.jp/znk-web/juminkanja/S2430/initialize?prefCd=01&kikanCd=3010028330&kikanKbn=3", "url2": null, "内容": "さくら歯科矯正歯科医院【3:歯科】北海道河東郡音更町木野西通１２丁目１番地１３" }, "geometry": { "type": "Point", "coordinates": [ 143.20155, 42.96575 ] } },
{ "type": "Feature", "properties": { "ID": 133010028340, "正式名称": "高橋歯科メモリアル", "機関区分": 3, "都道府県コード": 1, "市区町村コード": 631, "所在地": "北海道河東郡音更町南鈴蘭北３丁目５番１", "緯度": 42.950424, "経度": 143.19801, "url": "https://www.iryou.teikyouseido.mhlw.go.jp/znk-web/juminkanja/S2430/initialize?prefCd=01&kikanCd=3010028340&kikanKbn=3", "url2": null, "内容": "高橋歯科メモリアル【3:歯科】北海道河東郡音更町南鈴蘭北３丁目５番１" }, "geometry": { "type": "Point", "coordinates": [ 143.19801, 42.950424 ] } },
{ "type": "Feature", "properties": { "ID": 133010028350, "正式名称": "医療法人社団宝来中央歯科", "機関区分": 3, "都道府県コード": 1, "市区町村コード": 631, "所在地": "北海道河東郡音更町宝来東町南１丁目１番地１", "緯度": 42.947982, "経度": 143.219308, "url": "https://www.iryou.teikyouseido.mhlw.go.jp/znk-web/juminkanja/S2430/initialize?prefCd=01&kikanCd=3010028350&kikanKbn=3", "url2": null, "内容": "医療法人社団宝来中央歯科【3:歯科】北海道河東郡音更町宝来東町南１丁目１番地１" }, "geometry": { "type": "Point", "coordinates": [ 143.219308, 42.947982 ] } },
{ "type": "Feature", "properties": { "ID": 133010028360, "正式名称": "フォレスト矯正歯科クリニック", "機関区分": 3, "都道府県コード": 1, "市区町村コード": 631, "所在地": "北海道河東郡音更町木野大通西９丁目１番地１７いえす３　１Ｆ", "緯度": 42.953139, "経度": 143.205312, "url": "https://www.iryou.teikyouseido.mhlw.go.jp/znk-web/juminkanja/S2430/initialize?prefCd=01&kikanCd=3010028360&kikanKbn=3", "url2": "http://www.forest-kyo.com/", "内容": "フォレスト矯正歯科クリニック【3:歯科】北海道河東郡音更町木野大通西９丁目１番地１７いえす３　１Ｆ" }, "geometry": { "type": "Point", "coordinates": [ 143.205312, 42.953139 ] } },
{ "type": "Feature", "properties": { "ID": 133010028370, "正式名称": "なめき歯科医院", "機関区分": 3, "都道府県コード": 1, "市区町村コード": 631, "所在地": "北海道河東郡音更町中鈴蘭南６丁目１番地１４", "緯度": 42.951453, "経度": 143.187922, "url": "https://www.iryou.teikyouseido.mhlw.go.jp/znk-web/juminkanja/S2430/initialize?prefCd=01&kikanCd=3010028370&kikanKbn=3", "url2": "http://www.nameki-dental.com", "内容": "なめき歯科医院【3:歯科】北海道河東郡音更町中鈴蘭南６丁目１番地１４" }, "geometry": { "type": "Point", "coordinates": [ 143.187922, 42.951453 ] } },
{ "type": "Feature", "properties": { "ID": 133010028390, "正式名称": "むらはし歯科医院", "機関区分": 3, "都道府県コード": 1, "市区町村コード": 632, "所在地": "北海道河東郡士幌町字士幌西２線１６７番地９", "緯度": 43.169737, "経度": 143.247323, "url": "https://www.iryou.teikyouseido.mhlw.go.jp/znk-web/juminkanja/S2430/initialize?prefCd=01&kikanCd=3010028390&kikanKbn=3", "url2": null, "内容": "むらはし歯科医院【3:歯科】北海道河東郡士幌町字士幌西２線１６７番地９" }, "geometry": { "type": "Point", "coordinates": [ 143.247323, 43.169737 ] } },
{ "type": "Feature", "properties": { "ID": 133010028400, "正式名称": "医療法人社団神山歯科医院", "機関区分": 3, "都道府県コード": 1, "市区町村コード": 632, "所在地": "北海道河東郡士幌町字士幌西２線１６２番地", "緯度": 43.169777, "経度": 143.2461, "url": "https://www.iryou.teikyouseido.mhlw.go.jp/znk-web/juminkanja/S2430/initialize?prefCd=01&kikanCd=3010028400&kikanKbn=3", "url2": null, "内容": "医療法人社団神山歯科医院【3:歯科】北海道河東郡士幌町字士幌西２線１６２番地" }, "geometry": { "type": "Point", "coordinates": [ 143.2461, 43.169777 ] } },
{ "type": "Feature", "properties": { "ID": 133010028410, "正式名称": "上士幌歯科クリニック", "機関区分": 3, "都道府県コード": 1, "市区町村コード": 633, "所在地": "北海道河東郡上士幌町字上士幌東４線２４１番地", "緯度": 43.1424, "経度": 143.30447, "url": "https://www.iryou.teikyouseido.mhlw.go.jp/znk-web/juminkanja/S2430/initialize?prefCd=01&kikanCd=3010028410&kikanKbn=3", "url2": "http://www3.ocn.ne.jp/~hayama/", "内容": "上士幌歯科クリニック【3:歯科】北海道河東郡上士幌町字上士幌東４線２４１番地" }, "geometry": { "type": "Point", "coordinates": [ 143.30447, 43.1424 ] } },
{ "type": "Feature", "properties": { "ID": 133010028420, "正式名称": "塚本歯科医院", "機関区分": 3, "都道府県コード": 1, "市区町村コード": 633, "所在地": "北海道河東郡上士幌町字上士幌東３線２３７番地", "緯度": 43.232564, "経度": 143.292511, "url": "https://www.iryou.teikyouseido.mhlw.go.jp/znk-web/juminkanja/S2430/initialize?prefCd=01&kikanCd=3010028420&kikanKbn=3", "url2": null, "内容": "塚本歯科医院【3:歯科】北海道河東郡上士幌町字上士幌東３線２３７番地" }, "geometry": { "type": "Point", "coordinates": [ 143.292511, 43.232564 ] } },
{ "type": "Feature", "properties": { "ID": 133010028460, "正式名称": "医療法人社団靖心院新得歯科診療所", "機関区分": 3, "都道府県コード": 1, "市区町村コード": 635, "所在地": "北海道上川郡新得町西２条南３丁目２番地", "緯度": 36.044774, "経度": 139.341021, "url": "https://www.iryou.teikyouseido.mhlw.go.jp/znk-web/juminkanja/S2430/initialize?prefCd=01&kikanCd=3010028460&kikanKbn=3", "url2": null, "内容": "医療法人社団靖心院新得歯科診療所【3:歯科】北海道上川郡新得町西２条南３丁目２番地" }, "geometry": { "type": "Point", "coordinates": [ 139.341021, 36.044774 ] } },
{ "type": "Feature", "properties": { "ID": 133010028470, "正式名称": "よしむら歯科医院", "機関区分": 3, "都道府県コード": 1, "市区町村コード": 635, "所在地": "北海道上川郡新得町本通南１丁目３番地", "緯度": 43.0818321, "経度": 142.8334213, "url": "https://www.iryou.teikyouseido.mhlw.go.jp/znk-web/juminkanja/S2430/initialize?prefCd=01&kikanCd=3010028470&kikanKbn=3", "url2": null, "内容": "よしむら歯科医院【3:歯科】北海道上川郡新得町本通南１丁目３番地" }, "geometry": { "type": "Point", "coordinates": [ 142.8334213, 43.0818321 ] } },
{ "type": "Feature", "properties": { "ID": 133010028480, "正式名称": "医療法人社団東秀会わたなべ歯科", "機関区分": 3, "都道府県コード": 1, "市区町村コード": 635, "所在地": "北海道上川郡新得町４条南２丁目１番地", "緯度": 43.082287, "経度": 142.838097, "url": "https://www.iryou.teikyouseido.mhlw.go.jp/znk-web/juminkanja/S2430/initialize?prefCd=01&kikanCd=3010028480&kikanKbn=3", "url2": null, "内容": "医療法人社団東秀会わたなべ歯科【3:歯科】北海道上川郡新得町４条南２丁目１番地" }, "geometry": { "type": "Point", "coordinates": [ 142.838097, 43.082287 ] } },
{ "type": "Feature", "properties": { "ID": 133010028530, "正式名称": "医療法人社団木村歯科医院", "機関区分": 3, "都道府県コード": 1, "市区町村コード": 636, "所在地": "北海道上川郡清水町南１条３丁目１２番地", "緯度": 43.014463, "経度": 142.8826239, "url": "https://www.iryou.teikyouseido.mhlw.go.jp/znk-web/juminkanja/S2430/initialize?prefCd=01&kikanCd=3010028530&kikanKbn=3", "url2": "http://kimurasika.info/", "内容": "医療法人社団木村歯科医院【3:歯科】北海道上川郡清水町南１条３丁目１２番地" }, "geometry": { "type": "Point", "coordinates": [ 142.8826239, 43.014463 ] } },
{ "type": "Feature", "properties": { "ID": 133010028540, "正式名称": "藤村歯科・矯正歯科医院", "機関区分": 3, "都道府県コード": 1, "市区町村コード": 637, "所在地": "北海道河西郡芽室町東１条４丁目１７番地", "緯度": 42.911003, "経度": 143.05135, "url": "https://www.iryou.teikyouseido.mhlw.go.jp/znk-web/juminkanja/S2430/initialize?prefCd=01&kikanCd=3010028540&kikanKbn=3", "url2": null, "内容": "藤村歯科・矯正歯科医院【3:歯科】北海道河西郡芽室町東１条４丁目１７番地" }, "geometry": { "type": "Point", "coordinates": [ 143.05135, 42.911003 ] } },
{ "type": "Feature", "properties": { "ID": 133010028550, "正式名称": "家内歯科医院", "機関区分": 3, "都道府県コード": 1, "市区町村コード": 637, "所在地": "北海道河西郡芽室町西２条２丁目１５", "緯度": 42.9113777, "経度": 143.0453519, "url": "https://www.iryou.teikyouseido.mhlw.go.jp/znk-web/juminkanja/S2430/initialize?prefCd=01&kikanCd=3010028550&kikanKbn=3", "url2": null, "内容": "家内歯科医院【3:歯科】北海道河西郡芽室町西２条２丁目１５" }, "geometry": { "type": "Point", "coordinates": [ 143.045351899999986, 42.9113777 ] } },
{ "type": "Feature", "properties": { "ID": 133010028560, "正式名称": "正木歯科診療室", "機関区分": 3, "都道府県コード": 1, "市区町村コード": 637, "所在地": "北海道河西郡芽室町本通５丁目１１番地１", "緯度": 42.914955, "経度": 143.048046, "url": "https://www.iryou.teikyouseido.mhlw.go.jp/znk-web/juminkanja/S2430/initialize?prefCd=01&kikanCd=3010028560&kikanKbn=3", "url2": null, "内容": "正木歯科診療室【3:歯科】北海道河西郡芽室町本通５丁目１１番地１" }, "geometry": { "type": "Point", "coordinates": [ 143.048046, 42.914955 ] } },
{ "type": "Feature", "properties": { "ID": 133010028590, "正式名称": "南館歯科医院", "機関区分": 3, "都道府県コード": 1, "市区町村コード": 637, "所在地": "北海道河西郡芽室町本通３丁目１４番地", "緯度": 42.912594, "経度": 143.047796, "url": "https://www.iryou.teikyouseido.mhlw.go.jp/znk-web/juminkanja/S2430/initialize?prefCd=01&kikanCd=3010028590&kikanKbn=3", "url2": null, "内容": "南館歯科医院【3:歯科】北海道河西郡芽室町本通３丁目１４番地" }, "geometry": { "type": "Point", "coordinates": [ 143.047796, 42.912594 ] } },
{ "type": "Feature", "properties": { "ID": 133010028600, "正式名称": "おみ歯科クリニック", "機関区分": 3, "都道府県コード": 1, "市区町村コード": 637, "所在地": "北海道河西郡芽室町西１条南６丁目１番地３", "緯度": 42.902873, "経度": 143.049102, "url": "https://www.iryou.teikyouseido.mhlw.go.jp/znk-web/juminkanja/S2430/initialize?prefCd=01&kikanCd=3010028600&kikanKbn=3", "url2": "http://omi-shika.com/", "内容": "おみ歯科クリニック【3:歯科】北海道河西郡芽室町西１条南６丁目１番地３" }, "geometry": { "type": "Point", "coordinates": [ 143.049102, 42.902873 ] } },
{ "type": "Feature", "properties": { "ID": 133010028610, "正式名称": "いしがき歯科クリニック", "機関区分": 3, "都道府県コード": 1, "市区町村コード": 637, "所在地": "北海道河西郡芽室町東めむろ３条北１丁目１番地８", "緯度": 35.994373, "経度": 139.354263, "url": "https://www.iryou.teikyouseido.mhlw.go.jp/znk-web/juminkanja/S2430/initialize?prefCd=01&kikanCd=3010028610&kikanKbn=3", "url2": null, "内容": "いしがき歯科クリニック【3:歯科】北海道河西郡芽室町東めむろ３条北１丁目１番地８" }, "geometry": { "type": "Point", "coordinates": [ 139.354263, 35.994373 ] } },
{ "type": "Feature", "properties": { "ID": 133010028620, "正式名称": "医療法人社団慶友会中札内歯科医院", "機関区分": 3, "都道府県コード": 1, "市区町村コード": 638, "所在地": "北海道河西郡中札内村大通北３丁目５番地", "緯度": 42.703174, "経度": 143.136271, "url": "https://www.iryou.teikyouseido.mhlw.go.jp/znk-web/juminkanja/S2430/initialize?prefCd=01&kikanCd=3010028620&kikanKbn=3", "url2": null, "内容": "医療法人社団慶友会中札内歯科医院【3:歯科】北海道河西郡中札内村大通北３丁目５番地" }, "geometry": { "type": "Point", "coordinates": [ 143.136271, 42.703174 ] } },
{ "type": "Feature", "properties": { "ID": 133010028640, "正式名称": "更別村歯科診療所", "機関区分": 3, "都道府県コード": 1, "市区町村コード": 639, "所在地": "北海道河西郡更別村字更別南１線９３－１０", "緯度": 42.614456, "経度": 143.10175, "url": "https://www.iryou.teikyouseido.mhlw.go.jp/znk-web/juminkanja/S2430/initialize?prefCd=01&kikanCd=3010028640&kikanKbn=3", "url2": null, "内容": "更別村歯科診療所【3:歯科】北海道河西郡更別村字更別南１線９３－１０" }, "geometry": { "type": "Point", "coordinates": [ 143.10175, 42.614456 ] } },
{ "type": "Feature", "properties": { "ID": 133010028650, "正式名称": "大樹町歯科診療所", "機関区分": 3, "都道府県コード": 1, "市区町村コード": 641, "所在地": "北海道広尾郡大樹町３条通１８番地９", "緯度": 42.490826, "経度": 143.27597, "url": "https://www.iryou.teikyouseido.mhlw.go.jp/znk-web/juminkanja/S2430/initialize?prefCd=01&kikanCd=3010028650&kikanKbn=3", "url2": null, "内容": "大樹町歯科診療所【3:歯科】北海道広尾郡大樹町３条通１８番地９" }, "geometry": { "type": "Point", "coordinates": [ 143.27597, 42.490826 ] } },
{ "type": "Feature", "properties": { "ID": 133010028710, "正式名称": "広尾中央歯科クリニック", "機関区分": 3, "都道府県コード": 1, "市区町村コード": 642, "所在地": "北海道広尾郡広尾町並木通西１丁目１－８", "緯度": 36.160865, "経度": 139.386846, "url": "https://www.iryou.teikyouseido.mhlw.go.jp/znk-web/juminkanja/S2430/initialize?prefCd=01&kikanCd=3010028710&kikanKbn=3", "url2": null, "内容": "広尾中央歯科クリニック【3:歯科】北海道広尾郡広尾町並木通西１丁目１－８" }, "geometry": { "type": "Point", "coordinates": [ 139.386846, 36.160865 ] } },
{ "type": "Feature", "properties": { "ID": 133010028720, "正式名称": "忠類歯科診療所", "機関区分": 3, "都道府県コード": 1, "市区町村コード": 643, "所在地": "北海道中川郡幕別町忠類錦町４３９番地１", "緯度": 42.567719, "経度": 143.311568, "url": "https://www.iryou.teikyouseido.mhlw.go.jp/znk-web/juminkanja/S2430/initialize?prefCd=01&kikanCd=3010028720&kikanKbn=3", "url2": null, "内容": "忠類歯科診療所【3:歯科】北海道中川郡幕別町忠類錦町４３９番地１" }, "geometry": { "type": "Point", "coordinates": [ 143.311568, 42.567719 ] } },
{ "type": "Feature", "properties": { "ID": 133010028750, "正式名称": "医療法人社団大内歯科医院", "機関区分": 3, "都道府県コード": 1, "市区町村コード": 643, "所在地": "北海道中川郡幕別町札内豊町２５番地１０", "緯度": 42.91707, "経度": 143.25632, "url": "https://www.iryou.teikyouseido.mhlw.go.jp/znk-web/juminkanja/S2430/initialize?prefCd=01&kikanCd=3010028750&kikanKbn=3", "url2": "http://ohuchi-shika.com/", "内容": "医療法人社団大内歯科医院【3:歯科】北海道中川郡幕別町札内豊町２５番地１０" }, "geometry": { "type": "Point", "coordinates": [ 143.25632, 42.91707 ] } },
{ "type": "Feature", "properties": { "ID": 133010028760, "正式名称": "医療法人社団村松歯科医院", "機関区分": 3, "都道府県コード": 1, "市区町村コード": 643, "所在地": "北海道中川郡幕別町札内泉町７６番地の１", "緯度": 42.90927, "経度": 143.25711, "url": "https://www.iryou.teikyouseido.mhlw.go.jp/znk-web/juminkanja/S2430/initialize?prefCd=01&kikanCd=3010028760&kikanKbn=3", "url2": null, "内容": "医療法人社団村松歯科医院【3:歯科】北海道中川郡幕別町札内泉町７６番地の１" }, "geometry": { "type": "Point", "coordinates": [ 143.25711, 42.90927 ] } },
{ "type": "Feature", "properties": { "ID": 133010028780, "正式名称": "國安歯科医院", "機関区分": 3, "都道府県コード": 1, "市区町村コード": 643, "所在地": "北海道中川郡幕別町札内青葉町１６番１０", "緯度": 42.91355, "経度": 143.26108, "url": "https://www.iryou.teikyouseido.mhlw.go.jp/znk-web/juminkanja/S2430/initialize?prefCd=01&kikanCd=3010028780&kikanKbn=3", "url2": null, "内容": "國安歯科医院【3:歯科】北海道中川郡幕別町札内青葉町１６番１０" }, "geometry": { "type": "Point", "coordinates": [ 143.26108, 42.91355 ] } },
{ "type": "Feature", "properties": { "ID": 133010028790, "正式名称": "杉村歯科医院", "機関区分": 3, "都道府県コード": 1, "市区町村コード": 643, "所在地": "北海道中川郡幕別町札内みずほ町１４３番地６６", "緯度": 42.905, "経度": 143.25319, "url": "https://www.iryou.teikyouseido.mhlw.go.jp/znk-web/juminkanja/S2430/initialize?prefCd=01&kikanCd=3010028790&kikanKbn=3", "url2": "sugimura-dc.jp", "内容": "杉村歯科医院【3:歯科】北海道中川郡幕別町札内みずほ町１４３番地６６" }, "geometry": { "type": "Point", "coordinates": [ 143.25319, 42.905 ] } },
{ "type": "Feature", "properties": { "ID": 133010028800, "正式名称": "みずほ通り歯科クリニック", "機関区分": 3, "都道府県コード": 1, "市区町村コード": 643, "所在地": "北海道中川郡幕別町札内共栄町１６番３", "緯度": 42.918068, "経度": 143.24483, "url": "https://www.iryou.teikyouseido.mhlw.go.jp/znk-web/juminkanja/S2430/initialize?prefCd=01&kikanCd=3010028800&kikanKbn=3", "url2": null, "内容": "みずほ通り歯科クリニック【3:歯科】北海道中川郡幕別町札内共栄町１６番３" }, "geometry": { "type": "Point", "coordinates": [ 143.24483, 42.918068 ] } },
{ "type": "Feature", "properties": { "ID": 133010028810, "正式名称": "医療法人社団高橋歯科小児歯科クリニック", "機関区分": 3, "都道府県コード": 1, "市区町村コード": 643, "所在地": "北海道中川郡幕別町札内北町２１番１８", "緯度": 35.847627, "経度": 139.385096, "url": "https://www.iryou.teikyouseido.mhlw.go.jp/znk-web/juminkanja/S2430/initialize?prefCd=01&kikanCd=3010028810&kikanKbn=3", "url2": null, "内容": "医療法人社団高橋歯科小児歯科クリニック【3:歯科】北海道中川郡幕別町札内北町２１番１８" }, "geometry": { "type": "Point", "coordinates": [ 139.385096, 35.847627 ] } },
{ "type": "Feature", "properties": { "ID": 133010028830, "正式名称": "塚本歯科医院", "機関区分": 3, "都道府県コード": 1, "市区町村コード": 644, "所在地": "北海道中川郡池田町字西２条７丁目８番地", "緯度": 42.929287, "経度": 143.44771, "url": "https://www.iryou.teikyouseido.mhlw.go.jp/znk-web/juminkanja/S2430/initialize?prefCd=01&kikanCd=3010028830&kikanKbn=3", "url2": null, "内容": "塚本歯科医院【3:歯科】北海道中川郡池田町字西２条７丁目８番地" }, "geometry": { "type": "Point", "coordinates": [ 143.44771, 42.929287 ] } },
{ "type": "Feature", "properties": { "ID": 133010028840, "正式名称": "ユタカ歯科", "機関区分": 3, "都道府県コード": 1, "市区町村コード": 644, "所在地": "北海道中川郡池田町利別西町１番地の５", "緯度": 42.928682, "経度": 143.428958, "url": "https://www.iryou.teikyouseido.mhlw.go.jp/znk-web/juminkanja/S2430/initialize?prefCd=01&kikanCd=3010028840&kikanKbn=3", "url2": "https://www.yutakashika.com/", "内容": "ユタカ歯科【3:歯科】北海道中川郡池田町利別西町１番地の５" }, "geometry": { "type": "Point", "coordinates": [ 143.428958, 42.928682 ] } },
{ "type": "Feature", "properties": { "ID": 133010028870, "正式名称": "豊頃町歯科診療所", "機関区分": 3, "都道府県コード": 1, "市区町村コード": 645, "所在地": "北海道中川郡豊頃町茂岩本町１０５番地", "緯度": 42.800976, "経度": 143.50734, "url": "https://www.iryou.teikyouseido.mhlw.go.jp/znk-web/juminkanja/S2430/initialize?prefCd=01&kikanCd=3010028870&kikanKbn=3", "url2": null, "内容": "豊頃町歯科診療所【3:歯科】北海道中川郡豊頃町茂岩本町１０５番地" }, "geometry": { "type": "Point", "coordinates": [ 143.50734, 42.800976 ] } },
{ "type": "Feature", "properties": { "ID": 133010028880, "正式名称": "かとう歯科", "機関区分": 3, "都道府県コード": 1, "市区町村コード": 646, "所在地": "北海道中川郡本別町南２丁目１番地", "緯度": 43.12234, "経度": 143.61133, "url": "https://www.iryou.teikyouseido.mhlw.go.jp/znk-web/juminkanja/S2430/initialize?prefCd=01&kikanCd=3010028880&kikanKbn=3", "url2": null, "内容": "かとう歯科【3:歯科】北海道中川郡本別町南２丁目１番地" }, "geometry": { "type": "Point", "coordinates": [ 143.61133, 43.12234 ] } },
{ "type": "Feature", "properties": { "ID": 133010028890, "正式名称": "棚原歯科", "機関区分": 3, "都道府県コード": 1, "市区町村コード": 646, "所在地": "北海道中川郡本別町北２丁目２番地１４", "緯度": 43.124756, "経度": 143.61201, "url": "https://www.iryou.teikyouseido.mhlw.go.jp/znk-web/juminkanja/S2430/initialize?prefCd=01&kikanCd=3010028890&kikanKbn=3", "url2": null, "内容": "棚原歯科【3:歯科】北海道中川郡本別町北２丁目２番地１４" }, "geometry": { "type": "Point", "coordinates": [ 143.61201, 43.124756 ] } },
{ "type": "Feature", "properties": { "ID": 133010028900, "正式名称": "医療法人社団河合歯科医院", "機関区分": 3, "都道府県コード": 1, "市区町村コード": 646, "所在地": "北海道中川郡本別町北３丁目４番地６", "緯度": 43.124756, "経度": 143.61201, "url": "https://www.iryou.teikyouseido.mhlw.go.jp/znk-web/juminkanja/S2430/initialize?prefCd=01&kikanCd=3010028900&kikanKbn=3", "url2": "kawai-dc.net", "内容": "医療法人社団河合歯科医院【3:歯科】北海道中川郡本別町北３丁目４番地６" }, "geometry": { "type": "Point", "coordinates": [ 143.61201, 43.124756 ] } },
{ "type": "Feature", "properties": { "ID": 133010028920, "正式名称": "医療法人社団　賀陽歯科医院", "機関区分": 3, "都道府県コード": 1, "市区町村コード": 646, "所在地": "北海道中川郡本別町南４丁目１１０ー１", "緯度": 43.12234, "経度": 143.61133, "url": "https://www.iryou.teikyouseido.mhlw.go.jp/znk-web/juminkanja/S2430/initialize?prefCd=01&kikanCd=3010028920&kikanKbn=3", "url2": "http://www.kayou-dental.jp", "内容": "医療法人社団　賀陽歯科医院【3:歯科】北海道中川郡本別町南４丁目１１０ー１" }, "geometry": { "type": "Point", "coordinates": [ 143.61133, 43.12234 ] } },
{ "type": "Feature", "properties": { "ID": 133010028940, "正式名称": "中原歯科", "機関区分": 3, "都道府県コード": 1, "市区町村コード": 647, "所在地": "北海道足寄郡足寄町南６条１丁目１３番地", "緯度": 43.237514, "経度": 143.546112, "url": "https://www.iryou.teikyouseido.mhlw.go.jp/znk-web/juminkanja/S2430/initialize?prefCd=01&kikanCd=3010028940&kikanKbn=3", "url2": null, "内容": "中原歯科【3:歯科】北海道足寄郡足寄町南６条１丁目１３番地" }, "geometry": { "type": "Point", "coordinates": [ 143.546112, 43.237514 ] } },
{ "type": "Feature", "properties": { "ID": 133010028960, "正式名称": "医療法人社団澪和会桜町歯科診療所", "機関区分": 3, "都道府県コード": 1, "市区町村コード": 649, "所在地": "北海道十勝郡浦幌町字桜町１７番地１", "緯度": 42.809921, "経度": 143.659111, "url": "https://www.iryou.teikyouseido.mhlw.go.jp/znk-web/juminkanja/S2430/initialize?prefCd=01&kikanCd=3010028960&kikanKbn=3", "url2": null, "内容": "医療法人社団澪和会桜町歯科診療所【3:歯科】北海道十勝郡浦幌町字桜町１７番地１" }, "geometry": { "type": "Point", "coordinates": [ 143.659111, 42.809921 ] } },
{ "type": "Feature", "properties": { "ID": 133010028980, "正式名称": "医療法人社団　あい歯科クリニック", "機関区分": 3, "都道府県コード": 1, "市区町村コード": 206, "所在地": "北海道釧路市城山２丁目４番２８号", "緯度": 42.983044, "経度": 144.39442, "url": "https://www.iryou.teikyouseido.mhlw.go.jp/znk-web/juminkanja/S2430/initialize?prefCd=01&kikanCd=3010028980&kikanKbn=3", "url2": "http://ai-kushiro.com", "内容": "医療法人社団　あい歯科クリニック【3:歯科】北海道釧路市城山２丁目４番２８号" }, "geometry": { "type": "Point", "coordinates": [ 144.39442, 42.983044 ] } },
{ "type": "Feature", "properties": { "ID": 133010028990, "正式名称": "愛国デンタルクリニック", "機関区分": 3, "都道府県コード": 1, "市区町村コード": 206, "所在地": "北海道釧路市愛国東４丁目２３番２号", "緯度": 35.923404, "経度": 139.431819, "url": "https://www.iryou.teikyouseido.mhlw.go.jp/znk-web/juminkanja/S2430/initialize?prefCd=01&kikanCd=3010028990&kikanKbn=3", "url2": null, "内容": "愛国デンタルクリニック【3:歯科】北海道釧路市愛国東４丁目２３番２号" }, "geometry": { "type": "Point", "coordinates": [ 139.431819, 35.923404 ] } },
{ "type": "Feature", "properties": { "ID": 133010029000, "正式名称": "医療法人社団愛国ゆたか歯科", "機関区分": 3, "都道府県コード": 1, "市区町村コード": 206, "所在地": "北海道釧路市愛国東３丁目９番１５号", "緯度": 35.926136, "経度": 139.432417, "url": "https://www.iryou.teikyouseido.mhlw.go.jp/znk-web/juminkanja/S2430/initialize?prefCd=01&kikanCd=3010029000&kikanKbn=3", "url2": null, "内容": "医療法人社団愛国ゆたか歯科【3:歯科】北海道釧路市愛国東３丁目９番１５号" }, "geometry": { "type": "Point", "coordinates": [ 139.432417, 35.926136 ] } },
{ "type": "Feature", "properties": { "ID": 133010029010, "正式名称": "医療法人社団相星歯科クリニック", "機関区分": 3, "都道府県コード": 1, "市区町村コード": 206, "所在地": "北海道釧路市春採３－９－３", "緯度": 42.96991, "経度": 144.4110235, "url": "https://www.iryou.teikyouseido.mhlw.go.jp/znk-web/juminkanja/S2430/initialize?prefCd=01&kikanCd=3010029010&kikanKbn=3", "url2": null, "内容": "医療法人社団相星歯科クリニック【3:歯科】北海道釧路市春採３－９－３" }, "geometry": { "type": "Point", "coordinates": [ 144.4110235, 42.96991 ] } },
{ "type": "Feature", "properties": { "ID": 133010029030, "正式名称": "あすか歯科クリニック", "機関区分": 3, "都道府県コード": 1, "市区町村コード": 206, "所在地": "北海道釧路市中園町１０番１２号", "緯度": 36.12297, "経度": 139.431034, "url": "https://www.iryou.teikyouseido.mhlw.go.jp/znk-web/juminkanja/S2430/initialize?prefCd=01&kikanCd=3010029030&kikanKbn=3", "url2": "http://www.keijinkai.info/asuka/", "内容": "あすか歯科クリニック【3:歯科】北海道釧路市中園町１０番１２号" }, "geometry": { "type": "Point", "coordinates": [ 139.431034, 36.12297 ] } },
{ "type": "Feature", "properties": { "ID": 133010029040, "正式名称": "あわの歯科医院", "機関区分": 3, "都道府県コード": 1, "市区町村コード": 206, "所在地": "北海道釧路市昭和町２－１８－３５", "緯度": 43.016223, "経度": 144.36744, "url": "https://www.iryou.teikyouseido.mhlw.go.jp/znk-web/juminkanja/S2430/initialize?prefCd=01&kikanCd=3010029040&kikanKbn=3", "url2": null, "内容": "あわの歯科医院【3:歯科】北海道釧路市昭和町２－１８－３５" }, "geometry": { "type": "Point", "coordinates": [ 144.36744, 43.016223 ] } },
{ "type": "Feature", "properties": { "ID": 133010029070, "正式名称": "医療法人社団　石本歯科医院", "機関区分": 3, "都道府県コード": 1, "市区町村コード": 206, "所在地": "北海道釧路市文苑４丁目２番１６号", "緯度": 43.0195281, "経度": 144.3937061, "url": "https://www.iryou.teikyouseido.mhlw.go.jp/znk-web/juminkanja/S2430/initialize?prefCd=01&kikanCd=3010029070&kikanKbn=3", "url2": "ishimoto-d.com", "内容": "医療法人社団　石本歯科医院【3:歯科】北海道釧路市文苑４丁目２番１６号" }, "geometry": { "type": "Point", "coordinates": [ 144.3937061, 43.0195281 ] } },
{ "type": "Feature", "properties": { "ID": 133010029080, "正式名称": "エンゼル歯科医院", "機関区分": 3, "都道府県コード": 1, "市区町村コード": 206, "所在地": "北海道釧路市文苑１丁目１０番５号", "緯度": 43.015551, "経度": 144.385958, "url": "https://www.iryou.teikyouseido.mhlw.go.jp/znk-web/juminkanja/S2430/initialize?prefCd=01&kikanCd=3010029080&kikanKbn=3", "url2": "http://wwwangel-dc2004.com", "内容": "エンゼル歯科医院【3:歯科】北海道釧路市文苑１丁目１０番５号" }, "geometry": { "type": "Point", "coordinates": [ 144.385958, 43.015551 ] } },
{ "type": "Feature", "properties": { "ID": 133010029090, "正式名称": "伊藤歯科クリニック", "機関区分": 3, "都道府県コード": 1, "市区町村コード": 206, "所在地": "北海道釧路市末広町１０－１", "緯度": 42.9874941, "経度": 144.3850774, "url": "https://www.iryou.teikyouseido.mhlw.go.jp/znk-web/juminkanja/S2430/initialize?prefCd=01&kikanCd=3010029090&kikanKbn=3", "url2": null, "内容": "伊藤歯科クリニック【3:歯科】北海道釧路市末広町１０－１" }, "geometry": { "type": "Point", "coordinates": [ 144.3850774, 42.9874941 ] } },
{ "type": "Feature", "properties": { "ID": 133010029100, "正式名称": "伊藤隆志歯科医院", "機関区分": 3, "都道府県コード": 1, "市区町村コード": 206, "所在地": "北海道釧路市武佐２－３５－３１", "緯度": 42.978971, "経度": 144.426479, "url": "https://www.iryou.teikyouseido.mhlw.go.jp/znk-web/juminkanja/S2430/initialize?prefCd=01&kikanCd=3010029100&kikanKbn=3", "url2": null, "内容": "伊藤隆志歯科医院【3:歯科】北海道釧路市武佐２－３５－３１" }, "geometry": { "type": "Point", "coordinates": [ 144.426479, 42.978971 ] } },
{ "type": "Feature", "properties": { "ID": 133010029140, "正式名称": "おおくぼ歯科医院", "機関区分": 3, "都道府県コード": 1, "市区町村コード": 206, "所在地": "北海道釧路市愛国東３－２－６", "緯度": 35.862244, "経度": 139.431517, "url": "https://www.iryou.teikyouseido.mhlw.go.jp/znk-web/juminkanja/S2430/initialize?prefCd=01&kikanCd=3010029140&kikanKbn=3", "url2": "http://blog.goo.ne.jp/mintglay/", "内容": "おおくぼ歯科医院【3:歯科】北海道釧路市愛国東３－２－６" }, "geometry": { "type": "Point", "coordinates": [ 139.431517, 35.862244 ] } },
{ "type": "Feature", "properties": { "ID": 133010029150, "正式名称": "医療法人社団　大島歯科医院", "機関区分": 3, "都道府県コード": 1, "市区町村コード": 206, "所在地": "北海道釧路市鳥取大通３丁目１２番４号", "緯度": 43.013698, "経度": 144.356698, "url": "https://www.iryou.teikyouseido.mhlw.go.jp/znk-web/juminkanja/S2430/initialize?prefCd=01&kikanCd=3010029150&kikanKbn=3", "url2": null, "内容": "医療法人社団　大島歯科医院【3:歯科】北海道釧路市鳥取大通３丁目１２番４号" }, "geometry": { "type": "Point", "coordinates": [ 144.356698, 43.013698 ] } },
{ "type": "Feature", "properties": { "ID": 133010029190, "正式名称": "かいづかおや子歯科", "機関区分": 3, "都道府県コード": 1, "市区町村コード": 206, "所在地": "北海道釧路市貝塚２丁目２２番２６号", "緯度": 42.9904708, "経度": 144.4192935, "url": "https://www.iryou.teikyouseido.mhlw.go.jp/znk-web/juminkanja/S2430/initialize?prefCd=01&kikanCd=3010029190&kikanKbn=3", "url2": "www.oyako2525.com/", "内容": "かいづかおや子歯科【3:歯科】北海道釧路市貝塚２丁目２２番２６号" }, "geometry": { "type": "Point", "coordinates": [ 144.4192935, 42.9904708 ] } },
{ "type": "Feature", "properties": { "ID": 133010029210, "正式名称": "医療法人社団　加藤歯科医院", "機関区分": 3, "都道府県コード": 1, "市区町村コード": 206, "所在地": "北海道釧路市鳥取北４－１－１３", "緯度": 43.0148847, "経度": 144.3541347, "url": "https://www.iryou.teikyouseido.mhlw.go.jp/znk-web/juminkanja/S2430/initialize?prefCd=01&kikanCd=3010029210&kikanKbn=3", "url2": null, "内容": "医療法人社団　加藤歯科医院【3:歯科】北海道釧路市鳥取北４－１－１３" }, "geometry": { "type": "Point", "coordinates": [ 144.3541347, 43.0148847 ] } },
{ "type": "Feature", "properties": { "ID": 133010029220, "正式名称": "医療法人社団　上島歯科医院", "機関区分": 3, "都道府県コード": 1, "市区町村コード": 206, "所在地": "北海道釧路市緑ヶ岡２－３８－１５", "緯度": 42.989072, "経度": 144.40917, "url": "https://www.iryou.teikyouseido.mhlw.go.jp/znk-web/juminkanja/S2430/initialize?prefCd=01&kikanCd=3010029220&kikanKbn=3", "url2": null, "内容": "医療法人社団　上島歯科医院【3:歯科】北海道釧路市緑ヶ岡２－３８－１５" }, "geometry": { "type": "Point", "coordinates": [ 144.40917, 42.989072 ] } },
{ "type": "Feature", "properties": { "ID": 133010029250, "正式名称": "川村歯科医院", "機関区分": 3, "都道府県コード": 1, "市区町村コード": 206, "所在地": "北海道釧路市浪花町８－６－２", "緯度": 36.112863, "経度": 139.430959, "url": "https://www.iryou.teikyouseido.mhlw.go.jp/znk-web/juminkanja/S2430/initialize?prefCd=01&kikanCd=3010029250&kikanKbn=3", "url2": null, "内容": "川村歯科医院【3:歯科】北海道釧路市浪花町８－６－２" }, "geometry": { "type": "Point", "coordinates": [ 139.430959, 36.112863 ] } },
{ "type": "Feature", "properties": { "ID": 133010029310, "正式名称": "医療法人社団クボタデンタルクリニック", "機関区分": 3, "都道府県コード": 1, "市区町村コード": 206, "所在地": "北海道釧路市住吉１－９－１８", "緯度": 42.977481, "経度": 144.39094, "url": "https://www.iryou.teikyouseido.mhlw.go.jp/znk-web/juminkanja/S2430/initialize?prefCd=01&kikanCd=3010029310&kikanKbn=3", "url2": null, "内容": "医療法人社団クボタデンタルクリニック【3:歯科】北海道釧路市住吉１－９－１８" }, "geometry": { "type": "Point", "coordinates": [ 144.39094, 42.977481 ] } },
{ "type": "Feature", "properties": { "ID": 133010029340, "正式名称": "医療法人社団こども歯科クリニック文苑こども歯科クリニック", "機関区分": 3, "都道府県コード": 1, "市区町村コード": 206, "所在地": "北海道釧路市文苑４丁目６５番１６号", "緯度": 43.0208459, "経度": 144.3947843, "url": "https://www.iryou.teikyouseido.mhlw.go.jp/znk-web/juminkanja/S2430/initialize?prefCd=01&kikanCd=3010029340&kikanKbn=3", "url2": null, "内容": "医療法人社団こども歯科クリニック文苑こども歯科クリニック【3:歯科】北海道釧路市文苑４丁目６５番１６号" }, "geometry": { "type": "Point", "coordinates": [ 144.3947843, 43.0208459 ] } },
{ "type": "Feature", "properties": { "ID": 133010029360, "正式名称": "こんの歯科クリニック", "機関区分": 3, "都道府県コード": 1, "市区町村コード": 206, "所在地": "北海道釧路市住吉１－１－６", "緯度": 42.979578, "経度": 144.3898771, "url": "https://www.iryou.teikyouseido.mhlw.go.jp/znk-web/juminkanja/S2430/initialize?prefCd=01&kikanCd=3010029360&kikanKbn=3", "url2": null, "内容": "こんの歯科クリニック【3:歯科】北海道釧路市住吉１－１－６" }, "geometry": { "type": "Point", "coordinates": [ 144.3898771, 42.979578 ] } },
{ "type": "Feature", "properties": { "ID": 133010029370, "正式名称": "栄歯科クリニック", "機関区分": 3, "都道府県コード": 1, "市区町村コード": 206, "所在地": "北海道釧路市共栄大通９－１－４", "緯度": 36.120869, "経度": 139.429292, "url": "https://www.iryou.teikyouseido.mhlw.go.jp/znk-web/juminkanja/S2430/initialize?prefCd=01&kikanCd=3010029370&kikanKbn=3", "url2": null, "内容": "栄歯科クリニック【3:歯科】北海道釧路市共栄大通９－１－４" }, "geometry": { "type": "Point", "coordinates": [ 139.429292, 36.120869 ] } },
{ "type": "Feature", "properties": { "ID": 133010029400, "正式名称": "医療法人社団佐藤歯科医院", "機関区分": 3, "都道府県コード": 1, "市区町村コード": 206, "所在地": "北海道釧路市鳥取大通４－１７－１７", "緯度": 43.013578, "経度": 144.349878, "url": "https://www.iryou.teikyouseido.mhlw.go.jp/znk-web/juminkanja/S2430/initialize?prefCd=01&kikanCd=3010029400&kikanKbn=3", "url2": "http://www.gikoh.net", "内容": "医療法人社団佐藤歯科医院【3:歯科】北海道釧路市鳥取大通４－１７－１７" }, "geometry": { "type": "Point", "coordinates": [ 144.349878, 43.013578 ] } },
{ "type": "Feature", "properties": { "ID": 133010029440, "正式名称": "昭和歯科医院", "機関区分": 3, "都道府県コード": 1, "市区町村コード": 206, "所在地": "北海道釧路市昭和南５－３３－２４", "緯度": 43.0246649, "経度": 144.3517655, "url": "https://www.iryou.teikyouseido.mhlw.go.jp/znk-web/juminkanja/S2430/initialize?prefCd=01&kikanCd=3010029440&kikanKbn=3", "url2": null, "内容": "昭和歯科医院【3:歯科】北海道釧路市昭和南５－３３－２４" }, "geometry": { "type": "Point", "coordinates": [ 144.3517655, 43.0246649 ] } },
{ "type": "Feature", "properties": { "ID": 133010029460, "正式名称": "医療法人社団）すみれ会　高岡歯科", "機関区分": 3, "都道府県コード": 1, "市区町村コード": 206, "所在地": "北海道釧路市芦野５－２７－１１", "緯度": 43.0174613, "経度": 144.3924813, "url": "https://www.iryou.teikyouseido.mhlw.go.jp/znk-web/juminkanja/S2430/initialize?prefCd=01&kikanCd=3010029460&kikanKbn=3", "url2": "http://www.takaoka-dc.com/", "内容": "医療法人社団）すみれ会　高岡歯科【3:歯科】北海道釧路市芦野５－２７－１１" }, "geometry": { "type": "Point", "coordinates": [ 144.392481299999986, 43.0174613 ] } },
{ "type": "Feature", "properties": { "ID": 133010029480, "正式名称": "高橋徹次歯科診療室", "機関区分": 3, "都道府県コード": 1, "市区町村コード": 206, "所在地": "北海道釧路市北大通６－１－７　高橋ビル２階", "緯度": 42.984999, "経度": 144.384987, "url": "https://www.iryou.teikyouseido.mhlw.go.jp/znk-web/juminkanja/S2430/initialize?prefCd=01&kikanCd=3010029480&kikanKbn=3", "url2": "http://www.ttdental.info/", "内容": "高橋徹次歯科診療室【3:歯科】北海道釧路市北大通６－１－７　高橋ビル２階" }, "geometry": { "type": "Point", "coordinates": [ 144.384987, 42.984999 ] } },
{ "type": "Feature", "properties": { "ID": 133010029510, "正式名称": "チャイルド歯科長内医院", "機関区分": 3, "都道府県コード": 1, "市区町村コード": 206, "所在地": "北海道釧路市春日町１１－１３", "緯度": 42.995766, "経度": 144.37514, "url": "https://www.iryou.teikyouseido.mhlw.go.jp/znk-web/juminkanja/S2430/initialize?prefCd=01&kikanCd=3010029510&kikanKbn=3", "url2": null, "内容": "チャイルド歯科長内医院【3:歯科】北海道釧路市春日町１１－１３" }, "geometry": { "type": "Point", "coordinates": [ 144.37514, 42.995766 ] } },
{ "type": "Feature", "properties": { "ID": 133010029540, "正式名称": "つねかわ歯科", "機関区分": 3, "都道府県コード": 1, "市区町村コード": 206, "所在地": "北海道釧路市星が浦大通１－７", "緯度": 36.0275, "経度": 139.425567, "url": "https://www.iryou.teikyouseido.mhlw.go.jp/znk-web/juminkanja/S2430/initialize?prefCd=01&kikanCd=3010029540&kikanKbn=3", "url2": "118-946.com", "内容": "つねかわ歯科【3:歯科】北海道釧路市星が浦大通１－７" }, "geometry": { "type": "Point", "coordinates": [ 139.425567, 36.0275 ] } },
{ "type": "Feature", "properties": { "ID": 133010029560, "正式名称": "医療法人社団鶴ヶ岱歯科クリニック", "機関区分": 3, "都道府県コード": 1, "市区町村コード": 206, "所在地": "北海道釧路市城山１－４－２４", "緯度": 36.121311, "経度": 139.429822, "url": "https://www.iryou.teikyouseido.mhlw.go.jp/znk-web/juminkanja/S2430/initialize?prefCd=01&kikanCd=3010029560&kikanKbn=3", "url2": null, "内容": "医療法人社団鶴ヶ岱歯科クリニック【3:歯科】北海道釧路市城山１－４－２４" }, "geometry": { "type": "Point", "coordinates": [ 139.429822, 36.121311 ] } },
{ "type": "Feature", "properties": { "ID": 133010029590, "正式名称": "豊橋歯科医院", "機関区分": 3, "都道府県コード": 1, "市区町村コード": 206, "所在地": "北海道釧路市末広町１３－２カネヨシビル２Ｆ", "緯度": 42.98487, "経度": 144.38683, "url": "https://www.iryou.teikyouseido.mhlw.go.jp/znk-web/juminkanja/S2430/initialize?prefCd=01&kikanCd=3010029590&kikanKbn=3", "url2": null, "内容": "豊橋歯科医院【3:歯科】北海道釧路市末広町１３－２カネヨシビル２Ｆ" }, "geometry": { "type": "Point", "coordinates": [ 144.38683, 42.98487 ] } },
{ "type": "Feature", "properties": { "ID": 133010029600, "正式名称": "とりもと歯科", "機関区分": 3, "都道府県コード": 1, "市区町村コード": 206, "所在地": "北海道釧路市芦野２－１－６", "緯度": 35.923675, "経度": 139.433028, "url": "https://www.iryou.teikyouseido.mhlw.go.jp/znk-web/juminkanja/S2430/initialize?prefCd=01&kikanCd=3010029600&kikanKbn=3", "url2": null, "内容": "とりもと歯科【3:歯科】北海道釧路市芦野２－１－６" }, "geometry": { "type": "Point", "coordinates": [ 139.433028, 35.923675 ] } },
{ "type": "Feature", "properties": { "ID": 133010029630, "正式名称": "医療法人社団　中谷歯科医院", "機関区分": 3, "都道府県コード": 1, "市区町村コード": 206, "所在地": "北海道釧路市双葉町１２－２０", "緯度": 42.997143, "経度": 144.38951, "url": "https://www.iryou.teikyouseido.mhlw.go.jp/znk-web/juminkanja/S2430/initialize?prefCd=01&kikanCd=3010029630&kikanKbn=3", "url2": null, "内容": "医療法人社団　中谷歯科医院【3:歯科】北海道釧路市双葉町１２－２０" }, "geometry": { "type": "Point", "coordinates": [ 144.38951, 42.997143 ] } },
{ "type": "Feature", "properties": { "ID": 133010029640, "正式名称": "中村歯科医院", "機関区分": 3, "都道府県コード": 1, "市区町村コード": 206, "所在地": "北海道釧路市新橋大通６－１－５", "緯度": 43.005913, "経度": 144.371515, "url": "https://www.iryou.teikyouseido.mhlw.go.jp/znk-web/juminkanja/S2430/initialize?prefCd=01&kikanCd=3010029640&kikanKbn=3", "url2": "https://nakamura-dc-kushiro.com", "内容": "中村歯科医院【3:歯科】北海道釧路市新橋大通６－１－５" }, "geometry": { "type": "Point", "coordinates": [ 144.371515, 43.005913 ] } },
{ "type": "Feature", "properties": { "ID": 133010029680, "正式名称": "花園歯科医院", "機関区分": 3, "都道府県コード": 1, "市区町村コード": 206, "所在地": "北海道釧路市花園町８番２０号", "緯度": 43.000385, "経度": 144.38307, "url": "https://www.iryou.teikyouseido.mhlw.go.jp/znk-web/juminkanja/S2430/initialize?prefCd=01&kikanCd=3010029680&kikanKbn=3", "url2": null, "内容": "花園歯科医院【3:歯科】北海道釧路市花園町８番２０号" }, "geometry": { "type": "Point", "coordinates": [ 144.38307, 43.000385 ] } },
{ "type": "Feature", "properties": { "ID": 133010029690, "正式名称": "長谷川歯科クリニック", "機関区分": 3, "都道府県コード": 1, "市区町村コード": 206, "所在地": "北海道釧路市若草町１７－１３", "緯度": 43.021439, "経度": 144.406512, "url": "https://www.iryou.teikyouseido.mhlw.go.jp/znk-web/juminkanja/S2430/initialize?prefCd=01&kikanCd=3010029690&kikanKbn=3", "url2": null, "内容": "長谷川歯科クリニック【3:歯科】北海道釧路市若草町１７－１３" }, "geometry": { "type": "Point", "coordinates": [ 144.406512, 43.021439 ] } },
{ "type": "Feature", "properties": { "ID": 133010029700, "正式名称": "濱中歯科医院", "機関区分": 3, "都道府県コード": 1, "市区町村コード": 206, "所在地": "北海道釧路市文苑１－２６－４", "緯度": 43.019106, "経度": 144.384819, "url": "https://www.iryou.teikyouseido.mhlw.go.jp/znk-web/juminkanja/S2430/initialize?prefCd=01&kikanCd=3010029700&kikanKbn=3", "url2": "https://www.hamanakadental.com/", "内容": "濱中歯科医院【3:歯科】北海道釧路市文苑１－２６－４" }, "geometry": { "type": "Point", "coordinates": [ 144.384819, 43.019106 ] } },
{ "type": "Feature", "properties": { "ID": 133010029720, "正式名称": "ひぶな歯科クリニック", "機関区分": 3, "都道府県コード": 1, "市区町村コード": 206, "所在地": "北海道釧路市春採７丁目１番４８号　ザ・ビッグ春採店内", "緯度": 36.128653, "経度": 139.436053, "url": "https://www.iryou.teikyouseido.mhlw.go.jp/znk-web/juminkanja/S2430/initialize?prefCd=01&kikanCd=3010029720&kikanKbn=3", "url2": "https://www.hibuna-dental-clinic.com/", "内容": "ひぶな歯科クリニック【3:歯科】北海道釧路市春採７丁目１番４８号　ザ・ビッグ春採店内" }, "geometry": { "type": "Point", "coordinates": [ 139.436053, 36.128653 ] } },
{ "type": "Feature", "properties": { "ID": 133010029730, "正式名称": "平出歯科医院", "機関区分": 3, "都道府県コード": 1, "市区町村コード": 206, "所在地": "北海道釧路市大川町７－１９", "緯度": 42.981575, "経度": 144.39302, "url": "https://www.iryou.teikyouseido.mhlw.go.jp/znk-web/juminkanja/S2430/initialize?prefCd=01&kikanCd=3010029730&kikanKbn=3", "url2": null, "内容": "平出歯科医院【3:歯科】北海道釧路市大川町７－１９" }, "geometry": { "type": "Point", "coordinates": [ 144.39302, 42.981575 ] } },
{ "type": "Feature", "properties": { "ID": 133010029740, "正式名称": "ふくしま歯科医院", "機関区分": 3, "都道府県コード": 1, "市区町村コード": 206, "所在地": "北海道釧路市浦見４丁目２番２３号", "緯度": 35.792619, "経度": 139.430325, "url": "https://www.iryou.teikyouseido.mhlw.go.jp/znk-web/juminkanja/S2430/initialize?prefCd=01&kikanCd=3010029740&kikanKbn=3", "url2": "http://www.yoihani.jp/", "内容": "ふくしま歯科医院【3:歯科】北海道釧路市浦見４丁目２番２３号" }, "geometry": { "type": "Point", "coordinates": [ 139.430325, 35.792619 ] } },
{ "type": "Feature", "properties": { "ID": 133010029750, "正式名称": "ぼうだ歯科医院", "機関区分": 3, "都道府県コード": 1, "市区町村コード": 206, "所在地": "北海道釧路市新橋大通８丁目２番１６号", "緯度": 43.002003, "経度": 144.37874, "url": "https://www.iryou.teikyouseido.mhlw.go.jp/znk-web/juminkanja/S2430/initialize?prefCd=01&kikanCd=3010029750&kikanKbn=3", "url2": null, "内容": "ぼうだ歯科医院【3:歯科】北海道釧路市新橋大通８丁目２番１６号" }, "geometry": { "type": "Point", "coordinates": [ 144.37874, 43.002003 ] } },
{ "type": "Feature", "properties": { "ID": 133010029760, "正式名称": "医療法人社団若葉会望洋歯科クリニック", "機関区分": 3, "都道府県コード": 1, "市区町村コード": 206, "所在地": "北海道釧路市春採４丁目５番１１号", "緯度": 42.968881, "経度": 144.407092, "url": "https://www.iryou.teikyouseido.mhlw.go.jp/znk-web/juminkanja/S2430/initialize?prefCd=01&kikanCd=3010029760&kikanKbn=3", "url2": null, "内容": "医療法人社団若葉会望洋歯科クリニック【3:歯科】北海道釧路市春採４丁目５番１１号" }, "geometry": { "type": "Point", "coordinates": [ 144.407092, 42.968881 ] } },
{ "type": "Feature", "properties": { "ID": 133010029780, "正式名称": "医療法人社団本間榮一歯科診療室", "機関区分": 3, "都道府県コード": 1, "市区町村コード": 206, "所在地": "北海道釧路市栄町９－４", "緯度": 36.121165, "経度": 139.429779, "url": "https://www.iryou.teikyouseido.mhlw.go.jp/znk-web/juminkanja/S2430/initialize?prefCd=01&kikanCd=3010029780&kikanKbn=3", "url2": "homma-dent.com", "内容": "医療法人社団本間榮一歯科診療室【3:歯科】北海道釧路市栄町９－４" }, "geometry": { "type": "Point", "coordinates": [ 139.429779, 36.121165 ] } },
{ "type": "Feature", "properties": { "ID": 133010029800, "正式名称": "松永歯科クリニック", "機関区分": 3, "都道府県コード": 1, "市区町村コード": 206, "所在地": "北海道釧路市若松町４－１１", "緯度": 42.991664, "経度": 144.384459, "url": "https://www.iryou.teikyouseido.mhlw.go.jp/znk-web/juminkanja/S2430/initialize?prefCd=01&kikanCd=3010029800&kikanKbn=3", "url2": null, "内容": "松永歯科クリニック【3:歯科】北海道釧路市若松町４－１１" }, "geometry": { "type": "Point", "coordinates": [ 144.384459, 42.991664 ] } },
{ "type": "Feature", "properties": { "ID": 133010029810, "正式名称": "水野歯科クリニック", "機関区分": 3, "都道府県コード": 1, "市区町村コード": 206, "所在地": "北海道釧路市鳥取北１０－２－１８", "緯度": 43.0189923, "経度": 144.3319562, "url": "https://www.iryou.teikyouseido.mhlw.go.jp/znk-web/juminkanja/S2430/initialize?prefCd=01&kikanCd=3010029810&kikanKbn=3", "url2": null, "内容": "水野歯科クリニック【3:歯科】北海道釧路市鳥取北１０－２－１８" }, "geometry": { "type": "Point", "coordinates": [ 144.3319562, 43.0189923 ] } },
{ "type": "Feature", "properties": { "ID": 133010029830, "正式名称": "医療法人社団緑ヶ岡歯科クリニック", "機関区分": 3, "都道府県コード": 1, "市区町村コード": 206, "所在地": "北海道釧路市緑ヶ岡２－１６－１１", "緯度": 43.04217, "経度": 144.47066, "url": "https://www.iryou.teikyouseido.mhlw.go.jp/znk-web/juminkanja/S2430/initialize?prefCd=01&kikanCd=3010029830&kikanKbn=3", "url2": null, "内容": "医療法人社団緑ヶ岡歯科クリニック【3:歯科】北海道釧路市緑ヶ岡２－１６－１１" }, "geometry": { "type": "Point", "coordinates": [ 144.47066, 43.04217 ] } },
{ "type": "Feature", "properties": { "ID": 133010029880, "正式名称": "よしい歯科医院", "機関区分": 3, "都道府県コード": 1, "市区町村コード": 206, "所在地": "北海道釧路市昭和中央３丁目２１番３０号", "緯度": 43.0243462, "経度": 144.3613291, "url": "https://www.iryou.teikyouseido.mhlw.go.jp/znk-web/juminkanja/S2430/initialize?prefCd=01&kikanCd=3010029880&kikanKbn=3", "url2": "http://yoshii-dental.com", "内容": "よしい歯科医院【3:歯科】北海道釧路市昭和中央３丁目２１番３０号" }, "geometry": { "type": "Point", "coordinates": [ 144.3613291, 43.0243462 ] } },
{ "type": "Feature", "properties": { "ID": 133010029890, "正式名称": "よしもと歯科診療室", "機関区分": 3, "都道府県コード": 1, "市区町村コード": 206, "所在地": "北海道釧路市新橋大通３－１－８", "緯度": 43.004703, "経度": 144.3758922, "url": "https://www.iryou.teikyouseido.mhlw.go.jp/znk-web/juminkanja/S2430/initialize?prefCd=01&kikanCd=3010029890&kikanKbn=3", "url2": "http://www4.plala.or.JP/yosimoto-dental/", "内容": "よしもと歯科診療室【3:歯科】北海道釧路市新橋大通３－１－８" }, "geometry": { "type": "Point", "coordinates": [ 144.37589220000001, 43.004703 ] } },
{ "type": "Feature", "properties": { "ID": 133010029920, "正式名称": "渡部歯科医院", "機関区分": 3, "都道府県コード": 1, "市区町村コード": 206, "所在地": "北海道釧路市昭和南３－６－１２", "緯度": 43.02013, "経度": 144.359884, "url": "https://www.iryou.teikyouseido.mhlw.go.jp/znk-web/juminkanja/S2430/initialize?prefCd=01&kikanCd=3010029920&kikanKbn=3", "url2": null, "内容": "渡部歯科医院【3:歯科】北海道釧路市昭和南３－６－１２" }, "geometry": { "type": "Point", "coordinates": [ 144.359884, 43.02013 ] } },
{ "type": "Feature", "properties": { "ID": 133010029940, "正式名称": "わにぶち歯科診療室", "機関区分": 3, "都道府県コード": 1, "市区町村コード": 206, "所在地": "北海道釧路市昭和南３－１６－１９　ＪＡ阿寒釧路支店内", "緯度": 43.021355, "経度": 144.358793, "url": "https://www.iryou.teikyouseido.mhlw.go.jp/znk-web/juminkanja/S2430/initialize?prefCd=01&kikanCd=3010029940&kikanKbn=3", "url2": null, "内容": "わにぶち歯科診療室【3:歯科】北海道釧路市昭和南３－１６－１９　ＪＡ阿寒釧路支店内" }, "geometry": { "type": "Point", "coordinates": [ 144.358793, 43.021355 ] } },
{ "type": "Feature", "properties": { "ID": 133010029950, "正式名称": "阿寒湖畔歯科診療所", "機関区分": 3, "都道府県コード": 1, "市区町村コード": 206, "所在地": "北海道釧路市阿寒町阿寒湖温泉２－５－２０", "緯度": 35.897967, "経度": 139.415783, "url": "https://www.iryou.teikyouseido.mhlw.go.jp/znk-web/juminkanja/S2430/initialize?prefCd=01&kikanCd=3010029950&kikanKbn=3", "url2": null, "内容": "阿寒湖畔歯科診療所【3:歯科】北海道釧路市阿寒町阿寒湖温泉２－５－２０" }, "geometry": { "type": "Point", "coordinates": [ 139.415783, 35.897967 ] } },
{ "type": "Feature", "properties": { "ID": 133010029960, "正式名称": "阿寒歯科診療所", "機関区分": 3, "都道府県コード": 1, "市区町村コード": 206, "所在地": "北海道釧路市阿寒町中央１－３－１４", "緯度": 35.92641, "経度": 139.417623, "url": "https://www.iryou.teikyouseido.mhlw.go.jp/znk-web/juminkanja/S2430/initialize?prefCd=01&kikanCd=3010029960&kikanKbn=3", "url2": null, "内容": "阿寒歯科診療所【3:歯科】北海道釧路市阿寒町中央１－３－１４" }, "geometry": { "type": "Point", "coordinates": [ 139.417623, 35.92641 ] } },
{ "type": "Feature", "properties": { "ID": 133010029970, "正式名称": "すずき歯科", "機関区分": 3, "都道府県コード": 1, "市区町村コード": 206, "所在地": "北海道釧路市阿寒町中央４丁目２番４４号", "緯度": 43.11473, "経度": 144.126392, "url": "https://www.iryou.teikyouseido.mhlw.go.jp/znk-web/juminkanja/S2430/initialize?prefCd=01&kikanCd=3010029970&kikanKbn=3", "url2": null, "内容": "すずき歯科【3:歯科】北海道釧路市阿寒町中央４丁目２番４４号" }, "geometry": { "type": "Point", "coordinates": [ 144.126392, 43.11473 ] } },
{ "type": "Feature", "properties": { "ID": 133010029990, "正式名称": "かむかむクリニック", "機関区分": 3, "都道府県コード": 1, "市区町村コード": 661, "所在地": "北海道釧路郡釧路町北都１－１０－２０", "緯度": 43.0155812, "経度": 144.4163598, "url": "https://www.iryou.teikyouseido.mhlw.go.jp/znk-web/juminkanja/S2430/initialize?prefCd=01&kikanCd=3010029990&kikanKbn=3", "url2": null, "内容": "かむかむクリニック【3:歯科】北海道釧路郡釧路町北都１－１０－２０" }, "geometry": { "type": "Point", "coordinates": [ 144.4163598, 43.0155812 ] } },
{ "type": "Feature", "properties": { "ID": 133010030000, "正式名称": "くどう歯科医院", "機関区分": 3, "都道府県コード": 1, "市区町村コード": 661, "所在地": "北海道釧路郡釧路町北都２－５－１８", "緯度": 43.0180123, "経度": 144.4119307, "url": "https://www.iryou.teikyouseido.mhlw.go.jp/znk-web/juminkanja/S2430/initialize?prefCd=01&kikanCd=3010030000&kikanKbn=3", "url2": null, "内容": "くどう歯科医院【3:歯科】北海道釧路郡釧路町北都２－５－１８" }, "geometry": { "type": "Point", "coordinates": [ 144.4119307, 43.0180123 ] } },
{ "type": "Feature", "properties": { "ID": 133010030060, "正式名称": "ファミリー歯科クリニック", "機関区分": 3, "都道府県コード": 1, "市区町村コード": 661, "所在地": "北海道釧路郡釧路町桂木１丁目１番７号ポスフール釧路２階", "緯度": 43.0091942, "経度": 144.4046812, "url": "https://www.iryou.teikyouseido.mhlw.go.jp/znk-web/juminkanja/S2430/initialize?prefCd=01&kikanCd=3010030060&kikanKbn=3", "url2": null, "内容": "ファミリー歯科クリニック【3:歯科】北海道釧路郡釧路町桂木１丁目１番７号ポスフール釧路２階" }, "geometry": { "type": "Point", "coordinates": [ 144.4046812, 43.0091942 ] } },
{ "type": "Feature", "properties": { "ID": 133010030070, "正式名称": "めぐみ歯科クリニック", "機関区分": 3, "都道府県コード": 1, "市区町村コード": 661, "所在地": "北海道釧路郡釧路町光和３丁目１５番地１号", "緯度": 43.0059365, "経度": 144.4023893, "url": "https://www.iryou.teikyouseido.mhlw.go.jp/znk-web/juminkanja/S2430/initialize?prefCd=01&kikanCd=3010030070&kikanKbn=3", "url2": null, "内容": "めぐみ歯科クリニック【3:歯科】北海道釧路郡釧路町光和３丁目１５番地１号" }, "geometry": { "type": "Point", "coordinates": [ 144.40238930000001, 43.0059365 ] } },
{ "type": "Feature", "properties": { "ID": 133010030080, "正式名称": "医療法人社団光歯会　秋田歯科医院", "機関区分": 3, "都道府県コード": 1, "市区町村コード": 662, "所在地": "北海道厚岸郡厚岸町宮園１丁目１８番地", "緯度": 43.06317, "経度": 144.82669, "url": "https://www.iryou.teikyouseido.mhlw.go.jp/znk-web/juminkanja/S2430/initialize?prefCd=01&kikanCd=3010030080&kikanKbn=3", "url2": null, "内容": "医療法人社団光歯会　秋田歯科医院【3:歯科】北海道厚岸郡厚岸町宮園１丁目１８番地" }, "geometry": { "type": "Point", "coordinates": [ 144.82669, 43.06317 ] } },
{ "type": "Feature", "properties": { "ID": 133010030090, "正式名称": "中村小児歯科クリニック", "機関区分": 3, "都道府県コード": 1, "市区町村コード": 662, "所在地": "北海道厚岸郡厚岸町宮園１丁目１７１番地", "緯度": 43.054999, "経度": 144.839669, "url": "https://www.iryou.teikyouseido.mhlw.go.jp/znk-web/juminkanja/S2430/initialize?prefCd=01&kikanCd=3010030090&kikanKbn=3", "url2": null, "内容": "中村小児歯科クリニック【3:歯科】北海道厚岸郡厚岸町宮園１丁目１７１番地" }, "geometry": { "type": "Point", "coordinates": [ 144.839669, 43.054999 ] } },
{ "type": "Feature", "properties": { "ID": 133010030100, "正式名称": "ふくだ歯科クリニック", "機関区分": 3, "都道府県コード": 1, "市区町村コード": 662, "所在地": "北海道厚岸郡厚岸町港町２丁目１２７番地", "緯度": 43.052612, "経度": 144.84877, "url": "https://www.iryou.teikyouseido.mhlw.go.jp/znk-web/juminkanja/S2430/initialize?prefCd=01&kikanCd=3010030100&kikanKbn=3", "url2": null, "内容": "ふくだ歯科クリニック【3:歯科】北海道厚岸郡厚岸町港町２丁目１２７番地" }, "geometry": { "type": "Point", "coordinates": [ 144.84877, 43.052612 ] } },
{ "type": "Feature", "properties": { "ID": 133010030140, "正式名称": "鶴居歯科診療所", "機関区分": 3, "都道府県コード": 1, "市区町村コード": 667, "所在地": "北海道阿寒郡鶴居村鶴居東４－５４", "緯度": 43.23696, "経度": 144.32542, "url": "https://www.iryou.teikyouseido.mhlw.go.jp/znk-web/juminkanja/S2430/initialize?prefCd=01&kikanCd=3010030140&kikanKbn=3", "url2": null, "内容": "鶴居歯科診療所【3:歯科】北海道阿寒郡鶴居村鶴居東４－５４" }, "geometry": { "type": "Point", "coordinates": [ 144.32542, 43.23696 ] } },
{ "type": "Feature", "properties": { "ID": 133010030160, "正式名称": "医療法人社団恵仁会　しぶえ歯科クリニック", "機関区分": 3, "都道府県コード": 1, "市区町村コード": 668, "所在地": "北海道白糠郡白糠町東１条南１丁目２番３４号", "緯度": 42.956005, "経度": 144.0711, "url": "https://www.iryou.teikyouseido.mhlw.go.jp/znk-web/juminkanja/S2430/initialize?prefCd=01&kikanCd=3010030160&kikanKbn=3", "url2": null, "内容": "医療法人社団恵仁会　しぶえ歯科クリニック【3:歯科】北海道白糠郡白糠町東１条南１丁目２番３４号" }, "geometry": { "type": "Point", "coordinates": [ 144.0711, 42.956005 ] } },
{ "type": "Feature", "properties": { "ID": 133010030190, "正式名称": "たかデンタルクリニック", "機関区分": 3, "都道府県コード": 1, "市区町村コード": 668, "所在地": "北海道白糠郡白糠町東１条北４丁目１番地１０", "緯度": 42.956005, "経度": 144.0711, "url": "https://www.iryou.teikyouseido.mhlw.go.jp/znk-web/juminkanja/S2430/initialize?prefCd=01&kikanCd=3010030190&kikanKbn=3", "url2": null, "内容": "たかデンタルクリニック【3:歯科】北海道白糠郡白糠町東１条北４丁目１番地１０" }, "geometry": { "type": "Point", "coordinates": [ 144.0711, 42.956005 ] } },
{ "type": "Feature", "properties": { "ID": 133010030200, "正式名称": "西庶路歯科診療所", "機関区分": 3, "都道府県コード": 1, "市区町村コード": 668, "所在地": "北海道白糠郡白糠町西庶路東１条南２丁目１番地１２号", "緯度": 42.9763554, "経度": 144.1313159, "url": "https://www.iryou.teikyouseido.mhlw.go.jp/znk-web/juminkanja/S2430/initialize?prefCd=01&kikanCd=3010030200&kikanKbn=3", "url2": null, "内容": "西庶路歯科診療所【3:歯科】北海道白糠郡白糠町西庶路東１条南２丁目１番地１２号" }, "geometry": { "type": "Point", "coordinates": [ 144.1313159, 42.9763554 ] } },
{ "type": "Feature", "properties": { "ID": 133010030240, "正式名称": "医療法人社団千和会みつもと歯科クリニック", "機関区分": 3, "都道府県コード": 1, "市区町村コード": 664, "所在地": "北海道川上郡標茶町富士１丁目４番６号", "緯度": 43.297813, "経度": 144.60631, "url": "https://www.iryou.teikyouseido.mhlw.go.jp/znk-web/juminkanja/S2430/initialize?prefCd=01&kikanCd=3010030240&kikanKbn=3", "url2": null, "内容": "医療法人社団千和会みつもと歯科クリニック【3:歯科】北海道川上郡標茶町富士１丁目４番６号" }, "geometry": { "type": "Point", "coordinates": [ 144.60631, 43.297813 ] } },
{ "type": "Feature", "properties": { "ID": 133010030270, "正式名称": "弟子屈町立川湯歯科診療所", "機関区分": 3, "都道府県コード": 1, "市区町村コード": 665, "所在地": "北海道川上郡弟子屈町川湯温泉３丁目２番１６号", "緯度": 43.639346, "経度": 144.438453, "url": "https://www.iryou.teikyouseido.mhlw.go.jp/znk-web/juminkanja/S2430/initialize?prefCd=01&kikanCd=3010030270&kikanKbn=3", "url2": "https://www.town.teshikaga.hokkaido.jp/kurashi/index.html", "内容": "弟子屈町立川湯歯科診療所【3:歯科】北海道川上郡弟子屈町川湯温泉３丁目２番１６号" }, "geometry": { "type": "Point", "coordinates": [ 144.438453, 43.639346 ] } },
{ "type": "Feature", "properties": { "ID": 133010030280, "正式名称": "医療法人社団歯心会　富本歯科医院", "機関区分": 3, "都道府県コード": 1, "市区町村コード": 665, "所在地": "北海道川上郡弟子屈町高栄１丁目４番８号", "緯度": 43.486414, "経度": 144.455262, "url": "https://www.iryou.teikyouseido.mhlw.go.jp/znk-web/juminkanja/S2430/initialize?prefCd=01&kikanCd=3010030280&kikanKbn=3", "url2": null, "内容": "医療法人社団歯心会　富本歯科医院【3:歯科】北海道川上郡弟子屈町高栄１丁目４番８号" }, "geometry": { "type": "Point", "coordinates": [ 144.455262, 43.486414 ] } },
{ "type": "Feature", "properties": { "ID": 133010030300, "正式名称": "根室市立厚床歯科診療所", "機関区分": 3, "都道府県コード": 1, "市区町村コード": 223, "所在地": "北海道根室市厚床２丁目２２１番地の１", "緯度": 43.229637, "経度": 145.25174, "url": "https://www.iryou.teikyouseido.mhlw.go.jp/znk-web/juminkanja/S2430/initialize?prefCd=01&kikanCd=3010030300&kikanKbn=3", "url2": null, "内容": "根室市立厚床歯科診療所【3:歯科】北海道根室市厚床２丁目２２１番地の１" }, "geometry": { "type": "Point", "coordinates": [ 145.25174, 43.229637 ] } },
{ "type": "Feature", "properties": { "ID": 133010030310, "正式名称": "根室市立歯舞歯科診療所", "機関区分": 3, "都道府県コード": 1, "市区町村コード": 223, "所在地": "北海道根室市歯舞４丁目４０番地２", "緯度": 43.341524, "経度": 145.753778, "url": "https://www.iryou.teikyouseido.mhlw.go.jp/znk-web/juminkanja/S2430/initialize?prefCd=01&kikanCd=3010030310&kikanKbn=3", "url2": null, "内容": "根室市立歯舞歯科診療所【3:歯科】北海道根室市歯舞４丁目４０番地２" }, "geometry": { "type": "Point", "coordinates": [ 145.753778, 43.341524 ] } },
{ "type": "Feature", "properties": { "ID": 133010030340, "正式名称": "医療法人社団宣真会福井歯科医院", "機関区分": 3, "都道府県コード": 1, "市区町村コード": 223, "所在地": "北海道根室市緑町３丁目３３番地", "緯度": 43.333385, "経度": 145.5803, "url": "https://www.iryou.teikyouseido.mhlw.go.jp/znk-web/juminkanja/S2430/initialize?prefCd=01&kikanCd=3010030340&kikanKbn=3", "url2": null, "内容": "医療法人社団宣真会福井歯科医院【3:歯科】北海道根室市緑町３丁目３３番地" }, "geometry": { "type": "Point", "coordinates": [ 145.5803, 43.333385 ] } },
{ "type": "Feature", "properties": { "ID": 133010030380, "正式名称": "坂巻歯科医院", "機関区分": 3, "都道府県コード": 1, "市区町村コード": 223, "所在地": "北海道根室市北斗町３丁目１１番地", "緯度": 43.328122, "経度": 145.57715, "url": "https://www.iryou.teikyouseido.mhlw.go.jp/znk-web/juminkanja/S2430/initialize?prefCd=01&kikanCd=3010030380&kikanKbn=3", "url2": null, "内容": "坂巻歯科医院【3:歯科】北海道根室市北斗町３丁目１１番地" }, "geometry": { "type": "Point", "coordinates": [ 145.57715, 43.328122 ] } },
{ "type": "Feature", "properties": { "ID": 133010030410, "正式名称": "医療法人社団豊成会根室第一歯科医院", "機関区分": 3, "都道府県コード": 1, "市区町村コード": 223, "所在地": "北海道根室市大正町２丁目１２番地", "緯度": 43.328663, "経度": 145.58177, "url": "https://www.iryou.teikyouseido.mhlw.go.jp/znk-web/juminkanja/S2430/initialize?prefCd=01&kikanCd=3010030410&kikanKbn=3", "url2": null, "内容": "医療法人社団豊成会根室第一歯科医院【3:歯科】北海道根室市大正町２丁目１２番地" }, "geometry": { "type": "Point", "coordinates": [ 145.58177, 43.328663 ] } },
{ "type": "Feature", "properties": { "ID": 133010030420, "正式名称": "医療法人社団洸沙会アークデンタルクリニック", "機関区分": 3, "都道府県コード": 1, "市区町村コード": 223, "所在地": "北海道根室市宝林町４丁目２２９番地", "緯度": 43.31258, "経度": 145.59552, "url": "https://www.iryou.teikyouseido.mhlw.go.jp/znk-web/juminkanja/S2430/initialize?prefCd=01&kikanCd=3010030420&kikanKbn=3", "url2": null, "内容": "医療法人社団洸沙会アークデンタルクリニック【3:歯科】北海道根室市宝林町４丁目２２９番地" }, "geometry": { "type": "Point", "coordinates": [ 145.59552, 43.31258 ] } },
{ "type": "Feature", "properties": { "ID": 133010030430, "正式名称": "別海町立尾岱沼歯科診療所", "機関区分": 3, "都道府県コード": 1, "市区町村コード": 691, "所在地": "北海道野付郡別海町尾岱沼潮見町２１３番地の３", "緯度": 43.56962, "経度": 145.21835, "url": "https://www.iryou.teikyouseido.mhlw.go.jp/znk-web/juminkanja/S2430/initialize?prefCd=01&kikanCd=3010030430&kikanKbn=3", "url2": null, "内容": "別海町立尾岱沼歯科診療所【3:歯科】北海道野付郡別海町尾岱沼潮見町２１３番地の３" }, "geometry": { "type": "Point", "coordinates": [ 145.21835, 43.56962 ] } },
{ "type": "Feature", "properties": { "ID": 133010030440, "正式名称": "別海町立西春別駅前歯科診療所", "機関区分": 3, "都道府県コード": 1, "市区町村コード": 691, "所在地": "北海道野付郡別海町西春別駅前栄町２８", "緯度": 43.414423, "経度": 144.765844, "url": "https://www.iryou.teikyouseido.mhlw.go.jp/znk-web/juminkanja/S2430/initialize?prefCd=01&kikanCd=3010030440&kikanKbn=3", "url2": null, "内容": "別海町立西春別駅前歯科診療所【3:歯科】北海道野付郡別海町西春別駅前栄町２８" }, "geometry": { "type": "Point", "coordinates": [ 144.765844, 43.414423 ] } },
{ "type": "Feature", "properties": { "ID": 133010030450, "正式名称": "医療法人社団一期会　ウエル歯科診療室", "機関区分": 3, "都道府県コード": 1, "市区町村コード": 691, "所在地": "北海道野付郡別海町別海西本町８２番地", "緯度": 43.39201, "経度": 145.12354, "url": "https://www.iryou.teikyouseido.mhlw.go.jp/znk-web/juminkanja/S2430/initialize?prefCd=01&kikanCd=3010030450&kikanKbn=3", "url2": null, "内容": "医療法人社団一期会　ウエル歯科診療室【3:歯科】北海道野付郡別海町別海西本町８２番地" }, "geometry": { "type": "Point", "coordinates": [ 145.12354, 43.39201 ] } },
{ "type": "Feature", "properties": { "ID": 133010030460, "正式名称": "医療法人社団歯仁会ハロー歯科クリニック", "機関区分": 3, "都道府県コード": 1, "市区町村コード": 691, "所在地": "北海道野付郡別海町別海西本町２７番地", "緯度": 43.39201, "経度": 145.12354, "url": "https://www.iryou.teikyouseido.mhlw.go.jp/znk-web/juminkanja/S2430/initialize?prefCd=01&kikanCd=3010030460&kikanKbn=3", "url2": null, "内容": "医療法人社団歯仁会ハロー歯科クリニック【3:歯科】北海道野付郡別海町別海西本町２７番地" }, "geometry": { "type": "Point", "coordinates": [ 145.12354, 43.39201 ] } },
{ "type": "Feature", "properties": { "ID": 133010030470, "正式名称": "医療法人社団　中標津総合歯科診療所", "機関区分": 3, "都道府県コード": 1, "市区町村コード": 692, "所在地": "北海道標津郡中標津町東１条南４丁目１番地", "緯度": 43.546782, "経度": 144.97694, "url": "https://www.iryou.teikyouseido.mhlw.go.jp/znk-web/juminkanja/S2430/initialize?prefCd=01&kikanCd=3010030470&kikanKbn=3", "url2": null, "内容": "医療法人社団　中標津総合歯科診療所【3:歯科】北海道標津郡中標津町東１条南４丁目１番地" }, "geometry": { "type": "Point", "coordinates": [ 144.97694, 43.546782 ] } },
{ "type": "Feature", "properties": { "ID": 133010030480, "正式名称": "中央歯科医院", "機関区分": 3, "都道府県コード": 1, "市区町村コード": 692, "所在地": "北海道標津郡中標津町南町３－１０東武サウスヒルズ内", "緯度": 43.535728, "経度": 144.977163, "url": "https://www.iryou.teikyouseido.mhlw.go.jp/znk-web/juminkanja/S2430/initialize?prefCd=01&kikanCd=3010030480&kikanKbn=3", "url2": null, "内容": "中央歯科医院【3:歯科】北海道標津郡中標津町南町３－１０東武サウスヒルズ内" }, "geometry": { "type": "Point", "coordinates": [ 144.977163, 43.535728 ] } },
{ "type": "Feature", "properties": { "ID": 133010030490, "正式名称": "医療法人社団笹谷歯科医院", "機関区分": 3, "都道府県コード": 1, "市区町村コード": 692, "所在地": "北海道標津郡中標津町西５条北１０丁目２番地６号", "緯度": 43.5509631, "経度": 144.9613645, "url": "https://www.iryou.teikyouseido.mhlw.go.jp/znk-web/juminkanja/S2430/initialize?prefCd=01&kikanCd=3010030490&kikanKbn=3", "url2": null, "内容": "医療法人社団笹谷歯科医院【3:歯科】北海道標津郡中標津町西５条北１０丁目２番地６号" }, "geometry": { "type": "Point", "coordinates": [ 144.9613645, 43.5509631 ] } },
{ "type": "Feature", "properties": { "ID": 133010030500, "正式名称": "医療法人社団歯仁会中島歯科クリニック", "機関区分": 3, "都道府県コード": 1, "市区町村コード": 692, "所在地": "北海道標津郡中標津町東９条北１丁目５番地１", "緯度": 43.5532835, "経度": 144.981484, "url": "https://www.iryou.teikyouseido.mhlw.go.jp/znk-web/juminkanja/S2430/initialize?prefCd=01&kikanCd=3010030500&kikanKbn=3", "url2": null, "内容": "医療法人社団歯仁会中島歯科クリニック【3:歯科】北海道標津郡中標津町東９条北１丁目５番地１" }, "geometry": { "type": "Point", "coordinates": [ 144.981484, 43.5532835 ] } },
{ "type": "Feature", "properties": { "ID": 133010030510, "正式名称": "なみき歯科", "機関区分": 3, "都道府県コード": 1, "市区町村コード": 692, "所在地": "北海道標津郡中標津町東２南７丁目４－３", "緯度": 36.1664852, "経度": 139.5420452, "url": "https://www.iryou.teikyouseido.mhlw.go.jp/znk-web/juminkanja/S2430/initialize?prefCd=01&kikanCd=3010030510&kikanKbn=3", "url2": null, "内容": "なみき歯科【3:歯科】北海道標津郡中標津町東２南７丁目４－３" }, "geometry": { "type": "Point", "coordinates": [ 139.5420452, 36.1664852 ] } },
{ "type": "Feature", "properties": { "ID": 133010030530, "正式名称": "カミング歯科医院", "機関区分": 3, "都道府県コード": 1, "市区町村コード": 692, "所在地": "北海道標津郡中標津町西６条北６丁目３－１７", "緯度": 35.924489, "経度": 139.445958, "url": "https://www.iryou.teikyouseido.mhlw.go.jp/znk-web/juminkanja/S2430/initialize?prefCd=01&kikanCd=3010030530&kikanKbn=3", "url2": null, "内容": "カミング歯科医院【3:歯科】北海道標津郡中標津町西６条北６丁目３－１７" }, "geometry": { "type": "Point", "coordinates": [ 139.445958, 35.924489 ] } },
{ "type": "Feature", "properties": { "ID": 133010030550, "正式名称": "中松歯科医院", "機関区分": 3, "都道府県コード": 1, "市区町村コード": 692, "所在地": "北海道標津郡中標津町東１条北２丁目１３番地", "緯度": 43.549921, "経度": 144.972496, "url": "https://www.iryou.teikyouseido.mhlw.go.jp/znk-web/juminkanja/S2430/initialize?prefCd=01&kikanCd=3010030550&kikanKbn=3", "url2": null, "内容": "中松歯科医院【3:歯科】北海道標津郡中標津町東１条北２丁目１３番地" }, "geometry": { "type": "Point", "coordinates": [ 144.972496, 43.549921 ] } },
{ "type": "Feature", "properties": { "ID": 133010030560, "正式名称": "医療法人歯峰会中標津歯科診療所", "機関区分": 3, "都道府県コード": 1, "市区町村コード": 692, "所在地": "北海道標津郡中標津町緑町南１丁目２番地５", "緯度": 43.53595, "経度": 144.960331, "url": "https://www.iryou.teikyouseido.mhlw.go.jp/znk-web/juminkanja/S2430/initialize?prefCd=01&kikanCd=3010030560&kikanKbn=3", "url2": null, "内容": "医療法人歯峰会中標津歯科診療所【3:歯科】北海道標津郡中標津町緑町南１丁目２番地５" }, "geometry": { "type": "Point", "coordinates": [ 144.960331, 43.53595 ] } },
{ "type": "Feature", "properties": { "ID": 133010030600, "正式名称": "やまざき歯科医院", "機関区分": 3, "都道府県コード": 1, "市区町村コード": 693, "所在地": "北海道標津郡標津町南２条西１丁目１－１８", "緯度": 36.052536, "経度": 139.444642, "url": "https://www.iryou.teikyouseido.mhlw.go.jp/znk-web/juminkanja/S2430/initialize?prefCd=01&kikanCd=3010030600&kikanKbn=3", "url2": null, "内容": "やまざき歯科医院【3:歯科】北海道標津郡標津町南２条西１丁目１－１８" }, "geometry": { "type": "Point", "coordinates": [ 139.444642, 36.052536 ] } },
{ "type": "Feature", "properties": { "ID": 133010030610, "正式名称": "医療法人社団川上歯科医院", "機関区分": 3, "都道府県コード": 1, "市区町村コード": 694, "所在地": "北海道目梨郡羅臼町船見町１－１２", "緯度": 44.020847, "経度": 145.19641, "url": "https://www.iryou.teikyouseido.mhlw.go.jp/znk-web/juminkanja/S2430/initialize?prefCd=01&kikanCd=3010030610&kikanKbn=3", "url2": null, "内容": "医療法人社団川上歯科医院【3:歯科】北海道目梨郡羅臼町船見町１－１２" }, "geometry": { "type": "Point", "coordinates": [ 145.19641, 44.020847 ] } },
{ "type": "Feature", "properties": { "ID": 133010030660, "正式名称": "医療法人晃和会　谷口歯科診療所", "機関区分": 3, "都道府県コード": 1, "市区町村コード": 101, "所在地": "北海道札幌市中央区北２条西４丁目１番地札幌三井ＪＰビルディング６階", "緯度": 43.063886, "経度": 141.35039, "url": "https://www.iryou.teikyouseido.mhlw.go.jp/znk-web/juminkanja/S2430/initialize?prefCd=01&kikanCd=3010030660&kikanKbn=3", "url2": "http://www.tdc.or.jp/", "内容": "医療法人晃和会　谷口歯科診療所【3:歯科】北海道札幌市中央区北２条西４丁目１番地札幌三井ＪＰビルディング６階" }, "geometry": { "type": "Point", "coordinates": [ 141.35039, 43.063886 ] } },
{ "type": "Feature", "properties": { "ID": 133010030720, "正式名称": "札幌いとう歯科クリニック", "機関区分": 3, "都道府県コード": 1, "市区町村コード": 104, "所在地": "北海道札幌市白石区川下　２条　７丁目２番１号", "緯度": 43.047328, "経度": 141.449595, "url": "https://www.iryou.teikyouseido.mhlw.go.jp/znk-web/juminkanja/S2430/initialize?prefCd=01&kikanCd=3010030720&kikanKbn=3", "url2": null, "内容": "札幌いとう歯科クリニック【3:歯科】北海道札幌市白石区川下　２条　７丁目２番１号" }, "geometry": { "type": "Point", "coordinates": [ 141.449595, 43.047328 ] } },
{ "type": "Feature", "properties": { "ID": 133010030730, "正式名称": "医療法人ハートフル会　すまいる歯科、札幌駅前ペリオ・インプラントオフィス", "機関区分": 3, "都道府県コード": 1, "市区町村コード": 101, "所在地": "北海道札幌市中央区北　４条東　２丁目８－２マルイト北４条ビル２Ｆ", "緯度": 43.06747, "経度": 141.35796, "url": "https://www.iryou.teikyouseido.mhlw.go.jp/znk-web/juminkanja/S2430/initialize?prefCd=01&kikanCd=3010030730&kikanKbn=3", "url2": "http://smile6480.jp", "内容": "医療法人ハートフル会　すまいる歯科、札幌駅前ペリオ・インプラントオフィス【3:歯科】北海道札幌市中央区北　４条東　２丁目８－２マルイト北４条ビル２Ｆ" }, "geometry": { "type": "Point", "coordinates": [ 141.35796, 43.06747 ] } },
{ "type": "Feature", "properties": { "ID": 133010030740, "正式名称": "ニコ小児歯科医院", "機関区分": 3, "都道府県コード": 1, "市区町村コード": 102, "所在地": "北海道札幌市北区拓北　２条　２丁目８番１１号", "緯度": 43.149984, "経度": 141.376535, "url": "https://www.iryou.teikyouseido.mhlw.go.jp/znk-web/juminkanja/S2430/initialize?prefCd=01&kikanCd=3010030740&kikanKbn=3", "url2": "https://nikodent.jp", "内容": "ニコ小児歯科医院【3:歯科】北海道札幌市北区拓北　２条　２丁目８番１１号" }, "geometry": { "type": "Point", "coordinates": [ 141.376535, 43.149984 ] } },
{ "type": "Feature", "properties": { "ID": 133010030750, "正式名称": "にじいろ歯科口腔外科", "機関区分": 3, "都道府県コード": 1, "市区町村コード": 107, "所在地": "北海道札幌市西区琴似　２条４丁目１‐８　マックスバリュ琴似店２階", "緯度": 43.076879, "経度": 141.303711, "url": "https://www.iryou.teikyouseido.mhlw.go.jp/znk-web/juminkanja/S2430/initialize?prefCd=01&kikanCd=3010030750&kikanKbn=3", "url2": "http://nijiiroshikakoukuugeka.com/", "内容": "にじいろ歯科口腔外科【3:歯科】北海道札幌市西区琴似　２条４丁目１‐８　マックスバリュ琴似店２階" }, "geometry": { "type": "Point", "coordinates": [ 141.303711, 43.076879 ] } },
{ "type": "Feature", "properties": { "ID": 133010030770, "正式名称": "医療法人社団リーサ矯正歯科", "機関区分": 3, "都道府県コード": 1, "市区町村コード": 104, "所在地": "北海道札幌市白石区南郷通１４丁目北１－４ニューフロンティア　１Ｆ", "緯度": 36.232381, "経度": 136.369367, "url": "https://www.iryou.teikyouseido.mhlw.go.jp/znk-web/juminkanja/S2430/initialize?prefCd=01&kikanCd=3010030770&kikanKbn=3", "url2": "http://www.risa-hanarabi.com/", "内容": "医療法人社団リーサ矯正歯科【3:歯科】北海道札幌市白石区南郷通１４丁目北１－４ニューフロンティア　１Ｆ" }, "geometry": { "type": "Point", "coordinates": [ 136.369367, 36.232381 ] } },
{ "type": "Feature", "properties": { "ID": 133010030790, "正式名称": "医療法人社団　博心会　南平岸フミタ歯科", "機関区分": 3, "都道府県コード": 1, "市区町村コード": 105, "所在地": "北海道札幌市豊平区平岸　４条１４丁目２番３号パサージュ南平岸１階", "緯度": 43.026108, "経度": 141.371791, "url": "https://www.iryou.teikyouseido.mhlw.go.jp/znk-web/juminkanja/S2430/initialize?prefCd=01&kikanCd=3010030790&kikanKbn=3", "url2": "http://www.fumita-dental.com", "内容": "医療法人社団　博心会　南平岸フミタ歯科【3:歯科】北海道札幌市豊平区平岸　４条１４丁目２番３号パサージュ南平岸１階" }, "geometry": { "type": "Point", "coordinates": [ 141.371791, 43.026108 ] } },
{ "type": "Feature", "properties": { "ID": 133010030810, "正式名称": "ふくろう歯科", "機関区分": 3, "都道府県コード": 1, "市区町村コード": 206, "所在地": "北海道釧路市鳥取大通６丁目９－５", "緯度": 43.015251, "経度": 144.3417769, "url": "https://www.iryou.teikyouseido.mhlw.go.jp/znk-web/juminkanja/S2430/initialize?prefCd=01&kikanCd=3010030810&kikanKbn=3", "url2": null, "内容": "ふくろう歯科【3:歯科】北海道釧路市鳥取大通６丁目９－５" }, "geometry": { "type": "Point", "coordinates": [ 144.341776900000013, 43.015251 ] } },
{ "type": "Feature", "properties": { "ID": 133010030830, "正式名称": "医療法人社団田家町きらら歯科クリニック", "機関区分": 3, "都道府県コード": 1, "市区町村コード": 202, "所在地": "北海道函館市田家町１７番７号", "緯度": 35.997799, "経度": 139.072307, "url": "https://www.iryou.teikyouseido.mhlw.go.jp/znk-web/juminkanja/S2430/initialize?prefCd=01&kikanCd=3010030830&kikanKbn=3", "url2": null, "内容": "医療法人社団田家町きらら歯科クリニック【3:歯科】北海道函館市田家町１７番７号" }, "geometry": { "type": "Point", "coordinates": [ 139.072307, 35.997799 ] } },
{ "type": "Feature", "properties": { "ID": 133010030860, "正式名称": "しほろ歯科クリニック", "機関区分": 3, "都道府県コード": 1, "市区町村コード": 632, "所在地": "北海道河東郡士幌町字士幌東１条２丁目１１番１", "緯度": 43.1681687, "経度": 143.247128, "url": "https://www.iryou.teikyouseido.mhlw.go.jp/znk-web/juminkanja/S2430/initialize?prefCd=01&kikanCd=3010030860&kikanKbn=3", "url2": null, "内容": "しほろ歯科クリニック【3:歯科】北海道河東郡士幌町字士幌東１条２丁目１１番１" }, "geometry": { "type": "Point", "coordinates": [ 143.247128, 43.1681687 ] } },
{ "type": "Feature", "properties": { "ID": 133010030870, "正式名称": "口福堂ふじわら歯科", "機関区分": 3, "都道府県コード": 1, "市区町村コード": 204, "所在地": "北海道旭川市忠和４条５丁目４番９号", "緯度": 43.775489, "経度": 142.31965, "url": "https://www.iryou.teikyouseido.mhlw.go.jp/znk-web/juminkanja/S2430/initialize?prefCd=01&kikanCd=3010030870&kikanKbn=3", "url2": "https://koufukudou4618.Wordpress.com", "内容": "口福堂ふじわら歯科【3:歯科】北海道旭川市忠和４条５丁目４番９号" }, "geometry": { "type": "Point", "coordinates": [ 142.31965, 43.775489 ] } },
{ "type": "Feature", "properties": { "ID": 133010030880, "正式名称": "武蔵デンタルクリニック", "機関区分": 3, "都道府県コード": 1, "市区町村コード": 204, "所在地": "北海道旭川市１条通２３丁目１１番地の３９", "緯度": 43.758436, "経度": 142.382701, "url": "https://www.iryou.teikyouseido.mhlw.go.jp/znk-web/juminkanja/S2430/initialize?prefCd=01&kikanCd=3010030880&kikanKbn=3", "url2": "http://www.musashi-dental.com/", "内容": "武蔵デンタルクリニック【3:歯科】北海道旭川市１条通２３丁目１１番地の３９" }, "geometry": { "type": "Point", "coordinates": [ 142.382701, 43.758436 ] } },
{ "type": "Feature", "properties": { "ID": 133010030890, "正式名称": "医療法人社団幸仁会あしょろ歯科", "機関区分": 3, "都道府県コード": 1, "市区町村コード": 647, "所在地": "北海道足寄郡足寄町南３条４丁目１４番４", "緯度": 43.244038, "経度": 143.55272, "url": "https://www.iryou.teikyouseido.mhlw.go.jp/znk-web/juminkanja/S2430/initialize?prefCd=01&kikanCd=3010030890&kikanKbn=3", "url2": "http://www.kou-jinkai.or.jp/ashoro", "内容": "医療法人社団幸仁会あしょろ歯科【3:歯科】北海道足寄郡足寄町南３条４丁目１４番４" }, "geometry": { "type": "Point", "coordinates": [ 143.55272, 43.244038 ] } },
{ "type": "Feature", "properties": { "ID": 133010030900, "正式名称": "中台歯科医院", "機関区分": 3, "都道府県コード": 1, "市区町村コード": 208, "所在地": "北海道北見市常呂町字常呂５７３番地２１", "緯度": 43.805042, "経度": 143.89224, "url": "https://www.iryou.teikyouseido.mhlw.go.jp/znk-web/juminkanja/S2430/initialize?prefCd=01&kikanCd=3010030900&kikanKbn=3", "url2": "http://nakadai-shika.com/", "内容": "中台歯科医院【3:歯科】北海道北見市常呂町字常呂５７３番地２１" }, "geometry": { "type": "Point", "coordinates": [ 143.89224, 43.805042 ] } },
{ "type": "Feature", "properties": { "ID": 133010030950, "正式名称": "さいとう歯科", "機関区分": 3, "都道府県コード": 1, "市区町村コード": 436, "所在地": "北海道雨竜郡雨竜町字満寿３３番地２４", "緯度": 43.644319, "経度": 141.88841, "url": "https://www.iryou.teikyouseido.mhlw.go.jp/znk-web/juminkanja/S2430/initialize?prefCd=01&kikanCd=3010030950&kikanKbn=3", "url2": null, "内容": "さいとう歯科【3:歯科】北海道雨竜郡雨竜町字満寿３３番地２４" }, "geometry": { "type": "Point", "coordinates": [ 141.88841, 43.644319 ] } },
{ "type": "Feature", "properties": { "ID": 133010030960, "正式名称": "あい歯科クリニック", "機関区分": 3, "都道府県コード": 1, "市区町村コード": 225, "所在地": "北海道滝川市東町３丁目１－２９", "緯度": 43.5581923, "経度": 141.9215943, "url": "https://www.iryou.teikyouseido.mhlw.go.jp/znk-web/juminkanja/S2430/initialize?prefCd=01&kikanCd=3010030960&kikanKbn=3", "url2": null, "内容": "あい歯科クリニック【3:歯科】北海道滝川市東町３丁目１－２９" }, "geometry": { "type": "Point", "coordinates": [ 141.92159430000001, 43.558192299999988 ] } },
{ "type": "Feature", "properties": { "ID": 133010030970, "正式名称": "きたひろ東口歯科", "機関区分": 3, "都道府県コード": 1, "市区町村コード": 234, "所在地": "北海道北広島市中央６丁目４－２", "緯度": 42.9782847, "経度": 141.5646215, "url": "https://www.iryou.teikyouseido.mhlw.go.jp/znk-web/juminkanja/S2430/initialize?prefCd=01&kikanCd=3010030970&kikanKbn=3", "url2": null, "内容": "きたひろ東口歯科【3:歯科】北海道北広島市中央６丁目４－２" }, "geometry": { "type": "Point", "coordinates": [ 141.564621499999987, 42.9782847 ] } },
{ "type": "Feature", "properties": { "ID": 133010031000, "正式名称": "宮の森シュウデンタルオフィス", "機関区分": 3, "都道府県コード": 1, "市区町村コード": 101, "所在地": "北海道札幌市中央区宮の森３条４丁目６－１８", "緯度": 43.064844, "経度": 141.3053, "url": "https://www.iryou.teikyouseido.mhlw.go.jp/znk-web/juminkanja/S2430/initialize?prefCd=01&kikanCd=3010031000&kikanKbn=3", "url2": "www.shu-dentaloffice.com", "内容": "宮の森シュウデンタルオフィス【3:歯科】北海道札幌市中央区宮の森３条４丁目６－１８" }, "geometry": { "type": "Point", "coordinates": [ 141.3053, 43.064844 ] } },
{ "type": "Feature", "properties": { "ID": 133010031020, "正式名称": "村田歯科クリニック", "機関区分": 3, "都道府県コード": 1, "市区町村コード": 101, "所在地": "北海道札幌市中央区南１１条西１５丁目２－５", "緯度": 43.044785, "経度": 141.335491, "url": "https://www.iryou.teikyouseido.mhlw.go.jp/znk-web/juminkanja/S2430/initialize?prefCd=01&kikanCd=3010031020&kikanKbn=3", "url2": "http://www.murata-shika.net/", "内容": "村田歯科クリニック【3:歯科】北海道札幌市中央区南１１条西１５丁目２－５" }, "geometry": { "type": "Point", "coordinates": [ 141.335491, 43.044785 ] } },
{ "type": "Feature", "properties": { "ID": 133010031050, "正式名称": "裏参道歯科", "機関区分": 3, "都道府県コード": 1, "市区町村コード": 101, "所在地": "北海道札幌市中央区南２条西２２丁目１－２８", "緯度": 43.054548, "経度": 141.323794, "url": "https://www.iryou.teikyouseido.mhlw.go.jp/znk-web/juminkanja/S2430/initialize?prefCd=01&kikanCd=3010031050&kikanKbn=3", "url2": null, "内容": "裏参道歯科【3:歯科】北海道札幌市中央区南２条西２２丁目１－２８" }, "geometry": { "type": "Point", "coordinates": [ 141.323794, 43.054548 ] } },
{ "type": "Feature", "properties": { "ID": 133010031060, "正式名称": "山麓通り歯科診療所", "機関区分": 3, "都道府県コード": 1, "市区町村コード": 101, "所在地": "北海道札幌市中央区南１８条西１７丁目２番２４号", "緯度": 43.033496, "経度": 141.333016, "url": "https://www.iryou.teikyouseido.mhlw.go.jp/znk-web/juminkanja/S2430/initialize?prefCd=01&kikanCd=3010031060&kikanKbn=3", "url2": "http://sanrokushika.com", "内容": "山麓通り歯科診療所【3:歯科】北海道札幌市中央区南１８条西１７丁目２番２４号" }, "geometry": { "type": "Point", "coordinates": [ 141.333016, 43.033496 ] } },
{ "type": "Feature", "properties": { "ID": 133010031090, "正式名称": "フジ歯科クリニック", "機関区分": 3, "都道府県コード": 1, "市区町村コード": 103, "所在地": "北海道札幌市東区北４１条東８丁目１番３号", "緯度": 43.110444, "経度": 141.356543, "url": "https://www.iryou.teikyouseido.mhlw.go.jp/znk-web/juminkanja/S2430/initialize?prefCd=01&kikanCd=3010031090&kikanKbn=3", "url2": null, "内容": "フジ歯科クリニック【3:歯科】北海道札幌市東区北４１条東８丁目１番３号" }, "geometry": { "type": "Point", "coordinates": [ 141.356543, 43.110444 ] } },
{ "type": "Feature", "properties": { "ID": 133010031100, "正式名称": "医療法人社団おかもと矯正歯科クリニック", "機関区分": 3, "都道府県コード": 1, "市区町村コード": 101, "所在地": "北海道札幌市中央区北１条西３丁目３－２５　荒巻時計台ビル９階", "緯度": 43.062862, "経度": 141.352336, "url": "https://www.iryou.teikyouseido.mhlw.go.jp/znk-web/juminkanja/S2430/initialize?prefCd=01&kikanCd=3010031100&kikanKbn=3", "url2": "http://siretu-kyousei.com/", "内容": "医療法人社団おかもと矯正歯科クリニック【3:歯科】北海道札幌市中央区北１条西３丁目３－２５　荒巻時計台ビル９階" }, "geometry": { "type": "Point", "coordinates": [ 141.352336, 43.062862 ] } },
{ "type": "Feature", "properties": { "ID": 133010031110, "正式名称": "医療法人きむら歯科　円山インプラントオフィス", "機関区分": 3, "都道府県コード": 1, "市区町村コード": 101, "所在地": "北海道札幌市中央区大通西２５丁目１－２　ハートランド円山ビル３階", "緯度": 43.055993, "経度": 141.319766, "url": "https://www.iryou.teikyouseido.mhlw.go.jp/znk-web/juminkanja/S2430/initialize?prefCd=01&kikanCd=3010031110&kikanKbn=3", "url2": "https://www.maloclinic-sapporo.com/", "内容": "医療法人きむら歯科　円山インプラントオフィス【3:歯科】北海道札幌市中央区大通西２５丁目１－２　ハートランド円山ビル３階" }, "geometry": { "type": "Point", "coordinates": [ 141.319766, 43.055993 ] } },
{ "type": "Feature", "properties": { "ID": 133010031170, "正式名称": "医療法人正邦会　遠藤歯科クリニック", "機関区分": 3, "都道府県コード": 1, "市区町村コード": 105, "所在地": "北海道札幌市豊平区平岸３条１０丁目３番１号", "緯度": 43.030892, "経度": 141.370478, "url": "https://www.iryou.teikyouseido.mhlw.go.jp/znk-web/juminkanja/S2430/initialize?prefCd=01&kikanCd=3010031170&kikanKbn=3", "url2": null, "内容": "医療法人正邦会　遠藤歯科クリニック【3:歯科】北海道札幌市豊平区平岸３条１０丁目３番１号" }, "geometry": { "type": "Point", "coordinates": [ 141.370478, 43.030892 ] } },
{ "type": "Feature", "properties": { "ID": 133010031190, "正式名称": "よつば歯科クリニック", "機関区分": 3, "都道府県コード": 1, "市区町村コード": 101, "所在地": "北海道札幌市中央区北６条西２５丁目１－８", "緯度": 43.0633552, "経度": 141.3179509, "url": "https://www.iryou.teikyouseido.mhlw.go.jp/znk-web/juminkanja/S2430/initialize?prefCd=01&kikanCd=3010031190&kikanKbn=3", "url2": "http://yotsuba-dental.net", "内容": "よつば歯科クリニック【3:歯科】北海道札幌市中央区北６条西２５丁目１－８" }, "geometry": { "type": "Point", "coordinates": [ 141.3179509, 43.0633552 ] } },
{ "type": "Feature", "properties": { "ID": 133010031210, "正式名称": "ひろはしハートフル歯科", "機関区分": 3, "都道府県コード": 1, "市区町村コード": 217, "所在地": "北海道江別市上江別４４２番地１６", "緯度": 43.099215, "経度": 141.545357, "url": "https://www.iryou.teikyouseido.mhlw.go.jp/znk-web/juminkanja/S2430/initialize?prefCd=01&kikanCd=3010031210&kikanKbn=3", "url2": "https://hirohashi-heartful.com", "内容": "ひろはしハートフル歯科【3:歯科】北海道江別市上江別４４２番地１６" }, "geometry": { "type": "Point", "coordinates": [ 141.545357, 43.099215 ] } },
{ "type": "Feature", "properties": { "ID": 133010031290, "正式名称": "くろだ歯科", "機関区分": 3, "都道府県コード": 1, "市区町村コード": 110, "所在地": "北海道札幌市清田区里塚　３条　１丁目２１番　３号", "緯度": 42.993585, "経度": 141.461258, "url": "https://www.iryou.teikyouseido.mhlw.go.jp/znk-web/juminkanja/S2430/initialize?prefCd=01&kikanCd=3010031290&kikanKbn=3", "url2": "http://www.kuroda-dent.com", "内容": "くろだ歯科【3:歯科】北海道札幌市清田区里塚　３条　１丁目２１番　３号" }, "geometry": { "type": "Point", "coordinates": [ 141.461258, 42.993585 ] } },
{ "type": "Feature", "properties": { "ID": 133010031300, "正式名称": "医療法人社団　天祐会メモリアル歯科", "機関区分": 3, "都道府県コード": 1, "市区町村コード": 109, "所在地": "北海道札幌市手稲区富丘　３条　３丁目　７番２２号", "緯度": 43.104906, "経度": 141.251001, "url": "https://www.iryou.teikyouseido.mhlw.go.jp/znk-web/juminkanja/S2430/initialize?prefCd=01&kikanCd=3010031300&kikanKbn=3", "url2": null, "内容": "医療法人社団　天祐会メモリアル歯科【3:歯科】北海道札幌市手稲区富丘　３条　３丁目　７番２２号" }, "geometry": { "type": "Point", "coordinates": [ 141.251001, 43.104906 ] } },
{ "type": "Feature", "properties": { "ID": 133010031310, "正式名称": "上岡歯科", "機関区分": 3, "都道府県コード": 1, "市区町村コード": 641, "所在地": "北海道広尾郡大樹町西本通７４番地１７", "緯度": 42.49164, "経度": 143.27388, "url": "https://www.iryou.teikyouseido.mhlw.go.jp/znk-web/juminkanja/S2430/initialize?prefCd=01&kikanCd=3010031310&kikanKbn=3", "url2": null, "内容": "上岡歯科【3:歯科】北海道広尾郡大樹町西本通７４番地１７" }, "geometry": { "type": "Point", "coordinates": [ 143.27388, 42.49164 ] } },
{ "type": "Feature", "properties": { "ID": 133010031320, "正式名称": "てらデンタルクリニック", "機関区分": 3, "都道府県コード": 1, "市区町村コード": 408, "所在地": "北海道余市郡余市町富沢町６丁目", "緯度": 43.204532, "経度": 140.771232, "url": "https://www.iryou.teikyouseido.mhlw.go.jp/znk-web/juminkanja/S2430/initialize?prefCd=01&kikanCd=3010031320&kikanKbn=3", "url2": "http://www.teradental.com", "内容": "てらデンタルクリニック【3:歯科】北海道余市郡余市町富沢町６丁目" }, "geometry": { "type": "Point", "coordinates": [ 140.771232, 43.204532 ] } },
{ "type": "Feature", "properties": { "ID": 133010031330, "正式名称": "ハート歯科", "機関区分": 3, "都道府県コード": 1, "市区町村コード": 549, "所在地": "北海道常呂郡訓子府町仲町１０番地１", "緯度": 43.726982, "経度": 143.737321, "url": "https://www.iryou.teikyouseido.mhlw.go.jp/znk-web/juminkanja/S2430/initialize?prefCd=01&kikanCd=3010031330&kikanKbn=3", "url2": null, "内容": "ハート歯科【3:歯科】北海道常呂郡訓子府町仲町１０番地１" }, "geometry": { "type": "Point", "coordinates": [ 143.737321, 43.726982 ] } },
{ "type": "Feature", "properties": { "ID": 133010031390, "正式名称": "北斗歯科クリニック", "機関区分": 3, "都道府県コード": 1, "市区町村コード": 236, "所在地": "北海道北斗市追分２丁目５６－５", "緯度": 41.828685, "経度": 140.701224, "url": "https://www.iryou.teikyouseido.mhlw.go.jp/znk-web/juminkanja/S2430/initialize?prefCd=01&kikanCd=3010031390&kikanKbn=3", "url2": null, "内容": "北斗歯科クリニック【3:歯科】北海道北斗市追分２丁目５６－５" }, "geometry": { "type": "Point", "coordinates": [ 140.701224, 41.828685 ] } },
{ "type": "Feature", "properties": { "ID": 133010031420, "正式名称": "Ｅデンタルクリニック", "機関区分": 3, "都道府県コード": 1, "市区町村コード": 225, "所在地": "北海道滝川市緑町１丁目５番２３号", "緯度": 43.5557168, "経度": 141.9178949, "url": "https://www.iryou.teikyouseido.mhlw.go.jp/znk-web/juminkanja/S2430/initialize?prefCd=01&kikanCd=3010031420&kikanKbn=3", "url2": "https://www.edental-clinic.com", "内容": "Ｅデンタルクリニック【3:歯科】北海道滝川市緑町１丁目５番２３号" }, "geometry": { "type": "Point", "coordinates": [ 141.9178949, 43.555716800000013 ] } },
{ "type": "Feature", "properties": { "ID": 133010031450, "正式名称": "医療法人社団　土井歯科", "機関区分": 3, "都道府県コード": 1, "市区町村コード": 101, "所在地": "北海道札幌市中央区北　９条西１５丁目２８－１９６　札幌ＩＴフロントビル１Ｆ", "緯度": 43.0693574, "経度": 141.3316142, "url": "https://www.iryou.teikyouseido.mhlw.go.jp/znk-web/juminkanja/S2430/initialize?prefCd=01&kikanCd=3010031450&kikanKbn=3", "url2": "http://www.doi-dentalclinic.com", "内容": "医療法人社団　土井歯科【3:歯科】北海道札幌市中央区北　９条西１５丁目２８－１９６　札幌ＩＴフロントビル１Ｆ" }, "geometry": { "type": "Point", "coordinates": [ 141.3316142, 43.0693574 ] } },
{ "type": "Feature", "properties": { "ID": 133010031490, "正式名称": "医療法人社団　恵仁会　Ａｓていね歯科", "機関区分": 3, "都道府県コード": 1, "市区町村コード": 109, "所在地": "北海道札幌市手稲区前田５条１２丁目１３番２７号", "緯度": 43.127583, "経度": 141.250506, "url": "https://www.iryou.teikyouseido.mhlw.go.jp/znk-web/juminkanja/S2430/initialize?prefCd=01&kikanCd=3010031490&kikanKbn=3", "url2": "http://www.keijinkai.info/asteine/index.html", "内容": "医療法人社団　恵仁会　Ａｓていね歯科【3:歯科】北海道札幌市手稲区前田５条１２丁目１３番２７号" }, "geometry": { "type": "Point", "coordinates": [ 141.250506, 43.127583 ] } },
{ "type": "Feature", "properties": { "ID": 133010031500, "正式名称": "みどり台歯科医院", "機関区分": 3, "都道府県コード": 1, "市区町村コード": 224, "所在地": "北海道千歳市みどり台南２丁目９番９号", "緯度": 42.8583759, "経度": 141.6200864, "url": "https://www.iryou.teikyouseido.mhlw.go.jp/znk-web/juminkanja/S2430/initialize?prefCd=01&kikanCd=3010031500&kikanKbn=3", "url2": null, "内容": "みどり台歯科医院【3:歯科】北海道千歳市みどり台南２丁目９番９号" }, "geometry": { "type": "Point", "coordinates": [ 141.6200864, 42.8583759 ] } },
{ "type": "Feature", "properties": { "ID": 133010031510, "正式名称": "医療法人社団　健志会　フラワーデンタルオフィス", "機関区分": 3, "都道府県コード": 1, "市区町村コード": 102, "所在地": "北海道札幌市北区篠路　４条　６丁目１１－１８", "緯度": 43.145845, "経度": 141.362925, "url": "https://www.iryou.teikyouseido.mhlw.go.jp/znk-web/juminkanja/S2430/initialize?prefCd=01&kikanCd=3010031510&kikanKbn=3", "url2": "http://shinoro-flower.com/", "内容": "医療法人社団　健志会　フラワーデンタルオフィス【3:歯科】北海道札幌市北区篠路　４条　６丁目１１－１８" }, "geometry": { "type": "Point", "coordinates": [ 141.362925, 43.145845 ] } },
{ "type": "Feature", "properties": { "ID": 133010031520, "正式名称": "さいとう歯科クリニック", "機関区分": 3, "都道府県コード": 1, "市区町村コード": 210, "所在地": "北海道岩見沢市東町１条８丁目９３２－７３", "緯度": 43.2232611, "経度": 141.797936, "url": "https://www.iryou.teikyouseido.mhlw.go.jp/znk-web/juminkanja/S2430/initialize?prefCd=01&kikanCd=3010031520&kikanKbn=3", "url2": null, "内容": "さいとう歯科クリニック【3:歯科】北海道岩見沢市東町１条８丁目９３２－７３" }, "geometry": { "type": "Point", "coordinates": [ 141.797936, 43.223261099999988 ] } },
{ "type": "Feature", "properties": { "ID": 133010031530, "正式名称": "嵐山通り歯科クリニック", "機関区分": 3, "都道府県コード": 1, "市区町村コード": 204, "所在地": "北海道旭川市緑町１６丁目３００７－４", "緯度": 43.787349, "経度": 142.333121, "url": "https://www.iryou.teikyouseido.mhlw.go.jp/znk-web/juminkanja/S2430/initialize?prefCd=01&kikanCd=3010031530&kikanKbn=3", "url2": "http://arashiyama-dori-dental.com", "内容": "嵐山通り歯科クリニック【3:歯科】北海道旭川市緑町１６丁目３００７－４" }, "geometry": { "type": "Point", "coordinates": [ 142.333121, 43.787349 ] } },
{ "type": "Feature", "properties": { "ID": 133010031540, "正式名称": "札幌新道ファミリー歯科", "機関区分": 3, "都道府県コード": 1, "市区町村コード": 102, "所在地": "北海道札幌市北区新川　２条　７丁目３－３８　本間ビル２階", "緯度": 43.102196, "経度": 141.311805, "url": "https://www.iryou.teikyouseido.mhlw.go.jp/znk-web/juminkanja/S2430/initialize?prefCd=01&kikanCd=3010031540&kikanKbn=3", "url2": null, "内容": "札幌新道ファミリー歯科【3:歯科】北海道札幌市北区新川　２条　７丁目３－３８　本間ビル２階" }, "geometry": { "type": "Point", "coordinates": [ 141.311805, 43.102196 ] } },
{ "type": "Feature", "properties": { "ID": 133010031600, "正式名称": "Ｌａｌａガーデン歯科", "機関区分": 3, "都道府県コード": 1, "市区町村コード": 102, "所在地": "北海道札幌市北区屯田　４条　２丁目７－３３", "緯度": 43.1290859, "経度": 141.3423907, "url": "https://www.iryou.teikyouseido.mhlw.go.jp/znk-web/juminkanja/S2430/initialize?prefCd=01&kikanCd=3010031600&kikanKbn=3", "url2": "http://lala.0326.biz", "内容": "Ｌａｌａガーデン歯科【3:歯科】北海道札幌市北区屯田　４条　２丁目７－３３" }, "geometry": { "type": "Point", "coordinates": [ 141.34239070000001, 43.1290859 ] } },
{ "type": "Feature", "properties": { "ID": 133010031610, "正式名称": "環状通東歯科", "機関区分": 3, "都道府県コード": 1, "市区町村コード": 103, "所在地": "北海道札幌市東区北１６条東１６丁目　４番１５号", "緯度": 43.083048, "経度": 141.375786, "url": "https://www.iryou.teikyouseido.mhlw.go.jp/znk-web/juminkanja/S2430/initialize?prefCd=01&kikanCd=3010031610&kikanKbn=3", "url2": "http://kanjodent.com", "内容": "環状通東歯科【3:歯科】北海道札幌市東区北１６条東１６丁目　４番１５号" }, "geometry": { "type": "Point", "coordinates": [ 141.375786, 43.083048 ] } },
{ "type": "Feature", "properties": { "ID": 133010031620, "正式名称": "医療法人社団　慶生会　こころ歯科クリニック", "機関区分": 3, "都道府県コード": 1, "市区町村コード": 105, "所在地": "北海道札幌市豊平区平岸　３条　７丁目６番２２号　セントポーリア平岸　１Ｆ", "緯度": 43.034571, "経度": 141.371047, "url": "https://www.iryou.teikyouseido.mhlw.go.jp/znk-web/juminkanja/S2430/initialize?prefCd=01&kikanCd=3010031620&kikanKbn=3", "url2": "www.kokoroshika.jp", "内容": "医療法人社団　慶生会　こころ歯科クリニック【3:歯科】北海道札幌市豊平区平岸　３条　７丁目６番２２号　セントポーリア平岸　１Ｆ" }, "geometry": { "type": "Point", "coordinates": [ 141.371047, 43.034571 ] } },
{ "type": "Feature", "properties": { "ID": 133010031630, "正式名称": "医療法人社団慈昂会　なえぼ駅前歯科", "機関区分": 3, "都道府県コード": 1, "市区町村コード": 101, "所在地": "北海道札幌市中央区北　３条東１３丁目９９番６　ステーションプラザ３Ｆ", "緯度": 43.068358, "経度": 141.376875, "url": "https://www.iryou.teikyouseido.mhlw.go.jp/znk-web/juminkanja/S2430/initialize?prefCd=01&kikanCd=3010031630&kikanKbn=3", "url2": "http:jkkai.com/clinic05.html", "内容": "医療法人社団慈昂会　なえぼ駅前歯科【3:歯科】北海道札幌市中央区北　３条東１３丁目９９番６　ステーションプラザ３Ｆ" }, "geometry": { "type": "Point", "coordinates": [ 141.376875, 43.068358 ] } },
{ "type": "Feature", "properties": { "ID": 133010031640, "正式名称": "平井歯科", "機関区分": 3, "都道府県コード": 1, "市区町村コード": 103, "所在地": "北海道札幌市東区北２６条東２１丁目　５番１５号", "緯度": 43.0978607, "経度": 141.3842818, "url": "https://www.iryou.teikyouseido.mhlw.go.jp/znk-web/juminkanja/S2430/initialize?prefCd=01&kikanCd=3010031640&kikanKbn=3", "url2": null, "内容": "平井歯科【3:歯科】北海道札幌市東区北２６条東２１丁目　５番１５号" }, "geometry": { "type": "Point", "coordinates": [ 141.3842818, 43.0978607 ] } },
{ "type": "Feature", "properties": { "ID": 133010031660, "正式名称": "牧田歯科医院", "機関区分": 3, "都道府県コード": 1, "市区町村コード": 105, "所在地": "北海道札幌市豊平区月寒東　２条　３丁目２－３", "緯度": 43.037774, "経度": 141.398011, "url": "https://www.iryou.teikyouseido.mhlw.go.jp/znk-web/juminkanja/S2430/initialize?prefCd=01&kikanCd=3010031660&kikanKbn=3", "url2": "http//www.mac-dc.com", "内容": "牧田歯科医院【3:歯科】北海道札幌市豊平区月寒東　２条　３丁目２－３" }, "geometry": { "type": "Point", "coordinates": [ 141.398011, 43.037774 ] } },
{ "type": "Feature", "properties": { "ID": 133010031670, "正式名称": "新緑ナオ歯科クリニック", "機関区分": 3, "都道府県コード": 1, "市区町村コード": 207, "所在地": "北海道帯広市西２２条南３丁目５番８号　アビタ新緑１階", "緯度": 42.912235, "経度": 143.136289, "url": "https://www.iryou.teikyouseido.mhlw.go.jp/znk-web/juminkanja/S2430/initialize?prefCd=01&kikanCd=3010031670&kikanKbn=3", "url2": null, "内容": "新緑ナオ歯科クリニック【3:歯科】北海道帯広市西２２条南３丁目５番８号　アビタ新緑１階" }, "geometry": { "type": "Point", "coordinates": [ 143.136289, 42.912235 ] } },
{ "type": "Feature", "properties": { "ID": 133010031680, "正式名称": "メイプル歯科トミカワ", "機関区分": 3, "都道府県コード": 1, "市区町村コード": 601, "所在地": "北海道沙流郡日高町富川北４丁目２番１０号", "緯度": 42.520646, "経度": 142.02651, "url": "https://www.iryou.teikyouseido.mhlw.go.jp/znk-web/juminkanja/S2430/initialize?prefCd=01&kikanCd=3010031680&kikanKbn=3", "url2": "http://www.maple-shika.com/index.html", "内容": "メイプル歯科トミカワ【3:歯科】北海道沙流郡日高町富川北４丁目２番１０号" }, "geometry": { "type": "Point", "coordinates": [ 142.02651, 42.520646 ] } },
{ "type": "Feature", "properties": { "ID": 133010031690, "正式名称": "エンガル歯科", "機関区分": 3, "都道府県コード": 1, "市区町村コード": 555, "所在地": "北海道紋別郡遠軽町大通南４丁目４番地３", "緯度": 44.057323, "経度": 143.52185, "url": "https://www.iryou.teikyouseido.mhlw.go.jp/znk-web/juminkanja/S2430/initialize?prefCd=01&kikanCd=3010031690&kikanKbn=3", "url2": "http://engal-dc.com/", "内容": "エンガル歯科【3:歯科】北海道紋別郡遠軽町大通南４丁目４番地３" }, "geometry": { "type": "Point", "coordinates": [ 143.52185, 44.057323 ] } },
{ "type": "Feature", "properties": { "ID": 133010031700, "正式名称": "ヤクモ歯科クリニック", "機関区分": 3, "都道府県コード": 1, "市区町村コード": 346, "所在地": "北海道二海郡八雲町本町１７５番地", "緯度": 42.252889, "経度": 140.276243, "url": "https://www.iryou.teikyouseido.mhlw.go.jp/znk-web/juminkanja/S2430/initialize?prefCd=01&kikanCd=3010031700&kikanKbn=3", "url2": null, "内容": "ヤクモ歯科クリニック【3:歯科】北海道二海郡八雲町本町１７５番地" }, "geometry": { "type": "Point", "coordinates": [ 140.276243, 42.252889 ] } },
{ "type": "Feature", "properties": { "ID": 133010031720, "正式名称": "メイプル歯科", "機関区分": 3, "都道府県コード": 1, "市区町村コード": 105, "所在地": "北海道札幌市豊平区月寒西　３条　９丁目１－４", "緯度": 43.0270071, "経度": 141.3925499, "url": "https://www.iryou.teikyouseido.mhlw.go.jp/znk-web/juminkanja/S2430/initialize?prefCd=01&kikanCd=3010031720&kikanKbn=3", "url2": "http://www.maple-shika.jp", "内容": "メイプル歯科【3:歯科】北海道札幌市豊平区月寒西　３条　９丁目１－４" }, "geometry": { "type": "Point", "coordinates": [ 141.3925499, 43.0270071 ] } },
{ "type": "Feature", "properties": { "ID": 133010031730, "正式名称": "松山デンタルクリニック", "機関区分": 3, "都道府県コード": 1, "市区町村コード": 458, "所在地": "北海道上川郡東川町南町４丁目４番６号", "緯度": 43.691153, "経度": 142.517956, "url": "https://www.iryou.teikyouseido.mhlw.go.jp/znk-web/juminkanja/S2430/initialize?prefCd=01&kikanCd=3010031730&kikanKbn=3", "url2": "http://matsuyama-dental.main.jp/", "内容": "松山デンタルクリニック【3:歯科】北海道上川郡東川町南町４丁目４番６号" }, "geometry": { "type": "Point", "coordinates": [ 142.517956, 43.691153 ] } },
{ "type": "Feature", "properties": { "ID": 133010031740, "正式名称": "医療法人社団　信昌会　神宮前歯科クリニック", "機関区分": 3, "都道府県コード": 1, "市区町村コード": 101, "所在地": "北海道札幌市中央区宮ケ丘　１丁目２－１", "緯度": 43.057501, "経度": 141.31233, "url": "https://www.iryou.teikyouseido.mhlw.go.jp/znk-web/juminkanja/S2430/initialize?prefCd=01&kikanCd=3010031740&kikanKbn=3", "url2": "http://www.jingumae-dc.jp", "内容": "医療法人社団　信昌会　神宮前歯科クリニック【3:歯科】北海道札幌市中央区宮ケ丘　１丁目２－１" }, "geometry": { "type": "Point", "coordinates": [ 141.31233, 43.057501 ] } },
{ "type": "Feature", "properties": { "ID": 133010031750, "正式名称": "エツメイデンタルクリニック", "機関区分": 3, "都道府県コード": 1, "市区町村コード": 453, "所在地": "北海道上川郡東神楽町ひじり野南１条３丁目１番１号", "緯度": 43.7203369, "経度": 142.4136161, "url": "https://www.iryou.teikyouseido.mhlw.go.jp/znk-web/juminkanja/S2430/initialize?prefCd=01&kikanCd=3010031750&kikanKbn=3", "url2": null, "内容": "エツメイデンタルクリニック【3:歯科】北海道上川郡東神楽町ひじり野南１条３丁目１番１号" }, "geometry": { "type": "Point", "coordinates": [ 142.413616100000013, 43.7203369 ] } },
{ "type": "Feature", "properties": { "ID": 133010031780, "正式名称": "工藤歯科医院", "機関区分": 3, "都道府県コード": 1, "市区町村コード": 571, "所在地": "北海道虻田郡豊浦町東雲町１６－５", "緯度": 42.582644, "経度": 140.714977, "url": "https://www.iryou.teikyouseido.mhlw.go.jp/znk-web/juminkanja/S2430/initialize?prefCd=01&kikanCd=3010031780&kikanKbn=3", "url2": null, "内容": "工藤歯科医院【3:歯科】北海道虻田郡豊浦町東雲町１６－５" }, "geometry": { "type": "Point", "coordinates": [ 140.714977, 42.582644 ] } },
{ "type": "Feature", "properties": { "ID": 133010031790, "正式名称": "医療法人社団啓佑会いち花歯科クリニック", "機関区分": 3, "都道府県コード": 1, "市区町村コード": 216, "所在地": "北海道芦別市本町２８番地の１８", "緯度": 43.516292, "経度": 142.194256, "url": "https://www.iryou.teikyouseido.mhlw.go.jp/znk-web/juminkanja/S2430/initialize?prefCd=01&kikanCd=3010031790&kikanKbn=3", "url2": "http://ichika.me", "内容": "医療法人社団啓佑会いち花歯科クリニック【3:歯科】北海道芦別市本町２８番地の１８" }, "geometry": { "type": "Point", "coordinates": [ 142.194256, 43.516292 ] } },
{ "type": "Feature", "properties": { "ID": 133010031820, "正式名称": "医療法人社団来仁会　北広島駅前歯科クリニック", "機関区分": 3, "都道府県コード": 1, "市区町村コード": 234, "所在地": "北海道北広島市栄町１丁目２－１東光ストア北広島店１階", "緯度": 42.9775369, "経度": 141.5623738, "url": "https://www.iryou.teikyouseido.mhlw.go.jp/znk-web/juminkanja/S2430/initialize?prefCd=01&kikanCd=3010031820&kikanKbn=3", "url2": "www.kitahiro-dental.com", "内容": "医療法人社団来仁会　北広島駅前歯科クリニック【3:歯科】北海道北広島市栄町１丁目２－１東光ストア北広島店１階" }, "geometry": { "type": "Point", "coordinates": [ 141.562373799999989, 42.9775369 ] } },
{ "type": "Feature", "properties": { "ID": 133010031840, "正式名称": "医療法人社団かねこ歯科クリニック", "機関区分": 3, "都道府県コード": 1, "市区町村コード": 206, "所在地": "北海道釧路市松浦町３番３号", "緯度": 42.993831, "経度": 144.389181, "url": "https://www.iryou.teikyouseido.mhlw.go.jp/znk-web/juminkanja/S2430/initialize?prefCd=01&kikanCd=3010031840&kikanKbn=3", "url2": null, "内容": "医療法人社団かねこ歯科クリニック【3:歯科】北海道釧路市松浦町３番３号" }, "geometry": { "type": "Point", "coordinates": [ 144.389181, 42.993831 ] } },
{ "type": "Feature", "properties": { "ID": 133010031850, "正式名称": "医療法人社団たかぎファミリー歯科・矯正歯科", "機関区分": 3, "都道府県コード": 1, "市区町村コード": 208, "所在地": "北海道北見市西三輪５丁目８－１", "緯度": 43.795568, "経度": 143.8431914, "url": "https://www.iryou.teikyouseido.mhlw.go.jp/znk-web/juminkanja/S2430/initialize?prefCd=01&kikanCd=3010031850&kikanKbn=3", "url2": null, "内容": "医療法人社団たかぎファミリー歯科・矯正歯科【3:歯科】北海道北見市西三輪５丁目８－１" }, "geometry": { "type": "Point", "coordinates": [ 143.8431914, 43.795568 ] } },
{ "type": "Feature", "properties": { "ID": 133010031860, "正式名称": "医療法人たんのニコニコ歯科", "機関区分": 3, "都道府県コード": 1, "市区町村コード": 208, "所在地": "北海道北見市端野町三区４１９ー９", "緯度": 43.848038, "経度": 143.93791, "url": "https://www.iryou.teikyouseido.mhlw.go.jp/znk-web/juminkanja/S2430/initialize?prefCd=01&kikanCd=3010031860&kikanKbn=3", "url2": "http://www.tanno-niconico.com", "内容": "医療法人たんのニコニコ歯科【3:歯科】北海道北見市端野町三区４１９ー９" }, "geometry": { "type": "Point", "coordinates": [ 143.93791, 43.848038 ] } },
{ "type": "Feature", "properties": { "ID": 133010031890, "正式名称": "いずみファミリー歯科", "機関区分": 3, "都道府県コード": 1, "市区町村コード": 213, "所在地": "北海道苫小牧市北栄町２丁目８番１号", "緯度": 42.6717292, "経度": 141.6887952, "url": "https://www.iryou.teikyouseido.mhlw.go.jp/znk-web/juminkanja/S2430/initialize?prefCd=01&kikanCd=3010031890&kikanKbn=3", "url2": null, "内容": "いずみファミリー歯科【3:歯科】北海道苫小牧市北栄町２丁目８番１号" }, "geometry": { "type": "Point", "coordinates": [ 141.688795199999987, 42.6717292 ] } },
{ "type": "Feature", "properties": { "ID": 133010031950, "正式名称": "レディデンタルクリニック札幌", "機関区分": 3, "都道府県コード": 1, "市区町村コード": 101, "所在地": "北海道札幌市中央区大通西３丁目１１　せんばビル６Ｆ", "緯度": 43.06086, "経度": 141.35194, "url": "https://www.iryou.teikyouseido.mhlw.go.jp/znk-web/juminkanja/S2430/initialize?prefCd=01&kikanCd=3010031950&kikanKbn=3", "url2": "http://lady-dc.com", "内容": "レディデンタルクリニック札幌【3:歯科】北海道札幌市中央区大通西３丁目１１　せんばビル６Ｆ" }, "geometry": { "type": "Point", "coordinates": [ 141.35194, 43.06086 ] } },
{ "type": "Feature", "properties": { "ID": 133010032040, "正式名称": "医療法人社団桜和会みんなの歯科クリニック", "機関区分": 3, "都道府県コード": 1, "市区町村コード": 602, "所在地": "北海道沙流郡平取町本町１８番地３", "緯度": 42.586308, "経度": 142.13437, "url": "https://www.iryou.teikyouseido.mhlw.go.jp/znk-web/juminkanja/S2430/initialize?prefCd=01&kikanCd=3010032040&kikanKbn=3", "url2": null, "内容": "医療法人社団桜和会みんなの歯科クリニック【3:歯科】北海道沙流郡平取町本町１８番地３" }, "geometry": { "type": "Point", "coordinates": [ 142.13437, 42.586308 ] } },
{ "type": "Feature", "properties": { "ID": 133010032050, "正式名称": "もじり歯科クリニック", "機関区分": 3, "都道府県コード": 1, "市区町村コード": 218, "所在地": "北海道赤平市茂尻本町３丁目２番地", "緯度": 43.538723, "経度": 142.09052, "url": "https://www.iryou.teikyouseido.mhlw.go.jp/znk-web/juminkanja/S2430/initialize?prefCd=01&kikanCd=3010032050&kikanKbn=3", "url2": null, "内容": "もじり歯科クリニック【3:歯科】北海道赤平市茂尻本町３丁目２番地" }, "geometry": { "type": "Point", "coordinates": [ 142.09052, 43.538723 ] } },
{ "type": "Feature", "properties": { "ID": 133010032070, "正式名称": "占冠きむら歯科", "機関区分": 3, "都道府県コード": 1, "市区町村コード": 463, "所在地": "北海道勇払郡占冠村字中央", "緯度": 42.97934, "経度": 142.39734, "url": "https://www.iryou.teikyouseido.mhlw.go.jp/znk-web/juminkanja/S2430/initialize?prefCd=01&kikanCd=3010032070&kikanKbn=3", "url2": null, "内容": "占冠きむら歯科【3:歯科】北海道勇払郡占冠村字中央" }, "geometry": { "type": "Point", "coordinates": [ 142.39734, 42.97934 ] } },
{ "type": "Feature", "properties": { "ID": 133010032090, "正式名称": "赤岩りょう歯科クリニック", "機関区分": 3, "都道府県コード": 1, "市区町村コード": 203, "所在地": "北海道小樽市赤岩１丁目９番２８号", "緯度": 43.2232549, "経度": 140.9943271, "url": "https://www.iryou.teikyouseido.mhlw.go.jp/znk-web/juminkanja/S2430/initialize?prefCd=01&kikanCd=3010032090&kikanKbn=3", "url2": "http://akaiwaryo-dc.com/", "内容": "赤岩りょう歯科クリニック【3:歯科】北海道小樽市赤岩１丁目９番２８号" }, "geometry": { "type": "Point", "coordinates": [ 140.9943271, 43.2232549 ] } },
{ "type": "Feature", "properties": { "ID": 133010032130, "正式名称": "たんぽぽ歯科クリニック", "機関区分": 3, "都道府県コード": 1, "市区町村コード": 106, "所在地": "北海道札幌市南区澄川３条３丁目４番１０号", "緯度": 43.0141233, "経度": 141.3657838, "url": "https://www.iryou.teikyouseido.mhlw.go.jp/znk-web/juminkanja/S2430/initialize?prefCd=01&kikanCd=3010032130&kikanKbn=3", "url2": null, "内容": "たんぽぽ歯科クリニック【3:歯科】北海道札幌市南区澄川３条３丁目４番１０号" }, "geometry": { "type": "Point", "coordinates": [ 141.3657838, 43.0141233 ] } },
{ "type": "Feature", "properties": { "ID": 133010032150, "正式名称": "医療法社団　優駿会　白石ファミリー歯科", "機関区分": 3, "都道府県コード": 1, "市区町村コード": 104, "所在地": "北海道札幌市白石区東札幌２条５丁目７番５号　　エコビル白石２Ｆ", "緯度": 43.047242, "経度": 141.392954, "url": "https://www.iryou.teikyouseido.mhlw.go.jp/znk-web/juminkanja/S2430/initialize?prefCd=01&kikanCd=3010032150&kikanKbn=3", "url2": null, "内容": "医療法社団　優駿会　白石ファミリー歯科【3:歯科】北海道札幌市白石区東札幌２条５丁目７番５号　　エコビル白石２Ｆ" }, "geometry": { "type": "Point", "coordinates": [ 141.392954, 43.047242 ] } },
{ "type": "Feature", "properties": { "ID": 133010032160, "正式名称": "ＥＶＥデンタルクリニック", "機関区分": 3, "都道府県コード": 1, "市区町村コード": 104, "所在地": "北海道札幌市白石区南郷通２１丁目南５番３９号　南郷２１メディカル２Ｆ", "緯度": 43.026498, "経度": 141.443341, "url": "https://www.iryou.teikyouseido.mhlw.go.jp/znk-web/juminkanja/S2430/initialize?prefCd=01&kikanCd=3010032160&kikanKbn=3", "url2": "http://www.kenkoukai.jp", "内容": "ＥＶＥデンタルクリニック【3:歯科】北海道札幌市白石区南郷通２１丁目南５番３９号　南郷２１メディカル２Ｆ" }, "geometry": { "type": "Point", "coordinates": [ 141.443341, 43.026498 ] } },
{ "type": "Feature", "properties": { "ID": 133010032180, "正式名称": "医療法人社団とよひらファミリー歯科", "機関区分": 3, "都道府県コード": 1, "市区町村コード": 105, "所在地": "北海道札幌市豊平区豊平４条９丁目３番１号　　ザ・ビック豊平店１Ｆ", "緯度": 43.047153, "経度": 141.375527, "url": "https://www.iryou.teikyouseido.mhlw.go.jp/znk-web/juminkanja/S2430/initialize?prefCd=01&kikanCd=3010032180&kikanKbn=3", "url2": null, "内容": "医療法人社団とよひらファミリー歯科【3:歯科】北海道札幌市豊平区豊平４条９丁目３番１号　　ザ・ビック豊平店１Ｆ" }, "geometry": { "type": "Point", "coordinates": [ 141.375527, 43.047153 ] } },
{ "type": "Feature", "properties": { "ID": 133010032190, "正式名称": "まこまないファミリー歯科", "機関区分": 3, "都道府県コード": 1, "市区町村コード": 106, "所在地": "北海道札幌市南区真駒内上町３丁目２番１４号　上町ビル１Ｆ", "緯度": 42.995167, "経度": 141.353507, "url": "https://www.iryou.teikyouseido.mhlw.go.jp/znk-web/juminkanja/S2430/initialize?prefCd=01&kikanCd=3010032190&kikanKbn=3", "url2": "http://kenkoukai.jp", "内容": "まこまないファミリー歯科【3:歯科】北海道札幌市南区真駒内上町３丁目２番１４号　上町ビル１Ｆ" }, "geometry": { "type": "Point", "coordinates": [ 141.353507, 42.995167 ] } },
{ "type": "Feature", "properties": { "ID": 133010032220, "正式名称": "秋山歯科医院", "機関区分": 3, "都道府県コード": 1, "市区町村コード": 102, "所在地": "北海道札幌市北区北２２条西５丁目２－３３", "緯度": 43.088267, "経度": 141.343156, "url": "https://www.iryou.teikyouseido.mhlw.go.jp/znk-web/juminkanja/S2430/initialize?prefCd=01&kikanCd=3010032220&kikanKbn=3", "url2": "https://www.dental-akiyama.com", "内容": "秋山歯科医院【3:歯科】北海道札幌市北区北２２条西５丁目２－３３" }, "geometry": { "type": "Point", "coordinates": [ 141.343156, 43.088267 ] } },
{ "type": "Feature", "properties": { "ID": 133010032250, "正式名称": "高松歯科医院", "機関区分": 3, "都道府県コード": 1, "市区町村コード": 235, "所在地": "北海道石狩市花川南５条２丁目２１１", "緯度": 43.1477289, "経度": 141.2919578, "url": "https://www.iryou.teikyouseido.mhlw.go.jp/znk-web/juminkanja/S2430/initialize?prefCd=01&kikanCd=3010032250&kikanKbn=3", "url2": "www.takamatsu-d.com", "内容": "高松歯科医院【3:歯科】北海道石狩市花川南５条２丁目２１１" }, "geometry": { "type": "Point", "coordinates": [ 141.2919578, 43.1477289 ] } },
{ "type": "Feature", "properties": { "ID": 133010032270, "正式名称": "おびひろ清流歯科クリニック", "機関区分": 3, "都道府県コード": 1, "市区町村コード": 207, "所在地": "北海道帯広市西１０条南４１丁目３番８号", "緯度": 42.8814518, "経度": 143.1940783, "url": "https://www.iryou.teikyouseido.mhlw.go.jp/znk-web/juminkanja/S2430/initialize?prefCd=01&kikanCd=3010032270&kikanKbn=3", "url2": null, "内容": "おびひろ清流歯科クリニック【3:歯科】北海道帯広市西１０条南４１丁目３番８号" }, "geometry": { "type": "Point", "coordinates": [ 143.1940783, 42.8814518 ] } },
{ "type": "Feature", "properties": { "ID": 133010032300, "正式名称": "エルム桂岡歯科", "機関区分": 3, "都道府県コード": 1, "市区町村コード": 203, "所在地": "北海道小樽市銭函１丁目３０番３５号", "緯度": 43.143203, "経度": 141.147971, "url": "https://www.iryou.teikyouseido.mhlw.go.jp/znk-web/juminkanja/S2430/initialize?prefCd=01&kikanCd=3010032300&kikanKbn=3", "url2": "hhtp://www.elm-k.jp", "内容": "エルム桂岡歯科【3:歯科】北海道小樽市銭函１丁目３０番３５号" }, "geometry": { "type": "Point", "coordinates": [ 141.147971, 43.143203 ] } },
{ "type": "Feature", "properties": { "ID": 133010032320, "正式名称": "さいわいデンタルクリニック", "機関区分": 3, "都道府県コード": 1, "市区町村コード": 234, "所在地": "北海道北広島市大曲幸町４丁目４－２", "緯度": 42.9688003, "経度": 141.4732529, "url": "https://www.iryou.teikyouseido.mhlw.go.jp/znk-web/juminkanja/S2430/initialize?prefCd=01&kikanCd=3010032320&kikanKbn=3", "url2": "https://saiwaidental.jp/", "内容": "さいわいデンタルクリニック【3:歯科】北海道北広島市大曲幸町４丁目４－２" }, "geometry": { "type": "Point", "coordinates": [ 141.4732529, 42.9688003 ] } },
{ "type": "Feature", "properties": { "ID": 133010032340, "正式名称": "医療法人社団　双樹会　森末歯科クリニック", "機関区分": 3, "都道府県コード": 1, "市区町村コード": 207, "所在地": "北海道帯広市西６条南５丁目３番７", "緯度": 42.9259015, "経度": 143.1955971, "url": "https://www.iryou.teikyouseido.mhlw.go.jp/znk-web/juminkanja/S2430/initialize?prefCd=01&kikanCd=3010032340&kikanKbn=3", "url2": null, "内容": "医療法人社団　双樹会　森末歯科クリニック【3:歯科】北海道帯広市西６条南５丁目３番７" }, "geometry": { "type": "Point", "coordinates": [ 143.195597099999986, 42.925901499999988 ] } },
{ "type": "Feature", "properties": { "ID": 133010032350, "正式名称": "さくらい歯科医院", "機関区分": 3, "都道府県コード": 1, "市区町村コード": 204, "所在地": "北海道旭川市５条通１０丁目２２３３番地", "緯度": 43.768296, "経度": 142.365675, "url": "https://www.iryou.teikyouseido.mhlw.go.jp/znk-web/juminkanja/S2430/initialize?prefCd=01&kikanCd=3010032350&kikanKbn=3", "url2": "http://www.sakurai-shika.jp/", "内容": "さくらい歯科医院【3:歯科】北海道旭川市５条通１０丁目２２３３番地" }, "geometry": { "type": "Point", "coordinates": [ 142.365675, 43.768296 ] } },
{ "type": "Feature", "properties": { "ID": 133010032370, "正式名称": "東光よしだ歯科", "機関区分": 3, "都道府県コード": 1, "市区町村コード": 204, "所在地": "北海道旭川市東光９条６丁目７番１３号", "緯度": 43.74616, "経度": 142.408061, "url": "https://www.iryou.teikyouseido.mhlw.go.jp/znk-web/juminkanja/S2430/initialize?prefCd=01&kikanCd=3010032370&kikanKbn=3", "url2": null, "内容": "東光よしだ歯科【3:歯科】北海道旭川市東光９条６丁目７番１３号" }, "geometry": { "type": "Point", "coordinates": [ 142.408061, 43.74616 ] } },
{ "type": "Feature", "properties": { "ID": 133010032380, "正式名称": "ヒロキ歯科医院", "機関区分": 3, "都道府県コード": 1, "市区町村コード": 204, "所在地": "北海道旭川市７条通７丁目３３番地８第６・７中島プラザビル", "緯度": 43.772685, "経度": 142.362841, "url": "https://www.iryou.teikyouseido.mhlw.go.jp/znk-web/juminkanja/S2430/initialize?prefCd=01&kikanCd=3010032380&kikanKbn=3", "url2": "https://www.hirokidental.com/", "内容": "ヒロキ歯科医院【3:歯科】北海道旭川市７条通７丁目３３番地８第６・７中島プラザビル" }, "geometry": { "type": "Point", "coordinates": [ 142.362841, 43.772685 ] } },
{ "type": "Feature", "properties": { "ID": 133010032410, "正式名称": "松風デンタルクリニック", "機関区分": 3, "都道府県コード": 1, "市区町村コード": 213, "所在地": "北海道苫小牧市松風町２番１５号苫小牧静和荘内１階", "緯度": 42.6376855, "経度": 141.5587602, "url": "https://www.iryou.teikyouseido.mhlw.go.jp/znk-web/juminkanja/S2430/initialize?prefCd=01&kikanCd=3010032410&kikanKbn=3", "url2": "http://www.ryokuyoukai.or.jp/", "内容": "松風デンタルクリニック【3:歯科】北海道苫小牧市松風町２番１５号苫小牧静和荘内１階" }, "geometry": { "type": "Point", "coordinates": [ 141.5587602, 42.6376855 ] } },
{ "type": "Feature", "properties": { "ID": 133010032430, "正式名称": "あずま歯科クリニック", "機関区分": 3, "都道府県コード": 1, "市区町村コード": 220, "所在地": "北海道士別市東５条１７丁目３１２９－２６６", "緯度": 35.963342, "経度": 139.322515, "url": "https://www.iryou.teikyouseido.mhlw.go.jp/znk-web/juminkanja/S2430/initialize?prefCd=01&kikanCd=3010032430&kikanKbn=3", "url2": null, "内容": "あずま歯科クリニック【3:歯科】北海道士別市東５条１７丁目３１２９－２６６" }, "geometry": { "type": "Point", "coordinates": [ 139.322515, 35.963342 ] } },
{ "type": "Feature", "properties": { "ID": 133010032450, "正式名称": "ケンほのぼの歯科", "機関区分": 3, "都道府県コード": 1, "市区町村コード": 204, "所在地": "北海道旭川市永山２条１８丁目２番３０号", "緯度": 43.809737, "経度": 142.43225, "url": "https://www.iryou.teikyouseido.mhlw.go.jp/znk-web/juminkanja/S2430/initialize?prefCd=01&kikanCd=3010032450&kikanKbn=3", "url2": null, "内容": "ケンほのぼの歯科【3:歯科】北海道旭川市永山２条１８丁目２番３０号" }, "geometry": { "type": "Point", "coordinates": [ 142.43225, 43.809737 ] } },
{ "type": "Feature", "properties": { "ID": 133010032480, "正式名称": "上江別歯科・矯正歯科", "機関区分": 3, "都道府県コード": 1, "市区町村コード": 217, "所在地": "北海道江別市ゆめみ野東町３－１", "緯度": 43.1022691, "経度": 141.5627627, "url": "https://www.iryou.teikyouseido.mhlw.go.jp/znk-web/juminkanja/S2430/initialize?prefCd=01&kikanCd=3010032480&kikanKbn=3", "url2": null, "内容": "上江別歯科・矯正歯科【3:歯科】北海道江別市ゆめみ野東町３－１" }, "geometry": { "type": "Point", "coordinates": [ 141.5627627, 43.1022691 ] } },
{ "type": "Feature", "properties": { "ID": 133010032500, "正式名称": "アップル歯科", "機関区分": 3, "都道府県コード": 1, "市区町村コード": 203, "所在地": "北海道小樽市稲穂２－１６－１４", "緯度": 43.1962858, "経度": 140.9968448, "url": "https://www.iryou.teikyouseido.mhlw.go.jp/znk-web/juminkanja/S2430/initialize?prefCd=01&kikanCd=3010032500&kikanKbn=3", "url2": null, "内容": "アップル歯科【3:歯科】北海道小樽市稲穂２－１６－１４" }, "geometry": { "type": "Point", "coordinates": [ 140.9968448, 43.1962858 ] } },
{ "type": "Feature", "properties": { "ID": 133010032560, "正式名称": "幌延町立歯科診療所", "機関区分": 3, "都道府県コード": 1, "市区町村コード": 520, "所在地": "北海道天塩郡幌延町１条北２丁目２番地", "緯度": 45.01532, "経度": 141.84663, "url": "https://www.iryou.teikyouseido.mhlw.go.jp/znk-web/juminkanja/S2430/initialize?prefCd=01&kikanCd=3010032560&kikanKbn=3", "url2": null, "内容": "幌延町立歯科診療所【3:歯科】北海道天塩郡幌延町１条北２丁目２番地" }, "geometry": { "type": "Point", "coordinates": [ 141.84663, 45.01532 ] } },
{ "type": "Feature", "properties": { "ID": 133010032570, "正式名称": "わたなべ歯科", "機関区分": 3, "都道府県コード": 1, "市区町村コード": 213, "所在地": "北海道苫小牧市新富町１丁目１番２１号", "緯度": 42.6245966, "経度": 141.5780278, "url": "https://www.iryou.teikyouseido.mhlw.go.jp/znk-web/juminkanja/S2430/initialize?prefCd=01&kikanCd=3010032570&kikanKbn=3", "url2": null, "内容": "わたなべ歯科【3:歯科】北海道苫小牧市新富町１丁目１番２１号" }, "geometry": { "type": "Point", "coordinates": [ 141.5780278, 42.6245966 ] } },
{ "type": "Feature", "properties": { "ID": 133010032580, "正式名称": "ほほえみファミリー歯科", "機関区分": 3, "都道府県コード": 1, "市区町村コード": 233, "所在地": "北海道伊達市末永町６２－１７", "緯度": 42.482727, "経度": 140.87459, "url": "https://www.iryou.teikyouseido.mhlw.go.jp/znk-web/juminkanja/S2430/initialize?prefCd=01&kikanCd=3010032580&kikanKbn=3", "url2": null, "内容": "ほほえみファミリー歯科【3:歯科】北海道伊達市末永町６２－１７" }, "geometry": { "type": "Point", "coordinates": [ 140.87459, 42.482727 ] } },
{ "type": "Feature", "properties": { "ID": 133010032590, "正式名称": "あい歯科医院", "機関区分": 3, "都道府県コード": 1, "市区町村コード": 202, "所在地": "北海道函館市白鳥町１５番１号", "緯度": 41.796062, "経度": 140.745928, "url": "https://www.iryou.teikyouseido.mhlw.go.jp/znk-web/juminkanja/S2430/initialize?prefCd=01&kikanCd=3010032590&kikanKbn=3", "url2": null, "内容": "あい歯科医院【3:歯科】北海道函館市白鳥町１５番１号" }, "geometry": { "type": "Point", "coordinates": [ 140.745928, 41.796062 ] } },
{ "type": "Feature", "properties": { "ID": 133010032610, "正式名称": "井口歯科クリニック", "機関区分": 3, "都道府県コード": 1, "市区町村コード": 231, "所在地": "北海道恵庭市白樺町１丁目１番６号", "緯度": 42.871712, "経度": 141.574698, "url": "https://www.iryou.teikyouseido.mhlw.go.jp/znk-web/juminkanja/S2430/initialize?prefCd=01&kikanCd=3010032610&kikanKbn=3", "url2": "www.iguchi.shika-hp.com", "内容": "井口歯科クリニック【3:歯科】北海道恵庭市白樺町１丁目１番６号" }, "geometry": { "type": "Point", "coordinates": [ 141.574698, 42.871712 ] } },
{ "type": "Feature", "properties": { "ID": 133010032620, "正式名称": "医療法人社団　豊治会　あかり歯科オフィス", "機関区分": 3, "都道府県コード": 1, "市区町村コード": 203, "所在地": "北海道小樽市住吉町１０番４号", "緯度": 43.187501, "経度": 141.007342, "url": "https://www.iryou.teikyouseido.mhlw.go.jp/znk-web/juminkanja/S2430/initialize?prefCd=01&kikanCd=3010032620&kikanKbn=3", "url2": null, "内容": "医療法人社団　豊治会　あかり歯科オフィス【3:歯科】北海道小樽市住吉町１０番４号" }, "geometry": { "type": "Point", "coordinates": [ 141.007342, 43.187501 ] } },
{ "type": "Feature", "properties": { "ID": 133010032630, "正式名称": "柏林台竹下歯科医院", "機関区分": 3, "都道府県コード": 1, "市区町村コード": 207, "所在地": "北海道帯広市柏林台東町２丁目２番地２", "緯度": 42.921688, "経度": 143.17134, "url": "https://www.iryou.teikyouseido.mhlw.go.jp/znk-web/juminkanja/S2430/initialize?prefCd=01&kikanCd=3010032630&kikanKbn=3", "url2": "http://takeshika.com", "内容": "柏林台竹下歯科医院【3:歯科】北海道帯広市柏林台東町２丁目２番地２" }, "geometry": { "type": "Point", "coordinates": [ 143.17134, 42.921688 ] } },
{ "type": "Feature", "properties": { "ID": 133010032660, "正式名称": "かおる歯科", "機関区分": 3, "都道府県コード": 1, "市区町村コード": 203, "所在地": "北海道小樽市オタモイ１丁目２０番６号", "緯度": 43.219025, "経度": 140.959872, "url": "https://www.iryou.teikyouseido.mhlw.go.jp/znk-web/juminkanja/S2430/initialize?prefCd=01&kikanCd=3010032660&kikanKbn=3", "url2": null, "内容": "かおる歯科【3:歯科】北海道小樽市オタモイ１丁目２０番６号" }, "geometry": { "type": "Point", "coordinates": [ 140.959872, 43.219025 ] } },
{ "type": "Feature", "properties": { "ID": 133010032700, "正式名称": "やなづめファミリー歯科", "機関区分": 3, "都道府県コード": 1, "市区町村コード": 209, "所在地": "北海道夕張市南清水沢３丁目２７番地１", "緯度": 42.98654, "経度": 142.002213, "url": "https://www.iryou.teikyouseido.mhlw.go.jp/znk-web/juminkanja/S2430/initialize?prefCd=01&kikanCd=3010032700&kikanKbn=3", "url2": null, "内容": "やなづめファミリー歯科【3:歯科】北海道夕張市南清水沢３丁目２７番地１" }, "geometry": { "type": "Point", "coordinates": [ 142.002213, 42.98654 ] } },
{ "type": "Feature", "properties": { "ID": 133010032710, "正式名称": "うらた歯科", "機関区分": 3, "都道府県コード": 1, "市区町村コード": 235, "所在地": "北海道石狩市花川北６条３丁目８番地", "緯度": 43.14879, "経度": 141.31607, "url": "https://www.iryou.teikyouseido.mhlw.go.jp/znk-web/juminkanja/S2430/initialize?prefCd=01&kikanCd=3010032710&kikanKbn=3", "url2": "http://www.uratashika.com", "内容": "うらた歯科【3:歯科】北海道石狩市花川北６条３丁目８番地" }, "geometry": { "type": "Point", "coordinates": [ 141.31607, 43.14879 ] } },
{ "type": "Feature", "properties": { "ID": 133010032720, "正式名称": "和み歯科", "機関区分": 3, "都道府県コード": 1, "市区町村コード": 361, "所在地": "北海道檜山郡江差町字中歌町２４－１", "緯度": 41.86937, "経度": 140.1284, "url": "https://www.iryou.teikyouseido.mhlw.go.jp/znk-web/juminkanja/S2430/initialize?prefCd=01&kikanCd=3010032720&kikanKbn=3", "url2": null, "内容": "和み歯科【3:歯科】北海道檜山郡江差町字中歌町２４－１" }, "geometry": { "type": "Point", "coordinates": [ 140.1284, 41.86937 ] } },
{ "type": "Feature", "properties": { "ID": 133010032730, "正式名称": "紋別ファミリー歯科", "機関区分": 3, "都道府県コード": 1, "市区町村コード": 219, "所在地": "北海道紋別市緑町２丁目５－６", "緯度": 35.946608, "経度": 139.390533, "url": "https://www.iryou.teikyouseido.mhlw.go.jp/znk-web/juminkanja/S2430/initialize?prefCd=01&kikanCd=3010032730&kikanKbn=3", "url2": null, "内容": "紋別ファミリー歯科【3:歯科】北海道紋別市緑町２丁目５－６" }, "geometry": { "type": "Point", "coordinates": [ 139.390533, 35.946608 ] } },
{ "type": "Feature", "properties": { "ID": 133010032740, "正式名称": "どいがみ歯科医院", "機関区分": 3, "都道府県コード": 1, "市区町村コード": 692, "所在地": "北海道標津郡中標津町西１１条南７丁目", "緯度": 43.537354, "経度": 144.96925, "url": "https://www.iryou.teikyouseido.mhlw.go.jp/znk-web/juminkanja/S2430/initialize?prefCd=01&kikanCd=3010032740&kikanKbn=3", "url2": null, "内容": "どいがみ歯科医院【3:歯科】北海道標津郡中標津町西１１条南７丁目" }, "geometry": { "type": "Point", "coordinates": [ 144.96925, 43.537354 ] } },
{ "type": "Feature", "properties": { "ID": 133010032750, "正式名称": "医療法人　健幸会　いしやまファミリー歯科", "機関区分": 3, "都道府県コード": 1, "市区町村コード": 106, "所在地": "北海道札幌市南区石山２条３－１－２５", "緯度": 42.968545, "経度": 141.335612, "url": "https://www.iryou.teikyouseido.mhlw.go.jp/znk-web/juminkanja/S2430/initialize?prefCd=01&kikanCd=3010032750&kikanKbn=3", "url2": "https://kenkoukai.jp", "内容": "医療法人　健幸会　いしやまファミリー歯科【3:歯科】北海道札幌市南区石山２条３－１－２５" }, "geometry": { "type": "Point", "coordinates": [ 141.335612, 42.968545 ] } },
{ "type": "Feature", "properties": { "ID": 133010032770, "正式名称": "かたくり歯科", "機関区分": 3, "都道府県コード": 1, "市区町村コード": 464, "所在地": "北海道上川郡和寒町字西町２１２番地", "緯度": 44.024998, "経度": 142.41263, "url": "https://www.iryou.teikyouseido.mhlw.go.jp/znk-web/juminkanja/S2430/initialize?prefCd=01&kikanCd=3010032770&kikanKbn=3", "url2": null, "内容": "かたくり歯科【3:歯科】北海道上川郡和寒町字西町２１２番地" }, "geometry": { "type": "Point", "coordinates": [ 142.41263, 44.024998 ] } },
{ "type": "Feature", "properties": { "ID": 133010032780, "正式名称": "アウル歯科", "機関区分": 3, "都道府県コード": 1, "市区町村コード": 221, "所在地": "北海道名寄市豊栄１０９－３３", "緯度": 44.33128, "経度": 142.44328, "url": "https://www.iryou.teikyouseido.mhlw.go.jp/znk-web/juminkanja/S2430/initialize?prefCd=01&kikanCd=3010032780&kikanKbn=3", "url2": null, "内容": "アウル歯科【3:歯科】北海道名寄市豊栄１０９－３３" }, "geometry": { "type": "Point", "coordinates": [ 142.44328, 44.33128 ] } },
{ "type": "Feature", "properties": { "ID": 133010032790, "正式名称": "青木歯科医院", "機関区分": 3, "都道府県コード": 1, "市区町村コード": 101, "所在地": "北海道札幌市中央区大通西１７丁目１番地　青木ビル２階", "緯度": 43.058453, "経度": 141.330866, "url": "https://www.iryou.teikyouseido.mhlw.go.jp/znk-web/juminkanja/S2430/initialize?prefCd=01&kikanCd=3010032790&kikanKbn=3", "url2": null, "内容": "青木歯科医院【3:歯科】北海道札幌市中央区大通西１７丁目１番地　青木ビル２階" }, "geometry": { "type": "Point", "coordinates": [ 141.330866, 43.058453 ] } },
{ "type": "Feature", "properties": { "ID": 133010032800, "正式名称": "かわこし歯科クリニック", "機関区分": 3, "都道府県コード": 1, "市区町村コード": 231, "所在地": "北海道恵庭市柏陽町３丁目１－１３", "緯度": 42.898345, "経度": 141.56785, "url": "https://www.iryou.teikyouseido.mhlw.go.jp/znk-web/juminkanja/S2430/initialize?prefCd=01&kikanCd=3010032800&kikanKbn=3", "url2": "http://kawakoshi-dental.com/index.html", "内容": "かわこし歯科クリニック【3:歯科】北海道恵庭市柏陽町３丁目１－１３" }, "geometry": { "type": "Point", "coordinates": [ 141.56785, 42.898345 ] } },
{ "type": "Feature", "properties": { "ID": 133010032840, "正式名称": "Ｎｉデンタルクリニック", "機関区分": 3, "都道府県コード": 1, "市区町村コード": 204, "所在地": "北海道旭川市豊岡１０条１１丁目１番７号", "緯度": 43.766464, "経度": 142.425753, "url": "https://www.iryou.teikyouseido.mhlw.go.jp/znk-web/juminkanja/S2430/initialize?prefCd=01&kikanCd=3010032840&kikanKbn=3", "url2": null, "内容": "Ｎｉデンタルクリニック【3:歯科】北海道旭川市豊岡１０条１１丁目１番７号" }, "geometry": { "type": "Point", "coordinates": [ 142.425753, 43.766464 ] } },
{ "type": "Feature", "properties": { "ID": 133010032850, "正式名称": "シーナデンタルクリニック", "機関区分": 3, "都道府県コード": 1, "市区町村コード": 204, "所在地": "北海道旭川市永山３条１５丁目１番７号生活協同組合市民生協コープさっぽろ旭川Ｓｈｅｎａ店２階", "緯度": 43.805571, "経度": 142.427501, "url": "https://www.iryou.teikyouseido.mhlw.go.jp/znk-web/juminkanja/S2430/initialize?prefCd=01&kikanCd=3010032850&kikanKbn=3", "url2": "http://www.shena-dent.com", "内容": "シーナデンタルクリニック【3:歯科】北海道旭川市永山３条１５丁目１番７号生活協同組合市民生協コープさっぽろ旭川Ｓｈｅｎａ店２階" }, "geometry": { "type": "Point", "coordinates": [ 142.427501, 43.805571 ] } },
{ "type": "Feature", "properties": { "ID": 133010032880, "正式名称": "医療法人社団青山歯科クリニック", "機関区分": 3, "都道府県コード": 1, "市区町村コード": 402, "所在地": "北海道岩内郡岩内町字東山１３３－７", "緯度": 42.984215, "経度": 140.52882, "url": "https://www.iryou.teikyouseido.mhlw.go.jp/znk-web/juminkanja/S2430/initialize?prefCd=01&kikanCd=3010032880&kikanKbn=3", "url2": "http//aoyama-den.com/", "内容": "医療法人社団青山歯科クリニック【3:歯科】北海道岩内郡岩内町字東山１３３－７" }, "geometry": { "type": "Point", "coordinates": [ 140.52882, 42.984215 ] } },
{ "type": "Feature", "properties": { "ID": 133010032890, "正式名称": "医療法人社団　福田歯科医院", "機関区分": 3, "都道府県コード": 1, "市区町村コード": 202, "所在地": "北海道函館市東雲町２０番１２号", "緯度": 41.7694495, "経度": 140.7328753, "url": "https://www.iryou.teikyouseido.mhlw.go.jp/znk-web/juminkanja/S2430/initialize?prefCd=01&kikanCd=3010032890&kikanKbn=3", "url2": "http://www.hakodate-dental.com/", "内容": "医療法人社団　福田歯科医院【3:歯科】北海道函館市東雲町２０番１２号" }, "geometry": { "type": "Point", "coordinates": [ 140.732875299999989, 41.7694495 ] } },
{ "type": "Feature", "properties": { "ID": 133010032900, "正式名称": "医療法人優翔会　野幌ふじい歯科医院", "機関区分": 3, "都道府県コード": 1, "市区町村コード": 217, "所在地": "北海道江別市野幌町１９－３", "緯度": 43.0959599, "経度": 141.5328054, "url": "https://www.iryou.teikyouseido.mhlw.go.jp/znk-web/juminkanja/S2430/initialize?prefCd=01&kikanCd=3010032900&kikanKbn=3", "url2": "https://fujii-dent.com", "内容": "医療法人優翔会　野幌ふじい歯科医院【3:歯科】北海道江別市野幌町１９－３" }, "geometry": { "type": "Point", "coordinates": [ 141.5328054, 43.0959599 ] } },
{ "type": "Feature", "properties": { "ID": 133010032910, "正式名称": "京極ようてい歯科", "機関区分": 3, "都道府県コード": 1, "市区町村コード": 399, "所在地": "北海道虻田郡京極町字京極３０３番地", "緯度": 42.859097, "経度": 140.88406, "url": "https://www.iryou.teikyouseido.mhlw.go.jp/znk-web/juminkanja/S2430/initialize?prefCd=01&kikanCd=3010032910&kikanKbn=3", "url2": "http://kyogoku-shika.com", "内容": "京極ようてい歯科【3:歯科】北海道虻田郡京極町字京極３０３番地" }, "geometry": { "type": "Point", "coordinates": [ 140.88406, 42.859097 ] } },
{ "type": "Feature", "properties": { "ID": 133010032920, "正式名称": "医療法人社団孔雀会　旭川シティデンタルクリニック", "機関区分": 3, "都道府県コード": 1, "市区町村コード": 204, "所在地": "北海道旭川市緑町２３丁目２１６１番地３　イオンモール旭川西３階", "緯度": 43.79432, "経度": 142.325677, "url": "https://www.iryou.teikyouseido.mhlw.go.jp/znk-web/juminkanja/S2430/initialize?prefCd=01&kikanCd=3010032920&kikanKbn=3", "url2": "http://www.1stdc.net/", "内容": "医療法人社団孔雀会　旭川シティデンタルクリニック【3:歯科】北海道旭川市緑町２３丁目２１６１番地３　イオンモール旭川西３階" }, "geometry": { "type": "Point", "coordinates": [ 142.325677, 43.79432 ] } },
{ "type": "Feature", "properties": { "ID": 133010032930, "正式名称": "ちとせモール歯科クリニック", "機関区分": 3, "都道府県コード": 1, "市区町村コード": 224, "所在地": "北海道千歳市勇舞８丁目１－１　ちとせモール２Ｆ", "緯度": 42.8541565, "経度": 141.6265564, "url": "https://www.iryou.teikyouseido.mhlw.go.jp/znk-web/juminkanja/S2430/initialize?prefCd=01&kikanCd=3010032930&kikanKbn=3", "url2": "http://commons-dental.jp/", "内容": "ちとせモール歯科クリニック【3:歯科】北海道千歳市勇舞８丁目１－１　ちとせモール２Ｆ" }, "geometry": { "type": "Point", "coordinates": [ 141.6265564, 42.854156499999988 ] } },
{ "type": "Feature", "properties": { "ID": 133010032940, "正式名称": "はやぶさ矯正歯科クリニック", "機関区分": 3, "都道府県コード": 1, "市区町村コード": 208, "所在地": "北海道北見市北進町１丁目３番１３号", "緯度": 43.807096, "経度": 143.876547, "url": "https://www.iryou.teikyouseido.mhlw.go.jp/znk-web/juminkanja/S2430/initialize?prefCd=01&kikanCd=3010032940&kikanKbn=3", "url2": "hayabusa-kyousei.com", "内容": "はやぶさ矯正歯科クリニック【3:歯科】北海道北見市北進町１丁目３番１３号" }, "geometry": { "type": "Point", "coordinates": [ 143.876547, 43.807096 ] } },
{ "type": "Feature", "properties": { "ID": 133010032950, "正式名称": "医療法人社団　遠藤歯科クリニック", "機関区分": 3, "都道府県コード": 1, "市区町村コード": 202, "所在地": "北海道函館市石川町４５７番地４", "緯度": 41.838238, "経度": 140.74638, "url": "https://www.iryou.teikyouseido.mhlw.go.jp/znk-web/juminkanja/S2430/initialize?prefCd=01&kikanCd=3010032950&kikanKbn=3", "url2": "http://www.dc-endo.com/", "内容": "医療法人社団　遠藤歯科クリニック【3:歯科】北海道函館市石川町４５７番地４" }, "geometry": { "type": "Point", "coordinates": [ 140.74638, 41.838238 ] } },
{ "type": "Feature", "properties": { "ID": 133010032980, "正式名称": "浦本歯科クリニック", "機関区分": 3, "都道府県コード": 1, "市区町村コード": 217, "所在地": "北海道江別市大麻園町２５番地の１", "緯度": 43.0836617, "経度": 141.497732, "url": "https://www.iryou.teikyouseido.mhlw.go.jp/znk-web/juminkanja/S2430/initialize?prefCd=01&kikanCd=3010032980&kikanKbn=3", "url2": "http://www.uramoto-dentalclinic.com/", "内容": "浦本歯科クリニック【3:歯科】北海道江別市大麻園町２５番地の１" }, "geometry": { "type": "Point", "coordinates": [ 141.497732, 43.0836617 ] } },
{ "type": "Feature", "properties": { "ID": 133010032990, "正式名称": "医療法人社団　慧風会　福井歯科クリニック", "機関区分": 3, "都道府県コード": 1, "市区町村コード": 101, "所在地": "北海道札幌市中央区大通西５丁目１１番地１中央日土地札幌大通ビル１階", "緯度": 43.060743, "経度": 141.349764, "url": "https://www.iryou.teikyouseido.mhlw.go.jp/znk-web/juminkanja/S2430/initialize?prefCd=01&kikanCd=3010032990&kikanKbn=3", "url2": "www.fukui-dc.com", "内容": "医療法人社団　慧風会　福井歯科クリニック【3:歯科】北海道札幌市中央区大通西５丁目１１番地１中央日土地札幌大通ビル１階" }, "geometry": { "type": "Point", "coordinates": [ 141.349764, 43.060743 ] } },
{ "type": "Feature", "properties": { "ID": 133010033010, "正式名称": "医療法人社団　慶香会　さかの歯科クリニック", "機関区分": 3, "都道府県コード": 1, "市区町村コード": 207, "所在地": "北海道帯広市西１８条南３１丁目４－４", "緯度": 42.89407, "経度": 143.175953, "url": "https://www.iryou.teikyouseido.mhlw.go.jp/znk-web/juminkanja/S2430/initialize?prefCd=01&kikanCd=3010033010&kikanKbn=3", "url2": "http://sakano-dental.or.jp", "内容": "医療法人社団　慶香会　さかの歯科クリニック【3:歯科】北海道帯広市西１８条南３１丁目４－４" }, "geometry": { "type": "Point", "coordinates": [ 143.175953, 42.89407 ] } },
{ "type": "Feature", "properties": { "ID": 133010033080, "正式名称": "Ｉ’ｓデンタルクリニック", "機関区分": 3, "都道府県コード": 1, "市区町村コード": 102, "所在地": "北海道札幌市北区北７条西４丁目１番地１　東カン札幌駅前ビル３階", "緯度": 43.0692346, "経度": 141.3495807, "url": "https://www.iryou.teikyouseido.mhlw.go.jp/znk-web/juminkanja/S2430/initialize?prefCd=01&kikanCd=3010033080&kikanKbn=3", "url2": "http://i-s-dental.com", "内容": "Ｉ’ｓデンタルクリニック【3:歯科】北海道札幌市北区北７条西４丁目１番地１　東カン札幌駅前ビル３階" }, "geometry": { "type": "Point", "coordinates": [ 141.3495807, 43.0692346 ] } },
{ "type": "Feature", "properties": { "ID": 133010033090, "正式名称": "歯科２５Ｃｉｔｙ", "機関区分": 3, "都道府県コード": 1, "市区町村コード": 102, "所在地": "北海道札幌市北区北二十五条西４丁目", "緯度": 43.092305, "経度": 141.343818, "url": "https://www.iryou.teikyouseido.mhlw.go.jp/znk-web/juminkanja/S2430/initialize?prefCd=01&kikanCd=3010033090&kikanKbn=3", "url2": "dental-25-city.com/", "内容": "歯科２５Ｃｉｔｙ【3:歯科】北海道札幌市北区北二十五条西４丁目" }, "geometry": { "type": "Point", "coordinates": [ 141.343818, 43.092305 ] } },
{ "type": "Feature", "properties": { "ID": 133010033110, "正式名称": "網走歯科クリニック", "機関区分": 3, "都道府県コード": 1, "市区町村コード": 211, "所在地": "北海道網走市潮見１７１－３９", "緯度": 44.000305, "経度": 144.267173, "url": "https://www.iryou.teikyouseido.mhlw.go.jp/znk-web/juminkanja/S2430/initialize?prefCd=01&kikanCd=3010033110&kikanKbn=3", "url2": "https://makoto.tok2.cloud/index.html/", "内容": "網走歯科クリニック【3:歯科】北海道網走市潮見１７１－３９" }, "geometry": { "type": "Point", "coordinates": [ 144.267173, 44.000305 ] } },
{ "type": "Feature", "properties": { "ID": 133010033120, "正式名称": "岩坂歯科医院", "機関区分": 3, "都道府県コード": 1, "市区町村コード": 361, "所在地": "北海道檜山郡江差町字中歌町８６番１", "緯度": 41.86937, "経度": 140.1284, "url": "https://www.iryou.teikyouseido.mhlw.go.jp/znk-web/juminkanja/S2430/initialize?prefCd=01&kikanCd=3010033120&kikanKbn=3", "url2": "http://www.iwasaka-dc.com/", "内容": "岩坂歯科医院【3:歯科】北海道檜山郡江差町字中歌町８６番１" }, "geometry": { "type": "Point", "coordinates": [ 140.1284, 41.86937 ] } },
{ "type": "Feature", "properties": { "ID": 133010033140, "正式名称": "あむデンタルクリニック歯科口腔外科", "機関区分": 3, "都道府県コード": 1, "市区町村コード": 216, "所在地": "北海道芦別市北４条東１－９－５", "緯度": 43.5265614, "経度": 142.1856027, "url": "https://www.iryou.teikyouseido.mhlw.go.jp/znk-web/juminkanja/S2430/initialize?prefCd=01&kikanCd=3010033140&kikanKbn=3", "url2": null, "内容": "あむデンタルクリニック歯科口腔外科【3:歯科】北海道芦別市北４条東１－９－５" }, "geometry": { "type": "Point", "coordinates": [ 142.1856027, 43.526561400000013 ] } },
{ "type": "Feature", "properties": { "ID": 133010033160, "正式名称": "医療法人社団　北翔会　光稜歯科クリニック", "機関区分": 3, "都道府県コード": 1, "市区町村コード": 104, "所在地": "北海道札幌市白石区中央２条３丁目３番７号ハイツイレブン１階", "緯度": 43.0596177, "経度": 141.3967923, "url": "https://www.iryou.teikyouseido.mhlw.go.jp/znk-web/juminkanja/S2430/initialize?prefCd=01&kikanCd=3010033160&kikanKbn=3", "url2": null, "内容": "医療法人社団　北翔会　光稜歯科クリニック【3:歯科】北海道札幌市白石区中央２条３丁目３番７号ハイツイレブン１階" }, "geometry": { "type": "Point", "coordinates": [ 141.396792299999987, 43.0596177 ] } },
{ "type": "Feature", "properties": { "ID": 133010033170, "正式名称": "フラワー歯科クリニック", "機関区分": 3, "都道府県コード": 1, "市区町村コード": 104, "所在地": "北海道札幌市白石区平和通１７丁目南１－１６ロードリバー平和通１階", "緯度": 43.039802, "経度": 141.43723, "url": "https://www.iryou.teikyouseido.mhlw.go.jp/znk-web/juminkanja/S2430/initialize?prefCd=01&kikanCd=3010033170&kikanKbn=3", "url2": null, "内容": "フラワー歯科クリニック【3:歯科】北海道札幌市白石区平和通１７丁目南１－１６ロードリバー平和通１階" }, "geometry": { "type": "Point", "coordinates": [ 141.43723, 43.039802 ] } },
{ "type": "Feature", "properties": { "ID": 133010033180, "正式名称": "中村歯科醫院", "機関区分": 3, "都道府県コード": 1, "市区町村コード": 104, "所在地": "北海道札幌市白石区本通９丁目南４－１６", "緯度": 43.043291, "経度": 141.419442, "url": "https://www.iryou.teikyouseido.mhlw.go.jp/znk-web/juminkanja/S2430/initialize?prefCd=01&kikanCd=3010033180&kikanKbn=3", "url2": null, "内容": "中村歯科醫院【3:歯科】北海道札幌市白石区本通９丁目南４－１６" }, "geometry": { "type": "Point", "coordinates": [ 141.419442, 43.043291 ] } },
{ "type": "Feature", "properties": { "ID": 133010033190, "正式名称": "ユアサ矯正歯科", "機関区分": 3, "都道府県コード": 1, "市区町村コード": 105, "所在地": "北海道札幌市豊平区月寒中央通８丁目１－１０朝日生命月寒ビル３階", "緯度": 43.029277, "経度": 141.39676, "url": "https://www.iryou.teikyouseido.mhlw.go.jp/znk-web/juminkanja/S2430/initialize?prefCd=01&kikanCd=3010033190&kikanKbn=3", "url2": "yuasa-orthodontics.com", "内容": "ユアサ矯正歯科【3:歯科】北海道札幌市豊平区月寒中央通８丁目１－１０朝日生命月寒ビル３階" }, "geometry": { "type": "Point", "coordinates": [ 141.39676, 43.029277 ] } },
{ "type": "Feature", "properties": { "ID": 133010033210, "正式名称": "月寒デンタルクリニック", "機関区分": 3, "都道府県コード": 1, "市区町村コード": 105, "所在地": "北海道札幌市豊平区月寒東３条１６丁目６番１０号", "緯度": 43.025137, "経度": 141.41951, "url": "https://www.iryou.teikyouseido.mhlw.go.jp/znk-web/juminkanja/S2430/initialize?prefCd=01&kikanCd=3010033210&kikanKbn=3", "url2": "http://www.tsukisamudental.com/", "内容": "月寒デンタルクリニック【3:歯科】北海道札幌市豊平区月寒東３条１６丁目６番１０号" }, "geometry": { "type": "Point", "coordinates": [ 141.41951, 43.025137 ] } },
{ "type": "Feature", "properties": { "ID": 133010033220, "正式名称": "みどりファミリー歯科", "機関区分": 3, "都道府県コード": 1, "市区町村コード": 105, "所在地": "北海道札幌市豊平区福住１条９丁目８－１３グリーンビル１階", "緯度": 43.00483, "経度": 141.388899, "url": "https://www.iryou.teikyouseido.mhlw.go.jp/znk-web/juminkanja/S2430/initialize?prefCd=01&kikanCd=3010033220&kikanKbn=3", "url2": null, "内容": "みどりファミリー歯科【3:歯科】北海道札幌市豊平区福住１条９丁目８－１３グリーンビル１階" }, "geometry": { "type": "Point", "coordinates": [ 141.388899, 43.00483 ] } },
{ "type": "Feature", "properties": { "ID": 133010033230, "正式名称": "エムズ歯科クリニック", "機関区分": 3, "都道府県コード": 1, "市区町村コード": 110, "所在地": "北海道札幌市清田区清田６条３丁目７－２４", "緯度": 36.280328, "経度": 136.352575, "url": "https://www.iryou.teikyouseido.mhlw.go.jp/znk-web/juminkanja/S2430/initialize?prefCd=01&kikanCd=3010033230&kikanKbn=3", "url2": "https://m-s-dental.com/", "内容": "エムズ歯科クリニック【3:歯科】北海道札幌市清田区清田６条３丁目７－２４" }, "geometry": { "type": "Point", "coordinates": [ 136.352575, 36.280328 ] } },
{ "type": "Feature", "properties": { "ID": 133010033260, "正式名称": "ピアデンタルクリニック", "機関区分": 3, "都道府県コード": 1, "市区町村コード": 106, "所在地": "北海道札幌市南区澄川３条３丁目３番１７号ニューコンフォート澄川１階", "緯度": 43.0148159, "経度": 141.3659957, "url": "https://www.iryou.teikyouseido.mhlw.go.jp/znk-web/juminkanja/S2430/initialize?prefCd=01&kikanCd=3010033260&kikanKbn=3", "url2": "http://www.peerdental.jp/", "内容": "ピアデンタルクリニック【3:歯科】北海道札幌市南区澄川３条３丁目３番１７号ニューコンフォート澄川１階" }, "geometry": { "type": "Point", "coordinates": [ 141.365995700000013, 43.014815899999988 ] } },
{ "type": "Feature", "properties": { "ID": 133010033280, "正式名称": "医療法人社団ことにリーフ歯科", "機関区分": 3, "都道府県コード": 1, "市区町村コード": 107, "所在地": "北海道札幌市西区二十四軒４条１丁目２－２０", "緯度": 43.078074, "経度": 141.310939, "url": "https://www.iryou.teikyouseido.mhlw.go.jp/znk-web/juminkanja/S2430/initialize?prefCd=01&kikanCd=3010033280&kikanKbn=3", "url2": "https://kotonileaf.com/", "内容": "医療法人社団ことにリーフ歯科【3:歯科】北海道札幌市西区二十四軒４条１丁目２－２０" }, "geometry": { "type": "Point", "coordinates": [ 141.310939, 43.078074 ] } },
{ "type": "Feature", "properties": { "ID": 133010033310, "正式名称": "北山デンタルクリニック　ジャパンインプラント", "機関区分": 3, "都道府県コード": 1, "市区町村コード": 101, "所在地": "北海道札幌市中央区北３条西２丁目１２－１　ＳＴＶ北３条ビル５階", "緯度": 43.06509, "経度": 141.353843, "url": "https://www.iryou.teikyouseido.mhlw.go.jp/znk-web/juminkanja/S2430/initialize?prefCd=01&kikanCd=3010033310&kikanKbn=3", "url2": "https://www.kitayama-dental.com/", "内容": "北山デンタルクリニック　ジャパンインプラント【3:歯科】北海道札幌市中央区北３条西２丁目１２－１　ＳＴＶ北３条ビル５階" }, "geometry": { "type": "Point", "coordinates": [ 141.353843, 43.06509 ] } },
{ "type": "Feature", "properties": { "ID": 133010033340, "正式名称": "おおしま歯科", "機関区分": 3, "都道府県コード": 1, "市区町村コード": 103, "所在地": "北海道札幌市東区北２８条東８丁目１番２３号", "緯度": 43.100989, "経度": 141.360039, "url": "https://www.iryou.teikyouseido.mhlw.go.jp/znk-web/juminkanja/S2430/initialize?prefCd=01&kikanCd=3010033340&kikanKbn=3", "url2": "http://ooshimadc.com/index.html", "内容": "おおしま歯科【3:歯科】北海道札幌市東区北２８条東８丁目１番２３号" }, "geometry": { "type": "Point", "coordinates": [ 141.360039, 43.100989 ] } },
{ "type": "Feature", "properties": { "ID": 133010033350, "正式名称": "新道東まつざわ歯科", "機関区分": 3, "都道府県コード": 1, "市区町村コード": 103, "所在地": "北海道札幌市東区北３１条東１６丁目１番６号", "緯度": 43.1014711, "経度": 141.3701721, "url": "https://www.iryou.teikyouseido.mhlw.go.jp/znk-web/juminkanja/S2430/initialize?prefCd=01&kikanCd=3010033350&kikanKbn=3", "url2": "shindohigashi-matsuzawa-dc.com", "内容": "新道東まつざわ歯科【3:歯科】北海道札幌市東区北３１条東１６丁目１番６号" }, "geometry": { "type": "Point", "coordinates": [ 141.3701721, 43.1014711 ] } },
{ "type": "Feature", "properties": { "ID": 133010033380, "正式名称": "医療法人社団アウル会くりやまフレンズ歯科", "機関区分": 3, "都道府県コード": 1, "市区町村コード": 429, "所在地": "北海道夕張郡栗山町朝日４丁目３１番地１", "緯度": 43.05647, "経度": 141.79596, "url": "https://www.iryou.teikyouseido.mhlw.go.jp/znk-web/juminkanja/S2430/initialize?prefCd=01&kikanCd=3010033380&kikanKbn=3", "url2": null, "内容": "医療法人社団アウル会くりやまフレンズ歯科【3:歯科】北海道夕張郡栗山町朝日４丁目３１番地１" }, "geometry": { "type": "Point", "coordinates": [ 141.79596, 43.05647 ] } },
{ "type": "Feature", "properties": { "ID": 133010033430, "正式名称": "ちかま歯科クリニック", "機関区分": 3, "都道府県コード": 1, "市区町村コード": 101, "所在地": "北海道札幌市中央区大通西５丁目２番２号　ＴＡＮＩ　ＢＬＤ．　４階", "緯度": 43.0594641, "経度": 141.3503743, "url": "https://www.iryou.teikyouseido.mhlw.go.jp/znk-web/juminkanja/S2430/initialize?prefCd=01&kikanCd=3010033430&kikanKbn=3", "url2": "https://www.chikamadc.com/", "内容": "ちかま歯科クリニック【3:歯科】北海道札幌市中央区大通西５丁目２番２号　ＴＡＮＩ　ＢＬＤ．　４階" }, "geometry": { "type": "Point", "coordinates": [ 141.3503743, 43.0594641 ] } },
{ "type": "Feature", "properties": { "ID": 133010033470, "正式名称": "大通りルル歯科・口腔外科クリニック", "機関区分": 3, "都道府県コード": 1, "市区町村コード": 101, "所在地": "北海道札幌市中央区南２条西１丁目５　丸大ビル６Ｆ", "緯度": 43.0587443, "経度": 141.3563085, "url": "https://www.iryou.teikyouseido.mhlw.go.jp/znk-web/juminkanja/S2430/initialize?prefCd=01&kikanCd=3010033470&kikanKbn=3", "url2": "http://ruru-dent.com/", "内容": "大通りルル歯科・口腔外科クリニック【3:歯科】北海道札幌市中央区南２条西１丁目５　丸大ビル６Ｆ" }, "geometry": { "type": "Point", "coordinates": [ 141.356308500000011, 43.0587443 ] } },
{ "type": "Feature", "properties": { "ID": 133010033500, "正式名称": "皓歯会　豊水歯科", "機関区分": 3, "都道府県コード": 1, "市区町村コード": 101, "所在地": "北海道札幌市中央区南７条西２丁目　リバーサイドマンション　１階", "緯度": 43.0527711, "経度": 141.3569151, "url": "https://www.iryou.teikyouseido.mhlw.go.jp/znk-web/juminkanja/S2430/initialize?prefCd=01&kikanCd=3010033500&kikanKbn=3", "url2": null, "内容": "皓歯会　豊水歯科【3:歯科】北海道札幌市中央区南７条西２丁目　リバーサイドマンション　１階" }, "geometry": { "type": "Point", "coordinates": [ 141.3569151, 43.0527711 ] } },
{ "type": "Feature", "properties": { "ID": 133010033510, "正式名称": "緑丘歯科", "機関区分": 3, "都道府県コード": 1, "市区町村コード": 101, "所在地": "北海道札幌市中央区南１０条西２２丁目２番５号", "緯度": 43.0436531, "経度": 141.3247844, "url": "https://www.iryou.teikyouseido.mhlw.go.jp/znk-web/juminkanja/S2430/initialize?prefCd=01&kikanCd=3010033510&kikanKbn=3", "url2": "http://www.midorigaoka-shika.com/", "内容": "緑丘歯科【3:歯科】北海道札幌市中央区南１０条西２２丁目２番５号" }, "geometry": { "type": "Point", "coordinates": [ 141.3247844, 43.0436531 ] } },
{ "type": "Feature", "properties": { "ID": 133010033530, "正式名称": "品川デンタルクリニック", "機関区分": 3, "都道府県コード": 1, "市区町村コード": 101, "所在地": "北海道札幌市中央区南２１条西８丁目２番２３号", "緯度": 43.031178, "経度": 141.348565, "url": "https://www.iryou.teikyouseido.mhlw.go.jp/znk-web/juminkanja/S2430/initialize?prefCd=01&kikanCd=3010033530&kikanKbn=3", "url2": null, "内容": "品川デンタルクリニック【3:歯科】北海道札幌市中央区南２１条西８丁目２番２３号" }, "geometry": { "type": "Point", "coordinates": [ 141.348565, 43.031178 ] } },
{ "type": "Feature", "properties": { "ID": 133010033540, "正式名称": "医療法人社団千仁会　インプラントオフィス大通", "機関区分": 3, "都道府県コード": 1, "市区町村コード": 101, "所在地": "北海道札幌市中央区北１条西４丁目１番地１　三甲大通公園ビル２階", "緯度": 43.061548, "経度": 141.351236, "url": "https://www.iryou.teikyouseido.mhlw.go.jp/znk-web/juminkanja/S2430/initialize?prefCd=01&kikanCd=3010033540&kikanKbn=3", "url2": "http://www.implant-senjinkai.com/", "内容": "医療法人社団千仁会　インプラントオフィス大通【3:歯科】北海道札幌市中央区北１条西４丁目１番地１　三甲大通公園ビル２階" }, "geometry": { "type": "Point", "coordinates": [ 141.351236, 43.061548 ] } },
{ "type": "Feature", "properties": { "ID": 133010033550, "正式名称": "まるやまファミリー歯科", "機関区分": 3, "都道府県コード": 1, "市区町村コード": 101, "所在地": "北海道札幌市中央区北１条西１９丁目１－７　円山表参道小川ビル１階", "緯度": 43.058617, "経度": 141.328003, "url": "https://www.iryou.teikyouseido.mhlw.go.jp/znk-web/juminkanja/S2430/initialize?prefCd=01&kikanCd=3010033550&kikanKbn=3", "url2": "http://m-family-dc.com/", "内容": "まるやまファミリー歯科【3:歯科】北海道札幌市中央区北１条西１９丁目１－７　円山表参道小川ビル１階" }, "geometry": { "type": "Point", "coordinates": [ 141.328003, 43.058617 ] } },
{ "type": "Feature", "properties": { "ID": 133010033580, "正式名称": "まなみ歯科", "機関区分": 3, "都道府県コード": 1, "市区町村コード": 102, "所在地": "北海道札幌市北区北３９条西５丁目２－８カルム麻生１階", "緯度": 43.107321, "経度": 141.338429, "url": "https://www.iryou.teikyouseido.mhlw.go.jp/znk-web/juminkanja/S2430/initialize?prefCd=01&kikanCd=3010033580&kikanKbn=3", "url2": "http://www.geocities.jp/newpublichealthmovement/manamidentaloffice/", "内容": "まなみ歯科【3:歯科】北海道札幌市北区北３９条西５丁目２－８カルム麻生１階" }, "geometry": { "type": "Point", "coordinates": [ 141.338429, 43.107321 ] } },
{ "type": "Feature", "properties": { "ID": 133010033590, "正式名称": "ひまわり歯科クリニック", "機関区分": 3, "都道府県コード": 1, "市区町村コード": 103, "所在地": "北海道札幌市東区北２３条東　８丁目４－８", "緯度": 43.0925577, "経度": 141.3620589, "url": "https://www.iryou.teikyouseido.mhlw.go.jp/znk-web/juminkanja/S2430/initialize?prefCd=01&kikanCd=3010033590&kikanKbn=3", "url2": null, "内容": "ひまわり歯科クリニック【3:歯科】北海道札幌市東区北２３条東　８丁目４－８" }, "geometry": { "type": "Point", "coordinates": [ 141.3620589, 43.0925577 ] } },
{ "type": "Feature", "properties": { "ID": 133010033600, "正式名称": "医療法人社団和加光会栄町なごみ歯科", "機関区分": 3, "都道府県コード": 1, "市区町村コード": 103, "所在地": "北海道札幌市東区北４１条東１５丁目２－１４　ＧＮビル２階", "緯度": 43.112735, "経度": 141.366848, "url": "https://www.iryou.teikyouseido.mhlw.go.jp/znk-web/juminkanja/S2430/initialize?prefCd=01&kikanCd=3010033600&kikanKbn=3", "url2": "sakaemchi-dc.com", "内容": "医療法人社団和加光会栄町なごみ歯科【3:歯科】北海道札幌市東区北４１条東１５丁目２－１４　ＧＮビル２階" }, "geometry": { "type": "Point", "coordinates": [ 141.366848, 43.112735 ] } },
{ "type": "Feature", "properties": { "ID": 133010033610, "正式名称": "ここねデンタルクリニック", "機関区分": 3, "都道府県コード": 1, "市区町村コード": 103, "所在地": "北海道札幌市東区北４４条東１０丁目１番２０号", "緯度": 43.1147002, "経度": 141.3599648, "url": "https://www.iryou.teikyouseido.mhlw.go.jp/znk-web/juminkanja/S2430/initialize?prefCd=01&kikanCd=3010033610&kikanKbn=3", "url2": null, "内容": "ここねデンタルクリニック【3:歯科】北海道札幌市東区北４４条東１０丁目１番２０号" }, "geometry": { "type": "Point", "coordinates": [ 141.3599648, 43.1147002 ] } },
{ "type": "Feature", "properties": { "ID": 133010033620, "正式名称": "総合歯科ブリストルデンタルクリニック", "機関区分": 3, "都道府県コード": 1, "市区町村コード": 103, "所在地": "北海道札幌市東区北４９条東１４丁目１１－１", "緯度": 43.121096, "経度": 141.362808, "url": "https://www.iryou.teikyouseido.mhlw.go.jp/znk-web/juminkanja/S2430/initialize?prefCd=01&kikanCd=3010033620&kikanKbn=3", "url2": "http:www.bristol-dc.com", "内容": "総合歯科ブリストルデンタルクリニック【3:歯科】北海道札幌市東区北４９条東１４丁目１１－１" }, "geometry": { "type": "Point", "coordinates": [ 141.362808, 43.121096 ] } },
{ "type": "Feature", "properties": { "ID": 133010033630, "正式名称": "かりき歯科クリニック", "機関区分": 3, "都道府県コード": 1, "市区町村コード": 103, "所在地": "北海道札幌市東区東雁来８条１丁目７－２０", "緯度": 43.095463, "経度": 141.419645, "url": "https://www.iryou.teikyouseido.mhlw.go.jp/znk-web/juminkanja/S2430/initialize?prefCd=01&kikanCd=3010033630&kikanKbn=3", "url2": "http://www.kariki-dental.com", "内容": "かりき歯科クリニック【3:歯科】北海道札幌市東区東雁来８条１丁目７－２０" }, "geometry": { "type": "Point", "coordinates": [ 141.419645, 43.095463 ] } },
{ "type": "Feature", "properties": { "ID": 133010033640, "正式名称": "医療法人社団博栄会あさひ歯科クリニック", "機関区分": 3, "都道府県コード": 1, "市区町村コード": 104, "所在地": "北海道札幌市白石区南郷通３丁目南８－２５Ｎ－３壱番館１階", "緯度": 43.043329, "経度": 141.403093, "url": "https://www.iryou.teikyouseido.mhlw.go.jp/znk-web/juminkanja/S2430/initialize?prefCd=01&kikanCd=3010033640&kikanKbn=3", "url2": "http://www.asahi.ws/", "内容": "医療法人社団博栄会あさひ歯科クリニック【3:歯科】北海道札幌市白石区南郷通３丁目南８－２５Ｎ－３壱番館１階" }, "geometry": { "type": "Point", "coordinates": [ 141.403093, 43.043329 ] } },
{ "type": "Feature", "properties": { "ID": 133010033660, "正式名称": "ガーデンデンタルクリニック", "機関区分": 3, "都道府県コード": 1, "市区町村コード": 105, "所在地": "北海道札幌市豊平区美園１条６丁目３－６グレイスコート１Ｆ", "緯度": 43.042312, "経度": 141.391841, "url": "https://www.iryou.teikyouseido.mhlw.go.jp/znk-web/juminkanja/S2430/initialize?prefCd=01&kikanCd=3010033660&kikanKbn=3", "url2": "http://www.garden-dental.com", "内容": "ガーデンデンタルクリニック【3:歯科】北海道札幌市豊平区美園１条６丁目３－６グレイスコート１Ｆ" }, "geometry": { "type": "Point", "coordinates": [ 141.391841, 43.042312 ] } },
{ "type": "Feature", "properties": { "ID": 133010033680, "正式名称": "大田歯科医院", "機関区分": 3, "都道府県コード": 1, "市区町村コード": 110, "所在地": "北海道札幌市清田区美しが丘２条４丁目４番１１号", "緯度": 42.98517, "経度": 141.453231, "url": "https://www.iryou.teikyouseido.mhlw.go.jp/znk-web/juminkanja/S2430/initialize?prefCd=01&kikanCd=3010033680&kikanKbn=3", "url2": null, "内容": "大田歯科医院【3:歯科】北海道札幌市清田区美しが丘２条４丁目４番１１号" }, "geometry": { "type": "Point", "coordinates": [ 141.453231, 42.98517 ] } },
{ "type": "Feature", "properties": { "ID": 133010033690, "正式名称": "東北通り歯科クリニック", "機関区分": 3, "都道府県コード": 1, "市区町村コード": 110, "所在地": "北海道札幌市清田区北野７条５丁目７－２２", "緯度": 43.019703, "経度": 141.449606, "url": "https://www.iryou.teikyouseido.mhlw.go.jp/znk-web/juminkanja/S2430/initialize?prefCd=01&kikanCd=3010033690&kikanKbn=3", "url2": "http://touhokudouridc.com/", "内容": "東北通り歯科クリニック【3:歯科】北海道札幌市清田区北野７条５丁目７－２２" }, "geometry": { "type": "Point", "coordinates": [ 141.449606, 43.019703 ] } },
{ "type": "Feature", "properties": { "ID": 133010033700, "正式名称": "医療法人社団スマイルオフィスデンタルクリニック山の手", "機関区分": 3, "都道府県コード": 1, "市区町村コード": 107, "所在地": "北海道札幌市西区山の手１条６丁目５ー１５エルム山の手１Ｆ", "緯度": 43.06617, "経度": 141.298384, "url": "https://www.iryou.teikyouseido.mhlw.go.jp/znk-web/juminkanja/S2430/initialize?prefCd=01&kikanCd=3010033700&kikanKbn=3", "url2": "https://smile-office-dental.com/yamanote/", "内容": "医療法人社団スマイルオフィスデンタルクリニック山の手【3:歯科】北海道札幌市西区山の手１条６丁目５ー１５エルム山の手１Ｆ" }, "geometry": { "type": "Point", "coordinates": [ 141.298384, 43.06617 ] } },
{ "type": "Feature", "properties": { "ID": 133010033710, "正式名称": "こうの歯科クリニック", "機関区分": 3, "都道府県コード": 1, "市区町村コード": 107, "所在地": "北海道札幌市西区西野４条２丁目９番１７号", "緯度": 43.0709149, "経度": 141.2789928, "url": "https://www.iryou.teikyouseido.mhlw.go.jp/znk-web/juminkanja/S2430/initialize?prefCd=01&kikanCd=3010033710&kikanKbn=3", "url2": "http://konodental-c.com/", "内容": "こうの歯科クリニック【3:歯科】北海道札幌市西区西野４条２丁目９番１７号" }, "geometry": { "type": "Point", "coordinates": [ 141.2789928, 43.0709149 ] } },
{ "type": "Feature", "properties": { "ID": 133010033720, "正式名称": "西野イーズデンタルクリニック", "機関区分": 3, "都道府県コード": 1, "市区町村コード": 107, "所在地": "北海道札幌市西区西野７条８丁目９－１７", "緯度": 43.0694537, "経度": 141.26376, "url": "https://www.iryou.teikyouseido.mhlw.go.jp/znk-web/juminkanja/S2430/initialize?prefCd=01&kikanCd=3010033720&kikanKbn=3", "url2": "http://site-1711889-8726-5428.mystrikingly.com/", "内容": "西野イーズデンタルクリニック【3:歯科】北海道札幌市西区西野７条８丁目９－１７" }, "geometry": { "type": "Point", "coordinates": [ 141.26376, 43.0694537 ] } },
{ "type": "Feature", "properties": { "ID": 133010033730, "正式名称": "たか歯科クリニック", "機関区分": 3, "都道府県コード": 1, "市区町村コード": 107, "所在地": "北海道札幌市西区西町北２０丁目３－１０", "緯度": 43.088122, "経度": 141.276309, "url": "https://www.iryou.teikyouseido.mhlw.go.jp/znk-web/juminkanja/S2430/initialize?prefCd=01&kikanCd=3010033730&kikanKbn=3", "url2": "http://taka-dc.info/", "内容": "たか歯科クリニック【3:歯科】北海道札幌市西区西町北２０丁目３－１０" }, "geometry": { "type": "Point", "coordinates": [ 141.276309, 43.088122 ] } },
{ "type": "Feature", "properties": { "ID": 133010033750, "正式名称": "たむら歯科クリニック", "機関区分": 3, "都道府県コード": 1, "市区町村コード": 109, "所在地": "北海道札幌市手稲区前田４条５丁目１－２２", "緯度": 43.1168891, "経度": 141.2626993, "url": "https://www.iryou.teikyouseido.mhlw.go.jp/znk-web/juminkanja/S2430/initialize?prefCd=01&kikanCd=3010033750&kikanKbn=3", "url2": "http://www.tamura-dc-sapporo.com/index.html", "内容": "たむら歯科クリニック【3:歯科】北海道札幌市手稲区前田４条５丁目１－２２" }, "geometry": { "type": "Point", "coordinates": [ 141.2626993, 43.116889099999987 ] } },
{ "type": "Feature", "properties": { "ID": 133010033760, "正式名称": "きゅう歯科クリニック", "機関区分": 3, "都道府県コード": 1, "市区町村コード": 109, "所在地": "北海道札幌市手稲区曙６条３丁目１０番６号", "緯度": 43.136421, "経度": 141.234722, "url": "https://www.iryou.teikyouseido.mhlw.go.jp/znk-web/juminkanja/S2430/initialize?prefCd=01&kikanCd=3010033760&kikanKbn=3", "url2": null, "内容": "きゅう歯科クリニック【3:歯科】北海道札幌市手稲区曙６条３丁目１０番６号" }, "geometry": { "type": "Point", "coordinates": [ 141.234722, 43.136421 ] } },
{ "type": "Feature", "properties": { "ID": 133010033770, "正式名称": "へんみデンタルクリニック", "機関区分": 3, "都道府県コード": 1, "市区町村コード": 210, "所在地": "北海道岩見沢市幌向南１条３丁目３４６番地", "緯度": 43.1506329, "経度": 141.6555701, "url": "https://www.iryou.teikyouseido.mhlw.go.jp/znk-web/juminkanja/S2430/initialize?prefCd=01&kikanCd=3010033770&kikanKbn=3", "url2": "http://henmi-dental.net/", "内容": "へんみデンタルクリニック【3:歯科】北海道岩見沢市幌向南１条３丁目３４６番地" }, "geometry": { "type": "Point", "coordinates": [ 141.6555701, 43.1506329 ] } },
{ "type": "Feature", "properties": { "ID": 133010033800, "正式名称": "医療法人社団育栄会フラワーデンタルクリニック", "機関区分": 3, "都道府県コード": 1, "市区町村コード": 213, "所在地": "北海道苫小牧市大成町２丁目３番１号", "緯度": 42.6249691, "経度": 141.5689747, "url": "https://www.iryou.teikyouseido.mhlw.go.jp/znk-web/juminkanja/S2430/initialize?prefCd=01&kikanCd=3010033800&kikanKbn=3", "url2": "http://www.flower-dental.net", "内容": "医療法人社団育栄会フラワーデンタルクリニック【3:歯科】北海道苫小牧市大成町２丁目３番１号" }, "geometry": { "type": "Point", "coordinates": [ 141.568974700000012, 42.6249691 ] } },
{ "type": "Feature", "properties": { "ID": 133010033810, "正式名称": "竹澤歯科医院", "機関区分": 3, "都道府県コード": 1, "市区町村コード": 204, "所在地": "北海道旭川市神居３条１４丁目１番５号", "緯度": 43.755075, "経度": 142.337566, "url": "https://www.iryou.teikyouseido.mhlw.go.jp/znk-web/juminkanja/S2430/initialize?prefCd=01&kikanCd=3010033810&kikanKbn=3", "url2": null, "内容": "竹澤歯科医院【3:歯科】北海道旭川市神居３条１４丁目１番５号" }, "geometry": { "type": "Point", "coordinates": [ 142.337566, 43.755075 ] } },
{ "type": "Feature", "properties": { "ID": 133010033830, "正式名称": "パークアベニューデンタルクリニック", "機関区分": 3, "都道府県コード": 1, "市区町村コード": 101, "所在地": "北海道札幌市中央区南８条西１７丁目３－７", "緯度": 43.047966, "経度": 141.331794, "url": "https://www.iryou.teikyouseido.mhlw.go.jp/znk-web/juminkanja/S2430/initialize?prefCd=01&kikanCd=3010033830&kikanKbn=3", "url2": "http://park-ave-dc.com/", "内容": "パークアベニューデンタルクリニック【3:歯科】北海道札幌市中央区南８条西１７丁目３－７" }, "geometry": { "type": "Point", "coordinates": [ 141.331794, 43.047966 ] } },
{ "type": "Feature", "properties": { "ID": 133010033860, "正式名称": "医療法人社団　歯征会　ミント歯科", "機関区分": 3, "都道府県コード": 1, "市区町村コード": 107, "所在地": "北海道札幌市西区琴似２条１丁目４－１　シーナシーナ琴似店３階", "緯度": 43.080768, "経度": 141.306072, "url": "https://www.iryou.teikyouseido.mhlw.go.jp/znk-web/juminkanja/S2430/initialize?prefCd=01&kikanCd=3010033860&kikanKbn=3", "url2": "http://www.mint-dental.jp/", "内容": "医療法人社団　歯征会　ミント歯科【3:歯科】北海道札幌市西区琴似２条１丁目４－１　シーナシーナ琴似店３階" }, "geometry": { "type": "Point", "coordinates": [ 141.306072, 43.080768 ] } },
{ "type": "Feature", "properties": { "ID": 133010033870, "正式名称": "医療法人社団小樽山岡デンタルオフィス", "機関区分": 3, "都道府県コード": 1, "市区町村コード": 203, "所在地": "北海道小樽市稲穂　４－２－１０", "緯度": 43.2025484, "経度": 140.9955019, "url": "https://www.iryou.teikyouseido.mhlw.go.jp/znk-web/juminkanja/S2430/initialize?prefCd=01&kikanCd=3010033870&kikanKbn=3", "url2": "http://www.otaru-yamaoka.jp/", "内容": "医療法人社団小樽山岡デンタルオフィス【3:歯科】北海道小樽市稲穂　４－２－１０" }, "geometry": { "type": "Point", "coordinates": [ 140.9955019, 43.2025484 ] } },
{ "type": "Feature", "properties": { "ID": 133010033900, "正式名称": "裏参道ＲＩＳＥ歯科クリニック", "機関区分": 3, "都道府県コード": 1, "市区町村コード": 101, "所在地": "北海道札幌市中央区南２条西２３丁目１番２７号　チサンマンション裏参道ミズノビル１階", "緯度": 43.0547241, "経度": 141.3224615, "url": "https://www.iryou.teikyouseido.mhlw.go.jp/znk-web/juminkanja/S2430/initialize?prefCd=01&kikanCd=3010033900&kikanKbn=3", "url2": "http://rise.rinryukai.com", "内容": "裏参道ＲＩＳＥ歯科クリニック【3:歯科】北海道札幌市中央区南２条西２３丁目１番２７号　チサンマンション裏参道ミズノビル１階" }, "geometry": { "type": "Point", "coordinates": [ 141.3224615, 43.0547241 ] } },
{ "type": "Feature", "properties": { "ID": 133010033920, "正式名称": "ＰＡＤＭＡ　Ｄｅｎｔａｌ　Ｃｌｉｎｉｃ", "機関区分": 3, "都道府県コード": 1, "市区町村コード": 217, "所在地": "北海道江別市幸町９番地の１１", "緯度": 43.0997882, "経度": 141.5313809, "url": "https://www.iryou.teikyouseido.mhlw.go.jp/znk-web/juminkanja/S2430/initialize?prefCd=01&kikanCd=3010033920&kikanKbn=3", "url2": "http://www.padma-dental.com", "内容": "ＰＡＤＭＡ　Ｄｅｎｔａｌ　Ｃｌｉｎｉｃ【3:歯科】北海道江別市幸町９番地の１１" }, "geometry": { "type": "Point", "coordinates": [ 141.531380899999988, 43.0997882 ] } },
{ "type": "Feature", "properties": { "ID": 133010033930, "正式名称": "ファミリー歯科", "機関区分": 3, "都道府県コード": 1, "市区町村コード": 514, "所在地": "北海道枝幸郡枝幸町栄町１４８６－３", "緯度": 44.93907, "経度": 142.57793, "url": "https://www.iryou.teikyouseido.mhlw.go.jp/znk-web/juminkanja/S2430/initialize?prefCd=01&kikanCd=3010033930&kikanKbn=3", "url2": null, "内容": "ファミリー歯科【3:歯科】北海道枝幸郡枝幸町栄町１４８６－３" }, "geometry": { "type": "Point", "coordinates": [ 142.57793, 44.93907 ] } },
{ "type": "Feature", "properties": { "ID": 133010033950, "正式名称": "医療法人社団福田歯科クリニック伊達医院", "機関区分": 3, "都道府県コード": 1, "市区町村コード": 233, "所在地": "北海道伊達市旭町１番１", "緯度": 42.465614, "経度": 140.86507, "url": "https://www.iryou.teikyouseido.mhlw.go.jp/znk-web/juminkanja/S2430/initialize?prefCd=01&kikanCd=3010033950&kikanKbn=3", "url2": null, "内容": "医療法人社団福田歯科クリニック伊達医院【3:歯科】北海道伊達市旭町１番１" }, "geometry": { "type": "Point", "coordinates": [ 140.86507, 42.465614 ] } },
{ "type": "Feature", "properties": { "ID": 133010033980, "正式名称": "医療法人　誠心会　竹田歯科クリニック", "機関区分": 3, "都道府県コード": 1, "市区町村コード": 631, "所在地": "北海道河東郡音更町木野東通３－２－３", "緯度": 42.9425208, "経度": 143.2064835, "url": "https://www.iryou.teikyouseido.mhlw.go.jp/znk-web/juminkanja/S2430/initialize?prefCd=01&kikanCd=3010033980&kikanKbn=3", "url2": "http://otofuke-takeda-dental.com", "内容": "医療法人　誠心会　竹田歯科クリニック【3:歯科】北海道河東郡音更町木野東通３－２－３" }, "geometry": { "type": "Point", "coordinates": [ 143.2064835, 42.9425208 ] } },
{ "type": "Feature", "properties": { "ID": 133010034000, "正式名称": "屈足松崎歯科医院", "機関区分": 3, "都道府県コード": 1, "市区町村コード": 635, "所在地": "北海道上川郡新得町屈足幸町１丁目４", "緯度": 43.097637, "経度": 142.90402, "url": "https://www.iryou.teikyouseido.mhlw.go.jp/znk-web/juminkanja/S2430/initialize?prefCd=01&kikanCd=3010034000&kikanKbn=3", "url2": "http://doushikyo.com/pages/matsuzaki/", "内容": "屈足松崎歯科医院【3:歯科】北海道上川郡新得町屈足幸町１丁目４" }, "geometry": { "type": "Point", "coordinates": [ 142.90402, 43.097637 ] } },
{ "type": "Feature", "properties": { "ID": 133010034010, "正式名称": "新緑通り歯科クリニック", "機関区分": 3, "都道府県コード": 1, "市区町村コード": 207, "所在地": "北海道帯広市西１７条南４丁目２５－１５", "緯度": 42.9141495, "経度": 143.167993, "url": "https://www.iryou.teikyouseido.mhlw.go.jp/znk-web/juminkanja/S2430/initialize?prefCd=01&kikanCd=3010034010&kikanKbn=3", "url2": "http://shinryoku-dental.com", "内容": "新緑通り歯科クリニック【3:歯科】北海道帯広市西１７条南４丁目２５－１５" }, "geometry": { "type": "Point", "coordinates": [ 143.167993, 42.9141495 ] } },
{ "type": "Feature", "properties": { "ID": 133010034020, "正式名称": "ふみの木歯科クリニック", "機関区分": 3, "都道府県コード": 1, "市区町村コード": 643, "所在地": "北海道中川郡幕別町札内青葉町３０８－２３　ぴあざフクハラ札内店内", "緯度": 42.9152118, "経度": 143.2623604, "url": "https://www.iryou.teikyouseido.mhlw.go.jp/znk-web/juminkanja/S2430/initialize?prefCd=01&kikanCd=3010034020&kikanKbn=3", "url2": null, "内容": "ふみの木歯科クリニック【3:歯科】北海道中川郡幕別町札内青葉町３０８－２３　ぴあざフクハラ札内店内" }, "geometry": { "type": "Point", "coordinates": [ 143.2623604, 42.9152118 ] } },
{ "type": "Feature", "properties": { "ID": 133010034080, "正式名称": "がま歯科医院", "機関区分": 3, "都道府県コード": 1, "市区町村コード": 101, "所在地": "北海道札幌市中央区大通西４丁目６－１札幌大通西４ビル４階", "緯度": 43.061106, "経度": 141.351614, "url": "https://www.iryou.teikyouseido.mhlw.go.jp/znk-web/juminkanja/S2430/initialize?prefCd=01&kikanCd=3010034080&kikanKbn=3", "url2": null, "内容": "がま歯科医院【3:歯科】北海道札幌市中央区大通西４丁目６－１札幌大通西４ビル４階" }, "geometry": { "type": "Point", "coordinates": [ 141.351614, 43.061106 ] } },
{ "type": "Feature", "properties": { "ID": 133010034090, "正式名称": "医療法人社団　宏仁会　谷脇歯科クリニック", "機関区分": 3, "都道府県コード": 1, "市区町村コード": 101, "所在地": "北海道札幌市中央区大通西５丁目昭和ビル８階", "緯度": 43.059632, "経度": 141.349625, "url": "https://www.iryou.teikyouseido.mhlw.go.jp/znk-web/juminkanja/S2430/initialize?prefCd=01&kikanCd=3010034090&kikanKbn=3", "url2": "http://taniwaki-dental.com/", "内容": "医療法人社団　宏仁会　谷脇歯科クリニック【3:歯科】北海道札幌市中央区大通西５丁目昭和ビル８階" }, "geometry": { "type": "Point", "coordinates": [ 141.349625, 43.059632 ] } },
{ "type": "Feature", "properties": { "ID": 133010034100, "正式名称": "医療法人東札幌三輪デンタルクリニック", "機関区分": 3, "都道府県コード": 1, "市区町村コード": 104, "所在地": "北海道札幌市白石区東札幌３条１丁目１－１　ラソラ札幌Ｂタウン２階", "緯度": 43.0539148, "経度": 141.3831384, "url": "https://www.iryou.teikyouseido.mhlw.go.jp/znk-web/juminkanja/S2430/initialize?prefCd=01&kikanCd=3010034100&kikanKbn=3", "url2": "http://miwadental.jp", "内容": "医療法人東札幌三輪デンタルクリニック【3:歯科】北海道札幌市白石区東札幌３条１丁目１－１　ラソラ札幌Ｂタウン２階" }, "geometry": { "type": "Point", "coordinates": [ 141.3831384, 43.0539148 ] } },
{ "type": "Feature", "properties": { "ID": 133010034110, "正式名称": "北海道医療大学歯科クリニック", "機関区分": 3, "都道府県コード": 1, "市区町村コード": 303, "所在地": "北海道石狩郡当別町金沢１７５７番地", "緯度": 43.221134, "経度": 141.53758, "url": "https://www.iryou.teikyouseido.mhlw.go.jp/znk-web/juminkanja/S2430/initialize?prefCd=01&kikanCd=3010034110&kikanKbn=3", "url2": "http://www.hoku-iryo-u.ac.jp/~clinic/", "内容": "北海道医療大学歯科クリニック【3:歯科】北海道石狩郡当別町金沢１７５７番地" }, "geometry": { "type": "Point", "coordinates": [ 141.53758, 43.221134 ] } },
{ "type": "Feature", "properties": { "ID": 133010034120, "正式名称": "医療法人社団かも歯科クリニック", "機関区分": 3, "都道府県コード": 1, "市区町村コード": 202, "所在地": "北海道函館市昭和２丁目２７番２４号", "緯度": 41.8146827, "経度": 140.7413354, "url": "https://www.iryou.teikyouseido.mhlw.go.jp/znk-web/juminkanja/S2430/initialize?prefCd=01&kikanCd=3010034120&kikanKbn=3", "url2": "www.kamoshika-clinic.com", "内容": "医療法人社団かも歯科クリニック【3:歯科】北海道函館市昭和２丁目２７番２４号" }, "geometry": { "type": "Point", "coordinates": [ 140.7413354, 41.8146827 ] } },
{ "type": "Feature", "properties": { "ID": 133010034140, "正式名称": "小樽すこやか歯科", "機関区分": 3, "都道府県コード": 1, "市区町村コード": 203, "所在地": "北海道小樽市若松１丁目９番１０号", "緯度": 43.1828883, "経度": 141.0067868, "url": "https://www.iryou.teikyouseido.mhlw.go.jp/znk-web/juminkanja/S2430/initialize?prefCd=01&kikanCd=3010034140&kikanKbn=3", "url2": null, "内容": "小樽すこやか歯科【3:歯科】北海道小樽市若松１丁目９番１０号" }, "geometry": { "type": "Point", "coordinates": [ 141.006786799999986, 43.182888299999988 ] } },
{ "type": "Feature", "properties": { "ID": 133010034150, "正式名称": "（医）菊地会キクチデンタルクリニック", "機関区分": 3, "都道府県コード": 1, "市区町村コード": 235, "所在地": "北海道石狩市花川北６条３丁目１８２番地１", "緯度": 43.169222, "経度": 141.321799, "url": "https://www.iryou.teikyouseido.mhlw.go.jp/znk-web/juminkanja/S2430/initialize?prefCd=01&kikanCd=3010034150&kikanKbn=3", "url2": null, "内容": "（医）菊地会キクチデンタルクリニック【3:歯科】北海道石狩市花川北６条３丁目１８２番地１" }, "geometry": { "type": "Point", "coordinates": [ 141.321799, 43.169222 ] } },
{ "type": "Feature", "properties": { "ID": 133010034160, "正式名称": "美幌かみあわせ歯科クリニック", "機関区分": 3, "都道府県コード": 1, "市区町村コード": 543, "所在地": "北海道網走郡美幌町字三橋南３番１", "緯度": 43.823685, "経度": 144.11278, "url": "https://www.iryou.teikyouseido.mhlw.go.jp/znk-web/juminkanja/S2430/initialize?prefCd=01&kikanCd=3010034160&kikanKbn=3", "url2": null, "内容": "美幌かみあわせ歯科クリニック【3:歯科】北海道網走郡美幌町字三橋南３番１" }, "geometry": { "type": "Point", "coordinates": [ 144.11278, 43.823685 ] } },
{ "type": "Feature", "properties": { "ID": 133010034170, "正式名称": "いしかわファミリー歯科", "機関区分": 3, "都道府県コード": 1, "市区町村コード": 202, "所在地": "北海道函館市石川町２２６番地６　マックスバリュ石川店２Ｆ", "緯度": 41.838238, "経度": 140.74638, "url": "https://www.iryou.teikyouseido.mhlw.go.jp/znk-web/juminkanja/S2430/initialize?prefCd=01&kikanCd=3010034170&kikanKbn=3", "url2": null, "内容": "いしかわファミリー歯科【3:歯科】北海道函館市石川町２２６番地６　マックスバリュ石川店２Ｆ" }, "geometry": { "type": "Point", "coordinates": [ 140.74638, 41.838238 ] } },
{ "type": "Feature", "properties": { "ID": 133010034180, "正式名称": "津田歯科医院", "機関区分": 3, "都道府県コード": 1, "市区町村コード": 668, "所在地": "北海道白糠郡白糠町東１条南２丁目１番３４，３６", "緯度": 42.956005, "経度": 144.0711, "url": "https://www.iryou.teikyouseido.mhlw.go.jp/znk-web/juminkanja/S2430/initialize?prefCd=01&kikanCd=3010034180&kikanKbn=3", "url2": null, "内容": "津田歯科医院【3:歯科】北海道白糠郡白糠町東１条南２丁目１番３４，３６" }, "geometry": { "type": "Point", "coordinates": [ 144.0711, 42.956005 ] } },
{ "type": "Feature", "properties": { "ID": 133010034200, "正式名称": "イヴ・デンタルクリニック", "機関区分": 3, "都道府県コード": 1, "市区町村コード": 103, "所在地": "北海道札幌市東区北８条東１丁目１－４０　道都ビル　２Ｆ", "緯度": 43.0711417, "経度": 141.3553587, "url": "https://www.iryou.teikyouseido.mhlw.go.jp/znk-web/juminkanja/S2430/initialize?prefCd=01&kikanCd=3010034200&kikanKbn=3", "url2": "http://ive-dc.com", "内容": "イヴ・デンタルクリニック【3:歯科】北海道札幌市東区北８条東１丁目１－４０　道都ビル　２Ｆ" }, "geometry": { "type": "Point", "coordinates": [ 141.355358700000011, 43.0711417 ] } },
{ "type": "Feature", "properties": { "ID": 133010034220, "正式名称": "上浦歯科クリニック", "機関区分": 3, "都道府県コード": 1, "市区町村コード": 203, "所在地": "北海道小樽市稲穂　２丁目１１番１３号　協和稲穂ビル　５階", "緯度": 43.1977644, "経度": 140.9967153, "url": "https://www.iryou.teikyouseido.mhlw.go.jp/znk-web/juminkanja/S2430/initialize?prefCd=01&kikanCd=3010034220&kikanKbn=3", "url2": null, "内容": "上浦歯科クリニック【3:歯科】北海道小樽市稲穂　２丁目１１番１３号　協和稲穂ビル　５階" }, "geometry": { "type": "Point", "coordinates": [ 140.9967153, 43.1977644 ] } },
{ "type": "Feature", "properties": { "ID": 133010034250, "正式名称": "ヒラタデンタルクリニック", "機関区分": 3, "都道府県コード": 1, "市区町村コード": 202, "所在地": "北海道函館市堀川町１９番３号", "緯度": 41.779539, "経度": 140.743344, "url": "https://www.iryou.teikyouseido.mhlw.go.jp/znk-web/juminkanja/S2430/initialize?prefCd=01&kikanCd=3010034250&kikanKbn=3", "url2": "hikarino-dc.com", "内容": "ヒラタデンタルクリニック【3:歯科】北海道函館市堀川町１９番３号" }, "geometry": { "type": "Point", "coordinates": [ 140.743344, 41.779539 ] } },
{ "type": "Feature", "properties": { "ID": 133010034290, "正式名称": "野本歯科クリニック", "機関区分": 3, "都道府県コード": 1, "市区町村コード": 207, "所在地": "北海道帯広市東１１条南１５丁目４番地１", "緯度": 42.9162784, "経度": 143.2243737, "url": "https://www.iryou.teikyouseido.mhlw.go.jp/znk-web/juminkanja/S2430/initialize?prefCd=01&kikanCd=3010034290&kikanKbn=3", "url2": "http://nomoto-shika-clinic.com/", "内容": "野本歯科クリニック【3:歯科】北海道帯広市東１１条南１５丁目４番地１" }, "geometry": { "type": "Point", "coordinates": [ 143.2243737, 42.9162784 ] } },
{ "type": "Feature", "properties": { "ID": 133010034300, "正式名称": "医療法人幸悠会ひまわり歯科クリニック", "機関区分": 3, "都道府県コード": 1, "市区町村コード": 346, "所在地": "北海道二海郡八雲町末広町１６１番地", "緯度": 42.254557, "経度": 140.269666, "url": "https://www.iryou.teikyouseido.mhlw.go.jp/znk-web/juminkanja/S2430/initialize?prefCd=01&kikanCd=3010034300&kikanKbn=3", "url2": "http://himawari-dentalclinic.jp", "内容": "医療法人幸悠会ひまわり歯科クリニック【3:歯科】北海道二海郡八雲町末広町１６１番地" }, "geometry": { "type": "Point", "coordinates": [ 140.269666, 42.254557 ] } },
{ "type": "Feature", "properties": { "ID": 133010034310, "正式名称": "とまこまい歯科クリニック", "機関区分": 3, "都道府県コード": 1, "市区町村コード": 213, "所在地": "北海道苫小牧市木場町１丁目５番６号", "緯度": 42.6397565, "経度": 141.5947418, "url": "https://www.iryou.teikyouseido.mhlw.go.jp/znk-web/juminkanja/S2430/initialize?prefCd=01&kikanCd=3010034310&kikanKbn=3", "url2": "http://tomakomai-dc.jp", "内容": "とまこまい歯科クリニック【3:歯科】北海道苫小牧市木場町１丁目５番６号" }, "geometry": { "type": "Point", "coordinates": [ 141.5947418, 42.6397565 ] } },
{ "type": "Feature", "properties": { "ID": 133010034320, "正式名称": "はなかわ歯科クリニック", "機関区分": 3, "都道府県コード": 1, "市区町村コード": 235, "所在地": "北海道石狩市花川南１条３丁目５６", "緯度": 43.154286, "経度": 141.301327, "url": "https://www.iryou.teikyouseido.mhlw.go.jp/znk-web/juminkanja/S2430/initialize?prefCd=01&kikanCd=3010034320&kikanKbn=3", "url2": "www.hanakawadental.com", "内容": "はなかわ歯科クリニック【3:歯科】北海道石狩市花川南１条３丁目５６" }, "geometry": { "type": "Point", "coordinates": [ 141.301327, 43.154286 ] } },
{ "type": "Feature", "properties": { "ID": 133010034330, "正式名称": "医療法人幸輪会はーと歯科クリニック", "機関区分": 3, "都道府県コード": 1, "市区町村コード": 430, "所在地": "北海道樺戸郡月形町１０６９番２２", "緯度": 43.3384, "経度": 141.67001, "url": "https://www.iryou.teikyouseido.mhlw.go.jp/znk-web/juminkanja/S2430/initialize?prefCd=01&kikanCd=3010034330&kikanKbn=3", "url2": "http://dc-heart.com/", "内容": "医療法人幸輪会はーと歯科クリニック【3:歯科】北海道樺戸郡月形町１０６９番２２" }, "geometry": { "type": "Point", "coordinates": [ 141.67001, 43.3384 ] } },
{ "type": "Feature", "properties": { "ID": 133010034340, "正式名称": "士別やまぎし歯科", "機関区分": 3, "都道府県コード": 1, "市区町村コード": 220, "所在地": "北海道士別市大通東１８丁目４６５－３８", "緯度": 44.176003, "経度": 142.39323, "url": "https://www.iryou.teikyouseido.mhlw.go.jp/znk-web/juminkanja/S2430/initialize?prefCd=01&kikanCd=3010034340&kikanKbn=3", "url2": "hettp://www.yamagishi-dental.net/", "内容": "士別やまぎし歯科【3:歯科】北海道士別市大通東１８丁目４６５－３８" }, "geometry": { "type": "Point", "coordinates": [ 142.39323, 44.176003 ] } },
{ "type": "Feature", "properties": { "ID": 133010034350, "正式名称": "かえでファミリー歯科", "機関区分": 3, "都道府県コード": 1, "市区町村コード": 234, "所在地": "北海道北広島市美沢４丁目１番１号", "緯度": 42.982166, "経度": 141.555606, "url": "https://www.iryou.teikyouseido.mhlw.go.jp/znk-web/juminkanja/S2430/initialize?prefCd=01&kikanCd=3010034350&kikanKbn=3", "url2": "https://kaede-fdc.com/", "内容": "かえでファミリー歯科【3:歯科】北海道北広島市美沢４丁目１番１号" }, "geometry": { "type": "Point", "coordinates": [ 141.555606, 42.982166 ] } },
{ "type": "Feature", "properties": { "ID": 133010034370, "正式名称": "医療法人社団　福田歯科　Ｊ．　ＦＵＫＵＤＡ　ＤＥＮＴＡＬ　ＣＬＩＮＩＣ", "機関区分": 3, "都道府県コード": 1, "市区町村コード": 205, "所在地": "北海道室蘭市中島町１丁目３１番１０号", "緯度": 42.3539745, "経度": 141.0159675, "url": "https://www.iryou.teikyouseido.mhlw.go.jp/znk-web/juminkanja/S2430/initialize?prefCd=01&kikanCd=3010034370&kikanKbn=3", "url2": "j-fukuda-dental-clinic.com", "内容": "医療法人社団　福田歯科　Ｊ．　ＦＵＫＵＤＡ　ＤＥＮＴＡＬ　ＣＬＩＮＩＣ【3:歯科】北海道室蘭市中島町１丁目３１番１０号" }, "geometry": { "type": "Point", "coordinates": [ 141.015967499999988, 42.3539745 ] } },
{ "type": "Feature", "properties": { "ID": 133010034380, "正式名称": "すずき歯科医院", "機関区分": 3, "都道府県コード": 1, "市区町村コード": 205, "所在地": "北海道室蘭市高砂町５丁目１２番１５号", "緯度": 42.3714731, "経度": 141.0355089, "url": "https://www.iryou.teikyouseido.mhlw.go.jp/znk-web/juminkanja/S2430/initialize?prefCd=01&kikanCd=3010034380&kikanKbn=3", "url2": "www.suzu-dc.com/", "内容": "すずき歯科医院【3:歯科】北海道室蘭市高砂町５丁目１２番１５号" }, "geometry": { "type": "Point", "coordinates": [ 141.0355089, 42.3714731 ] } },
{ "type": "Feature", "properties": { "ID": 133010034390, "正式名称": "デンタルオフィス友愛", "機関区分": 3, "都道府県コード": 1, "市区町村コード": 210, "所在地": "北海道岩見沢市大和４条８丁目１番地", "緯度": 43.185125, "経度": 141.741059, "url": "https://www.iryou.teikyouseido.mhlw.go.jp/znk-web/juminkanja/S2430/initialize?prefCd=01&kikanCd=3010034390&kikanKbn=3", "url2": "http://dent-ui.com/", "内容": "デンタルオフィス友愛【3:歯科】北海道岩見沢市大和４条８丁目１番地" }, "geometry": { "type": "Point", "coordinates": [ 141.741059, 43.185125 ] } },
{ "type": "Feature", "properties": { "ID": 133010034420, "正式名称": "ポロ・モイデンタルクリニック", "機関区分": 3, "都道府県コード": 1, "市区町村コード": 210, "所在地": "北海道岩見沢市上幌向南１条３丁目１２７６番地", "緯度": 43.1817158, "経度": 141.7165926, "url": "https://www.iryou.teikyouseido.mhlw.go.jp/znk-web/juminkanja/S2430/initialize?prefCd=01&kikanCd=3010034420&kikanKbn=3", "url2": null, "内容": "ポロ・モイデンタルクリニック【3:歯科】北海道岩見沢市上幌向南１条３丁目１２７６番地" }, "geometry": { "type": "Point", "coordinates": [ 141.716592600000013, 43.1817158 ] } },
{ "type": "Feature", "properties": { "ID": 133010034430, "正式名称": "朝里インター歯科", "機関区分": 3, "都道府県コード": 1, "市区町村コード": 203, "所在地": "北海道小樽市新光１丁目４２番１２号", "緯度": 43.1692353, "経度": 141.0520602, "url": "https://www.iryou.teikyouseido.mhlw.go.jp/znk-web/juminkanja/S2430/initialize?prefCd=01&kikanCd=3010034430&kikanKbn=3", "url2": null, "内容": "朝里インター歯科【3:歯科】北海道小樽市新光１丁目４２番１２号" }, "geometry": { "type": "Point", "coordinates": [ 141.0520602, 43.1692353 ] } },
{ "type": "Feature", "properties": { "ID": 133010034440, "正式名称": "五稜郭デンタルクリニック", "機関区分": 3, "都道府県コード": 1, "市区町村コード": 202, "所在地": "北海道函館市本通１丁目３７番７号", "緯度": 41.7988146, "経度": 140.7621008, "url": "https://www.iryou.teikyouseido.mhlw.go.jp/znk-web/juminkanja/S2430/initialize?prefCd=01&kikanCd=3010034440&kikanKbn=3", "url2": null, "内容": "五稜郭デンタルクリニック【3:歯科】北海道函館市本通１丁目３７番７号" }, "geometry": { "type": "Point", "coordinates": [ 140.762100800000013, 41.7988146 ] } },
{ "type": "Feature", "properties": { "ID": 133010034450, "正式名称": "当別ファミリー歯科", "機関区分": 3, "都道府県コード": 1, "市区町村コード": 303, "所在地": "北海道石狩郡当別町白樺町５番地２４", "緯度": 43.223839, "経度": 141.511771, "url": "https://www.iryou.teikyouseido.mhlw.go.jp/znk-web/juminkanja/S2430/initialize?prefCd=01&kikanCd=3010034450&kikanKbn=3", "url2": "http://tobetsu-dental.com/", "内容": "当別ファミリー歯科【3:歯科】北海道石狩郡当別町白樺町５番地２４" }, "geometry": { "type": "Point", "coordinates": [ 141.511771, 43.223839 ] } },
{ "type": "Feature", "properties": { "ID": 133010034460, "正式名称": "細川歯科医院", "機関区分": 3, "都道府県コード": 1, "市区町村コード": 203, "所在地": "北海道小樽市奥沢２丁目７番２５号", "緯度": 43.1778358, "経度": 141.0024078, "url": "https://www.iryou.teikyouseido.mhlw.go.jp/znk-web/juminkanja/S2430/initialize?prefCd=01&kikanCd=3010034460&kikanKbn=3", "url2": "https://www.hosokawadc.com", "内容": "細川歯科医院【3:歯科】北海道小樽市奥沢２丁目７番２５号" }, "geometry": { "type": "Point", "coordinates": [ 141.002407799999986, 43.1778358 ] } },
{ "type": "Feature", "properties": { "ID": 133010034470, "正式名称": "医療法人社団三春会あかしあ歯科クリニック", "機関区分": 3, "都道府県コード": 1, "市区町村コード": 217, "所在地": "北海道江別市若草町９番地１６", "緯度": 43.11306, "経度": 141.54556, "url": "https://www.iryou.teikyouseido.mhlw.go.jp/znk-web/juminkanja/S2430/initialize?prefCd=01&kikanCd=3010034470&kikanKbn=3", "url2": "www.miharu-kai.com", "内容": "医療法人社団三春会あかしあ歯科クリニック【3:歯科】北海道江別市若草町９番地１６" }, "geometry": { "type": "Point", "coordinates": [ 141.54556, 43.11306 ] } },
{ "type": "Feature", "properties": { "ID": 133010034480, "正式名称": "医療法人辰生会　山本歯科クリニック", "機関区分": 3, "都道府県コード": 1, "市区町村コード": 217, "所在地": "北海道江別市上江別西町５３－２３", "緯度": 43.101423, "経度": 141.552978, "url": "https://www.iryou.teikyouseido.mhlw.go.jp/znk-web/juminkanja/S2430/initialize?prefCd=01&kikanCd=3010034480&kikanKbn=3", "url2": "http://www.yamamotoshika-c.com", "内容": "医療法人辰生会　山本歯科クリニック【3:歯科】北海道江別市上江別西町５３－２３" }, "geometry": { "type": "Point", "coordinates": [ 141.552978, 43.101423 ] } },
{ "type": "Feature", "properties": { "ID": 133010034490, "正式名称": "ちば歯科医院", "機関区分": 3, "都道府県コード": 1, "市区町村コード": 221, "所在地": "北海道名寄市西４条南５丁目２７番地", "緯度": 44.350819, "経度": 142.456862, "url": "https://www.iryou.teikyouseido.mhlw.go.jp/znk-web/juminkanja/S2430/initialize?prefCd=01&kikanCd=3010034490&kikanKbn=3", "url2": "http://www.chibadcnayoro.com", "内容": "ちば歯科医院【3:歯科】北海道名寄市西４条南５丁目２７番地" }, "geometry": { "type": "Point", "coordinates": [ 142.456862, 44.350819 ] } },
{ "type": "Feature", "properties": { "ID": 133010034500, "正式名称": "歯科おいしい幸せ", "機関区分": 3, "都道府県コード": 1, "市区町村コード": 101, "所在地": "北海道札幌市中央区南１条西６丁目１１番地", "緯度": 43.0581, "経度": 141.349073, "url": "https://www.iryou.teikyouseido.mhlw.go.jp/znk-web/juminkanja/S2430/initialize?prefCd=01&kikanCd=3010034500&kikanKbn=3", "url2": null, "内容": "歯科おいしい幸せ【3:歯科】北海道札幌市中央区南１条西６丁目１１番地" }, "geometry": { "type": "Point", "coordinates": [ 141.349073, 43.0581 ] } },
{ "type": "Feature", "properties": { "ID": 133010034510, "正式名称": "月寒コウ歯科", "機関区分": 3, "都道府県コード": 1, "市区町村コード": 105, "所在地": "北海道札幌市豊平区月寒西１条８丁目８－７", "緯度": 43.0293155, "経度": 141.3956743, "url": "https://www.iryou.teikyouseido.mhlw.go.jp/znk-web/juminkanja/S2430/initialize?prefCd=01&kikanCd=3010034510&kikanKbn=3", "url2": "https://www.tukisamukou-dental.jp/", "内容": "月寒コウ歯科【3:歯科】北海道札幌市豊平区月寒西１条８丁目８－７" }, "geometry": { "type": "Point", "coordinates": [ 141.3956743, 43.0293155 ] } },
{ "type": "Feature", "properties": { "ID": 133010034520, "正式名称": "発寒シャイン歯科", "機関区分": 3, "都道府県コード": 1, "市区町村コード": 107, "所在地": "北海道札幌市西区発寒１３条４丁目１３番６７号ニュークレストビル１階", "緯度": 43.100404, "経度": 141.291989, "url": "https://www.iryou.teikyouseido.mhlw.go.jp/znk-web/juminkanja/S2430/initialize?prefCd=01&kikanCd=3010034520&kikanKbn=3", "url2": "https://hshinedental.wixsite.com/shinedental", "内容": "発寒シャイン歯科【3:歯科】北海道札幌市西区発寒１３条４丁目１３番６７号ニュークレストビル１階" }, "geometry": { "type": "Point", "coordinates": [ 141.291989, 43.100404 ] } },
{ "type": "Feature", "properties": { "ID": 133010034540, "正式名称": "森歯科診療所", "機関区分": 3, "都道府県コード": 1, "市区町村コード": 229, "所在地": "北海道富良野市若葉町１３番１号　生活協同組合コープさっぽろ富良野店２階", "緯度": 43.3382395, "経度": 142.3928396, "url": "https://www.iryou.teikyouseido.mhlw.go.jp/znk-web/juminkanja/S2430/initialize?prefCd=01&kikanCd=3010034540&kikanKbn=3", "url2": null, "内容": "森歯科診療所【3:歯科】北海道富良野市若葉町１３番１号　生活協同組合コープさっぽろ富良野店２階" }, "geometry": { "type": "Point", "coordinates": [ 142.3928396, 43.3382395 ] } },
{ "type": "Feature", "properties": { "ID": 133010034550, "正式名称": "医療法人社団宏友会フレンズ歯科クリニック", "機関区分": 3, "都道府県コード": 1, "市区町村コード": 102, "所在地": "北海道札幌市北区屯田９条３丁目１番２０号", "緯度": 43.141979, "経度": 141.341781, "url": "https://www.iryou.teikyouseido.mhlw.go.jp/znk-web/juminkanja/S2430/initialize?prefCd=01&kikanCd=3010034550&kikanKbn=3", "url2": "http://www.friends-dental.jp/", "内容": "医療法人社団宏友会フレンズ歯科クリニック【3:歯科】北海道札幌市北区屯田９条３丁目１番２０号" }, "geometry": { "type": "Point", "coordinates": [ 141.341781, 43.141979 ] } },
{ "type": "Feature", "properties": { "ID": 133010034560, "正式名称": "医療法人伸和会ノブデンタルクリニック", "機関区分": 3, "都道府県コード": 1, "市区町村コード": 105, "所在地": "北海道札幌市豊平区平岸４条８丁目８－８", "緯度": 43.0334955, "経度": 141.3765998, "url": "https://www.iryou.teikyouseido.mhlw.go.jp/znk-web/juminkanja/S2430/initialize?prefCd=01&kikanCd=3010034560&kikanKbn=3", "url2": "https://nobu-dental.com/", "内容": "医療法人伸和会ノブデンタルクリニック【3:歯科】北海道札幌市豊平区平岸４条８丁目８－８" }, "geometry": { "type": "Point", "coordinates": [ 141.3765998, 43.0334955 ] } },
{ "type": "Feature", "properties": { "ID": 133010034570, "正式名称": "エニーデンタルクリニック", "機関区分": 3, "都道府県コード": 1, "市区町村コード": 103, "所在地": "北海道札幌市東区北３６条東１６丁目１－１５", "緯度": 43.10714, "経度": 141.368816, "url": "https://www.iryou.teikyouseido.mhlw.go.jp/znk-web/juminkanja/S2430/initialize?prefCd=01&kikanCd=3010034570&kikanKbn=3", "url2": "html://www.annie-dental.com", "内容": "エニーデンタルクリニック【3:歯科】北海道札幌市東区北３６条東１６丁目１－１５" }, "geometry": { "type": "Point", "coordinates": [ 141.368816, 43.10714 ] } },
{ "type": "Feature", "properties": { "ID": 133010034580, "正式名称": "照井歯科クリニック", "機関区分": 3, "都道府県コード": 1, "市区町村コード": 107, "所在地": "北海道札幌市西区山の手４条７丁目１番５３号", "緯度": 43.064873, "経度": 141.28545, "url": "https://www.iryou.teikyouseido.mhlw.go.jp/znk-web/juminkanja/S2430/initialize?prefCd=01&kikanCd=3010034580&kikanKbn=3", "url2": "http://www.terui-dental.com", "内容": "照井歯科クリニック【3:歯科】北海道札幌市西区山の手４条７丁目１番５３号" }, "geometry": { "type": "Point", "coordinates": [ 141.28545, 43.064873 ] } },
{ "type": "Feature", "properties": { "ID": 133010034600, "正式名称": "平岡マリオン歯科", "機関区分": 3, "都道府県コード": 1, "市区町村コード": 110, "所在地": "北海道札幌市清田区平岡３条５丁目３番１号", "緯度": 42.996436, "経度": 141.457733, "url": "https://www.iryou.teikyouseido.mhlw.go.jp/znk-web/juminkanja/S2430/initialize?prefCd=01&kikanCd=3010034600&kikanKbn=3", "url2": null, "内容": "平岡マリオン歯科【3:歯科】北海道札幌市清田区平岡３条５丁目３番１号" }, "geometry": { "type": "Point", "coordinates": [ 141.457733, 42.996436 ] } },
{ "type": "Feature", "properties": { "ID": 133010034630, "正式名称": "札幌ライフ歯科クリニック", "機関区分": 3, "都道府県コード": 1, "市区町村コード": 105, "所在地": "北海道札幌市豊平区西岡４条３丁目７－１", "緯度": 36.369912, "経度": 136.374547, "url": "https://www.iryou.teikyouseido.mhlw.go.jp/znk-web/juminkanja/S2430/initialize?prefCd=01&kikanCd=3010034630&kikanKbn=3", "url2": "http://lifeshika.com", "内容": "札幌ライフ歯科クリニック【3:歯科】北海道札幌市豊平区西岡４条３丁目７－１" }, "geometry": { "type": "Point", "coordinates": [ 136.374547, 36.369912 ] } },
{ "type": "Feature", "properties": { "ID": 133010034640, "正式名称": "京野歯科医院", "機関区分": 3, "都道府県コード": 1, "市区町村コード": 102, "所在地": "北海道札幌市北区新琴似１２条６丁目３－７", "緯度": 43.1216437, "経度": 141.3322076, "url": "https://www.iryou.teikyouseido.mhlw.go.jp/znk-web/juminkanja/S2430/initialize?prefCd=01&kikanCd=3010034640&kikanKbn=3", "url2": null, "内容": "京野歯科医院【3:歯科】北海道札幌市北区新琴似１２条６丁目３－７" }, "geometry": { "type": "Point", "coordinates": [ 141.3322076, 43.1216437 ] } },
{ "type": "Feature", "properties": { "ID": 133010034660, "正式名称": "なでしこデンタルクリニック", "機関区分": 3, "都道府県コード": 1, "市区町村コード": 101, "所在地": "北海道札幌市中央区北２条西２丁目３１番", "緯度": 43.064444, "経度": 141.352988, "url": "https://www.iryou.teikyouseido.mhlw.go.jp/znk-web/juminkanja/S2430/initialize?prefCd=01&kikanCd=3010034660&kikanKbn=3", "url2": "nadeshiko.cihp.jp/", "内容": "なでしこデンタルクリニック【3:歯科】北海道札幌市中央区北２条西２丁目３１番" }, "geometry": { "type": "Point", "coordinates": [ 141.352988, 43.064444 ] } },
{ "type": "Feature", "properties": { "ID": 133010034670, "正式名称": "医療法人社団スマイルオフィスデンタルクリニック旭ヶ丘", "機関区分": 3, "都道府県コード": 1, "市区町村コード": 101, "所在地": "北海道札幌市中央区南１１条西２２丁目２ー８旭ヶ丘みたかマンション１Ｆ", "緯度": 43.042595, "経度": 141.325654, "url": "https://www.iryou.teikyouseido.mhlw.go.jp/znk-web/juminkanja/S2430/initialize?prefCd=01&kikanCd=3010034670&kikanKbn=3", "url2": "https://smile-office-dental.com/asahigaoka/", "内容": "医療法人社団スマイルオフィスデンタルクリニック旭ヶ丘【3:歯科】北海道札幌市中央区南１１条西２２丁目２ー８旭ヶ丘みたかマンション１Ｆ" }, "geometry": { "type": "Point", "coordinates": [ 141.325654, 43.042595 ] } },
{ "type": "Feature", "properties": { "ID": 133010034690, "正式名称": "医療法人社団郁栄会札幌ピースデンタルクリニック", "機関区分": 3, "都道府県コード": 1, "市区町村コード": 102, "所在地": "北海道札幌市北区北１７条西４丁目２番３２号　クレスト１８　２Ｆ", "緯度": 43.0813848, "経度": 141.346522, "url": "https://www.iryou.teikyouseido.mhlw.go.jp/znk-web/juminkanja/S2430/initialize?prefCd=01&kikanCd=3010034690&kikanKbn=3", "url2": "https://sapporo.ikueikai.or.jp/", "内容": "医療法人社団郁栄会札幌ピースデンタルクリニック【3:歯科】北海道札幌市北区北１７条西４丁目２番３２号　クレスト１８　２Ｆ" }, "geometry": { "type": "Point", "coordinates": [ 141.346522, 43.0813848 ] } },
{ "type": "Feature", "properties": { "ID": 133010034750, "正式名称": "さかい歯科クリニック", "機関区分": 3, "都道府県コード": 1, "市区町村コード": 102, "所在地": "北海道札幌市北区北３４条西１１丁目３－５", "緯度": 43.103238, "経度": 141.329824, "url": "https://www.iryou.teikyouseido.mhlw.go.jp/znk-web/juminkanja/S2430/initialize?prefCd=01&kikanCd=3010034750&kikanKbn=3", "url2": null, "内容": "さかい歯科クリニック【3:歯科】北海道札幌市北区北３４条西１１丁目３－５" }, "geometry": { "type": "Point", "coordinates": [ 141.329824, 43.103238 ] } },
{ "type": "Feature", "properties": { "ID": 133010034760, "正式名称": "平岡杜のみちデンタルクリニック", "機関区分": 3, "都道府県コード": 1, "市区町村コード": 110, "所在地": "北海道札幌市清田区平岡６条１丁目１－３", "緯度": 36.247597, "経度": 136.371668, "url": "https://www.iryou.teikyouseido.mhlw.go.jp/znk-web/juminkanja/S2430/initialize?prefCd=01&kikanCd=3010034760&kikanKbn=3", "url2": "http://morinomichi.com", "内容": "平岡杜のみちデンタルクリニック【3:歯科】北海道札幌市清田区平岡６条１丁目１－３" }, "geometry": { "type": "Point", "coordinates": [ 136.371668, 36.247597 ] } },
{ "type": "Feature", "properties": { "ID": 133010034770, "正式名称": "医療法人社団律英会　恵み野ファミリー歯科", "機関区分": 3, "都道府県コード": 1, "市区町村コード": 231, "所在地": "北海道恵庭市恵み野里美２丁目１５番", "緯度": 42.904708, "経度": 141.57128, "url": "https://www.iryou.teikyouseido.mhlw.go.jp/znk-web/juminkanja/S2430/initialize?prefCd=01&kikanCd=3010034770&kikanKbn=3", "url2": "http://www.megumino-fdc.com", "内容": "医療法人社団律英会　恵み野ファミリー歯科【3:歯科】北海道恵庭市恵み野里美２丁目１５番" }, "geometry": { "type": "Point", "coordinates": [ 141.57128, 42.904708 ] } },
{ "type": "Feature", "properties": { "ID": 133010034780, "正式名称": "ガーデン歯科", "機関区分": 3, "都道府県コード": 1, "市区町村コード": 231, "所在地": "北海道恵庭市恵み野北６丁目１－５６", "緯度": 42.908215, "経度": 141.58078, "url": "https://www.iryou.teikyouseido.mhlw.go.jp/znk-web/juminkanja/S2430/initialize?prefCd=01&kikanCd=3010034780&kikanKbn=3", "url2": "www.garden-dc.com", "内容": "ガーデン歯科【3:歯科】北海道恵庭市恵み野北６丁目１－５６" }, "geometry": { "type": "Point", "coordinates": [ 141.58078, 42.908215 ] } },
{ "type": "Feature", "properties": { "ID": 133010034800, "正式名称": "光陽町歯科クリニック", "機関区分": 3, "都道府県コード": 1, "市区町村コード": 206, "所在地": "北海道釧路市光陽町１４ー７", "緯度": 43.003114, "経度": 144.390781, "url": "https://www.iryou.teikyouseido.mhlw.go.jp/znk-web/juminkanja/S2430/initialize?prefCd=01&kikanCd=3010034800&kikanKbn=3", "url2": "htt://koyocho-dc.com", "内容": "光陽町歯科クリニック【3:歯科】北海道釧路市光陽町１４ー７" }, "geometry": { "type": "Point", "coordinates": [ 144.390781, 43.003114 ] } },
{ "type": "Feature", "properties": { "ID": 133010034830, "正式名称": "医療法人社団徳真会　きたひろしまプラザ歯科", "機関区分": 3, "都道府県コード": 1, "市区町村コード": 234, "所在地": "北海道北広島市中央６丁目１番地３　北広島メディカルプラザ２Ｆ", "緯度": 42.986668, "経度": 141.56456, "url": "https://www.iryou.teikyouseido.mhlw.go.jp/znk-web/juminkanja/S2430/initialize?prefCd=01&kikanCd=3010034830&kikanKbn=3", "url2": "http://www.plazashika.net", "内容": "医療法人社団徳真会　きたひろしまプラザ歯科【3:歯科】北海道北広島市中央６丁目１番地３　北広島メディカルプラザ２Ｆ" }, "geometry": { "type": "Point", "coordinates": [ 141.56456, 42.986668 ] } },
{ "type": "Feature", "properties": { "ID": 133010034850, "正式名称": "村上歯科口腔外科医院", "機関区分": 3, "都道府県コード": 1, "市区町村コード": 206, "所在地": "北海道釧路市音別町中園１丁目１３０", "緯度": 42.893134, "経度": 143.932693, "url": "https://www.iryou.teikyouseido.mhlw.go.jp/znk-web/juminkanja/S2430/initialize?prefCd=01&kikanCd=3010034850&kikanKbn=3", "url2": null, "内容": "村上歯科口腔外科医院【3:歯科】北海道釧路市音別町中園１丁目１３０" }, "geometry": { "type": "Point", "coordinates": [ 143.932693, 42.893134 ] } },
{ "type": "Feature", "properties": { "ID": 133010034900, "正式名称": "医療法人社団　口福会　清流デンタルクリニック", "機関区分": 3, "都道府県コード": 1, "市区町村コード": 224, "所在地": "北海道千歳市清流３丁目１－７", "緯度": 42.846742, "経度": 141.661057, "url": "https://www.iryou.teikyouseido.mhlw.go.jp/znk-web/juminkanja/S2430/initialize?prefCd=01&kikanCd=3010034900&kikanKbn=3", "url2": null, "内容": "医療法人社団　口福会　清流デンタルクリニック【3:歯科】北海道千歳市清流３丁目１－７" }, "geometry": { "type": "Point", "coordinates": [ 141.661057, 42.846742 ] } },
{ "type": "Feature", "properties": { "ID": 133010034920, "正式名称": "医療法人社団　太陽会　おひさまスマイル歯科", "機関区分": 3, "都道府県コード": 1, "市区町村コード": 213, "所在地": "北海道苫小牧市しらかば町１丁目７番７号", "緯度": 42.6230052, "経度": 141.54525, "url": "https://www.iryou.teikyouseido.mhlw.go.jp/znk-web/juminkanja/S2430/initialize?prefCd=01&kikanCd=3010034920&kikanKbn=3", "url2": "https://ohisama-smile-dental.com", "内容": "医療法人社団　太陽会　おひさまスマイル歯科【3:歯科】北海道苫小牧市しらかば町１丁目７番７号" }, "geometry": { "type": "Point", "coordinates": [ 141.54525, 42.6230052 ] } },
{ "type": "Feature", "properties": { "ID": 133010034930, "正式名称": "こまば歯科", "機関区分": 3, "都道府県コード": 1, "市区町村コード": 206, "所在地": "北海道釧路市駒場町１番２号", "緯度": 43.002018, "経度": 144.3672, "url": "https://www.iryou.teikyouseido.mhlw.go.jp/znk-web/juminkanja/S2430/initialize?prefCd=01&kikanCd=3010034930&kikanKbn=3", "url2": "http://komaba-shika.com/", "内容": "こまば歯科【3:歯科】北海道釧路市駒場町１番２号" }, "geometry": { "type": "Point", "coordinates": [ 144.3672, 43.002018 ] } },
{ "type": "Feature", "properties": { "ID": 133010034940, "正式名称": "さかもと歯科クリニック", "機関区分": 3, "都道府県コード": 1, "市区町村コード": 217, "所在地": "北海道江別市牧場町１９番地３１", "緯度": 43.112116, "経度": 141.537416, "url": "https://www.iryou.teikyouseido.mhlw.go.jp/znk-web/juminkanja/S2430/initialize?prefCd=01&kikanCd=3010034940&kikanKbn=3", "url2": "http://sakamoto-dent.com/", "内容": "さかもと歯科クリニック【3:歯科】北海道江別市牧場町１９番地３１" }, "geometry": { "type": "Point", "coordinates": [ 141.537416, 43.112116 ] } },
{ "type": "Feature", "properties": { "ID": 133010034950, "正式名称": "医療法人紘仁会ほのか歯科", "機関区分": 3, "都道府県コード": 1, "市区町村コード": 204, "所在地": "北海道旭川市東光７条６丁目１番１４号", "緯度": 43.748466, "経度": 142.407005, "url": "https://www.iryou.teikyouseido.mhlw.go.jp/znk-web/juminkanja/S2430/initialize?prefCd=01&kikanCd=3010034950&kikanKbn=3", "url2": null, "内容": "医療法人紘仁会ほのか歯科【3:歯科】北海道旭川市東光７条６丁目１番１４号" }, "geometry": { "type": "Point", "coordinates": [ 142.407005, 43.748466 ] } },
{ "type": "Feature", "properties": { "ID": 133010034960, "正式名称": "加藤歯科医院", "機関区分": 3, "都道府県コード": 1, "市区町村コード": 231, "所在地": "北海道恵庭市恵み野西１丁目２４番１", "緯度": 42.9030301, "経度": 141.5794838, "url": "https://www.iryou.teikyouseido.mhlw.go.jp/znk-web/juminkanja/S2430/initialize?prefCd=01&kikanCd=3010034960&kikanKbn=3", "url2": null, "内容": "加藤歯科医院【3:歯科】北海道恵庭市恵み野西１丁目２４番１" }, "geometry": { "type": "Point", "coordinates": [ 141.5794838, 42.9030301 ] } },
{ "type": "Feature", "properties": { "ID": 133010034970, "正式名称": "やよいフレンド歯科", "機関区分": 3, "都道府県コード": 1, "市区町村コード": 213, "所在地": "北海道苫小牧市弥生町１丁目９番３号", "緯度": 42.6274854, "経度": 141.5832686, "url": "https://www.iryou.teikyouseido.mhlw.go.jp/znk-web/juminkanja/S2430/initialize?prefCd=01&kikanCd=3010034970&kikanKbn=3", "url2": null, "内容": "やよいフレンド歯科【3:歯科】北海道苫小牧市弥生町１丁目９番３号" }, "geometry": { "type": "Point", "coordinates": [ 141.5832686, 42.6274854 ] } },
{ "type": "Feature", "properties": { "ID": 133010034980, "正式名称": "南麻生にじいろ歯科クリニック", "機関区分": 3, "都道府県コード": 1, "市区町村コード": 102, "所在地": "北海道札幌市北区北３４条西５丁目２－１", "緯度": 43.1011618, "経度": 141.3399437, "url": "https://www.iryou.teikyouseido.mhlw.go.jp/znk-web/juminkanja/S2430/initialize?prefCd=01&kikanCd=3010034980&kikanKbn=3", "url2": "http://nijiiro-dental.com/", "内容": "南麻生にじいろ歯科クリニック【3:歯科】北海道札幌市北区北３４条西５丁目２－１" }, "geometry": { "type": "Point", "coordinates": [ 141.3399437, 43.1011618 ] } },
{ "type": "Feature", "properties": { "ID": 133010035010, "正式名称": "医療法人社団敬潤会国際デンタルクリニック札幌インプラントセンター", "機関区分": 3, "都道府県コード": 1, "市区町村コード": 101, "所在地": "北海道札幌市中央区北　４条西　２－１－１", "緯度": 43.066161, "経度": 141.353637, "url": "https://www.iryou.teikyouseido.mhlw.go.jp/znk-web/juminkanja/S2430/initialize?prefCd=01&kikanCd=3010035010&kikanKbn=3", "url2": null, "内容": "医療法人社団敬潤会国際デンタルクリニック札幌インプラントセンター【3:歯科】北海道札幌市中央区北　４条西　２－１－１" }, "geometry": { "type": "Point", "coordinates": [ 141.353637, 43.066161 ] } },
{ "type": "Feature", "properties": { "ID": 133010035070, "正式名称": "しらかばデンタルクリニック", "機関区分": 3, "都道府県コード": 1, "市区町村コード": 105, "所在地": "北海道札幌市豊平区平岸３条３丁目５番１７号", "緯度": 43.039302, "経度": 141.372017, "url": "https://www.iryou.teikyouseido.mhlw.go.jp/znk-web/juminkanja/S2430/initialize?prefCd=01&kikanCd=3010035070&kikanKbn=3", "url2": null, "内容": "しらかばデンタルクリニック【3:歯科】北海道札幌市豊平区平岸３条３丁目５番１７号" }, "geometry": { "type": "Point", "coordinates": [ 141.372017, 43.039302 ] } },
{ "type": "Feature", "properties": { "ID": 133010035080, "正式名称": "医療法人社団敬慎会　西野きむら歯科", "機関区分": 3, "都道府県コード": 1, "市区町村コード": 107, "所在地": "北海道札幌市西区西野９条８丁目２－１", "緯度": 43.06665, "経度": 141.260569, "url": "https://www.iryou.teikyouseido.mhlw.go.jp/znk-web/juminkanja/S2430/initialize?prefCd=01&kikanCd=3010035080&kikanKbn=3", "url2": "http://www.nishino-kimura-dc.com/", "内容": "医療法人社団敬慎会　西野きむら歯科【3:歯科】北海道札幌市西区西野９条８丁目２－１" }, "geometry": { "type": "Point", "coordinates": [ 141.260569, 43.06665 ] } },
{ "type": "Feature", "properties": { "ID": 133010035120, "正式名称": "せんざき歯科", "機関区分": 3, "都道府県コード": 1, "市区町村コード": 109, "所在地": "北海道札幌市手稲区前田　７条１８丁目２－３", "緯度": 43.1382, "経度": 141.241754, "url": "https://www.iryou.teikyouseido.mhlw.go.jp/znk-web/juminkanja/S2430/initialize?prefCd=01&kikanCd=3010035120&kikanKbn=3", "url2": null, "内容": "せんざき歯科【3:歯科】北海道札幌市手稲区前田　７条１８丁目２－３" }, "geometry": { "type": "Point", "coordinates": [ 141.241754, 43.1382 ] } },
{ "type": "Feature", "properties": { "ID": 133010035140, "正式名称": "桑園歯科クリニック", "機関区分": 3, "都道府県コード": 1, "市区町村コード": 101, "所在地": "北海道札幌市中央区北　７条西１５丁目２８－１８１", "緯度": 43.06767, "経度": 141.3323329, "url": "https://www.iryou.teikyouseido.mhlw.go.jp/znk-web/juminkanja/S2430/initialize?prefCd=01&kikanCd=3010035140&kikanKbn=3", "url2": "www.soen-dental.com", "内容": "桑園歯科クリニック【3:歯科】北海道札幌市中央区北　７条西１５丁目２８－１８１" }, "geometry": { "type": "Point", "coordinates": [ 141.332332900000011, 43.06767 ] } },
{ "type": "Feature", "properties": { "ID": 133010035180, "正式名称": "みつば歯科クリニック", "機関区分": 3, "都道府県コード": 1, "市区町村コード": 109, "所在地": "北海道札幌市手稲区前田　５条１４丁目５－２２", "緯度": 43.128873, "経度": 141.245797, "url": "https://www.iryou.teikyouseido.mhlw.go.jp/znk-web/juminkanja/S2430/initialize?prefCd=01&kikanCd=3010035180&kikanKbn=3", "url2": "http://www.mitsuba-shika.com", "内容": "みつば歯科クリニック【3:歯科】北海道札幌市手稲区前田　５条１４丁目５－２２" }, "geometry": { "type": "Point", "coordinates": [ 141.245797, 43.128873 ] } },
{ "type": "Feature", "properties": { "ID": 133010035200, "正式名称": "よつば歯科・こども歯科", "機関区分": 3, "都道府県コード": 1, "市区町村コード": 104, "所在地": "北海道札幌市白石区東札幌５条３丁目２番３２号　クレア東札幌１階", "緯度": 43.0523, "経度": 141.3914, "url": "https://www.iryou.teikyouseido.mhlw.go.jp/znk-web/juminkanja/S2430/initialize?prefCd=01&kikanCd=3010035200&kikanKbn=3", "url2": "http://yotsuba-shika.net/", "内容": "よつば歯科・こども歯科【3:歯科】北海道札幌市白石区東札幌５条３丁目２番３２号　クレア東札幌１階" }, "geometry": { "type": "Point", "coordinates": [ 141.3914, 43.0523 ] } },
{ "type": "Feature", "properties": { "ID": 133010035220, "正式名称": "医療法人名琉会ささ歯科北３３条クリニック", "機関区分": 3, "都道府県コード": 1, "市区町村コード": 103, "所在地": "北海道札幌市東区北３３条東　１丁目１番７号", "緯度": 43.1009843, "経度": 141.3453874, "url": "https://www.iryou.teikyouseido.mhlw.go.jp/znk-web/juminkanja/S2430/initialize?prefCd=01&kikanCd=3010035220&kikanKbn=3", "url2": "http://sasa-dental33.com", "内容": "医療法人名琉会ささ歯科北３３条クリニック【3:歯科】北海道札幌市東区北３３条東　１丁目１番７号" }, "geometry": { "type": "Point", "coordinates": [ 141.3453874, 43.1009843 ] } },
{ "type": "Feature", "properties": { "ID": 133010035230, "正式名称": "エンクル歯科クリニック", "機関区分": 3, "都道府県コード": 1, "市区町村コード": 108, "所在地": "北海道札幌市厚別区上野幌　３条　４丁目１９番２６号　ホクノー上野幌ビル２階", "緯度": 43.010415, "経度": 141.474035, "url": "https://www.iryou.teikyouseido.mhlw.go.jp/znk-web/juminkanja/S2430/initialize?prefCd=01&kikanCd=3010035230&kikanKbn=3", "url2": null, "内容": "エンクル歯科クリニック【3:歯科】北海道札幌市厚別区上野幌　３条　４丁目１９番２６号　ホクノー上野幌ビル２階" }, "geometry": { "type": "Point", "coordinates": [ 141.474035, 43.010415 ] } },
{ "type": "Feature", "properties": { "ID": 133010035250, "正式名称": "クリオネ矯正歯科", "機関区分": 3, "都道府県コード": 1, "市区町村コード": 211, "所在地": "北海道網走市字潮見１５６－１", "緯度": 43.998566, "経度": 144.26843, "url": "https://www.iryou.teikyouseido.mhlw.go.jp/znk-web/juminkanja/S2430/initialize?prefCd=01&kikanCd=3010035250&kikanKbn=3", "url2": null, "内容": "クリオネ矯正歯科【3:歯科】北海道網走市字潮見１５６－１" }, "geometry": { "type": "Point", "coordinates": [ 144.26843, 43.998566 ] } },
{ "type": "Feature", "properties": { "ID": 133010035260, "正式名称": "医療法人社団片桐歯科", "機関区分": 3, "都道府県コード": 1, "市区町村コード": 203, "所在地": "北海道小樽市花園１丁目１番９号　ＫＧビル１階", "緯度": 43.19375, "経度": 140.999648, "url": "https://www.iryou.teikyouseido.mhlw.go.jp/znk-web/juminkanja/S2430/initialize?prefCd=01&kikanCd=3010035260&kikanKbn=3", "url2": "http://katagiri-dental.jp", "内容": "医療法人社団片桐歯科【3:歯科】北海道小樽市花園１丁目１番９号　ＫＧビル１階" }, "geometry": { "type": "Point", "coordinates": [ 140.999648, 43.19375 ] } },
{ "type": "Feature", "properties": { "ID": 133010035270, "正式名称": "医療法人社団来仁会野幌歯科クリニック", "機関区分": 3, "都道府県コード": 1, "市区町村コード": 217, "所在地": "北海道江別市野幌町５２－８野幌駅前ビル１Ｆ", "緯度": 43.093159, "経度": 141.530053, "url": "https://www.iryou.teikyouseido.mhlw.go.jp/znk-web/juminkanja/S2430/initialize?prefCd=01&kikanCd=3010035270&kikanKbn=3", "url2": "http://www.nopporo-dental.com", "内容": "医療法人社団来仁会野幌歯科クリニック【3:歯科】北海道江別市野幌町５２－８野幌駅前ビル１Ｆ" }, "geometry": { "type": "Point", "coordinates": [ 141.530053, 43.093159 ] } },
{ "type": "Feature", "properties": { "ID": 133010035290, "正式名称": "ハート歯科クリニック", "機関区分": 3, "都道府県コード": 1, "市区町村コード": 207, "所在地": "北海道帯広市稲田町南８線西１０－１フレスポスズランプラザ２階", "緯度": 42.8898507, "経度": 143.1980711, "url": "https://www.iryou.teikyouseido.mhlw.go.jp/znk-web/juminkanja/S2430/initialize?prefCd=01&kikanCd=3010035290&kikanKbn=3", "url2": "http://www.heart-dc.org/", "内容": "ハート歯科クリニック【3:歯科】北海道帯広市稲田町南８線西１０－１フレスポスズランプラザ２階" }, "geometry": { "type": "Point", "coordinates": [ 143.1980711, 42.8898507 ] } },
{ "type": "Feature", "properties": { "ID": 133010035320, "正式名称": "花都心デンタルクリニック", "機関区分": 3, "都道府県コード": 1, "市区町村コード": 453, "所在地": "北海道上川郡東神楽町ひじり野北１条９丁目１番６号", "緯度": 43.7269199, "経度": 142.4030547, "url": "https://www.iryou.teikyouseido.mhlw.go.jp/znk-web/juminkanja/S2430/initialize?prefCd=01&kikanCd=3010035320&kikanKbn=3", "url2": "http://hanatoshin-dc.com/", "内容": "花都心デンタルクリニック【3:歯科】北海道上川郡東神楽町ひじり野北１条９丁目１番６号" }, "geometry": { "type": "Point", "coordinates": [ 142.403054700000013, 43.7269199 ] } },
{ "type": "Feature", "properties": { "ID": 133010035330, "正式名称": "仁木フルーツの里歯科", "機関区分": 3, "都道府県コード": 1, "市区町村コード": 407, "所在地": "北海道余市郡仁木町北町２丁目１番地", "緯度": 43.155195, "経度": 140.764058, "url": "https://www.iryou.teikyouseido.mhlw.go.jp/znk-web/juminkanja/S2430/initialize?prefCd=01&kikanCd=3010035330&kikanKbn=3", "url2": null, "内容": "仁木フルーツの里歯科【3:歯科】北海道余市郡仁木町北町２丁目１番地" }, "geometry": { "type": "Point", "coordinates": [ 140.764058, 43.155195 ] } },
{ "type": "Feature", "properties": { "ID": 133010035340, "正式名称": "よつば歯科クリニック", "機関区分": 3, "都道府県コード": 1, "市区町村コード": 202, "所在地": "北海道函館市柏木町３１番１０号", "緯度": 41.7908536, "経度": 140.770009, "url": "https://www.iryou.teikyouseido.mhlw.go.jp/znk-web/juminkanja/S2430/initialize?prefCd=01&kikanCd=3010035340&kikanKbn=3", "url2": "http://www.hakodate-yotsuba.jp", "内容": "よつば歯科クリニック【3:歯科】北海道函館市柏木町３１番１０号" }, "geometry": { "type": "Point", "coordinates": [ 140.770009, 41.7908536 ] } },
{ "type": "Feature", "properties": { "ID": 133010035360, "正式名称": "医療法人愛和会エルム駅前歯科医院クリスタル", "機関区分": 3, "都道府県コード": 1, "市区町村コード": 204, "所在地": "北海道旭川市１条通６丁目７８番地１クリスタルビル６階", "緯度": 43.766352, "経度": 142.357342, "url": "https://www.iryou.teikyouseido.mhlw.go.jp/znk-web/juminkanja/S2430/initialize?prefCd=01&kikanCd=3010035360&kikanKbn=3", "url2": null, "内容": "医療法人愛和会エルム駅前歯科医院クリスタル【3:歯科】北海道旭川市１条通６丁目７８番地１クリスタルビル６階" }, "geometry": { "type": "Point", "coordinates": [ 142.357342, 43.766352 ] } },
{ "type": "Feature", "properties": { "ID": 133010035370, "正式名称": "函館こんの歯科・矯正歯科", "機関区分": 3, "都道府県コード": 1, "市区町村コード": 202, "所在地": "北海道函館市昭和１丁目２９－７　昭和タウンプラザＢ棟２Ｄ室", "緯度": 41.8194831, "経度": 140.7411169, "url": "https://www.iryou.teikyouseido.mhlw.go.jp/znk-web/juminkanja/S2430/initialize?prefCd=01&kikanCd=3010035370&kikanKbn=3", "url2": "https://www.hakodate-konno.com", "内容": "函館こんの歯科・矯正歯科【3:歯科】北海道函館市昭和１丁目２９－７　昭和タウンプラザＢ棟２Ｄ室" }, "geometry": { "type": "Point", "coordinates": [ 140.7411169, 41.8194831 ] } },
{ "type": "Feature", "properties": { "ID": 133010035390, "正式名称": "ルピナス歯科クリニック", "機関区分": 3, "都道府県コード": 1, "市区町村コード": 107, "所在地": "北海道札幌市西区西野八条７丁目３－１８", "緯度": 43.067466, "経度": 141.262145, "url": "https://www.iryou.teikyouseido.mhlw.go.jp/znk-web/juminkanja/S2430/initialize?prefCd=01&kikanCd=3010035390&kikanKbn=3", "url2": null, "内容": "ルピナス歯科クリニック【3:歯科】北海道札幌市西区西野八条７丁目３－１８" }, "geometry": { "type": "Point", "coordinates": [ 141.262145, 43.067466 ] } },
{ "type": "Feature", "properties": { "ID": 133010035400, "正式名称": "医療法人社団高志会　ミナミデンタルクリニック", "機関区分": 3, "都道府県コード": 1, "市区町村コード": 545, "所在地": "北海道斜里郡斜里町字豊倉５１番地５", "緯度": 43.90053, "経度": 144.65659, "url": "https://www.iryou.teikyouseido.mhlw.go.jp/znk-web/juminkanja/S2430/initialize?prefCd=01&kikanCd=3010035400&kikanKbn=3", "url2": null, "内容": "医療法人社団高志会　ミナミデンタルクリニック【3:歯科】北海道斜里郡斜里町字豊倉５１番地５" }, "geometry": { "type": "Point", "coordinates": [ 144.65659, 43.90053 ] } },
{ "type": "Feature", "properties": { "ID": 133010035410, "正式名称": "苫小牧デンタルケアクリニック", "機関区分": 3, "都道府県コード": 1, "市区町村コード": 213, "所在地": "北海道苫小牧市花園町３丁目１４番３０号", "緯度": 42.6358957, "経度": 141.5664613, "url": "https://www.iryou.teikyouseido.mhlw.go.jp/znk-web/juminkanja/S2430/initialize?prefCd=01&kikanCd=3010035410&kikanKbn=3", "url2": null, "内容": "苫小牧デンタルケアクリニック【3:歯科】北海道苫小牧市花園町３丁目１４番３０号" }, "geometry": { "type": "Point", "coordinates": [ 141.566461299999986, 42.6358957 ] } },
{ "type": "Feature", "properties": { "ID": 133010035420, "正式名称": "カームビラたかや歯科クリニック", "機関区分": 3, "都道府県コード": 1, "市区町村コード": 210, "所在地": "北海道岩見沢市幌向北１条５丁目６９番地", "緯度": 43.1493171, "経度": 141.6495324, "url": "https://www.iryou.teikyouseido.mhlw.go.jp/znk-web/juminkanja/S2430/initialize?prefCd=01&kikanCd=3010035420&kikanKbn=3", "url2": "http://takaya-dental.net/", "内容": "カームビラたかや歯科クリニック【3:歯科】北海道岩見沢市幌向北１条５丁目６９番地" }, "geometry": { "type": "Point", "coordinates": [ 141.6495324, 43.1493171 ] } },
{ "type": "Feature", "properties": { "ID": 133010035440, "正式名称": "レナ歯科", "機関区分": 3, "都道府県コード": 1, "市区町村コード": 204, "所在地": "北海道旭川市宮下通７丁目２番５号イオンモール２階", "緯度": 43.764158, "経度": 142.357425, "url": "https://www.iryou.teikyouseido.mhlw.go.jp/znk-web/juminkanja/S2430/initialize?prefCd=01&kikanCd=3010035440&kikanKbn=3", "url2": "http://rena-dc.com/", "内容": "レナ歯科【3:歯科】北海道旭川市宮下通７丁目２番５号イオンモール２階" }, "geometry": { "type": "Point", "coordinates": [ 142.357425, 43.764158 ] } },
{ "type": "Feature", "properties": { "ID": 133010035450, "正式名称": "フロンティアデンタルクリニック", "機関区分": 3, "都道府県コード": 1, "市区町村コード": 204, "所在地": "北海道旭川市４条通１４丁目９１１番地", "緯度": 43.765491, "経度": 142.37123, "url": "https://www.iryou.teikyouseido.mhlw.go.jp/znk-web/juminkanja/S2430/initialize?prefCd=01&kikanCd=3010035450&kikanKbn=3", "url2": null, "内容": "フロンティアデンタルクリニック【3:歯科】北海道旭川市４条通１４丁目９１１番地" }, "geometry": { "type": "Point", "coordinates": [ 142.37123, 43.765491 ] } },
{ "type": "Feature", "properties": { "ID": 133010035460, "正式名称": "はせがわ歯科クリニック", "機関区分": 3, "都道府県コード": 1, "市区町村コード": 204, "所在地": "北海道旭川市豊岡４条１丁目２７８番地１", "緯度": 43.760631, "経度": 142.390895, "url": "https://www.iryou.teikyouseido.mhlw.go.jp/znk-web/juminkanja/S2430/initialize?prefCd=01&kikanCd=3010035460&kikanKbn=3", "url2": "hasegawa-d-clinic.com", "内容": "はせがわ歯科クリニック【3:歯科】北海道旭川市豊岡４条１丁目２７８番地１" }, "geometry": { "type": "Point", "coordinates": [ 142.390895, 43.760631 ] } },
{ "type": "Feature", "properties": { "ID": 133010035480, "正式名称": "医療法人社団鹿追東町歯科医院", "機関区分": 3, "都道府県コード": 1, "市区町村コード": 634, "所在地": "北海道河東郡鹿追町東町１丁目３０番地１", "緯度": 43.100045, "経度": 142.990237, "url": "https://www.iryou.teikyouseido.mhlw.go.jp/znk-web/juminkanja/S2430/initialize?prefCd=01&kikanCd=3010035480&kikanKbn=3", "url2": null, "内容": "医療法人社団鹿追東町歯科医院【3:歯科】北海道河東郡鹿追町東町１丁目３０番地１" }, "geometry": { "type": "Point", "coordinates": [ 142.990237, 43.100045 ] } },
{ "type": "Feature", "properties": { "ID": 133010035500, "正式名称": "やよい歯科クリニック", "機関区分": 3, "都道府県コード": 1, "市区町村コード": 224, "所在地": "北海道千歳市弥生２丁目８番１０－１号", "緯度": 42.8339368, "経度": 141.6815138, "url": "https://www.iryou.teikyouseido.mhlw.go.jp/znk-web/juminkanja/S2430/initialize?prefCd=01&kikanCd=3010035500&kikanKbn=3", "url2": "http://yayoishikacts.cihp.jp/", "内容": "やよい歯科クリニック【3:歯科】北海道千歳市弥生２丁目８番１０－１号" }, "geometry": { "type": "Point", "coordinates": [ 141.6815138, 42.8339368 ] } },
{ "type": "Feature", "properties": { "ID": 133010035510, "正式名称": "玉川デンタルクリニック", "機関区分": 3, "都道府県コード": 1, "市区町村コード": 231, "所在地": "北海道恵庭市黄金南３丁目１７－５", "緯度": 42.885044, "経度": 141.595751, "url": "https://www.iryou.teikyouseido.mhlw.go.jp/znk-web/juminkanja/S2430/initialize?prefCd=01&kikanCd=3010035510&kikanKbn=3", "url2": "http://www.tamagawa-dental.net/", "内容": "玉川デンタルクリニック【3:歯科】北海道恵庭市黄金南３丁目１７－５" }, "geometry": { "type": "Point", "coordinates": [ 141.595751, 42.885044 ] } },
{ "type": "Feature", "properties": { "ID": 133010035520, "正式名称": "医療法人　社団　杏柚会　寿都歯科医院", "機関区分": 3, "都道府県コード": 1, "市区町村コード": 392, "所在地": "北海道寿都郡寿都町字渡島町７２番地７", "緯度": 42.792286, "経度": 140.23152, "url": "https://www.iryou.teikyouseido.mhlw.go.jp/znk-web/juminkanja/S2430/initialize?prefCd=01&kikanCd=3010035520&kikanKbn=3", "url2": null, "内容": "医療法人　社団　杏柚会　寿都歯科医院【3:歯科】北海道寿都郡寿都町字渡島町７２番地７" }, "geometry": { "type": "Point", "coordinates": [ 140.23152, 42.792286 ] } },
{ "type": "Feature", "properties": { "ID": 133010035540, "正式名称": "乙部せきデンタルクリニック", "機関区分": 3, "都道府県コード": 1, "市区町村コード": 364, "所在地": "北海道爾志郡乙部町緑町２４８－１", "緯度": 41.96997, "経度": 140.1376, "url": "https://www.iryou.teikyouseido.mhlw.go.jp/znk-web/juminkanja/S2430/initialize?prefCd=01&kikanCd=3010035540&kikanKbn=3", "url2": null, "内容": "乙部せきデンタルクリニック【3:歯科】北海道爾志郡乙部町緑町２４８－１" }, "geometry": { "type": "Point", "coordinates": [ 140.1376, 41.96997 ] } },
{ "type": "Feature", "properties": { "ID": 133010035550, "正式名称": "コンテ日吉歯科医院", "機関区分": 3, "都道府県コード": 1, "市区町村コード": 202, "所在地": "北海道函館市日吉町４丁目１６番２１号", "緯度": 41.8052508, "経度": 140.7904792, "url": "https://www.iryou.teikyouseido.mhlw.go.jp/znk-web/juminkanja/S2430/initialize?prefCd=01&kikanCd=3010035550&kikanKbn=3", "url2": "http://conte-hiyoshidc.com/", "内容": "コンテ日吉歯科医院【3:歯科】北海道函館市日吉町４丁目１６番２１号" }, "geometry": { "type": "Point", "coordinates": [ 140.7904792, 41.8052508 ] } },
{ "type": "Feature", "properties": { "ID": 133010035560, "正式名称": "ミライデンタルクリニック", "機関区分": 3, "都道府県コード": 1, "市区町村コード": 204, "所在地": "北海道旭川市春光１条８丁目１番６５号ＭＥＧＡドン・キホーテ旭川店１Ｆ", "緯度": 43.798488, "経度": 142.378339, "url": "https://www.iryou.teikyouseido.mhlw.go.jp/znk-web/juminkanja/S2430/initialize?prefCd=01&kikanCd=3010035560&kikanKbn=3", "url2": "https://www.mirai-dental-clinic.com", "内容": "ミライデンタルクリニック【3:歯科】北海道旭川市春光１条８丁目１番６５号ＭＥＧＡドン・キホーテ旭川店１Ｆ" }, "geometry": { "type": "Point", "coordinates": [ 142.378339, 43.798488 ] } },
{ "type": "Feature", "properties": { "ID": 133010035590, "正式名称": "医療法人社団幸悠会　小樽イースト歯科クリニック", "機関区分": 3, "都道府県コード": 1, "市区町村コード": 203, "所在地": "北海道小樽市奥沢１丁目２２－１７", "緯度": 43.1801351, "経度": 141.0047412, "url": "https://www.iryou.teikyouseido.mhlw.go.jp/znk-web/juminkanja/S2430/initialize?prefCd=01&kikanCd=3010035590&kikanKbn=3", "url2": "https://otaru-east.com/", "内容": "医療法人社団幸悠会　小樽イースト歯科クリニック【3:歯科】北海道小樽市奥沢１丁目２２－１７" }, "geometry": { "type": "Point", "coordinates": [ 141.004741200000012, 43.1801351 ] } },
{ "type": "Feature", "properties": { "ID": 133010035600, "正式名称": "ひびき野歯科クリニック", "機関区分": 3, "都道府県コード": 1, "市区町村コード": 631, "所在地": "北海道河東郡音更町ひびき野西町１丁目１－２０", "緯度": 35.875054, "経度": 139.378353, "url": "https://www.iryou.teikyouseido.mhlw.go.jp/znk-web/juminkanja/S2430/initialize?prefCd=01&kikanCd=3010035600&kikanKbn=3", "url2": "https://hibikino-dental.com/", "内容": "ひびき野歯科クリニック【3:歯科】北海道河東郡音更町ひびき野西町１丁目１－２０" }, "geometry": { "type": "Point", "coordinates": [ 139.378353, 35.875054 ] } },
{ "type": "Feature", "properties": { "ID": 133010035610, "正式名称": "たむら歯科クリニック", "機関区分": 3, "都道府県コード": 1, "市区町村コード": 210, "所在地": "北海道岩見沢市北４条西１０丁目４番１３号", "緯度": 43.2079593, "経度": 141.7501002, "url": "https://www.iryou.teikyouseido.mhlw.go.jp/znk-web/juminkanja/S2430/initialize?prefCd=01&kikanCd=3010035610&kikanKbn=3", "url2": "http://sites.google.com/site/tamuradentalpractice", "内容": "たむら歯科クリニック【3:歯科】北海道岩見沢市北４条西１０丁目４番１３号" }, "geometry": { "type": "Point", "coordinates": [ 141.7501002, 43.2079593 ] } },
{ "type": "Feature", "properties": { "ID": 133010035630, "正式名称": "ラビット歯科", "機関区分": 3, "都道府県コード": 1, "市区町村コード": 234, "所在地": "北海道北広島市新富町西２丁目１番地１４　ラフィネ・ロジュマン１０２", "緯度": 42.972786, "経度": 141.56848, "url": "https://www.iryou.teikyouseido.mhlw.go.jp/znk-web/juminkanja/S2430/initialize?prefCd=01&kikanCd=3010035630&kikanKbn=3", "url2": "http://www.rabbit-dental.com/", "内容": "ラビット歯科【3:歯科】北海道北広島市新富町西２丁目１番地１４　ラフィネ・ロジュマン１０２" }, "geometry": { "type": "Point", "coordinates": [ 141.56848, 42.972786 ] } },
{ "type": "Feature", "properties": { "ID": 133010035670, "正式名称": "春駒デンタルクリニック", "機関区分": 3, "都道府県コード": 1, "市区町村コード": 207, "所在地": "北海道帯広市西１６条南４丁目１０番１", "緯度": 42.911346, "経度": 143.179258, "url": "https://www.iryou.teikyouseido.mhlw.go.jp/znk-web/juminkanja/S2430/initialize?prefCd=01&kikanCd=3010035670&kikanKbn=3", "url2": "http://www.harukoma-dental.com", "内容": "春駒デンタルクリニック【3:歯科】北海道帯広市西１６条南４丁目１０番１" }, "geometry": { "type": "Point", "coordinates": [ 143.179258, 42.911346 ] } },
{ "type": "Feature", "properties": { "ID": 133010035690, "正式名称": "山本歯科", "機関区分": 3, "都道府県コード": 1, "市区町村コード": 205, "所在地": "北海道室蘭市知利別町２丁目２６番１号", "緯度": 42.3609514, "経度": 141.0233092, "url": "https://www.iryou.teikyouseido.mhlw.go.jp/znk-web/juminkanja/S2430/initialize?prefCd=01&kikanCd=3010035690&kikanKbn=3", "url2": "https://www.ydental-muroran.jp/", "内容": "山本歯科【3:歯科】北海道室蘭市知利別町２丁目２６番１号" }, "geometry": { "type": "Point", "coordinates": [ 141.0233092, 42.3609514 ] } },
{ "type": "Feature", "properties": { "ID": 133010035710, "正式名称": "ＧＯ歯科クリニック", "機関区分": 3, "都道府県コード": 1, "市区町村コード": 578, "所在地": "北海道白老郡白老町本町１丁目１２番３１号", "緯度": 36.328227, "経度": 136.446496, "url": "https://www.iryou.teikyouseido.mhlw.go.jp/znk-web/juminkanja/S2430/initialize?prefCd=01&kikanCd=3010035710&kikanKbn=3", "url2": "https://www.godental.jp", "内容": "ＧＯ歯科クリニック【3:歯科】北海道白老郡白老町本町１丁目１２番３１号" }, "geometry": { "type": "Point", "coordinates": [ 136.446496, 36.328227 ] } },
{ "type": "Feature", "properties": { "ID": 133010035720, "正式名称": "河村歯科", "機関区分": 3, "都道府県コード": 1, "市区町村コード": 225, "所在地": "北海道滝川市幸町４丁目５－１９", "緯度": 43.57592, "経度": 141.906999, "url": "https://www.iryou.teikyouseido.mhlw.go.jp/znk-web/juminkanja/S2430/initialize?prefCd=01&kikanCd=3010035720&kikanKbn=3", "url2": null, "内容": "河村歯科【3:歯科】北海道滝川市幸町４丁目５－１９" }, "geometry": { "type": "Point", "coordinates": [ 141.906999, 43.57592 ] } },
{ "type": "Feature", "properties": { "ID": 133010035740, "正式名称": "ねもと歯科クリニック", "機関区分": 3, "都道府県コード": 1, "市区町村コード": 101, "所在地": "北海道札幌市中央区南１条西９丁目１－１５井門札幌Ｓ１０９", "緯度": 43.05758, "経度": 141.344617, "url": "https://www.iryou.teikyouseido.mhlw.go.jp/znk-web/juminkanja/S2430/initialize?prefCd=01&kikanCd=3010035740&kikanKbn=3", "url2": "https://nemotodental.com/", "内容": "ねもと歯科クリニック【3:歯科】北海道札幌市中央区南１条西９丁目１－１５井門札幌Ｓ１０９" }, "geometry": { "type": "Point", "coordinates": [ 141.344617, 43.05758 ] } },
{ "type": "Feature", "properties": { "ID": 133010035780, "正式名称": "矯正歯科ｅｇａｏ", "機関区分": 3, "都道府県コード": 1, "市区町村コード": 101, "所在地": "北海道札幌市中央区北７条西１５丁目２８番地１１中央カクマンビル２階", "緯度": 43.067353, "経度": 141.332293, "url": "https://www.iryou.teikyouseido.mhlw.go.jp/znk-web/juminkanja/S2430/initialize?prefCd=01&kikanCd=3010035780&kikanKbn=3", "url2": "www.egao-kyousei-sapporo.com", "内容": "矯正歯科ｅｇａｏ【3:歯科】北海道札幌市中央区北７条西１５丁目２８番地１１中央カクマンビル２階" }, "geometry": { "type": "Point", "coordinates": [ 141.332293, 43.067353 ] } },
{ "type": "Feature", "properties": { "ID": 133010035790, "正式名称": "札幌太平デンタルオフィス", "機関区分": 3, "都道府県コード": 1, "市区町村コード": 102, "所在地": "北海道札幌市北区太平１１条４丁目９－１７", "緯度": 43.136541, "経度": 141.356482, "url": "https://www.iryou.teikyouseido.mhlw.go.jp/znk-web/juminkanja/S2430/initialize?prefCd=01&kikanCd=3010035790&kikanKbn=3", "url2": "http://s-taihei-do.com/", "内容": "札幌太平デンタルオフィス【3:歯科】北海道札幌市北区太平１１条４丁目９－１７" }, "geometry": { "type": "Point", "coordinates": [ 141.356482, 43.136541 ] } },
{ "type": "Feature", "properties": { "ID": 133010035800, "正式名称": "コタンデンタルクリニック", "機関区分": 3, "都道府県コード": 1, "市区町村コード": 204, "所在地": "北海道旭川市西神楽南１条２丁目６９６番地の１", "緯度": 43.683667, "経度": 142.391399, "url": "https://www.iryou.teikyouseido.mhlw.go.jp/znk-web/juminkanja/S2430/initialize?prefCd=01&kikanCd=3010035800&kikanKbn=3", "url2": "https://www.frontier-dc.com/", "内容": "コタンデンタルクリニック【3:歯科】北海道旭川市西神楽南１条２丁目６９６番地の１" }, "geometry": { "type": "Point", "coordinates": [ 142.391399, 43.683667 ] } },
{ "type": "Feature", "properties": { "ID": 133010035830, "正式名称": "バスセンター前リバー歯科", "機関区分": 3, "都道府県コード": 1, "市区町村コード": 101, "所在地": "北海道札幌市中央区北１条東３丁目２－１　クリーンリバーフィネス大通公園東", "緯度": 43.0634258, "経度": 141.3602817, "url": "https://www.iryou.teikyouseido.mhlw.go.jp/znk-web/juminkanja/S2430/initialize?prefCd=01&kikanCd=3010035830&kikanKbn=3", "url2": "https://river-dental118.com/", "内容": "バスセンター前リバー歯科【3:歯科】北海道札幌市中央区北１条東３丁目２－１　クリーンリバーフィネス大通公園東" }, "geometry": { "type": "Point", "coordinates": [ 141.3602817, 43.0634258 ] } },
{ "type": "Feature", "properties": { "ID": 133010035900, "正式名称": "桜田歯科医院", "機関区分": 3, "都道府県コード": 1, "市区町村コード": 106, "所在地": "北海道札幌市南区澄川４条２丁目１番８号　桜田ビル３階", "緯度": 43.017183, "経度": 141.366796, "url": "https://www.iryou.teikyouseido.mhlw.go.jp/znk-web/juminkanja/S2430/initialize?prefCd=01&kikanCd=3010035900&kikanKbn=3", "url2": "http://sakurada-dc.com/index.html", "内容": "桜田歯科医院【3:歯科】北海道札幌市南区澄川４条２丁目１番８号　桜田ビル３階" }, "geometry": { "type": "Point", "coordinates": [ 141.366796, 43.017183 ] } },
{ "type": "Feature", "properties": { "ID": 133010035910, "正式名称": "もりなデンタルクリニック", "機関区分": 3, "都道府県コード": 1, "市区町村コード": 101, "所在地": "北海道札幌市中央区北５条西１６丁目２番地１６　ダイアパレス北５条第２　１Ｆ", "緯度": 43.0649182, "経度": 141.3302595, "url": "https://www.iryou.teikyouseido.mhlw.go.jp/znk-web/juminkanja/S2430/initialize?prefCd=01&kikanCd=3010035910&kikanKbn=3", "url2": "http://www.morina-dental.jp/", "内容": "もりなデンタルクリニック【3:歯科】北海道札幌市中央区北５条西１６丁目２番地１６　ダイアパレス北５条第２　１Ｆ" }, "geometry": { "type": "Point", "coordinates": [ 141.330259500000011, 43.0649182 ] } },
{ "type": "Feature", "properties": { "ID": 133010035920, "正式名称": "ポテト歯科", "機関区分": 3, "都道府県コード": 1, "市区町村コード": 370, "所在地": "北海道瀬棚郡今金町字今金１１９－５", "緯度": 42.427982, "経度": 140.013321, "url": "https://www.iryou.teikyouseido.mhlw.go.jp/znk-web/juminkanja/S2430/initialize?prefCd=01&kikanCd=3010035920&kikanKbn=3", "url2": "http://potatoshika.sakura.ne.jp/wp/", "内容": "ポテト歯科【3:歯科】北海道瀬棚郡今金町字今金１１９－５" }, "geometry": { "type": "Point", "coordinates": [ 140.013321, 42.427982 ] } },
{ "type": "Feature", "properties": { "ID": 133010035930, "正式名称": "このは歯科クリニック", "機関区分": 3, "都道府県コード": 1, "市区町村コード": 102, "所在地": "北海道札幌市北区北２６条西１７丁目３番１２号", "緯度": 43.0953565, "経度": 141.3229726, "url": "https://www.iryou.teikyouseido.mhlw.go.jp/znk-web/juminkanja/S2430/initialize?prefCd=01&kikanCd=3010035930&kikanKbn=3", "url2": "http://konoha-dental.com", "内容": "このは歯科クリニック【3:歯科】北海道札幌市北区北２６条西１７丁目３番１２号" }, "geometry": { "type": "Point", "coordinates": [ 141.322972600000014, 43.0953565 ] } },
{ "type": "Feature", "properties": { "ID": 133010035970, "正式名称": "医療法人社団来仁会南郷１８丁目駅歯科クリニック", "機関区分": 3, "都道府県コード": 1, "市区町村コード": 104, "所在地": "北海道札幌市白石区南郷通１８丁目南４番８号　第２カンダビル１階", "緯度": 43.030263, "経度": 141.434559, "url": "https://www.iryou.teikyouseido.mhlw.go.jp/znk-web/juminkanja/S2430/initialize?prefCd=01&kikanCd=3010035970&kikanKbn=3", "url2": null, "内容": "医療法人社団来仁会南郷１８丁目駅歯科クリニック【3:歯科】北海道札幌市白石区南郷通１８丁目南４番８号　第２カンダビル１階" }, "geometry": { "type": "Point", "coordinates": [ 141.434559, 43.030263 ] } },
{ "type": "Feature", "properties": { "ID": 133010035980, "正式名称": "医療法人社団建志会　イオン・なえぼ歯科", "機関区分": 3, "都道府県コード": 1, "市区町村コード": 103, "所在地": "北海道札幌市東区東苗穂２条３丁目１－１イオンモール札幌苗穂２階", "緯度": 43.0797445, "経度": 141.4047881, "url": "https://www.iryou.teikyouseido.mhlw.go.jp/znk-web/juminkanja/S2430/initialize?prefCd=01&kikanCd=3010035980&kikanKbn=3", "url2": "https://naeboshika.com/", "内容": "医療法人社団建志会　イオン・なえぼ歯科【3:歯科】北海道札幌市東区東苗穂２条３丁目１－１イオンモール札幌苗穂２階" }, "geometry": { "type": "Point", "coordinates": [ 141.4047881, 43.0797445 ] } },
{ "type": "Feature", "properties": { "ID": 133010036000, "正式名称": "医療法人清智会　わたなべデンタルクリニック", "機関区分": 3, "都道府県コード": 1, "市区町村コード": 110, "所在地": "北海道札幌市清田区清田１条３丁目６－３７", "緯度": 43.003575, "経度": 141.444223, "url": "https://www.iryou.teikyouseido.mhlw.go.jp/znk-web/juminkanja/S2430/initialize?prefCd=01&kikanCd=3010036000&kikanKbn=3", "url2": "watanabe-den.com", "内容": "医療法人清智会　わたなべデンタルクリニック【3:歯科】北海道札幌市清田区清田１条３丁目６－３７" }, "geometry": { "type": "Point", "coordinates": [ 141.444223, 43.003575 ] } },
{ "type": "Feature", "properties": { "ID": 133010036010, "正式名称": "アローデンタルクリニック", "機関区分": 3, "都道府県コード": 1, "市区町村コード": 101, "所在地": "北海道札幌市中央区大通東３丁目２番３　アルファスクエア大通東３　２階", "緯度": 43.0628727, "経度": 141.3603385, "url": "https://www.iryou.teikyouseido.mhlw.go.jp/znk-web/juminkanja/S2430/initialize?prefCd=01&kikanCd=3010036010&kikanKbn=3", "url2": "https://www.arrow-dental.com", "内容": "アローデンタルクリニック【3:歯科】北海道札幌市中央区大通東３丁目２番３　アルファスクエア大通東３　２階" }, "geometry": { "type": "Point", "coordinates": [ 141.360338500000012, 43.0628727 ] } },
{ "type": "Feature", "properties": { "ID": 133010036020, "正式名称": "あんどう口腔クリニック", "機関区分": 3, "都道府県コード": 1, "市区町村コード": 101, "所在地": "北海道札幌市中央区南２条西２５丁目１ー３７　内田ビル２階　右", "緯度": 43.0547864, "経度": 141.3204378, "url": "https://www.iryou.teikyouseido.mhlw.go.jp/znk-web/juminkanja/S2430/initialize?prefCd=01&kikanCd=3010036020&kikanKbn=3", "url2": "https://www.orthomolecular-health.jp/", "内容": "あんどう口腔クリニック【3:歯科】北海道札幌市中央区南２条西２５丁目１ー３７　内田ビル２階　右" }, "geometry": { "type": "Point", "coordinates": [ 141.3204378, 43.0547864 ] } },
{ "type": "Feature", "properties": { "ID": 133010036030, "正式名称": "みどりの木歯科", "機関区分": 3, "都道府県コード": 1, "市区町村コード": 101, "所在地": "北海道札幌市中央区南７条西２４丁目１ー５", "緯度": 43.04891, "経度": 141.3232649, "url": "https://www.iryou.teikyouseido.mhlw.go.jp/znk-web/juminkanja/S2430/initialize?prefCd=01&kikanCd=3010036030&kikanKbn=3", "url2": null, "内容": "みどりの木歯科【3:歯科】北海道札幌市中央区南７条西２４丁目１ー５" }, "geometry": { "type": "Point", "coordinates": [ 141.3232649, 43.04891 ] } },
{ "type": "Feature", "properties": { "ID": 133010036050, "正式名称": "医療法人社団登陽会　よな歯科クリニック", "機関区分": 3, "都道府県コード": 1, "市区町村コード": 103, "所在地": "北海道札幌市東区東苗穂１１条３丁目１５ー３", "緯度": 43.1033954, "経度": 141.4198997, "url": "https://www.iryou.teikyouseido.mhlw.go.jp/znk-web/juminkanja/S2430/initialize?prefCd=01&kikanCd=3010036050&kikanKbn=3", "url2": "https://www.yona-shika.com/", "内容": "医療法人社団登陽会　よな歯科クリニック【3:歯科】北海道札幌市東区東苗穂１１条３丁目１５ー３" }, "geometry": { "type": "Point", "coordinates": [ 141.4198997, 43.1033954 ] } },
{ "type": "Feature", "properties": { "ID": 133010036070, "正式名称": "いこい歯科", "機関区分": 3, "都道府県コード": 1, "市区町村コード": 105, "所在地": "北海道札幌市豊平区豊平１条２丁目１番２９号", "緯度": 43.0558555, "経度": 141.3692148, "url": "https://www.iryou.teikyouseido.mhlw.go.jp/znk-web/juminkanja/S2430/initialize?prefCd=01&kikanCd=3010036070&kikanKbn=3", "url2": "ikoidental.com", "内容": "いこい歯科【3:歯科】北海道札幌市豊平区豊平１条２丁目１番２９号" }, "geometry": { "type": "Point", "coordinates": [ 141.3692148, 43.0558555 ] } },
{ "type": "Feature", "properties": { "ID": 133010036090, "正式名称": "きたのファミリー歯科", "機関区分": 3, "都道府県コード": 1, "市区町村コード": 110, "所在地": "北海道札幌市清田区北野３条１丁目１２番１号", "緯度": 43.01411, "経度": 141.430315, "url": "https://www.iryou.teikyouseido.mhlw.go.jp/znk-web/juminkanja/S2430/initialize?prefCd=01&kikanCd=3010036090&kikanKbn=3", "url2": "http://kitano-family-dc.com/", "内容": "きたのファミリー歯科【3:歯科】北海道札幌市清田区北野３条１丁目１２番１号" }, "geometry": { "type": "Point", "coordinates": [ 141.430315, 43.01411 ] } },
{ "type": "Feature", "properties": { "ID": 133010036100, "正式名称": "かわぞえ歯科クリニック", "機関区分": 3, "都道府県コード": 1, "市区町村コード": 106, "所在地": "北海道札幌市南区川沿１１条３丁目１ー２８", "緯度": 42.9812092, "経度": 141.3303133, "url": "https://www.iryou.teikyouseido.mhlw.go.jp/znk-web/juminkanja/S2430/initialize?prefCd=01&kikanCd=3010036100&kikanKbn=3", "url2": "http://kawazoe-dentai.jp/", "内容": "かわぞえ歯科クリニック【3:歯科】北海道札幌市南区川沿１１条３丁目１ー２８" }, "geometry": { "type": "Point", "coordinates": [ 141.3303133, 42.9812092 ] } },
{ "type": "Feature", "properties": { "ID": 133010036110, "正式名称": "ひろきデンタルクリニック", "機関区分": 3, "都道府県コード": 1, "市区町村コード": 107, "所在地": "北海道札幌市西区西野１条９丁目１５番１３号エフビル９一階", "緯度": 43.084307, "経度": 141.272048, "url": "https://www.iryou.teikyouseido.mhlw.go.jp/znk-web/juminkanja/S2430/initialize?prefCd=01&kikanCd=3010036110&kikanKbn=3", "url2": "hiroki-dentalclinic.com", "内容": "ひろきデンタルクリニック【3:歯科】北海道札幌市西区西野１条９丁目１５番１３号エフビル９一階" }, "geometry": { "type": "Point", "coordinates": [ 141.272048, 43.084307 ] } },
{ "type": "Feature", "properties": { "ID": 133010036120, "正式名称": "さわだ歯科クリニック", "機関区分": 3, "都道府県コード": 1, "市区町村コード": 107, "所在地": "北海道札幌市西区八軒３条西１丁目４ー２４", "緯度": 43.0855303, "経度": 141.3118405, "url": "https://www.iryou.teikyouseido.mhlw.go.jp/znk-web/juminkanja/S2430/initialize?prefCd=01&kikanCd=3010036120&kikanKbn=3", "url2": null, "内容": "さわだ歯科クリニック【3:歯科】北海道札幌市西区八軒３条西１丁目４ー２４" }, "geometry": { "type": "Point", "coordinates": [ 141.311840499999988, 43.085530299999988 ] } },
{ "type": "Feature", "properties": { "ID": 133010036130, "正式名称": "なないろ歯科クリニック", "機関区分": 3, "都道府県コード": 1, "市区町村コード": 109, "所在地": "北海道札幌市手稲区新発寒２条１丁目１番１０号　ＣＲＯＳＳＭＡＬＬ", "緯度": 43.1071162, "経度": 141.2729101, "url": "https://www.iryou.teikyouseido.mhlw.go.jp/znk-web/juminkanja/S2430/initialize?prefCd=01&kikanCd=3010036130&kikanKbn=3", "url2": "http://nanairo-dental.jp/", "内容": "なないろ歯科クリニック【3:歯科】北海道札幌市手稲区新発寒２条１丁目１番１０号　ＣＲＯＳＳＭＡＬＬ" }, "geometry": { "type": "Point", "coordinates": [ 141.2729101, 43.1071162 ] } },
{ "type": "Feature", "properties": { "ID": 133010036140, "正式名称": "札幌テイネ歯科口腔外科クリニック", "機関区分": 3, "都道府県コード": 1, "市区町村コード": 109, "所在地": "北海道札幌市手稲区前田４条１０丁目２番１号", "緯度": 43.1225501, "経度": 141.2507566, "url": "https://www.iryou.teikyouseido.mhlw.go.jp/znk-web/juminkanja/S2430/initialize?prefCd=01&kikanCd=3010036140&kikanKbn=3", "url2": "https://www.teine-oralsurgery.com", "内容": "札幌テイネ歯科口腔外科クリニック【3:歯科】北海道札幌市手稲区前田４条１０丁目２番１号" }, "geometry": { "type": "Point", "coordinates": [ 141.250756599999988, 43.1225501 ] } },
{ "type": "Feature", "properties": { "ID": 133010036160, "正式名称": "Ｗｅｓｔ４　Ｄｅｎｔａｌ　Ｃｌｉｎｉｃ", "機関区分": 3, "都道府県コード": 1, "市区町村コード": 101, "所在地": "北海道札幌市中央区南１条西４丁目７番１号　クリエイトビル６階", "緯度": 43.0586037, "経度": 141.3513846, "url": "https://www.iryou.teikyouseido.mhlw.go.jp/znk-web/juminkanja/S2430/initialize?prefCd=01&kikanCd=3010036160&kikanKbn=3", "url2": null, "内容": "Ｗｅｓｔ４　Ｄｅｎｔａｌ　Ｃｌｉｎｉｃ【3:歯科】北海道札幌市中央区南１条西４丁目７番１号　クリエイトビル６階" }, "geometry": { "type": "Point", "coordinates": [ 141.351384599999989, 43.0586037 ] } },
{ "type": "Feature", "properties": { "ID": 133010036170, "正式名称": "医療法人社団　一真会ブランデンタルクリニック伏見", "機関区分": 3, "都道府県コード": 1, "市区町村コード": 101, "所在地": "北海道札幌市中央区南１８条西１７丁目１番１号　伏見センタービル２階", "緯度": 43.03494, "経度": 141.332877, "url": "https://www.iryou.teikyouseido.mhlw.go.jp/znk-web/juminkanja/S2430/initialize?prefCd=01&kikanCd=3010036170&kikanKbn=3", "url2": "http://blanc-dental.net/", "内容": "医療法人社団　一真会ブランデンタルクリニック伏見【3:歯科】北海道札幌市中央区南１８条西１７丁目１番１号　伏見センタービル２階" }, "geometry": { "type": "Point", "coordinates": [ 141.332877, 43.03494 ] } },
{ "type": "Feature", "properties": { "ID": 133010036180, "正式名称": "医療法人社団厚寿会　大浦歯科クリニック", "機関区分": 3, "都道府県コード": 1, "市区町村コード": 102, "所在地": "北海道札幌市北区屯田五条７丁目１番７１号", "緯度": 43.13183, "経度": 141.329079, "url": "https://www.iryou.teikyouseido.mhlw.go.jp/znk-web/juminkanja/S2430/initialize?prefCd=01&kikanCd=3010036180&kikanKbn=3", "url2": null, "内容": "医療法人社団厚寿会　大浦歯科クリニック【3:歯科】北海道札幌市北区屯田五条７丁目１番７１号" }, "geometry": { "type": "Point", "coordinates": [ 141.329079, 43.13183 ] } },
{ "type": "Feature", "properties": { "ID": 133010036200, "正式名称": "医療法人社団カインド　カインドデンタルクリニック", "機関区分": 3, "都道府県コード": 1, "市区町村コード": 103, "所在地": "北海道札幌市東区東雁来１１条１丁目２番１６号", "緯度": 43.099364, "経度": 141.425055, "url": "https://www.iryou.teikyouseido.mhlw.go.jp/znk-web/juminkanja/S2430/initialize?prefCd=01&kikanCd=3010036200&kikanKbn=3", "url2": "https://kind-dental-clinic.com", "内容": "医療法人社団カインド　カインドデンタルクリニック【3:歯科】北海道札幌市東区東雁来１１条１丁目２番１６号" }, "geometry": { "type": "Point", "coordinates": [ 141.425055, 43.099364 ] } },
{ "type": "Feature", "properties": { "ID": 133010036210, "正式名称": "月寒ファミリー歯科医院", "機関区分": 3, "都道府県コード": 1, "市区町村コード": 105, "所在地": "北海道札幌市豊平区月寒中央通６丁目３番２８号　メトロ月寒中央２階２号室", "緯度": 43.031801, "経度": 141.395874, "url": "https://www.iryou.teikyouseido.mhlw.go.jp/znk-web/juminkanja/S2430/initialize?prefCd=01&kikanCd=3010036210&kikanKbn=3", "url2": null, "内容": "月寒ファミリー歯科医院【3:歯科】北海道札幌市豊平区月寒中央通６丁目３番２８号　メトロ月寒中央２階２号室" }, "geometry": { "type": "Point", "coordinates": [ 141.395874, 43.031801 ] } },
{ "type": "Feature", "properties": { "ID": 133010036220, "正式名称": "福住デンタルオフィス", "機関区分": 3, "都道府県コード": 1, "市区町村コード": 105, "所在地": "北海道札幌市豊平区福住２条２丁目７ー５", "緯度": 43.01711, "経度": 141.403789, "url": "https://www.iryou.teikyouseido.mhlw.go.jp/znk-web/juminkanja/S2430/initialize?prefCd=01&kikanCd=3010036220&kikanKbn=3", "url2": "www.fukuzumi-dental.com", "内容": "福住デンタルオフィス【3:歯科】北海道札幌市豊平区福住２条２丁目７ー５" }, "geometry": { "type": "Point", "coordinates": [ 141.403789, 43.01711 ] } },
{ "type": "Feature", "properties": { "ID": 133010036250, "正式名称": "スワローケアクリニック", "機関区分": 3, "都道府県コード": 1, "市区町村コード": 204, "所在地": "北海道旭川市神居２条１７丁目１番１８号", "緯度": 43.7520126, "経度": 142.3405454, "url": "https://www.iryou.teikyouseido.mhlw.go.jp/znk-web/juminkanja/S2430/initialize?prefCd=01&kikanCd=3010036250&kikanKbn=3", "url2": null, "内容": "スワローケアクリニック【3:歯科】北海道旭川市神居２条１７丁目１番１８号" }, "geometry": { "type": "Point", "coordinates": [ 142.3405454, 43.7520126 ] } },
{ "type": "Feature", "properties": { "ID": 133010036270, "正式名称": "ほべつ歯科クリニック", "機関区分": 3, "都道府県コード": 1, "市区町村コード": 586, "所在地": "北海道勇払郡むかわ町穂別８１番地１号", "緯度": 42.762398, "経度": 142.1372, "url": "https://www.iryou.teikyouseido.mhlw.go.jp/znk-web/juminkanja/S2430/initialize?prefCd=01&kikanCd=3010036270&kikanKbn=3", "url2": "http://hobetushika.blog.jp/", "内容": "ほべつ歯科クリニック【3:歯科】北海道勇払郡むかわ町穂別８１番地１号" }, "geometry": { "type": "Point", "coordinates": [ 142.1372, 42.762398 ] } },
{ "type": "Feature", "properties": { "ID": 133010036290, "正式名称": "医療法人社団きたもり歯科医院", "機関区分": 3, "都道府県コード": 1, "市区町村コード": 204, "所在地": "北海道旭川市神楽３条１１丁目１番２号", "緯度": 43.754825, "経度": 142.358454, "url": "https://www.iryou.teikyouseido.mhlw.go.jp/znk-web/juminkanja/S2430/initialize?prefCd=01&kikanCd=3010036290&kikanKbn=3", "url2": "kitamori-dental.com", "内容": "医療法人社団きたもり歯科医院【3:歯科】北海道旭川市神楽３条１１丁目１番２号" }, "geometry": { "type": "Point", "coordinates": [ 142.358454, 43.754825 ] } },
{ "type": "Feature", "properties": { "ID": 133010036320, "正式名称": "プラスファイブ歯科", "機関区分": 3, "都道府県コード": 1, "市区町村コード": 101, "所在地": "北海道札幌市中央区南１２条西８丁目１－２５　ヴィラ栄　Ｎｏ．９　１階", "緯度": 43.0445566, "経度": 141.347344, "url": "https://www.iryou.teikyouseido.mhlw.go.jp/znk-web/juminkanja/S2430/initialize?prefCd=01&kikanCd=3010036320&kikanKbn=3", "url2": null, "内容": "プラスファイブ歯科【3:歯科】北海道札幌市中央区南１２条西８丁目１－２５　ヴィラ栄　Ｎｏ．９　１階" }, "geometry": { "type": "Point", "coordinates": [ 141.347344, 43.0445566 ] } },
{ "type": "Feature", "properties": { "ID": 133010036330, "正式名称": "札幌ＭＡ矯正歯科", "機関区分": 3, "都道府県コード": 1, "市区町村コード": 101, "所在地": "北海道札幌市中央区北１条西３丁目３番地　敷島北一条ビル８階", "緯度": 43.06239, "経度": 141.351974, "url": "https://www.iryou.teikyouseido.mhlw.go.jp/znk-web/juminkanja/S2430/initialize?prefCd=01&kikanCd=3010036330&kikanKbn=3", "url2": "http://sapporo-maortho.com", "内容": "札幌ＭＡ矯正歯科【3:歯科】北海道札幌市中央区北１条西３丁目３番地　敷島北一条ビル８階" }, "geometry": { "type": "Point", "coordinates": [ 141.351974, 43.06239 ] } },
{ "type": "Feature", "properties": { "ID": 133010036340, "正式名称": "こまいデンタルクリニック", "機関区分": 3, "都道府県コード": 1, "市区町村コード": 101, "所在地": "北海道札幌市中央区北４条西１６丁目１－３　栗林幌西ビル１階", "緯度": 43.0638602, "経度": 141.3307537, "url": "https://www.iryou.teikyouseido.mhlw.go.jp/znk-web/juminkanja/S2430/initialize?prefCd=01&kikanCd=3010036340&kikanKbn=3", "url2": "https://komai-dental.net", "内容": "こまいデンタルクリニック【3:歯科】北海道札幌市中央区北４条西１６丁目１－３　栗林幌西ビル１階" }, "geometry": { "type": "Point", "coordinates": [ 141.3307537, 43.0638602 ] } },
{ "type": "Feature", "properties": { "ID": 133010036350, "正式名称": "すずらん歯科クリニック", "機関区分": 3, "都道府県コード": 1, "市区町村コード": 103, "所在地": "北海道札幌市東区伏古１１条４丁目１番２８号", "緯度": 43.095133, "経度": 141.40019, "url": "https://www.iryou.teikyouseido.mhlw.go.jp/znk-web/juminkanja/S2430/initialize?prefCd=01&kikanCd=3010036350&kikanKbn=3", "url2": "http://suzuran-shika.jp/", "内容": "すずらん歯科クリニック【3:歯科】北海道札幌市東区伏古１１条４丁目１番２８号" }, "geometry": { "type": "Point", "coordinates": [ 141.40019, 43.095133 ] } },
{ "type": "Feature", "properties": { "ID": 133010036410, "正式名称": "医療法人社団来仁会　琴似駅前歯科クリニック", "機関区分": 3, "都道府県コード": 1, "市区町村コード": 107, "所在地": "北海道札幌市西区琴似２条５丁目１番３号　北幸ビル１Ｆ", "緯度": 43.075935, "経度": 141.302684, "url": "https://www.iryou.teikyouseido.mhlw.go.jp/znk-web/juminkanja/S2430/initialize?prefCd=01&kikanCd=3010036410&kikanKbn=3", "url2": "kotoni-dental.com", "内容": "医療法人社団来仁会　琴似駅前歯科クリニック【3:歯科】北海道札幌市西区琴似２条５丁目１番３号　北幸ビル１Ｆ" }, "geometry": { "type": "Point", "coordinates": [ 141.302684, 43.075935 ] } },
{ "type": "Feature", "properties": { "ID": 133010036420, "正式名称": "えのもと歯科", "機関区分": 3, "都道府県コード": 1, "市区町村コード": 107, "所在地": "北海道札幌市西区八軒５条西９丁目４－２１　ＮＥＯｂｌｄｇ．八軒", "緯度": 43.0941504, "経度": 141.3023018, "url": "https://www.iryou.teikyouseido.mhlw.go.jp/znk-web/juminkanja/S2430/initialize?prefCd=01&kikanCd=3010036420&kikanKbn=3", "url2": "http://www.enodental.com", "内容": "えのもと歯科【3:歯科】北海道札幌市西区八軒５条西９丁目４－２１　ＮＥＯｂｌｄｇ．八軒" }, "geometry": { "type": "Point", "coordinates": [ 141.3023018, 43.0941504 ] } },
{ "type": "Feature", "properties": { "ID": 133010036430, "正式名称": "まきうら歯科", "機関区分": 3, "都道府県コード": 1, "市区町村コード": 217, "所在地": "北海道江別市大麻東町２７番地５", "緯度": 36.344164, "経度": 136.505761, "url": "https://www.iryou.teikyouseido.mhlw.go.jp/znk-web/juminkanja/S2430/initialize?prefCd=01&kikanCd=3010036430&kikanKbn=3", "url2": null, "内容": "まきうら歯科【3:歯科】北海道江別市大麻東町２７番地５" }, "geometry": { "type": "Point", "coordinates": [ 136.505761, 36.344164 ] } },
{ "type": "Feature", "properties": { "ID": 133010036440, "正式名称": "医療法人社団中央歯科医院", "機関区分": 3, "都道府県コード": 1, "市区町村コード": 217, "所在地": "北海道江別市中央町１番地１７", "緯度": 43.1044133, "経度": 141.526267, "url": "https://www.iryou.teikyouseido.mhlw.go.jp/znk-web/juminkanja/S2430/initialize?prefCd=01&kikanCd=3010036440&kikanKbn=3", "url2": "ebetsu-chuoshika.com", "内容": "医療法人社団中央歯科医院【3:歯科】北海道江別市中央町１番地１７" }, "geometry": { "type": "Point", "coordinates": [ 141.526267, 43.1044133 ] } },
{ "type": "Feature", "properties": { "ID": 133010036450, "正式名称": "コープ歯科クリニック", "機関区分": 3, "都道府県コード": 1, "市区町村コード": 235, "所在地": "北海道石狩市花川北３条３丁目９－２コープさっぽろいしかり店２Ｆ", "緯度": 43.1621321, "経度": 141.3121552, "url": "https://www.iryou.teikyouseido.mhlw.go.jp/znk-web/juminkanja/S2430/initialize?prefCd=01&kikanCd=3010036450&kikanKbn=3", "url2": null, "内容": "コープ歯科クリニック【3:歯科】北海道石狩市花川北３条３丁目９－２コープさっぽろいしかり店２Ｆ" }, "geometry": { "type": "Point", "coordinates": [ 141.3121552, 43.1621321 ] } },
{ "type": "Feature", "properties": { "ID": 133010036460, "正式名称": "オノザトデンタルオフィス", "機関区分": 3, "都道府県コード": 1, "市区町村コード": 101, "所在地": "北海道札幌市中央区大通西２３丁目１－１６", "緯度": 43.0566, "経度": 141.321959, "url": "https://www.iryou.teikyouseido.mhlw.go.jp/znk-web/juminkanja/S2430/initialize?prefCd=01&kikanCd=3010036460&kikanKbn=3", "url2": null, "内容": "オノザトデンタルオフィス【3:歯科】北海道札幌市中央区大通西２３丁目１－１６" }, "geometry": { "type": "Point", "coordinates": [ 141.321959, 43.0566 ] } },
{ "type": "Feature", "properties": { "ID": 133010036500, "正式名称": "すみかわ歯科", "機関区分": 3, "都道府県コード": 1, "市区町村コード": 106, "所在地": "北海道札幌市南区澄川６条９丁目９－１", "緯度": 43.0019316, "経度": 141.3739978, "url": "https://www.iryou.teikyouseido.mhlw.go.jp/znk-web/juminkanja/S2430/initialize?prefCd=01&kikanCd=3010036500&kikanKbn=3", "url2": "sumikawa-dental.com", "内容": "すみかわ歯科【3:歯科】北海道札幌市南区澄川６条９丁目９－１" }, "geometry": { "type": "Point", "coordinates": [ 141.373997800000012, 43.0019316 ] } },
{ "type": "Feature", "properties": { "ID": 133010036510, "正式名称": "荒川デンタルクリニック", "機関区分": 3, "都道府県コード": 1, "市区町村コード": 101, "所在地": "北海道札幌市中央区北２条西１丁目１マルイト札幌ビル２Ｆ", "緯度": 43.064604, "経度": 141.355458, "url": "https://www.iryou.teikyouseido.mhlw.go.jp/znk-web/juminkanja/S2430/initialize?prefCd=01&kikanCd=3010036510&kikanKbn=3", "url2": "https://www.arakawa-dent.com", "内容": "荒川デンタルクリニック【3:歯科】北海道札幌市中央区北２条西１丁目１マルイト札幌ビル２Ｆ" }, "geometry": { "type": "Point", "coordinates": [ 141.355458, 43.064604 ] } },
{ "type": "Feature", "properties": { "ID": 133010036520, "正式名称": "よこやま歯科医院", "機関区分": 3, "都道府県コード": 1, "市区町村コード": 108, "所在地": "北海道札幌市厚別区もみじ台南６丁目１－４", "緯度": 43.025159, "経度": 141.501124, "url": "https://www.iryou.teikyouseido.mhlw.go.jp/znk-web/juminkanja/S2430/initialize?prefCd=01&kikanCd=3010036520&kikanKbn=3", "url2": null, "内容": "よこやま歯科医院【3:歯科】北海道札幌市厚別区もみじ台南６丁目１－４" }, "geometry": { "type": "Point", "coordinates": [ 141.501124, 43.025159 ] } },
{ "type": "Feature", "properties": { "ID": 133010036540, "正式名称": "ニシヤデンタルクリニック", "機関区分": 3, "都道府県コード": 1, "市区町村コード": 231, "所在地": "北海道恵庭市有明町５丁目１２番１１号", "緯度": 42.888321, "経度": 141.576364, "url": "https://www.iryou.teikyouseido.mhlw.go.jp/znk-web/juminkanja/S2430/initialize?prefCd=01&kikanCd=3010036540&kikanKbn=3", "url2": "http://nishiyadc.jp", "内容": "ニシヤデンタルクリニック【3:歯科】北海道恵庭市有明町５丁目１２番１１号" }, "geometry": { "type": "Point", "coordinates": [ 141.576364, 42.888321 ] } },
{ "type": "Feature", "properties": { "ID": 133010036570, "正式名称": "おかだガーデン歯科クリニック", "機関区分": 3, "都道府県コード": 1, "市区町村コード": 103, "所在地": "北海道札幌市東区北６条東６丁目２番地３号１階", "緯度": 43.070059, "経度": 141.36403, "url": "https://www.iryou.teikyouseido.mhlw.go.jp/znk-web/juminkanja/S2430/initialize?prefCd=01&kikanCd=3010036570&kikanKbn=3", "url2": "okada-garden-dc.com", "内容": "おかだガーデン歯科クリニック【3:歯科】北海道札幌市東区北６条東６丁目２番地３号１階" }, "geometry": { "type": "Point", "coordinates": [ 141.36403, 43.070059 ] } },
{ "type": "Feature", "properties": { "ID": 133010036600, "正式名称": "北海道口腔病理診断所", "機関区分": 3, "都道府県コード": 1, "市区町村コード": 101, "所在地": "北海道札幌市中央区北３条西１７丁目２－２－７０２", "緯度": 43.0615954, "経度": 141.3293944, "url": "https://www.iryou.teikyouseido.mhlw.go.jp/znk-web/juminkanja/S2430/initialize?prefCd=01&kikanCd=3010036600&kikanKbn=3", "url2": "https://hokkaido-oral-pathology.jp/", "内容": "北海道口腔病理診断所【3:歯科】北海道札幌市中央区北３条西１７丁目２－２－７０２" }, "geometry": { "type": "Point", "coordinates": [ 141.329394400000012, 43.061595399999987 ] } },
{ "type": "Feature", "properties": { "ID": 133010036610, "正式名称": "額賀歯科医院", "機関区分": 3, "都道府県コード": 1, "市区町村コード": 202, "所在地": "北海道函館市末広町４番２５号", "緯度": 41.763158, "経度": 140.716691, "url": "https://www.iryou.teikyouseido.mhlw.go.jp/znk-web/juminkanja/S2430/initialize?prefCd=01&kikanCd=3010036610&kikanKbn=3", "url2": "http://www14.plala.or.jp.nukagasika/", "内容": "額賀歯科医院【3:歯科】北海道函館市末広町４番２５号" }, "geometry": { "type": "Point", "coordinates": [ 140.716691, 41.763158 ] } },
{ "type": "Feature", "properties": { "ID": 133010036630, "正式名称": "医療法人社団いとう歯科クリニック", "機関区分": 3, "都道府県コード": 1, "市区町村コード": 204, "所在地": "北海道旭川市川端町４条６丁目４番１９号", "緯度": 43.7813961, "経度": 142.3502, "url": "https://www.iryou.teikyouseido.mhlw.go.jp/znk-web/juminkanja/S2430/initialize?prefCd=01&kikanCd=3010036630&kikanKbn=3", "url2": null, "内容": "医療法人社団いとう歯科クリニック【3:歯科】北海道旭川市川端町４条６丁目４番１９号" }, "geometry": { "type": "Point", "coordinates": [ 142.3502, 43.781396099999988 ] } },
{ "type": "Feature", "properties": { "ID": 133010036640, "正式名称": "医療法人ちむ歯科　元町ちむ歯科", "機関区分": 3, "都道府県コード": 1, "市区町村コード": 103, "所在地": "北海道札幌市東区北２２条東１６丁目１番地５号１Ｆ", "緯度": 43.091823, "経度": 141.372566, "url": "https://www.iryou.teikyouseido.mhlw.go.jp/znk-web/juminkanja/S2430/initialize?prefCd=01&kikanCd=3010036640&kikanKbn=3", "url2": "http://www.motomachi-chimu-dental.com/", "内容": "医療法人ちむ歯科　元町ちむ歯科【3:歯科】北海道札幌市東区北２２条東１６丁目１番地５号１Ｆ" }, "geometry": { "type": "Point", "coordinates": [ 141.372566, 43.091823 ] } },
{ "type": "Feature", "properties": { "ID": 133010036650, "正式名称": "新札幌駅歯科", "機関区分": 3, "都道府県コード": 1, "市区町村コード": 108, "所在地": "北海道札幌市厚別区厚別中央２条５丁目６－３新さっぽろデュオ２　五階", "緯度": 43.038584, "経度": 141.472377, "url": "https://www.iryou.teikyouseido.mhlw.go.jp/znk-web/juminkanja/S2430/initialize?prefCd=01&kikanCd=3010036650&kikanKbn=3", "url2": "https://shinsapporo-shika.com", "内容": "新札幌駅歯科【3:歯科】北海道札幌市厚別区厚別中央２条５丁目６－３新さっぽろデュオ２　五階" }, "geometry": { "type": "Point", "coordinates": [ 141.472377, 43.038584 ] } },
{ "type": "Feature", "properties": { "ID": 133010036680, "正式名称": "壽（ことぶき）歯科", "機関区分": 3, "都道府県コード": 1, "市区町村コード": 103, "所在地": "北海道札幌市東区北３６条東２６丁目２－３２　第２トレジャービル一階", "緯度": 43.103061, "経度": 141.388005, "url": "https://www.iryou.teikyouseido.mhlw.go.jp/znk-web/juminkanja/S2430/initialize?prefCd=01&kikanCd=3010036680&kikanKbn=3", "url2": "www.kotobukishika.jp/access.html", "内容": "壽（ことぶき）歯科【3:歯科】北海道札幌市東区北３６条東２６丁目２－３２　第２トレジャービル一階" }, "geometry": { "type": "Point", "coordinates": [ 141.388005, 43.103061 ] } },
{ "type": "Feature", "properties": { "ID": 133010036700, "正式名称": "やちだ歯科クリニック", "機関区分": 3, "都道府県コード": 1, "市区町村コード": 102, "所在地": "北海道札幌市北区百合が原９丁目１４番２号", "緯度": 43.13725, "経度": 141.36478, "url": "https://www.iryou.teikyouseido.mhlw.go.jp/znk-web/juminkanja/S2430/initialize?prefCd=01&kikanCd=3010036700&kikanKbn=3", "url2": "https://yachida-dental.com/", "内容": "やちだ歯科クリニック【3:歯科】北海道札幌市北区百合が原９丁目１４番２号" }, "geometry": { "type": "Point", "coordinates": [ 141.36478, 43.13725 ] } },
{ "type": "Feature", "properties": { "ID": 133010036710, "正式名称": "さっぽろデンタルオフィスパートナーズ", "機関区分": 3, "都道府県コード": 1, "市区町村コード": 101, "所在地": "北海道札幌市中央区南２２条西７丁目１－２７", "緯度": 43.0299947, "経度": 141.3510181, "url": "https://www.iryou.teikyouseido.mhlw.go.jp/znk-web/juminkanja/S2430/initialize?prefCd=01&kikanCd=3010036710&kikanKbn=3", "url2": "https://dentaloffice-partners.com/", "内容": "さっぽろデンタルオフィスパートナーズ【3:歯科】北海道札幌市中央区南２２条西７丁目１－２７" }, "geometry": { "type": "Point", "coordinates": [ 141.3510181, 43.0299947 ] } },
{ "type": "Feature", "properties": { "ID": 133010036750, "正式名称": "利尻町仙法志歯科診療所", "機関区分": 3, "都道府県コード": 1, "市区町村コード": 518, "所在地": "北海道利尻郡利尻町仙法志字本町６７番地４", "緯度": 45.109066, "経度": 141.21779, "url": "https://www.iryou.teikyouseido.mhlw.go.jp/znk-web/juminkanja/S2430/initialize?prefCd=01&kikanCd=3010036750&kikanKbn=3", "url2": null, "内容": "利尻町仙法志歯科診療所【3:歯科】北海道利尻郡利尻町仙法志字本町６７番地４" }, "geometry": { "type": "Point", "coordinates": [ 141.21779, 45.109066 ] } },
{ "type": "Feature", "properties": { "ID": 133010036800, "正式名称": "東苗穂デンタルクリニック", "機関区分": 3, "都道府県コード": 1, "市区町村コード": 103, "所在地": "北海道札幌市東区東苗穂９条１丁目１－１６", "緯度": 43.100518, "経度": 141.408563, "url": "https://www.iryou.teikyouseido.mhlw.go.jp/znk-web/juminkanja/S2430/initialize?prefCd=01&kikanCd=3010036800&kikanKbn=3", "url2": "https://higashinaebo-dc.com/", "内容": "東苗穂デンタルクリニック【3:歯科】北海道札幌市東区東苗穂９条１丁目１－１６" }, "geometry": { "type": "Point", "coordinates": [ 141.408563, 43.100518 ] } },
{ "type": "Feature", "properties": { "ID": 133010036830, "正式名称": "医療法人あかつき　あかつき総合歯科", "機関区分": 3, "都道府県コード": 1, "市区町村コード": 206, "所在地": "北海道釧路市愛国西１－１３－１", "緯度": 35.783842, "経度": 139.431056, "url": "https://www.iryou.teikyouseido.mhlw.go.jp/znk-web/juminkanja/S2430/initialize?prefCd=01&kikanCd=3010036830&kikanKbn=3", "url2": "http://akatsukidc.jp/", "内容": "医療法人あかつき　あかつき総合歯科【3:歯科】北海道釧路市愛国西１－１３－１" }, "geometry": { "type": "Point", "coordinates": [ 139.431056, 35.783842 ] } },
{ "type": "Feature", "properties": { "ID": 133010036860, "正式名称": "のろ歯科クリニック", "機関区分": 3, "都道府県コード": 1, "市区町村コード": 105, "所在地": "北海道札幌市豊平区福住１条２丁目９－２３ノアガーデンペイサージュ１Ｆ", "緯度": 43.018859, "経度": 141.399623, "url": "https://www.iryou.teikyouseido.mhlw.go.jp/znk-web/juminkanja/S2430/initialize?prefCd=01&kikanCd=3010036860&kikanKbn=3", "url2": "https://www.noron-dental.com/", "内容": "のろ歯科クリニック【3:歯科】北海道札幌市豊平区福住１条２丁目９－２３ノアガーデンペイサージュ１Ｆ" }, "geometry": { "type": "Point", "coordinates": [ 141.399623, 43.018859 ] } },
{ "type": "Feature", "properties": { "ID": 133010036890, "正式名称": "医療法人社団さいとう歯科診療室　時任本院", "機関区分": 3, "都道府県コード": 1, "市区町村コード": 202, "所在地": "北海道函館市時任町１８番１号", "緯度": 41.781619, "経度": 140.752789, "url": "https://www.iryou.teikyouseido.mhlw.go.jp/znk-web/juminkanja/S2430/initialize?prefCd=01&kikanCd=3010036890&kikanKbn=3", "url2": "http://www.saitodentalroom.com/", "内容": "医療法人社団さいとう歯科診療室　時任本院【3:歯科】北海道函館市時任町１８番１号" }, "geometry": { "type": "Point", "coordinates": [ 140.752789, 41.781619 ] } },
{ "type": "Feature", "properties": { "ID": 133010036900, "正式名称": "医療法人幸輪会　麻生ハピネス歯科クリニック", "機関区分": 3, "都道府県コード": 1, "市区町村コード": 102, "所在地": "北海道札幌市北区北３７条西８丁目３番１３号前田ビル１階", "緯度": 43.1064372, "経度": 141.3356107, "url": "https://www.iryou.teikyouseido.mhlw.go.jp/znk-web/juminkanja/S2430/initialize?prefCd=01&kikanCd=3010036900&kikanKbn=3", "url2": "https://www.happiness-dent.com/", "内容": "医療法人幸輪会　麻生ハピネス歯科クリニック【3:歯科】北海道札幌市北区北３７条西８丁目３番１３号前田ビル１階" }, "geometry": { "type": "Point", "coordinates": [ 141.335610699999989, 43.106437199999988 ] } },
{ "type": "Feature", "properties": { "ID": 133010036910, "正式名称": "新琴似うちだ歯科", "機関区分": 3, "都道府県コード": 1, "市区町村コード": 102, "所在地": "北海道札幌市北区新琴似１０条７丁目７番１３号", "緯度": 43.1199366, "経度": 141.3299194, "url": "https://www.iryou.teikyouseido.mhlw.go.jp/znk-web/juminkanja/S2430/initialize?prefCd=01&kikanCd=3010036910&kikanKbn=3", "url2": "https://www.shinkotoni-uchidashika.com", "内容": "新琴似うちだ歯科【3:歯科】北海道札幌市北区新琴似１０条７丁目７番１３号" }, "geometry": { "type": "Point", "coordinates": [ 141.3299194, 43.1199366 ] } },
{ "type": "Feature", "properties": { "ID": 133010036930, "正式名称": "うぇるかむ歯科医院", "機関区分": 3, "都道府県コード": 1, "市区町村コード": 105, "所在地": "北海道札幌市豊平区平岸６条１３丁目３－３０　パールハイムビル１階", "緯度": 43.025477, "経度": 141.380755, "url": "https://www.iryou.teikyouseido.mhlw.go.jp/znk-web/juminkanja/S2430/initialize?prefCd=01&kikanCd=3010036930&kikanKbn=3", "url2": "https://www.welcomeshika.jp/", "内容": "うぇるかむ歯科医院【3:歯科】北海道札幌市豊平区平岸６条１３丁目３－３０　パールハイムビル１階" }, "geometry": { "type": "Point", "coordinates": [ 141.380755, 43.025477 ] } },
{ "type": "Feature", "properties": { "ID": 133010036960, "正式名称": "足寄ファミリー歯科医院", "機関区分": 3, "都道府県コード": 1, "市区町村コード": 647, "所在地": "北海道足寄郡足寄町南４条３丁目１２番地２", "緯度": 43.240512, "経度": 143.549351, "url": "https://www.iryou.teikyouseido.mhlw.go.jp/znk-web/juminkanja/S2430/initialize?prefCd=01&kikanCd=3010036960&kikanKbn=3", "url2": null, "内容": "足寄ファミリー歯科医院【3:歯科】北海道足寄郡足寄町南４条３丁目１２番地２" }, "geometry": { "type": "Point", "coordinates": [ 143.549351, 43.240512 ] } },
{ "type": "Feature", "properties": { "ID": 133010036980, "正式名称": "旭川スマイル歯科クリニック", "機関区分": 3, "都道府県コード": 1, "市区町村コード": 204, "所在地": "北海道旭川市１条通１０丁目左１号", "緯度": 43.763547, "経度": 142.361842, "url": "https://www.iryou.teikyouseido.mhlw.go.jp/znk-web/juminkanja/S2430/initialize?prefCd=01&kikanCd=3010036980&kikanKbn=3", "url2": "asahikawa-smile-shika.com", "内容": "旭川スマイル歯科クリニック【3:歯科】北海道旭川市１条通１０丁目左１号" }, "geometry": { "type": "Point", "coordinates": [ 142.361842, 43.763547 ] } },
{ "type": "Feature", "properties": { "ID": 133010036990, "正式名称": "医療法人社団一芽会　めむろだいいち歯科クリニック", "機関区分": 3, "都道府県コード": 1, "市区町村コード": 637, "所在地": "北海道河西郡芽室町東６条９丁目１番地", "緯度": 42.911003, "経度": 143.05135, "url": "https://www.iryou.teikyouseido.mhlw.go.jp/znk-web/juminkanja/S2430/initialize?prefCd=01&kikanCd=3010036990&kikanKbn=3", "url2": "http://www.memuro-daiichi-dental.com/", "内容": "医療法人社団一芽会　めむろだいいち歯科クリニック【3:歯科】北海道河西郡芽室町東６条９丁目１番地" }, "geometry": { "type": "Point", "coordinates": [ 143.05135, 42.911003 ] } },
{ "type": "Feature", "properties": { "ID": 133010037000, "正式名称": "石塚歯科医院", "機関区分": 3, "都道府県コード": 1, "市区町村コード": 202, "所在地": "北海道函館市日吉町３丁目３５番５号", "緯度": 41.7958145, "経度": 140.7817441, "url": "https://www.iryou.teikyouseido.mhlw.go.jp/znk-web/juminkanja/S2430/initialize?prefCd=01&kikanCd=3010037000&kikanKbn=3", "url2": "https://dc-ishizuka118117.com", "内容": "石塚歯科医院【3:歯科】北海道函館市日吉町３丁目３５番５号" }, "geometry": { "type": "Point", "coordinates": [ 140.7817441, 41.7958145 ] } },
{ "type": "Feature", "properties": { "ID": 133010037020, "正式名称": "医療法人社団慶愛さない歯科クリニック", "機関区分": 3, "都道府県コード": 1, "市区町村コード": 207, "所在地": "北海道帯広市東３条南９丁目５番地", "緯度": 42.922387, "経度": 143.209955, "url": "https://www.iryou.teikyouseido.mhlw.go.jp/znk-web/juminkanja/S2430/initialize?prefCd=01&kikanCd=3010037020&kikanKbn=3", "url2": null, "内容": "医療法人社団慶愛さない歯科クリニック【3:歯科】北海道帯広市東３条南９丁目５番地" }, "geometry": { "type": "Point", "coordinates": [ 143.209955, 42.922387 ] } },
{ "type": "Feature", "properties": { "ID": 133010037050, "正式名称": "江別イオン歯科", "機関区分": 3, "都道府県コード": 1, "市区町村コード": 217, "所在地": "北海道江別市幸町３５番地　イオン江別店３階", "緯度": 43.0968773, "経度": 141.5333961, "url": "https://www.iryou.teikyouseido.mhlw.go.jp/znk-web/juminkanja/S2430/initialize?prefCd=01&kikanCd=3010037050&kikanKbn=3", "url2": null, "内容": "江別イオン歯科【3:歯科】北海道江別市幸町３５番地　イオン江別店３階" }, "geometry": { "type": "Point", "coordinates": [ 141.5333961, 43.0968773 ] } },
{ "type": "Feature", "properties": { "ID": 133010037060, "正式名称": "医療法人松澤デンタルクリニック", "機関区分": 3, "都道府県コード": 1, "市区町村コード": 631, "所在地": "北海道河東郡音更町木野大通東１３丁目３番地１３", "緯度": 42.9624615, "経度": 143.2106105, "url": "https://www.iryou.teikyouseido.mhlw.go.jp/znk-web/juminkanja/S2430/initialize?prefCd=01&kikanCd=3010037060&kikanKbn=3", "url2": "http://matsu-dent.jp/", "内容": "医療法人松澤デンタルクリニック【3:歯科】北海道河東郡音更町木野大通東１３丁目３番地１３" }, "geometry": { "type": "Point", "coordinates": [ 143.2106105, 42.9624615 ] } },
{ "type": "Feature", "properties": { "ID": 133010037070, "正式名称": "中町歯科", "機関区分": 3, "都道府県コード": 1, "市区町村コード": 207, "所在地": "北海道帯広市柏林台中町１丁目１番１号", "緯度": 42.923332, "経度": 143.16783, "url": "https://www.iryou.teikyouseido.mhlw.go.jp/znk-web/juminkanja/S2430/initialize?prefCd=01&kikanCd=3010037070&kikanKbn=3", "url2": "https://nakamachishika-obihiro.com", "内容": "中町歯科【3:歯科】北海道帯広市柏林台中町１丁目１番１号" }, "geometry": { "type": "Point", "coordinates": [ 143.16783, 42.923332 ] } },
{ "type": "Feature", "properties": { "ID": 133010037080, "正式名称": "お口のクリニックＯＫ歯科", "機関区分": 3, "都道府県コード": 1, "市区町村コード": 631, "所在地": "北海道河東郡音更町木野大通西１７丁目１－４　ダイイチＯＫ店内", "緯度": 42.9709935, "経度": 143.20635, "url": "https://www.iryou.teikyouseido.mhlw.go.jp/znk-web/juminkanja/S2430/initialize?prefCd=01&kikanCd=3010037080&kikanKbn=3", "url2": null, "内容": "お口のクリニックＯＫ歯科【3:歯科】北海道河東郡音更町木野大通西１７丁目１－４　ダイイチＯＫ店内" }, "geometry": { "type": "Point", "coordinates": [ 143.20635, 42.970993500000013 ] } },
{ "type": "Feature", "properties": { "ID": 133010037090, "正式名称": "さいとう歯科医院", "機関区分": 3, "都道府県コード": 1, "市区町村コード": 204, "所在地": "北海道旭川市豊岡９条５丁目４番８号", "緯度": 43.7669931, "経度": 142.4072056, "url": "https://www.iryou.teikyouseido.mhlw.go.jp/znk-web/juminkanja/S2430/initialize?prefCd=01&kikanCd=3010037090&kikanKbn=3", "url2": "https://saito-dental.info/", "内容": "さいとう歯科医院【3:歯科】北海道旭川市豊岡９条５丁目４番８号" }, "geometry": { "type": "Point", "coordinates": [ 142.4072056, 43.7669931 ] } },
{ "type": "Feature", "properties": { "ID": 133010037100, "正式名称": "クオーレ歯科クリニック", "機関区分": 3, "都道府県コード": 1, "市区町村コード": 207, "所在地": "北海道帯広市西１４条南１３丁目２－９１", "緯度": 42.9155159, "経度": 143.1827429, "url": "https://www.iryou.teikyouseido.mhlw.go.jp/znk-web/juminkanja/S2430/initialize?prefCd=01&kikanCd=3010037100&kikanKbn=3", "url2": "http://cuore-dental.com", "内容": "クオーレ歯科クリニック【3:歯科】北海道帯広市西１４条南１３丁目２－９１" }, "geometry": { "type": "Point", "coordinates": [ 143.1827429, 42.9155159 ] } },
{ "type": "Feature", "properties": { "ID": 133010037120, "正式名称": "医療法人社団穏容会　東京プラス歯科矯正歯科　札幌", "機関区分": 3, "都道府県コード": 1, "市区町村コード": 101, "所在地": "北海道札幌市中央区南１条西９丁目１番地２　北海ビル５階", "緯度": 43.058008, "経度": 141.343599, "url": "https://www.iryou.teikyouseido.mhlw.go.jp/znk-web/juminkanja/S2430/initialize?prefCd=01&kikanCd=3010037120&kikanKbn=3", "url2": "https://www.yuushinkai.com/", "内容": "医療法人社団穏容会　東京プラス歯科矯正歯科　札幌【3:歯科】北海道札幌市中央区南１条西９丁目１番地２　北海ビル５階" }, "geometry": { "type": "Point", "coordinates": [ 141.343599, 43.058008 ] } },
{ "type": "Feature", "properties": { "ID": 133010037130, "正式名称": "札幌こどものはいしゃさん", "機関区分": 3, "都道府県コード": 1, "市区町村コード": 101, "所在地": "北海道札幌市中央区北３条東６丁目３５６番地１　カーサオリゾンテ１階", "緯度": 43.067165, "経度": 141.364309, "url": "https://www.iryou.teikyouseido.mhlw.go.jp/znk-web/juminkanja/S2430/initialize?prefCd=01&kikanCd=3010037130&kikanKbn=3", "url2": "sapporo-kodomo-dentalclinic.com", "内容": "札幌こどものはいしゃさん【3:歯科】北海道札幌市中央区北３条東６丁目３５６番地１　カーサオリゾンテ１階" }, "geometry": { "type": "Point", "coordinates": [ 141.364309, 43.067165 ] } },
{ "type": "Feature", "properties": { "ID": 133010037150, "正式名称": "こころファミリー歯科", "機関区分": 3, "都道府県コード": 1, "市区町村コード": 102, "所在地": "北海道札幌市北区新琴似１条１２丁目６番５５号", "緯度": 43.111169, "経度": 141.308912, "url": "https://www.iryou.teikyouseido.mhlw.go.jp/znk-web/juminkanja/S2430/initialize?prefCd=01&kikanCd=3010037150&kikanKbn=3", "url2": "kokoro-family-dental.com", "内容": "こころファミリー歯科【3:歯科】北海道札幌市北区新琴似１条１２丁目６番５５号" }, "geometry": { "type": "Point", "coordinates": [ 141.308912, 43.111169 ] } },
{ "type": "Feature", "properties": { "ID": 133010037160, "正式名称": "さっぽろ元町歯科クリニック", "機関区分": 3, "都道府県コード": 1, "市区町村コード": 103, "所在地": "北海道札幌市東区北２７条東１５丁目１－２０", "緯度": 43.097885, "経度": 141.3704599, "url": "https://www.iryou.teikyouseido.mhlw.go.jp/znk-web/juminkanja/S2430/initialize?prefCd=01&kikanCd=3010037160&kikanKbn=3", "url2": "https://sapporo-motomachi-dc.com/", "内容": "さっぽろ元町歯科クリニック【3:歯科】北海道札幌市東区北２７条東１５丁目１－２０" }, "geometry": { "type": "Point", "coordinates": [ 141.370459899999986, 43.097885 ] } },
{ "type": "Feature", "properties": { "ID": 133010037170, "正式名称": "まえた歯科", "機関区分": 3, "都道府県コード": 1, "市区町村コード": 105, "所在地": "北海道札幌市豊平区豊平６条３丁目５－１　パークウェル豊平１Ｆ", "緯度": 43.050411, "経度": 141.365291, "url": "https://www.iryou.teikyouseido.mhlw.go.jp/znk-web/juminkanja/S2430/initialize?prefCd=01&kikanCd=3010037170&kikanKbn=3", "url2": "https://maeta-dental.com", "内容": "まえた歯科【3:歯科】北海道札幌市豊平区豊平６条３丁目５－１　パークウェル豊平１Ｆ" }, "geometry": { "type": "Point", "coordinates": [ 141.365291, 43.050411 ] } },
{ "type": "Feature", "properties": { "ID": 133010037180, "正式名称": "医療法人社団博愛会　平岸駅前こまち歯科", "機関区分": 3, "都道府県コード": 1, "市区町村コード": 105, "所在地": "北海道札幌市豊平区平岸３条８丁目１番２８号クリフサイドビル２階", "緯度": 43.033802, "経度": 141.369208, "url": "https://www.iryou.teikyouseido.mhlw.go.jp/znk-web/juminkanja/S2430/initialize?prefCd=01&kikanCd=3010037180&kikanKbn=3", "url2": "https://www.aiby-dc.com/", "内容": "医療法人社団博愛会　平岸駅前こまち歯科【3:歯科】北海道札幌市豊平区平岸３条８丁目１番２８号クリフサイドビル２階" }, "geometry": { "type": "Point", "coordinates": [ 141.369208, 43.033802 ] } },
{ "type": "Feature", "properties": { "ID": 133010037190, "正式名称": "清田の森歯科", "機関区分": 3, "都道府県コード": 1, "市区町村コード": 110, "所在地": "北海道札幌市清田区清田６条２丁目２番２０号", "緯度": 42.9943083, "経度": 141.4302968, "url": "https://www.iryou.teikyouseido.mhlw.go.jp/znk-web/juminkanja/S2430/initialize?prefCd=01&kikanCd=3010037190&kikanKbn=3", "url2": "https://www.kiyotanomori.com/", "内容": "清田の森歯科【3:歯科】北海道札幌市清田区清田６条２丁目２番２０号" }, "geometry": { "type": "Point", "coordinates": [ 141.4302968, 42.9943083 ] } },
{ "type": "Feature", "properties": { "ID": 133010037210, "正式名称": "かわのデンタルクリニック", "機関区分": 3, "都道府県コード": 1, "市区町村コード": 110, "所在地": "北海道札幌市清田区真栄１条２丁目１番地６　ラフィナート真栄１階", "緯度": 42.996557, "経度": 141.441842, "url": "https://www.iryou.teikyouseido.mhlw.go.jp/znk-web/juminkanja/S2430/initialize?prefCd=01&kikanCd=3010037210&kikanKbn=3", "url2": "https://www.dfch-kawano.com/", "内容": "かわのデンタルクリニック【3:歯科】北海道札幌市清田区真栄１条２丁目１番地６　ラフィナート真栄１階" }, "geometry": { "type": "Point", "coordinates": [ 141.441842, 42.996557 ] } },
{ "type": "Feature", "properties": { "ID": 133010037250, "正式名称": "杉デンタルクリニック", "機関区分": 3, "都道府県コード": 1, "市区町村コード": 204, "所在地": "北海道旭川市大町３条６丁目２３９７番地８４", "緯度": 43.791153, "経度": 142.35695, "url": "https://www.iryou.teikyouseido.mhlw.go.jp/znk-web/juminkanja/S2430/initialize?prefCd=01&kikanCd=3010037250&kikanKbn=3", "url2": null, "内容": "杉デンタルクリニック【3:歯科】北海道旭川市大町３条６丁目２３９７番地８４" }, "geometry": { "type": "Point", "coordinates": [ 142.35695, 43.791153 ] } },
{ "type": "Feature", "properties": { "ID": 133010037260, "正式名称": "キリン歯科", "機関区分": 3, "都道府県コード": 1, "市区町村コード": 217, "所在地": "北海道江別市文京台東町１１番地３１　パワービル大麻駅前２Ｆ", "緯度": 43.071769, "経度": 141.497141, "url": "https://www.iryou.teikyouseido.mhlw.go.jp/znk-web/juminkanja/S2430/initialize?prefCd=01&kikanCd=3010037260&kikanKbn=3", "url2": null, "内容": "キリン歯科【3:歯科】北海道江別市文京台東町１１番地３１　パワービル大麻駅前２Ｆ" }, "geometry": { "type": "Point", "coordinates": [ 141.497141, 43.071769 ] } },
{ "type": "Feature", "properties": { "ID": 133010037280, "正式名称": "医療法人優翔会　芦別ふじい歯科医院", "機関区分": 3, "都道府県コード": 1, "市区町村コード": 216, "所在地": "北海道芦別市上芦別町５０番地の６１", "緯度": 43.492912, "経度": 142.20445, "url": "https://www.iryou.teikyouseido.mhlw.go.jp/znk-web/juminkanja/S2430/initialize?prefCd=01&kikanCd=3010037280&kikanKbn=3", "url2": null, "内容": "医療法人優翔会　芦別ふじい歯科医院【3:歯科】北海道芦別市上芦別町５０番地の６１" }, "geometry": { "type": "Point", "coordinates": [ 142.20445, 43.492912 ] } },
{ "type": "Feature", "properties": { "ID": 133010037290, "正式名称": "医療法人社団金井歯科医院", "機関区分": 3, "都道府県コード": 1, "市区町村コード": 202, "所在地": "北海道函館市宮前町１番１８号", "緯度": 41.7890488, "経度": 140.7415231, "url": "https://www.iryou.teikyouseido.mhlw.go.jp/znk-web/juminkanja/S2430/initialize?prefCd=01&kikanCd=3010037290&kikanKbn=3", "url2": null, "内容": "医療法人社団金井歯科医院【3:歯科】北海道函館市宮前町１番１８号" }, "geometry": { "type": "Point", "coordinates": [ 140.7415231, 41.7890488 ] } },
{ "type": "Feature", "properties": { "ID": 133010037300, "正式名称": "たかみ歯科医院", "機関区分": 3, "都道府県コード": 1, "市区町村コード": 202, "所在地": "北海道函館市上新川町１４番８号", "緯度": 41.7817296, "経度": 140.737883, "url": "https://www.iryou.teikyouseido.mhlw.go.jp/znk-web/juminkanja/S2430/initialize?prefCd=01&kikanCd=3010037300&kikanKbn=3", "url2": null, "内容": "たかみ歯科医院【3:歯科】北海道函館市上新川町１４番８号" }, "geometry": { "type": "Point", "coordinates": [ 140.737883, 41.7817296 ] } },
{ "type": "Feature", "properties": { "ID": 133010037320, "正式名称": "えべつの杜こども歯科", "機関区分": 3, "都道府県コード": 1, "市区町村コード": 217, "所在地": "北海道江別市大麻南樹町１丁目１－３", "緯度": 43.083218, "経度": 141.50409, "url": "https://www.iryou.teikyouseido.mhlw.go.jp/znk-web/juminkanja/S2430/initialize?prefCd=01&kikanCd=3010037320&kikanKbn=3", "url2": "http://ebetsu-kodomo.com", "内容": "えべつの杜こども歯科【3:歯科】北海道江別市大麻南樹町１丁目１－３" }, "geometry": { "type": "Point", "coordinates": [ 141.50409, 43.083218 ] } },
{ "type": "Feature", "properties": { "ID": 133010037360, "正式名称": "向山歯科桔梗クリニック", "機関区分": 3, "都道府県コード": 1, "市区町村コード": 202, "所在地": "北海道函館市桔梗４丁目１５番１３号", "緯度": 41.8496456, "経度": 140.7227071, "url": "https://www.iryou.teikyouseido.mhlw.go.jp/znk-web/juminkanja/S2430/initialize?prefCd=01&kikanCd=3010037360&kikanKbn=3", "url2": "http://mukoyama-dental.com", "内容": "向山歯科桔梗クリニック【3:歯科】北海道函館市桔梗４丁目１５番１３号" }, "geometry": { "type": "Point", "coordinates": [ 140.7227071, 41.8496456 ] } },
{ "type": "Feature", "properties": { "ID": 133010037370, "正式名称": "医療法人社団賢裕会　平川歯科ＯＶＥＳＴ", "機関区分": 3, "都道府県コード": 1, "市区町村コード": 107, "所在地": "北海道札幌市西区琴似２条６丁目１番２５号　清水ビル１階", "緯度": 43.0746883, "経度": 141.3013345, "url": "https://www.iryou.teikyouseido.mhlw.go.jp/znk-web/juminkanja/S2430/initialize?prefCd=01&kikanCd=3010037370&kikanKbn=3", "url2": null, "内容": "医療法人社団賢裕会　平川歯科ＯＶＥＳＴ【3:歯科】北海道札幌市西区琴似２条６丁目１番２５号　清水ビル１階" }, "geometry": { "type": "Point", "coordinates": [ 141.3013345, 43.0746883 ] } },
{ "type": "Feature", "properties": { "ID": 133010037380, "正式名称": "そらいろファミリー歯科", "機関区分": 3, "都道府県コード": 1, "市区町村コード": 107, "所在地": "北海道札幌市西区八軒６条東２丁目８－２　八軒六条舘１Ｆ", "緯度": 43.085795, "経度": 141.317599, "url": "https://www.iryou.teikyouseido.mhlw.go.jp/znk-web/juminkanja/S2430/initialize?prefCd=01&kikanCd=3010037380&kikanKbn=3", "url2": "https://sorairofamily.com/", "内容": "そらいろファミリー歯科【3:歯科】北海道札幌市西区八軒６条東２丁目８－２　八軒六条舘１Ｆ" }, "geometry": { "type": "Point", "coordinates": [ 141.317599, 43.085795 ] } },
{ "type": "Feature", "properties": { "ID": 133010037390, "正式名称": "札幌キュア矯正歯科", "機関区分": 3, "都道府県コード": 1, "市区町村コード": 101, "所在地": "北海道札幌市中央区南一条西４丁目１４番地８第４０ビッグビル６階", "緯度": 43.0591275, "経度": 141.3519356, "url": "https://www.iryou.teikyouseido.mhlw.go.jp/znk-web/juminkanja/S2430/initialize?prefCd=01&kikanCd=3010037390&kikanKbn=3", "url2": "https://sapporo-cure.jp/access/", "内容": "札幌キュア矯正歯科【3:歯科】北海道札幌市中央区南一条西４丁目１４番地８第４０ビッグビル６階" }, "geometry": { "type": "Point", "coordinates": [ 141.3519356, 43.0591275 ] } },
{ "type": "Feature", "properties": { "ID": 133010037470, "正式名称": "医療法人公善会石川デンタルオフィス", "機関区分": 3, "都道府県コード": 1, "市区町村コード": 235, "所在地": "北海道石狩市花川北３条３丁目６－３　ＭＭビル２Ｆ", "緯度": 43.1629466, "経度": 141.3095466, "url": "https://www.iryou.teikyouseido.mhlw.go.jp/znk-web/juminkanja/S2430/initialize?prefCd=01&kikanCd=3010037470&kikanKbn=3", "url2": "https://sites.google.com/view/ishikawa-dental-office", "内容": "医療法人公善会石川デンタルオフィス【3:歯科】北海道石狩市花川北３条３丁目６－３　ＭＭビル２Ｆ" }, "geometry": { "type": "Point", "coordinates": [ 141.3095466, 43.1629466 ] } },
{ "type": "Feature", "properties": { "ID": 133010037480, "正式名称": "医療法人社団愛心会春光台オリーブ歯科・口腔外科", "機関区分": 3, "都道府県コード": 1, "市区町村コード": 204, "所在地": "北海道旭川市春光台２条３丁目８番地１０", "緯度": 43.82154, "経度": 142.36494, "url": "https://www.iryou.teikyouseido.mhlw.go.jp/znk-web/juminkanja/S2430/initialize?prefCd=01&kikanCd=3010037480&kikanKbn=3", "url2": "http://olive-dental.info/", "内容": "医療法人社団愛心会春光台オリーブ歯科・口腔外科【3:歯科】北海道旭川市春光台２条３丁目８番地１０" }, "geometry": { "type": "Point", "coordinates": [ 142.36494, 43.82154 ] } },
{ "type": "Feature", "properties": { "ID": 133010037520, "正式名称": "北２４条かやの歯科クリニック", "機関区分": 3, "都道府県コード": 1, "市区町村コード": 102, "所在地": "北海道札幌市北区北２２条西４丁目２－１２　コモド２２　１Ｆ", "緯度": 43.0880861, "経度": 141.3438082, "url": "https://www.iryou.teikyouseido.mhlw.go.jp/znk-web/juminkanja/S2430/initialize?prefCd=01&kikanCd=3010037520&kikanKbn=3", "url2": "https://www.sapporo-dental-clinic.com/", "内容": "北２４条かやの歯科クリニック【3:歯科】北海道札幌市北区北２２条西４丁目２－１２　コモド２２　１Ｆ" }, "geometry": { "type": "Point", "coordinates": [ 141.343808200000012, 43.0880861 ] } },
{ "type": "Feature", "properties": { "ID": 133010037530, "正式名称": "医療法人社団　とよひら歯科クリニック", "機関区分": 3, "都道府県コード": 1, "市区町村コード": 105, "所在地": "北海道札幌市豊平区豊平２条５丁目１番１５－１０１号", "緯度": 43.0521109, "経度": 141.3729939, "url": "https://www.iryou.teikyouseido.mhlw.go.jp/znk-web/juminkanja/S2430/initialize?prefCd=01&kikanCd=3010037530&kikanKbn=3", "url2": "https://www.toyohira-dc.com", "内容": "医療法人社団　とよひら歯科クリニック【3:歯科】北海道札幌市豊平区豊平２条５丁目１番１５－１０１号" }, "geometry": { "type": "Point", "coordinates": [ 141.372993900000012, 43.0521109 ] } },
{ "type": "Feature", "properties": { "ID": 133010037560, "正式名称": "医療法人社団糸　いとデンタルクリニック", "機関区分": 3, "都道府県コード": 1, "市区町村コード": 101, "所在地": "北海道札幌市中央区北２条西２８丁目１番２６号エストラーダ円山２Ｆ", "緯度": 43.058965, "経度": 141.314045, "url": "https://www.iryou.teikyouseido.mhlw.go.jp/znk-web/juminkanja/S2430/initialize?prefCd=01&kikanCd=3010037560&kikanKbn=3", "url2": "https://itodental-sapporo.com/", "内容": "医療法人社団糸　いとデンタルクリニック【3:歯科】北海道札幌市中央区北２条西２８丁目１番２６号エストラーダ円山２Ｆ" }, "geometry": { "type": "Point", "coordinates": [ 141.314045, 43.058965 ] } },
{ "type": "Feature", "properties": { "ID": 133010037620, "正式名称": "さっぽろよい歯クリニック", "機関区分": 3, "都道府県コード": 1, "市区町村コード": 101, "所在地": "北海道札幌市中央区北４条西１８丁目８番地１　プレミアムガーデン北円山２階", "緯度": 43.063242, "経度": 141.327654, "url": "https://www.iryou.teikyouseido.mhlw.go.jp/znk-web/juminkanja/S2430/initialize?prefCd=01&kikanCd=3010037620&kikanKbn=3", "url2": "https://sapporo418-dc.com", "内容": "さっぽろよい歯クリニック【3:歯科】北海道札幌市中央区北４条西１８丁目８番地１　プレミアムガーデン北円山２階" }, "geometry": { "type": "Point", "coordinates": [ 141.327654, 43.063242 ] } },
{ "type": "Feature", "properties": { "ID": 133010037640, "正式名称": "ひらぎし通り矯正歯科", "機関区分": 3, "都道府県コード": 1, "市区町村コード": 105, "所在地": "北海道札幌市豊平区平岸３条２丁目４－１８", "緯度": 43.040246, "経度": 141.370319, "url": "https://www.iryou.teikyouseido.mhlw.go.jp/znk-web/juminkanja/S2430/initialize?prefCd=01&kikanCd=3010037640&kikanKbn=3", "url2": "http://hiragishidori-ortho.com/", "内容": "ひらぎし通り矯正歯科【3:歯科】北海道札幌市豊平区平岸３条２丁目４－１８" }, "geometry": { "type": "Point", "coordinates": [ 141.370319, 43.040246 ] } },
{ "type": "Feature", "properties": { "ID": 133010037650, "正式名称": "琴似くどう歯科", "機関区分": 3, "都道府県コード": 1, "市区町村コード": 107, "所在地": "北海道札幌市西区琴似１条５丁目４番１４号", "緯度": 43.07561, "経度": 141.302997, "url": "https://www.iryou.teikyouseido.mhlw.go.jp/znk-web/juminkanja/S2430/initialize?prefCd=01&kikanCd=3010037650&kikanKbn=3", "url2": "https//kotonikudo-dental.com", "内容": "琴似くどう歯科【3:歯科】北海道札幌市西区琴似１条５丁目４番１４号" }, "geometry": { "type": "Point", "coordinates": [ 141.302997, 43.07561 ] } },
{ "type": "Feature", "properties": { "ID": 133010037660, "正式名称": "Ｄｅｎｔａｌ　Ｏｆｆｉｃｅ　Ｈｏｋｕａｉ", "機関区分": 3, "都道府県コード": 1, "市区町村コード": 103, "所在地": "北海道札幌市東区北１６条東１６丁目１－１３北愛メディカルビル２階", "緯度": 43.0840472, "経度": 141.3745107, "url": "https://www.iryou.teikyouseido.mhlw.go.jp/znk-web/juminkanja/S2430/initialize?prefCd=01&kikanCd=3010037660&kikanKbn=3", "url2": "https://www.dentalofficehokuai.com", "内容": "Ｄｅｎｔａｌ　Ｏｆｆｉｃｅ　Ｈｏｋｕａｉ【3:歯科】北海道札幌市東区北１６条東１６丁目１－１３北愛メディカルビル２階" }, "geometry": { "type": "Point", "coordinates": [ 141.3745107, 43.0840472 ] } },
{ "type": "Feature", "properties": { "ID": 133010037670, "正式名称": "ながみね歯科醫院", "機関区分": 3, "都道府県コード": 1, "市区町村コード": 104, "所在地": "北海道札幌市白石区北郷４条８丁目５－１５", "緯度": 43.055811, "経度": 141.4269469, "url": "https://www.iryou.teikyouseido.mhlw.go.jp/znk-web/juminkanja/S2430/initialize?prefCd=01&kikanCd=3010037670&kikanKbn=3", "url2": "https://nagamine-dental.net/", "内容": "ながみね歯科醫院【3:歯科】北海道札幌市白石区北郷４条８丁目５－１５" }, "geometry": { "type": "Point", "coordinates": [ 141.4269469, 43.055811 ] } },
{ "type": "Feature", "properties": { "ID": 133010037700, "正式名称": "旭川東光歯科医院", "機関区分": 3, "都道府県コード": 1, "市区町村コード": 204, "所在地": "北海道旭川市東光２条５丁目４番１８号", "緯度": 43.753465, "経度": 142.406783, "url": "https://www.iryou.teikyouseido.mhlw.go.jp/znk-web/juminkanja/S2430/initialize?prefCd=01&kikanCd=3010037700&kikanKbn=3", "url2": "https://toko1.jimdofree.com/", "内容": "旭川東光歯科医院【3:歯科】北海道旭川市東光２条５丁目４番１８号" }, "geometry": { "type": "Point", "coordinates": [ 142.406783, 43.753465 ] } },
{ "type": "Feature", "properties": { "ID": 133010037710, "正式名称": "やすおか歯科クリニック", "機関区分": 3, "都道府県コード": 1, "市区町村コード": 217, "所在地": "北海道江別市野幌町６８－１４", "緯度": 43.0922187, "経度": 141.5228699, "url": "https://www.iryou.teikyouseido.mhlw.go.jp/znk-web/juminkanja/S2430/initialize?prefCd=01&kikanCd=3010037710&kikanKbn=3", "url2": "https://yasuoka-dental-cl.com/", "内容": "やすおか歯科クリニック【3:歯科】北海道江別市野幌町６８－１４" }, "geometry": { "type": "Point", "coordinates": [ 141.522869899999989, 43.0922187 ] } },
{ "type": "Feature", "properties": { "ID": 133010037760, "正式名称": "えべおつ歯科", "機関区分": 3, "都道府県コード": 1, "市区町村コード": 225, "所在地": "北海道滝川市江部乙町西１２丁目５番３６号", "緯度": 43.6271018, "経度": 141.9398835, "url": "https://www.iryou.teikyouseido.mhlw.go.jp/znk-web/juminkanja/S2430/initialize?prefCd=01&kikanCd=3010037760&kikanKbn=3", "url2": null, "内容": "えべおつ歯科【3:歯科】北海道滝川市江部乙町西１２丁目５番３６号" }, "geometry": { "type": "Point", "coordinates": [ 141.9398835, 43.6271018 ] } },
{ "type": "Feature", "properties": { "ID": 133010037790, "正式名称": "こにしファミリー歯科クリニック", "機関区分": 3, "都道府県コード": 1, "市区町村コード": 207, "所在地": "北海道帯広市西１６丁目南６丁目３１番地１６号", "緯度": 42.9233354, "経度": 143.197199, "url": "https://www.iryou.teikyouseido.mhlw.go.jp/znk-web/juminkanja/S2430/initialize?prefCd=01&kikanCd=3010037790&kikanKbn=3", "url2": "konishi-family.jimdofree.com", "内容": "こにしファミリー歯科クリニック【3:歯科】北海道帯広市西１６丁目南６丁目３１番地１６号" }, "geometry": { "type": "Point", "coordinates": [ 143.197199, 42.9233354 ] } },
{ "type": "Feature", "properties": { "ID": 133010037800, "正式名称": "ＪＲ札幌病院前デンタルクリニック", "機関区分": 3, "都道府県コード": 1, "市区町村コード": 101, "所在地": "北海道札幌市中央区北四条東１丁目３番１", "緯度": 43.066735, "経度": 141.356939, "url": "https://www.iryou.teikyouseido.mhlw.go.jp/znk-web/juminkanja/S2430/initialize?prefCd=01&kikanCd=3010037800&kikanKbn=3", "url2": "https://www.sapporo-orange.com/", "内容": "ＪＲ札幌病院前デンタルクリニック【3:歯科】北海道札幌市中央区北四条東１丁目３番１" }, "geometry": { "type": "Point", "coordinates": [ 141.356939, 43.066735 ] } },
{ "type": "Feature", "properties": { "ID": 133010037810, "正式名称": "さっぽろ白石本郷通り歯科", "機関区分": 3, "都道府県コード": 1, "市区町村コード": 104, "所在地": "北海道札幌市白石区本郷通４丁目南２番４号ＹＫビル", "緯度": 43.0460446, "経度": 141.4070113, "url": "https://www.iryou.teikyouseido.mhlw.go.jp/znk-web/juminkanja/S2430/initialize?prefCd=01&kikanCd=3010037810&kikanKbn=3", "url2": "http://www.sapporo-shiroishi-hongo-st.com/", "内容": "さっぽろ白石本郷通り歯科【3:歯科】北海道札幌市白石区本郷通４丁目南２番４号ＹＫビル" }, "geometry": { "type": "Point", "coordinates": [ 141.4070113, 43.046044599999988 ] } },
{ "type": "Feature", "properties": { "ID": 133010037830, "正式名称": "厚別オレンジ歯科", "機関区分": 3, "都道府県コード": 1, "市区町村コード": 108, "所在地": "北海道札幌市厚別区厚別中央５条４丁目１２番２５号", "緯度": 43.044525, "経度": 141.468032, "url": "https://www.iryou.teikyouseido.mhlw.go.jp/znk-web/juminkanja/S2430/initialize?prefCd=01&kikanCd=3010037830&kikanKbn=3", "url2": null, "内容": "厚別オレンジ歯科【3:歯科】北海道札幌市厚別区厚別中央５条４丁目１２番２５号" }, "geometry": { "type": "Point", "coordinates": [ 141.468032, 43.044525 ] } },
{ "type": "Feature", "properties": { "ID": 133010037840, "正式名称": "アルベーレデンタルブティック診療所", "機関区分": 3, "都道府県コード": 1, "市区町村コード": 101, "所在地": "北海道札幌市中央区南３条西２２丁目２－２　１Ｆ", "緯度": 43.053716, "経度": 141.324905, "url": "https://www.iryou.teikyouseido.mhlw.go.jp/znk-web/juminkanja/S2430/initialize?prefCd=01&kikanCd=3010037840&kikanKbn=3", "url2": "https://www.albelle.jp", "内容": "アルベーレデンタルブティック診療所【3:歯科】北海道札幌市中央区南３条西２２丁目２－２　１Ｆ" }, "geometry": { "type": "Point", "coordinates": [ 141.324905, 43.053716 ] } },
{ "type": "Feature", "properties": { "ID": 133010037850, "正式名称": "澄川サニー歯科", "機関区分": 3, "都道府県コード": 1, "市区町村コード": 106, "所在地": "北海道札幌市南区澄川１条１丁目４番１０号", "緯度": 43.018109, "経度": 141.360126, "url": "https://www.iryou.teikyouseido.mhlw.go.jp/znk-web/juminkanja/S2430/initialize?prefCd=01&kikanCd=3010037850&kikanKbn=3", "url2": null, "内容": "澄川サニー歯科【3:歯科】北海道札幌市南区澄川１条１丁目４番１０号" }, "geometry": { "type": "Point", "coordinates": [ 141.360126, 43.018109 ] } },
{ "type": "Feature", "properties": { "ID": 133010037870, "正式名称": "医療法人社団　ＤＡＩＳＵＫＥ　ＤＥＮＴＡＬ　ＣＬＩＮＩＣ　二十四軒院", "機関区分": 3, "都道府県コード": 1, "市区町村コード": 107, "所在地": "北海道札幌市西区二十四軒３条１丁目１－２６　ＯＲＯ　ＭＯＮＴＥ二十四軒１Ｆ", "緯度": 43.0778686, "経度": 141.3163314, "url": "https://www.iryou.teikyouseido.mhlw.go.jp/znk-web/juminkanja/S2430/initialize?prefCd=01&kikanCd=3010037870&kikanKbn=3", "url2": "https://daisuke-dental-clinic24.com/", "内容": "医療法人社団　ＤＡＩＳＵＫＥ　ＤＥＮＴＡＬ　ＣＬＩＮＩＣ　二十四軒院【3:歯科】北海道札幌市西区二十四軒３条１丁目１－２６　ＯＲＯ　ＭＯＮＴＥ二十四軒１Ｆ" }, "geometry": { "type": "Point", "coordinates": [ 141.3163314, 43.0778686 ] } },
{ "type": "Feature", "properties": { "ID": 133010037890, "正式名称": "医療法人社団弘志会　大通り松華堂歯科", "機関区分": 3, "都道府県コード": 1, "市区町村コード": 101, "所在地": "北海道札幌市中央区南２条西４丁目７番１号　フェアリースクエア２階", "緯度": 43.0575608, "経度": 141.3517082, "url": "https://www.iryou.teikyouseido.mhlw.go.jp/znk-web/juminkanja/S2430/initialize?prefCd=01&kikanCd=3010037890&kikanKbn=3", "url2": null, "内容": "医療法人社団弘志会　大通り松華堂歯科【3:歯科】北海道札幌市中央区南２条西４丁目７番１号　フェアリースクエア２階" }, "geometry": { "type": "Point", "coordinates": [ 141.3517082, 43.0575608 ] } },
{ "type": "Feature", "properties": { "ID": 133010037900, "正式名称": "医療法人社団　千仁会札幌駅前矯正歯科", "機関区分": 3, "都道府県コード": 1, "市区町村コード": 101, "所在地": "北海道札幌市中央区北４条西２丁目１番地２　キタコートレードビル３階", "緯度": 43.0668751, "経度": 141.3534705, "url": "https://www.iryou.teikyouseido.mhlw.go.jp/znk-web/juminkanja/S2430/initialize?prefCd=01&kikanCd=3010037900&kikanKbn=3", "url2": "https://www.sapporoekimae-kyousei.net/", "内容": "医療法人社団　千仁会札幌駅前矯正歯科【3:歯科】北海道札幌市中央区北４条西２丁目１番地２　キタコートレードビル３階" }, "geometry": { "type": "Point", "coordinates": [ 141.353470499999986, 43.0668751 ] } },
{ "type": "Feature", "properties": { "ID": 133010037910, "正式名称": "医療法人社団　博愛会　栄町駅前こゆき歯科", "機関区分": 3, "都道府県コード": 1, "市区町村コード": 103, "所在地": "北海道札幌市東区北４２条東１６丁目１番５号　イオン札幌栄町店２階", "緯度": 43.113988, "経度": 141.367621, "url": "https://www.iryou.teikyouseido.mhlw.go.jp/znk-web/juminkanja/S2430/initialize?prefCd=01&kikanCd=3010037910&kikanKbn=3", "url2": "https://sakaemachi-kohaku-dental.com/", "内容": "医療法人社団　博愛会　栄町駅前こゆき歯科【3:歯科】北海道札幌市東区北４２条東１６丁目１番５号　イオン札幌栄町店２階" }, "geometry": { "type": "Point", "coordinates": [ 141.367621, 43.113988 ] } },
{ "type": "Feature", "properties": { "ID": 133010037920, "正式名称": "もみじ台シトラス歯科", "機関区分": 3, "都道府県コード": 1, "市区町村コード": 108, "所在地": "北海道札幌市厚別区もみじ台東４丁目２－１", "緯度": 43.029832, "経度": 141.499058, "url": "https://www.iryou.teikyouseido.mhlw.go.jp/znk-web/juminkanja/S2430/initialize?prefCd=01&kikanCd=3010037920&kikanKbn=3", "url2": "https://www.momijidai-citrus-shika.com/", "内容": "もみじ台シトラス歯科【3:歯科】北海道札幌市厚別区もみじ台東４丁目２－１" }, "geometry": { "type": "Point", "coordinates": [ 141.499058, 43.029832 ] } },
{ "type": "Feature", "properties": { "ID": 133010037930, "正式名称": "南平岸ミュー歯科", "機関区分": 3, "都道府県コード": 1, "市区町村コード": 105, "所在地": "北海道札幌市豊平区平岸３条１３丁目１－２８", "緯度": 43.026959, "経度": 141.368307, "url": "https://www.iryou.teikyouseido.mhlw.go.jp/znk-web/juminkanja/S2430/initialize?prefCd=01&kikanCd=3010037930&kikanKbn=3", "url2": null, "内容": "南平岸ミュー歯科【3:歯科】北海道札幌市豊平区平岸３条１３丁目１－２８" }, "geometry": { "type": "Point", "coordinates": [ 141.368307, 43.026959 ] } },
{ "type": "Feature", "properties": { "ID": 133010037940, "正式名称": "いなづみ公園歯科クリニック", "機関区分": 3, "都道府県コード": 1, "市区町村コード": 109, "所在地": "北海道札幌市手稲区前田３条７丁目５番１１号", "緯度": 43.118476, "経度": 141.257143, "url": "https://www.iryou.teikyouseido.mhlw.go.jp/znk-web/juminkanja/S2430/initialize?prefCd=01&kikanCd=3010037940&kikanKbn=3", "url2": "https://www.inazumipark-dc.com", "内容": "いなづみ公園歯科クリニック【3:歯科】北海道札幌市手稲区前田３条７丁目５番１１号" }, "geometry": { "type": "Point", "coordinates": [ 141.257143, 43.118476 ] } },
{ "type": "Feature", "properties": { "ID": 133010037950, "正式名称": "東川こども歯科クリニック", "機関区分": 3, "都道府県コード": 1, "市区町村コード": 458, "所在地": "北海道上川郡東川町西町９丁目３番７号", "緯度": 35.942383, "経度": 139.332583, "url": "https://www.iryou.teikyouseido.mhlw.go.jp/znk-web/juminkanja/S2430/initialize?prefCd=01&kikanCd=3010037950&kikanKbn=3", "url2": "https://kodomo-dentalclinic.jp/", "内容": "東川こども歯科クリニック【3:歯科】北海道上川郡東川町西町９丁目３番７号" }, "geometry": { "type": "Point", "coordinates": [ 139.332583, 35.942383 ] } },
{ "type": "Feature", "properties": { "ID": 133010037990, "正式名称": "医療法人社団敬慎会　宮の沢ファミリー歯科", "機関区分": 3, "都道府県コード": 1, "市区町村コード": 107, "所在地": "北海道札幌市西区宮の沢１条１丁目７番１０号", "緯度": 43.086, "経度": 141.25836, "url": "https://www.iryou.teikyouseido.mhlw.go.jp/znk-web/juminkanja/S2430/initialize?prefCd=01&kikanCd=3010037990&kikanKbn=3", "url2": "https://miyanosawa-family-dc.com/", "内容": "医療法人社団敬慎会　宮の沢ファミリー歯科【3:歯科】北海道札幌市西区宮の沢１条１丁目７番１０号" }, "geometry": { "type": "Point", "coordinates": [ 141.25836, 43.086 ] } },
{ "type": "Feature", "properties": { "ID": 133010038000, "正式名称": "発寒南駅前歯科", "機関区分": 3, "都道府県コード": 1, "市区町村コード": 107, "所在地": "北海道札幌市西区発寒２条５丁目７－１", "緯度": 43.08147, "経度": 141.290842, "url": "https://www.iryou.teikyouseido.mhlw.go.jp/znk-web/juminkanja/S2430/initialize?prefCd=01&kikanCd=3010038000&kikanKbn=3", "url2": "http://836373edc.ci-hp.jp/", "内容": "発寒南駅前歯科【3:歯科】北海道札幌市西区発寒２条５丁目７－１" }, "geometry": { "type": "Point", "coordinates": [ 141.290842, 43.08147 ] } },
{ "type": "Feature", "properties": { "ID": 133010038010, "正式名称": "フォーシーズンズデンタルクリニック　ようてい", "機関区分": 3, "都道府県コード": 1, "市区町村コード": 400, "所在地": "北海道虻田郡倶知安町北３条西２丁目１１－２", "緯度": 42.903363, "経度": 140.749022, "url": "https://www.iryou.teikyouseido.mhlw.go.jp/znk-web/juminkanja/S2430/initialize?prefCd=01&kikanCd=3010038010&kikanKbn=3", "url2": "https://fourseasons-dental.com/", "内容": "フォーシーズンズデンタルクリニック　ようてい【3:歯科】北海道虻田郡倶知安町北３条西２丁目１１－２" }, "geometry": { "type": "Point", "coordinates": [ 140.749022, 42.903363 ] } },
{ "type": "Feature", "properties": { "ID": 133010038020, "正式名称": "ほんだ歯科ますいクリニック", "機関区分": 3, "都道府県コード": 1, "市区町村コード": 101, "所在地": "北海道札幌市中央区宮の森３条１０丁目３－１５フォレスタビル１Ｆ", "緯度": 43.05852, "経度": 141.30099, "url": "https://www.iryou.teikyouseido.mhlw.go.jp/znk-web/juminkanja/S2430/initialize?prefCd=01&kikanCd=3010038020&kikanKbn=3", "url2": "https://hondashikamasui.com/", "内容": "ほんだ歯科ますいクリニック【3:歯科】北海道札幌市中央区宮の森３条１０丁目３－１５フォレスタビル１Ｆ" }, "geometry": { "type": "Point", "coordinates": [ 141.30099, 43.05852 ] } },
{ "type": "Feature", "properties": { "ID": 133010038030, "正式名称": "ＭＡＳＡ歯科", "機関区分": 3, "都道府県コード": 1, "市区町村コード": 234, "所在地": "北海道北広島市東共栄４丁目４－６", "緯度": 42.992863, "経度": 141.568362, "url": "https://www.iryou.teikyouseido.mhlw.go.jp/znk-web/juminkanja/S2430/initialize?prefCd=01&kikanCd=3010038030&kikanKbn=3", "url2": "https://masa-dental.com/", "内容": "ＭＡＳＡ歯科【3:歯科】北海道北広島市東共栄４丁目４－６" }, "geometry": { "type": "Point", "coordinates": [ 141.568362, 42.992863 ] } },
{ "type": "Feature", "properties": { "ID": 133010038040, "正式名称": "上川歯科", "機関区分": 3, "都道府県コード": 1, "市区町村コード": 457, "所在地": "北海道上川郡上川町南町１０６２番地", "緯度": 43.849384, "経度": 142.77055, "url": "https://www.iryou.teikyouseido.mhlw.go.jp/znk-web/juminkanja/S2430/initialize?prefCd=01&kikanCd=3010038040&kikanKbn=3", "url2": null, "内容": "上川歯科【3:歯科】北海道上川郡上川町南町１０６２番地" }, "geometry": { "type": "Point", "coordinates": [ 142.77055, 43.849384 ] } },
{ "type": "Feature", "properties": { "ID": 133010038070, "正式名称": "暮らしの歯科", "機関区分": 3, "都道府県コード": 1, "市区町村コード": 107, "所在地": "北海道札幌市西区西野８条５丁目８－１", "緯度": 43.0637662, "経度": 141.2663252, "url": "https://www.iryou.teikyouseido.mhlw.go.jp/znk-web/juminkanja/S2430/initialize?prefCd=01&kikanCd=3010038070&kikanKbn=3", "url2": "https://kurashino-dental.com/", "内容": "暮らしの歯科【3:歯科】北海道札幌市西区西野８条５丁目８－１" }, "geometry": { "type": "Point", "coordinates": [ 141.266325200000011, 43.0637662 ] } },
{ "type": "Feature", "properties": { "ID": 133010038090, "正式名称": "矯正歯科・口腔ケアクリニック知事公館前", "機関区分": 3, "都道府県コード": 1, "市区町村コード": 101, "所在地": "北海道札幌市中央区北３条西１４丁目２－２", "緯度": 43.062243, "経度": 141.334265, "url": "https://www.iryou.teikyouseido.mhlw.go.jp/znk-web/juminkanja/S2430/initialize?prefCd=01&kikanCd=3010038090&kikanKbn=3", "url2": "https://orthodontics-chijikoukanmae.com", "内容": "矯正歯科・口腔ケアクリニック知事公館前【3:歯科】北海道札幌市中央区北３条西１４丁目２－２" }, "geometry": { "type": "Point", "coordinates": [ 141.334265, 43.062243 ] } },
{ "type": "Feature", "properties": { "ID": 133010038100, "正式名称": "ミライデンタルサロン", "機関区分": 3, "都道府県コード": 1, "市区町村コード": 101, "所在地": "北海道札幌市中央区南６条西３丁目１０番　セントラルビル３階　３Ｄ号室", "緯度": 43.053411, "経度": 141.354125, "url": "https://www.iryou.teikyouseido.mhlw.go.jp/znk-web/juminkanja/S2430/initialize?prefCd=01&kikanCd=3010038100&kikanKbn=3", "url2": null, "内容": "ミライデンタルサロン【3:歯科】北海道札幌市中央区南６条西３丁目１０番　セントラルビル３階　３Ｄ号室" }, "geometry": { "type": "Point", "coordinates": [ 141.354125, 43.053411 ] } },
{ "type": "Feature", "properties": { "ID": 133010038110, "正式名称": "いがらし歯科医院", "機関区分": 3, "都道府県コード": 1, "市区町村コード": 105, "所在地": "北海道札幌市豊平区月寒東５条１７丁目７－３", "緯度": 43.028518, "経度": 141.427153, "url": "https://www.iryou.teikyouseido.mhlw.go.jp/znk-web/juminkanja/S2430/initialize?prefCd=01&kikanCd=3010038110&kikanKbn=3", "url2": null, "内容": "いがらし歯科医院【3:歯科】北海道札幌市豊平区月寒東５条１７丁目７－３" }, "geometry": { "type": "Point", "coordinates": [ 141.427153, 43.028518 ] } },
{ "type": "Feature", "properties": { "ID": 133010038140, "正式名称": "訪問歯科オフィス　ラ・ヴイ", "機関区分": 3, "都道府県コード": 1, "市区町村コード": 231, "所在地": "北海道恵庭市島松本町２丁目１７－１０カナディアンハウス１０３号室", "緯度": 42.9234892, "経度": 141.5780012, "url": "https://www.iryou.teikyouseido.mhlw.go.jp/znk-web/juminkanja/S2430/initialize?prefCd=01&kikanCd=3010038140&kikanKbn=3", "url2": "https://vdo-la-vie.com", "内容": "訪問歯科オフィス　ラ・ヴイ【3:歯科】北海道恵庭市島松本町２丁目１７－１０カナディアンハウス１０３号室" }, "geometry": { "type": "Point", "coordinates": [ 141.578001199999989, 42.9234892 ] } },
{ "type": "Feature", "properties": { "ID": 133010038160, "正式名称": "すなやま歯科", "機関区分": 3, "都道府県コード": 1, "市区町村コード": 102, "所在地": "北海道札幌市北区篠路３条７丁目９－１６", "緯度": 43.142957, "経度": 141.365064, "url": "https://www.iryou.teikyouseido.mhlw.go.jp/znk-web/juminkanja/S2430/initialize?prefCd=01&kikanCd=3010038160&kikanKbn=3", "url2": "http://www.sunayama-dental.com", "内容": "すなやま歯科【3:歯科】北海道札幌市北区篠路３条７丁目９－１６" }, "geometry": { "type": "Point", "coordinates": [ 141.365064, 43.142957 ] } },
{ "type": "Feature", "properties": { "ID": 133010038180, "正式名称": "医療法人　アクアデンタルクリニック西町", "機関区分": 3, "都道府県コード": 1, "市区町村コード": 107, "所在地": "北海道札幌市西区西町南７丁目１番２９号", "緯度": 43.079277, "経度": 141.28857, "url": "https://www.iryou.teikyouseido.mhlw.go.jp/znk-web/juminkanja/S2430/initialize?prefCd=01&kikanCd=3010038180&kikanKbn=3", "url2": "http://aquadc-nishimachi.com", "内容": "医療法人　アクアデンタルクリニック西町【3:歯科】北海道札幌市西区西町南７丁目１番２９号" }, "geometry": { "type": "Point", "coordinates": [ 141.28857, 43.079277 ] } },
{ "type": "Feature", "properties": { "ID": 133010038190, "正式名称": "ボストン歯科", "機関区分": 3, "都道府県コード": 1, "市区町村コード": 102, "所在地": "北海道札幌市北区北７条西５丁目８番地１　北７条ヨシヤビル２階", "緯度": 43.0697489, "経度": 141.3479306, "url": "https://www.iryou.teikyouseido.mhlw.go.jp/znk-web/juminkanja/S2430/initialize?prefCd=01&kikanCd=3010038190&kikanKbn=3", "url2": "https://www.boston-sapporo.com/", "内容": "ボストン歯科【3:歯科】北海道札幌市北区北７条西５丁目８番地１　北７条ヨシヤビル２階" }, "geometry": { "type": "Point", "coordinates": [ 141.347930600000012, 43.0697489 ] } },
{ "type": "Feature", "properties": { "ID": 133010038250, "正式名称": "ＩＳＨＩＨＩＲＡ　ＤＥＮＴＡＬ　ＣＬＩＮＩＣ", "機関区分": 3, "都道府県コード": 1, "市区町村コード": 204, "所在地": "北海道旭川市東光９条２丁目１番１号", "緯度": 43.7476421, "経度": 142.3905822, "url": "https://www.iryou.teikyouseido.mhlw.go.jp/znk-web/juminkanja/S2430/initialize?prefCd=01&kikanCd=3010038250&kikanKbn=3", "url2": null, "内容": "ＩＳＨＩＨＩＲＡ　ＤＥＮＴＡＬ　ＣＬＩＮＩＣ【3:歯科】北海道旭川市東光９条２丁目１番１号" }, "geometry": { "type": "Point", "coordinates": [ 142.390582200000011, 43.7476421 ] } },
{ "type": "Feature", "properties": { "ID": 133010038260, "正式名称": "医療法人社団　稲友会　かわはら歯科", "機関区分": 3, "都道府県コード": 1, "市区町村コード": 217, "所在地": "北海道江別市東野幌本町７番地５セリオのっぽろ２Ｆ", "緯度": 43.0901628, "経度": 141.5311513, "url": "https://www.iryou.teikyouseido.mhlw.go.jp/znk-web/juminkanja/S2430/initialize?prefCd=01&kikanCd=3010038260&kikanKbn=3", "url2": "https://www.kawahara-dental.org", "内容": "医療法人社団　稲友会　かわはら歯科【3:歯科】北海道江別市東野幌本町７番地５セリオのっぽろ２Ｆ" }, "geometry": { "type": "Point", "coordinates": [ 141.5311513, 43.090162799999987 ] } },
{ "type": "Feature", "properties": { "ID": 133010038280, "正式名称": "医療法人　康來会　澄川たかや歯科クリニック", "機関区分": 3, "都道府県コード": 1, "市区町村コード": 106, "所在地": "北海道札幌市南区澄川４条２丁目４番１２号　澄川８８　一階", "緯度": 43.016729, "経度": 141.367566, "url": "https://www.iryou.teikyouseido.mhlw.go.jp/znk-web/juminkanja/S2430/initialize?prefCd=01&kikanCd=3010038280&kikanKbn=3", "url2": "https://sumikawa-takaya-dental.com", "内容": "医療法人　康來会　澄川たかや歯科クリニック【3:歯科】北海道札幌市南区澄川４条２丁目４番１２号　澄川８８　一階" }, "geometry": { "type": "Point", "coordinates": [ 141.367566, 43.016729 ] } },
{ "type": "Feature", "properties": { "ID": 133010038290, "正式名称": "山の手通り歯科クリニック", "機関区分": 3, "都道府県コード": 1, "市区町村コード": 107, "所在地": "北海道札幌市西区山の手３条７丁目１番４３号　グレイス山の手１階", "緯度": 43.0675718, "経度": 141.294902, "url": "https://www.iryou.teikyouseido.mhlw.go.jp/znk-web/juminkanja/S2430/initialize?prefCd=01&kikanCd=3010038290&kikanKbn=3", "url2": "https://yamanotedoridc.com/", "内容": "山の手通り歯科クリニック【3:歯科】北海道札幌市西区山の手３条７丁目１番４３号　グレイス山の手１階" }, "geometry": { "type": "Point", "coordinates": [ 141.294902, 43.0675718 ] } },
{ "type": "Feature", "properties": { "ID": 133010038300, "正式名称": "いしかりＫｉｄｓデンタルプレイス", "機関区分": 3, "都道府県コード": 1, "市区町村コード": 235, "所在地": "北海道石狩市花川北７条３丁目９番", "緯度": 43.1688452, "経度": 141.3243841, "url": "https://www.iryou.teikyouseido.mhlw.go.jp/znk-web/juminkanja/S2430/initialize?prefCd=01&kikanCd=3010038300&kikanKbn=3", "url2": "https://www.ishikari-kids-dp.com", "内容": "いしかりＫｉｄｓデンタルプレイス【3:歯科】北海道石狩市花川北７条３丁目９番" }, "geometry": { "type": "Point", "coordinates": [ 141.3243841, 43.1688452 ] } },
{ "type": "Feature", "properties": { "ID": 133010038310, "正式名称": "医療法人訪問歯科診療所ひまわり", "機関区分": 3, "都道府県コード": 1, "市区町村コード": 217, "所在地": "北海道江別市中央町１番地の１４", "緯度": 43.104797, "経度": 141.526858, "url": "https://www.iryou.teikyouseido.mhlw.go.jp/znk-web/juminkanja/S2430/initialize?prefCd=01&kikanCd=3010038310&kikanKbn=3", "url2": "https://himawari-hcd.com/", "内容": "医療法人訪問歯科診療所ひまわり【3:歯科】北海道江別市中央町１番地の１４" }, "geometry": { "type": "Point", "coordinates": [ 141.526858, 43.104797 ] } },
{ "type": "Feature", "properties": { "ID": 133010038340, "正式名称": "医療法人社団　かんざわ歯科クリニック", "機関区分": 3, "都道府県コード": 1, "市区町村コード": 206, "所在地": "北海道釧路市北大通１１−１−２釧路第一生命ビル４階", "緯度": 42.987652, "経度": 144.383682, "url": "https://www.iryou.teikyouseido.mhlw.go.jp/znk-web/juminkanja/S2430/initialize?prefCd=01&kikanCd=3010038340&kikanKbn=3", "url2": null, "内容": "医療法人社団　かんざわ歯科クリニック【3:歯科】北海道釧路市北大通１１−１−２釧路第一生命ビル４階" }, "geometry": { "type": "Point", "coordinates": [ 144.383682, 42.987652 ] } },
{ "type": "Feature", "properties": { "ID": 133010038350, "正式名称": "ひらい歯科クリニック", "機関区分": 3, "都道府県コード": 1, "市区町村コード": 206, "所在地": "北海道釧路市桜ケ岡２−６−１０", "緯度": 42.968235, "経度": 144.42159, "url": "https://www.iryou.teikyouseido.mhlw.go.jp/znk-web/juminkanja/S2430/initialize?prefCd=01&kikanCd=3010038350&kikanKbn=3", "url2": null, "内容": "ひらい歯科クリニック【3:歯科】北海道釧路市桜ケ岡２−６−１０" }, "geometry": { "type": "Point", "coordinates": [ 144.42159, 42.968235 ] } },
{ "type": "Feature", "properties": { "ID": 133010038380, "正式名称": "今井歯科（往診専門）", "機関区分": 3, "都道府県コード": 1, "市区町村コード": 217, "所在地": "北海道江別市大麻園町１８－１０", "緯度": 43.0813742, "経度": 141.4962688, "url": "https://www.iryou.teikyouseido.mhlw.go.jp/znk-web/juminkanja/S2430/initialize?prefCd=01&kikanCd=3010038380&kikanKbn=3", "url2": "http://imai-dent.com", "内容": "今井歯科（往診専門）【3:歯科】北海道江別市大麻園町１８－１０" }, "geometry": { "type": "Point", "coordinates": [ 141.4962688, 43.0813742 ] } },
{ "type": "Feature", "properties": { "ID": 133010038390, "正式名称": "石狩かしま歯科", "機関区分": 3, "都道府県コード": 1, "市区町村コード": 235, "所在地": "北海道石狩市花川南八条４丁目４５３", "緯度": 43.13725, "経度": 141.28795, "url": "https://www.iryou.teikyouseido.mhlw.go.jp/znk-web/juminkanja/S2430/initialize?prefCd=01&kikanCd=3010038390&kikanKbn=3", "url2": null, "内容": "石狩かしま歯科【3:歯科】北海道石狩市花川南八条４丁目４５３" }, "geometry": { "type": "Point", "coordinates": [ 141.28795, 43.13725 ] } },
{ "type": "Feature", "properties": { "ID": 133010038410, "正式名称": "さいわいデンタルクリニック札幌大曲", "機関区分": 3, "都道府県コード": 1, "市区町村コード": 234, "所在地": "北海道北広島市大曲幸町６丁目１番地", "緯度": 42.969179, "経度": 141.469657, "url": "https://www.iryou.teikyouseido.mhlw.go.jp/znk-web/juminkanja/S2430/initialize?prefCd=01&kikanCd=3010038410&kikanKbn=3", "url2": "https://ohmagarisaiwaidental.jp/access/", "内容": "さいわいデンタルクリニック札幌大曲【3:歯科】北海道北広島市大曲幸町６丁目１番地" }, "geometry": { "type": "Point", "coordinates": [ 141.469657, 42.969179 ] } },
{ "type": "Feature", "properties": { "ID": 133010038420, "正式名称": "市之川歯科クリニック", "機関区分": 3, "都道府県コード": 1, "市区町村コード": 207, "所在地": "北海道帯広市西３条南１０丁目３６番地", "緯度": 42.920388, "経度": 143.200919, "url": "https://www.iryou.teikyouseido.mhlw.go.jp/znk-web/juminkanja/S2430/initialize?prefCd=01&kikanCd=3010038420&kikanKbn=3", "url2": "https://www.ichinokawa-dc.com/", "内容": "市之川歯科クリニック【3:歯科】北海道帯広市西３条南１０丁目３６番地" }, "geometry": { "type": "Point", "coordinates": [ 143.200919, 42.920388 ] } },
{ "type": "Feature", "properties": { "ID": 133010038450, "正式名称": "医療法人社団千仁会　ポラリス歯科・矯正歯科", "機関区分": 3, "都道府県コード": 1, "市区町村コード": 102, "所在地": "北海道札幌市北区北六条西四丁目二－七Ｊ１札幌北口ビル４Ｆ", "緯度": 43.0688627, "経度": 141.3491592, "url": "https://www.iryou.teikyouseido.mhlw.go.jp/znk-web/juminkanja/S2430/initialize?prefCd=01&kikanCd=3010038450&kikanKbn=3", "url2": "https://www.senjinkai-polaris.com", "内容": "医療法人社団千仁会　ポラリス歯科・矯正歯科【3:歯科】北海道札幌市北区北六条西四丁目二－七Ｊ１札幌北口ビル４Ｆ" }, "geometry": { "type": "Point", "coordinates": [ 141.3491592, 43.0688627 ] } },
{ "type": "Feature", "properties": { "ID": 133010038480, "正式名称": "医療法人社団みらい会ゆっかデンタルオフィス", "機関区分": 3, "都道府県コード": 1, "市区町村コード": 108, "所在地": "北海道札幌市厚別区上野幌一条１－１６－３", "緯度": 43.022047, "経度": 141.468051, "url": "https://www.iryou.teikyouseido.mhlw.go.jp/znk-web/juminkanja/S2430/initialize?prefCd=01&kikanCd=3010038480&kikanKbn=3", "url2": null, "内容": "医療法人社団みらい会ゆっかデンタルオフィス【3:歯科】北海道札幌市厚別区上野幌一条１－１６－３" }, "geometry": { "type": "Point", "coordinates": [ 141.468051, 43.022047 ] } },
{ "type": "Feature", "properties": { "ID": 133010038500, "正式名称": "あさぶハート・デンタルクリニック", "機関区分": 3, "都道府県コード": 1, "市区町村コード": 102, "所在地": "北海道札幌市北区北３７条西３丁目３番１２号新楓和会ビル２階", "緯度": 43.105373, "経度": 141.340931, "url": "https://www.iryou.teikyouseido.mhlw.go.jp/znk-web/juminkanja/S2430/initialize?prefCd=01&kikanCd=3010038500&kikanKbn=3", "url2": "https://asabu-heartdental.com", "内容": "あさぶハート・デンタルクリニック【3:歯科】北海道札幌市北区北３７条西３丁目３番１２号新楓和会ビル２階" }, "geometry": { "type": "Point", "coordinates": [ 141.340931, 43.105373 ] } },
{ "type": "Feature", "properties": { "ID": 133010038510, "正式名称": "医療法人社団緑稜会　みどりクリニック美園歯科", "機関区分": 3, "都道府県コード": 1, "市区町村コード": 105, "所在地": "北海道札幌市豊平区美園二条５丁目１番１１号", "緯度": 43.042494, "経度": 141.388723, "url": "https://www.iryou.teikyouseido.mhlw.go.jp/znk-web/juminkanja/S2430/initialize?prefCd=01&kikanCd=3010038510&kikanKbn=3", "url2": null, "内容": "医療法人社団緑稜会　みどりクリニック美園歯科【3:歯科】北海道札幌市豊平区美園二条５丁目１番１１号" }, "geometry": { "type": "Point", "coordinates": [ 141.388723, 43.042494 ] } },
{ "type": "Feature", "properties": { "ID": 133010038520, "正式名称": "ブライトデンタルケアオフィス", "機関区分": 3, "都道府県コード": 1, "市区町村コード": 109, "所在地": "北海道札幌市手稲区前田二条１３丁目３ー５ジュノ―ル手稲", "緯度": 43.126197, "経度": 141.242934, "url": "https://www.iryou.teikyouseido.mhlw.go.jp/znk-web/juminkanja/S2430/initialize?prefCd=01&kikanCd=3010038520&kikanKbn=3", "url2": "https://hokushinkai-.or.jp/bdco/", "内容": "ブライトデンタルケアオフィス【3:歯科】北海道札幌市手稲区前田二条１３丁目３ー５ジュノ―ル手稲" }, "geometry": { "type": "Point", "coordinates": [ 141.242934, 43.126197 ] } },
{ "type": "Feature", "properties": { "ID": 133010038540, "正式名称": "伏見歯科・矯正歯科診療室", "機関区分": 3, "都道府県コード": 1, "市区町村コード": 207, "所在地": "北海道帯広市緑ケ丘一条通５丁目４番地", "緯度": 42.90749, "経度": 143.184805, "url": "https://www.iryou.teikyouseido.mhlw.go.jp/znk-web/juminkanja/S2430/initialize?prefCd=01&kikanCd=3010038540&kikanKbn=3", "url2": null, "内容": "伏見歯科・矯正歯科診療室【3:歯科】北海道帯広市緑ケ丘一条通５丁目４番地" }, "geometry": { "type": "Point", "coordinates": [ 143.184805, 42.90749 ] } },
{ "type": "Feature", "properties": { "ID": 133010038550, "正式名称": "とみかわ歯科クリニック", "機関区分": 3, "都道府県コード": 1, "市区町村コード": 601, "所在地": "北海道沙流郡日高町富川南１丁目３８５－５", "緯度": 42.5184, "経度": 142.02798, "url": "https://www.iryou.teikyouseido.mhlw.go.jp/znk-web/juminkanja/S2430/initialize?prefCd=01&kikanCd=3010038550&kikanKbn=3", "url2": "https://www.tomikawa-dc.com/", "内容": "とみかわ歯科クリニック【3:歯科】北海道沙流郡日高町富川南１丁目３８５－５" }, "geometry": { "type": "Point", "coordinates": [ 142.02798, 42.5184 ] } },
{ "type": "Feature", "properties": { "ID": 133010038570, "正式名称": "函館デンタルケアクリニック", "機関区分": 3, "都道府県コード": 1, "市区町村コード": 202, "所在地": "北海道函館市富岡町１丁目３１－１", "緯度": 41.803946, "経度": 140.74743, "url": "https://www.iryou.teikyouseido.mhlw.go.jp/znk-web/juminkanja/S2430/initialize?prefCd=01&kikanCd=3010038570&kikanKbn=3", "url2": null, "内容": "函館デンタルケアクリニック【3:歯科】北海道函館市富岡町１丁目３１－１" }, "geometry": { "type": "Point", "coordinates": [ 140.74743, 41.803946 ] } },
{ "type": "Feature", "properties": { "ID": 133010038590, "正式名称": "レオンデンタルオフィス", "機関区分": 3, "都道府県コード": 1, "市区町村コード": 103, "所在地": "北海道札幌市東区苗穂町１０丁目３－１５", "緯度": 43.0739465, "経度": 141.3935384, "url": "https://www.iryou.teikyouseido.mhlw.go.jp/znk-web/juminkanja/S2430/initialize?prefCd=01&kikanCd=3010038590&kikanKbn=3", "url2": null, "内容": "レオンデンタルオフィス【3:歯科】北海道札幌市東区苗穂町１０丁目３－１５" }, "geometry": { "type": "Point", "coordinates": [ 141.393538400000011, 43.0739465 ] } },
{ "type": "Feature", "properties": { "ID": 133010038630, "正式名称": "さいわいデンタルクリニックモユク札幌", "機関区分": 3, "都道府県コード": 1, "市区町村コード": 101, "所在地": "北海道札幌市中央区南二条西３丁目２０番地", "緯度": 43.057636, "経度": 141.35123, "url": "https://www.iryou.teikyouseido.mhlw.go.jp/znk-web/juminkanja/S2430/initialize?prefCd=01&kikanCd=3010038630&kikanKbn=3", "url2": "https://moyuksaiwaidental.jp/", "内容": "さいわいデンタルクリニックモユク札幌【3:歯科】北海道札幌市中央区南二条西３丁目２０番地" }, "geometry": { "type": "Point", "coordinates": [ 141.35123, 43.057636 ] } },
{ "type": "Feature", "properties": { "ID": 133010038670, "正式名称": "シプリデンタルクリニック札幌ふしこ", "機関区分": 3, "都道府県コード": 1, "市区町村コード": 103, "所在地": "北海道札幌市東区伏古五条５丁目２−５", "緯度": 43.086602, "経度": 141.395105, "url": "https://www.iryou.teikyouseido.mhlw.go.jp/znk-web/juminkanja/S2430/initialize?prefCd=01&kikanCd=3010038670&kikanKbn=3", "url2": "https://www.sipuli-dental-clinic.jp/", "内容": "シプリデンタルクリニック札幌ふしこ【3:歯科】北海道札幌市東区伏古五条５丁目２−５" }, "geometry": { "type": "Point", "coordinates": [ 141.395105, 43.086602 ] } },
{ "type": "Feature", "properties": { "ID": 133010038680, "正式名称": "宮本デンタルクリニック", "機関区分": 3, "都道府県コード": 1, "市区町村コード": 202, "所在地": "北海道函館市松陰町２２ー２", "緯度": 41.78862, "経度": 140.7591, "url": "https://www.iryou.teikyouseido.mhlw.go.jp/znk-web/juminkanja/S2430/initialize?prefCd=01&kikanCd=3010038680&kikanKbn=3", "url2": "https://www.hakodate-miyamoto-dc.com/", "内容": "宮本デンタルクリニック【3:歯科】北海道函館市松陰町２２ー２" }, "geometry": { "type": "Point", "coordinates": [ 140.7591, 41.78862 ] } },
{ "type": "Feature", "properties": { "ID": 133010038710, "正式名称": "東区みんなの歯科", "機関区分": 3, "都道府県コード": 1, "市区町村コード": 103, "所在地": "北海道札幌市東区北二十四条東１丁目３－７", "緯度": 43.091675, "経度": 141.349843, "url": "https://www.iryou.teikyouseido.mhlw.go.jp/znk-web/juminkanja/S2430/initialize?prefCd=01&kikanCd=3010038710&kikanKbn=3", "url2": "https://www.higashiku-minnano-dental.com/", "内容": "東区みんなの歯科【3:歯科】北海道札幌市東区北二十四条東１丁目３－７" }, "geometry": { "type": "Point", "coordinates": [ 141.349843, 43.091675 ] } },
{ "type": "Feature", "properties": { "ID": 133010038740, "正式名称": "医療法人社団天祐会　今金ファミリー歯科", "機関区分": 3, "都道府県コード": 1, "市区町村コード": 370, "所在地": "北海道瀬棚郡今金町字今金４８－８", "緯度": 42.428644, "経度": 140.008579, "url": "https://www.iryou.teikyouseido.mhlw.go.jp/znk-web/juminkanja/S2430/initialize?prefCd=01&kikanCd=3010038740&kikanKbn=3", "url2": null, "内容": "医療法人社団天祐会　今金ファミリー歯科【3:歯科】北海道瀬棚郡今金町字今金４８－８" }, "geometry": { "type": "Point", "coordinates": [ 140.008579, 42.428644 ] } },
{ "type": "Feature", "properties": { "ID": 133010038760, "正式名称": "しろくま歯科", "機関区分": 3, "都道府県コード": 1, "市区町村コード": 104, "所在地": "北海道札幌市白石区菊水三条４丁目２番７号樋口ビル２階", "緯度": 43.0551339, "経度": 141.3774694, "url": "https://www.iryou.teikyouseido.mhlw.go.jp/znk-web/juminkanja/S2430/initialize?prefCd=01&kikanCd=3010038760&kikanKbn=3", "url2": null, "内容": "しろくま歯科【3:歯科】北海道札幌市白石区菊水三条４丁目２番７号樋口ビル２階" }, "geometry": { "type": "Point", "coordinates": [ 141.3774694, 43.0551339 ] } },
{ "type": "Feature", "properties": { "ID": 133010038770, "正式名称": "大谷地　ＭＯＭＯＳＥ　ＤＥＮＴＡＬ　ＣＬＩＮＩＣ", "機関区分": 3, "都道府県コード": 1, "市区町村コード": 108, "所在地": "北海道札幌市厚別区大谷地東５丁目１－４３", "緯度": 43.0265539, "経度": 141.454866, "url": "https://www.iryou.teikyouseido.mhlw.go.jp/znk-web/juminkanja/S2430/initialize?prefCd=01&kikanCd=3010038770&kikanKbn=3", "url2": "https://www.momose-dentalclinic.com/", "内容": "大谷地　ＭＯＭＯＳＥ　ＤＥＮＴＡＬ　ＣＬＩＮＩＣ【3:歯科】北海道札幌市厚別区大谷地東５丁目１－４３" }, "geometry": { "type": "Point", "coordinates": [ 141.454866, 43.0265539 ] } },
{ "type": "Feature", "properties": { "ID": 133010038780, "正式名称": "医療法人社団　博愛会　南平岸グラーノデンタル", "機関区分": 3, "都道府県コード": 1, "市区町村コード": 105, "所在地": "北海道札幌市豊平区平岸三条１３丁目６番１号イオン南平岸店２階", "緯度": 43.0267106, "経度": 141.3707305, "url": "https://www.iryou.teikyouseido.mhlw.go.jp/znk-web/juminkanja/S2430/initialize?prefCd=01&kikanCd=3010038780&kikanKbn=3", "url2": null, "内容": "医療法人社団　博愛会　南平岸グラーノデンタル【3:歯科】北海道札幌市豊平区平岸三条１３丁目６番１号イオン南平岸店２階" }, "geometry": { "type": "Point", "coordinates": [ 141.3707305, 43.0267106 ] } },
{ "type": "Feature", "properties": { "ID": 133010038790, "正式名称": "カメルデンタルクリニック", "機関区分": 3, "都道府県コード": 1, "市区町村コード": 213, "所在地": "北海道苫小牧市東開町４丁目１１ー１５", "緯度": 42.6655799, "経度": 141.690258, "url": "https://www.iryou.teikyouseido.mhlw.go.jp/znk-web/juminkanja/S2430/initialize?prefCd=01&kikanCd=3010038790&kikanKbn=3", "url2": null, "内容": "カメルデンタルクリニック【3:歯科】北海道苫小牧市東開町４丁目１１ー１５" }, "geometry": { "type": "Point", "coordinates": [ 141.690258, 42.6655799 ] } },
{ "type": "Feature", "properties": { "ID": 133010038810, "正式名称": "伊藤歯科医院", "機関区分": 3, "都道府県コード": 1, "市区町村コード": 584, "所在地": "北海道虻田郡洞爺湖町旭町９番地１９", "緯度": 42.547565, "経度": 140.76607, "url": "https://www.iryou.teikyouseido.mhlw.go.jp/znk-web/juminkanja/S2430/initialize?prefCd=01&kikanCd=3010038810&kikanKbn=3", "url2": null, "内容": "伊藤歯科医院【3:歯科】北海道虻田郡洞爺湖町旭町９番地１９" }, "geometry": { "type": "Point", "coordinates": [ 140.76607, 42.547565 ] } },
{ "type": "Feature", "properties": { "ID": 133010300010, "正式名称": "あやめ歯科", "機関区分": 3, "都道府県コード": 1, "市区町村コード": 347, "所在地": "北海道山越郡長万部町長万部１６４", "緯度": 42.516411, "経度": 140.379792, "url": "https://www.iryou.teikyouseido.mhlw.go.jp/znk-web/juminkanja/S2430/initialize?prefCd=01&kikanCd=3010300010&kikanKbn=3", "url2": null, "内容": "あやめ歯科【3:歯科】北海道山越郡長万部町長万部１６４" }, "geometry": { "type": "Point", "coordinates": [ 140.379792, 42.516411 ] } },
{ "type": "Feature", "properties": { "ID": 133010400020, "正式名称": "大麻駅前歯科", "機関区分": 3, "都道府県コード": 1, "市区町村コード": 217, "所在地": "北海道江別市大麻中町２６－１８大麻コーポ２Ｆ", "緯度": 43.073793, "経度": 141.496124, "url": "https://www.iryou.teikyouseido.mhlw.go.jp/znk-web/juminkanja/S2430/initialize?prefCd=01&kikanCd=3010400020&kikanKbn=3", "url2": "https://ooasa-ekimae-dental.jp", "内容": "大麻駅前歯科【3:歯科】北海道江別市大麻中町２６－１８大麻コーポ２Ｆ" }, "geometry": { "type": "Point", "coordinates": [ 141.496124, 43.073793 ] } },
{ "type": "Feature", "properties": { "ID": 133010500010, "正式名称": "千歳自由ヶ丘歯科クリニック", "機関区分": 3, "都道府県コード": 1, "市区町村コード": 224, "所在地": "北海道千歳市自由ケ丘３丁目３番５号", "緯度": 42.8340358, "経度": 141.6194119, "url": "https://www.iryou.teikyouseido.mhlw.go.jp/znk-web/juminkanja/S2430/initialize?prefCd=01&kikanCd=3010500010&kikanKbn=3", "url2": null, "内容": "千歳自由ヶ丘歯科クリニック【3:歯科】北海道千歳市自由ケ丘３丁目３番５号" }, "geometry": { "type": "Point", "coordinates": [ 141.619411899999989, 42.8340358 ] } },
{ "type": "Feature", "properties": { "ID": 133010500020, "正式名称": "トナリエ北広島歯科", "機関区分": 3, "都道府県コード": 1, "市区町村コード": 234, "所在地": "北海道北広島市栄町１丁目５２トナリエ北広島３階　３０１", "緯度": 42.979092, "経度": 141.562233, "url": "https://www.iryou.teikyouseido.mhlw.go.jp/znk-web/juminkanja/S2430/initialize?prefCd=01&kikanCd=3010500020&kikanKbn=3", "url2": "https://tonarie-kitahiroshima-dc.com/", "内容": "トナリエ北広島歯科【3:歯科】北海道北広島市栄町１丁目５２トナリエ北広島３階　３０１" }, "geometry": { "type": "Point", "coordinates": [ 141.562233, 42.979092 ] } },
{ "type": "Feature", "properties": { "ID": 133010800020, "正式名称": "みんなの歯科クリニック", "機関区分": 3, "都道府県コード": 1, "市区町村コード": 210, "所在地": "北海道岩見沢市北本町西１丁目３－１９", "緯度": 43.2101398, "経度": 141.7601995, "url": "https://www.iryou.teikyouseido.mhlw.go.jp/znk-web/juminkanja/S2430/initialize?prefCd=01&kikanCd=3010800020&kikanKbn=3", "url2": null, "内容": "みんなの歯科クリニック【3:歯科】北海道岩見沢市北本町西１丁目３－１９" }, "geometry": { "type": "Point", "coordinates": [ 141.7601995, 43.2101398 ] } },
{ "type": "Feature", "properties": { "ID": 133011200010, "正式名称": "医療法人社団千寿会千秋歯科医院", "機関区分": 3, "都道府県コード": 1, "市区町村コード": 213, "所在地": "北海道苫小牧市三光町２‐２‐７", "緯度": 42.6504683, "経度": 141.6189705, "url": "https://www.iryou.teikyouseido.mhlw.go.jp/znk-web/juminkanja/S2430/initialize?prefCd=01&kikanCd=3011200010&kikanKbn=3", "url2": null, "内容": "医療法人社団千寿会千秋歯科医院【3:歯科】北海道苫小牧市三光町２‐２‐７" }, "geometry": { "type": "Point", "coordinates": [ 141.618970499999989, 42.6504683 ] } },
{ "type": "Feature", "properties": { "ID": 133011200020, "正式名称": "北栄こども歯科", "機関区分": 3, "都道府県コード": 1, "市区町村コード": 213, "所在地": "北海道苫小牧市北栄町２－２７－４０", "緯度": 42.6750819, "経度": 141.6879941, "url": "https://www.iryou.teikyouseido.mhlw.go.jp/znk-web/juminkanja/S2430/initialize?prefCd=01&kikanCd=3011200020&kikanKbn=3", "url2": null, "内容": "北栄こども歯科【3:歯科】北海道苫小牧市北栄町２－２７－４０" }, "geometry": { "type": "Point", "coordinates": [ 141.6879941, 42.6750819 ] } },
{ "type": "Feature", "properties": { "ID": 133011700010, "正式名称": "医療法人社団ｍｅｒｗｅｌｌ中富良野歯科診療所", "機関区分": 3, "都道府県コード": 1, "市区町村コード": 461, "所在地": "北海道空知郡中富良野町新町５－４", "緯度": 35.941136, "経度": 139.317439, "url": "https://www.iryou.teikyouseido.mhlw.go.jp/znk-web/juminkanja/S2430/initialize?prefCd=01&kikanCd=3011700010&kikanKbn=3", "url2": null, "内容": "医療法人社団ｍｅｒｗｅｌｌ中富良野歯科診療所【3:歯科】北海道空知郡中富良野町新町５－４" }, "geometry": { "type": "Point", "coordinates": [ 139.317439, 35.941136 ] } },
{ "type": "Feature", "properties": { "ID": 133012300110, "正式名称": "シロナミ訪問歯科診療所", "機関区分": 3, "都道府県コード": 1, "市区町村コード": 207, "所在地": "北海道帯広市西七条南８丁目１－３", "緯度": 35.990764, "経度": 139.380467, "url": "https://www.iryou.teikyouseido.mhlw.go.jp/znk-web/juminkanja/S2430/initialize?prefCd=01&kikanCd=3012300110&kikanKbn=3", "url2": null, "内容": "シロナミ訪問歯科診療所【3:歯科】北海道帯広市西七条南８丁目１－３" }, "geometry": { "type": "Point", "coordinates": [ 139.380467, 35.990764 ] } },
{ "type": "Feature", "properties": { "ID": 133012400010, "正式名称": "よねざわ歯科医院", "機関区分": 3, "都道府県コード": 1, "市区町村コード": 664, "所在地": "北海道川上郡標茶町旭２−１−１６", "緯度": 43.299615, "経度": 144.606811, "url": "https://www.iryou.teikyouseido.mhlw.go.jp/znk-web/juminkanja/S2430/initialize?prefCd=01&kikanCd=3012400010&kikanKbn=3", "url2": null, "内容": "よねざわ歯科医院【3:歯科】北海道川上郡標茶町旭２−１−１６" }, "geometry": { "type": "Point", "coordinates": [ 144.606811, 43.299615 ] } },
{ "type": "Feature", "properties": { "ID": 133013000050, "正式名称": "白石そうま歯科クリニック", "機関区分": 3, "都道府県コード": 1, "市区町村コード": 104, "所在地": "北海道札幌市白石区本郷通３丁目南４－３１カサビアンコ１Ｆ", "緯度": 43.0458915, "経度": 141.405576, "url": "https://www.iryou.teikyouseido.mhlw.go.jp/znk-web/juminkanja/S2430/initialize?prefCd=01&kikanCd=3013000050&kikanKbn=3", "url2": null, "内容": "白石そうま歯科クリニック【3:歯科】北海道札幌市白石区本郷通３丁目南４－３１カサビアンコ１Ｆ" }, "geometry": { "type": "Point", "coordinates": [ 141.405576, 43.0458915 ] } },
{ "type": "Feature", "properties": { "ID": 133013000080, "正式名称": "さいわいデンタルクリニック新札幌", "機関区分": 3, "都道府県コード": 1, "市区町村コード": 108, "所在地": "北海道札幌市厚別区厚別中央一条６丁目３番５号ラ・ジェント・ステイ新さっぽろ２Ｆ", "緯度": 43.0394759, "経度": 141.4750417, "url": "https://www.iryou.teikyouseido.mhlw.go.jp/znk-web/juminkanja/S2430/initialize?prefCd=01&kikanCd=3013000080&kikanKbn=3", "url2": "https://saiwaidental.jp/shinsapporo/", "内容": "さいわいデンタルクリニック新札幌【3:歯科】北海道札幌市厚別区厚別中央一条６丁目３番５号ラ・ジェント・ステイ新さっぽろ２Ｆ" }, "geometry": { "type": "Point", "coordinates": [ 141.4750417, 43.0394759 ] } },
{ "type": "Feature", "properties": { "ID": 133013200010, "正式名称": "Ｋデンタルオフィス", "機関区分": 3, "都道府県コード": 1, "市区町村コード": 202, "所在地": "北海道函館市亀田町２０番７号", "緯度": 41.798073, "経度": 140.73421, "url": "https://www.iryou.teikyouseido.mhlw.go.jp/znk-web/juminkanja/S2430/initialize?prefCd=01&kikanCd=3013200010&kikanKbn=3", "url2": null, "内容": "Ｋデンタルオフィス【3:歯科】北海道函館市亀田町２０番７号" }, "geometry": { "type": "Point", "coordinates": [ 140.73421, 41.798073 ] } }
]
}
