{
"type": "FeatureCollection",
"name": "geo_1_1",
"crs": { "type": "name", "properties": { "name": "urn:ogc:def:crs:OGC:1.3:CRS84" } },
"features": [
{ "type": "Feature", "properties": { "ID": 111010000010, "正式名称": "札幌医科大学附属病院", "機関区分": 1, "都道府県コード": 1, "市区町村コード": 101, "所在地": "北海道札幌市中央区南１条西１６丁目２９１番地", "緯度": 43.055405, "経度": 141.333497, "url": "https://www.iryou.teikyouseido.mhlw.go.jp/znk-web/juminkanja/S2430/initialize?prefCd=01&kikanCd=11010000010&kikanKbn=1", "url2": "https://web.sapmed.ac.jp/hospital/", "内容": "札幌医科大学附属病院【1:病院】【診療科目:0】【一般病床数:812療養病床数:0精神病床数:32感染症病床数:0合計病床数:844】北海道札幌市中央区南１条西１６丁目２９１番地" }, "geometry": { "type": "Point", "coordinates": [ 141.333497, 43.055405 ] } },
{ "type": "Feature", "properties": { "ID": 111010000020, "正式名称": "市立札幌病院", "機関区分": 1, "都道府県コード": 1, "市区町村コード": 101, "所在地": "北海道札幌市中央区北１１条西１３丁目１番１号", "緯度": 43.070393, "経度": 141.334156, "url": "https://www.iryou.teikyouseido.mhlw.go.jp/znk-web/juminkanja/S2430/initialize?prefCd=01&kikanCd=11010000020&kikanKbn=1", "url2": "http://www.city.sapporo.jp/hospital/", "内容": "市立札幌病院【1:病院】【診療科目:0】【一般病床数:626療養病床数:0精神病床数:38感染症病床数:8合計病床数:672】北海道札幌市中央区北１１条西１３丁目１番１号" }, "geometry": { "type": "Point", "coordinates": [ 141.334156, 43.070393 ] } },
{ "type": "Feature", "properties": { "ID": 111010000030, "正式名称": "ＪＡ北海道厚生連　札幌厚生病院", "機関区分": 1, "都道府県コード": 1, "市区町村コード": 101, "所在地": "北海道札幌市中央区北３条東８丁目５番地", "緯度": 43.06752, "経度": 141.369151, "url": "https://www.iryou.teikyouseido.mhlw.go.jp/znk-web/juminkanja/S2430/initialize?prefCd=01&kikanCd=11010000030&kikanKbn=1", "url2": "http://www.dou-kouseiren.com//byouin/sapporo", "内容": "ＪＡ北海道厚生連　札幌厚生病院【1:病院】【診療科目:0】【一般病床数:516療養病床数:0精神病床数:0感染症病床数:0合計病床数:516】北海道札幌市中央区北３条東８丁目５番地" }, "geometry": { "type": "Point", "coordinates": [ 141.369151, 43.06752 ] } },
{ "type": "Feature", "properties": { "ID": 111010000050, "正式名称": "ＪＲ札幌病院", "機関区分": 1, "都道府県コード": 1, "市区町村コード": 101, "所在地": "北海道札幌市中央区北３条東１丁目１番地", "緯度": 43.0657057, "経度": 141.3570917, "url": "https://www.iryou.teikyouseido.mhlw.go.jp/znk-web/juminkanja/S2430/initialize?prefCd=01&kikanCd=11010000050&kikanKbn=1", "url2": "https://hospital.jrhokkaido.co.jp", "内容": "ＪＲ札幌病院【1:病院】【診療科目:0】【一般病床数:312療養病床数:0精神病床数:0感染症病床数:0合計病床数:312】北海道札幌市中央区北３条東１丁目１番地" }, "geometry": { "type": "Point", "coordinates": [ 141.357091700000012, 43.0657057 ] } },
{ "type": "Feature", "properties": { "ID": 111010000060, "正式名称": "ＮＴＴ東日本札幌病院", "機関区分": 1, "都道府県コード": 1, "市区町村コード": 101, "所在地": "北海道札幌市中央区南１条西１５丁目２９０番地", "緯度": 43.056224, "経度": 141.334582, "url": "https://www.iryou.teikyouseido.mhlw.go.jp/znk-web/juminkanja/S2430/initialize?prefCd=01&kikanCd=11010000060&kikanKbn=1", "url2": "https://www.nmcs.ntt-east.co.jp/index.html", "内容": "ＮＴＴ東日本札幌病院【1:病院】【診療科目:0】【一般病床数:301療養病床数:0精神病床数:0感染症病床数:0合計病床数:301】北海道札幌市中央区南１条西１５丁目２９０番地" }, "geometry": { "type": "Point", "coordinates": [ 141.334582, 43.056224 ] } },
{ "type": "Feature", "properties": { "ID": 111010000070, "正式名称": "一般財団法人　札幌同交会病院", "機関区分": 1, "都道府県コード": 1, "市区町村コード": 101, "所在地": "北海道札幌市中央区南２条西１９丁目２９１番地", "緯度": 43.055743, "経度": 141.328349, "url": "https://www.iryou.teikyouseido.mhlw.go.jp/znk-web/juminkanja/S2430/initialize?prefCd=01&kikanCd=11010000070&kikanKbn=1", "url2": "http://www.dohkohkai.or.jp", "内容": "一般財団法人　札幌同交会病院【1:病院】【診療科目:0】【一般病床数:118療養病床数:48精神病床数:0感染症病床数:0合計病床数:166】北海道札幌市中央区南２条西１９丁目２９１番地" }, "geometry": { "type": "Point", "coordinates": [ 141.328349, 43.055743 ] } },
{ "type": "Feature", "properties": { "ID": 111010000080, "正式名称": "医療法人　菊郷会　愛育病院", "機関区分": 1, "都道府県コード": 1, "市区町村コード": 101, "所在地": "北海道札幌市中央区南４条西２５丁目２番１号", "緯度": 43.052028, "経度": 141.3206046, "url": "https://www.iryou.teikyouseido.mhlw.go.jp/znk-web/juminkanja/S2430/initialize?prefCd=01&kikanCd=11010000080&kikanKbn=1", "url2": "http://www.aiiku-hp.or.jp", "内容": "医療法人　菊郷会　愛育病院【1:病院】【診療科目:0】【一般病床数:164療養病床数:0精神病床数:0感染症病床数:0合計病床数:164】北海道札幌市中央区南４条西２５丁目２番１号" }, "geometry": { "type": "Point", "coordinates": [ 141.3206046, 43.052028 ] } },
{ "type": "Feature", "properties": { "ID": 111010000090, "正式名称": "社会福祉法人　札幌慈啓会　慈啓会病院", "機関区分": 1, "都道府県コード": 1, "市区町村コード": 101, "所在地": "北海道札幌市中央区旭ケ丘５丁目６番５０号", "緯度": 43.03669, "経度": 141.322795, "url": "https://www.iryou.teikyouseido.mhlw.go.jp/znk-web/juminkanja/S2430/initialize?prefCd=01&kikanCd=11010000090&kikanKbn=1", "url2": "http://www.sapporojikeikai.or.jp/jikeikai/", "内容": "社会福祉法人　札幌慈啓会　慈啓会病院【1:病院】【診療科目:0】【一般病床数:92療養病床数:44精神病床数:99感染症病床数:0合計病床数:235】北海道札幌市中央区旭ケ丘５丁目６番５０号" }, "geometry": { "type": "Point", "coordinates": [ 141.322795, 43.03669 ] } },
{ "type": "Feature", "properties": { "ID": 111010000100, "正式名称": "特定医療法人社団慶愛会札幌花園病院", "機関区分": 1, "都道府県コード": 1, "市区町村コード": 101, "所在地": "北海道札幌市中央区南１５条西１５丁目１番３０号", "緯度": 43.039217, "経度": 141.335571, "url": "https://www.iryou.teikyouseido.mhlw.go.jp/znk-web/juminkanja/S2430/initialize?prefCd=01&kikanCd=11010000100&kikanKbn=1", "url2": "http://www.hanazono-hp.or.jp", "内容": "特定医療法人社団慶愛会札幌花園病院【1:病院】【診療科目:0】【一般病床数:0療養病床数:0精神病床数:227感染症病床数:0合計病床数:227】北海道札幌市中央区南１５条西１５丁目１番３０号" }, "geometry": { "type": "Point", "coordinates": [ 141.335571, 43.039217 ] } },
{ "type": "Feature", "properties": { "ID": 111010000110, "正式名称": "社会医療法人医仁会中村記念病院", "機関区分": 1, "都道府県コード": 1, "市区町村コード": 101, "所在地": "北海道札幌市中央区南１条西１４丁目２９１番地１９０", "緯度": 43.0564456, "経度": 141.3363859, "url": "https://www.iryou.teikyouseido.mhlw.go.jp/znk-web/juminkanja/S2430/initialize?prefCd=01&kikanCd=11010000110&kikanKbn=1", "url2": "http://www.nmh.or.jp/", "内容": "社会医療法人医仁会中村記念病院【1:病院】【診療科目:0】【一般病床数:499療養病床数:0精神病床数:0感染症病床数:0合計病床数:499】北海道札幌市中央区南１条西１４丁目２９１番地１９０" }, "geometry": { "type": "Point", "coordinates": [ 141.33638590000001, 43.0564456 ] } },
{ "type": "Feature", "properties": { "ID": 111010000120, "正式名称": "医療法人社団慈藻会平松記念病院", "機関区分": 1, "都道府県コード": 1, "市区町村コード": 101, "所在地": "北海道札幌市中央区南２２条西１４丁目１番２０号", "緯度": 43.0299665, "経度": 141.3390855, "url": "https://www.iryou.teikyouseido.mhlw.go.jp/znk-web/juminkanja/S2430/initialize?prefCd=01&kikanCd=11010000120&kikanKbn=1", "url2": "https://www.hiramatu-mhp.or.jp", "内容": "医療法人社団慈藻会平松記念病院【1:病院】【診療科目:0】【一般病床数:0療養病床数:0精神病床数:228感染症病床数:0合計病床数:228】北海道札幌市中央区南２２条西１４丁目１番２０号" }, "geometry": { "type": "Point", "coordinates": [ 141.33908550000001, 43.0299665 ] } },
{ "type": "Feature", "properties": { "ID": 111010000130, "正式名称": "医療法人社団ＣＨＣＰヘルスケアシステム桑園中央病院", "機関区分": 1, "都道府県コード": 1, "市区町村コード": 101, "所在地": "北海道札幌市中央区北８条西１６丁目２８番３５号", "緯度": 43.068415, "経度": 141.330439, "url": "https://www.iryou.teikyouseido.mhlw.go.jp/znk-web/juminkanja/S2430/initialize?prefCd=01&kikanCd=11010000130&kikanKbn=1", "url2": "http://sch-hospital.com/", "内容": "医療法人社団ＣＨＣＰヘルスケアシステム桑園中央病院【1:病院】【診療科目:0】【一般病床数:38療養病床数:30精神病床数:0感染症病床数:0合計病床数:68】北海道札幌市中央区北８条西１６丁目２８番３５号" }, "geometry": { "type": "Point", "coordinates": [ 141.330439, 43.068415 ] } },
{ "type": "Feature", "properties": { "ID": 111010000150, "正式名称": "医療法人社団清和会南札幌病院", "機関区分": 1, "都道府県コード": 1, "市区町村コード": 101, "所在地": "北海道札幌市中央区南９条西７丁目１番２３号", "緯度": 43.048281, "経度": 141.348315, "url": "https://www.iryou.teikyouseido.mhlw.go.jp/znk-web/juminkanja/S2430/initialize?prefCd=01&kikanCd=11010000150&kikanKbn=1", "url2": "http://www.minamisapporo.or.jp", "内容": "医療法人社団清和会南札幌病院【1:病院】【診療科目:0】【一般病床数:94療養病床数:0精神病床数:0感染症病床数:0合計病床数:94】北海道札幌市中央区南９条西７丁目１番２３号" }, "geometry": { "type": "Point", "coordinates": [ 141.348315, 43.048281 ] } },
{ "type": "Feature", "properties": { "ID": 111010000160, "正式名称": "社会医療法人鳩仁会　札幌中央病院", "機関区分": 1, "都道府県コード": 1, "市区町村コード": 101, "所在地": "北海道札幌市中央区南９条西１０丁目１番５０号", "緯度": 43.047494, "経度": 141.343154, "url": "https://www.iryou.teikyouseido.mhlw.go.jp/znk-web/juminkanja/S2430/initialize?prefCd=01&kikanCd=11010000160&kikanKbn=1", "url2": "http://www.sc-h.or.jp/", "内容": "社会医療法人鳩仁会　札幌中央病院【1:病院】【診療科目:0】【一般病床数:180療養病床数:0精神病床数:0感染症病床数:0合計病床数:180】北海道札幌市中央区南９条西１０丁目１番５０号" }, "geometry": { "type": "Point", "coordinates": [ 141.343154, 43.047494 ] } },
{ "type": "Feature", "properties": { "ID": 111010000170, "正式名称": "医療法人北仁会旭山病院", "機関区分": 1, "都道府県コード": 1, "市区町村コード": 101, "所在地": "北海道札幌市中央区双子山　４丁目３番３３号", "緯度": 43.041605, "経度": 141.311962, "url": "https://www.iryou.teikyouseido.mhlw.go.jp/znk-web/juminkanja/S2430/initialize?prefCd=01&kikanCd=11010000170&kikanKbn=1", "url2": "http://www.hokujin.or.jp/asahiyama/", "内容": "医療法人北仁会旭山病院【1:病院】【診療科目:0】【一般病床数:0療養病床数:0精神病床数:329感染症病床数:0合計病床数:329】北海道札幌市中央区双子山　４丁目３番３３号" }, "geometry": { "type": "Point", "coordinates": [ 141.311962, 43.041605 ] } },
{ "type": "Feature", "properties": { "ID": 111010000180, "正式名称": "社会医療法人北海道循環器病院", "機関区分": 1, "都道府県コード": 1, "市区町村コード": 101, "所在地": "北海道札幌市中央区南２７条西１３丁目１番３０号", "緯度": 43.0236456, "経度": 141.3425328, "url": "https://www.iryou.teikyouseido.mhlw.go.jp/znk-web/juminkanja/S2430/initialize?prefCd=01&kikanCd=11010000180&kikanKbn=1", "url2": "http://www.hokujun.or.jp", "内容": "社会医療法人北海道循環器病院【1:病院】【診療科目:0】【一般病床数:95療養病床数:0精神病床数:0感染症病床数:0合計病床数:95】北海道札幌市中央区南２７条西１３丁目１番３０号" }, "geometry": { "type": "Point", "coordinates": [ 141.342532799999987, 43.0236456 ] } },
{ "type": "Feature", "properties": { "ID": 111010000190, "正式名称": "医療法人藻友会札幌いしやま病院", "機関区分": 1, "都道府県コード": 1, "市区町村コード": 101, "所在地": "北海道札幌市中央区南１５条西１０丁目４番１号", "緯度": 43.039356, "経度": 141.344154, "url": "https://www.iryou.teikyouseido.mhlw.go.jp/znk-web/juminkanja/S2430/initialize?prefCd=01&kikanCd=11010000190&kikanKbn=1", "url2": "http://www.ishiyama.or.jp/", "内容": "医療法人藻友会札幌いしやま病院【1:病院】【診療科目:0】【一般病床数:89療養病床数:0精神病床数:0感染症病床数:0合計病床数:89】北海道札幌市中央区南１５条西１０丁目４番１号" }, "geometry": { "type": "Point", "coordinates": [ 141.344154, 43.039356 ] } },
{ "type": "Feature", "properties": { "ID": 111010000210, "正式名称": "札幌南一条病院", "機関区分": 1, "都道府県コード": 1, "市区町村コード": 101, "所在地": "北海道札幌市中央区南１条西１３丁目３１７番地１", "緯度": 43.05667, "経度": 141.337482, "url": "https://www.iryou.teikyouseido.mhlw.go.jp/znk-web/juminkanja/S2430/initialize?prefCd=01&kikanCd=11010000210&kikanKbn=1", "url2": "http://www.h-keiaikai.or.jp/minamiichijo/", "内容": "札幌南一条病院【1:病院】【診療科目:0】【一般病床数:147療養病床数:0精神病床数:0感染症病床数:0合計病床数:147】北海道札幌市中央区南１条西１３丁目３１７番地１" }, "geometry": { "type": "Point", "coordinates": [ 141.337482, 43.05667 ] } },
{ "type": "Feature", "properties": { "ID": 111010000220, "正式名称": "医療法人社団正心会岡本病院", "機関区分": 1, "都道府県コード": 1, "市区町村コード": 101, "所在地": "北海道札幌市中央区北７条西２６丁目３番１号", "緯度": 43.065686, "経度": 141.315961, "url": "https://www.iryou.teikyouseido.mhlw.go.jp/znk-web/juminkanja/S2430/initialize?prefCd=01&kikanCd=11010000220&kikanKbn=1", "url2": "http://www.okamoto-hp.com/", "内容": "医療法人社団正心会岡本病院【1:病院】【診療科目:0】【一般病床数:0療養病床数:28精神病床数:189感染症病床数:0合計病床数:217】北海道札幌市中央区北７条西２６丁目３番１号" }, "geometry": { "type": "Point", "coordinates": [ 141.315961, 43.065686 ] } },
{ "type": "Feature", "properties": { "ID": 111010000230, "正式名称": "札幌西円山病院", "機関区分": 1, "都道府県コード": 1, "市区町村コード": 101, "所在地": "北海道札幌市中央区円山西町４丁目７番２５号", "緯度": 43.039966, "経度": 141.303236, "url": "https://www.iryou.teikyouseido.mhlw.go.jp/znk-web/juminkanja/S2430/initialize?prefCd=01&kikanCd=11010000230&kikanKbn=1", "url2": "http://www.keijinkai.com/nishimaruyama/", "内容": "札幌西円山病院【1:病院】【診療科目:0】【一般病床数:516療養病床数:87精神病床数:0感染症病床数:0合計病床数:603】北海道札幌市中央区円山西町４丁目７番２５号" }, "geometry": { "type": "Point", "coordinates": [ 141.303236, 43.039966 ] } },
{ "type": "Feature", "properties": { "ID": 111010000240, "正式名称": "医療法人社団明日佳　札幌明日佳病院", "機関区分": 1, "都道府県コード": 1, "市区町村コード": 101, "所在地": "北海道札幌市中央区宮の森　１条１７丁目１番２５号", "緯度": 43.043133, "経度": 141.292825, "url": "https://www.iryou.teikyouseido.mhlw.go.jp/znk-web/juminkanja/S2430/initialize?prefCd=01&kikanCd=11010000240&kikanKbn=1", "url2": "http://www.asuka-gp.or.jp/sapporo/", "内容": "医療法人社団明日佳　札幌明日佳病院【1:病院】【診療科目:0】【一般病床数:0療養病床数:240精神病床数:0感染症病床数:0合計病床数:243】北海道札幌市中央区宮の森　１条１７丁目１番２５号" }, "geometry": { "type": "Point", "coordinates": [ 141.292825, 43.043133 ] } },
{ "type": "Feature", "properties": { "ID": 111010000260, "正式名称": "医療法人同仁会札幌南病院", "機関区分": 1, "都道府県コード": 1, "市区町村コード": 106, "所在地": "北海道札幌市南区石山東７丁目１番２８号", "緯度": 42.954504, "経度": 141.343797, "url": "https://www.iryou.teikyouseido.mhlw.go.jp/znk-web/juminkanja/S2430/initialize?prefCd=01&kikanCd=11010000260&kikanKbn=1", "url2": "http://www.zion-g.jp/sapporominami/", "内容": "医療法人同仁会札幌南病院【1:病院】【診療科目:0】【一般病床数:50療養病床数:50精神病床数:0感染症病床数:0合計病床数:100】北海道札幌市南区石山東７丁目１番２８号" }, "geometry": { "type": "Point", "coordinates": [ 141.343797, 42.954504 ] } },
{ "type": "Feature", "properties": { "ID": 111010000280, "正式名称": "医療法人　札幌円山整形外科　札幌円山整形外科病院", "機関区分": 1, "都道府県コード": 1, "市区町村コード": 101, "所在地": "北海道札幌市中央区北７条西２７丁目１番３号", "緯度": 43.065133, "経度": 141.314767, "url": "https://www.iryou.teikyouseido.mhlw.go.jp/znk-web/juminkanja/S2430/initialize?prefCd=01&kikanCd=11010000280&kikanKbn=1", "url2": "http://www.maruyama-seikeigeka.com", "内容": "医療法人　札幌円山整形外科　札幌円山整形外科病院【1:病院】【診療科目:0】【一般病床数:110療養病床数:0精神病床数:0感染症病床数:0合計病床数:110】北海道札幌市中央区北７条西２７丁目１番３号" }, "geometry": { "type": "Point", "coordinates": [ 141.314767, 43.065133 ] } },
{ "type": "Feature", "properties": { "ID": 111010000290, "正式名称": "医療法人社団いとう整形外科病院", "機関区分": 1, "都道府県コード": 1, "市区町村コード": 101, "所在地": "北海道札幌市中央区南２条西１０丁目５番地", "緯度": 43.05666, "経度": 141.342292, "url": "https://www.iryou.teikyouseido.mhlw.go.jp/znk-web/juminkanja/S2430/initialize?prefCd=01&kikanCd=11010000290&kikanKbn=1", "url2": "http://www.ito-seikei.or.jp/", "内容": "医療法人社団いとう整形外科病院【1:病院】【診療科目:0】【一般病床数:80療養病床数:0精神病床数:0感染症病床数:0合計病床数:80】北海道札幌市中央区南２条西１０丁目５番地" }, "geometry": { "type": "Point", "coordinates": [ 141.342292, 43.05666 ] } },
{ "type": "Feature", "properties": { "ID": 111010000300, "正式名称": "医療法人社団心和会心和病院", "機関区分": 1, "都道府県コード": 1, "市区町村コード": 101, "所在地": "北海道札幌市中央区南１３条西２０丁目１番６号", "緯度": 43.041606, "経度": 141.329183, "url": "https://www.iryou.teikyouseido.mhlw.go.jp/znk-web/juminkanja/S2430/initialize?prefCd=01&kikanCd=11010000300&kikanKbn=1", "url2": "https://www.shinwahp.com/", "内容": "医療法人社団心和会心和病院【1:病院】【診療科目:0】【一般病床数:40療養病床数:0精神病床数:0感染症病床数:0合計病床数:40】北海道札幌市中央区南１３条西２０丁目１番６号" }, "geometry": { "type": "Point", "coordinates": [ 141.329183, 43.041606 ] } },
{ "type": "Feature", "properties": { "ID": 111010000330, "正式名称": "医療法人　萬田記念病院", "機関区分": 1, "都道府県コード": 1, "市区町村コード": 101, "所在地": "北海道札幌市中央区南２条西１丁目１番地", "緯度": 43.058799, "経度": 141.35718, "url": "https://www.iryou.teikyouseido.mhlw.go.jp/znk-web/juminkanja/S2430/initialize?prefCd=01&kikanCd=11010000330&kikanKbn=1", "url2": "http://www.manda.or.jp", "内容": "医療法人　萬田記念病院【1:病院】【診療科目:0】【一般病床数:82療養病床数:0精神病床数:0感染症病床数:0合計病床数:82】北海道札幌市中央区南２条西１丁目１番地" }, "geometry": { "type": "Point", "coordinates": [ 141.35718, 43.058799 ] } },
{ "type": "Feature", "properties": { "ID": 111010000340, "正式名称": "特定医療法人　平成会　平成会病院", "機関区分": 1, "都道府県コード": 1, "市区町村コード": 101, "所在地": "北海道札幌市中央区北１条西１８丁目１番１", "緯度": 43.0598053, "経度": 141.3290819, "url": "https://www.iryou.teikyouseido.mhlw.go.jp/znk-web/juminkanja/S2430/initialize?prefCd=01&kikanCd=11010000340&kikanKbn=1", "url2": "http://www.heisei-hospital.jp", "内容": "特定医療法人　平成会　平成会病院【1:病院】【診療科目:0】【一般病床数:82療養病床数:0精神病床数:0感染症病床数:0合計病床数:82】北海道札幌市中央区北１条西１８丁目１番１" }, "geometry": { "type": "Point", "coordinates": [ 141.3290819, 43.0598053 ] } },
{ "type": "Feature", "properties": { "ID": 111010000350, "正式名称": "医療法人社団健心会　桑園病院", "機関区分": 1, "都道府県コード": 1, "市区町村コード": 101, "所在地": "北海道札幌市中央区北１２条西１５丁目１番３０号", "緯度": 43.072852, "経度": 141.330098, "url": "https://www.iryou.teikyouseido.mhlw.go.jp/znk-web/juminkanja/S2430/initialize?prefCd=01&kikanCd=11010000350&kikanKbn=1", "url2": "https://www.soen-hosp.com", "内容": "医療法人社団健心会　桑園病院【1:病院】【診療科目:0】【一般病床数:0療養病床数:0精神病床数:156感染症病床数:0合計病床数:156】北海道札幌市中央区北１２条西１５丁目１番３０号" }, "geometry": { "type": "Point", "coordinates": [ 141.330098, 43.072852 ] } },
{ "type": "Feature", "properties": { "ID": 111010000370, "正式名称": "医療法人資生会　創成東病院", "機関区分": 1, "都道府県コード": 1, "市区町村コード": 101, "所在地": "北海道札幌市中央区南３条東３丁目１３番地", "緯度": 43.058049, "経度": 141.361652, "url": "https://www.iryou.teikyouseido.mhlw.go.jp/znk-web/juminkanja/S2430/initialize?prefCd=01&kikanCd=11010000370&kikanKbn=1", "url2": "http://sousei-med.jp", "内容": "医療法人資生会　創成東病院【1:病院】【診療科目:0】【一般病床数:94療養病床数:0精神病床数:0感染症病床数:0合計病床数:94】北海道札幌市中央区南３条東３丁目１３番地" }, "geometry": { "type": "Point", "coordinates": [ 141.361652, 43.058049 ] } },
{ "type": "Feature", "properties": { "ID": 111010000380, "正式名称": "医療法人徳洲会札幌もいわ徳洲会病院", "機関区分": 1, "都道府県コード": 1, "市区町村コード": 101, "所在地": "北海道札幌市中央区南２３条西１５丁目１番３０号", "緯度": 43.027403, "経度": 141.337957, "url": "https://www.iryou.teikyouseido.mhlw.go.jp/znk-web/juminkanja/S2430/initialize?prefCd=01&kikanCd=11010000380&kikanKbn=1", "url2": "https://gekakinen.tokushukai.or.jp/", "内容": "医療法人徳洲会札幌もいわ徳洲会病院【1:病院】【診療科目:0】【一般病床数:99療養病床数:0精神病床数:0感染症病床数:0合計病床数:99】北海道札幌市中央区南２３条西１５丁目１番３０号" }, "geometry": { "type": "Point", "coordinates": [ 141.337957, 43.027403 ] } },
{ "type": "Feature", "properties": { "ID": 111010000390, "正式名称": "医療法人社団研仁会北海道脳神経外科記念病院", "機関区分": 1, "都道府県コード": 1, "市区町村コード": 107, "所在地": "北海道札幌市西区八軒９条東５丁目１－２０", "緯度": 43.074486, "経度": 141.3014, "url": "https://www.iryou.teikyouseido.mhlw.go.jp/znk-web/juminkanja/S2430/initialize?prefCd=01&kikanCd=11010000390&kikanKbn=1", "url2": "https://www.hnsmhp.or.jp", "内容": "医療法人社団研仁会北海道脳神経外科記念病院【1:病院】【診療科目:0】【一般病床数:134療養病床数:0精神病床数:0感染症病床数:0合計病床数:134】北海道札幌市西区八軒９条東５丁目１－２０" }, "geometry": { "type": "Point", "coordinates": [ 141.3014, 43.074486 ] } },
{ "type": "Feature", "properties": { "ID": 111010000400, "正式名称": "医療法人社団銀杏会　さっぽろ銀杏会記念病院", "機関区分": 1, "都道府県コード": 1, "市区町村コード": 101, "所在地": "北海道札幌市中央区南１１条西８丁目２番２５号", "緯度": 43.0449496, "経度": 141.3474138, "url": "https://www.iryou.teikyouseido.mhlw.go.jp/znk-web/juminkanja/S2430/initialize?prefCd=01&kikanCd=11010000400&kikanKbn=1", "url2": "https://ginnankai.jp/", "内容": "医療法人社団銀杏会　さっぽろ銀杏会記念病院【1:病院】【診療科目:0】【一般病床数:85療養病床数:0精神病床数:0感染症病床数:0合計病床数:85】北海道札幌市中央区南１１条西８丁目２番２５号" }, "geometry": { "type": "Point", "coordinates": [ 141.3474138, 43.0449496 ] } },
{ "type": "Feature", "properties": { "ID": 111010000410, "正式名称": "札幌南三条病院", "機関区分": 1, "都道府県コード": 1, "市区町村コード": 101, "所在地": "北海道札幌市中央区南３条西６丁目４番２号", "緯度": 43.056021, "経度": 141.349403, "url": "https://www.iryou.teikyouseido.mhlw.go.jp/znk-web/juminkanja/S2430/initialize?prefCd=01&kikanCd=11010000410&kikanKbn=1", "url2": "http://www.minamisanjo-hp.jp", "内容": "札幌南三条病院【1:病院】【診療科目:0】【一般病床数:99療養病床数:0精神病床数:0感染症病床数:0合計病床数:99】北海道札幌市中央区南３条西６丁目４番２号" }, "geometry": { "type": "Point", "coordinates": [ 141.349403, 43.056021 ] } },
{ "type": "Feature", "properties": { "ID": 111010000420, "正式名称": "北海道大学病院", "機関区分": 1, "都道府県コード": 1, "市区町村コード": 102, "所在地": "北海道札幌市北区北１４条西５丁目", "緯度": 43.077246, "経度": 141.345617, "url": "https://www.iryou.teikyouseido.mhlw.go.jp/znk-web/juminkanja/S2430/initialize?prefCd=01&kikanCd=11010000420&kikanKbn=1", "url2": "http://www.huhp.hokudai.ac.jp", "内容": "北海道大学病院【1:病院】【診療科目:0】【一般病床数:854療養病床数:0精神病床数:40感染症病床数:0合計病床数:894】北海道札幌市北区北１４条西５丁目" }, "geometry": { "type": "Point", "coordinates": [ 141.345617, 43.077246 ] } },
{ "type": "Feature", "properties": { "ID": 111010000430, "正式名称": "医療法人社団心優会中江病院", "機関区分": 1, "都道府県コード": 1, "市区町村コード": 102, "所在地": "北海道札幌市北区北２２条西７丁目２番１号", "緯度": 43.087573, "経度": 141.340015, "url": "https://www.iryou.teikyouseido.mhlw.go.jp/znk-web/juminkanja/S2430/initialize?prefCd=01&kikanCd=11010000430&kikanKbn=1", "url2": "http://www.shinyukai-r.or.jp/nakae/", "内容": "医療法人社団心優会中江病院【1:病院】【診療科目:0】【一般病床数:0療養病床数:0精神病床数:280感染症病床数:0合計病床数:280】北海道札幌市北区北２２条西７丁目２番１号" }, "geometry": { "type": "Point", "coordinates": [ 141.340015, 43.087573 ] } },
{ "type": "Feature", "properties": { "ID": 111010000450, "正式名称": "社会医療法人　松田整形外科記念病院", "機関区分": 1, "都道府県コード": 1, "市区町村コード": 102, "所在地": "北海道札幌市北区北１８条西４丁目１番３５号", "緯度": 43.082046, "経度": 141.346096, "url": "https://www.iryou.teikyouseido.mhlw.go.jp/znk-web/juminkanja/S2430/initialize?prefCd=01&kikanCd=11010000450&kikanKbn=1", "url2": "http://www.matsuda-oh.com/", "内容": "社会医療法人　松田整形外科記念病院【1:病院】【診療科目:0】【一般病床数:60療養病床数:0精神病床数:0感染症病床数:0合計病床数:60】北海道札幌市北区北１８条西４丁目１番３５号" }, "geometry": { "type": "Point", "coordinates": [ 141.346096, 43.082046 ] } },
{ "type": "Feature", "properties": { "ID": 111010000460, "正式名称": "社会医療法人　延山会　北成病院", "機関区分": 1, "都道府県コード": 1, "市区町村コード": 102, "所在地": "北海道札幌市北区新川西３条２丁目１０番１号", "緯度": 43.124402, "経度": 141.287405, "url": "https://www.iryou.teikyouseido.mhlw.go.jp/znk-web/juminkanja/S2430/initialize?prefCd=01&kikanCd=11010000460&kikanKbn=1", "url2": "https://www.hokusei-hp.or.jp", "内容": "社会医療法人　延山会　北成病院【1:病院】【診療科目:0】【一般病床数:54療養病床数:84精神病床数:0感染症病床数:0合計病床数:138】北海道札幌市北区新川西３条２丁目１０番１号" }, "geometry": { "type": "Point", "coordinates": [ 141.287405, 43.124402 ] } },
{ "type": "Feature", "properties": { "ID": 111010000470, "正式名称": "医療法人新川新道整形外科病院", "機関区分": 1, "都道府県コード": 1, "市区町村コード": 102, "所在地": "北海道札幌市北区新川５条４丁目２番８号", "緯度": 43.102932, "経度": 141.321014, "url": "https://www.iryou.teikyouseido.mhlw.go.jp/znk-web/juminkanja/S2430/initialize?prefCd=01&kikanCd=11010000470&kikanKbn=1", "url2": "http://shinkawashindo.com", "内容": "医療法人新川新道整形外科病院【1:病院】【診療科目:0】【一般病床数:70療養病床数:0精神病床数:0感染症病床数:0合計病床数:70】北海道札幌市北区新川５条４丁目２番８号" }, "geometry": { "type": "Point", "coordinates": [ 141.321014, 43.102932 ] } },
{ "type": "Feature", "properties": { "ID": 111010000480, "正式名称": "医療法人社団翔嶺館　札幌優翔館病院", "機関区分": 1, "都道府県コード": 1, "市区町村コード": 102, "所在地": "北海道札幌市北区東茨戸２条２丁目８番２５号", "緯度": 43.16478, "経度": 141.358013, "url": "https://www.iryou.teikyouseido.mhlw.go.jp/znk-web/juminkanja/S2430/initialize?prefCd=01&kikanCd=11010000480&kikanKbn=1", "url2": "http://www.shoureikan.jp/yuushoukan/index.html", "内容": "医療法人社団翔嶺館　札幌優翔館病院【1:病院】【診療科目:0】【一般病床数:86療養病床数:48精神病床数:0感染症病床数:0合計病床数:134】北海道札幌市北区東茨戸２条２丁目８番２５号" }, "geometry": { "type": "Point", "coordinates": [ 141.358013, 43.16478 ] } },
{ "type": "Feature", "properties": { "ID": 111010000490, "正式名称": "医療法人麻生整形外科病院", "機関区分": 1, "都道府県コード": 1, "市区町村コード": 102, "所在地": "北海道札幌市北区新琴似８条２丁目２番５号", "緯度": 43.1127696, "経度": 141.3325985, "url": "https://www.iryou.teikyouseido.mhlw.go.jp/znk-web/juminkanja/S2430/initialize?prefCd=01&kikanCd=11010000490&kikanKbn=1", "url2": "https://www.asabuseikei.or.jp", "内容": "医療法人麻生整形外科病院【1:病院】【診療科目:0】【一般病床数:53療養病床数:0精神病床数:0感染症病床数:0合計病床数:53】北海道札幌市北区新琴似８条２丁目２番５号" }, "geometry": { "type": "Point", "coordinates": [ 141.332598499999989, 43.1127696 ] } },
{ "type": "Feature", "properties": { "ID": 111010000510, "正式名称": "特定医療法人朋友会石金病院", "機関区分": 1, "都道府県コード": 1, "市区町村コード": 102, "所在地": "北海道札幌市北区新川７１４番地２", "緯度": 43.120069, "経度": 141.298876, "url": "https://www.iryou.teikyouseido.mhlw.go.jp/znk-web/juminkanja/S2430/initialize?prefCd=01&kikanCd=11010000510&kikanKbn=1", "url2": "http://www.ishikane-hospital.or.jp/", "内容": "特定医療法人朋友会石金病院【1:病院】【診療科目:0】【一般病床数:0療養病床数:0精神病床数:199感染症病床数:0合計病床数:199】北海道札幌市北区新川７１４番地２" }, "geometry": { "type": "Point", "coordinates": [ 141.298876, 43.120069 ] } },
{ "type": "Feature", "properties": { "ID": 111010000520, "正式名称": "社会医療法人　康和会　札幌しらかば台篠路病院", "機関区分": 1, "都道府県コード": 1, "市区町村コード": 102, "所在地": "北海道札幌市北区篠路５条８丁目２番１号", "緯度": 43.153817, "経度": 141.358009, "url": "https://www.iryou.teikyouseido.mhlw.go.jp/znk-web/juminkanja/S2430/initialize?prefCd=01&kikanCd=11010000520&kikanKbn=1", "url2": "http://www.kouwakai.or.jp/", "内容": "社会医療法人　康和会　札幌しらかば台篠路病院【1:病院】【診療科目:0】【一般病床数:60療養病床数:180精神病床数:0感染症病床数:0合計病床数:240】北海道札幌市北区篠路５条８丁目２番１号" }, "geometry": { "type": "Point", "coordinates": [ 141.358009, 43.153817 ] } },
{ "type": "Feature", "properties": { "ID": 111010000530, "正式名称": "医療法人研成会札幌鈴木病院", "機関区分": 1, "都道府県コード": 1, "市区町村コード": 102, "所在地": "北海道札幌市北区新琴似３条１丁目１番２７号", "緯度": 43.104723, "経度": 141.330217, "url": "https://www.iryou.teikyouseido.mhlw.go.jp/znk-web/juminkanja/S2430/initialize?prefCd=01&kikanCd=11010000530&kikanKbn=1", "url2": "http://www.sapporo-suzuki-hospital.jp", "内容": "医療法人研成会札幌鈴木病院【1:病院】【診療科目:0】【一般病床数:0療養病床数:0精神病床数:163感染症病床数:0合計病床数:163】北海道札幌市北区新琴似３条１丁目１番２７号" }, "geometry": { "type": "Point", "coordinates": [ 141.330217, 43.104723 ] } },
{ "type": "Feature", "properties": { "ID": 111010000540, "正式名称": "医療法人社団札幌百合の会病院", "機関区分": 1, "都道府県コード": 1, "市区町村コード": 102, "所在地": "北海道札幌市北区百合が原１１丁目１８６", "緯度": 43.131958, "経度": 141.367565, "url": "https://www.iryou.teikyouseido.mhlw.go.jp/znk-web/juminkanja/S2430/initialize?prefCd=01&kikanCd=11010000540&kikanKbn=1", "url2": "http://yurinokai-hp.jp/", "内容": "医療法人社団札幌百合の会病院【1:病院】【診療科目:0】【一般病床数:48療養病床数:88精神病床数:0感染症病床数:0合計病床数:136】北海道札幌市北区百合が原１１丁目１８６" }, "geometry": { "type": "Point", "coordinates": [ 141.367565, 43.131958 ] } },
{ "type": "Feature", "properties": { "ID": 111010000550, "正式名称": "医療法人社団　五稜会病院", "機関区分": 1, "都道府県コード": 1, "市区町村コード": 102, "所在地": "北海道札幌市北区篠路９条６丁目２番３号", "緯度": 43.155151, "経度": 141.36391, "url": "https://www.iryou.teikyouseido.mhlw.go.jp/znk-web/juminkanja/S2430/initialize?prefCd=01&kikanCd=11010000550&kikanKbn=1", "url2": "goryokai.com", "内容": "医療法人社団　五稜会病院【1:病院】【診療科目:0】【一般病床数:0療養病床数:0精神病床数:193感染症病床数:0合計病床数:193】北海道札幌市北区篠路９条６丁目２番３号" }, "geometry": { "type": "Point", "coordinates": [ 141.36391, 43.155151 ] } },
{ "type": "Feature", "properties": { "ID": 111010000560, "正式名称": "社会医療法人秀眸会大塚眼科病院", "機関区分": 1, "都道府県コード": 1, "市区町村コード": 102, "所在地": "北海道札幌市北区北１６条西４丁目２－１７", "緯度": 43.0800662, "経度": 141.3458516, "url": "https://www.iryou.teikyouseido.mhlw.go.jp/znk-web/juminkanja/S2430/initialize?prefCd=01&kikanCd=11010000560&kikanKbn=1", "url2": "http://www.ohtsuka-eye.com/", "内容": "社会医療法人秀眸会大塚眼科病院【1:病院】【診療科目:0】【一般病床数:52療養病床数:0精神病床数:0感染症病床数:0合計病床数:52】北海道札幌市北区北１６条西４丁目２－１７" }, "geometry": { "type": "Point", "coordinates": [ 141.3458516, 43.0800662 ] } },
{ "type": "Feature", "properties": { "ID": 111010000570, "正式名称": "医療法人徳洲会　北札幌病院", "機関区分": 1, "都道府県コード": 1, "市区町村コード": 102, "所在地": "北海道札幌市北区新琴似９条１丁目１番１号", "緯度": 43.1127679, "経度": 141.3372932, "url": "https://www.iryou.teikyouseido.mhlw.go.jp/znk-web/juminkanja/S2430/initialize?prefCd=01&kikanCd=11010000570&kikanKbn=1", "url2": "http://kitasatsu.or.jp/", "内容": "医療法人徳洲会　北札幌病院【1:病院】【診療科目:0】【一般病床数:35療養病床数:60精神病床数:0感染症病床数:0合計病床数:95】北海道札幌市北区新琴似９条１丁目１番１号" }, "geometry": { "type": "Point", "coordinates": [ 141.3372932, 43.1127679 ] } },
{ "type": "Feature", "properties": { "ID": 111010000580, "正式名称": "長生会病院", "機関区分": 1, "都道府県コード": 1, "市区町村コード": 102, "所在地": "北海道札幌市北区北２５条西１６丁目２番１号", "緯度": 43.091323, "経度": 141.324264, "url": "https://www.iryou.teikyouseido.mhlw.go.jp/znk-web/juminkanja/S2430/initialize?prefCd=01&kikanCd=11010000580&kikanKbn=1", "url2": "http://choseikai.com/", "内容": "長生会病院【1:病院】【診療科目:0】【一般病床数:28療養病床数:46精神病床数:0感染症病床数:0合計病床数:74】北海道札幌市北区北２５条西１６丁目２番１号" }, "geometry": { "type": "Point", "coordinates": [ 141.324264, 43.091323 ] } },
{ "type": "Feature", "properties": { "ID": 111010000610, "正式名称": "医療法人社団荒木病院", "機関区分": 1, "都道府県コード": 1, "市区町村コード": 102, "所在地": "北海道札幌市北区篠路３条２丁目１番９２号", "緯度": 43.145172, "経度": 141.354074, "url": "https://www.iryou.teikyouseido.mhlw.go.jp/znk-web/juminkanja/S2430/initialize?prefCd=01&kikanCd=11010000610&kikanKbn=1", "url2": "http://www.araki-hospital.jp/", "内容": "医療法人社団荒木病院【1:病院】【診療科目:0】【一般病床数:0療養病床数:27精神病床数:121感染症病床数:0合計病床数:148】北海道札幌市北区篠路３条２丁目１番９２号" }, "geometry": { "type": "Point", "coordinates": [ 141.354074, 43.145172 ] } },
{ "type": "Feature", "properties": { "ID": 111010000620, "正式名称": "医療法人社団栄杜会　小原病院", "機関区分": 1, "都道府県コード": 1, "市区町村コード": 102, "所在地": "北海道札幌市北区屯田９条１２丁目５－１", "緯度": 43.144401, "経度": 141.316978, "url": "https://www.iryou.teikyouseido.mhlw.go.jp/znk-web/juminkanja/S2430/initialize?prefCd=01&kikanCd=11010000620&kikanKbn=1", "url2": null, "内容": "医療法人社団栄杜会　小原病院【1:病院】【診療科目:0】【一般病床数:0療養病床数:0精神病床数:145感染症病床数:0合計病床数:145】北海道札幌市北区屯田９条１２丁目５－１" }, "geometry": { "type": "Point", "coordinates": [ 141.316978, 43.144401 ] } },
{ "type": "Feature", "properties": { "ID": 111010000630, "正式名称": "医療法人社団我汝会　さっぽろ病院", "機関区分": 1, "都道府県コード": 1, "市区町村コード": 103, "所在地": "北海道札幌市東区北５条東１１丁目１６番１号", "緯度": 43.070103, "経度": 141.372095, "url": "https://www.iryou.teikyouseido.mhlw.go.jp/znk-web/juminkanja/S2430/initialize?prefCd=01&kikanCd=11010000630&kikanKbn=1", "url2": "http://www.sapporo-hosp.com", "内容": "医療法人社団我汝会　さっぽろ病院【1:病院】【診療科目:0】【一般病床数:88療養病床数:0精神病床数:0感染症病床数:0合計病床数:88】北海道札幌市東区北５条東１１丁目１６番１号" }, "geometry": { "type": "Point", "coordinates": [ 141.372095, 43.070103 ] } },
{ "type": "Feature", "properties": { "ID": 111010000640, "正式名称": "社会医療法人　北腎会　坂泌尿器科病院", "機関区分": 1, "都道府県コード": 1, "市区町村コード": 107, "所在地": "北海道札幌市西区八軒２条西４丁目１番１号", "緯度": 43.099572, "経度": 141.326736, "url": "https://www.iryou.teikyouseido.mhlw.go.jp/znk-web/juminkanja/S2430/initialize?prefCd=01&kikanCd=11010000640&kikanKbn=1", "url2": "http://saka-uro.or.jp/", "内容": "社会医療法人　北腎会　坂泌尿器科病院【1:病院】【診療科目:0】【一般病床数:59療養病床数:0精神病床数:0感染症病床数:0合計病床数:59】北海道札幌市西区八軒２条西４丁目１番１号" }, "geometry": { "type": "Point", "coordinates": [ 141.326736, 43.099572 ] } },
{ "type": "Feature", "properties": { "ID": 111010000670, "正式名称": "勤医協中央病院", "機関区分": 1, "都道府県コード": 1, "市区町村コード": 103, "所在地": "北海道札幌市東区東苗穂５条１丁目９番１号", "緯度": 43.091463, "経度": 141.403063, "url": "https://www.iryou.teikyouseido.mhlw.go.jp/znk-web/juminkanja/S2430/initialize?prefCd=01&kikanCd=11010000670&kikanKbn=1", "url2": "www.kin-ikyo-chuo.jp", "内容": "勤医協中央病院【1:病院】【診療科目:0】【一般病床数:450療養病床数:0精神病床数:0感染症病床数:0合計病床数:450】北海道札幌市東区東苗穂５条１丁目９番１号" }, "geometry": { "type": "Point", "coordinates": [ 141.403063, 43.091463 ] } },
{ "type": "Feature", "properties": { "ID": 111010000680, "正式名称": "天使病院", "機関区分": 1, "都道府県コード": 1, "市区町村コード": 103, "所在地": "北海道札幌市東区北１２条東３丁目１－１", "緯度": 43.076603, "経度": 141.357373, "url": "https://www.iryou.teikyouseido.mhlw.go.jp/znk-web/juminkanja/S2430/initialize?prefCd=01&kikanCd=11010000680&kikanKbn=1", "url2": "https://www.tenshi.or.jp", "内容": "天使病院【1:病院】【診療科目:0】【一般病床数:284療養病床数:0精神病床数:0感染症病床数:0合計病床数:284】北海道札幌市東区北１２条東３丁目１－１" }, "geometry": { "type": "Point", "coordinates": [ 141.357373, 43.076603 ] } },
{ "type": "Feature", "properties": { "ID": 111010000690, "正式名称": "医療法人啓生会病院", "機関区分": 1, "都道府県コード": 1, "市区町村コード": 103, "所在地": "北海道札幌市東区北２７条東２０丁目５番２５号", "緯度": 43.09985, "経度": 141.382176, "url": "https://www.iryou.teikyouseido.mhlw.go.jp/znk-web/juminkanja/S2430/initialize?prefCd=01&kikanCd=11010000690&kikanKbn=1", "url2": "https://keiseikai-hsp.com/", "内容": "医療法人啓生会病院【1:病院】【診療科目:0】【一般病床数:0療養病床数:0精神病床数:211感染症病床数:0合計病床数:211】北海道札幌市東区北２７条東２０丁目５番２５号" }, "geometry": { "type": "Point", "coordinates": [ 141.382176, 43.09985 ] } },
{ "type": "Feature", "properties": { "ID": 111010000700, "正式名称": "医療法人　徳洲会　札幌東徳洲会病院", "機関区分": 1, "都道府県コード": 1, "市区町村コード": 103, "所在地": "北海道札幌市東区北３３条東１４丁目３番１号", "緯度": 43.103572, "経度": 141.365955, "url": "https://www.iryou.teikyouseido.mhlw.go.jp/znk-web/juminkanja/S2430/initialize?prefCd=01&kikanCd=11010000700&kikanKbn=1", "url2": "http://www.higashi-tokushukai.or.jp", "内容": "医療法人　徳洲会　札幌東徳洲会病院【1:病院】【診療科目:0】【一般病床数:336療養病床数:0精神病床数:0感染症病床数:0合計病床数:336】北海道札幌市東区北３３条東１４丁目３番１号" }, "geometry": { "type": "Point", "coordinates": [ 141.365955, 43.103572 ] } },
{ "type": "Feature", "properties": { "ID": 111010000710, "正式名称": "医療法人社団英仁会札苗病院", "機関区分": 1, "都道府県コード": 1, "市区町村コード": 103, "所在地": "北海道札幌市東区東苗穂７条２丁目８番２０号", "緯度": 43.094907, "経度": 141.41234, "url": "https://www.iryou.teikyouseido.mhlw.go.jp/znk-web/juminkanja/S2430/initialize?prefCd=01&kikanCd=11010000710&kikanKbn=1", "url2": "http://satsunae-hp.jp/", "内容": "医療法人社団英仁会札苗病院【1:病院】【診療科目:0】【一般病床数:24療養病床数:30精神病床数:0感染症病床数:0合計病床数:54】北海道札幌市東区東苗穂７条２丁目８番２０号" }, "geometry": { "type": "Point", "coordinates": [ 141.41234, 43.094907 ] } },
{ "type": "Feature", "properties": { "ID": 111010000720, "正式名称": "社会医療法人禎心会　札幌禎心会病院", "機関区分": 1, "都道府県コード": 1, "市区町村コード": 103, "所在地": "北海道札幌市東区北３３条東１丁目３－１", "緯度": 43.100933, "経度": 141.346679, "url": "https://www.iryou.teikyouseido.mhlw.go.jp/znk-web/juminkanja/S2430/initialize?prefCd=01&kikanCd=11010000720&kikanKbn=1", "url2": "http://www.teishinkai.jp/thp/", "内容": "社会医療法人禎心会　札幌禎心会病院【1:病院】【診療科目:0】【一般病床数:271療養病床数:0精神病床数:0感染症病床数:0合計病床数:271】北海道札幌市東区北３３条東１丁目３－１" }, "geometry": { "type": "Point", "coordinates": [ 141.346679, 43.100933 ] } },
{ "type": "Feature", "properties": { "ID": 111010000730, "正式名称": "医療法人　札幌麻生脳神経外科病院", "機関区分": 1, "都道府県コード": 1, "市区町村コード": 103, "所在地": "北海道札幌市東区北２２条東１丁目１番４０号", "緯度": 43.0883104, "経度": 141.3498703, "url": "https://www.iryou.teikyouseido.mhlw.go.jp/znk-web/juminkanja/S2430/initialize?prefCd=01&kikanCd=11010000730&kikanKbn=1", "url2": "https://www.azabunougeka.or.jp/", "内容": "医療法人　札幌麻生脳神経外科病院【1:病院】【診療科目:0】【一般病床数:145療養病床数:0精神病床数:0感染症病床数:0合計病床数:145】北海道札幌市東区北２２条東１丁目１番４０号" }, "geometry": { "type": "Point", "coordinates": [ 141.3498703, 43.0883104 ] } },
{ "type": "Feature", "properties": { "ID": 111010000740, "正式名称": "医療法人　育愛会　札幌東豊病院", "機関区分": 1, "都道府県コード": 1, "市区町村コード": 103, "所在地": "北海道札幌市東区北１７条東１５丁目３番１号", "緯度": 43.084854, "経度": 141.372391, "url": "https://www.iryou.teikyouseido.mhlw.go.jp/znk-web/juminkanja/S2430/initialize?prefCd=01&kikanCd=11010000740&kikanKbn=1", "url2": "https://www.toho-hosp.or.jp", "内容": "医療法人　育愛会　札幌東豊病院【1:病院】【診療科目:0】【一般病床数:62療養病床数:0精神病床数:0感染症病床数:0合計病床数:62】北海道札幌市東区北１７条東１５丁目３番１号" }, "geometry": { "type": "Point", "coordinates": [ 141.372391, 43.084854 ] } },
{ "type": "Feature", "properties": { "ID": 111010000760, "正式名称": "医療法人社団大蔵会札幌佐藤病院", "機関区分": 1, "都道府県コード": 1, "市区町村コード": 103, "所在地": "北海道札幌市東区伏古２条４丁目１０番１５号", "緯度": 43.082894, "経度": 141.391998, "url": "https://www.iryou.teikyouseido.mhlw.go.jp/znk-web/juminkanja/S2430/initialize?prefCd=01&kikanCd=11010000760&kikanKbn=1", "url2": "http://www.s-sato-hp.jp/", "内容": "医療法人社団大蔵会札幌佐藤病院【1:病院】【診療科目:0】【一般病床数:0療養病床数:0精神病床数:244感染症病床数:0合計病床数:244】北海道札幌市東区伏古２条４丁目１０番１５号" }, "geometry": { "type": "Point", "coordinates": [ 141.391998, 43.082894 ] } },
{ "type": "Feature", "properties": { "ID": 111010000770, "正式名称": "医療法人社団札幌道都病院", "機関区分": 1, "都道府県コード": 1, "市区町村コード": 103, "所在地": "北海道札幌市東区北１７条東１４丁目３番２号", "緯度": 43.084769, "経度": 141.371677, "url": "https://www.iryou.teikyouseido.mhlw.go.jp/znk-web/juminkanja/S2430/initialize?prefCd=01&kikanCd=11010000770&kikanKbn=1", "url2": "http://www.doto.org", "内容": "医療法人社団札幌道都病院【1:病院】【診療科目:0】【一般病床数:188療養病床数:0精神病床数:0感染症病床数:0合計病床数:188】北海道札幌市東区北１７条東１４丁目３番２号" }, "geometry": { "type": "Point", "coordinates": [ 141.371677, 43.084769 ] } },
{ "type": "Feature", "properties": { "ID": 111010000790, "正式名称": "札幌東和病院", "機関区分": 1, "都道府県コード": 1, "市区町村コード": 103, "所在地": "北海道札幌市東区北３０条東１８丁目８－１", "緯度": 43.1010439, "経度": 141.3767933, "url": "https://www.iryou.teikyouseido.mhlw.go.jp/znk-web/juminkanja/S2430/initialize?prefCd=01&kikanCd=11010000790&kikanKbn=1", "url2": "http://www.sapporo-towa-hp.sakura.ne.jp", "内容": "札幌東和病院【1:病院】【診療科目:0】【一般病床数:0療養病床数:210精神病床数:0感染症病床数:0合計病床数:210】北海道札幌市東区北３０条東１８丁目８－１" }, "geometry": { "type": "Point", "coordinates": [ 141.3767933, 43.1010439 ] } },
{ "type": "Feature", "properties": { "ID": 111010000810, "正式名称": "社会医療法人社団三草会　クラーク病院", "機関区分": 1, "都道府県コード": 1, "市区町村コード": 103, "所在地": "北海道札幌市東区本町２条４丁目８番２０号", "緯度": 43.0798958, "経度": 141.3899605, "url": "https://www.iryou.teikyouseido.mhlw.go.jp/znk-web/juminkanja/S2430/initialize?prefCd=01&kikanCd=11010000810&kikanKbn=1", "url2": "http://www.sansoukai.or.jp", "内容": "社会医療法人社団三草会　クラーク病院【1:病院】【診療科目:0】【一般病床数:184療養病床数:0精神病床数:0感染症病床数:0合計病床数:184】北海道札幌市東区本町２条４丁目８番２０号" }, "geometry": { "type": "Point", "coordinates": [ 141.3899605, 43.0798958 ] } },
{ "type": "Feature", "properties": { "ID": 111010000820, "正式名称": "社会医療法人社団愛心館　愛心メモリアル病院", "機関区分": 1, "都道府県コード": 1, "市区町村コード": 103, "所在地": "北海道札幌市東区北二十七条東１丁目１番１５号", "緯度": 43.094517, "経度": 141.347512, "url": "https://www.iryou.teikyouseido.mhlw.go.jp/znk-web/juminkanja/S2430/initialize?prefCd=01&kikanCd=11010000820&kikanKbn=1", "url2": "http://aishinmemorial-hp.or.jp/", "内容": "社会医療法人社団愛心館　愛心メモリアル病院【1:病院】【診療科目:0】【一般病床数:71療養病床数:0精神病床数:0感染症病床数:0合計病床数:71】北海道札幌市東区北二十七条東１丁目１番１５号" }, "geometry": { "type": "Point", "coordinates": [ 141.347512, 43.094517 ] } },
{ "type": "Feature", "properties": { "ID": 111010000850, "正式名称": "社会医療法人　耳鼻咽喉科麻生病院", "機関区分": 1, "都道府県コード": 1, "市区町村コード": 103, "所在地": "北海道札幌市東区北４０条東１丁目１番７号", "緯度": 43.107627, "経度": 141.344623, "url": "https://www.iryou.teikyouseido.mhlw.go.jp/znk-web/juminkanja/S2430/initialize?prefCd=01&kikanCd=11010000850&kikanKbn=1", "url2": "http://www.jibiazabu.or.jp", "内容": "社会医療法人　耳鼻咽喉科麻生病院【1:病院】【診療科目:0】【一般病床数:35療養病床数:0精神病床数:0感染症病床数:0合計病床数:35】北海道札幌市東区北４０条東１丁目１番７号" }, "geometry": { "type": "Point", "coordinates": [ 141.344623, 43.107627 ] } },
{ "type": "Feature", "properties": { "ID": 111010000860, "正式名称": "医療法人　エム・ティー・エヌ　北海道泌尿器科記念病院", "機関区分": 1, "都道府県コード": 1, "市区町村コード": 103, "所在地": "北海道札幌市東区北４１条東１丁目１番２５号", "緯度": 43.109584, "経度": 141.344743, "url": "https://www.iryou.teikyouseido.mhlw.go.jp/znk-web/juminkanja/S2430/initialize?prefCd=01&kikanCd=11010000860&kikanKbn=1", "url2": "https://www.hokkaido-hinyoukika.or.jp", "内容": "医療法人　エム・ティー・エヌ　北海道泌尿器科記念病院【1:病院】【診療科目:0】【一般病床数:40療養病床数:0精神病床数:0感染症病床数:0合計病床数:40】北海道札幌市東区北４１条東１丁目１番２５号" }, "geometry": { "type": "Point", "coordinates": [ 141.344743, 43.109584 ] } },
{ "type": "Feature", "properties": { "ID": 111010000870, "正式名称": "医療法人札幌ハートセンター　札幌ハートクリニック", "機関区分": 1, "都道府県コード": 1, "市区町村コード": 103, "所在地": "北海道札幌市東区北１５条東１８丁目５番１５号", "緯度": 43.083324, "経度": 141.378982, "url": "https://www.iryou.teikyouseido.mhlw.go.jp/znk-web/juminkanja/S2430/initialize?prefCd=01&kikanCd=11010000870&kikanKbn=1", "url2": null, "内容": "医療法人札幌ハートセンター　札幌ハートクリニック【1:病院】【診療科目:0】【一般病床数:23療養病床数:0精神病床数:0感染症病床数:0合計病床数:23】北海道札幌市東区北１５条東１８丁目５番１５号" }, "geometry": { "type": "Point", "coordinates": [ 141.378982, 43.083324 ] } },
{ "type": "Feature", "properties": { "ID": 111010000880, "正式名称": "医療法人彰和会　北海道消化器科病院", "機関区分": 1, "都道府県コード": 1, "市区町村コード": 103, "所在地": "北海道札幌市東区本町１条１丁目２番１０号", "緯度": 43.08056, "経度": 141.379036, "url": "https://www.iryou.teikyouseido.mhlw.go.jp/znk-web/juminkanja/S2430/initialize?prefCd=01&kikanCd=11010000880&kikanKbn=1", "url2": "http://www.hgh.or.jp/", "内容": "医療法人彰和会　北海道消化器科病院【1:病院】【診療科目:0】【一般病床数:177療養病床数:0精神病床数:0感染症病床数:0合計病床数:177】北海道札幌市東区本町１条１丁目２番１０号" }, "geometry": { "type": "Point", "coordinates": [ 141.379036, 43.08056 ] } },
{ "type": "Feature", "properties": { "ID": 111010000900, "正式名称": "独立行政法人国立病院機構北海道がんセンター", "機関区分": 1, "都道府県コード": 1, "市区町村コード": 104, "所在地": "北海道札幌市白石区菊水４条２丁目３－５４", "緯度": 43.0581965, "経度": 141.3744952, "url": "https://www.iryou.teikyouseido.mhlw.go.jp/znk-web/juminkanja/S2430/initialize?prefCd=01&kikanCd=11010000900&kikanKbn=1", "url2": "https://hokkaido-cc.hosp.go.jp/", "内容": "独立行政法人国立病院機構北海道がんセンター【1:病院】【診療科目:0】【一般病床数:430療養病床数:0精神病床数:0感染症病床数:0合計病床数:430】北海道札幌市白石区菊水４条２丁目３－５４" }, "geometry": { "type": "Point", "coordinates": [ 141.374495200000013, 43.0581965 ] } },
{ "type": "Feature", "properties": { "ID": 111010000910, "正式名称": "公益社団法人　北海道勤労者医療協会　勤医協札幌病院", "機関区分": 1, "都道府県コード": 1, "市区町村コード": 104, "所在地": "北海道札幌市白石区菊水４条１丁目９－２２", "緯度": 43.0592847, "経度": 141.3731212, "url": "https://www.iryou.teikyouseido.mhlw.go.jp/znk-web/juminkanja/S2430/initialize?prefCd=01&kikanCd=11010000910&kikanKbn=1", "url2": "http://www.satsubyo.com/", "内容": "公益社団法人　北海道勤労者医療協会　勤医協札幌病院【1:病院】【診療科目:0】【一般病床数:74療養病床数:0精神病床数:0感染症病床数:0合計病床数:74】北海道札幌市白石区菊水４条１丁目９－２２" }, "geometry": { "type": "Point", "coordinates": [ 141.373121200000014, 43.0592847 ] } },
{ "type": "Feature", "properties": { "ID": 111010000950, "正式名称": "医療法人徳洲会札幌徳洲会病院", "機関区分": 1, "都道府県コード": 1, "市区町村コード": 108, "所在地": "北海道札幌市厚別区大谷地東１丁目１番１号", "緯度": 43.028943, "経度": 141.448229, "url": "https://www.iryou.teikyouseido.mhlw.go.jp/znk-web/juminkanja/S2430/initialize?prefCd=01&kikanCd=11010000950&kikanKbn=1", "url2": "http://www2.satutoku.jp/", "内容": "医療法人徳洲会札幌徳洲会病院【1:病院】【診療科目:0】【一般病床数:301療養病床数:0精神病床数:0感染症病床数:0合計病床数:301】北海道札幌市厚別区大谷地東１丁目１番１号" }, "geometry": { "type": "Point", "coordinates": [ 141.448229, 43.028943 ] } },
{ "type": "Feature", "properties": { "ID": 111010000960, "正式名称": "社会医療法人　恵佑会札幌病院", "機関区分": 1, "都道府県コード": 1, "市区町村コード": 104, "所在地": "北海道札幌市白石区本通９丁目南１番１号", "緯度": 43.0421, "経度": 141.417602, "url": "https://www.iryou.teikyouseido.mhlw.go.jp/znk-web/juminkanja/S2430/initialize?prefCd=01&kikanCd=11010000960&kikanKbn=1", "url2": "www.keiyukaisapporo.or.jp", "内容": "社会医療法人　恵佑会札幌病院【1:病院】【診療科目:0】【一般病床数:243療養病床数:0精神病床数:0感染症病床数:0合計病床数:243】北海道札幌市白石区本通９丁目南１番１号" }, "geometry": { "type": "Point", "coordinates": [ 141.417602, 43.0421 ] } },
{ "type": "Feature", "properties": { "ID": 111010000970, "正式名称": "社会医療法人　医翔会　札幌白石記念病院", "機関区分": 1, "都道府県コード": 1, "市区町村コード": 104, "所在地": "北海道札幌市白石区本通８丁目南１番１０号", "緯度": 43.044357, "経度": 141.416453, "url": "https://www.iryou.teikyouseido.mhlw.go.jp/znk-web/juminkanja/S2430/initialize?prefCd=01&kikanCd=11010000970&kikanKbn=1", "url2": "http//www.ssn-hp.jp", "内容": "社会医療法人　医翔会　札幌白石記念病院【1:病院】【診療科目:0】【一般病床数:103療養病床数:0精神病床数:0感染症病床数:0合計病床数:103】北海道札幌市白石区本通８丁目南１番１０号" }, "geometry": { "type": "Point", "coordinates": [ 141.416453, 43.044357 ] } },
{ "type": "Feature", "properties": { "ID": 111010000980, "正式名称": "社会医療法人三樹会　三樹会泌尿器科病院", "機関区分": 1, "都道府県コード": 1, "市区町村コード": 104, "所在地": "北海道札幌市白石区東札幌２条４丁目１番８号", "緯度": 43.052744, "経度": 141.38365, "url": "https://www.iryou.teikyouseido.mhlw.go.jp/znk-web/juminkanja/S2430/initialize?prefCd=01&kikanCd=11010000980&kikanKbn=1", "url2": "http://www.sanjukai.or.jp", "内容": "社会医療法人三樹会　三樹会泌尿器科病院【1:病院】【診療科目:0】【一般病床数:99療養病床数:0精神病床数:0感染症病床数:0合計病床数:99】北海道札幌市白石区東札幌２条４丁目１番８号" }, "geometry": { "type": "Point", "coordinates": [ 141.38365, 43.052744 ] } },
{ "type": "Feature", "properties": { "ID": 111010000990, "正式名称": "医療法人東札幌病院", "機関区分": 1, "都道府県コード": 1, "市区町村コード": 104, "所在地": "北海道札幌市白石区東札幌３条３丁目７番３５号", "緯度": 43.0504747, "経度": 141.3878302, "url": "https://www.iryou.teikyouseido.mhlw.go.jp/znk-web/juminkanja/S2430/initialize?prefCd=01&kikanCd=11010000990&kikanKbn=1", "url2": "http://www.hsh.or.jp", "内容": "医療法人東札幌病院【1:病院】【診療科目:0】【一般病床数:243療養病床数:0精神病床数:0感染症病床数:0合計病床数:243】北海道札幌市白石区東札幌３条３丁目７番３５号" }, "geometry": { "type": "Point", "coordinates": [ 141.3878302, 43.0504747 ] } },
{ "type": "Feature", "properties": { "ID": 111010001000, "正式名称": "社会医療法人共栄会　札幌トロイカ病院", "機関区分": 1, "都道府県コード": 1, "市区町村コード": 104, "所在地": "北海道札幌市白石区川下５７７番地８", "緯度": 43.067979, "経度": 141.445584, "url": "https://www.iryou.teikyouseido.mhlw.go.jp/znk-web/juminkanja/S2430/initialize?prefCd=01&kikanCd=11010001000&kikanKbn=1", "url2": "http://www.kyoueikai.or.jp/", "内容": "社会医療法人共栄会　札幌トロイカ病院【1:病院】【診療科目:0】【一般病床数:0療養病床数:0精神病床数:419感染症病床数:0合計病床数:419】北海道札幌市白石区川下５７７番地８" }, "geometry": { "type": "Point", "coordinates": [ 141.445584, 43.067979 ] } },
{ "type": "Feature", "properties": { "ID": 111010001010, "正式名称": "医療法人杏医会札幌呼吸器科病院", "機関区分": 1, "都道府県コード": 1, "市区町村コード": 104, "所在地": "北海道札幌市白石区栄通３丁目３番３５号", "緯度": 43.040302, "経度": 141.400844, "url": "https://www.iryou.teikyouseido.mhlw.go.jp/znk-web/juminkanja/S2430/initialize?prefCd=01&kikanCd=11010001010&kikanKbn=1", "url2": "http://www.myclinic.ne.jp/sapkokyukika/", "内容": "医療法人杏医会札幌呼吸器科病院【1:病院】【診療科目:0】【一般病床数:52療養病床数:0精神病床数:0感染症病床数:0合計病床数:52】北海道札幌市白石区栄通３丁目３番３５号" }, "geometry": { "type": "Point", "coordinates": [ 141.400844, 43.040302 ] } },
{ "type": "Feature", "properties": { "ID": 111010001020, "正式名称": "医療法人信佑会吉田記念病院", "機関区分": 1, "都道府県コード": 1, "市区町村コード": 104, "所在地": "北海道札幌市白石区本通２丁目南５番１０号", "緯度": 43.050606, "経度": 141.406398, "url": "https://www.iryou.teikyouseido.mhlw.go.jp/znk-web/juminkanja/S2430/initialize?prefCd=01&kikanCd=11010001020&kikanKbn=1", "url2": "https://yosida-mh.jp/", "内容": "医療法人信佑会吉田記念病院【1:病院】【診療科目:0】【一般病床数:33療養病床数:51精神病床数:0感染症病床数:0合計病床数:84】北海道札幌市白石区本通２丁目南５番１０号" }, "geometry": { "type": "Point", "coordinates": [ 141.406398, 43.050606 ] } },
{ "type": "Feature", "properties": { "ID": 111010001030, "正式名称": "医療法人社団幸仁会札幌ロイヤル病院", "機関区分": 1, "都道府県コード": 1, "市区町村コード": 104, "所在地": "北海道札幌市白石区米里５条　１丁目３番３０号", "緯度": 43.0851717, "経度": 141.4296562, "url": "https://www.iryou.teikyouseido.mhlw.go.jp/znk-web/juminkanja/S2430/initialize?prefCd=01&kikanCd=11010001030&kikanKbn=1", "url2": null, "内容": "医療法人社団幸仁会札幌ロイヤル病院【1:病院】【診療科目:0】【一般病床数:0療養病床数:0精神病床数:258感染症病床数:0合計病床数:258】北海道札幌市白石区米里５条　１丁目３番３０号" }, "geometry": { "type": "Point", "coordinates": [ 141.429656200000011, 43.0851717 ] } },
{ "type": "Feature", "properties": { "ID": 111010001040, "正式名称": "医療法人社団豊武会幌東病院", "機関区分": 1, "都道府県コード": 1, "市区町村コード": 104, "所在地": "北海道札幌市白石区本郷通７丁目南４番３０号", "緯度": 43.0421533, "経度": 141.4131512, "url": "https://www.iryou.teikyouseido.mhlw.go.jp/znk-web/juminkanja/S2430/initialize?prefCd=01&kikanCd=11010001040&kikanKbn=1", "url2": "http://kotohp.or.jp", "内容": "医療法人社団豊武会幌東病院【1:病院】【診療科目:0】【一般病床数:0療養病床数:240精神病床数:0感染症病床数:0合計病床数:240】北海道札幌市白石区本郷通７丁目南４番３０号" }, "geometry": { "type": "Point", "coordinates": [ 141.413151199999987, 43.0421533 ] } },
{ "type": "Feature", "properties": { "ID": 111010001060, "正式名称": "医療法人社団明日佳　白石明日佳病院", "機関区分": 1, "都道府県コード": 1, "市区町村コード": 104, "所在地": "北海道札幌市白石区東札幌５条５丁目２番５号", "緯度": 43.050862, "経度": 141.394773, "url": "https://www.iryou.teikyouseido.mhlw.go.jp/znk-web/juminkanja/S2430/initialize?prefCd=01&kikanCd=11010001060&kikanKbn=1", "url2": "https://asuka-gp.or.jp/shiroishi/", "内容": "医療法人社団明日佳　白石明日佳病院【1:病院】【診療科目:0】【一般病床数:0療養病床数:222精神病床数:0感染症病床数:0合計病床数:222】北海道札幌市白石区東札幌５条５丁目２番５号" }, "geometry": { "type": "Point", "coordinates": [ 141.394773, 43.050862 ] } },
{ "type": "Feature", "properties": { "ID": 111010001070, "正式名称": "社会医療法人朋仁会整形外科北新病院", "機関区分": 1, "都道府県コード": 1, "市区町村コード": 103, "所在地": "北海道札幌市東区北８条東４丁目１番５号", "緯度": 43.072524, "経度": 141.360111, "url": "https://www.iryou.teikyouseido.mhlw.go.jp/znk-web/juminkanja/S2430/initialize?prefCd=01&kikanCd=11010001070&kikanKbn=1", "url2": "www.hokushin-hp.or.jp", "内容": "社会医療法人朋仁会整形外科北新病院【1:病院】【診療科目:0】【一般病床数:112療養病床数:0精神病床数:0感染症病床数:0合計病床数:112】北海道札幌市東区北８条東４丁目１番５号" }, "geometry": { "type": "Point", "coordinates": [ 141.360111, 43.072524 ] } },
{ "type": "Feature", "properties": { "ID": 111010001080, "正式名称": "医療法人社団明珠会　札幌白石産科婦人科病院", "機関区分": 1, "都道府県コード": 1, "市区町村コード": 104, "所在地": "北海道札幌市白石区東札幌５条６丁目６番２８号", "緯度": 43.04819, "経度": 141.398538, "url": "https://www.iryou.teikyouseido.mhlw.go.jp/znk-web/juminkanja/S2430/initialize?prefCd=01&kikanCd=11010001080&kikanKbn=1", "url2": "https://www.shiroishi.or.jp", "内容": "医療法人社団明珠会　札幌白石産科婦人科病院【1:病院】【診療科目:0】【一般病床数:41療養病床数:0精神病床数:0感染症病床数:0合計病床数:41】北海道札幌市白石区東札幌５条６丁目６番２８号" }, "geometry": { "type": "Point", "coordinates": [ 141.398538, 43.04819 ] } },
{ "type": "Feature", "properties": { "ID": 111010001090, "正式名称": "社会医療法人北楡会札幌北楡病院", "機関区分": 1, "都道府県コード": 1, "市区町村コード": 104, "所在地": "北海道札幌市白石区東札幌６条６丁目５番１号", "緯度": 43.04894, "経度": 141.399093, "url": "https://www.iryou.teikyouseido.mhlw.go.jp/znk-web/juminkanja/S2430/initialize?prefCd=01&kikanCd=11010001090&kikanKbn=1", "url2": "https://www.hokuyu-aoth.org/", "内容": "社会医療法人北楡会札幌北楡病院【1:病院】【診療科目:0】【一般病床数:281療養病床数:0精神病床数:0感染症病床数:0合計病床数:281】北海道札幌市白石区東札幌６条６丁目５番１号" }, "geometry": { "type": "Point", "coordinates": [ 141.399093, 43.04894 ] } },
{ "type": "Feature", "properties": { "ID": 111010001100, "正式名称": "医療法人菊郷会札幌センチュリー病院", "機関区分": 1, "都道府県コード": 1, "市区町村コード": 104, "所在地": "北海道札幌市白石区菊水元町５条３丁目５番１０号", "緯度": 43.06866, "経度": 141.407481, "url": "https://www.iryou.teikyouseido.mhlw.go.jp/znk-web/juminkanja/S2430/initialize?prefCd=01&kikanCd=11010001100&kikanKbn=1", "url2": "http://www.s-century.jp/", "内容": "医療法人菊郷会札幌センチュリー病院【1:病院】【診療科目:0】【一般病床数:150療養病床数:0精神病床数:0感染症病床数:0合計病床数:0】北海道札幌市白石区菊水元町５条３丁目５番１０号" }, "geometry": { "type": "Point", "coordinates": [ 141.407481, 43.06866 ] } },
{ "type": "Feature", "properties": { "ID": 111010001120, "正式名称": "医療福祉センター札幌あゆみの園", "機関区分": 1, "都道府県コード": 1, "市区町村コード": 104, "所在地": "北海道札幌市白石区川北２２５４－１", "緯度": 43.071438, "経度": 141.438728, "url": "https://www.iryou.teikyouseido.mhlw.go.jp/znk-web/juminkanja/S2430/initialize?prefCd=01&kikanCd=11010001120&kikanKbn=1", "url2": "http://www.hokushokai.com", "内容": "医療福祉センター札幌あゆみの園【1:病院】【診療科目:0】【一般病床数:94療養病床数:92精神病床数:0感染症病床数:0合計病床数:186】北海道札幌市白石区川北２２５４－１" }, "geometry": { "type": "Point", "coordinates": [ 141.438728, 43.071438 ] } },
{ "type": "Feature", "properties": { "ID": 111010001130, "正式名称": "独立行政法人地域医療機能推進機構札幌北辰病院", "機関区分": 1, "都道府県コード": 1, "市区町村コード": 108, "所在地": "北海道札幌市厚別区厚別中央２条６丁目２番１号", "緯度": 43.041969, "経度": 141.473754, "url": "https://www.iryou.teikyouseido.mhlw.go.jp/znk-web/juminkanja/S2430/initialize?prefCd=01&kikanCd=11010001130&kikanKbn=1", "url2": "http://hokushin.jcho.go.jp", "内容": "独立行政法人地域医療機能推進機構札幌北辰病院【1:病院】【診療科目:0】【一般病床数:276療養病床数:0精神病床数:0感染症病床数:0合計病床数:0】北海道札幌市厚別区厚別中央２条６丁目２番１号" }, "geometry": { "type": "Point", "coordinates": [ 141.473754, 43.041969 ] } },
{ "type": "Feature", "properties": { "ID": 111010001140, "正式名称": "医療法人社団翔嶺館新札幌聖陵ホスピタル", "機関区分": 1, "都道府県コード": 1, "市区町村コード": 108, "所在地": "北海道札幌市厚別区厚別東４条２丁目１番３０号", "緯度": 43.044803, "経度": 141.480337, "url": "https://www.iryou.teikyouseido.mhlw.go.jp/znk-web/juminkanja/S2430/initialize?prefCd=01&kikanCd=11010001140&kikanKbn=1", "url2": "http://www.syoureikan.jp/", "内容": "医療法人社団翔嶺館新札幌聖陵ホスピタル【1:病院】【診療科目:0】【一般病床数:70療養病床数:0精神病床数:0感染症病床数:0合計病床数:70】北海道札幌市厚別区厚別東４条２丁目１番３０号" }, "geometry": { "type": "Point", "coordinates": [ 141.480337, 43.044803 ] } },
{ "type": "Feature", "properties": { "ID": 111010001150, "正式名称": "医療法人重仁会大谷地病院", "機関区分": 1, "都道府県コード": 1, "市区町村コード": 108, "所在地": "北海道札幌市厚別区大谷地東５丁目７番１０号", "緯度": 43.022754, "経度": 141.458319, "url": "https://www.iryou.teikyouseido.mhlw.go.jp/znk-web/juminkanja/S2430/initialize?prefCd=01&kikanCd=11010001150&kikanKbn=1", "url2": "http://www.ohyachi-hp.or.jp", "内容": "医療法人重仁会大谷地病院【1:病院】【診療科目:0】【一般病床数:0療養病床数:50精神病床数:265感染症病床数:0合計病床数:315】北海道札幌市厚別区大谷地東５丁目７番１０号" }, "geometry": { "type": "Point", "coordinates": [ 141.458319, 43.022754 ] } },
{ "type": "Feature", "properties": { "ID": 111010001160, "正式名称": "医療法人サンプラザ　新札幌循環器病院", "機関区分": 1, "都道府県コード": 1, "市区町村コード": 108, "所在地": "北海道札幌市厚別区厚別中央２条４丁目９番２５号", "緯度": 43.037692, "経度": 141.469033, "url": "https://www.iryou.teikyouseido.mhlw.go.jp/znk-web/juminkanja/S2430/initialize?prefCd=01&kikanCd=11010001160&kikanKbn=1", "url2": "https://www.sshoc.jp", "内容": "医療法人サンプラザ　新札幌循環器病院【1:病院】【診療科目:0】【一般病床数:94療養病床数:0精神病床数:0感染症病床数:0合計病床数:94】北海道札幌市厚別区厚別中央２条４丁目９番２５号" }, "geometry": { "type": "Point", "coordinates": [ 141.469033, 43.037692 ] } },
{ "type": "Feature", "properties": { "ID": 111010001170, "正式名称": "医療法人新札幌整形外科病院", "機関区分": 1, "都道府県コード": 1, "市区町村コード": 108, "所在地": "北海道札幌市厚別区厚別中央１条６丁目２－８", "緯度": 43.03872, "経度": 141.476782, "url": "https://www.iryou.teikyouseido.mhlw.go.jp/znk-web/juminkanja/S2430/initialize?prefCd=01&kikanCd=11010001170&kikanKbn=1", "url2": "https://www.ssoh.or.jp/", "内容": "医療法人新札幌整形外科病院【1:病院】【診療科目:0】【一般病床数:88療養病床数:0精神病床数:0感染症病床数:0合計病床数:88】北海道札幌市厚別区厚別中央１条６丁目２－８" }, "geometry": { "type": "Point", "coordinates": [ 141.476782, 43.03872 ] } },
{ "type": "Feature", "properties": { "ID": 111010001190, "正式名称": "社会医療法人貞仁会　新札幌ひばりが丘病院", "機関区分": 1, "都道府県コード": 1, "市区町村コード": 108, "所在地": "北海道札幌市厚別区厚別中央３条２丁目１２番１号", "緯度": 43.034609, "経度": 141.462867, "url": "https://www.iryou.teikyouseido.mhlw.go.jp/znk-web/juminkanja/S2430/initialize?prefCd=01&kikanCd=11010001190&kikanKbn=1", "url2": "https://www.shin-hibarigaoka.jp/", "内容": "社会医療法人貞仁会　新札幌ひばりが丘病院【1:病院】【診療科目:0】【一般病床数:95療養病床数:48精神病床数:0感染症病床数:0合計病床数:143】北海道札幌市厚別区厚別中央３条２丁目１２番１号" }, "geometry": { "type": "Point", "coordinates": [ 141.462867, 43.034609 ] } },
{ "type": "Feature", "properties": { "ID": 111010001200, "正式名称": "医療法人社団豊志会肛門科なかやま病院", "機関区分": 1, "都道府県コード": 1, "市区町村コード": 108, "所在地": "北海道札幌市厚別区厚別中央４条４丁目２番８号", "緯度": 43.0435397, "経度": 141.4646411, "url": "https://www.iryou.teikyouseido.mhlw.go.jp/znk-web/juminkanja/S2430/initialize?prefCd=01&kikanCd=11010001200&kikanKbn=1", "url2": "http://www.nakayamahp.or.jp/", "内容": "医療法人社団豊志会肛門科なかやま病院【1:病院】【診療科目:0】【一般病床数:47療養病床数:0精神病床数:0感染症病床数:0合計病床数:47】北海道札幌市厚別区厚別中央４条４丁目２番８号" }, "geometry": { "type": "Point", "coordinates": [ 141.4646411, 43.0435397 ] } },
{ "type": "Feature", "properties": { "ID": 111010001210, "正式名称": "医療法人　脳神経研究センター　新さっぽろ脳神経外科病院", "機関区分": 1, "都道府県コード": 1, "市区町村コード": 108, "所在地": "北海道札幌市厚別区厚別中央１条６丁目２番１０号", "緯度": 43.039581, "経度": 141.47581, "url": "https://www.iryou.teikyouseido.mhlw.go.jp/znk-web/juminkanja/S2430/initialize?prefCd=01&kikanCd=11010001210&kikanKbn=1", "url2": "http://www.snh.or.jp/", "内容": "医療法人　脳神経研究センター　新さっぽろ脳神経外科病院【1:病院】【診療科目:0】【一般病床数:135療養病床数:0精神病床数:0感染症病床数:0合計病床数:135】北海道札幌市厚別区厚別中央１条６丁目２番１０号" }, "geometry": { "type": "Point", "coordinates": [ 141.47581, 43.039581 ] } },
{ "type": "Feature", "properties": { "ID": 111010001220, "正式名称": "医療法人中山会新札幌パウロ病院", "機関区分": 1, "都道府県コード": 1, "市区町村コード": 108, "所在地": "北海道札幌市厚別区厚別東２条６丁目４番１号", "緯度": 43.047052, "経度": 141.490013, "url": "https://www.iryou.teikyouseido.mhlw.go.jp/znk-web/juminkanja/S2430/initialize?prefCd=01&kikanCd=11010001220&kikanKbn=1", "url2": "www.byo-in.com", "内容": "医療法人中山会新札幌パウロ病院【1:病院】【診療科目:0】【一般病床数:171療養病床数:222精神病床数:0感染症病床数:0合計病床数:393】北海道札幌市厚別区厚別東２条６丁目４番１号" }, "geometry": { "type": "Point", "coordinates": [ 141.490013, 43.047052 ] } },
{ "type": "Feature", "properties": { "ID": 111010001230, "正式名称": "勇気会　医療法人　北央病院", "機関区分": 1, "都道府県コード": 1, "市区町村コード": 108, "所在地": "北海道札幌市厚別区青葉町１１丁目２番１０号", "緯度": 43.037452, "経度": 141.481062, "url": "https://www.iryou.teikyouseido.mhlw.go.jp/znk-web/juminkanja/S2430/initialize?prefCd=01&kikanCd=11010001230&kikanKbn=1", "url2": null, "内容": "勇気会　医療法人　北央病院【1:病院】【診療科目:0】【一般病床数:60療養病床数:39精神病床数:0感染症病床数:0合計病床数:99】北海道札幌市厚別区青葉町１１丁目２番１０号" }, "geometry": { "type": "Point", "coordinates": [ 141.481062, 43.037452 ] } },
{ "type": "Feature", "properties": { "ID": 111010001240, "正式名称": "社会医療法人交雄会メディカル　交雄会新さっぽろ病院", "機関区分": 1, "都道府県コード": 1, "市区町村コード": 108, "所在地": "北海道札幌市厚別区厚別中央１条６丁目２－５", "緯度": 43.039105, "経度": 141.476513, "url": "https://www.iryou.teikyouseido.mhlw.go.jp/znk-web/juminkanja/S2430/initialize?prefCd=01&kikanCd=11010001240&kikanKbn=1", "url2": "https://www.kss-hp.or.jp", "内容": "社会医療法人交雄会メディカル　交雄会新さっぽろ病院【1:病院】【診療科目:0】【一般病床数:85療養病床数:100精神病床数:0感染症病床数:0合計病床数:185】北海道札幌市厚別区厚別中央１条６丁目２－５" }, "geometry": { "type": "Point", "coordinates": [ 141.476513, 43.039105 ] } },
{ "type": "Feature", "properties": { "ID": 111010001250, "正式名称": "医療法人社団明日佳　桜台明日佳病院", "機関区分": 1, "都道府県コード": 1, "市区町村コード": 108, "所在地": "北海道札幌市厚別区厚別西５条５丁目１番１号", "緯度": 43.054725, "経度": 141.464521, "url": "https://www.iryou.teikyouseido.mhlw.go.jp/znk-web/juminkanja/S2430/initialize?prefCd=01&kikanCd=11010001250&kikanKbn=1", "url2": "http://www.asuka-gp.or.jp/sakuradai", "内容": "医療法人社団明日佳　桜台明日佳病院【1:病院】【診療科目:0】【一般病床数:0療養病床数:99精神病床数:100感染症病床数:0合計病床数:199】北海道札幌市厚別区厚別西５条５丁目１番１号" }, "geometry": { "type": "Point", "coordinates": [ 141.464521, 43.054725 ] } },
{ "type": "Feature", "properties": { "ID": 111010001260, "正式名称": "医療法人　徹仁会　　厚別耳鼻咽喉科病院", "機関区分": 1, "都道府県コード": 1, "市区町村コード": 108, "所在地": "北海道札幌市厚別区厚別西５条１丁目１６番２２号", "緯度": 43.0521237, "経度": 141.4529301, "url": "https://www.iryou.teikyouseido.mhlw.go.jp/znk-web/juminkanja/S2430/initialize?prefCd=01&kikanCd=11010001260&kikanKbn=1", "url2": "http://www.atubetu-jibika.com/", "内容": "医療法人　徹仁会　　厚別耳鼻咽喉科病院【1:病院】【診療科目:0】【一般病床数:44療養病床数:0精神病床数:0感染症病床数:0合計病床数:44】北海道札幌市厚別区厚別西５条１丁目１６番２２号" }, "geometry": { "type": "Point", "coordinates": [ 141.4529301, 43.0521237 ] } },
{ "type": "Feature", "properties": { "ID": 111010001270, "正式名称": "自衛隊札幌病院", "機関区分": 1, "都道府県コード": 1, "市区町村コード": 106, "所在地": "北海道札幌市南区真駒内１７番地", "緯度": 43.006986, "経度": 141.353544, "url": "https://www.iryou.teikyouseido.mhlw.go.jp/znk-web/juminkanja/S2430/initialize?prefCd=01&kikanCd=11010001270&kikanKbn=1", "url2": "http://www.mod.go.jp/gsdf/nae/hosp/index.html", "内容": "自衛隊札幌病院【1:病院】【診療科目:0】【一般病床数:170療養病床数:0精神病床数:30感染症病床数:0合計病床数:200】北海道札幌市南区真駒内１７番地" }, "geometry": { "type": "Point", "coordinates": [ 141.353544, 43.006986 ] } },
{ "type": "Feature", "properties": { "ID": 111010001290, "正式名称": "独立行政法人地域医療機能推進機構　北海道病院", "機関区分": 1, "都道府県コード": 1, "市区町村コード": 105, "所在地": "北海道札幌市豊平区中の島１条８丁目３番１８号", "緯度": 43.025469, "経度": 141.355793, "url": "https://www.iryou.teikyouseido.mhlw.go.jp/znk-web/juminkanja/S2430/initialize?prefCd=01&kikanCd=11010001290&kikanKbn=1", "url2": "http://hokkaido.jcho.go.jp", "内容": "独立行政法人地域医療機能推進機構　北海道病院【1:病院】【診療科目:0】【一般病床数:312療養病床数:0精神病床数:0感染症病床数:0合計病床数:358】北海道札幌市豊平区中の島１条８丁目３番１８号" }, "geometry": { "type": "Point", "coordinates": [ 141.355793, 43.025469 ] } },
{ "type": "Feature", "properties": { "ID": 111010001300, "正式名称": "ＫＫＲ札幌医療センター", "機関区分": 1, "都道府県コード": 1, "市区町村コード": 105, "所在地": "北海道札幌市豊平区平岸１条６丁目３番４０号", "緯度": 43.036385, "経度": 141.367208, "url": "https://www.iryou.teikyouseido.mhlw.go.jp/znk-web/juminkanja/S2430/initialize?prefCd=01&kikanCd=11010001300&kikanKbn=1", "url2": "https://smc.kkr.or.jp/", "内容": "ＫＫＲ札幌医療センター【1:病院】【診療科目:0】【一般病床数:393療養病床数:0精神病床数:0感染症病床数:0合計病床数:393】北海道札幌市豊平区平岸１条６丁目３番４０号" }, "geometry": { "type": "Point", "coordinates": [ 141.367208, 43.036385 ] } },
{ "type": "Feature", "properties": { "ID": 111010001310, "正式名称": "社会医療法人柏葉会　札幌柏葉会病院", "機関区分": 1, "都道府県コード": 1, "市区町村コード": 105, "所在地": "北海道札幌市豊平区平岸１条１２丁目１番２５号", "緯度": 43.028578, "経度": 141.364987, "url": "https://www.iryou.teikyouseido.mhlw.go.jp/znk-web/juminkanja/S2430/initialize?prefCd=01&kikanCd=11010001310&kikanKbn=1", "url2": "https://hosp.hakuyo-kai.or.jp/", "内容": "社会医療法人柏葉会　札幌柏葉会病院【1:病院】【診療科目:0】【一般病床数:167療養病床数:0精神病床数:0感染症病床数:0合計病床数:167】北海道札幌市豊平区平岸１条１２丁目１番２５号" }, "geometry": { "type": "Point", "coordinates": [ 141.364987, 43.028578 ] } },
{ "type": "Feature", "properties": { "ID": 111010001350, "正式名称": "社会医療法人仁陽会　西岡第一病院", "機関区分": 1, "都道府県コード": 1, "市区町村コード": 105, "所在地": "北海道札幌市豊平区西岡３条６丁目８番１号", "緯度": 43.013027, "経度": 141.386929, "url": "https://www.iryou.teikyouseido.mhlw.go.jp/znk-web/juminkanja/S2430/initialize?prefCd=01&kikanCd=11010001350&kikanKbn=1", "url2": "https://nishiokadaiichi.or.jp", "内容": "社会医療法人仁陽会　西岡第一病院【1:病院】【診療科目:0】【一般病床数:60療養病床数:0精神病床数:0感染症病床数:0合計病床数:60】北海道札幌市豊平区西岡３条６丁目８番１号" }, "geometry": { "type": "Point", "coordinates": [ 141.386929, 43.013027 ] } },
{ "type": "Feature", "properties": { "ID": 111010001370, "正式名称": "医療法人社団高台病院", "機関区分": 1, "都道府県コード": 1, "市区町村コード": 105, "所在地": "北海道札幌市豊平区平岸７条１２丁目１－３９", "緯度": 43.0276056, "経度": 141.3818283, "url": "https://www.iryou.teikyouseido.mhlw.go.jp/znk-web/juminkanja/S2430/initialize?prefCd=01&kikanCd=11010001370&kikanKbn=1", "url2": "http://www.takadai-hp.or.jp/", "内容": "医療法人社団高台病院【1:病院】【診療科目:0】【一般病床数:0療養病床数:0精神病床数:106感染症病床数:0合計病床数:106】北海道札幌市豊平区平岸７条１２丁目１－３９" }, "geometry": { "type": "Point", "coordinates": [ 141.3818283, 43.0276056 ] } },
{ "type": "Feature", "properties": { "ID": 111010001390, "正式名称": "医療法人社団悠仁会羊ヶ丘病院", "機関区分": 1, "都道府県コード": 1, "市区町村コード": 108, "所在地": "北海道札幌市厚別区青葉町３丁目１－１０", "緯度": 43.035265, "経度": 141.475068, "url": "https://www.iryou.teikyouseido.mhlw.go.jp/znk-web/juminkanja/S2430/initialize?prefCd=01&kikanCd=11010001390&kikanKbn=1", "url2": "www.hitsujigaoka.com", "内容": "医療法人社団悠仁会羊ヶ丘病院【1:病院】【診療科目:0】【一般病床数:68療養病床数:0精神病床数:0感染症病床数:0合計病床数:68】北海道札幌市厚別区青葉町３丁目１－１０" }, "geometry": { "type": "Point", "coordinates": [ 141.475068, 43.035265 ] } },
{ "type": "Feature", "properties": { "ID": 111010001400, "正式名称": "医療法人小坂病院", "機関区分": 1, "都道府県コード": 1, "市区町村コード": 105, "所在地": "北海道札幌市豊平区福住２条２丁目９番１号", "緯度": 43.017165, "経度": 141.402178, "url": "https://www.iryou.teikyouseido.mhlw.go.jp/znk-web/juminkanja/S2430/initialize?prefCd=01&kikanCd=11010001400&kikanKbn=1", "url2": "http://kosakabyoin.byoinnavi.jp", "内容": "医療法人小坂病院【1:病院】【診療科目:0】【一般病床数:0療養病床数:99精神病床数:0感染症病床数:0合計病床数:99】北海道札幌市豊平区福住２条２丁目９番１号" }, "geometry": { "type": "Point", "coordinates": [ 141.402178, 43.017165 ] } },
{ "type": "Feature", "properties": { "ID": 111010001410, "正式名称": "医療法人恵仁会佐々木内科病院", "機関区分": 1, "都道府県コード": 1, "市区町村コード": 105, "所在地": "北海道札幌市豊平区美園７条８丁目６番２０号", "緯度": 43.035009, "経度": 141.38906, "url": "https://www.iryou.teikyouseido.mhlw.go.jp/znk-web/juminkanja/S2430/initialize?prefCd=01&kikanCd=11010001410&kikanKbn=1", "url2": "www4.ocn.ne.jp/~sasaki/", "内容": "医療法人恵仁会佐々木内科病院【1:病院】【診療科目:0】【一般病床数:39療養病床数:0精神病床数:0感染症病床数:0合計病床数:39】北海道札幌市豊平区美園７条８丁目６番２０号" }, "geometry": { "type": "Point", "coordinates": [ 141.38906, 43.035009 ] } },
{ "type": "Feature", "properties": { "ID": 111010001420, "正式名称": "医療法人北志会札幌ライラック病院", "機関区分": 1, "都道府県コード": 1, "市区町村コード": 105, "所在地": "北海道札幌市豊平区豊平６条８丁目２番１８号", "緯度": 43.0466053, "経度": 141.3723846, "url": "https://www.iryou.teikyouseido.mhlw.go.jp/znk-web/juminkanja/S2430/initialize?prefCd=01&kikanCd=11010001420&kikanKbn=1", "url2": "https://lilac.or.jp/", "内容": "医療法人北志会札幌ライラック病院【1:病院】【診療科目:0】【一般病床数:131療養病床数:36精神病床数:0感染症病床数:0合計病床数:167】北海道札幌市豊平区豊平６条８丁目２番１８号" }, "geometry": { "type": "Point", "coordinates": [ 141.3723846, 43.0466053 ] } },
{ "type": "Feature", "properties": { "ID": 111010001430, "正式名称": "社会医療法人　康和会　札幌しらかば台病院", "機関区分": 1, "都道府県コード": 1, "市区町村コード": 105, "所在地": "北海道札幌市豊平区月寒東２条１８丁目７番２６号", "緯度": 43.0179004, "経度": 141.4211738, "url": "https://www.iryou.teikyouseido.mhlw.go.jp/znk-web/juminkanja/S2430/initialize?prefCd=01&kikanCd=11010001430&kikanKbn=1", "url2": "http://www.kouwakai.or.jp", "内容": "社会医療法人　康和会　札幌しらかば台病院【1:病院】【診療科目:0】【一般病床数:162療養病床数:100精神病床数:0感染症病床数:0合計病床数:262】北海道札幌市豊平区月寒東２条１８丁目７番２６号" }, "geometry": { "type": "Point", "coordinates": [ 141.4211738, 43.0179004 ] } },
{ "type": "Feature", "properties": { "ID": 111010001440, "正式名称": "医療法人社団北樹会病院", "機関区分": 1, "都道府県コード": 1, "市区町村コード": 105, "所在地": "北海道札幌市豊平区月寒西５条８丁目４－３２", "緯度": 43.025839, "経度": 141.386673, "url": "https://www.iryou.teikyouseido.mhlw.go.jp/znk-web/juminkanja/S2430/initialize?prefCd=01&kikanCd=11010001440&kikanKbn=1", "url2": "http://www.hokujyukai.jp", "内容": "医療法人社団北樹会病院【1:病院】【診療科目:0】【一般病床数:155療養病床数:120精神病床数:0感染症病床数:0合計病床数:275】北海道札幌市豊平区月寒西５条８丁目４－３２" }, "geometry": { "type": "Point", "coordinates": [ 141.386673, 43.025839 ] } },
{ "type": "Feature", "properties": { "ID": 111010001450, "正式名称": "医療法人讃生会　北野病院", "機関区分": 1, "都道府県コード": 1, "市区町村コード": 110, "所在地": "北海道札幌市清田区北野１条１丁目６番３０号", "緯度": 43.009354, "経度": 141.426071, "url": "https://www.iryou.teikyouseido.mhlw.go.jp/znk-web/juminkanja/S2430/initialize?prefCd=01&kikanCd=11010001450&kikanKbn=1", "url2": "https://www.sanseikai-med.jp/kitanobyouin/", "内容": "医療法人讃生会　北野病院【1:病院】【診療科目:0】【一般病床数:62療養病床数:66精神病床数:0感染症病床数:0合計病床数:128】北海道札幌市清田区北野１条１丁目６番３０号" }, "geometry": { "type": "Point", "coordinates": [ 141.426071, 43.009354 ] } },
{ "type": "Feature", "properties": { "ID": 111010001470, "正式名称": "医療法人社団図南会あしりべつ病院", "機関区分": 1, "都道府県コード": 1, "市区町村コード": 110, "所在地": "北海道札幌市清田区清田１条４丁目４番３５号", "緯度": 43.000196, "経度": 141.442175, "url": "https://www.iryou.teikyouseido.mhlw.go.jp/znk-web/juminkanja/S2430/initialize?prefCd=01&kikanCd=11010001470&kikanKbn=1", "url2": "http://www.tonankai.jp/", "内容": "医療法人社団図南会あしりべつ病院【1:病院】【診療科目:0】【一般病床数:0療養病床数:0精神病床数:306感染症病床数:0合計病床数:306】北海道札幌市清田区清田１条４丁目４番３５号" }, "geometry": { "type": "Point", "coordinates": [ 141.442175, 43.000196 ] } },
{ "type": "Feature", "properties": { "ID": 111010001480, "正式名称": "医療法人　尚仁会　真栄病院", "機関区分": 1, "都道府県コード": 1, "市区町村コード": 110, "所在地": "北海道札幌市清田区真栄３３１番地", "緯度": 42.961044, "経度": 141.43292, "url": "https://www.iryou.teikyouseido.mhlw.go.jp/znk-web/juminkanja/S2430/initialize?prefCd=01&kikanCd=11010001480&kikanKbn=1", "url2": "http://www.syoujinkai.or.jp/", "内容": "医療法人　尚仁会　真栄病院【1:病院】【診療科目:0】【一般病床数:55療養病床数:111精神病床数:0感染症病床数:0合計病床数:166】北海道札幌市清田区真栄３３１番地" }, "geometry": { "type": "Point", "coordinates": [ 141.43292, 42.961044 ] } },
{ "type": "Feature", "properties": { "ID": 111010001500, "正式名称": "医療法人社団エス・エス・ジェイ　札幌整形循環器病院", "機関区分": 1, "都道府県コード": 1, "市区町村コード": 110, "所在地": "北海道札幌市清田区北野１条２丁目１１番３０号", "緯度": 36.291671, "経度": 136.349467, "url": "https://www.iryou.teikyouseido.mhlw.go.jp/znk-web/juminkanja/S2430/initialize?prefCd=01&kikanCd=11010001500&kikanKbn=1", "url2": "http://ssj-h.com/", "内容": "医療法人社団エス・エス・ジェイ　札幌整形循環器病院【1:病院】【診療科目:0】【一般病床数:120療養病床数:61精神病床数:0感染症病床数:0合計病床数:181】北海道札幌市清田区北野１条２丁目１１番３０号" }, "geometry": { "type": "Point", "coordinates": [ 136.349467, 36.291671 ] } },
{ "type": "Feature", "properties": { "ID": 111010001510, "正式名称": "社会医療法人蘭友会　札幌里塚病院", "機関区分": 1, "都道府県コード": 1, "市区町村コード": 110, "所在地": "北海道札幌市清田区美しが丘１条６丁目１番５号", "緯度": 42.9825173, "経度": 141.4595607, "url": "https://www.iryou.teikyouseido.mhlw.go.jp/znk-web/juminkanja/S2430/initialize?prefCd=01&kikanCd=11010001510&kikanKbn=1", "url2": "http://www.satozuka.or.jp", "内容": "社会医療法人蘭友会　札幌里塚病院【1:病院】【診療科目:0】【一般病床数:99療養病床数:0精神病床数:0感染症病床数:0合計病床数:99】北海道札幌市清田区美しが丘１条６丁目１番５号" }, "geometry": { "type": "Point", "coordinates": [ 141.4595607, 42.9825173 ] } },
{ "type": "Feature", "properties": { "ID": 111010001520, "正式名称": "社会医療法人札幌清田整形外科病院", "機関区分": 1, "都道府県コード": 1, "市区町村コード": 110, "所在地": "北海道札幌市清田区清田１条４丁目１番５０号", "緯度": 42.999504, "経度": 141.440202, "url": "https://www.iryou.teikyouseido.mhlw.go.jp/znk-web/juminkanja/S2430/initialize?prefCd=01&kikanCd=11010001520&kikanKbn=1", "url2": "http://www.kiyotaseikei.or.jp/", "内容": "社会医療法人札幌清田整形外科病院【1:病院】【診療科目:0】【一般病床数:54療養病床数:55精神病床数:0感染症病床数:0合計病床数:109】北海道札幌市清田区清田１条４丁目１番５０号" }, "geometry": { "type": "Point", "coordinates": [ 141.440202, 42.999504 ] } },
{ "type": "Feature", "properties": { "ID": 111010001540, "正式名称": "医療法人社団五風会さっぽろ香雪病院", "機関区分": 1, "都道府県コード": 1, "市区町村コード": 110, "所在地": "北海道札幌市清田区真栄３１９番地", "緯度": 42.976559, "経度": 141.444649, "url": "https://www.iryou.teikyouseido.mhlw.go.jp/znk-web/juminkanja/S2430/initialize?prefCd=01&kikanCd=11010001540&kikanKbn=1", "url2": "http://www.sapporo-kohsetsu.or.jp", "内容": "医療法人社団五風会さっぽろ香雪病院【1:病院】【診療科目:0】【一般病床数:0療養病床数:0精神病床数:450感染症病床数:0合計病床数:450】北海道札幌市清田区真栄３１９番地" }, "geometry": { "type": "Point", "coordinates": [ 141.444649, 42.976559 ] } },
{ "type": "Feature", "properties": { "ID": 111010001550, "正式名称": "医療法人札幌平岡病院", "機関区分": 1, "都道府県コード": 1, "市区町村コード": 110, "所在地": "北海道札幌市清田区平岡２条１丁目１５番２０号", "緯度": 36.223424, "経度": 136.358609, "url": "https://www.iryou.teikyouseido.mhlw.go.jp/znk-web/juminkanja/S2430/initialize?prefCd=01&kikanCd=11010001550&kikanKbn=1", "url2": "http://www.hiraoka-hospital.com/", "内容": "医療法人札幌平岡病院【1:病院】【診療科目:0】【一般病床数:60療養病床数:180精神病床数:0感染症病床数:0合計病床数:240】北海道札幌市清田区平岡２条１丁目１５番２０号" }, "geometry": { "type": "Point", "coordinates": [ 136.358609, 36.223424 ] } },
{ "type": "Feature", "properties": { "ID": 111010001580, "正式名称": "医療法人　愛全病院", "機関区分": 1, "都道府県コード": 1, "市区町村コード": 106, "所在地": "北海道札幌市南区川沿１３条２丁目１番３８号", "緯度": 42.979599, "経度": 141.333794, "url": "https://www.iryou.teikyouseido.mhlw.go.jp/znk-web/juminkanja/S2430/initialize?prefCd=01&kikanCd=11010001580&kikanKbn=1", "url2": "http:/www.aizenkai.or.jp/", "内容": "医療法人　愛全病院【1:病院】【診療科目:0】【一般病床数:231療養病床数:264精神病床数:0感染症病床数:0合計病床数:495】北海道札幌市南区川沿１３条２丁目１番３８号" }, "geometry": { "type": "Point", "coordinates": [ 141.333794, 42.979599 ] } },
{ "type": "Feature", "properties": { "ID": 111010001590, "正式名称": "医療法人広誠会北ノ沢病院", "機関区分": 1, "都道府県コード": 1, "市区町村コード": 106, "所在地": "北海道札幌市南区北ノ沢１７３２番地", "緯度": 43.007746, "経度": 141.313793, "url": "https://www.iryou.teikyouseido.mhlw.go.jp/znk-web/juminkanja/S2430/initialize?prefCd=01&kikanCd=11010001590&kikanKbn=1", "url2": "http://kitanosawahp.jp/", "内容": "医療法人広誠会北ノ沢病院【1:病院】【診療科目:0】【一般病床数:0療養病床数:0精神病床数:180感染症病床数:0合計病床数:180】北海道札幌市南区北ノ沢１７３２番地" }, "geometry": { "type": "Point", "coordinates": [ 141.313793, 43.007746 ] } },
{ "type": "Feature", "properties": { "ID": 111010001600, "正式名称": "定山渓病院", "機関区分": 1, "都道府県コード": 1, "市区町村コード": 106, "所在地": "北海道札幌市南区定山渓温泉西３丁目７１番地", "緯度": 42.96685, "経度": 141.16216, "url": "https://www.iryou.teikyouseido.mhlw.go.jp/znk-web/juminkanja/S2430/initialize?prefCd=01&kikanCd=11010001600&kikanKbn=1", "url2": "http://www.keijinkai.com/jyouzankei/", "内容": "定山渓病院【1:病院】【診療科目:0】【一般病床数:101療養病床数:194精神病床数:0感染症病床数:0合計病床数:295】北海道札幌市南区定山渓温泉西３丁目７１番地" }, "geometry": { "type": "Point", "coordinates": [ 141.16216, 42.96685 ] } },
{ "type": "Feature", "properties": { "ID": 111010001620, "正式名称": "医療法人五輪橋整形外科病院", "機関区分": 1, "都道府県コード": 1, "市区町村コード": 106, "所在地": "北海道札幌市南区川沿２条１丁目２番５６号", "緯度": 43.000166, "経度": 141.337323, "url": "https://www.iryou.teikyouseido.mhlw.go.jp/znk-web/juminkanja/S2430/initialize?prefCd=01&kikanCd=11010001620&kikanKbn=1", "url2": "http://www.gorinbashi-seikei.com", "内容": "医療法人五輪橋整形外科病院【1:病院】【診療科目:0】【一般病床数:95療養病床数:0精神病床数:0感染症病床数:0合計病床数:95】北海道札幌市南区川沿２条１丁目２番５６号" }, "geometry": { "type": "Point", "coordinates": [ 141.337323, 43.000166 ] } },
{ "type": "Feature", "properties": { "ID": 111010001640, "正式名称": "医療法人三和会札幌南整形外科病院", "機関区分": 1, "都道府県コード": 1, "市区町村コード": 106, "所在地": "北海道札幌市南区南３３条西１１丁目４番１号", "緯度": 43.01397, "経度": 141.345711, "url": "https://www.iryou.teikyouseido.mhlw.go.jp/znk-web/juminkanja/S2430/initialize?prefCd=01&kikanCd=11010001640&kikanKbn=1", "url2": "http://minamiseikei.or.jp", "内容": "医療法人三和会札幌南整形外科病院【1:病院】【診療科目:0】【一般病床数:120療養病床数:0精神病床数:0感染症病床数:0合計病床数:120】北海道札幌市南区南３３条西１１丁目４番１号" }, "geometry": { "type": "Point", "coordinates": [ 141.345711, 43.01397 ] } },
{ "type": "Feature", "properties": { "ID": 111010001650, "正式名称": "医療法人社団林下病院", "機関区分": 1, "都道府県コード": 1, "市区町村コード": 106, "所在地": "北海道札幌市南区澄川４条５丁目９番３８号", "緯度": 43.0112129, "経度": 141.367484, "url": "https://www.iryou.teikyouseido.mhlw.go.jp/znk-web/juminkanja/S2430/initialize?prefCd=01&kikanCd=11010001650&kikanKbn=1", "url2": "http://www.hayashishita.jp/", "内容": "医療法人社団林下病院【1:病院】【診療科目:0】【一般病床数:0療養病床数:0精神病床数:145感染症病床数:0合計病床数:145】北海道札幌市南区澄川４条５丁目９番３８号" }, "geometry": { "type": "Point", "coordinates": [ 141.367484, 43.0112129 ] } },
{ "type": "Feature", "properties": { "ID": 111010001690, "正式名称": "医療法人為久会　札幌共立五輪橋病院", "機関区分": 1, "都道府県コード": 1, "市区町村コード": 106, "所在地": "北海道札幌市南区川沿２条１丁目２番５４号", "緯度": 42.998749, "経度": 141.338018, "url": "https://www.iryou.teikyouseido.mhlw.go.jp/znk-web/juminkanja/S2430/initialize?prefCd=01&kikanCd=11010001690&kikanKbn=1", "url2": "http://www.gorinbashi.or.jp", "内容": "医療法人為久会　札幌共立五輪橋病院【1:病院】【診療科目:0】【一般病床数:188療養病床数:0精神病床数:0感染症病床数:0合計病床数:188】北海道札幌市南区川沿２条１丁目２番５４号" }, "geometry": { "type": "Point", "coordinates": [ 141.338018, 42.998749 ] } },
{ "type": "Feature", "properties": { "ID": 111010001700, "正式名称": "医療法人　徳洲会　五輪橋マタニティクリニック", "機関区分": 1, "都道府県コード": 1, "市区町村コード": 106, "所在地": "北海道札幌市南区南３９条西１１丁目１－３０", "緯度": 43.005415, "経度": 141.342489, "url": "https://www.iryou.teikyouseido.mhlw.go.jp/znk-web/juminkanja/S2430/initialize?prefCd=01&kikanCd=11010001700&kikanKbn=1", "url2": "https://gorin.or.jp/", "内容": "医療法人　徳洲会　五輪橋マタニティクリニック【1:病院】【診療科目:0】【一般病床数:19療養病床数:0精神病床数:0感染症病床数:0合計病床数:19】北海道札幌市南区南３９条西１１丁目１－３０" }, "geometry": { "type": "Point", "coordinates": [ 141.342489, 43.005415 ] } },
{ "type": "Feature", "properties": { "ID": 111010001710, "正式名称": "社会医療法人医仁会　中村記念南病院", "機関区分": 1, "都道府県コード": 1, "市区町村コード": 106, "所在地": "北海道札幌市南区川沿２条２丁目３番１号", "緯度": 42.9975995, "経度": 141.3355564, "url": "https://www.iryou.teikyouseido.mhlw.go.jp/znk-web/juminkanja/S2430/initialize?prefCd=01&kikanCd=11010001710&kikanKbn=1", "url2": "http://www.nmh.or.jp/minami/minaindex.html", "内容": "社会医療法人医仁会　中村記念南病院【1:病院】【診療科目:0】【一般病床数:173療養病床数:0精神病床数:0感染症病床数:0合計病床数:0】北海道札幌市南区川沿２条２丁目３番１号" }, "geometry": { "type": "Point", "coordinates": [ 141.3355564, 42.9975995 ] } },
{ "type": "Feature", "properties": { "ID": 111010001720, "正式名称": "仁楡会札幌病院", "機関区分": 1, "都道府県コード": 1, "市区町村コード": 105, "所在地": "北海道札幌市豊平区中の島２条７丁目１－１", "緯度": 43.02708, "経度": 141.358431, "url": "https://www.iryou.teikyouseido.mhlw.go.jp/znk-web/juminkanja/S2430/initialize?prefCd=01&kikanCd=11010001720&kikanKbn=1", "url2": "https://www.jinyukai.or.jp/", "内容": "仁楡会札幌病院【1:病院】【診療科目:0】【一般病床数:77療養病床数:0精神病床数:0感染症病床数:0合計病床数:77】北海道札幌市豊平区中の島２条７丁目１－１" }, "geometry": { "type": "Point", "coordinates": [ 141.358431, 43.02708 ] } },
{ "type": "Feature", "properties": { "ID": 111010001730, "正式名称": "医療法人徳洲会　札幌真駒内病院", "機関区分": 1, "都道府県コード": 1, "市区町村コード": 106, "所在地": "北海道札幌市南区真駒内緑町１丁目２番１号", "緯度": 42.992813, "経度": 141.35321, "url": "https://www.iryou.teikyouseido.mhlw.go.jp/znk-web/juminkanja/S2430/initialize?prefCd=01&kikanCd=11010001730&kikanKbn=1", "url2": "https://makomanai.tokushukai.or.jp/", "内容": "医療法人徳洲会　札幌真駒内病院【1:病院】【診療科目:0】【一般病床数:80療養病床数:0精神病床数:0感染症病床数:0合計病床数:80】北海道札幌市南区真駒内緑町１丁目２番１号" }, "geometry": { "type": "Point", "coordinates": [ 141.35321, 42.992813 ] } },
{ "type": "Feature", "properties": { "ID": 111010001760, "正式名称": "勤医協札幌西区病院", "機関区分": 1, "都道府県コード": 1, "市区町村コード": 107, "所在地": "北海道札幌市西区西町北１９丁目１番５号", "緯度": 43.086794, "経度": 141.27688, "url": "https://www.iryou.teikyouseido.mhlw.go.jp/znk-web/juminkanja/S2430/initialize?prefCd=01&kikanCd=11010001760&kikanKbn=1", "url2": "http://www.kin-ikyo-nishiku.jp/", "内容": "勤医協札幌西区病院【1:病院】【診療科目:0】【一般病床数:96療養病床数:0精神病床数:0感染症病床数:0合計病床数:96】北海道札幌市西区西町北１９丁目１番５号" }, "geometry": { "type": "Point", "coordinates": [ 141.27688, 43.086794 ] } },
{ "type": "Feature", "properties": { "ID": 111010001770, "正式名称": "医療法人耕仁会　札幌太田病院", "機関区分": 1, "都道府県コード": 1, "市区町村コード": 107, "所在地": "北海道札幌市西区山の手５条５丁目１番１号", "緯度": 43.071046, "経度": 141.292629, "url": "https://www.iryou.teikyouseido.mhlw.go.jp/znk-web/juminkanja/S2430/initialize?prefCd=01&kikanCd=11010001770&kikanKbn=1", "url2": "http://www.sapporo-ohta.or.jp", "内容": "医療法人耕仁会　札幌太田病院【1:病院】【診療科目:0】【一般病床数:0療養病床数:0精神病床数:202感染症病床数:0合計病床数:202】北海道札幌市西区山の手５条５丁目１番１号" }, "geometry": { "type": "Point", "coordinates": [ 141.292629, 43.071046 ] } },
{ "type": "Feature", "properties": { "ID": 111010001790, "正式名称": "医療法人社団明生会イムス札幌消化器中央総合病院", "機関区分": 1, "都道府県コード": 1, "市区町村コード": 107, "所在地": "北海道札幌市西区八軒２条西１丁目１番１号", "緯度": 43.0829686, "経度": 141.3100589, "url": "https://www.iryou.teikyouseido.mhlw.go.jp/znk-web/juminkanja/S2430/initialize?prefCd=01&kikanCd=11010001790&kikanKbn=1", "url2": "http://www.ims.gr.jp/ims-sapporo/", "内容": "医療法人社団明生会イムス札幌消化器中央総合病院【1:病院】【診療科目:0】【一般病床数:183療養病床数:0精神病床数:0感染症病床数:0合計病床数:183】北海道札幌市西区八軒２条西１丁目１番１号" }, "geometry": { "type": "Point", "coordinates": [ 141.3100589, 43.0829686 ] } },
{ "type": "Feature", "properties": { "ID": 111010001800, "正式名称": "社会医療法人孝仁会　札幌第一病院", "機関区分": 1, "都道府県コード": 1, "市区町村コード": 107, "所在地": "北海道札幌市西区二十四軒４条３丁目４番２６号", "緯度": 43.076324, "経度": 141.307322, "url": "https://www.iryou.teikyouseido.mhlw.go.jp/znk-web/juminkanja/S2430/initialize?prefCd=01&kikanCd=11010001800&kikanKbn=1", "url2": "http://www.sapporo-daiichi.com/", "内容": "社会医療法人孝仁会　札幌第一病院【1:病院】【診療科目:0】【一般病床数:52療養病床数:88精神病床数:0感染症病床数:0合計病床数:140】北海道札幌市西区二十四軒４条３丁目４番２６号" }, "geometry": { "type": "Point", "coordinates": [ 141.307322, 43.076324 ] } },
{ "type": "Feature", "properties": { "ID": 111010001830, "正式名称": "北海道内科リウマチ科病院", "機関区分": 1, "都道府県コード": 1, "市区町村コード": 107, "所在地": "北海道札幌市西区琴似１条３丁目１番４５号", "緯度": 43.077435, "経度": 141.306767, "url": "https://www.iryou.teikyouseido.mhlw.go.jp/znk-web/juminkanja/S2430/initialize?prefCd=01&kikanCd=11010001830&kikanKbn=1", "url2": "https://ra-hp.jp/", "内容": "北海道内科リウマチ科病院【1:病院】【診療科目:0】【一般病床数:120療養病床数:60精神病床数:0感染症病床数:0合計病床数:180】北海道札幌市西区琴似１条３丁目１番４５号" }, "geometry": { "type": "Point", "coordinates": [ 141.306767, 43.077435 ] } },
{ "type": "Feature", "properties": { "ID": 111010001850, "正式名称": "医療法人　西さっぽろ病院", "機関区分": 1, "都道府県コード": 1, "市区町村コード": 107, "所在地": "北海道札幌市西区山の手３条２丁目５番１号", "緯度": 43.072019, "経度": 141.298156, "url": "https://www.iryou.teikyouseido.mhlw.go.jp/znk-web/juminkanja/S2430/initialize?prefCd=01&kikanCd=11010001850&kikanKbn=1", "url2": "http//www.nishi-sapporo.or.jp", "内容": "医療法人　西さっぽろ病院【1:病院】【診療科目:0】【一般病床数:56療養病床数:0精神病床数:0感染症病床数:0合計病床数:56】北海道札幌市西区山の手３条２丁目５番１号" }, "geometry": { "type": "Point", "coordinates": [ 141.298156, 43.072019 ] } },
{ "type": "Feature", "properties": { "ID": 111010001860, "正式名称": "医療法人社団静和会　静和記念病院", "機関区分": 1, "都道府県コード": 1, "市区町村コード": 107, "所在地": "北海道札幌市西区八軒５条東５丁目１番１号", "緯度": 43.081546, "経度": 141.322209, "url": "https://www.iryou.teikyouseido.mhlw.go.jp/znk-web/juminkanja/S2430/initialize?prefCd=01&kikanCd=11010001860&kikanKbn=1", "url2": "http://seiwa-mh.jp/", "内容": "医療法人社団静和会　静和記念病院【1:病院】【診療科目:0】【一般病床数:95療養病床数:100精神病床数:0感染症病床数:0合計病床数:195】北海道札幌市西区八軒５条東５丁目１番１号" }, "geometry": { "type": "Point", "coordinates": [ 141.322209, 43.081546 ] } },
{ "type": "Feature", "properties": { "ID": 111010001880, "正式名称": "医療法人社団深仁会ふかざわ病院", "機関区分": 1, "都道府県コード": 1, "市区町村コード": 107, "所在地": "北海道札幌市西区二十四軒２条４丁目６番８号", "緯度": 43.0714744, "経度": 141.3120075, "url": "https://www.iryou.teikyouseido.mhlw.go.jp/znk-web/juminkanja/S2430/initialize?prefCd=01&kikanCd=11010001880&kikanKbn=1", "url2": "http://www.fukazawa-hp.jp/", "内容": "医療法人社団深仁会ふかざわ病院【1:病院】【診療科目:0】【一般病床数:60療養病床数:0精神病床数:0感染症病床数:0合計病床数:60】北海道札幌市西区二十四軒２条４丁目６番８号" }, "geometry": { "type": "Point", "coordinates": [ 141.3120075, 43.0714744 ] } },
{ "type": "Feature", "properties": { "ID": 111010001890, "正式名称": "社会医療法人孝仁会札幌孝仁会記念病院", "機関区分": 1, "都道府県コード": 1, "市区町村コード": 107, "所在地": "北海道札幌市西区宮の沢２条１丁目１６番１号", "緯度": 43.0873706, "経度": 141.2732167, "url": "https://www.iryou.teikyouseido.mhlw.go.jp/znk-web/juminkanja/S2430/initialize?prefCd=01&kikanCd=11010001890&kikanKbn=1", "url2": "https://www.sap-kojk.jp/", "内容": "社会医療法人孝仁会札幌孝仁会記念病院【1:病院】【診療科目:0】【一般病床数:276療養病床数:0精神病床数:0感染症病床数:0合計病床数:276】北海道札幌市西区宮の沢２条１丁目１６番１号" }, "geometry": { "type": "Point", "coordinates": [ 141.2732167, 43.0873706 ] } },
{ "type": "Feature", "properties": { "ID": 111010001940, "正式名称": "医療法人知仁会　八木整形外科病院", "機関区分": 1, "都道府県コード": 1, "市区町村コード": 107, "所在地": "北海道札幌市西区西野３条５丁目１番３５号", "緯度": 43.0770212, "経度": 141.2780347, "url": "https://www.iryou.teikyouseido.mhlw.go.jp/znk-web/juminkanja/S2430/initialize?prefCd=01&kikanCd=11010001940&kikanKbn=1", "url2": "http://www.yagiseikei.com/", "内容": "医療法人知仁会　八木整形外科病院【1:病院】【診療科目:0】【一般病床数:120療養病床数:0精神病床数:0感染症病床数:0合計病床数:120】北海道札幌市西区西野３条５丁目１番３５号" }, "geometry": { "type": "Point", "coordinates": [ 141.2780347, 43.0770212 ] } },
{ "type": "Feature", "properties": { "ID": 111010001950, "正式名称": "医療法人社団明日佳　宮の沢明日佳病院", "機関区分": 1, "都道府県コード": 1, "市区町村コード": 107, "所在地": "北海道札幌市西区西町南２０丁目１番３０号", "緯度": 43.086295, "経度": 141.275685, "url": "https://www.iryou.teikyouseido.mhlw.go.jp/znk-web/juminkanja/S2430/initialize?prefCd=01&kikanCd=11010001950&kikanKbn=1", "url2": "http://www.smn-hp.or.jp/", "内容": "医療法人社団明日佳　宮の沢明日佳病院【1:病院】【診療科目:0】【一般病床数:99療養病床数:0精神病床数:0感染症病床数:0合計病床数:99】北海道札幌市西区西町南２０丁目１番３０号" }, "geometry": { "type": "Point", "coordinates": [ 141.275685, 43.086295 ] } },
{ "type": "Feature", "properties": { "ID": 111010001960, "正式名称": "医療法人社団康仁会　　中田泌尿器科病院", "機関区分": 1, "都道府県コード": 1, "市区町村コード": 107, "所在地": "北海道札幌市西区西町北５丁目１番５号", "緯度": 43.078468, "経度": 141.290006, "url": "https://www.iryou.teikyouseido.mhlw.go.jp/znk-web/juminkanja/S2430/initialize?prefCd=01&kikanCd=11010001960&kikanKbn=1", "url2": "http://www.nakata-uro.com", "内容": "医療法人社団康仁会　　中田泌尿器科病院【1:病院】【診療科目:0】【一般病床数:28療養病床数:0精神病床数:0感染症病床数:0合計病床数:28】北海道札幌市西区西町北５丁目１番５号" }, "geometry": { "type": "Point", "coordinates": [ 141.290006, 43.078468 ] } },
{ "type": "Feature", "properties": { "ID": 111010001970, "正式名称": "医療法人社団静和会　平和リハビリテーション病院", "機関区分": 1, "都道府県コード": 1, "市区町村コード": 107, "所在地": "北海道札幌市西区平和３０６番地１", "緯度": 43.052467, "経度": 141.24956, "url": "https://www.iryou.teikyouseido.mhlw.go.jp/znk-web/juminkanja/S2430/initialize?prefCd=01&kikanCd=11010001970&kikanKbn=1", "url2": "https://heiwariha-hp-edit.jimdofree.com/", "内容": "医療法人社団静和会　平和リハビリテーション病院【1:病院】【診療科目:0】【一般病床数:0療養病床数:120精神病床数:0感染症病床数:0合計病床数:120】北海道札幌市西区平和３０６番地１" }, "geometry": { "type": "Point", "coordinates": [ 141.24956, 43.052467 ] } },
{ "type": "Feature", "properties": { "ID": 111010001980, "正式名称": "医療法人社団　明生会　イムス札幌リハビリテーション病院", "機関区分": 1, "都道府県コード": 1, "市区町村コード": 109, "所在地": "北海道札幌市手稲区手稲金山１２４番地", "緯度": 43.123011, "経度": 141.197607, "url": "https://www.iryou.teikyouseido.mhlw.go.jp/znk-web/juminkanja/S2430/initialize?prefCd=01&kikanCd=11010001980&kikanKbn=1", "url2": "https://ims.gr.jp/sapporo-reha/", "内容": "医療法人社団　明生会　イムス札幌リハビリテーション病院【1:病院】【診療科目:0】【一般病床数:104療養病床数:46精神病床数:0感染症病床数:0合計病床数:150】北海道札幌市手稲区手稲金山１２４番地" }, "geometry": { "type": "Point", "coordinates": [ 141.197607, 43.123011 ] } },
{ "type": "Feature", "properties": { "ID": 111010001990, "正式名称": "医療法人　勉仁会　中垣病院", "機関区分": 1, "都道府県コード": 1, "市区町村コード": 109, "所在地": "北海道札幌市手稲区金山１条２丁目１番６号", "緯度": 43.1302188, "経度": 141.2069984, "url": "https://www.iryou.teikyouseido.mhlw.go.jp/znk-web/juminkanja/S2430/initialize?prefCd=01&kikanCd=11010001990&kikanKbn=1", "url2": "https://www.nakagaki-hp.jp", "内容": "医療法人　勉仁会　中垣病院【1:病院】【診療科目:0】【一般病床数:0療養病床数:42精神病床数:236感染症病床数:0合計病床数:278】北海道札幌市手稲区金山１条２丁目１番６号" }, "geometry": { "type": "Point", "coordinates": [ 141.2069984, 43.1302188 ] } },
{ "type": "Feature", "properties": { "ID": 111010002000, "正式名称": "医療法人北武会北都病院", "機関区分": 1, "都道府県コード": 1, "市区町村コード": 109, "所在地": "北海道札幌市手稲区手稲山口５５０番地", "緯度": 43.140015, "経度": 141.21423, "url": "https://www.iryou.teikyouseido.mhlw.go.jp/znk-web/juminkanja/S2430/initialize?prefCd=01&kikanCd=11010002000&kikanKbn=1", "url2": "http://www.hokubukai.or.jp/", "内容": "医療法人北武会北都病院【1:病院】【診療科目:0】【一般病床数:0療養病床数:113精神病床数:0感染症病床数:0合計病床数:113】北海道札幌市手稲区手稲山口５５０番地" }, "geometry": { "type": "Point", "coordinates": [ 141.21423, 43.140015 ] } },
{ "type": "Feature", "properties": { "ID": 111010002020, "正式名称": "手稲渓仁会病院", "機関区分": 1, "都道府県コード": 1, "市区町村コード": 109, "所在地": "北海道札幌市手稲区前田１条１２丁目１番４０号", "緯度": 43.122568, "経度": 141.242631, "url": "https://www.iryou.teikyouseido.mhlw.go.jp/znk-web/juminkanja/S2430/initialize?prefCd=01&kikanCd=11010002020&kikanKbn=1", "url2": "http://www.keijinkai.com/teine/", "内容": "手稲渓仁会病院【1:病院】【診療科目:0】【一般病床数:660療養病床数:0精神病床数:0感染症病床数:0合計病床数:660】北海道札幌市手稲区前田１条１２丁目１番４０号" }, "geometry": { "type": "Point", "coordinates": [ 141.242631, 43.122568 ] } },
{ "type": "Feature", "properties": { "ID": 111010002050, "正式名称": "医療法人　桜花会　札幌グリーン病院", "機関区分": 1, "都道府県コード": 1, "市区町村コード": 109, "所在地": "北海道札幌市手稲区西宮の沢５条１丁目１３－１５", "緯度": 43.095599, "経度": 141.259992, "url": "https://www.iryou.teikyouseido.mhlw.go.jp/znk-web/juminkanja/S2430/initialize?prefCd=01&kikanCd=11010002050&kikanKbn=1", "url2": "https://www.ohkakai-green.or.jp", "内容": "医療法人　桜花会　札幌グリーン病院【1:病院】【診療科目:0】【一般病床数:0療養病床数:0精神病床数:180感染症病床数:0合計病床数:180】北海道札幌市手稲区西宮の沢５条１丁目１３－１５" }, "geometry": { "type": "Point", "coordinates": [ 141.259992, 43.095599 ] } },
{ "type": "Feature", "properties": { "ID": 111010002060, "正式名称": "医療法人タナカメディカル札幌田中病院", "機関区分": 1, "都道府県コード": 1, "市区町村コード": 109, "所在地": "北海道札幌市手稲区西宮の沢４条４丁目２番１号", "緯度": 43.1007993, "経度": 141.2562798, "url": "https://www.iryou.teikyouseido.mhlw.go.jp/znk-web/juminkanja/S2430/initialize?prefCd=01&kikanCd=11010002060&kikanKbn=1", "url2": "https://www.tanakamedical.net/tanaka/", "内容": "医療法人タナカメディカル札幌田中病院【1:病院】【診療科目:0】【一般病床数:0療養病床数:334精神病床数:0感染症病床数:0合計病床数:334】北海道札幌市手稲区西宮の沢４条４丁目２番１号" }, "geometry": { "type": "Point", "coordinates": [ 141.256279799999987, 43.1007993 ] } },
{ "type": "Feature", "properties": { "ID": 111010002070, "正式名称": "社会医療法人延山会　西成病院", "機関区分": 1, "都道府県コード": 1, "市区町村コード": 109, "所在地": "北海道札幌市手稲区曙２条２丁目２番２７号", "緯度": 43.12717, "経度": 141.237727, "url": "https://www.iryou.teikyouseido.mhlw.go.jp/znk-web/juminkanja/S2430/initialize?prefCd=01&kikanCd=11010002070&kikanKbn=1", "url2": "http://www.nissei-hp.com/", "内容": "社会医療法人延山会　西成病院【1:病院】【診療科目:0】【一般病床数:60療養病床数:49精神病床数:0感染症病床数:0合計病床数:109】北海道札幌市手稲区曙２条２丁目２番２７号" }, "geometry": { "type": "Point", "coordinates": [ 141.237727, 43.12717 ] } },
{ "type": "Feature", "properties": { "ID": 111010002080, "正式名称": "医療法人札幌宮の沢病院", "機関区分": 1, "都道府県コード": 1, "市区町村コード": 109, "所在地": "北海道札幌市手稲区西宮の沢１条４丁目１４番３５号", "緯度": 43.10757, "経度": 141.263435, "url": "https://www.iryou.teikyouseido.mhlw.go.jp/znk-web/juminkanja/S2430/initialize?prefCd=01&kikanCd=11010002080&kikanKbn=1", "url2": "http://www.tanakamedical.net/miyanosawa/", "内容": "医療法人札幌宮の沢病院【1:病院】【診療科目:0】【一般病床数:0療養病床数:355精神病床数:0感染症病床数:0合計病床数:355】北海道札幌市手稲区西宮の沢１条４丁目１４番３５号" }, "geometry": { "type": "Point", "coordinates": [ 141.263435, 43.10757 ] } },
{ "type": "Feature", "properties": { "ID": 111010002090, "正式名称": "医療法人秀友会　札幌秀友会病院", "機関区分": 1, "都道府県コード": 1, "市区町村コード": 109, "所在地": "北海道札幌市手稲区新発寒５条６丁目２番１号", "緯度": 43.116847, "経度": 141.268296, "url": "https://www.iryou.teikyouseido.mhlw.go.jp/znk-web/juminkanja/S2430/initialize?prefCd=01&kikanCd=11010002090&kikanKbn=1", "url2": "http://www.shuyukai.or.jp", "内容": "医療法人秀友会　札幌秀友会病院【1:病院】【診療科目:0】【一般病床数:141療養病床数:0精神病床数:0感染症病床数:0合計病床数:141】北海道札幌市手稲区新発寒５条６丁目２番１号" }, "geometry": { "type": "Point", "coordinates": [ 141.268296, 43.116847 ] } },
{ "type": "Feature", "properties": { "ID": 111010002100, "正式名称": "医療法人札幌緑誠病院", "機関区分": 1, "都道府県コード": 1, "市区町村コード": 109, "所在地": "北海道札幌市手稲区西宮の沢４条４丁目１８番１１号", "緯度": 43.10457, "経度": 141.257464, "url": "https://www.iryou.teikyouseido.mhlw.go.jp/znk-web/juminkanja/S2430/initialize?prefCd=01&kikanCd=11010002100&kikanKbn=1", "url2": "http://www.tanakamedical.net/ryokusei", "内容": "医療法人札幌緑誠病院【1:病院】【診療科目:0】【一般病床数:0療養病床数:342精神病床数:0感染症病床数:0合計病床数:342】北海道札幌市手稲区西宮の沢４条４丁目１８番１１号" }, "geometry": { "type": "Point", "coordinates": [ 141.257464, 43.10457 ] } },
{ "type": "Feature", "properties": { "ID": 111010002130, "正式名称": "旭川医科大学病院", "機関区分": 1, "都道府県コード": 1, "市区町村コード": 204, "所在地": "北海道旭川市緑が丘東２条１丁目１番１号", "緯度": 43.729967, "経度": 142.384425, "url": "https://www.iryou.teikyouseido.mhlw.go.jp/znk-web/juminkanja/S2430/initialize?prefCd=01&kikanCd=11010002130&kikanKbn=1", "url2": "https://www.asahikawa-med.ac.jp/hospital/", "内容": "旭川医科大学病院【1:病院】【診療科目:0】【一般病床数:571療養病床数:0精神病床数:31感染症病床数:0合計病床数:602】北海道旭川市緑が丘東２条１丁目１番１号" }, "geometry": { "type": "Point", "coordinates": [ 142.384425, 43.729967 ] } },
{ "type": "Feature", "properties": { "ID": 111010002140, "正式名称": "独立行政法人国立病院機構旭川医療センター", "機関区分": 1, "都道府県コード": 1, "市区町村コード": 204, "所在地": "北海道旭川市花咲町７丁目４０４８番地", "緯度": 43.798877, "経度": 142.381922, "url": "https://www.iryou.teikyouseido.mhlw.go.jp/znk-web/juminkanja/S2430/initialize?prefCd=01&kikanCd=11010002140&kikanKbn=1", "url2": "https://asahikawa.hosp.go.jp/", "内容": "独立行政法人国立病院機構旭川医療センター【1:病院】【診療科目:0】【一般病床数:290療養病床数:0精神病床数:0感染症病床数:0合計病床数:310】北海道旭川市花咲町７丁目４０４８番地" }, "geometry": { "type": "Point", "coordinates": [ 142.381922, 43.798877 ] } },
{ "type": "Feature", "properties": { "ID": 111010002150, "正式名称": "北海道立旭川子ども総合療育センター", "機関区分": 1, "都道府県コード": 1, "市区町村コード": 204, "所在地": "北海道旭川市春光台２条１丁目１番４３号", "緯度": 43.810764, "経度": 142.351979, "url": "https://www.iryou.teikyouseido.mhlw.go.jp/znk-web/juminkanja/S2430/initialize?prefCd=01&kikanCd=11010002150&kikanKbn=1", "url2": "https://www.pref.hokkaido.lg.jp/hf/asc/index.html", "内容": "北海道立旭川子ども総合療育センター【1:病院】【診療科目:0】【一般病床数:60療養病床数:0精神病床数:0感染症病床数:0合計病床数:60】北海道旭川市春光台２条１丁目１番４３号" }, "geometry": { "type": "Point", "coordinates": [ 142.351979, 43.810764 ] } },
{ "type": "Feature", "properties": { "ID": 111010002160, "正式名称": "市立旭川病院", "機関区分": 1, "都道府県コード": 1, "市区町村コード": 204, "所在地": "北海道旭川市金星町１丁目１番６５号", "緯度": 43.778295, "経度": 142.365702, "url": "https://www.iryou.teikyouseido.mhlw.go.jp/znk-web/juminkanja/S2430/initialize?prefCd=01&kikanCd=11010002160&kikanKbn=1", "url2": "https://www.city.asahikawa.hokkaido.jp/hospital/index.html", "内容": "市立旭川病院【1:病院】【診療科目:0】【一般病床数:362療養病床数:0精神病床数:100感染症病床数:9合計病床数:471】北海道旭川市金星町１丁目１番６５号" }, "geometry": { "type": "Point", "coordinates": [ 142.365702, 43.778295 ] } },
{ "type": "Feature", "properties": { "ID": 111010002170, "正式名称": "旭川赤十字病院", "機関区分": 1, "都道府県コード": 1, "市区町村コード": 204, "所在地": "北海道旭川市曙１条１丁目１番１号", "緯度": 43.769712, "経度": 142.34862, "url": "https://www.iryou.teikyouseido.mhlw.go.jp/znk-web/juminkanja/S2430/initialize?prefCd=01&kikanCd=11010002170&kikanKbn=1", "url2": "http://www.asahikawa.jrc.or.jp/", "内容": "旭川赤十字病院【1:病院】【診療科目:0】【一般病床数:480療養病床数:0精神病床数:40感染症病床数:0合計病床数:520】北海道旭川市曙１条１丁目１番１号" }, "geometry": { "type": "Point", "coordinates": [ 142.34862, 43.769712 ] } },
{ "type": "Feature", "properties": { "ID": 111010002180, "正式名称": "ＪＡ北海道厚生連旭川厚生病院", "機関区分": 1, "都道府県コード": 1, "市区町村コード": 204, "所在地": "北海道旭川市１条通２４丁目１１１番地３", "緯度": 43.758714, "経度": 142.384729, "url": "https://www.iryou.teikyouseido.mhlw.go.jp/znk-web/juminkanja/S2430/initialize?prefCd=01&kikanCd=11010002180&kikanKbn=1", "url2": "http://www.dou-kouseiren.com/byouin/asahikawa/", "内容": "ＪＡ北海道厚生連旭川厚生病院【1:病院】【診療科目:0】【一般病床数:406療養病床数:0精神病床数:0感染症病床数:0合計病床数:406】北海道旭川市１条通２４丁目１１１番地３" }, "geometry": { "type": "Point", "coordinates": [ 142.384729, 43.758714 ] } },
{ "type": "Feature", "properties": { "ID": 111010002200, "正式名称": "大西病院", "機関区分": 1, "都道府県コード": 1, "市区町村コード": 204, "所在地": "北海道旭川市４条通１１丁目右３号", "緯度": 43.767185, "経度": 142.365813, "url": "https://www.iryou.teikyouseido.mhlw.go.jp/znk-web/juminkanja/S2430/initialize?prefCd=01&kikanCd=11010002200&kikanKbn=1", "url2": "https://www.kai-sei-kai.com/", "内容": "大西病院【1:病院】【診療科目:0】【一般病床数:86療養病床数:202精神病床数:0感染症病床数:0合計病床数:288】北海道旭川市４条通１１丁目右３号" }, "geometry": { "type": "Point", "coordinates": [ 142.365813, 43.767185 ] } },
{ "type": "Feature", "properties": { "ID": 111010002210, "正式名称": "医療法人社団志恩会相川記念病院", "機関区分": 1, "都道府県コード": 1, "市区町村コード": 204, "所在地": "北海道旭川市大町２条１４丁目９２番地の２０", "緯度": 43.79646, "経度": 142.348564, "url": "https://www.iryou.teikyouseido.mhlw.go.jp/znk-web/juminkanja/S2430/initialize?prefCd=01&kikanCd=11010002210&kikanKbn=1", "url2": "http://www.aikawa-kinen.jp", "内容": "医療法人社団志恩会相川記念病院【1:病院】【診療科目:0】【一般病床数:0療養病床数:0精神病床数:116感染症病床数:0合計病床数:116】北海道旭川市大町２条１４丁目９２番地の２０" }, "geometry": { "type": "Point", "coordinates": [ 142.348564, 43.79646 ] } },
{ "type": "Feature", "properties": { "ID": 111010002220, "正式名称": "医療法人　中島病院", "機関区分": 1, "都道府県コード": 1, "市区町村コード": 204, "所在地": "北海道旭川市４条通１６丁目１１５２番地", "緯度": 43.764936, "経度": 142.373702, "url": "https://www.iryou.teikyouseido.mhlw.go.jp/znk-web/juminkanja/S2430/initialize?prefCd=01&kikanCd=11010002220&kikanKbn=1", "url2": null, "内容": "医療法人　中島病院【1:病院】【診療科目:0】【一般病床数:49療養病床数:50精神病床数:0感染症病床数:0合計病床数:99】北海道旭川市４条通１６丁目１１５２番地" }, "geometry": { "type": "Point", "coordinates": [ 142.373702, 43.764936 ] } },
{ "type": "Feature", "properties": { "ID": 111010002230, "正式名称": "整形外科進藤病院", "機関区分": 1, "都道府県コード": 1, "市区町村コード": 204, "所在地": "北海道旭川市４条通１９丁目右６号", "緯度": 43.763491, "経度": 142.378646, "url": "https://www.iryou.teikyouseido.mhlw.go.jp/znk-web/juminkanja/S2430/initialize?prefCd=01&kikanCd=11010002230&kikanKbn=1", "url2": "https://www.shindo-hospital.or.jp", "内容": "整形外科進藤病院【1:病院】【診療科目:0】【一般病床数:60療養病床数:45精神病床数:0感染症病床数:0合計病床数:105】北海道旭川市４条通１９丁目右６号" }, "geometry": { "type": "Point", "coordinates": [ 142.378646, 43.763491 ] } },
{ "type": "Feature", "properties": { "ID": 111010002240, "正式名称": "医療法人唐沢病院", "機関区分": 1, "都道府県コード": 1, "市区町村コード": 204, "所在地": "北海道旭川市４条通９丁目左８号", "緯度": 43.768463, "経度": 142.363758, "url": "https://www.iryou.teikyouseido.mhlw.go.jp/znk-web/juminkanja/S2430/initialize?prefCd=01&kikanCd=11010002240&kikanKbn=1", "url2": "https://karasawa.or.jp/", "内容": "医療法人唐沢病院【1:病院】【診療科目:0】【一般病床数:52療養病床数:0精神病床数:0感染症病床数:0合計病床数:52】北海道旭川市４条通９丁目左８号" }, "geometry": { "type": "Point", "coordinates": [ 142.363758, 43.768463 ] } },
{ "type": "Feature", "properties": { "ID": 111010002250, "正式名称": "道北勤医協一条通病院", "機関区分": 1, "都道府県コード": 1, "市区町村コード": 204, "所在地": "北海道旭川市東光１条１丁目１番１７号", "緯度": 43.756215, "経度": 142.387923, "url": "https://www.iryou.teikyouseido.mhlw.go.jp/znk-web/juminkanja/S2430/initialize?prefCd=01&kikanCd=11010002250&kikanKbn=1", "url2": "http://www.dohoku-kinikyo.or.jp", "内容": "道北勤医協一条通病院【1:病院】【診療科目:0】【一般病床数:91療養病床数:60精神病床数:0感染症病床数:0合計病床数:151】北海道旭川市東光１条１丁目１番１７号" }, "geometry": { "type": "Point", "coordinates": [ 142.387923, 43.756215 ] } },
{ "type": "Feature", "properties": { "ID": 111010002260, "正式名称": "医療法人社団弘和会　森産科婦人科病院", "機関区分": 1, "都道府県コード": 1, "市区町村コード": 204, "所在地": "北海道旭川市７条通７丁目左２号", "緯度": 43.772934, "経度": 142.361869, "url": "https://www.iryou.teikyouseido.mhlw.go.jp/znk-web/juminkanja/S2430/initialize?prefCd=01&kikanCd=11010002260&kikanKbn=1", "url2": "https://www.mori-hosp.jp/", "内容": "医療法人社団弘和会　森産科婦人科病院【1:病院】【診療科目:0】【一般病床数:40療養病床数:0精神病床数:0感染症病床数:0合計病床数:40】北海道旭川市７条通７丁目左２号" }, "geometry": { "type": "Point", "coordinates": [ 142.361869, 43.772934 ] } },
{ "type": "Feature", "properties": { "ID": 111010002270, "正式名称": "医療法人清陵会　藤井病院", "機関区分": 1, "都道府県コード": 1, "市区町村コード": 204, "所在地": "北海道旭川市旭町１条３丁目８４１番地の１３８", "緯度": 43.782544, "経度": 142.357286, "url": "https://www.iryou.teikyouseido.mhlw.go.jp/znk-web/juminkanja/S2430/initialize?prefCd=01&kikanCd=11010002270&kikanKbn=1", "url2": "http://fujii-hospital.net", "内容": "医療法人清陵会　藤井病院【1:病院】【診療科目:0】【一般病床数:0療養病床数:52精神病床数:0感染症病床数:0合計病床数:52】北海道旭川市旭町１条３丁目８４１番地の１３８" }, "geometry": { "type": "Point", "coordinates": [ 142.357286, 43.782544 ] } },
{ "type": "Feature", "properties": { "ID": 111010002280, "正式名称": "豊岡中央病院", "機関区分": 1, "都道府県コード": 1, "市区町村コード": 204, "所在地": "北海道旭川市豊岡７条２丁目１番５号", "緯度": 43.765325, "経度": 142.392561, "url": "https://www.iryou.teikyouseido.mhlw.go.jp/znk-web/juminkanja/S2430/initialize?prefCd=01&kikanCd=11010002280&kikanKbn=1", "url2": "http://www.328181.jp", "内容": "豊岡中央病院【1:病院】【診療科目:0】【一般病床数:111療養病床数:48精神病床数:0感染症病床数:0合計病床数:159】北海道旭川市豊岡７条２丁目１番５号" }, "geometry": { "type": "Point", "coordinates": [ 142.392561, 43.765325 ] } },
{ "type": "Feature", "properties": { "ID": 111010002290, "正式名称": "旭川圭泉会病院", "機関区分": 1, "都道府県コード": 1, "市区町村コード": 204, "所在地": "北海道旭川市東旭川町下兵村２５２番地", "緯度": 43.779213, "経度": 142.438307, "url": "https://www.iryou.teikyouseido.mhlw.go.jp/znk-web/juminkanja/S2430/initialize?prefCd=01&kikanCd=11010002290&kikanKbn=1", "url2": "http://www.keisenkai.or.jp", "内容": "旭川圭泉会病院【1:病院】【診療科目:0】【一般病床数:0療養病床数:0精神病床数:399感染症病床数:0合計病床数:399】北海道旭川市東旭川町下兵村２５２番地" }, "geometry": { "type": "Point", "coordinates": [ 142.438307, 43.779213 ] } },
{ "type": "Feature", "properties": { "ID": 111010002300, "正式名称": "社会医療法人元生会　森山病院", "機関区分": 1, "都道府県コード": 1, "市区町村コード": 204, "所在地": "北海道旭川市宮前２条１丁目１番６号", "緯度": 43.760658, "経度": 142.362092, "url": "https://www.iryou.teikyouseido.mhlw.go.jp/znk-web/juminkanja/S2430/initialize?prefCd=01&kikanCd=11010002300&kikanKbn=1", "url2": "http://www.moriyama.or.jp", "内容": "社会医療法人元生会　森山病院【1:病院】【診療科目:0】【一般病床数:232療養病床数:0精神病床数:0感染症病床数:0合計病床数:232】北海道旭川市宮前２条１丁目１番６号" }, "geometry": { "type": "Point", "coordinates": [ 142.362092, 43.760658 ] } },
{ "type": "Feature", "properties": { "ID": 111010002310, "正式名称": "社会医療法人元生会森山メモリアル病院", "機関区分": 1, "都道府県コード": 1, "市区町村コード": 204, "所在地": "北海道旭川市旭町２条１丁目３１番地", "緯度": 43.781434, "経度": 142.360785, "url": "https://www.iryou.teikyouseido.mhlw.go.jp/znk-web/juminkanja/S2430/initialize?prefCd=01&kikanCd=11010002310&kikanKbn=1", "url2": "https://www.moriyama.or.jp/", "内容": "社会医療法人元生会森山メモリアル病院【1:病院】【診療科目:0】【一般病床数:0療養病床数:108精神病床数:0感染症病床数:0合計病床数:108】北海道旭川市旭町２条１丁目３１番地" }, "geometry": { "type": "Point", "coordinates": [ 142.360785, 43.781434 ] } },
{ "type": "Feature", "properties": { "ID": 111010002320, "正式名称": "旭川脳神経外科循環器内科病院", "機関区分": 1, "都道府県コード": 1, "市区町村コード": 204, "所在地": "北海道旭川市１０条通２１丁目２番地の１１", "緯度": 43.769991, "経度": 142.385395, "url": "https://www.iryou.teikyouseido.mhlw.go.jp/znk-web/juminkanja/S2430/initialize?prefCd=01&kikanCd=11010002320&kikanKbn=1", "url2": "http://www.asahikawa-noushinkeigeka-hospital.or.jp/", "内容": "旭川脳神経外科循環器内科病院【1:病院】【診療科目:0】【一般病床数:80療養病床数:40精神病床数:0感染症病床数:0合計病床数:120】北海道旭川市１０条通２１丁目２番地の１１" }, "geometry": { "type": "Point", "coordinates": [ 142.385395, 43.769991 ] } },
{ "type": "Feature", "properties": { "ID": 111010002340, "正式名称": "医療法人社団旭豊会旭川三愛病院", "機関区分": 1, "都道府県コード": 1, "市区町村コード": 204, "所在地": "北海道旭川市永山４条６丁目３番２４号", "緯度": 43.792461, "経度": 142.408975, "url": "https://www.iryou.teikyouseido.mhlw.go.jp/znk-web/juminkanja/S2430/initialize?prefCd=01&kikanCd=11010002340&kikanKbn=1", "url2": "http://kyokuhoukai.or.jp", "内容": "医療法人社団旭豊会旭川三愛病院【1:病院】【診療科目:0】【一般病床数:83療養病床数:58精神病床数:0感染症病床数:0合計病床数:141】北海道旭川市永山４条６丁目３番２４号" }, "geometry": { "type": "Point", "coordinates": [ 142.408975, 43.792461 ] } },
{ "type": "Feature", "properties": { "ID": 111010002350, "正式名称": "医療法人社団心優会沼崎病院", "機関区分": 1, "都道府県コード": 1, "市区町村コード": 204, "所在地": "北海道旭川市８条通８丁目４３番地", "緯度": 43.773323, "経度": 142.364174, "url": "https://www.iryou.teikyouseido.mhlw.go.jp/znk-web/juminkanja/S2430/initialize?prefCd=01&kikanCd=11010002350&kikanKbn=1", "url2": "https://shinyukai-r.or.jp/", "内容": "医療法人社団心優会沼崎病院【1:病院】【診療科目:0】【一般病床数:40療養病床数:0精神病床数:0感染症病床数:0合計病床数:40】北海道旭川市８条通８丁目４３番地" }, "geometry": { "type": "Point", "coordinates": [ 142.364174, 43.773323 ] } },
{ "type": "Feature", "properties": { "ID": 111010002360, "正式名称": "医療法人社団　慶友会　吉田病院", "機関区分": 1, "都道府県コード": 1, "市区町村コード": 204, "所在地": "北海道旭川市４条西４丁目１番２号", "緯度": 43.772962, "経度": 142.345037, "url": "https://www.iryou.teikyouseido.mhlw.go.jp/znk-web/juminkanja/S2430/initialize?prefCd=01&kikanCd=11010002360&kikanKbn=1", "url2": "https://www.keiyukai-group.com/yoshi-hp/", "内容": "医療法人社団　慶友会　吉田病院【1:病院】【診療科目:0】【一般病床数:263療養病床数:0精神病床数:0感染症病床数:0合計病床数:263】北海道旭川市４条西４丁目１番２号" }, "geometry": { "type": "Point", "coordinates": [ 142.345037, 43.772962 ] } },
{ "type": "Feature", "properties": { "ID": 111010002370, "正式名称": "医療法人社団創成旭川南病院", "機関区分": 1, "都道府県コード": 1, "市区町村コード": 204, "所在地": "北海道旭川市神楽岡１４条７丁目１番１号", "緯度": 43.7348, "経度": 142.362843, "url": "https://www.iryou.teikyouseido.mhlw.go.jp/znk-web/juminkanja/S2430/initialize?prefCd=01&kikanCd=11010002370&kikanKbn=1", "url2": "https://sousei-hp.com/", "内容": "医療法人社団創成旭川南病院【1:病院】【診療科目:0】【一般病床数:0療養病床数:70精神病床数:0感染症病床数:0合計病床数:70】北海道旭川市神楽岡１４条７丁目１番１号" }, "geometry": { "type": "Point", "coordinates": [ 142.362843, 43.7348 ] } },
{ "type": "Feature", "properties": { "ID": 111010002390, "正式名称": "医療法人社団　博彰会　旭川記念病院", "機関区分": 1, "都道府県コード": 1, "市区町村コード": 204, "所在地": "北海道旭川市末広３条３丁目１番１５号", "緯度": 43.807848, "経度": 142.382227, "url": "https://www.iryou.teikyouseido.mhlw.go.jp/znk-web/juminkanja/S2430/initialize?prefCd=01&kikanCd=11010002390&kikanKbn=1", "url2": "http://sano-hp.com/", "内容": "医療法人社団　博彰会　旭川記念病院【1:病院】【診療科目:0】【一般病床数:60療養病床数:39精神病床数:0感染症病床数:0合計病床数:99】北海道旭川市末広３条３丁目１番１５号" }, "geometry": { "type": "Point", "coordinates": [ 142.382227, 43.807848 ] } },
{ "type": "Feature", "properties": { "ID": 111010002450, "正式名称": "医療法人健光会旭川ペインクリニック病院", "機関区分": 1, "都道府県コード": 1, "市区町村コード": 204, "所在地": "北海道旭川市４条通１７丁目１５５３番地", "緯度": 43.764963, "経度": 142.375868, "url": "https://www.iryou.teikyouseido.mhlw.go.jp/znk-web/juminkanja/S2430/initialize?prefCd=01&kikanCd=11010002450&kikanKbn=1", "url2": "asapain.jp", "内容": "医療法人健光会旭川ペインクリニック病院【1:病院】【診療科目:0】【一般病床数:52療養病床数:0精神病床数:0感染症病床数:0合計病床数:52】北海道旭川市４条通１７丁目１５５３番地" }, "geometry": { "type": "Point", "coordinates": [ 142.375868, 43.764963 ] } },
{ "type": "Feature", "properties": { "ID": 111010002460, "正式名称": "医療法人社団功和会佐久間病院", "機関区分": 1, "都道府県コード": 1, "市区町村コード": 204, "所在地": "北海道旭川市５条通７丁目左７号", "緯度": 43.770351, "経度": 142.361175, "url": "https://www.iryou.teikyouseido.mhlw.go.jp/znk-web/juminkanja/S2430/initialize?prefCd=01&kikanCd=11010002460&kikanKbn=1", "url2": "https://www5.hp-ez.com/hp/sakumahospital/", "内容": "医療法人社団功和会佐久間病院【1:病院】【診療科目:0】【一般病床数:20療養病床数:30精神病床数:0感染症病床数:0合計病床数:50】北海道旭川市５条通７丁目左７号" }, "geometry": { "type": "Point", "coordinates": [ 142.361175, 43.770351 ] } },
{ "type": "Feature", "properties": { "ID": 111010002490, "正式名称": "医療法人健康会　くにもと病院", "機関区分": 1, "都道府県コード": 1, "市区町村コード": 204, "所在地": "北海道旭川市４条通５丁目右１号", "緯度": 43.769879, "経度": 142.356675, "url": "https://www.iryou.teikyouseido.mhlw.go.jp/znk-web/juminkanja/S2430/initialize?prefCd=01&kikanCd=11010002490&kikanKbn=1", "url2": "http://kunimoto-hp.com/", "内容": "医療法人健康会　くにもと病院【1:病院】【診療科目:0】【一般病床数:96療養病床数:45精神病床数:0感染症病床数:0合計病床数:141】北海道旭川市４条通５丁目右１号" }, "geometry": { "type": "Point", "coordinates": [ 142.356675, 43.769879 ] } },
{ "type": "Feature", "properties": { "ID": 111010002500, "正式名称": "医療法人社団恩和会旭川高砂台病院", "機関区分": 1, "都道府県コード": 1, "市区町村コード": 204, "所在地": "北海道旭川市高砂台１丁目１番２２号", "緯度": 43.768323, "経度": 142.312429, "url": "https://www.iryou.teikyouseido.mhlw.go.jp/znk-web/juminkanja/S2430/initialize?prefCd=01&kikanCd=11010002500&kikanKbn=1", "url2": "https://takasagodai.com/", "内容": "医療法人社団恩和会旭川高砂台病院【1:病院】【診療科目:0】【一般病床数:54療養病床数:50精神病床数:0感染症病床数:0合計病床数:104】北海道旭川市高砂台１丁目１番２２号" }, "geometry": { "type": "Point", "coordinates": [ 142.312429, 43.768323 ] } },
{ "type": "Feature", "properties": { "ID": 111010002510, "正式名称": "医療法人社団慈成会東旭川病院", "機関区分": 1, "都道府県コード": 1, "市区町村コード": 204, "所在地": "北海道旭川市東旭川町下兵村２５４番５", "緯度": 43.778046, "経度": 142.437751, "url": "https://www.iryou.teikyouseido.mhlw.go.jp/znk-web/juminkanja/S2430/initialize?prefCd=01&kikanCd=11010002510&kikanKbn=1", "url2": "https://higashiasahikawa-hp.or.jp/", "内容": "医療法人社団慈成会東旭川病院【1:病院】【診療科目:0】【一般病床数:60療養病床数:47精神病床数:0感染症病床数:0合計病床数:107】北海道旭川市東旭川町下兵村２５４番５" }, "geometry": { "type": "Point", "coordinates": [ 142.437751, 43.778046 ] } },
{ "type": "Feature", "properties": { "ID": 111010002520, "正式名称": "旭川リハビリテーション病院", "機関区分": 1, "都道府県コード": 1, "市区町村コード": 204, "所在地": "北海道旭川市緑が丘東１条１丁目１番１号", "緯度": 43.730162, "経度": 142.387063, "url": "https://www.iryou.teikyouseido.mhlw.go.jp/znk-web/juminkanja/S2430/initialize?prefCd=01&kikanCd=11010002520&kikanKbn=1", "url2": "http://www.reha.or.jp/", "内容": "旭川リハビリテーション病院【1:病院】【診療科目:0】【一般病床数:138療養病床数:160精神病床数:0感染症病床数:0合計病床数:298】北海道旭川市緑が丘東１条１丁目１番１号" }, "geometry": { "type": "Point", "coordinates": [ 142.387063, 43.730162 ] } },
{ "type": "Feature", "properties": { "ID": 111010002530, "正式名称": "医療法人社団杏仁会大雪病院", "機関区分": 1, "都道府県コード": 1, "市区町村コード": 204, "所在地": "北海道旭川市永山３条７丁目１番５号", "緯度": 43.794266, "経度": 142.408892, "url": "https://www.iryou.teikyouseido.mhlw.go.jp/znk-web/juminkanja/S2430/initialize?prefCd=01&kikanCd=11010002530&kikanKbn=1", "url2": "http//www.kyoujinkai.grjp/", "内容": "医療法人社団杏仁会大雪病院【1:病院】【診療科目:0】【一般病床数:48療養病床数:39精神病床数:0感染症病床数:0合計病床数:87】北海道旭川市永山３条７丁目１番５号" }, "geometry": { "type": "Point", "coordinates": [ 142.408892, 43.794266 ] } },
{ "type": "Feature", "properties": { "ID": 111010002550, "正式名称": "独立行政法人国立病院機構函館医療センター", "機関区分": 1, "都道府県コード": 1, "市区町村コード": 202, "所在地": "北海道函館市川原町１８番１６号", "緯度": 41.788897, "経度": 140.77362, "url": "https://www.iryou.teikyouseido.mhlw.go.jp/znk-web/juminkanja/S2430/initialize?prefCd=01&kikanCd=11010002550&kikanKbn=1", "url2": "https://www.hnh-hosp.jp/", "内容": "独立行政法人国立病院機構函館医療センター【1:病院】【診療科目:0】【一般病床数:360療養病床数:0精神病床数:0感染症病床数:0合計病床数:360】北海道函館市川原町１８番１６号" }, "geometry": { "type": "Point", "coordinates": [ 140.77362, 41.788897 ] } },
{ "type": "Feature", "properties": { "ID": 111010002560, "正式名称": "市立函館病院", "機関区分": 1, "都道府県コード": 1, "市区町村コード": 202, "所在地": "北海道函館市港町１丁目１０番１号", "緯度": 41.805319, "経度": 140.729451, "url": "https://www.iryou.teikyouseido.mhlw.go.jp/znk-web/juminkanja/S2430/initialize?prefCd=01&kikanCd=11010002560&kikanKbn=1", "url2": "https://www.kanbyou.jp", "内容": "市立函館病院【1:病院】【診療科目:0】【一般病床数:582療養病床数:0精神病床数:50感染症病床数:6合計病床数:648】北海道函館市港町１丁目１０番１号" }, "geometry": { "type": "Point", "coordinates": [ 140.729451, 41.805319 ] } },
{ "type": "Feature", "properties": { "ID": 111010002570, "正式名称": "社会福祉法人北海道社会事業協会　函館病院", "機関区分": 1, "都道府県コード": 1, "市区町村コード": 202, "所在地": "北海道函館市駒場町４番６号", "緯度": 41.78424, "経度": 140.77614, "url": "https://www.iryou.teikyouseido.mhlw.go.jp/znk-web/juminkanja/S2430/initialize?prefCd=01&kikanCd=11010002570&kikanKbn=1", "url2": "http://www.hakodatekyokaihp.com/", "内容": "社会福祉法人北海道社会事業協会　函館病院【1:病院】【診療科目:0】【一般病床数:146療養病床数:140精神病床数:0感染症病床数:0合計病床数:286】北海道函館市駒場町４番６号" }, "geometry": { "type": "Point", "coordinates": [ 140.77614, 41.78424 ] } },
{ "type": "Feature", "properties": { "ID": 111010002580, "正式名称": "函館赤十字病院", "機関区分": 1, "都道府県コード": 1, "市区町村コード": 202, "所在地": "北海道函館市堀川町６番２１号", "緯度": 41.7785766, "経度": 140.7407303, "url": "https://www.iryou.teikyouseido.mhlw.go.jp/znk-web/juminkanja/S2430/initialize?prefCd=01&kikanCd=11010002580&kikanKbn=1", "url2": "http://www.hakodate.jrc.or.jp", "内容": "函館赤十字病院【1:病院】【診療科目:0】【一般病床数:137療養病床数:0精神病床数:0感染症病床数:0合計病床数:137】北海道函館市堀川町６番２１号" }, "geometry": { "type": "Point", "coordinates": [ 140.7407303, 41.7785766 ] } },
{ "type": "Feature", "properties": { "ID": 111010002590, "正式名称": "公益社団法人函館市医師会　函館市医師会病院", "機関区分": 1, "都道府県コード": 1, "市区町村コード": 202, "所在地": "北海道函館市富岡町２丁目１０番１０号", "緯度": 41.807006, "経度": 140.752732, "url": "https://www.iryou.teikyouseido.mhlw.go.jp/znk-web/juminkanja/S2430/initialize?prefCd=01&kikanCd=11010002590&kikanKbn=1", "url2": "http://www.hmahospital.com/", "内容": "公益社団法人函館市医師会　函館市医師会病院【1:病院】【診療科目:0】【一般病床数:199療養病床数:0精神病床数:0感染症病床数:0合計病床数:199】北海道函館市富岡町２丁目１０番１０号" }, "geometry": { "type": "Point", "coordinates": [ 140.752732, 41.807006 ] } },
{ "type": "Feature", "properties": { "ID": 111010002610, "正式名称": "函館中央病院", "機関区分": 1, "都道府県コード": 1, "市区町村コード": 202, "所在地": "北海道函館市本町３３番２号", "緯度": 41.786548, "経度": 140.751521, "url": "https://www.iryou.teikyouseido.mhlw.go.jp/znk-web/juminkanja/S2430/initialize?prefCd=01&kikanCd=11010002610&kikanKbn=1", "url2": "https://www.chubyou.com/", "内容": "函館中央病院【1:病院】【診療科目:0】【一般病床数:527療養病床数:0精神病床数:0感染症病床数:0合計病床数:527】北海道函館市本町３３番２号" }, "geometry": { "type": "Point", "coordinates": [ 140.751521, 41.786548 ] } },
{ "type": "Feature", "properties": { "ID": 111010002620, "正式名称": "社会福祉法人函館厚生院　函館五稜郭病院", "機関区分": 1, "都道府県コード": 1, "市区町村コード": 202, "所在地": "北海道函館市五稜郭町３８番３号", "緯度": 41.7922849, "経度": 140.7552036, "url": "https://www.iryou.teikyouseido.mhlw.go.jp/znk-web/juminkanja/S2430/initialize?prefCd=01&kikanCd=11010002620&kikanKbn=1", "url2": "https://www.gobyou.com/", "内容": "社会福祉法人函館厚生院　函館五稜郭病院【1:病院】【診療科目:0】【一般病床数:480療養病床数:0精神病床数:0感染症病床数:0合計病床数:480】北海道函館市五稜郭町３８番３号" }, "geometry": { "type": "Point", "coordinates": [ 140.755203599999987, 41.7922849 ] } },
{ "type": "Feature", "properties": { "ID": 111010002630, "正式名称": "社会医療法人道南勤労者医療協会　道南勤医協函館稜北病院", "機関区分": 1, "都道府県コード": 1, "市区町村コード": 202, "所在地": "北海道函館市中道２丁目５１番１号", "緯度": 41.812227, "経度": 140.762287, "url": "https://www.iryou.teikyouseido.mhlw.go.jp/znk-web/juminkanja/S2430/initialize?prefCd=01&kikanCd=11010002630&kikanKbn=1", "url2": "http://ryohoku-h.hakodate.jp/", "内容": "社会医療法人道南勤労者医療協会　道南勤医協函館稜北病院【1:病院】【診療科目:0】【一般病床数:56療養病床数:48精神病床数:0感染症病床数:0合計病床数:104】北海道函館市中道２丁目５１番１号" }, "geometry": { "type": "Point", "coordinates": [ 140.762287, 41.812227 ] } },
{ "type": "Feature", "properties": { "ID": 111010002650, "正式名称": "医療法人敬仁会　函館おしま病院", "機関区分": 1, "都道府県コード": 1, "市区町村コード": 202, "所在地": "北海道函館市的場町１９番６号", "緯度": 41.777703, "経度": 140.752817, "url": "https://www.iryou.teikyouseido.mhlw.go.jp/znk-web/juminkanja/S2430/initialize?prefCd=01&kikanCd=11010002650&kikanKbn=1", "url2": "https://www.oshima-hp.or.jp", "内容": "医療法人敬仁会　函館おしま病院【1:病院】【診療科目:0】【一般病床数:28療養病床数:0精神病床数:0感染症病床数:0合計病床数:28】北海道函館市的場町１９番６号" }, "geometry": { "type": "Point", "coordinates": [ 140.752817, 41.777703 ] } },
{ "type": "Feature", "properties": { "ID": 111010002660, "正式名称": "亀田病院", "機関区分": 1, "都道府県コード": 1, "市区町村コード": 202, "所在地": "北海道函館市昭和１丁目２３番１１号", "緯度": 41.818282, "経度": 140.744593, "url": "https://www.iryou.teikyouseido.mhlw.go.jp/znk-web/juminkanja/S2430/initialize?prefCd=01&kikanCd=11010002660&kikanKbn=1", "url2": "http://www.hakodate-kameda-hp.com", "内容": "亀田病院【1:病院】【診療科目:0】【一般病床数:119療養病床数:60精神病床数:0感染症病床数:0合計病床数:179】北海道函館市昭和１丁目２３番１１号" }, "geometry": { "type": "Point", "coordinates": [ 140.744593, 41.818282 ] } },
{ "type": "Feature", "properties": { "ID": 111010002670, "正式名称": "亀田北病院", "機関区分": 1, "都道府県コード": 1, "市区町村コード": 202, "所在地": "北海道函館市石川町１９１番地４", "緯度": 41.83628, "経度": 140.742621, "url": "https://www.iryou.teikyouseido.mhlw.go.jp/znk-web/juminkanja/S2430/initialize?prefCd=01&kikanCd=11010002670&kikanKbn=1", "url2": "http://www.hakodate-kameda-hp.com", "内容": "亀田北病院【1:病院】【診療科目:0】【一般病床数:0療養病床数:0精神病床数:400感染症病床数:0合計病床数:400】北海道函館市石川町１９１番地４" }, "geometry": { "type": "Point", "coordinates": [ 140.742621, 41.83628 ] } },
{ "type": "Feature", "properties": { "ID": 111010002680, "正式名称": "医療法人聖仁会森病院", "機関区分": 1, "都道府県コード": 1, "市区町村コード": 202, "所在地": "北海道函館市桔梗町５５７番地", "緯度": 41.84751, "経度": 140.74097, "url": "https://www.iryou.teikyouseido.mhlw.go.jp/znk-web/juminkanja/S2430/initialize?prefCd=01&kikanCd=11010002680&kikanKbn=1", "url2": "http://www.seijinkai-mori.jp/", "内容": "医療法人聖仁会森病院【1:病院】【診療科目:0】【一般病床数:35療養病床数:48精神病床数:0感染症病床数:0合計病床数:83】北海道函館市桔梗町５５７番地" }, "geometry": { "type": "Point", "coordinates": [ 140.74097, 41.84751 ] } },
{ "type": "Feature", "properties": { "ID": 111010002690, "正式名称": "特定医療法人　富田病院", "機関区分": 1, "都道府県コード": 1, "市区町村コード": 202, "所在地": "北海道函館市駒場町９番１８号", "緯度": 41.785008, "経度": 140.773648, "url": "https://www.iryou.teikyouseido.mhlw.go.jp/znk-web/juminkanja/S2430/initialize?prefCd=01&kikanCd=11010002690&kikanKbn=1", "url2": "http://www.tomita-hospital.or.jp", "内容": "特定医療法人　富田病院【1:病院】【診療科目:0】【一般病床数:45療養病床数:29精神病床数:316感染症病床数:0合計病床数:390】北海道函館市駒場町９番１８号" }, "geometry": { "type": "Point", "coordinates": [ 140.773648, 41.785008 ] } },
{ "type": "Feature", "properties": { "ID": 111010002700, "正式名称": "社会医療法人　高橋病院", "機関区分": 1, "都道府県コード": 1, "市区町村コード": 202, "所在地": "北海道函館市時任町１番２号", "緯度": 41.781416, "経度": 140.750342, "url": "https://www.iryou.teikyouseido.mhlw.go.jp/znk-web/juminkanja/S2430/initialize?prefCd=01&kikanCd=11010002700&kikanKbn=1", "url2": "https://www.takahashi-group.jp/", "内容": "社会医療法人　高橋病院【1:病院】【診療科目:0】【一般病床数:39療養病床数:80精神病床数:0感染症病床数:0合計病床数:119】北海道函館市時任町１番２号" }, "geometry": { "type": "Point", "coordinates": [ 140.750342, 41.781416 ] } },
{ "type": "Feature", "properties": { "ID": 111010002710, "正式名称": "社会医療法人仁生会　西堀病院", "機関区分": 1, "都道府県コード": 1, "市区町村コード": 202, "所在地": "北海道函館市中道２丁目６番１１号", "緯度": 41.805839, "経度": 140.758398, "url": "https://www.iryou.teikyouseido.mhlw.go.jp/znk-web/juminkanja/S2430/initialize?prefCd=01&kikanCd=11010002710&kikanKbn=1", "url2": "http://www.nishibori-hosp.or.jp/", "内容": "社会医療法人仁生会　西堀病院【1:病院】【診療科目:0】【一般病床数:108療養病床数:60精神病床数:0感染症病床数:0合計病床数:168】北海道函館市中道２丁目６番１１号" }, "geometry": { "type": "Point", "coordinates": [ 140.758398, 41.805839 ] } },
{ "type": "Feature", "properties": { "ID": 111010002720, "正式名称": "社会医療法人　函館博栄会　函館渡辺病院", "機関区分": 1, "都道府県コード": 1, "市区町村コード": 202, "所在地": "北海道函館市湯川町１丁目３１番１号", "緯度": 41.781509, "経度": 140.785619, "url": "https://www.iryou.teikyouseido.mhlw.go.jp/znk-web/juminkanja/S2430/initialize?prefCd=01&kikanCd=11010002720&kikanKbn=1", "url2": "http://www.hakodatewatanabe.or.jp", "内容": "社会医療法人　函館博栄会　函館渡辺病院【1:病院】【診療科目:0】【一般病床数:120療養病床数:0精神病床数:395感染症病床数:0合計病床数:515】北海道函館市湯川町１丁目３１番１号" }, "geometry": { "type": "Point", "coordinates": [ 140.785619, 41.781509 ] } },
{ "type": "Feature", "properties": { "ID": 111010002740, "正式名称": "医療法人同仁会函館記念病院", "機関区分": 1, "都道府県コード": 1, "市区町村コード": 202, "所在地": "北海道函館市亀田本町３６番１号", "緯度": 41.8072508, "経度": 140.7360347, "url": "https://www.iryou.teikyouseido.mhlw.go.jp/znk-web/juminkanja/S2430/initialize?prefCd=01&kikanCd=11010002740&kikanKbn=1", "url2": "https://dojin-kai.jp/", "内容": "医療法人同仁会函館記念病院【1:病院】【診療科目:0】【一般病床数:30療養病床数:87精神病床数:82感染症病床数:0合計病床数:199】北海道函館市亀田本町３６番１号" }, "geometry": { "type": "Point", "coordinates": [ 140.7360347, 41.8072508 ] } },
{ "type": "Feature", "properties": { "ID": 111010002750, "正式名称": "社会医療法人函館脳神経外科　函館脳神経外科病院", "機関区分": 1, "都道府県コード": 1, "市区町村コード": 202, "所在地": "北海道函館市神山１丁目４番１２号", "緯度": 41.8131858, "経度": 140.7630445, "url": "https://www.iryou.teikyouseido.mhlw.go.jp/znk-web/juminkanja/S2430/initialize?prefCd=01&kikanCd=11010002750&kikanKbn=1", "url2": "https://hnh.or.jp", "内容": "社会医療法人函館脳神経外科　函館脳神経外科病院【1:病院】【診療科目:0】【一般病床数:128療養病床数:0精神病床数:0感染症病床数:0合計病床数:128】北海道函館市神山１丁目４番１２号" }, "geometry": { "type": "Point", "coordinates": [ 140.7630445, 41.8131858 ] } },
{ "type": "Feature", "properties": { "ID": 111010002790, "正式名称": "医療法人社団江山会　江口眼科病院", "機関区分": 1, "都道府県コード": 1, "市区町村コード": 202, "所在地": "北海道函館市末広町７番１３号", "緯度": 41.7630053, "経度": 140.719415, "url": "https://www.iryou.teikyouseido.mhlw.go.jp/znk-web/juminkanja/S2430/initialize?prefCd=01&kikanCd=11010002790&kikanKbn=1", "url2": "http://www.eguchiganka.co.jp/", "内容": "医療法人社団江山会　江口眼科病院【1:病院】【診療科目:0】【一般病床数:49療養病床数:0精神病床数:0感染症病床数:0合計病床数:49】北海道函館市末広町７番１３号" }, "geometry": { "type": "Point", "coordinates": [ 140.719415, 41.7630053 ] } },
{ "type": "Feature", "properties": { "ID": 111010002830, "正式名称": "医療法人　雄心会　函館新都市病院", "機関区分": 1, "都道府県コード": 1, "市区町村コード": 202, "所在地": "北海道函館市石川町３３１番地１", "緯度": 41.825031, "経度": 140.738621, "url": "https://www.iryou.teikyouseido.mhlw.go.jp/znk-web/juminkanja/S2430/initialize?prefCd=01&kikanCd=11010002830&kikanKbn=1", "url2": "http://yushinkai.jp/hakodate/", "内容": "医療法人　雄心会　函館新都市病院【1:病院】【診療科目:0】【一般病床数:155療養病床数:0精神病床数:0感染症病床数:0合計病床数:155】北海道函館市石川町３３１番地１" }, "geometry": { "type": "Point", "coordinates": [ 140.738621, 41.825031 ] } },
{ "type": "Feature", "properties": { "ID": 111010002840, "正式名称": "市立函館恵山病院", "機関区分": 1, "都道府県コード": 1, "市区町村コード": 202, "所在地": "北海道函館市日ノ浜町１５番地１", "緯度": 41.775475, "経度": 141.09787, "url": "https://www.iryou.teikyouseido.mhlw.go.jp/znk-web/juminkanja/S2430/initialize?prefCd=01&kikanCd=11010002840&kikanKbn=1", "url2": "http://www.esan-hospital.jp", "内容": "市立函館恵山病院【1:病院】【診療科目:0】【一般病床数:0療養病床数:60精神病床数:0感染症病床数:0合計病床数:60】北海道函館市日ノ浜町１５番地１" }, "geometry": { "type": "Point", "coordinates": [ 141.09787, 41.775475 ] } },
{ "type": "Feature", "properties": { "ID": 111010002850, "正式名称": "市立函館南茅部病院", "機関区分": 1, "都道府県コード": 1, "市区町村コード": 202, "所在地": "北海道函館市安浦町９２番地", "緯度": 41.917016, "経度": 140.957549, "url": "https://www.iryou.teikyouseido.mhlw.go.jp/znk-web/juminkanja/S2430/initialize?prefCd=01&kikanCd=11010002850&kikanKbn=1", "url2": null, "内容": "市立函館南茅部病院【1:病院】【診療科目:0】【一般病床数:37療養病床数:22精神病床数:0感染症病床数:0合計病床数:59】北海道函館市安浦町９２番地" }, "geometry": { "type": "Point", "coordinates": [ 140.957549, 41.917016 ] } },
{ "type": "Feature", "properties": { "ID": 111010002890, "正式名称": "社会福祉法人北海道社会事業協会小樽病院", "機関区分": 1, "都道府県コード": 1, "市区町村コード": 203, "所在地": "北海道小樽市住ノ江１丁目６番１５号", "緯度": 43.185779, "経度": 141.005037, "url": "https://www.iryou.teikyouseido.mhlw.go.jp/znk-web/juminkanja/S2430/initialize?prefCd=01&kikanCd=11010002890&kikanKbn=1", "url2": "http//www.otarukyokai.or.jp", "内容": "社会福祉法人北海道社会事業協会小樽病院【1:病院】【診療科目:0】【一般病床数:230療養病床数:0精神病床数:0感染症病床数:0合計病床数:230】北海道小樽市住ノ江１丁目６番１５号" }, "geometry": { "type": "Point", "coordinates": [ 141.005037, 43.185779 ] } },
{ "type": "Feature", "properties": { "ID": 111010002900, "正式名称": "社会福祉法人恩賜財団済生会支部北海道済生会小樽病院", "機関区分": 1, "都道府県コード": 1, "市区町村コード": 203, "所在地": "北海道小樽市築港　１０番　１号", "緯度": 43.184557, "経度": 141.018841, "url": "https://www.iryou.teikyouseido.mhlw.go.jp/znk-web/juminkanja/S2430/initialize?prefCd=01&kikanCd=11010002900&kikanKbn=1", "url2": "http://www.saiseikai-otaru.jp", "内容": "社会福祉法人恩賜財団済生会支部北海道済生会小樽病院【1:病院】【診療科目:0】【一般病床数:378療養病床数:0精神病床数:0感染症病床数:0合計病床数:378】北海道小樽市築港　１０番　１号" }, "geometry": { "type": "Point", "coordinates": [ 141.018841, 43.184557 ] } },
{ "type": "Feature", "properties": { "ID": 111010002910, "正式名称": "小樽掖済会病院", "機関区分": 1, "都道府県コード": 1, "市区町村コード": 203, "所在地": "北海道小樽市稲穂１丁目４番１号", "緯度": 43.194473, "経度": 140.998509, "url": "https://www.iryou.teikyouseido.mhlw.go.jp/znk-web/juminkanja/S2430/initialize?prefCd=01&kikanCd=11010002910&kikanKbn=1", "url2": "http://www.otaru-ekisaikai.jp", "内容": "小樽掖済会病院【1:病院】【診療科目:0】【一般病床数:130療養病床数:0精神病床数:0感染症病床数:0合計病床数:130】北海道小樽市稲穂１丁目４番１号" }, "geometry": { "type": "Point", "coordinates": [ 140.998509, 43.194473 ] } },
{ "type": "Feature", "properties": { "ID": 111010002920, "正式名称": "大倉山学院", "機関区分": 1, "都道府県コード": 1, "市区町村コード": 203, "所在地": "北海道小樽市見晴町２０番２号", "緯度": 43.1344948, "経度": 141.1674188, "url": "https://www.iryou.teikyouseido.mhlw.go.jp/znk-web/juminkanja/S2430/initialize?prefCd=01&kikanCd=11010002920&kikanKbn=1", "url2": "http://www.ryokkakai.com", "内容": "大倉山学院【1:病院】【診療科目:0】【一般病床数:0療養病床数:0精神病床数:168感染症病床数:0合計病床数:168】北海道小樽市見晴町２０番２号" }, "geometry": { "type": "Point", "coordinates": [ 141.1674188, 43.1344948 ] } },
{ "type": "Feature", "properties": { "ID": 111010002930, "正式名称": "医療法人北仁会石橋病院", "機関区分": 1, "都道府県コード": 1, "市区町村コード": 203, "所在地": "北海道小樽市長橋３丁目７番７号", "緯度": 43.2091712, "経度": 140.9800232, "url": "https://www.iryou.teikyouseido.mhlw.go.jp/znk-web/juminkanja/S2430/initialize?prefCd=01&kikanCd=11010002930&kikanKbn=1", "url2": "http://www.hokujin.or.jp/ishibashi", "内容": "医療法人北仁会石橋病院【1:病院】【診療科目:0】【一般病床数:0療養病床数:0精神病床数:309感染症病床数:0合計病床数:309】北海道小樽市長橋３丁目７番７号" }, "geometry": { "type": "Point", "coordinates": [ 140.9800232, 43.2091712 ] } },
{ "type": "Feature", "properties": { "ID": 111010002950, "正式名称": "医療法人勉仁会東小樽病院", "機関区分": 1, "都道府県コード": 1, "市区町村コード": 203, "所在地": "北海道小樽市新光２丁目２９番３号", "緯度": 43.168393, "経度": 141.05295, "url": "https://www.iryou.teikyouseido.mhlw.go.jp/znk-web/juminkanja/S2430/initialize?prefCd=01&kikanCd=11010002950&kikanKbn=1", "url2": "https://www.higashiotaru.jp", "内容": "医療法人勉仁会東小樽病院【1:病院】【診療科目:0】【一般病床数:0療養病床数:120精神病床数:0感染症病床数:0合計病床数:120】北海道小樽市新光２丁目２９番３号" }, "geometry": { "type": "Point", "coordinates": [ 141.05295, 43.168393 ] } },
{ "type": "Feature", "properties": { "ID": 111010002960, "正式名称": "医療法人ひまわり会札樽病院", "機関区分": 1, "都道府県コード": 1, "市区町村コード": 203, "所在地": "北海道小樽市銭函３丁目２９８番地", "緯度": 43.136537, "経度": 141.174747, "url": "https://www.iryou.teikyouseido.mhlw.go.jp/znk-web/juminkanja/S2430/initialize?prefCd=01&kikanCd=11010002960&kikanKbn=1", "url2": "http://www.sasson-hospital.jp/", "内容": "医療法人ひまわり会札樽病院【1:病院】【診療科目:0】【一般病床数:138療養病床数:32精神病床数:0感染症病床数:0合計病床数:170】北海道小樽市銭函３丁目２９８番地" }, "geometry": { "type": "Point", "coordinates": [ 141.174747, 43.136537 ] } },
{ "type": "Feature", "properties": { "ID": 111010002970, "正式名称": "医療法人社団三ツ山病院", "機関区分": 1, "都道府県コード": 1, "市区町村コード": 203, "所在地": "北海道小樽市稲穂１丁目９番２号", "緯度": 43.1940657, "経度": 140.9972605, "url": "https://www.iryou.teikyouseido.mhlw.go.jp/znk-web/juminkanja/S2430/initialize?prefCd=01&kikanCd=11010002970&kikanKbn=1", "url2": "http://www.mitsuyama-hp.com", "内容": "医療法人社団三ツ山病院【1:病院】【診療科目:0】【一般病床数:0療養病床数:81精神病床数:0感染症病床数:0合計病床数:81】北海道小樽市稲穂１丁目９番２号" }, "geometry": { "type": "Point", "coordinates": [ 140.99726050000001, 43.1940657 ] } },
{ "type": "Feature", "properties": { "ID": 111010002980, "正式名称": "医療法人社団　豊明会　　木下病院", "機関区分": 1, "都道府県コード": 1, "市区町村コード": 203, "所在地": "北海道小樽市新光１丁目７番７号", "緯度": 43.175642, "経度": 141.055005, "url": "https://www.iryou.teikyouseido.mhlw.go.jp/znk-web/juminkanja/S2430/initialize?prefCd=01&kikanCd=11010002980&kikanKbn=1", "url2": null, "内容": "医療法人社団　豊明会　　木下病院【1:病院】【診療科目:0】【一般病床数:0療養病床数:0精神病床数:177感染症病床数:0合計病床数:177】北海道小樽市新光１丁目７番７号" }, "geometry": { "type": "Point", "coordinates": [ 141.055005, 43.175642 ] } },
{ "type": "Feature", "properties": { "ID": 111010002990, "正式名称": "医療法人西病院", "機関区分": 1, "都道府県コード": 1, "市区町村コード": 203, "所在地": "北海道小樽市花園２丁目１１番５号", "緯度": 43.1924427, "経度": 140.9955961, "url": "https://www.iryou.teikyouseido.mhlw.go.jp/znk-web/juminkanja/S2430/initialize?prefCd=01&kikanCd=11010002990&kikanKbn=1", "url2": "http://nishihospital.com", "内容": "医療法人西病院【1:病院】【診療科目:0】【一般病床数:0療養病床数:0精神病床数:124感染症病床数:0合計病床数:124】北海道小樽市花園２丁目１１番５号" }, "geometry": { "type": "Point", "coordinates": [ 140.9955961, 43.1924427 ] } },
{ "type": "Feature", "properties": { "ID": 111010003000, "正式名称": "医療法人社団　心優会　野口病院", "機関区分": 1, "都道府県コード": 1, "市区町村コード": 203, "所在地": "北海道小樽市稲穂２丁目２２番６号", "緯度": 43.196556, "経度": 140.994759, "url": "https://www.iryou.teikyouseido.mhlw.go.jp/znk-web/juminkanja/S2430/initialize?prefCd=01&kikanCd=11010003000&kikanKbn=1", "url2": "http://www.shinyukai-r.or.jp/noguchi/", "内容": "医療法人社団　心優会　野口病院【1:病院】【診療科目:0】【一般病床数:0療養病床数:128精神病床数:0感染症病床数:0合計病床数:128】北海道小樽市稲穂２丁目２２番６号" }, "geometry": { "type": "Point", "coordinates": [ 140.994759, 43.196556 ] } },
{ "type": "Feature", "properties": { "ID": 111010003020, "正式名称": "医療法人社団　青優会　南小樽病院", "機関区分": 1, "都道府県コード": 1, "市区町村コード": 203, "所在地": "北海道小樽市潮見台１丁目５番３号", "緯度": 43.179419, "経度": 141.01312, "url": "https://www.iryou.teikyouseido.mhlw.go.jp/znk-web/juminkanja/S2430/initialize?prefCd=01&kikanCd=11010003020&kikanKbn=1", "url2": "https://www.minamiotaru-hospital.com/", "内容": "医療法人社団　青優会　南小樽病院【1:病院】【診療科目:0】【一般病床数:0療養病床数:131精神病床数:0感染症病床数:0合計病床数:131】北海道小樽市潮見台１丁目５番３号" }, "geometry": { "type": "Point", "coordinates": [ 141.01312, 43.179419 ] } },
{ "type": "Feature", "properties": { "ID": 111010003040, "正式名称": "松前町立松前病院", "機関区分": 1, "都道府県コード": 1, "市区町村コード": 331, "所在地": "北海道松前郡松前町字大磯１７４番地１", "緯度": 41.427312, "経度": 140.096304, "url": "https://www.iryou.teikyouseido.mhlw.go.jp/znk-web/juminkanja/S2430/initialize?prefCd=01&kikanCd=11010003040&kikanKbn=1", "url2": "http://matsumae-hospital.com/", "内容": "松前町立松前病院【1:病院】【診療科目:0】【一般病床数:60療養病床数:0精神病床数:0感染症病床数:0合計病床数:60】北海道松前郡松前町字大磯１７４番地１" }, "geometry": { "type": "Point", "coordinates": [ 140.096304, 41.427312 ] } },
{ "type": "Feature", "properties": { "ID": 111010003050, "正式名称": "木古内町国民健康保険病院", "機関区分": 1, "都道府県コード": 1, "市区町村コード": 334, "所在地": "北海道上磯郡木古内町字本町７１０番地", "緯度": 41.676456, "経度": 140.43648, "url": "https://www.iryou.teikyouseido.mhlw.go.jp/znk-web/juminkanja/S2430/initialize?prefCd=01&kikanCd=11010003050&kikanKbn=1", "url2": "http://kikonai-hospital.com/", "内容": "木古内町国民健康保険病院【1:病院】【診療科目:0】【一般病床数:99療養病床数:0精神病床数:0感染症病床数:0合計病床数:99】北海道上磯郡木古内町字本町７１０番地" }, "geometry": { "type": "Point", "coordinates": [ 140.43648, 41.676456 ] } },
{ "type": "Feature", "properties": { "ID": 111010003060, "正式名称": "ななえ新病院", "機関区分": 1, "都道府県コード": 1, "市区町村コード": 337, "所在地": "北海道亀田郡七飯町本町７丁目６５７番地５", "緯度": 41.89644, "経度": 140.704288, "url": "https://www.iryou.teikyouseido.mhlw.go.jp/znk-web/juminkanja/S2430/initialize?prefCd=01&kikanCd=11010003060&kikanKbn=1", "url2": "http://www.nanaeshin.com/", "内容": "ななえ新病院【1:病院】【診療科目:0】【一般病床数:49療養病床数:150精神病床数:0感染症病床数:0合計病床数:199】北海道亀田郡七飯町本町７丁目６５７番地５" }, "geometry": { "type": "Point", "coordinates": [ 140.704288, 41.89644 ] } },
{ "type": "Feature", "properties": { "ID": 111010003070, "正式名称": "医療法人社団立青会なるかわ病院", "機関区分": 1, "都道府県コード": 1, "市区町村コード": 337, "所在地": "北海道亀田郡七飯町鳴川４丁目３２５番１", "緯度": 41.893845, "経度": 140.7101, "url": "https://www.iryou.teikyouseido.mhlw.go.jp/znk-web/juminkanja/S2430/initialize?prefCd=01&kikanCd=11010003070&kikanKbn=1", "url2": "http://narukawa-hospital.jp", "内容": "医療法人社団立青会なるかわ病院【1:病院】【診療科目:0】【一般病床数:0療養病床数:36精神病床数:360感染症病床数:0合計病床数:396】北海道亀田郡七飯町鳴川４丁目３２５番１" }, "geometry": { "type": "Point", "coordinates": [ 140.7101, 41.893845 ] } },
{ "type": "Feature", "properties": { "ID": 111010003080, "正式名称": "森町国民健康保険病院", "機関区分": 1, "都道府県コード": 1, "市区町村コード": 345, "所在地": "北海道茅部郡森町字上台町３２６番地", "緯度": 42.102915, "経度": 140.567123, "url": "https://www.iryou.teikyouseido.mhlw.go.jp/znk-web/juminkanja/S2430/initialize?prefCd=01&kikanCd=11010003080&kikanKbn=1", "url2": "https:/www.town.hokkaido-mori.lg.jp/soshiki/hospital/", "内容": "森町国民健康保険病院【1:病院】【診療科目:0】【一般病床数:60療養病床数:0精神病床数:0感染症病床数:0合計病床数:60】北海道茅部郡森町字上台町３２６番地" }, "geometry": { "type": "Point", "coordinates": [ 140.567123, 42.102915 ] } },
{ "type": "Feature", "properties": { "ID": 111010003090, "正式名称": "医療法人雄心会新都市砂原病院", "機関区分": 1, "都道府県コード": 1, "市区町村コード": 345, "所在地": "北海道茅部郡森町砂原１丁目３０番地５９", "緯度": 42.124725, "経度": 140.66768, "url": "https://www.iryou.teikyouseido.mhlw.go.jp/znk-web/juminkanja/S2430/initialize?prefCd=01&kikanCd=11010003090&kikanKbn=1", "url2": "http://www.yushinkai.jp", "内容": "医療法人雄心会新都市砂原病院【1:病院】【診療科目:0】【一般病床数:41療養病床数:42精神病床数:0感染症病床数:0合計病床数:83】北海道茅部郡森町砂原１丁目３０番地５９" }, "geometry": { "type": "Point", "coordinates": [ 140.66768, 42.124725 ] } },
{ "type": "Feature", "properties": { "ID": 111010003110, "正式名称": "今金町国保病院", "機関区分": 1, "都道府県コード": 1, "市区町村コード": 370, "所在地": "北海道瀬棚郡今金町字今金１７番地の２", "緯度": 42.428703, "経度": 140.0079, "url": "https://www.iryou.teikyouseido.mhlw.go.jp/znk-web/juminkanja/S2430/initialize?prefCd=01&kikanCd=11010003110&kikanKbn=1", "url2": "http://www.town.imakane.lg.jp/", "内容": "今金町国保病院【1:病院】【診療科目:0】【一般病床数:33療養病床数:0精神病床数:0感染症病床数:0合計病床数:33】北海道瀬棚郡今金町字今金１７番地の２" }, "geometry": { "type": "Point", "coordinates": [ 140.0079, 42.428703 ] } },
{ "type": "Feature", "properties": { "ID": 111010003120, "正式名称": "せたな町立国保病院", "機関区分": 1, "都道府県コード": 1, "市区町村コード": 371, "所在地": "北海道久遠郡せたな町北檜山区北檜山３７８番地", "緯度": 42.414642, "経度": 139.87566, "url": "https://www.iryou.teikyouseido.mhlw.go.jp/znk-web/juminkanja/S2430/initialize?prefCd=01&kikanCd=11010003120&kikanKbn=1", "url2": "https://setana-kokuho.jp/", "内容": "せたな町立国保病院【1:病院】【診療科目:0】【一般病床数:60療養病床数:0精神病床数:0感染症病床数:0合計病床数:60】北海道久遠郡せたな町北檜山区北檜山３７８番地" }, "geometry": { "type": "Point", "coordinates": [ 139.87566, 42.414642 ] } },
{ "type": "Feature", "properties": { "ID": 111010003130, "正式名称": "医療法人財団明理会道南ロイヤル病院", "機関区分": 1, "都道府県コード": 1, "市区町村コード": 371, "所在地": "北海道久遠郡せたな町北檜山区北檜山３２２番地の４", "緯度": 42.414509, "経度": 139.878055, "url": "https://www.iryou.teikyouseido.mhlw.go.jp/znk-web/juminkanja/S2430/initialize?prefCd=01&kikanCd=11010003130&kikanKbn=1", "url2": "http://www.ims.gr.jp/dounan-royal/", "内容": "医療法人財団明理会道南ロイヤル病院【1:病院】【診療科目:0】【一般病床数:54療養病床数:120精神病床数:0感染症病床数:0合計病床数:174】北海道久遠郡せたな町北檜山区北檜山３２２番地の４" }, "geometry": { "type": "Point", "coordinates": [ 139.878055, 42.414509 ] } },
{ "type": "Feature", "properties": { "ID": 111010003150, "正式名称": "八雲総合病院", "機関区分": 1, "都道府県コード": 1, "市区町村コード": 346, "所在地": "北海道二海郡八雲町東雲町５０番地", "緯度": 42.252227, "経度": 140.279584, "url": "https://www.iryou.teikyouseido.mhlw.go.jp/znk-web/juminkanja/S2430/initialize?prefCd=01&kikanCd=11010003150&kikanKbn=1", "url2": "http://hosp.town.yakumo.hokkaido.jp/", "内容": "八雲総合病院【1:病院】【診療科目:0】【一般病床数:156療養病床数:40精神病床数:100感染症病床数:4合計病床数:300】北海道二海郡八雲町東雲町５０番地" }, "geometry": { "type": "Point", "coordinates": [ 140.279584, 42.252227 ] } },
{ "type": "Feature", "properties": { "ID": 111010003160, "正式名称": "長万部町立病院", "機関区分": 1, "都道府県コード": 1, "市区町村コード": 347, "所在地": "北海道山越郡長万部町字長万部１８番地４０", "緯度": 42.510063, "経度": 140.377259, "url": "https://www.iryou.teikyouseido.mhlw.go.jp/znk-web/juminkanja/S2430/initialize?prefCd=01&kikanCd=11010003160&kikanKbn=1", "url2": "http://www.town.oshamambe.lg.jp/modules/hospital/", "内容": "長万部町立病院【1:病院】【診療科目:0】【一般病床数:30療養病床数:24精神病床数:0感染症病床数:0合計病床数:54】北海道山越郡長万部町字長万部１８番地４０" }, "geometry": { "type": "Point", "coordinates": [ 140.377259, 42.510063 ] } },
{ "type": "Feature", "properties": { "ID": 111010003170, "正式名称": "八雲町熊石国民健康保険病院", "機関区分": 1, "都道府県コード": 1, "市区町村コード": 346, "所在地": "北海道二海郡八雲町熊石平町３２４－２６８", "緯度": 42.130681, "経度": 140.002153, "url": "https://www.iryou.teikyouseido.mhlw.go.jp/znk-web/juminkanja/S2430/initialize?prefCd=01&kikanCd=11010003170&kikanKbn=1", "url2": "http://www.https://www.town.yakumo.lg.jp/site/kumaishi-hp/", "内容": "八雲町熊石国民健康保険病院【1:病院】【診療科目:0】【一般病床数:30療養病床数:0精神病床数:0感染症病床数:0合計病床数:30】北海道二海郡八雲町熊石平町３２４－２６８" }, "geometry": { "type": "Point", "coordinates": [ 140.002153, 42.130681 ] } },
{ "type": "Feature", "properties": { "ID": 111010003180, "正式名称": "北海道立江差病院", "機関区分": 1, "都道府県コード": 1, "市区町村コード": 361, "所在地": "北海道檜山郡江差町字伏木戸町４８４番地", "緯度": 41.913428, "経度": 140.144639, "url": "https://www.iryou.teikyouseido.mhlw.go.jp/znk-web/juminkanja/S2430/initialize?prefCd=01&kikanCd=11010003180&kikanKbn=1", "url2": "https://esashi.hospital.hokkaido.jp/", "内容": "北海道立江差病院【1:病院】【診療科目:0】【一般病床数:146療養病床数:0精神病床数:48感染症病床数:4合計病床数:198】北海道檜山郡江差町字伏木戸町４８４番地" }, "geometry": { "type": "Point", "coordinates": [ 140.144639, 41.913428 ] } },
{ "type": "Feature", "properties": { "ID": 111010003190, "正式名称": "厚沢部町国民健康保険病院", "機関区分": 1, "都道府県コード": 1, "市区町村コード": 363, "所在地": "北海道檜山郡厚沢部町新町１４番地１", "緯度": 41.919857, "経度": 140.2235, "url": "https://www.iryou.teikyouseido.mhlw.go.jp/znk-web/juminkanja/S2430/initialize?prefCd=01&kikanCd=11010003190&kikanKbn=1", "url2": null, "内容": "厚沢部町国民健康保険病院【1:病院】【診療科目:0】【一般病床数:45療養病床数:24精神病床数:0感染症病床数:0合計病床数:69】北海道檜山郡厚沢部町新町１４番地１" }, "geometry": { "type": "Point", "coordinates": [ 140.2235, 41.919857 ] } },
{ "type": "Feature", "properties": { "ID": 111010003200, "正式名称": "奥尻町国民健康保険病院", "機関区分": 1, "都道府県コード": 1, "市区町村コード": 367, "所在地": "北海道奥尻郡奥尻町字奥尻４６２番地", "緯度": 42.172306, "経度": 139.507347, "url": "https://www.iryou.teikyouseido.mhlw.go.jp/znk-web/juminkanja/S2430/initialize?prefCd=01&kikanCd=11010003200&kikanKbn=1", "url2": "http://okubyouin1.web.fc2.com/index.html", "内容": "奥尻町国民健康保険病院【1:病院】【診療科目:0】【一般病床数:17療養病床数:23精神病床数:0感染症病床数:0合計病床数:40】北海道奥尻郡奥尻町字奥尻４６２番地" }, "geometry": { "type": "Point", "coordinates": [ 139.507347, 42.172306 ] } },
{ "type": "Feature", "properties": { "ID": 111010003210, "正式名称": "乙部町国民健康保険病院", "機関区分": 1, "都道府県コード": 1, "市区町村コード": 364, "所在地": "北海道爾志郡乙部町字緑町７０４番地１", "緯度": 41.969255, "経度": 140.14047, "url": "https://www.iryou.teikyouseido.mhlw.go.jp/znk-web/juminkanja/S2430/initialize?prefCd=01&kikanCd=11010003210&kikanKbn=1", "url2": "https://town.otobe.lg.jp", "内容": "乙部町国民健康保険病院【1:病院】【診療科目:0】【一般病床数:58療養病床数:4精神病床数:0感染症病床数:0合計病床数:62】北海道爾志郡乙部町字緑町７０４番地１" }, "geometry": { "type": "Point", "coordinates": [ 140.14047, 41.969255 ] } },
{ "type": "Feature", "properties": { "ID": 111010003220, "正式名称": "医療法人社団恵愛会佐々木病院", "機関区分": 1, "都道府県コード": 1, "市区町村コード": 361, "所在地": "北海道檜山郡江差町字姥神町３１番地", "緯度": 41.867397, "経度": 140.12453, "url": "https://www.iryou.teikyouseido.mhlw.go.jp/znk-web/juminkanja/S2430/initialize?prefCd=01&kikanCd=11010003220&kikanKbn=1", "url2": "https://www.kei-ai-kai.jp", "内容": "医療法人社団恵愛会佐々木病院【1:病院】【診療科目:0】【一般病床数:0療養病床数:60精神病床数:0感染症病床数:0合計病床数:60】北海道檜山郡江差町字姥神町３１番地" }, "geometry": { "type": "Point", "coordinates": [ 140.12453, 41.867397 ] } },
{ "type": "Feature", "properties": { "ID": 111010003240, "正式名称": "医療法人友愛会友愛記念病院", "機関区分": 1, "都道府県コード": 1, "市区町村コード": 217, "所在地": "北海道江別市新栄台４６番地１", "緯度": 43.108657, "経度": 141.512054, "url": "https://www.iryou.teikyouseido.mhlw.go.jp/znk-web/juminkanja/S2430/initialize?prefCd=01&kikanCd=11010003240&kikanKbn=1", "url2": "http://www.yuaikinen.or.jp", "内容": "医療法人友愛会友愛記念病院【1:病院】【診療科目:0】【一般病床数:0療養病床数:73精神病床数:79感染症病床数:0合計病床数:152】北海道江別市新栄台４６番地１" }, "geometry": { "type": "Point", "coordinates": [ 141.512054, 43.108657 ] } },
{ "type": "Feature", "properties": { "ID": 111010003270, "正式名称": "医療法人渓和会　江別病院", "機関区分": 1, "都道府県コード": 1, "市区町村コード": 217, "所在地": "北海道江別市野幌代々木町８１番地の６", "緯度": 43.093076, "経度": 141.51947, "url": "https://www.iryou.teikyouseido.mhlw.go.jp/znk-web/juminkanja/S2430/initialize?prefCd=01&kikanCd=11010003270&kikanKbn=1", "url2": "http://keiwakai-ebetsu.or.jp", "内容": "医療法人渓和会　江別病院【1:病院】【診療科目:0】【一般病床数:199療養病床数:0精神病床数:0感染症病床数:0合計病床数:199】北海道江別市野幌代々木町８１番地の６" }, "geometry": { "type": "Point", "coordinates": [ 141.51947, 43.093076 ] } },
{ "type": "Feature", "properties": { "ID": 111010003280, "正式名称": "医療法人社団恵愛会茨戸病院", "機関区分": 1, "都道府県コード": 1, "市区町村コード": 235, "所在地": "北海道石狩市花川東１２８番地１４", "緯度": 43.158985, "経度": 141.33327, "url": "https://www.iryou.teikyouseido.mhlw.go.jp/znk-web/juminkanja/S2430/initialize?prefCd=01&kikanCd=11010003280&kikanKbn=1", "url2": "barato-hospital.or.jp", "内容": "医療法人社団恵愛会茨戸病院【1:病院】【診療科目:0】【一般病床数:60療養病床数:56精神病床数:0感染症病床数:0合計病床数:116】北海道石狩市花川東１２８番地１４" }, "geometry": { "type": "Point", "coordinates": [ 141.33327, 43.158985 ] } },
{ "type": "Feature", "properties": { "ID": 111010003290, "正式名称": "医療法人喬成会花川病院", "機関区分": 1, "都道府県コード": 1, "市区町村コード": 235, "所在地": "北海道石狩市花川南７条５丁目２番地", "緯度": 43.1404, "経度": 141.293015, "url": "https://www.iryou.teikyouseido.mhlw.go.jp/znk-web/juminkanja/S2430/initialize?prefCd=01&kikanCd=11010003290&kikanKbn=1", "url2": "http://kyouseikai.jp", "内容": "医療法人喬成会花川病院【1:病院】【診療科目:0】【一般病床数:0療養病床数:180精神病床数:0感染症病床数:0合計病床数:180】北海道石狩市花川南７条５丁目２番地" }, "geometry": { "type": "Point", "coordinates": [ 141.293015, 43.1404 ] } },
{ "type": "Feature", "properties": { "ID": 111010003320, "正式名称": "医療法人天公会石狩ファミリアホスピタル", "機関区分": 1, "都道府県コード": 1, "市区町村コード": 235, "所在地": "北海道石狩市花川南７条５丁目５番地", "緯度": 43.139817, "経度": 141.294015, "url": "https://www.iryou.teikyouseido.mhlw.go.jp/znk-web/juminkanja/S2430/initialize?prefCd=01&kikanCd=11010003320&kikanKbn=1", "url2": "http://www.tenkohkai.or.jp", "内容": "医療法人天公会石狩ファミリアホスピタル【1:病院】【診療科目:0】【一般病床数:0療養病床数:0精神病床数:119感染症病床数:0合計病床数:119】北海道石狩市花川南７条５丁目５番地" }, "geometry": { "type": "Point", "coordinates": [ 141.294015, 43.139817 ] } },
{ "type": "Feature", "properties": { "ID": 111010003340, "正式名称": "医療法人財団幸惺会石狩幸惺会病院", "機関区分": 1, "都道府県コード": 1, "市区町村コード": 235, "所在地": "北海道石狩市花川北７条２丁目２２", "緯度": 43.170425, "経度": 141.320428, "url": "https://www.iryou.teikyouseido.mhlw.go.jp/znk-web/juminkanja/S2430/initialize?prefCd=01&kikanCd=11010003340&kikanKbn=1", "url2": "http://ishikari-koseikai.com/", "内容": "医療法人財団幸惺会石狩幸惺会病院【1:病院】【診療科目:0】【一般病床数:35療養病床数:0精神病床数:0感染症病床数:0合計病床数:35】北海道石狩市花川北７条２丁目２２" }, "geometry": { "type": "Point", "coordinates": [ 141.320428, 43.170425 ] } },
{ "type": "Feature", "properties": { "ID": 111010003350, "正式名称": "市立千歳市民病院", "機関区分": 1, "都道府県コード": 1, "市区町村コード": 224, "所在地": "北海道千歳市北光２丁目１番１号", "緯度": 42.8439296, "経度": 141.6398608, "url": "https://www.iryou.teikyouseido.mhlw.go.jp/znk-web/juminkanja/S2430/initialize?prefCd=01&kikanCd=11010003350&kikanKbn=1", "url2": "https://chitose-shimin-hospital.jp/", "内容": "市立千歳市民病院【1:病院】【診療科目:0】【一般病床数:190療養病床数:0精神病床数:0感染症病床数:0合計病床数:190】北海道千歳市北光２丁目１番１号" }, "geometry": { "type": "Point", "coordinates": [ 141.6398608, 42.8439296 ] } },
{ "type": "Feature", "properties": { "ID": 111010003360, "正式名称": "千歳桂病院", "機関区分": 1, "都道府県コード": 1, "市区町村コード": 224, "所在地": "北海道千歳市蘭越９７番地の２", "緯度": 42.812802, "経度": 141.591116, "url": "https://www.iryou.teikyouseido.mhlw.go.jp/znk-web/juminkanja/S2430/initialize?prefCd=01&kikanCd=11010003360&kikanKbn=1", "url2": "http://www.chitose-katsura.or.jp", "内容": "千歳桂病院【1:病院】【診療科目:0】【一般病床数:0療養病床数:0精神病床数:222感染症病床数:0合計病床数:222】北海道千歳市蘭越９７番地の２" }, "geometry": { "type": "Point", "coordinates": [ 141.591116, 42.812802 ] } },
{ "type": "Feature", "properties": { "ID": 111010003370, "正式名称": "医療法人　同仁会　千歳第一病院", "機関区分": 1, "都道府県コード": 1, "市区町村コード": 224, "所在地": "北海道千歳市東雲町１丁目１１番地", "緯度": 42.820449, "経度": 141.647861, "url": "https://www.iryou.teikyouseido.mhlw.go.jp/znk-web/juminkanja/S2430/initialize?prefCd=01&kikanCd=11010003370&kikanKbn=1", "url2": "https://www.dojinkai-group.com/chitose-daiichi-hospital/", "内容": "医療法人　同仁会　千歳第一病院【1:病院】【診療科目:0】【一般病床数:82療養病床数:0精神病床数:0感染症病床数:0合計病床数:82】北海道千歳市東雲町１丁目１１番地" }, "geometry": { "type": "Point", "coordinates": [ 141.647861, 42.820449 ] } },
{ "type": "Feature", "properties": { "ID": 111010003380, "正式名称": "社会医療法人即仁会北広島病院", "機関区分": 1, "都道府県コード": 1, "市区町村コード": 234, "所在地": "北海道北広島市中央６丁目２番地２", "緯度": 42.986668, "経度": 141.56456, "url": "https://www.iryou.teikyouseido.mhlw.go.jp/znk-web/juminkanja/S2430/initialize?prefCd=01&kikanCd=11010003380&kikanKbn=1", "url2": "http://sokujinkai.or.jp/", "内容": "社会医療法人即仁会北広島病院【1:病院】【診療科目:0】【一般病床数:50療養病床数:40精神病床数:0感染症病床数:0合計病床数:90】北海道北広島市中央６丁目２番地２" }, "geometry": { "type": "Point", "coordinates": [ 141.56456, 42.986668 ] } },
{ "type": "Feature", "properties": { "ID": 111010003390, "正式名称": "医療法人社団豊友会　千歳豊友会病院", "機関区分": 1, "都道府県コード": 1, "市区町村コード": 224, "所在地": "北海道千歳市富丘１丁目６１８番地６", "緯度": 42.8350963, "経度": 141.646819, "url": "https://www.iryou.teikyouseido.mhlw.go.jp/znk-web/juminkanja/S2430/initialize?prefCd=01&kikanCd=11010003390&kikanKbn=1", "url2": "http://www.foryou-hp.or.jp/", "内容": "医療法人社団豊友会　千歳豊友会病院【1:病院】【診療科目:0】【一般病床数:36療養病床数:98精神病床数:0感染症病床数:0合計病床数:134】北海道千歳市富丘１丁目６１８番地６" }, "geometry": { "type": "Point", "coordinates": [ 141.646819, 42.8350963 ] } },
{ "type": "Feature", "properties": { "ID": 111010003400, "正式名称": "特定医療法人　修道会　　本田記念病院", "機関区分": 1, "都道府県コード": 1, "市区町村コード": 231, "所在地": "北海道恵庭市下島松６１９番地１", "緯度": 42.93289, "経度": 141.57887, "url": "https://www.iryou.teikyouseido.mhlw.go.jp/znk-web/juminkanja/S2430/initialize?prefCd=01&kikanCd=11010003400&kikanKbn=1", "url2": "http://www.honda-hospital.com/", "内容": "特定医療法人　修道会　　本田記念病院【1:病院】【診療科目:0】【一般病床数:0療養病床数:0精神病床数:184感染症病床数:0合計病床数:184】北海道恵庭市下島松６１９番地１" }, "geometry": { "type": "Point", "coordinates": [ 141.57887, 42.93289 ] } },
{ "type": "Feature", "properties": { "ID": 111010003410, "正式名称": "医療法人社団西の里恵仁会病院", "機関区分": 1, "都道府県コード": 1, "市区町村コード": 234, "所在地": "北海道北広島市西の里５０６番地", "緯度": 43.015056, "経度": 141.497531, "url": "https://www.iryou.teikyouseido.mhlw.go.jp/znk-web/juminkanja/S2430/initialize?prefCd=01&kikanCd=11010003410&kikanKbn=1", "url2": "http://www.nsk-hp.jp/", "内容": "医療法人社団西の里恵仁会病院【1:病院】【診療科目:0】【一般病床数:0療養病床数:156精神病床数:0感染症病床数:0合計病床数:156】北海道北広島市西の里５０６番地" }, "geometry": { "type": "Point", "coordinates": [ 141.497531, 43.015056 ] } },
{ "type": "Feature", "properties": { "ID": 111010003420, "正式名称": "医療法人盟侑会島松病院", "機関区分": 1, "都道府県コード": 1, "市区町村コード": 231, "所在地": "北海道恵庭市西島松５７０番地", "緯度": 42.915833, "経度": 141.56377, "url": "https://www.iryou.teikyouseido.mhlw.go.jp/znk-web/juminkanja/S2430/initialize?prefCd=01&kikanCd=11010003420&kikanKbn=1", "url2": "http://www.simamatuhp.jp", "内容": "医療法人盟侑会島松病院【1:病院】【診療科目:0】【一般病床数:0療養病床数:0精神病床数:172感染症病床数:0合計病床数:172】北海道恵庭市西島松５７０番地" }, "geometry": { "type": "Point", "coordinates": [ 141.56377, 42.915833 ] } },
{ "type": "Feature", "properties": { "ID": 111010003430, "正式名称": "医療法人資生会　千歳病院", "機関区分": 1, "都道府県コード": 1, "市区町村コード": 224, "所在地": "北海道千歳市桂木１丁目５番６号", "緯度": 42.820016, "経度": 141.624673, "url": "https://www.iryou.teikyouseido.mhlw.go.jp/znk-web/juminkanja/S2430/initialize?prefCd=01&kikanCd=11010003430&kikanKbn=1", "url2": "https://www.siseikai.or.jp/chitose-hospital/", "内容": "医療法人資生会　千歳病院【1:病院】【診療科目:0】【一般病床数:0療養病床数:0精神病床数:180感染症病床数:0合計病床数:180】北海道千歳市桂木１丁目５番６号" }, "geometry": { "type": "Point", "coordinates": [ 141.624673, 42.820016 ] } },
{ "type": "Feature", "properties": { "ID": 111010003450, "正式名称": "社会医療法人北晨会　恵み野病院", "機関区分": 1, "都道府県コード": 1, "市区町村コード": 231, "所在地": "北海道恵庭市恵み野西２丁目３番地５", "緯度": 42.900375, "経度": 141.577752, "url": "https://www.iryou.teikyouseido.mhlw.go.jp/znk-web/juminkanja/S2430/initialize?prefCd=01&kikanCd=11010003450&kikanKbn=1", "url2": "http://megumino.or.jp", "内容": "社会医療法人北晨会　恵み野病院【1:病院】【診療科目:0】【一般病床数:199療養病床数:0精神病床数:0感染症病床数:0合計病床数:199】北海道恵庭市恵み野西２丁目３番地５" }, "geometry": { "type": "Point", "coordinates": [ 141.577752, 42.900375 ] } },
{ "type": "Feature", "properties": { "ID": 111010003460, "正式名称": "医療法人社団哲栄会　順天病院", "機関区分": 1, "都道府県コード": 1, "市区町村コード": 234, "所在地": "北海道北広島市大曲６９５番地", "緯度": 43.005551, "経度": 141.492833, "url": "https://www.iryou.teikyouseido.mhlw.go.jp/znk-web/juminkanja/S2430/initialize?prefCd=01&kikanCd=11010003460&kikanKbn=1", "url2": "http://www.junten.jp/", "内容": "医療法人社団哲栄会　順天病院【1:病院】【診療科目:0】【一般病床数:0療養病床数:60精神病床数:0感染症病床数:0合計病床数:60】北海道北広島市大曲６９５番地" }, "geometry": { "type": "Point", "coordinates": [ 141.492833, 43.005551 ] } },
{ "type": "Feature", "properties": { "ID": 111010003470, "正式名称": "医療法人社団いずみ会　北星病院", "機関区分": 1, "都道府県コード": 1, "市区町村コード": 224, "所在地": "北海道千歳市清流５丁目１番１号", "緯度": 42.8423, "経度": 141.65872, "url": "https://www.iryou.teikyouseido.mhlw.go.jp/znk-web/juminkanja/S2430/initialize?prefCd=01&kikanCd=11010003470&kikanKbn=1", "url2": "http://www.hokusei.or.jp", "内容": "医療法人社団いずみ会　北星病院【1:病院】【診療科目:0】【一般病床数:40療養病床数:100精神病床数:0感染症病床数:0合計病床数:140】北海道千歳市清流５丁目１番１号" }, "geometry": { "type": "Point", "coordinates": [ 141.65872, 42.8423 ] } },
{ "type": "Feature", "properties": { "ID": 111010003480, "正式名称": "医療法人社団尾形病院", "機関区分": 1, "都道府県コード": 1, "市区町村コード": 231, "所在地": "北海道恵庭市島松仲町１丁目４番１１号", "緯度": 42.9207999, "経度": 141.5751745, "url": "https://www.iryou.teikyouseido.mhlw.go.jp/znk-web/juminkanja/S2430/initialize?prefCd=01&kikanCd=11010003480&kikanKbn=1", "url2": null, "内容": "医療法人社団尾形病院【1:病院】【診療科目:0】【一般病床数:6療養病床数:38精神病床数:0感染症病床数:0合計病床数:44】北海道恵庭市島松仲町１丁目４番１１号" }, "geometry": { "type": "Point", "coordinates": [ 141.5751745, 42.9207999 ] } },
{ "type": "Feature", "properties": { "ID": 111010003490, "正式名称": "社会医療法人恵和会　恵庭第一病院", "機関区分": 1, "都道府県コード": 1, "市区町村コード": 231, "所在地": "北海道恵庭市福住町１丁目６番６", "緯度": 42.887154, "経度": 141.579503, "url": "https://www.iryou.teikyouseido.mhlw.go.jp/znk-web/juminkanja/S2430/initialize?prefCd=01&kikanCd=11010003490&kikanKbn=1", "url2": "http://eniwa-daiichi.or.jp/", "内容": "社会医療法人恵和会　恵庭第一病院【1:病院】【診療科目:0】【一般病床数:159療養病床数:40精神病床数:0感染症病床数:0合計病床数:199】北海道恵庭市福住町１丁目６番６" }, "geometry": { "type": "Point", "coordinates": [ 141.579503, 42.887154 ] } },
{ "type": "Feature", "properties": { "ID": 111010003500, "正式名称": "医療法人社団　我汝会　えにわ病院", "機関区分": 1, "都道府県コード": 1, "市区町村コード": 231, "所在地": "北海道恵庭市黄金中央２丁目１番地１", "緯度": 42.882905, "経度": 141.58778, "url": "https://www.iryou.teikyouseido.mhlw.go.jp/znk-web/juminkanja/S2430/initialize?prefCd=01&kikanCd=11010003500&kikanKbn=1", "url2": "http://www.eniwa-hosp.com", "内容": "医療法人社団　我汝会　えにわ病院【1:病院】【診療科目:0】【一般病床数:150療養病床数:0精神病床数:0感染症病床数:0合計病床数:150】北海道恵庭市黄金中央２丁目１番地１" }, "geometry": { "type": "Point", "coordinates": [ 141.58778, 42.882905 ] } },
{ "type": "Feature", "properties": { "ID": 111010003510, "正式名称": "医療法人社団恵庭南病院", "機関区分": 1, "都道府県コード": 1, "市区町村コード": 231, "所在地": "北海道恵庭市住吉町２丁目４番１４号", "緯度": 42.877461, "経度": 141.582781, "url": "https://www.iryou.teikyouseido.mhlw.go.jp/znk-web/juminkanja/S2430/initialize?prefCd=01&kikanCd=11010003510&kikanKbn=1", "url2": "http://www.north-wind.ne.jp", "内容": "医療法人社団恵庭南病院【1:病院】【診療科目:0】【一般病床数:42療養病床数:108精神病床数:0感染症病床数:0合計病床数:150】北海道恵庭市住吉町２丁目４番１４号" }, "geometry": { "type": "Point", "coordinates": [ 141.582781, 42.877461 ] } },
{ "type": "Feature", "properties": { "ID": 111010003530, "正式名称": "医療法人社団　翔仁会　輪厚三愛病院", "機関区分": 1, "都道府県コード": 1, "市区町村コード": 234, "所在地": "北海道北広島市輪厚７０４番地１６", "緯度": 42.944504, "経度": 141.48306, "url": "https://www.iryou.teikyouseido.mhlw.go.jp/znk-web/juminkanja/S2430/initialize?prefCd=01&kikanCd=11010003530&kikanKbn=1", "url2": "http://www.shojinkai.or.jp/", "内容": "医療法人社団　翔仁会　輪厚三愛病院【1:病院】【診療科目:0】【一般病床数:89療養病床数:57精神病床数:0感染症病床数:0合計病床数:146】北海道北広島市輪厚７０４番地１６" }, "geometry": { "type": "Point", "coordinates": [ 141.48306, 42.944504 ] } },
{ "type": "Feature", "properties": { "ID": 111010003540, "正式名称": "医療法人同仁会向陽台病院", "機関区分": 1, "都道府県コード": 1, "市区町村コード": 224, "所在地": "北海道千歳市若草１丁目１０番１１", "緯度": 42.7996902, "経度": 141.6063253, "url": "https://www.iryou.teikyouseido.mhlw.go.jp/znk-web/juminkanja/S2430/initialize?prefCd=01&kikanCd=11010003540&kikanKbn=1", "url2": "https://www.dojinkai-group.com", "内容": "医療法人同仁会向陽台病院【1:病院】【診療科目:0】【一般病床数:0療養病床数:60精神病床数:0感染症病床数:0合計病床数:60】北海道千歳市若草１丁目１０番１１" }, "geometry": { "type": "Point", "coordinates": [ 141.6063253, 42.7996902 ] } },
{ "type": "Feature", "properties": { "ID": 111010003550, "正式名称": "社会福祉法人北海道社会事業協会余市病院", "機関区分": 1, "都道府県コード": 1, "市区町村コード": 408, "所在地": "北海道余市郡余市町黒川町１９丁目１番地１", "緯度": 43.188498, "経度": 140.813636, "url": "https://www.iryou.teikyouseido.mhlw.go.jp/znk-web/juminkanja/S2430/initialize?prefCd=01&kikanCd=11010003550&kikanKbn=1", "url2": "https://ssl.hokushakyo.jp/yoichi-hospital/", "内容": "社会福祉法人北海道社会事業協会余市病院【1:病院】【診療科目:0】【一般病床数:118療養病床数:52精神病床数:0感染症病床数:0合計病床数:170】北海道余市郡余市町黒川町１９丁目１番地１" }, "geometry": { "type": "Point", "coordinates": [ 140.813636, 43.188498 ] } },
{ "type": "Feature", "properties": { "ID": 111010003570, "正式名称": "医療法人社団　修徳会　林病院", "機関区分": 1, "都道府県コード": 1, "市区町村コード": 408, "所在地": "北海道余市郡余市町山田町５０番地１", "緯度": 43.17518, "経度": 140.77786, "url": "https://www.iryou.teikyouseido.mhlw.go.jp/znk-web/juminkanja/S2430/initialize?prefCd=01&kikanCd=11010003570&kikanKbn=1", "url2": "http://yoichi-hayashi-hp.planet.bindcloud.jp/", "内容": "医療法人社団　修徳会　林病院【1:病院】【診療科目:0】【一般病床数:0療養病床数:0精神病床数:178感染症病床数:0合計病床数:178】北海道余市郡余市町山田町５０番地１" }, "geometry": { "type": "Point", "coordinates": [ 140.77786, 43.17518 ] } },
{ "type": "Feature", "properties": { "ID": 111010003600, "正式名称": "ＪＡ北海道厚生連ニセコ羊蹄広域倶知安厚生病院", "機関区分": 1, "都道府県コード": 1, "市区町村コード": 400, "所在地": "北海道虻田郡倶知安町北４条東１丁目２番地", "緯度": 42.904793, "経度": 140.754784, "url": "https://www.iryou.teikyouseido.mhlw.go.jp/znk-web/juminkanja/S2430/initialize?prefCd=01&kikanCd=11010003600&kikanKbn=1", "url2": "http://www.dou-kouseiren.com/byouin/kutchan/", "内容": "ＪＡ北海道厚生連ニセコ羊蹄広域倶知安厚生病院【1:病院】【診療科目:0】【一般病床数:157療養病床数:0精神病床数:40感染症病床数:2合計病床数:199】北海道虻田郡倶知安町北４条東１丁目２番地" }, "geometry": { "type": "Point", "coordinates": [ 140.754784, 42.904793 ] } },
{ "type": "Feature", "properties": { "ID": 111010003610, "正式名称": "医療法人社団静和会　昆布温泉病院", "機関区分": 1, "都道府県コード": 1, "市区町村コード": 394, "所在地": "北海道磯谷郡蘭越町黄金１１８番地", "緯度": 42.800258, "経度": 140.603727, "url": "https://www.iryou.teikyouseido.mhlw.go.jp/znk-web/juminkanja/S2430/initialize?prefCd=01&kikanCd=11010003610&kikanKbn=1", "url2": "http://www.seiwa-kai.or.jp/konbu-hosp/index.html", "内容": "医療法人社団静和会　昆布温泉病院【1:病院】【診療科目:0】【一般病床数:0療養病床数:39精神病床数:0感染症病床数:0合計病床数:39】北海道磯谷郡蘭越町黄金１１８番地" }, "geometry": { "type": "Point", "coordinates": [ 140.603727, 42.800258 ] } },
{ "type": "Feature", "properties": { "ID": 111010003620, "正式名称": "医療法人社団創成会羊蹄グリーン病院", "機関区分": 1, "都道府県コード": 1, "市区町村コード": 399, "所在地": "北海道虻田郡京極町字更進７８０番地２", "緯度": 42.82978, "経度": 140.894783, "url": "https://www.iryou.teikyouseido.mhlw.go.jp/znk-web/juminkanja/S2430/initialize?prefCd=01&kikanCd=11010003620&kikanKbn=1", "url2": "https://www.sosekai.or.jp/", "内容": "医療法人社団創成会羊蹄グリーン病院【1:病院】【診療科目:0】【一般病床数:0療養病床数:0精神病床数:60感染症病床数:0合計病床数:60】北海道虻田郡京極町字更進７８０番地２" }, "geometry": { "type": "Point", "coordinates": [ 140.894783, 42.82978 ] } },
{ "type": "Feature", "properties": { "ID": 111010003630, "正式名称": "社会福祉法人　北海道社会事業協会岩内病院", "機関区分": 1, "都道府県コード": 1, "市区町村コード": 402, "所在地": "北海道岩内郡岩内町字高台２０９番２", "緯度": 42.978626, "経度": 140.517642, "url": "https://www.iryou.teikyouseido.mhlw.go.jp/znk-web/juminkanja/S2430/initialize?prefCd=01&kikanCd=11010003630&kikanKbn=1", "url2": "http://www.iwanaikyoukai.jp", "内容": "社会福祉法人　北海道社会事業協会岩内病院【1:病院】【診療科目:0】【一般病床数:47療養病床数:44精神病床数:0感染症病床数:0合計病床数:91】北海道岩内郡岩内町字高台２０９番２" }, "geometry": { "type": "Point", "coordinates": [ 140.517642, 42.978626 ] } },
{ "type": "Feature", "properties": { "ID": 111010003650, "正式名称": "岩見沢市立総合病院", "機関区分": 1, "都道府県コード": 1, "市区町村コード": 210, "所在地": "北海道岩見沢市９条西７丁目２番地", "緯度": 43.195319, "経度": 141.765556, "url": "https://www.iryou.teikyouseido.mhlw.go.jp/znk-web/juminkanja/S2430/initialize?prefCd=01&kikanCd=11010003650&kikanKbn=1", "url2": "https://www.iwamizawa-hospital.jp/", "内容": "岩見沢市立総合病院【1:病院】【診療科目:0】【一般病床数:355療養病床数:0精神病床数:115感染症病床数:4合計病床数:474】北海道岩見沢市９条西７丁目２番地" }, "geometry": { "type": "Point", "coordinates": [ 141.765556, 43.195319 ] } },
{ "type": "Feature", "properties": { "ID": 111010003670, "正式名称": "岩見沢市立栗沢病院", "機関区分": 1, "都道府県コード": 1, "市区町村コード": 210, "所在地": "北海道岩見沢市栗沢町南本町３０番地", "緯度": 43.116116, "経度": 141.74194, "url": "https://www.iryou.teikyouseido.mhlw.go.jp/znk-web/juminkanja/S2430/initialize?prefCd=01&kikanCd=11010003670&kikanKbn=1", "url2": "http://kurisawa-hospital.net", "内容": "岩見沢市立栗沢病院【1:病院】【診療科目:0】【一般病床数:0療養病床数:85精神病床数:0感染症病床数:0合計病床数:85】北海道岩見沢市栗沢町南本町３０番地" }, "geometry": { "type": "Point", "coordinates": [ 141.74194, 43.116116 ] } },
{ "type": "Feature", "properties": { "ID": 111010003680, "正式名称": "国民健康保険月形町立病院", "機関区分": 1, "都道府県コード": 1, "市区町村コード": 430, "所在地": "北海道樺戸郡月形町字月形１４６６番地１", "緯度": 43.3384, "経度": 141.67001, "url": "https://www.iryou.teikyouseido.mhlw.go.jp/znk-web/juminkanja/S2430/initialize?prefCd=01&kikanCd=11010003680&kikanKbn=1", "url2": "https://www.town.tsukigata.hokkaido.jp", "内容": "国民健康保険月形町立病院【1:病院】【診療科目:0】【一般病床数:40療養病床数:0精神病床数:0感染症病床数:0合計病床数:40】北海道樺戸郡月形町字月形１４６６番地１" }, "geometry": { "type": "Point", "coordinates": [ 141.67001, 43.3384 ] } },
{ "type": "Feature", "properties": { "ID": 111010003690, "正式名称": "医療法人恵仁会空知病院", "機関区分": 1, "都道府県コード": 1, "市区町村コード": 210, "所在地": "北海道岩見沢市大和１条８丁目１番地", "緯度": 43.189708, "経度": 141.737726, "url": "https://www.iryou.teikyouseido.mhlw.go.jp/znk-web/juminkanja/S2430/initialize?prefCd=01&kikanCd=11010003690&kikanKbn=1", "url2": "sorachi-hp.com/", "内容": "医療法人恵仁会空知病院【1:病院】【診療科目:0】【一般病床数:0療養病床数:0精神病床数:161感染症病床数:0合計病床数:161】北海道岩見沢市大和１条８丁目１番地" }, "geometry": { "type": "Point", "coordinates": [ 141.737726, 43.189708 ] } },
{ "type": "Feature", "properties": { "ID": 111010003700, "正式名称": "医療法人社団明日佳　岩見沢明日佳病院", "機関区分": 1, "都道府県コード": 1, "市区町村コード": 210, "所在地": "北海道岩見沢市志文町２９７番地１３", "緯度": 43.163982, "経度": 141.75784, "url": "https://www.iryou.teikyouseido.mhlw.go.jp/znk-web/juminkanja/S2430/initialize?prefCd=01&kikanCd=11010003700&kikanKbn=1", "url2": "http://www.asuka-gp.or.jp/iwamizawa/", "内容": "医療法人社団明日佳　岩見沢明日佳病院【1:病院】【診療科目:0】【一般病床数:0療養病床数:150精神病床数:100感染症病床数:0合計病床数:250】北海道岩見沢市志文町２９７番地１３" }, "geometry": { "type": "Point", "coordinates": [ 141.75784, 43.163982 ] } },
{ "type": "Feature", "properties": { "ID": 111010003720, "正式名称": "医療法人社団　北陽会　　牧病院", "機関区分": 1, "都道府県コード": 1, "市区町村コード": 210, "所在地": "北海道岩見沢市３条西５丁目９番地", "緯度": 43.2020578, "経度": 141.7617705, "url": "https://www.iryou.teikyouseido.mhlw.go.jp/znk-web/juminkanja/S2430/initialize?prefCd=01&kikanCd=11010003720&kikanKbn=1", "url2": null, "内容": "医療法人社団　北陽会　　牧病院【1:病院】【診療科目:0】【一般病床数:0療養病床数:0精神病床数:140感染症病床数:0合計病床数:140】北海道岩見沢市３条西５丁目９番地" }, "geometry": { "type": "Point", "coordinates": [ 141.761770500000011, 43.2020578 ] } },
{ "type": "Feature", "properties": { "ID": 111010003730, "正式名称": "医療法人北翔会　岩見沢北翔会病院", "機関区分": 1, "都道府県コード": 1, "市区町村コード": 210, "所在地": "北海道岩見沢市１０条西２１丁目１番地１", "緯度": 43.188292, "経度": 141.752641, "url": "https://www.iryou.teikyouseido.mhlw.go.jp/znk-web/juminkanja/S2430/initialize?prefCd=01&kikanCd=11010003730&kikanKbn=1", "url2": "https://www.hokushokai.or.jp/iwaseitop.htm", "内容": "医療法人北翔会　岩見沢北翔会病院【1:病院】【診療科目:0】【一般病床数:55療養病床数:44精神病床数:0感染症病床数:0合計病床数:99】北海道岩見沢市１０条西２１丁目１番地１" }, "geometry": { "type": "Point", "coordinates": [ 141.752641, 43.188292 ] } },
{ "type": "Feature", "properties": { "ID": 111010003740, "正式名称": "医療法人社団幾生会　南そらち記念病院", "機関区分": 1, "都道府県コード": 1, "市区町村コード": 222, "所在地": "北海道三笠市岡山５０６番地８", "緯度": 43.238293, "経度": 141.81851, "url": "https://www.iryou.teikyouseido.mhlw.go.jp/znk-web/juminkanja/S2430/initialize?prefCd=01&kikanCd=11010003740&kikanKbn=1", "url2": "http://ikuseikai-hp.jp/", "内容": "医療法人社団幾生会　南そらち記念病院【1:病院】【診療科目:0】【一般病床数:0療養病床数:93精神病床数:0感染症病床数:0合計病床数:93】北海道三笠市岡山５０６番地８" }, "geometry": { "type": "Point", "coordinates": [ 141.81851, 43.238293 ] } },
{ "type": "Feature", "properties": { "ID": 111010003750, "正式名称": "独立行政法人労働者健康安全機構北海道せき損センター", "機関区分": 1, "都道府県コード": 1, "市区町村コード": 215, "所在地": "北海道美唄市東４条南１丁目３番１号", "緯度": 43.329446, "経度": 141.870347, "url": "https://www.iryou.teikyouseido.mhlw.go.jp/znk-web/juminkanja/S2430/initialize?prefCd=01&kikanCd=11010003750&kikanKbn=1", "url2": "http://www.hokkaidoh-s.johas.go.jp", "内容": "独立行政法人労働者健康安全機構北海道せき損センター【1:病院】【診療科目:0】【一般病床数:157療養病床数:0精神病床数:0感染症病床数:0合計病床数:157】北海道美唄市東４条南１丁目３番１号" }, "geometry": { "type": "Point", "coordinates": [ 141.870347, 43.329446 ] } },
{ "type": "Feature", "properties": { "ID": 111010003760, "正式名称": "市立美唄病院", "機関区分": 1, "都道府県コード": 1, "市区町村コード": 215, "所在地": "北海道美唄市西二条北一丁目１番１号", "緯度": 43.333295, "経度": 141.857483, "url": "https://www.iryou.teikyouseido.mhlw.go.jp/znk-web/juminkanja/S2430/initialize?prefCd=01&kikanCd=11010003760&kikanKbn=1", "url2": "http://www.city.bibai.hokkaido.jp/hospital/", "内容": "市立美唄病院【1:病院】【診療科目:0】【一般病床数:43療養病床数:32精神病床数:0感染症病床数:0合計病床数:75】北海道美唄市西二条北一丁目１番１号" }, "geometry": { "type": "Point", "coordinates": [ 141.857483, 43.333295 ] } },
{ "type": "Feature", "properties": { "ID": 111010003770, "正式名称": "医療法人社団慶北会花田病院", "機関区分": 1, "都道府県コード": 1, "市区町村コード": 215, "所在地": "北海道美唄市大通東１条北２丁目２番５号", "緯度": 43.334417, "経度": 141.861459, "url": "https://www.iryou.teikyouseido.mhlw.go.jp/znk-web/juminkanja/S2430/initialize?prefCd=01&kikanCd=11010003770&kikanKbn=1", "url2": "http://www.hanada-hp.com", "内容": "医療法人社団慶北会花田病院【1:病院】【診療科目:0】【一般病床数:56療養病床数:0精神病床数:0感染症病床数:0合計病床数:56】北海道美唄市大通東１条北２丁目２番５号" }, "geometry": { "type": "Point", "coordinates": [ 141.861459, 43.334417 ] } },
{ "type": "Feature", "properties": { "ID": 111010003810, "正式名称": "国民健康保険町立南幌病院", "機関区分": 1, "都道府県コード": 1, "市区町村コード": 423, "所在地": "北海道空知郡南幌町元町２丁目２番１号", "緯度": 43.069525, "経度": 141.652044, "url": "https://www.iryou.teikyouseido.mhlw.go.jp/znk-web/juminkanja/S2430/initialize?prefCd=01&kikanCd=11010003810&kikanKbn=1", "url2": "http://www.town.nanporo.hokkaido.jp/byouin/", "内容": "国民健康保険町立南幌病院【1:病院】【診療科目:0】【一般病床数:60療養病床数:0精神病床数:0感染症病床数:0合計病床数:60】北海道空知郡南幌町元町２丁目２番１号" }, "geometry": { "type": "Point", "coordinates": [ 141.652044, 43.069525 ] } },
{ "type": "Feature", "properties": { "ID": 111010003820, "正式名称": "町立長沼病院", "機関区分": 1, "都道府県コード": 1, "市区町村コード": 428, "所在地": "北海道夕張郡長沼町中央南２丁目２番１号", "緯度": 43.007588, "経度": 141.693543, "url": "https://www.iryou.teikyouseido.mhlw.go.jp/znk-web/juminkanja/S2430/initialize?prefCd=01&kikanCd=11010003820&kikanKbn=1", "url2": "https://www.maoi-net.jp/byoin/", "内容": "町立長沼病院【1:病院】【診療科目:0】【一般病床数:84療養病床数:0精神病床数:0感染症病床数:0合計病床数:84】北海道夕張郡長沼町中央南２丁目２番１号" }, "geometry": { "type": "Point", "coordinates": [ 141.693543, 43.007588 ] } },
{ "type": "Feature", "properties": { "ID": 111010003830, "正式名称": "栗山赤十字病院", "機関区分": 1, "都道府県コード": 1, "市区町村コード": 429, "所在地": "北海道夕張郡栗山町朝日３丁目２番地", "緯度": 43.05647, "経度": 141.79596, "url": "https://www.iryou.teikyouseido.mhlw.go.jp/znk-web/juminkanja/S2430/initialize?prefCd=01&kikanCd=11010003830&kikanKbn=1", "url2": "http://kuriyama.jrc.or.jp", "内容": "栗山赤十字病院【1:病院】【診療科目:0】【一般病床数:96療養病床数:7精神病床数:0感染症病床数:0合計病床数:103】北海道夕張郡栗山町朝日３丁目２番地" }, "geometry": { "type": "Point", "coordinates": [ 141.79596, 43.05647 ] } },
{ "type": "Feature", "properties": { "ID": 111010003840, "正式名称": "砂川市立病院", "機関区分": 1, "都道府県コード": 1, "市区町村コード": 226, "所在地": "北海道砂川市西４条北３丁目１番１号", "緯度": 43.494567, "経度": 141.904725, "url": "https://www.iryou.teikyouseido.mhlw.go.jp/znk-web/juminkanja/S2430/initialize?prefCd=01&kikanCd=11010003840&kikanKbn=1", "url2": "http://www.med.sunagawa.hokkaido.jp/", "内容": "砂川市立病院【1:病院】【診療科目:0】【一般病床数:408療養病床数:0精神病床数:80感染症病床数:4合計病床数:498】北海道砂川市西４条北３丁目１番１号" }, "geometry": { "type": "Point", "coordinates": [ 141.904725, 43.494567 ] } },
{ "type": "Feature", "properties": { "ID": 111010003850, "正式名称": "歌志内市立病院", "機関区分": 1, "都道府県コード": 1, "市区町村コード": 227, "所在地": "北海道歌志内市字神威２６９番地", "緯度": 43.50337, "経度": 142.01009, "url": "https://www.iryou.teikyouseido.mhlw.go.jp/znk-web/juminkanja/S2430/initialize?prefCd=01&kikanCd=11010003850&kikanKbn=1", "url2": null, "内容": "歌志内市立病院【1:病院】【診療科目:0】【一般病床数:0療養病床数:60精神病床数:0感染症病床数:0合計病床数:60】北海道歌志内市字神威２６９番地" }, "geometry": { "type": "Point", "coordinates": [ 142.01009, 43.50337 ] } },
{ "type": "Feature", "properties": { "ID": 111010003860, "正式名称": "医療法人　砂川慈恵会病院", "機関区分": 1, "都道府県コード": 1, "市区町村コード": 226, "所在地": "北海道砂川市西１条南１１丁目２番１０号", "緯度": 43.476992, "経度": 141.9019741, "url": "https://www.iryou.teikyouseido.mhlw.go.jp/znk-web/juminkanja/S2430/initialize?prefCd=01&kikanCd=11010003860&kikanKbn=1", "url2": "http://s-jikeikai.com", "内容": "医療法人　砂川慈恵会病院【1:病院】【診療科目:0】【一般病床数:0療養病床数:0精神病床数:124感染症病床数:0合計病床数:124】北海道砂川市西１条南１１丁目２番１０号" }, "geometry": { "type": "Point", "coordinates": [ 141.9019741, 43.476992 ] } },
{ "type": "Feature", "properties": { "ID": 111010003870, "正式名称": "滝川市立病院", "機関区分": 1, "都道府県コード": 1, "市区町村コード": 225, "所在地": "北海道滝川市大町２丁目２番３４号", "緯度": 43.558727, "経度": 141.910694, "url": "https://www.iryou.teikyouseido.mhlw.go.jp/znk-web/juminkanja/S2430/initialize?prefCd=01&kikanCd=11010003870&kikanKbn=1", "url2": "https://www.med.takikawa.hokkaido.jp", "内容": "滝川市立病院【1:病院】【診療科目:0】【一般病床数:226療養病床数:0精神病床数:44感染症病床数:0合計病床数:270】北海道滝川市大町２丁目２番３４号" }, "geometry": { "type": "Point", "coordinates": [ 141.910694, 43.558727 ] } },
{ "type": "Feature", "properties": { "ID": 111010003880, "正式名称": "あかびら市立病院", "機関区分": 1, "都道府県コード": 1, "市区町村コード": 218, "所在地": "北海道赤平市本町３丁目２番地", "緯度": 43.556175, "経度": 142.05321, "url": "https://www.iryou.teikyouseido.mhlw.go.jp/znk-web/juminkanja/S2430/initialize?prefCd=01&kikanCd=11010003880&kikanKbn=1", "url2": "https://www.akabira-hospital.jp/", "内容": "あかびら市立病院【1:病院】【診療科目:0】【一般病床数:49療養病床数:50精神病床数:0感染症病床数:0合計病床数:99】北海道赤平市本町３丁目２番地" }, "geometry": { "type": "Point", "coordinates": [ 142.05321, 43.556175 ] } },
{ "type": "Feature", "properties": { "ID": 111010003890, "正式名称": "医療法人優仁会　滝川中央病院", "機関区分": 1, "都道府県コード": 1, "市区町村コード": 225, "所在地": "北海道滝川市朝日町東２丁目１番５号", "緯度": 43.5687584, "経度": 141.9146264, "url": "https://www.iryou.teikyouseido.mhlw.go.jp/znk-web/juminkanja/S2430/initialize?prefCd=01&kikanCd=11010003890&kikanKbn=1", "url2": null, "内容": "医療法人優仁会　滝川中央病院【1:病院】【診療科目:0】【一般病床数:0療養病床数:0精神病床数:297感染症病床数:0合計病床数:297】北海道滝川市朝日町東２丁目１番５号" }, "geometry": { "type": "Point", "coordinates": [ 141.9146264, 43.5687584 ] } },
{ "type": "Feature", "properties": { "ID": 111010003900, "正式名称": "医療法人優仁会若葉台病院", "機関区分": 1, "都道府県コード": 1, "市区町村コード": 225, "所在地": "北海道滝川市江部乙町１４５２番１", "緯度": 43.624304, "経度": 141.948077, "url": "https://www.iryou.teikyouseido.mhlw.go.jp/znk-web/juminkanja/S2430/initialize?prefCd=01&kikanCd=11010003900&kikanKbn=1", "url2": "https://cms.yujinkai.org/wakabadai/", "内容": "医療法人優仁会若葉台病院【1:病院】【診療科目:0】【一般病床数:0療養病床数:204精神病床数:0感染症病床数:0合計病床数:204】北海道滝川市江部乙町１４５２番１" }, "geometry": { "type": "Point", "coordinates": [ 141.948077, 43.624304 ] } },
{ "type": "Feature", "properties": { "ID": 111010003920, "正式名称": "医療法人翔陽会　滝川脳神経外科病院", "機関区分": 1, "都道府県コード": 1, "市区町村コード": 225, "所在地": "北海道滝川市西町１丁目２番５号", "緯度": 43.560493, "経度": 141.902583, "url": "https://www.iryou.teikyouseido.mhlw.go.jp/znk-web/juminkanja/S2430/initialize?prefCd=01&kikanCd=11010003920&kikanKbn=1", "url2": "www.takinouge.com/", "内容": "医療法人翔陽会　滝川脳神経外科病院【1:病院】【診療科目:0】【一般病床数:72療養病床数:60精神病床数:0感染症病床数:0合計病床数:132】北海道滝川市西町１丁目２番５号" }, "geometry": { "type": "Point", "coordinates": [ 141.902583, 43.560493 ] } },
{ "type": "Feature", "properties": { "ID": 111010003940, "正式名称": "平岸病院", "機関区分": 1, "都道府県コード": 1, "市区町村コード": 218, "所在地": "北海道赤平市平岸新光町２丁目１番地", "緯度": 43.541405, "経度": 142.11476, "url": "https://www.iryou.teikyouseido.mhlw.go.jp/znk-web/juminkanja/S2430/initialize?prefCd=01&kikanCd=11010003940&kikanKbn=1", "url2": "http://www.hakuyukai.or.jp", "内容": "平岸病院【1:病院】【診療科目:0】【一般病床数:42療養病床数:0精神病床数:324感染症病床数:0合計病床数:366】北海道赤平市平岸新光町２丁目１番地" }, "geometry": { "type": "Point", "coordinates": [ 142.11476, 43.541405 ] } },
{ "type": "Feature", "properties": { "ID": 111010003950, "正式名称": "空知中央病院", "機関区分": 1, "都道府県コード": 1, "市区町村コード": 432, "所在地": "北海道樺戸郡新十津川町字中央２０番地４", "緯度": 43.545117, "経度": 141.875226, "url": "https://www.iryou.teikyouseido.mhlw.go.jp/znk-web/juminkanja/S2430/initialize?prefCd=01&kikanCd=11010003950&kikanKbn=1", "url2": "http://www.sorachi.or.jp/", "内容": "空知中央病院【1:病院】【診療科目:0】【一般病床数:0療養病床数:200精神病床数:0感染症病床数:0合計病床数:200】北海道樺戸郡新十津川町字中央２０番地４" }, "geometry": { "type": "Point", "coordinates": [ 141.875226, 43.545117 ] } },
{ "type": "Feature", "properties": { "ID": 111010003960, "正式名称": "市立芦別病院", "機関区分": 1, "都道府県コード": 1, "市区町村コード": 216, "所在地": "北海道芦別市本町１４番地", "緯度": 43.518292, "経度": 142.195728, "url": "https://www.iryou.teikyouseido.mhlw.go.jp/znk-web/juminkanja/S2430/initialize?prefCd=01&kikanCd=11010003960&kikanKbn=1", "url2": "https://www.city.ashibetsu.hokkaido.jp/docs/5222.html", "内容": "市立芦別病院【1:病院】【診療科目:0】【一般病床数:58療養病床数:31精神病床数:0感染症病床数:0合計病床数:89】北海道芦別市本町１４番地" }, "geometry": { "type": "Point", "coordinates": [ 142.195728, 43.518292 ] } },
{ "type": "Feature", "properties": { "ID": 111010003970, "正式名称": "医療法人仁恵会中野記念病院", "機関区分": 1, "都道府県コード": 1, "市区町村コード": 216, "所在地": "北海道芦別市旭町４８番地", "緯度": 43.524847, "経度": 142.19795, "url": "https://www.iryou.teikyouseido.mhlw.go.jp/znk-web/juminkanja/S2430/initialize?prefCd=01&kikanCd=11010003970&kikanKbn=1", "url2": "https://www.jinkeikai.com/", "内容": "医療法人仁恵会中野記念病院【1:病院】【診療科目:0】【一般病床数:0療養病床数:0精神病床数:202感染症病床数:0合計病床数:202】北海道芦別市旭町４８番地" }, "geometry": { "type": "Point", "coordinates": [ 142.19795, 43.524847 ] } },
{ "type": "Feature", "properties": { "ID": 111010003990, "正式名称": "奈井江町立国民健康保険病院", "機関区分": 1, "都道府県コード": 1, "市区町村コード": 424, "所在地": "北海道空知郡奈井江町字奈井江１２番地", "緯度": 43.42571, "経度": 141.88422, "url": "https://www.iryou.teikyouseido.mhlw.go.jp/znk-web/juminkanja/S2430/initialize?prefCd=01&kikanCd=11010003990&kikanKbn=1", "url2": "www.town.naie.hokkaido.jp", "内容": "奈井江町立国民健康保険病院【1:病院】【診療科目:0】【一般病床数:0療養病床数:50精神病床数:0感染症病床数:0合計病床数:50】北海道空知郡奈井江町字奈井江１２番地" }, "geometry": { "type": "Point", "coordinates": [ 141.88422, 43.42571 ] } },
{ "type": "Feature", "properties": { "ID": 111010004000, "正式名称": "新雨竜第一病院", "機関区分": 1, "都道府県コード": 1, "市区町村コード": 436, "所在地": "北海道雨竜郡雨竜町字尾白利加９１番地１", "緯度": 43.649412, "経度": 141.891108, "url": "https://www.iryou.teikyouseido.mhlw.go.jp/znk-web/juminkanja/S2430/initialize?prefCd=01&kikanCd=11010004000&kikanKbn=1", "url2": "www.henry-dunant.or.jp", "内容": "新雨竜第一病院【1:病院】【診療科目:0】【一般病床数:0療養病床数:108精神病床数:0感染症病床数:0合計病床数:108】北海道雨竜郡雨竜町字尾白利加９１番地１" }, "geometry": { "type": "Point", "coordinates": [ 141.891108, 43.649412 ] } },
{ "type": "Feature", "properties": { "ID": 111010004010, "正式名称": "深川市立病院", "機関区分": 1, "都道府県コード": 1, "市区町村コード": 228, "所在地": "北海道深川市６条６番１号", "緯度": 43.716129, "経度": 142.040287, "url": "https://www.iryou.teikyouseido.mhlw.go.jp/znk-web/juminkanja/S2430/initialize?prefCd=01&kikanCd=11010004010&kikanKbn=1", "url2": "http://www.city.fukagawa.lg.jp/web/section/fukabyo/", "内容": "深川市立病院【1:病院】【診療科目:0】【一般病床数:191療養病床数:0精神病床数:0感染症病床数:4合計病床数:195】北海道深川市６条６番１号" }, "geometry": { "type": "Point", "coordinates": [ 142.040287, 43.716129 ] } },
{ "type": "Feature", "properties": { "ID": 111010004040, "正式名称": "北海道中央病院", "機関区分": 1, "都道府県コード": 1, "市区町村コード": 228, "所在地": "北海道深川市西町１番７号", "緯度": 43.716546, "経度": 142.030344, "url": "https://www.iryou.teikyouseido.mhlw.go.jp/znk-web/juminkanja/S2430/initialize?prefCd=01&kikanCd=11010004040&kikanKbn=1", "url2": "https://mypage.fukanavi.com/central/", "内容": "北海道中央病院【1:病院】【診療科目:0】【一般病床数:0療養病床数:137精神病床数:0感染症病床数:0合計病床数:137】北海道深川市西町１番７号" }, "geometry": { "type": "Point", "coordinates": [ 142.030344, 43.716546 ] } },
{ "type": "Feature", "properties": { "ID": 111010004050, "正式名称": "医療法人圭仁会東ヶ丘病院", "機関区分": 1, "都道府県コード": 1, "市区町村コード": 228, "所在地": "北海道深川市音江町字音江２５７番地の２", "緯度": 43.692503, "経度": 142.060912, "url": "https://www.iryou.teikyouseido.mhlw.go.jp/znk-web/juminkanja/S2430/initialize?prefCd=01&kikanCd=11010004050&kikanKbn=1", "url2": "http://higashigaoka-hosp.keijinkai.biz/", "内容": "医療法人圭仁会東ヶ丘病院【1:病院】【診療科目:0】【一般病床数:0療養病床数:0精神病床数:329感染症病床数:0合計病床数:329】北海道深川市音江町字音江２５７番地の２" }, "geometry": { "type": "Point", "coordinates": [ 142.060912, 43.692503 ] } },
{ "type": "Feature", "properties": { "ID": 111010004060, "正式名称": "深川第一病院", "機関区分": 1, "都道府県コード": 1, "市区町村コード": 228, "所在地": "北海道深川市あけぼの町１番１号", "緯度": 43.741321, "経度": 142.035453, "url": "https://www.iryou.teikyouseido.mhlw.go.jp/znk-web/juminkanja/S2430/initialize?prefCd=01&kikanCd=11010004060&kikanKbn=1", "url2": "http://www.henry-dunant.or.jp", "内容": "深川第一病院【1:病院】【診療科目:0】【一般病床数:0療養病床数:270精神病床数:0感染症病床数:0合計病床数:270】北海道深川市あけぼの町１番１号" }, "geometry": { "type": "Point", "coordinates": [ 142.035453, 43.741321 ] } },
{ "type": "Feature", "properties": { "ID": 111010004070, "正式名称": "医療法人社団厚北会吉本病院", "機関区分": 1, "都道府県コード": 1, "市区町村コード": 228, "所在地": "北海道深川市３条２５番１９号", "緯度": 43.7267081, "経度": 142.065227, "url": "https://www.iryou.teikyouseido.mhlw.go.jp/znk-web/juminkanja/S2430/initialize?prefCd=01&kikanCd=11010004070&kikanKbn=1", "url2": "https://www.yoshimoto-hp.com/", "内容": "医療法人社団厚北会吉本病院【1:病院】【診療科目:0】【一般病床数:0療養病床数:0精神病床数:100感染症病床数:0合計病床数:100】北海道深川市３条２５番１９号" }, "geometry": { "type": "Point", "coordinates": [ 142.065227, 43.7267081 ] } },
{ "type": "Feature", "properties": { "ID": 111010004090, "正式名称": "豊浦町国民健康保険病院", "機関区分": 1, "都道府県コード": 1, "市区町村コード": 571, "所在地": "北海道虻田郡豊浦町字東雲町１６番地１", "緯度": 42.582866, "経度": 140.715394, "url": "https://www.iryou.teikyouseido.mhlw.go.jp/znk-web/juminkanja/S2430/initialize?prefCd=01&kikanCd=11010004090&kikanKbn=1", "url2": "https://www.town.toyoura.hokkaido.jp/hotnews/detail/00004093.html", "内容": "豊浦町国民健康保険病院【1:病院】【診療科目:0】【一般病床数:0療養病床数:60精神病床数:0感染症病床数:0合計病床数:60】北海道虻田郡豊浦町字東雲町１６番地１" }, "geometry": { "type": "Point", "coordinates": [ 140.715394, 42.582866 ] } },
{ "type": "Feature", "properties": { "ID": 111010004120, "正式名称": "社会医療法人　製鉄記念室蘭病院", "機関区分": 1, "都道府県コード": 1, "市区町村コード": 205, "所在地": "北海道室蘭市知利別町１丁目４５番地", "緯度": 42.357799, "経度": 141.01615, "url": "https://www.iryou.teikyouseido.mhlw.go.jp/znk-web/juminkanja/S2430/initialize?prefCd=01&kikanCd=11010004120&kikanKbn=1", "url2": "https://www.nshp-muroran.or.jp/", "内容": "社会医療法人　製鉄記念室蘭病院【1:病院】【診療科目:0】【一般病床数:347療養病床数:0精神病床数:0感染症病床数:0合計病床数:347】北海道室蘭市知利別町１丁目４５番地" }, "geometry": { "type": "Point", "coordinates": [ 141.01615, 42.357799 ] } },
{ "type": "Feature", "properties": { "ID": 111010004130, "正式名称": "日鋼記念病院", "機関区分": 1, "都道府県コード": 1, "市区町村コード": 205, "所在地": "北海道室蘭市新富町１丁目５番１３号", "緯度": 42.315705, "経度": 140.985051, "url": "https://www.iryou.teikyouseido.mhlw.go.jp/znk-web/juminkanja/S2430/initialize?prefCd=01&kikanCd=11010004130&kikanKbn=1", "url2": "http://www.nikko-kinen.or.jp/", "内容": "日鋼記念病院【1:病院】【診療科目:0】【一般病床数:303療養病床数:45精神病床数:0感染症病床数:0合計病床数:348】北海道室蘭市新富町１丁目５番１３号" }, "geometry": { "type": "Point", "coordinates": [ 140.985051, 42.315705 ] } },
{ "type": "Feature", "properties": { "ID": 111010004140, "正式名称": "大川原脳神経外科病院", "機関区分": 1, "都道府県コード": 1, "市区町村コード": 205, "所在地": "北海道室蘭市寿町１丁目１０番１号", "緯度": 42.3481635, "経度": 141.0310157, "url": "https://www.iryou.teikyouseido.mhlw.go.jp/znk-web/juminkanja/S2430/initialize?prefCd=01&kikanCd=11010004140&kikanKbn=1", "url2": "https://isyuukai.jp/ohkawara/", "内容": "大川原脳神経外科病院【1:病院】【診療科目:0】【一般病床数:137療養病床数:0精神病床数:0感染症病床数:0合計病床数:137】北海道室蘭市寿町１丁目１０番１号" }, "geometry": { "type": "Point", "coordinates": [ 141.031015700000012, 42.3481635 ] } },
{ "type": "Feature", "properties": { "ID": 111010004150, "正式名称": "医療法人室蘭太平洋病院", "機関区分": 1, "都道府県コード": 1, "市区町村コード": 205, "所在地": "北海道室蘭市白鳥台５丁目１９番２号", "緯度": 42.379323, "経度": 140.942166, "url": "https://www.iryou.teikyouseido.mhlw.go.jp/znk-web/juminkanja/S2430/initialize?prefCd=01&kikanCd=11010004150&kikanKbn=1", "url2": "http://taiheiyo.jp", "内容": "医療法人室蘭太平洋病院【1:病院】【診療科目:0】【一般病床数:74療養病床数:136精神病床数:0感染症病床数:0合計病床数:210】北海道室蘭市白鳥台５丁目１９番２号" }, "geometry": { "type": "Point", "coordinates": [ 140.942166, 42.379323 ] } },
{ "type": "Feature", "properties": { "ID": 111010004160, "正式名称": "医療法人社団積信会三村病院", "機関区分": 1, "都道府県コード": 1, "市区町村コード": 205, "所在地": "北海道室蘭市中島町３丁目３２番１５号", "緯度": 42.352202, "経度": 141.023601, "url": "https://www.iryou.teikyouseido.mhlw.go.jp/znk-web/juminkanja/S2430/initialize?prefCd=01&kikanCd=11010004160&kikanKbn=1", "url2": "http://www.aoikai.jp/mimura/", "内容": "医療法人社団積信会三村病院【1:病院】【診療科目:0】【一般病床数:0療養病床数:0精神病床数:250感染症病床数:0合計病床数:250】北海道室蘭市中島町３丁目３２番１５号" }, "geometry": { "type": "Point", "coordinates": [ 141.023601, 42.352202 ] } },
{ "type": "Feature", "properties": { "ID": 111010004170, "正式名称": "医療法人社団上田病院", "機関区分": 1, "都道府県コード": 1, "市区町村コード": 205, "所在地": "北海道室蘭市東町２丁目２４番６号", "緯度": 42.3470728, "経度": 141.0287276, "url": "https://www.iryou.teikyouseido.mhlw.go.jp/znk-web/juminkanja/S2430/initialize?prefCd=01&kikanCd=11010004170&kikanKbn=1", "url2": "http://itp.ne.jp/ap/0143443690/", "内容": "医療法人社団上田病院【1:病院】【診療科目:0】【一般病床数:0療養病床数:120精神病床数:0感染症病床数:0合計病床数:120】北海道室蘭市東町２丁目２４番６号" }, "geometry": { "type": "Point", "coordinates": [ 141.0287276, 42.3470728 ] } },
{ "type": "Feature", "properties": { "ID": 111010004180, "正式名称": "医療法人社団千寿会三愛病院", "機関区分": 1, "都道府県コード": 1, "市区町村コード": 230, "所在地": "北海道登別市中登別町２４番地", "緯度": 42.464609, "経度": 141.167695, "url": "https://www.iryou.teikyouseido.mhlw.go.jp/znk-web/juminkanja/S2430/initialize?prefCd=01&kikanCd=11010004180&kikanKbn=1", "url2": "http://www.sanai-hospital.or.jp", "内容": "医療法人社団千寿会三愛病院【1:病院】【診療科目:0】【一般病床数:0療養病床数:74精神病床数:460感染症病床数:0合計病床数:534】北海道登別市中登別町２４番地" }, "geometry": { "type": "Point", "coordinates": [ 141.167695, 42.464609 ] } },
{ "type": "Feature", "properties": { "ID": 111010004190, "正式名称": "社会医療法人友愛会恵愛病院", "機関区分": 1, "都道府県コード": 1, "市区町村コード": 230, "所在地": "北海道登別市鷲別町２丁目３１番地１", "緯度": 42.3563805, "経度": 141.0480918, "url": "https://www.iryou.teikyouseido.mhlw.go.jp/znk-web/juminkanja/S2430/initialize?prefCd=01&kikanCd=11010004190&kikanKbn=1", "url2": "http://www.yuuaikai.jp/", "内容": "社会医療法人友愛会恵愛病院【1:病院】【診療科目:0】【一般病床数:0療養病床数:16精神病床数:234感染症病床数:0合計病床数:250】北海道登別市鷲別町２丁目３１番地１" }, "geometry": { "type": "Point", "coordinates": [ 141.0480918, 42.3563805 ] } },
{ "type": "Feature", "properties": { "ID": 111010004200, "正式名称": "医療法人登別すずらん病院", "機関区分": 1, "都道府県コード": 1, "市区町村コード": 230, "所在地": "北海道登別市青葉町３４番地９", "緯度": 42.393698, "経度": 141.078706, "url": "https://www.iryou.teikyouseido.mhlw.go.jp/znk-web/juminkanja/S2430/initialize?prefCd=01&kikanCd=11010004200&kikanKbn=1", "url2": "http://www.suzuran-hosp.or.jp", "内容": "医療法人登別すずらん病院【1:病院】【診療科目:0】【一般病床数:0療養病床数:130精神病床数:0感染症病床数:0合計病床数:130】北海道登別市青葉町３４番地９" }, "geometry": { "type": "Point", "coordinates": [ 141.078706, 42.393698 ] } },
{ "type": "Feature", "properties": { "ID": 111010004220, "正式名称": "交雄会だて病院", "機関区分": 1, "都道府県コード": 1, "市区町村コード": 233, "所在地": "北海道伊達市山下町", "緯度": 42.473149, "経度": 140.853215, "url": "https://www.iryou.teikyouseido.mhlw.go.jp/znk-web/juminkanja/S2430/initialize?prefCd=01&kikanCd=11010004220&kikanKbn=1", "url2": "http://www.koyukai-g.jp/soh/", "内容": "交雄会だて病院【1:病院】【診療科目:0】【一般病床数:0療養病床数:60精神病床数:0感染症病床数:0合計病床数:180】北海道伊達市山下町" }, "geometry": { "type": "Point", "coordinates": [ 140.853215, 42.473149 ] } },
{ "type": "Feature", "properties": { "ID": 111010004230, "正式名称": "医療法人社団ＣＨＣＰヘルスケアシステム　洞爺温泉病院", "機関区分": 1, "都道府県コード": 1, "市区町村コード": 584, "所在地": "北海道虻田郡洞爺湖町洞爺町５４番地４１", "緯度": 42.656499, "経度": 140.830575, "url": "https://www.iryou.teikyouseido.mhlw.go.jp/znk-web/juminkanja/S2430/initialize?prefCd=01&kikanCd=11010004230&kikanKbn=1", "url2": "https://toya-onsen-hospital.or.jp/", "内容": "医療法人社団ＣＨＣＰヘルスケアシステム　洞爺温泉病院【1:病院】【診療科目:0】【一般病床数:100療養病床数:16精神病床数:0感染症病床数:0合計病床数:116】北海道虻田郡洞爺湖町洞爺町５４番地４１" }, "geometry": { "type": "Point", "coordinates": [ 140.830575, 42.656499 ] } },
{ "type": "Feature", "properties": { "ID": 111010004240, "正式名称": "医療法人社団楽生会皆川病院", "機関区分": 1, "都道府県コード": 1, "市区町村コード": 230, "所在地": "北海道登別市中央町３丁目２０番地５", "緯度": 42.4089949, "経度": 141.103465, "url": "https://www.iryou.teikyouseido.mhlw.go.jp/znk-web/juminkanja/S2430/initialize?prefCd=01&kikanCd=11010004240&kikanKbn=1", "url2": "https://www.minakawa-hospital.jp/", "内容": "医療法人社団楽生会皆川病院【1:病院】【診療科目:0】【一般病床数:0療養病床数:84精神病床数:0感染症病床数:0合計病床数:84】北海道登別市中央町３丁目２０番地５" }, "geometry": { "type": "Point", "coordinates": [ 141.103465, 42.4089949 ] } },
{ "type": "Feature", "properties": { "ID": 111010004270, "正式名称": "ミネルバ病院", "機関区分": 1, "都道府県コード": 1, "市区町村コード": 233, "所在地": "北海道伊達市松ケ枝町２４５番地１", "緯度": 42.484102, "経度": 140.896883, "url": "https://www.iryou.teikyouseido.mhlw.go.jp/znk-web/juminkanja/S2430/initialize?prefCd=01&kikanCd=11010004270&kikanKbn=1", "url2": "http://www.minerva.gr.jp/", "内容": "ミネルバ病院【1:病院】【診療科目:0】【一般病床数:0療養病床数:0精神病床数:163感染症病床数:0合計病床数:163】北海道伊達市松ケ枝町２４５番地１" }, "geometry": { "type": "Point", "coordinates": [ 140.896883, 42.484102 ] } },
{ "type": "Feature", "properties": { "ID": 111010004280, "正式名称": "社会医療法人慈恵会　聖ケ丘病院", "機関区分": 1, "都道府県コード": 1, "市区町村コード": 233, "所在地": "北海道伊達市舟岡町２１４番地２２", "緯度": 42.465437, "経度": 140.882663, "url": "https://www.iryou.teikyouseido.mhlw.go.jp/znk-web/juminkanja/S2430/initialize?prefCd=01&kikanCd=11010004280&kikanKbn=1", "url2": "https://www.jikeikai.or.jp", "内容": "社会医療法人慈恵会　聖ケ丘病院【1:病院】【診療科目:0】【一般病床数:0療養病床数:288精神病床数:0感染症病床数:0合計病床数:288】北海道伊達市舟岡町２１４番地２２" }, "geometry": { "type": "Point", "coordinates": [ 140.882663, 42.465437 ] } },
{ "type": "Feature", "properties": { "ID": 111010004290, "正式名称": "社会福祉法人　北海道社会事業協会洞爺病院", "機関区分": 1, "都道府県コード": 1, "市区町村コード": 584, "所在地": "北海道虻田郡洞爺湖町高砂町１２６番地", "緯度": 42.550815, "経度": 140.774196, "url": "https://www.iryou.teikyouseido.mhlw.go.jp/znk-web/juminkanja/S2430/initialize?prefCd=01&kikanCd=11010004290&kikanKbn=1", "url2": "http://toya-hospital.jp", "内容": "社会福祉法人　北海道社会事業協会洞爺病院【1:病院】【診療科目:0】【一般病床数:60療養病床数:111精神病床数:0感染症病床数:0合計病床数:171】北海道虻田郡洞爺湖町高砂町１２６番地" }, "geometry": { "type": "Point", "coordinates": [ 140.774196, 42.550815 ] } },
{ "type": "Feature", "properties": { "ID": 111010004320, "正式名称": "苫小牧市立病院", "機関区分": 1, "都道府県コード": 1, "市区町村コード": 213, "所在地": "北海道苫小牧市清水町１丁目５番２０号", "緯度": 42.6520615, "経度": 141.6034327, "url": "https://www.iryou.teikyouseido.mhlw.go.jp/znk-web/juminkanja/S2430/initialize?prefCd=01&kikanCd=11010004320&kikanKbn=1", "url2": "http://www.city.tomakomai.hokkaido.jp/hospital/", "内容": "苫小牧市立病院【1:病院】【診療科目:0】【一般病床数:368療養病床数:0精神病床数:0感染症病床数:4合計病床数:372】北海道苫小牧市清水町１丁目５番２０号" }, "geometry": { "type": "Point", "coordinates": [ 141.603432700000013, 42.6520615 ] } },
{ "type": "Feature", "properties": { "ID": 111010004330, "正式名称": "白老町立国民健康保険病院", "機関区分": 1, "都道府県コード": 1, "市区町村コード": 578, "所在地": "北海道白老郡白老町日の出町３丁目１番１号", "緯度": 42.557297, "経度": 141.367647, "url": "https://www.iryou.teikyouseido.mhlw.go.jp/znk-web/juminkanja/S2430/initialize?prefCd=01&kikanCd=11010004330&kikanKbn=1", "url2": "https://medical.hokkaido-shiraoi.jp/", "内容": "白老町立国民健康保険病院【1:病院】【診療科目:0】【一般病床数:40療養病床数:0精神病床数:0感染症病床数:0合計病床数:40】北海道白老郡白老町日の出町３丁目１番１号" }, "geometry": { "type": "Point", "coordinates": [ 141.367647, 42.557297 ] } },
{ "type": "Feature", "properties": { "ID": 111010004340, "正式名称": "むかわ町鵡川厚生病院", "機関区分": 1, "都道府県コード": 1, "市区町村コード": 586, "所在地": "北海道勇払郡むかわ町美幸１丁目８６番地", "緯度": 42.574905, "経度": 141.9258, "url": "https://www.iryou.teikyouseido.mhlw.go.jp/znk-web/juminkanja/S2430/initialize?prefCd=01&kikanCd=11010004340&kikanKbn=1", "url2": "http://www.dou-kouseiren.com/byouin/mukawa/", "内容": "むかわ町鵡川厚生病院【1:病院】【診療科目:0】【一般病床数:40療養病床数:0精神病床数:0感染症病床数:0合計病床数:40】北海道勇払郡むかわ町美幸１丁目８６番地" }, "geometry": { "type": "Point", "coordinates": [ 141.9258, 42.574905 ] } },
{ "type": "Feature", "properties": { "ID": 111010004350, "正式名称": "勤医協苫小牧病院", "機関区分": 1, "都道府県コード": 1, "市区町村コード": 213, "所在地": "北海道苫小牧市見山町１丁目８番地２３号", "緯度": 42.640259, "経度": 141.570124, "url": "https://www.iryou.teikyouseido.mhlw.go.jp/znk-web/juminkanja/S2430/initialize?prefCd=01&kikanCd=11010004350&kikanKbn=1", "url2": "http://www.kin-ikyotomakomaibyoin.jp", "内容": "勤医協苫小牧病院【1:病院】【診療科目:0】【一般病床数:40療養病床数:40精神病床数:0感染症病床数:0合計病床数:80】北海道苫小牧市見山町１丁目８番地２３号" }, "geometry": { "type": "Point", "coordinates": [ 141.570124, 42.640259 ] } },
{ "type": "Feature", "properties": { "ID": 111010004370, "正式名称": "王子総合病院", "機関区分": 1, "都道府県コード": 1, "市区町村コード": 213, "所在地": "北海道苫小牧市若草町３丁目４番８号", "緯度": 42.63857, "経度": 141.603651, "url": "https://www.iryou.teikyouseido.mhlw.go.jp/znk-web/juminkanja/S2430/initialize?prefCd=01&kikanCd=11010004370&kikanKbn=1", "url2": "http://www.ojihosp.or.jp/", "内容": "王子総合病院【1:病院】【診療科目:0】【一般病床数:440療養病床数:0精神病床数:0感染症病床数:0合計病床数:440】北海道苫小牧市若草町３丁目４番８号" }, "geometry": { "type": "Point", "coordinates": [ 141.603651, 42.63857 ] } },
{ "type": "Feature", "properties": { "ID": 111010004380, "正式名称": "医療法人社団玄洋会　道央佐藤病院", "機関区分": 1, "都道府県コード": 1, "市区町村コード": 213, "所在地": "北海道苫小牧市樽前２３４番地", "緯度": 42.596334, "経度": 141.427037, "url": "https://www.iryou.teikyouseido.mhlw.go.jp/znk-web/juminkanja/S2430/initialize?prefCd=01&kikanCd=11010004380&kikanKbn=1", "url2": "http://www.douousatou.or.jp", "内容": "医療法人社団玄洋会　道央佐藤病院【1:病院】【診療科目:0】【一般病床数:0療養病床数:0精神病床数:402感染症病床数:0合計病床数:402】北海道苫小牧市樽前２３４番地" }, "geometry": { "type": "Point", "coordinates": [ 141.427037, 42.596334 ] } },
{ "type": "Feature", "properties": { "ID": 111010004400, "正式名称": "社会医療法人延山会　苫小牧澄川病院", "機関区分": 1, "都道府県コード": 1, "市区町村コード": 213, "所在地": "北海道苫小牧市澄川町７丁目９番１８号", "緯度": 42.6238863, "経度": 141.5146273, "url": "https://www.iryou.teikyouseido.mhlw.go.jp/znk-web/juminkanja/S2430/initialize?prefCd=01&kikanCd=11010004400&kikanKbn=1", "url2": "http://www.sumikawa-hp.com", "内容": "社会医療法人延山会　苫小牧澄川病院【1:病院】【診療科目:0】【一般病床数:38療養病床数:52精神病床数:0感染症病床数:0合計病床数:90】北海道苫小牧市澄川町７丁目９番１８号" }, "geometry": { "type": "Point", "coordinates": [ 141.5146273, 42.6238863 ] } },
{ "type": "Feature", "properties": { "ID": 111010004420, "正式名称": "医療法人社団眞和會苫小牧病院", "機関区分": 1, "都道府県コード": 1, "市区町村コード": 213, "所在地": "北海道苫小牧市光洋町３丁目１６番４号", "緯度": 42.624488, "経度": 141.559239, "url": "https://www.iryou.teikyouseido.mhlw.go.jp/znk-web/juminkanja/S2430/initialize?prefCd=01&kikanCd=11010004420&kikanKbn=1", "url2": null, "内容": "医療法人社団眞和會苫小牧病院【1:病院】【診療科目:0】【一般病床数:0療養病床数:59精神病床数:0感染症病床数:0合計病床数:59】北海道苫小牧市光洋町３丁目１６番４号" }, "geometry": { "type": "Point", "coordinates": [ 141.559239, 42.624488 ] } },
{ "type": "Feature", "properties": { "ID": 111010004430, "正式名称": "苫小牧日翔病院", "機関区分": 1, "都道府県コード": 1, "市区町村コード": 213, "所在地": "北海道苫小牧市矢代町２丁目１８番１号", "緯度": 42.625877, "経度": 141.578848, "url": "https://www.iryou.teikyouseido.mhlw.go.jp/znk-web/juminkanja/S2430/initialize?prefCd=01&kikanCd=11010004430&kikanKbn=1", "url2": "http://www.nisshou-hospital.jp/", "内容": "苫小牧日翔病院【1:病院】【診療科目:0】【一般病床数:168療養病床数:0精神病床数:0感染症病床数:0合計病床数:168】北海道苫小牧市矢代町２丁目１８番１号" }, "geometry": { "type": "Point", "coordinates": [ 141.578848, 42.625877 ] } },
{ "type": "Feature", "properties": { "ID": 111010004450, "正式名称": "社会医療法人こぶしウトナイ病院", "機関区分": 1, "都道府県コード": 1, "市区町村コード": 213, "所在地": "北海道苫小牧市ウトナイ２丁目１番８号", "緯度": 42.63345, "経度": 141.59657, "url": "https://www.iryou.teikyouseido.mhlw.go.jp/znk-web/juminkanja/S2430/initialize?prefCd=01&kikanCd=11010004450&kikanKbn=1", "url2": "http://www.uenae-hp.or.jp", "内容": "社会医療法人こぶしウトナイ病院【1:病院】【診療科目:0】【一般病床数:0療養病床数:0精神病床数:180感染症病床数:0合計病床数:180】北海道苫小牧市ウトナイ２丁目１番８号" }, "geometry": { "type": "Point", "coordinates": [ 141.59657, 42.63345 ] } },
{ "type": "Feature", "properties": { "ID": 111010004460, "正式名称": "医療法人社団嵩仁会苫都病院", "機関区分": 1, "都道府県コード": 1, "市区町村コード": 213, "所在地": "北海道苫小牧市若草町５丁目１０番２１号", "緯度": 42.642297, "経度": 141.607601, "url": "https://www.iryou.teikyouseido.mhlw.go.jp/znk-web/juminkanja/S2430/initialize?prefCd=01&kikanCd=11010004460&kikanKbn=1", "url2": "https://sento-med.com/", "内容": "医療法人社団嵩仁会苫都病院【1:病院】【診療科目:0】【一般病床数:0療養病床数:24精神病床数:0感染症病床数:0合計病床数:24】北海道苫小牧市若草町５丁目１０番２１号" }, "geometry": { "type": "Point", "coordinates": [ 141.607601, 42.642297 ] } },
{ "type": "Feature", "properties": { "ID": 111010004470, "正式名称": "医療法人奏和会　苫小牧緑ヶ丘病院", "機関区分": 1, "都道府県コード": 1, "市区町村コード": 213, "所在地": "北海道苫小牧市清水町１丁目５番７号", "緯度": 42.650347, "経度": 141.600734, "url": "https://www.iryou.teikyouseido.mhlw.go.jp/znk-web/juminkanja/S2430/initialize?prefCd=01&kikanCd=11010004470&kikanKbn=1", "url2": "http://www.t-midorigaoka.or.jp/", "内容": "医療法人奏和会　苫小牧緑ヶ丘病院【1:病院】【診療科目:0】【一般病床数:0療養病床数:0精神病床数:111感染症病床数:0合計病床数:111】北海道苫小牧市清水町１丁目５番７号" }, "geometry": { "type": "Point", "coordinates": [ 141.600734, 42.650347 ] } },
{ "type": "Feature", "properties": { "ID": 111010004480, "正式名称": "社会医療法人平成醫塾　苫小牧東病院", "機関区分": 1, "都道府県コード": 1, "市区町村コード": 213, "所在地": "北海道苫小牧市明野新町五丁目１番３０号", "緯度": 42.662568, "経度": 141.636758, "url": "https://www.iryou.teikyouseido.mhlw.go.jp/znk-web/juminkanja/S2430/initialize?prefCd=01&kikanCd=11010004480&kikanKbn=1", "url2": "https://www.health-heart-hope.com/", "内容": "社会医療法人平成醫塾　苫小牧東病院【1:病院】【診療科目:0】【一般病床数:65療養病床数:195精神病床数:0感染症病床数:0合計病床数:260】北海道苫小牧市明野新町五丁目１番３０号" }, "geometry": { "type": "Point", "coordinates": [ 141.636758, 42.662568 ] } },
{ "type": "Feature", "properties": { "ID": 111010004490, "正式名称": "医療法人社団養生館　青葉病院", "機関区分": 1, "都道府県コード": 1, "市区町村コード": 213, "所在地": "北海道苫小牧市青葉町２丁目９－１９", "緯度": 42.629987, "経度": 141.570099, "url": "https://www.iryou.teikyouseido.mhlw.go.jp/znk-web/juminkanja/S2430/initialize?prefCd=01&kikanCd=11010004490&kikanKbn=1", "url2": "http://www.nisshou-hospital.jp/aoba/aoba-01.html", "内容": "医療法人社団養生館　青葉病院【1:病院】【診療科目:0】【一般病床数:52療養病床数:0精神病床数:0感染症病床数:0合計病床数:52】北海道苫小牧市青葉町２丁目９－１９" }, "geometry": { "type": "Point", "coordinates": [ 141.570099, 42.629987 ] } },
{ "type": "Feature", "properties": { "ID": 111010004500, "正式名称": "総合病院浦河赤十字病院", "機関区分": 1, "都道府県コード": 1, "市区町村コード": 607, "所在地": "北海道浦河郡浦河町東町ちのみ１丁目２番１号", "緯度": 42.159864, "経度": 142.788075, "url": "https://www.iryou.teikyouseido.mhlw.go.jp/znk-web/juminkanja/S2430/initialize?prefCd=01&kikanCd=11010004500&kikanKbn=1", "url2": "http://urakawa.jrc.or.jp/", "内容": "総合病院浦河赤十字病院【1:病院】【診療科目:0】【一般病床数:91療養病床数:51精神病床数:0感染症病床数:4合計病床数:146】北海道浦河郡浦河町東町ちのみ１丁目２番１号" }, "geometry": { "type": "Point", "coordinates": [ 142.788075, 42.159864 ] } },
{ "type": "Feature", "properties": { "ID": 111010004520, "正式名称": "日高町立門別国民健康保険病院", "機関区分": 1, "都道府県コード": 1, "市区町村コード": 601, "所在地": "北海道沙流郡日高町門別本町２９番地の９", "緯度": 42.480095, "経度": 142.070369, "url": "https://www.iryou.teikyouseido.mhlw.go.jp/znk-web/juminkanja/S2430/initialize?prefCd=01&kikanCd=11010004520&kikanKbn=1", "url2": "https://www.town.hidaka.hokkaido.jp/site/hospital/", "内容": "日高町立門別国民健康保険病院【1:病院】【診療科目:0】【一般病床数:34療養病床数:0精神病床数:0感染症病床数:0合計病床数:34】北海道沙流郡日高町門別本町２９番地の９" }, "geometry": { "type": "Point", "coordinates": [ 142.070369, 42.480095 ] } },
{ "type": "Feature", "properties": { "ID": 111010004530, "正式名称": "平取町国民健康保険病院", "機関区分": 1, "都道府県コード": 1, "市区町村コード": 602, "所在地": "北海道沙流郡平取町本町６７番地１", "緯度": 42.587946, "経度": 142.136303, "url": "https://www.iryou.teikyouseido.mhlw.go.jp/znk-web/juminkanja/S2430/initialize?prefCd=01&kikanCd=11010004530&kikanKbn=1", "url2": "https://www.town.biratori.hokkaido.jp/soshikikarasagasu/biratorichokokuminkenkohokembyoin/gyomuannai/1/544.html", "内容": "平取町国民健康保険病院【1:病院】【診療科目:0】【一般病床数:42療養病床数:0精神病床数:0感染症病床数:0合計病床数:42】北海道沙流郡平取町本町６７番地１" }, "geometry": { "type": "Point", "coordinates": [ 142.136303, 42.587946 ] } },
{ "type": "Feature", "properties": { "ID": 111010004550, "正式名称": "新ひだか町立静内病院", "機関区分": 1, "都道府県コード": 1, "市区町村コード": 610, "所在地": "北海道日高郡新ひだか町静内緑町４丁目５番１号", "緯度": 42.338898, "経度": 142.37553, "url": "https://www.iryou.teikyouseido.mhlw.go.jp/znk-web/juminkanja/S2430/initialize?prefCd=01&kikanCd=11010004550&kikanKbn=1", "url2": "https://www.shinhidaka-hospital.jp/shizunai/", "内容": "新ひだか町立静内病院【1:病院】【診療科目:0】【一般病床数:58療養病床数:0精神病床数:0感染症病床数:0合計病床数:58】北海道日高郡新ひだか町静内緑町４丁目５番１号" }, "geometry": { "type": "Point", "coordinates": [ 142.37553, 42.338898 ] } },
{ "type": "Feature", "properties": { "ID": 111010004560, "正式名称": "新ひだか町立三石国民健康保険病院", "機関区分": 1, "都道府県コード": 1, "市区町村コード": 610, "所在地": "北海道日高郡新ひだか町三石本町２１４番地", "緯度": 42.248154, "経度": 142.55882, "url": "https://www.iryou.teikyouseido.mhlw.go.jp/znk-web/juminkanja/S2430/initialize?prefCd=01&kikanCd=11010004560&kikanKbn=1", "url2": "http://www.shinhidaka-hokkaido.jp/", "内容": "新ひだか町立三石国民健康保険病院【1:病院】【診療科目:0】【一般病床数:20療養病床数:22精神病床数:0感染症病床数:0合計病床数:42】北海道日高郡新ひだか町三石本町２１４番地" }, "geometry": { "type": "Point", "coordinates": [ 142.55882, 42.248154 ] } },
{ "type": "Feature", "properties": { "ID": 111010004580, "正式名称": "医療法人社団静和会石井病院", "機関区分": 1, "都道府県コード": 1, "市区町村コード": 610, "所在地": "北海道日高郡新ひだか町静内高砂町３丁目３番１号", "緯度": 42.349948, "経度": 142.363629, "url": "https://www.iryou.teikyouseido.mhlw.go.jp/znk-web/juminkanja/S2430/initialize?prefCd=01&kikanCd=11010004580&kikanKbn=1", "url2": "http://www.ishii-hp.jp/", "内容": "医療法人社団静和会石井病院【1:病院】【診療科目:0】【一般病床数:0療養病床数:0精神病床数:158感染症病床数:0合計病床数:158】北海道日高郡新ひだか町静内高砂町３丁目３番１号" }, "geometry": { "type": "Point", "coordinates": [ 142.363629, 42.349948 ] } },
{ "type": "Feature", "properties": { "ID": 111010004600, "正式名称": "美瑛町立病院", "機関区分": 1, "都道府県コード": 1, "市区町村コード": 459, "所在地": "北海道上川郡美瑛町中町３丁目８番３５号", "緯度": 43.590734, "経度": 142.467896, "url": "https://www.iryou.teikyouseido.mhlw.go.jp/znk-web/juminkanja/S2430/initialize?prefCd=01&kikanCd=11010004600&kikanKbn=1", "url2": "http://town.biei.hokkaido.jp/health/medical/", "内容": "美瑛町立病院【1:病院】【診療科目:0】【一般病床数:56療養病床数:42精神病床数:0感染症病床数:0合計病床数:98】北海道上川郡美瑛町中町３丁目８番３５号" }, "geometry": { "type": "Point", "coordinates": [ 142.467896, 43.590734 ] } },
{ "type": "Feature", "properties": { "ID": 111010004620, "正式名称": "医療法人社団敬寿会聖台病院", "機関区分": 1, "都道府県コード": 1, "市区町村コード": 453, "所在地": "北海道上川郡東神楽町東１線２号１３番地", "緯度": 43.719691, "経度": 142.401313, "url": "https://www.iryou.teikyouseido.mhlw.go.jp/znk-web/juminkanja/S2430/initialize?prefCd=01&kikanCd=11010004620&kikanKbn=1", "url2": "https://rokujukai.info/", "内容": "医療法人社団敬寿会聖台病院【1:病院】【診療科目:0】【一般病床数:0療養病床数:0精神病床数:120感染症病床数:0合計病床数:120】北海道上川郡東神楽町東１線２号１３番地" }, "geometry": { "type": "Point", "coordinates": [ 142.401313, 43.719691 ] } },
{ "type": "Feature", "properties": { "ID": 111010004630, "正式名称": "士別市立病院", "機関区分": 1, "都道府県コード": 1, "市区町村コード": 220, "所在地": "北海道士別市東１１条５丁目３０２９番地１", "緯度": 35.963342, "経度": 139.322515, "url": "https://www.iryou.teikyouseido.mhlw.go.jp/znk-web/juminkanja/S2430/initialize?prefCd=01&kikanCd=11010004630&kikanKbn=1", "url2": "https://www.city.shibetsu.lg.jp/shibetsushiritsubyoin/index.html", "内容": "士別市立病院【1:病院】【診療科目:0】【一般病床数:50療養病床数:79精神病床数:0感染症病床数:0合計病床数:129】北海道士別市東１１条５丁目３０２９番地１" }, "geometry": { "type": "Point", "coordinates": [ 139.322515, 35.963342 ] } },
{ "type": "Feature", "properties": { "ID": 111010004650, "正式名称": "名寄市立総合病院", "機関区分": 1, "都道府県コード": 1, "市区町村コード": 221, "所在地": "北海道名寄市西７条南８丁目１番地", "緯度": 44.348541, "経度": 142.451335, "url": "https://www.iryou.teikyouseido.mhlw.go.jp/znk-web/juminkanja/S2430/initialize?prefCd=01&kikanCd=11010004650&kikanKbn=1", "url2": "https://www.nayoroch.jp/", "内容": "名寄市立総合病院【1:病院】【診療科目:0】【一般病床数:290療養病床数:0精神病床数:55感染症病床数:4合計病床数:349】北海道名寄市西７条南８丁目１番地" }, "geometry": { "type": "Point", "coordinates": [ 142.451335, 44.348541 ] } },
{ "type": "Feature", "properties": { "ID": 111010004660, "正式名称": "町立下川病院", "機関区分": 1, "都道府県コード": 1, "市区町村コード": 468, "所在地": "北海道上川郡下川町西町３６番地", "緯度": 44.30441, "経度": 142.631933, "url": "https://www.iryou.teikyouseido.mhlw.go.jp/znk-web/juminkanja/S2430/initialize?prefCd=01&kikanCd=11010004660&kikanKbn=1", "url2": "https://www.town.shimokawa.hokkaido.jp", "内容": "町立下川病院【1:病院】【診療科目:0】【一般病床数:41療養病床数:0精神病床数:0感染症病床数:0合計病床数:41】北海道上川郡下川町西町３６番地" }, "geometry": { "type": "Point", "coordinates": [ 142.631933, 44.30441 ] } },
{ "type": "Feature", "properties": { "ID": 111010004670, "正式名称": "ＪＡ北海道厚生連美深厚生病院", "機関区分": 1, "都道府県コード": 1, "市区町村コード": 469, "所在地": "北海道中川郡美深町東１条南３丁目３番地", "緯度": 44.480414, "経度": 142.34831, "url": "https://www.iryou.teikyouseido.mhlw.go.jp/znk-web/juminkanja/S2430/initialize?prefCd=01&kikanCd=11010004670&kikanKbn=1", "url2": "http://www.dou-kouseiren.com/byouin/bifuka/", "内容": "ＪＡ北海道厚生連美深厚生病院【1:病院】【診療科目:0】【一般病床数:12療養病床数:52精神病床数:0感染症病床数:0合計病床数:64】北海道中川郡美深町東１条南３丁目３番地" }, "geometry": { "type": "Point", "coordinates": [ 142.34831, 44.480414 ] } },
{ "type": "Feature", "properties": { "ID": 111010004680, "正式名称": "医療法人臨生会吉田病院", "機関区分": 1, "都道府県コード": 1, "市区町村コード": 221, "所在地": "北海道名寄市西３条南６丁目８番地２", "緯度": 44.349597, "経度": 142.459446, "url": "https://www.iryou.teikyouseido.mhlw.go.jp/znk-web/juminkanja/S2430/initialize?prefCd=01&kikanCd=11010004680&kikanKbn=1", "url2": "https://www.rinseikai.jp", "内容": "医療法人臨生会吉田病院【1:病院】【診療科目:0】【一般病床数:64療養病床数:60精神病床数:0感染症病床数:0合計病床数:124】北海道名寄市西３条南６丁目８番地２" }, "geometry": { "type": "Point", "coordinates": [ 142.459446, 44.349597 ] } },
{ "type": "Feature", "properties": { "ID": 111010004690, "正式名称": "医療法人社団三愛会　名寄三愛病院", "機関区分": 1, "都道府県コード": 1, "市区町村コード": 221, "所在地": "北海道名寄市西１条北５丁目１番地１９", "緯度": 44.361596, "経度": 142.462584, "url": "https://www.iryou.teikyouseido.mhlw.go.jp/znk-web/juminkanja/S2430/initialize?prefCd=01&kikanCd=11010004690&kikanKbn=1", "url2": "http://www.sanai-kai.or.jp/", "内容": "医療法人社団三愛会　名寄三愛病院【1:病院】【診療科目:0】【一般病床数:44療養病床数:46精神病床数:0感染症病床数:0合計病床数:90】北海道名寄市西１条北５丁目１番地１９" }, "geometry": { "type": "Point", "coordinates": [ 142.462584, 44.361596 ] } },
{ "type": "Feature", "properties": { "ID": 111010004700, "正式名称": "名寄東病院", "機関区分": 1, "都道府県コード": 1, "市区町村コード": 221, "所在地": "北海道名寄市東６条南５丁目９１番地３", "緯度": 44.350347, "経度": 142.475305, "url": "https://www.iryou.teikyouseido.mhlw.go.jp/znk-web/juminkanja/S2430/initialize?prefCd=01&kikanCd=11010004700&kikanKbn=1", "url2": "http://www.nayoro-higashi-hp.net/", "内容": "名寄東病院【1:病院】【診療科目:0】【一般病床数:0療養病床数:105精神病床数:0感染症病床数:0合計病床数:105】北海道名寄市東６条南５丁目９１番地３" }, "geometry": { "type": "Point", "coordinates": [ 142.475305, 44.350347 ] } },
{ "type": "Feature", "properties": { "ID": 111010004720, "正式名称": "上富良野町立病院", "機関区分": 1, "都道府県コード": 1, "市区町村コード": 460, "所在地": "北海道空知郡上富良野町大町３丁目２番２０号", "緯度": 43.454359, "経度": 142.466097, "url": "https://www.iryou.teikyouseido.mhlw.go.jp/znk-web/juminkanja/S2430/initialize?prefCd=01&kikanCd=11010004720&kikanKbn=1", "url2": "http://www.town.kamifurano.hokkaido.jp/index.php?id=24", "内容": "上富良野町立病院【1:病院】【診療科目:0】【一般病床数:30療養病床数:0精神病床数:0感染症病床数:0合計病床数:30】北海道空知郡上富良野町大町３丁目２番２０号" }, "geometry": { "type": "Point", "coordinates": [ 142.466097, 43.454359 ] } },
{ "type": "Feature", "properties": { "ID": 111010004730, "正式名称": "社会福祉法人北海道社会事業協会富良野病院", "機関区分": 1, "都道府県コード": 1, "市区町村コード": 229, "所在地": "北海道富良野市住吉町１番３０号", "緯度": 43.34682, "経度": 142.39377, "url": "https://www.iryou.teikyouseido.mhlw.go.jp/znk-web/juminkanja/S2430/initialize?prefCd=01&kikanCd=11010004730&kikanKbn=1", "url2": "https://ssl.hokushakyo.jp/furano-hospital/", "内容": "社会福祉法人北海道社会事業協会富良野病院【1:病院】【診療科目:0】【一般病床数:195療養病床数:0精神病床数:0感染症病床数:4合計病床数:199】北海道富良野市住吉町１番３０号" }, "geometry": { "type": "Point", "coordinates": [ 142.39377, 43.34682 ] } },
{ "type": "Feature", "properties": { "ID": 111010004740, "正式名称": "北の峰病院", "機関区分": 1, "都道府県コード": 1, "市区町村コード": 229, "所在地": "北海道富良野市２０６２番地", "緯度": 43.32015, "経度": 142.363834, "url": "https://www.iryou.teikyouseido.mhlw.go.jp/znk-web/juminkanja/S2430/initialize?prefCd=01&kikanCd=11010004740&kikanKbn=1", "url2": "http://www.hakuyukai.or.jp/?post_type=kitanomine", "内容": "北の峰病院【1:病院】【診療科目:0】【一般病床数:0療養病床数:0精神病床数:170感染症病床数:0合計病床数:170】北海道富良野市２０６２番地" }, "geometry": { "type": "Point", "coordinates": [ 142.363834, 43.32015 ] } },
{ "type": "Feature", "properties": { "ID": 111010004750, "正式名称": "医療法人社団ふらの西病院", "機関区分": 1, "都道府県コード": 1, "市区町村コード": 229, "所在地": "北海道富良野市桂木町２番７７号", "緯度": 43.350424, "経度": 142.379193, "url": "https://www.iryou.teikyouseido.mhlw.go.jp/znk-web/juminkanja/S2430/initialize?prefCd=01&kikanCd=11010004750&kikanKbn=1", "url2": "http://www.furano.ne.jp/f-w-hosp/", "内容": "医療法人社団ふらの西病院【1:病院】【診療科目:0】【一般病床数:58療養病床数:41精神病床数:0感染症病床数:0合計病床数:99】北海道富良野市桂木町２番７７号" }, "geometry": { "type": "Point", "coordinates": [ 142.379193, 43.350424 ] } },
{ "type": "Feature", "properties": { "ID": 111010004760, "正式名称": "天塩町立国民健康保険病院", "機関区分": 1, "都道府県コード": 1, "市区町村コード": 487, "所在地": "北海道天塩郡天塩町字川口５６９９番地の３", "緯度": 44.922363, "経度": 141.76033, "url": "https://www.iryou.teikyouseido.mhlw.go.jp/znk-web/juminkanja/S2430/initialize?prefCd=01&kikanCd=11010004760&kikanKbn=1", "url2": "http://www.teshiohospital.jp/", "内容": "天塩町立国民健康保険病院【1:病院】【診療科目:0】【一般病床数:38療養病床数:0精神病床数:0感染症病床数:0合計病床数:38】北海道天塩郡天塩町字川口５６９９番地の３" }, "geometry": { "type": "Point", "coordinates": [ 141.76033, 44.922363 ] } },
{ "type": "Feature", "properties": { "ID": 111010004790, "正式名称": "北海道立羽幌病院", "機関区分": 1, "都道府県コード": 1, "市区町村コード": 484, "所在地": "北海道苫前郡羽幌町栄町１１０番地", "緯度": 44.354444, "経度": 141.694509, "url": "https://www.iryou.teikyouseido.mhlw.go.jp/znk-web/juminkanja/S2430/initialize?prefCd=01&kikanCd=11010004790&kikanKbn=1", "url2": "https://haboro.hospital.pref.hokkaido.lg.jp/", "内容": "北海道立羽幌病院【1:病院】【診療科目:0】【一般病床数:91療養病床数:0精神病床数:0感染症病床数:0合計病床数:91】北海道苫前郡羽幌町栄町１１０番地" }, "geometry": { "type": "Point", "coordinates": [ 141.694509, 44.354444 ] } },
{ "type": "Feature", "properties": { "ID": 111010004800, "正式名称": "留萌市立病院", "機関区分": 1, "都道府県コード": 1, "市区町村コード": 212, "所在地": "北海道留萌市東雲町２丁目１６番地１", "緯度": 43.931546, "経度": 141.677454, "url": "https://www.iryou.teikyouseido.mhlw.go.jp/znk-web/juminkanja/S2430/initialize?prefCd=01&kikanCd=11010004800&kikanKbn=1", "url2": "https://rumoi-hp.jp", "内容": "留萌市立病院【1:病院】【診療科目:0】【一般病床数:144療養病床数:0精神病床数:0感染症病床数:4合計病床数:148】北海道留萌市東雲町２丁目１６番地１" }, "geometry": { "type": "Point", "coordinates": [ 141.677454, 43.931546 ] } },
{ "type": "Feature", "properties": { "ID": 111010004830, "正式名称": "医療法人社団心優会留萌記念病院", "機関区分": 1, "都道府県コード": 1, "市区町村コード": 212, "所在地": "北海道留萌市開運町１丁目６番１号", "緯度": 43.9402745, "経度": 141.6482545, "url": "https://www.iryou.teikyouseido.mhlw.go.jp/znk-web/juminkanja/S2430/initialize?prefCd=01&kikanCd=11010004830&kikanKbn=1", "url2": "http://www.shinyukai-r.or.jp/rumoi/", "内容": "医療法人社団心優会留萌記念病院【1:病院】【診療科目:0】【一般病床数:0療養病床数:117精神病床数:0感染症病床数:0合計病床数:117】北海道留萌市開運町１丁目６番１号" }, "geometry": { "type": "Point", "coordinates": [ 141.6482545, 43.9402745 ] } },
{ "type": "Feature", "properties": { "ID": 111010004850, "正式名称": "市立稚内病院", "機関区分": 1, "都道府県コード": 1, "市区町村コード": 214, "所在地": "北海道稚内市中央４丁目１１番６号", "緯度": 45.41316, "経度": 141.673381, "url": "https://www.iryou.teikyouseido.mhlw.go.jp/znk-web/juminkanja/S2430/initialize?prefCd=01&kikanCd=11010004850&kikanKbn=1", "url2": "http://www.city.wakkanai.hokkaido.jp/hospital/", "内容": "市立稚内病院【1:病院】【診療科目:0】【一般病床数:248療養病床数:0精神病床数:70感染症病床数:4合計病床数:322】北海道稚内市中央４丁目１１番６号" }, "geometry": { "type": "Point", "coordinates": [ 141.673381, 45.41316 ] } },
{ "type": "Feature", "properties": { "ID": 111010004880, "正式名称": "枝幸町国民健康保険病院", "機関区分": 1, "都道府県コード": 1, "市区町村コード": 514, "所在地": "北海道枝幸郡枝幸町北栄町１４７４番地１", "緯度": 44.943745, "経度": 142.57184, "url": "https://www.iryou.teikyouseido.mhlw.go.jp/znk-web/juminkanja/S2430/initialize?prefCd=01&kikanCd=11010004880&kikanKbn=1", "url2": "http://www.esashi-hospital.jp", "内容": "枝幸町国民健康保険病院【1:病院】【診療科目:0】【一般病床数:60療養病床数:23精神病床数:0感染症病床数:0合計病床数:83】北海道枝幸郡枝幸町北栄町１４７４番地１" }, "geometry": { "type": "Point", "coordinates": [ 142.57184, 44.943745 ] } },
{ "type": "Feature", "properties": { "ID": 111010004890, "正式名称": "中頓別町国民健康保険病院", "機関区分": 1, "都道府県コード": 1, "市区町村コード": 513, "所在地": "北海道枝幸郡中頓別町字中頓別１７５番地", "緯度": 44.828102, "経度": 142.31003, "url": "https://www.iryou.teikyouseido.mhlw.go.jp/znk-web/juminkanja/S2430/initialize?prefCd=01&kikanCd=11010004890&kikanKbn=1", "url2": "https://sites.google.com/view/nakatombetsu-town-hospital", "内容": "中頓別町国民健康保険病院【1:病院】【診療科目:0】【一般病床数:20療養病床数:0精神病床数:0感染症病床数:0合計病床数:20】北海道枝幸郡中頓別町字中頓別１７５番地" }, "geometry": { "type": "Point", "coordinates": [ 142.31003, 44.828102 ] } },
{ "type": "Feature", "properties": { "ID": 111010004910, "正式名称": "利尻島国保中央病院", "機関区分": 1, "都道府県コード": 1, "市区町村コード": 518, "所在地": "北海道利尻郡利尻町沓形字緑町１１番地", "緯度": 45.186153, "経度": 141.1372, "url": "https://www.iryou.teikyouseido.mhlw.go.jp/znk-web/juminkanja/S2430/initialize?prefCd=01&kikanCd=11010004910&kikanKbn=1", "url2": "http://www.town.rishiri.hokkaido.jp/KOKUHO/", "内容": "利尻島国保中央病院【1:病院】【診療科目:0】【一般病床数:42療養病床数:0精神病床数:0感染症病床数:0合計病床数:42】北海道利尻郡利尻町沓形字緑町１１番地" }, "geometry": { "type": "Point", "coordinates": [ 141.1372, 45.186153 ] } },
{ "type": "Feature", "properties": { "ID": 111010004930, "正式名称": "社会医療法人禎心会稚内禎心会病院", "機関区分": 1, "都道府県コード": 1, "市区町村コード": 214, "所在地": "北海道稚内市栄１丁目２４番１号", "緯度": 45.3871487, "経度": 141.6965714, "url": "https://www.iryou.teikyouseido.mhlw.go.jp/znk-web/juminkanja/S2430/initialize?prefCd=01&kikanCd=11010004930&kikanKbn=1", "url2": "http://www.teishinkai.jp", "内容": "社会医療法人禎心会稚内禎心会病院【1:病院】【診療科目:0】【一般病床数:50療養病床数:60精神病床数:0感染症病床数:0合計病床数:110】北海道稚内市栄１丁目２４番１号" }, "geometry": { "type": "Point", "coordinates": [ 141.69657140000001, 45.3871487 ] } },
{ "type": "Feature", "properties": { "ID": 111010004950, "正式名称": "美幌療育病院", "機関区分": 1, "都道府県コード": 1, "市区町村コード": 543, "所在地": "北海道網走郡美幌町美富９番地", "緯度": 43.81471, "経度": 144.101889, "url": "https://www.iryou.teikyouseido.mhlw.go.jp/znk-web/juminkanja/S2430/initialize?prefCd=01&kikanCd=11010004950&kikanKbn=1", "url2": "http://www.bihoro-ryoiku.jp/hospital/index.html", "内容": "美幌療育病院【1:病院】【診療科目:0】【一般病床数:60療養病床数:30精神病床数:60感染症病床数:0合計病床数:150】北海道網走郡美幌町美富９番地" }, "geometry": { "type": "Point", "coordinates": [ 144.101889, 43.81471 ] } },
{ "type": "Feature", "properties": { "ID": 111010004960, "正式名称": "美幌町立国民健康保険病院", "機関区分": 1, "都道府県コード": 1, "市区町村コード": 543, "所在地": "北海道網走郡美幌町字仲町２丁目３８番地", "緯度": 43.8324974, "経度": 144.1052518, "url": "https://www.iryou.teikyouseido.mhlw.go.jp/znk-web/juminkanja/S2430/initialize?prefCd=01&kikanCd=11010004960&kikanKbn=1", "url2": "http://www.town.bihoro.hokkaido.jp/hospital/", "内容": "美幌町立国民健康保険病院【1:病院】【診療科目:0】【一般病床数:99療養病床数:0精神病床数:0感染症病床数:0合計病床数:99】北海道網走郡美幌町字仲町２丁目３８番地" }, "geometry": { "type": "Point", "coordinates": [ 144.1052518, 43.8324974 ] } },
{ "type": "Feature", "properties": { "ID": 111010004970, "正式名称": "津別病院", "機関区分": 1, "都道府県コード": 1, "市区町村コード": 544, "所在地": "北海道網走郡津別町字幸町６１番地", "緯度": 43.70666, "経度": 144.02528, "url": "https://www.iryou.teikyouseido.mhlw.go.jp/znk-web/juminkanja/S2430/initialize?prefCd=01&kikanCd=11010004970&kikanKbn=1", "url2": "https://tsubetsuhospital.jp/", "内容": "津別病院【1:病院】【診療科目:0】【一般病床数:60療養病床数:0精神病床数:0感染症病床数:0合計病床数:60】北海道網走郡津別町字幸町６１番地" }, "geometry": { "type": "Point", "coordinates": [ 144.02528, 43.70666 ] } },
{ "type": "Feature", "properties": { "ID": 111010004990, "正式名称": "北海道立北見病院", "機関区分": 1, "都道府県コード": 1, "市区町村コード": 208, "所在地": "北海道北見市北７条東２丁目２番１", "緯度": 43.809013, "経度": 143.892685, "url": "https://www.iryou.teikyouseido.mhlw.go.jp/znk-web/juminkanja/S2430/initialize?prefCd=01&kikanCd=11010004990&kikanKbn=1", "url2": "https://kitami.hospital.pref.hokkaido.lg.jp/", "内容": "北海道立北見病院【1:病院】【診療科目:0】【一般病床数:70療養病床数:0精神病床数:0感染症病床数:0合計病床数:70】北海道北見市北７条東２丁目２番１" }, "geometry": { "type": "Point", "coordinates": [ 143.892685, 43.809013 ] } },
{ "type": "Feature", "properties": { "ID": 111010005000, "正式名称": "北見赤十字病院", "機関区分": 1, "都道府県コード": 1, "市区町村コード": 208, "所在地": "北海道北見市北６条東２丁目１番地", "緯度": 43.808402, "経度": 143.894573, "url": "https://www.iryou.teikyouseido.mhlw.go.jp/znk-web/juminkanja/S2430/initialize?prefCd=01&kikanCd=11010005000&kikanKbn=1", "url2": "www.kitami.jrc.or.jp", "内容": "北見赤十字病院【1:病院】【診療科目:0】【一般病床数:482療養病床数:0精神病床数:40感染症病床数:2合計病床数:524】北海道北見市北６条東２丁目１番地" }, "geometry": { "type": "Point", "coordinates": [ 143.894573, 43.808402 ] } },
{ "type": "Feature", "properties": { "ID": 111010005010, "正式名称": "置戸赤十字病院", "機関区分": 1, "都道府県コード": 1, "市区町村コード": 550, "所在地": "北海道常呂郡置戸町字置戸７７番地", "緯度": 43.677799, "経度": 143.587938, "url": "https://www.iryou.teikyouseido.mhlw.go.jp/znk-web/juminkanja/S2430/initialize?prefCd=01&kikanCd=11010005010&kikanKbn=1", "url2": "http://oketo.jrc.or.jp/", "内容": "置戸赤十字病院【1:病院】【診療科目:0】【一般病床数:47療養病床数:48精神病床数:0感染症病床数:0合計病床数:95】北海道常呂郡置戸町字置戸７７番地" }, "geometry": { "type": "Point", "coordinates": [ 143.587938, 43.677799 ] } },
{ "type": "Feature", "properties": { "ID": 111010005020, "正式名称": "医療法人社団　拓美会　玉越病院", "機関区分": 1, "都道府県コード": 1, "市区町村コード": 208, "所在地": "北海道北見市光西町１９５番地", "緯度": 43.793459, "経度": 143.871048, "url": "https://www.iryou.teikyouseido.mhlw.go.jp/znk-web/juminkanja/S2430/initialize?prefCd=01&kikanCd=11010005020&kikanKbn=1", "url2": "http://www.takumikai.jp/", "内容": "医療法人社団　拓美会　玉越病院【1:病院】【診療科目:0】【一般病床数:0療養病床数:0精神病床数:110感染症病床数:0合計病床数:110】北海道北見市光西町１９５番地" }, "geometry": { "type": "Point", "coordinates": [ 143.871048, 43.793459 ] } },
{ "type": "Feature", "properties": { "ID": 111010005030, "正式名称": "小林病院", "機関区分": 1, "都道府県コード": 1, "市区町村コード": 208, "所在地": "北海道北見市北３条西４丁目２番地", "緯度": 43.803458, "経度": 143.891352, "url": "https://www.iryou.teikyouseido.mhlw.go.jp/znk-web/juminkanja/S2430/initialize?prefCd=01&kikanCd=11010005030&kikanKbn=1", "url2": "www.k-24.jp", "内容": "小林病院【1:病院】【診療科目:0】【一般病床数:256療養病床数:44精神病床数:0感染症病床数:0合計病床数:300】北海道北見市北３条西４丁目２番地" }, "geometry": { "type": "Point", "coordinates": [ 143.891352, 43.803458 ] } },
{ "type": "Feature", "properties": { "ID": 111010005040, "正式名称": "オホーツク勤医協北見病院", "機関区分": 1, "都道府県コード": 1, "市区町村コード": 208, "所在地": "北海道北見市常盤町５丁目７番地５", "緯度": 43.793015, "経度": 143.889686, "url": "https://www.iryou.teikyouseido.mhlw.go.jp/znk-web/juminkanja/S2430/initialize?prefCd=01&kikanCd=11010005040&kikanKbn=1", "url2": "http://www.o-kinikyo.or.jp", "内容": "オホーツク勤医協北見病院【1:病院】【診療科目:0】【一般病床数:44療養病床数:0精神病床数:0感染症病床数:0合計病床数:44】北海道北見市常盤町５丁目７番地５" }, "geometry": { "type": "Point", "coordinates": [ 143.889686, 43.793015 ] } },
{ "type": "Feature", "properties": { "ID": 111010005050, "正式名称": "社会医療法人耳鼻咽喉科麻生北見病院", "機関区分": 1, "都道府県コード": 1, "市区町村コード": 208, "所在地": "北海道北見市東三輪２丁目５４番地８", "緯度": 43.799902, "経度": 143.857799, "url": "https://www.iryou.teikyouseido.mhlw.go.jp/znk-web/juminkanja/S2430/initialize?prefCd=01&kikanCd=11010005050&kikanKbn=1", "url2": "http://www.jibiazabu.or.jp", "内容": "社会医療法人耳鼻咽喉科麻生北見病院【1:病院】【診療科目:0】【一般病床数:44療養病床数:0精神病床数:0感染症病床数:0合計病床数:44】北海道北見市東三輪２丁目５４番地８" }, "geometry": { "type": "Point", "coordinates": [ 143.857799, 43.799902 ] } },
{ "type": "Feature", "properties": { "ID": 111010005080, "正式名称": "北見北斗病院", "機関区分": 1, "都道府県コード": 1, "市区町村コード": 208, "所在地": "北海道北見市北５条西１丁目６番地", "緯度": 43.8066801, "経度": 143.8925805, "url": "https://www.iryou.teikyouseido.mhlw.go.jp/znk-web/juminkanja/S2430/initialize?prefCd=01&kikanCd=11010005080&kikanKbn=1", "url2": "http://www.kitami-hokuto.com", "内容": "北見北斗病院【1:病院】【診療科目:0】【一般病床数:0療養病床数:75精神病床数:0感染症病床数:0合計病床数:75】北海道北見市北５条西１丁目６番地" }, "geometry": { "type": "Point", "coordinates": [ 143.8925805, 43.8066801 ] } },
{ "type": "Feature", "properties": { "ID": 111010005090, "正式名称": "医療法人社団公和会中村記念愛成病院", "機関区分": 1, "都道府県コード": 1, "市区町村コード": 208, "所在地": "北海道北見市高栄東町４丁目２０番１号", "緯度": 43.818924, "経度": 143.8745317, "url": "https://www.iryou.teikyouseido.mhlw.go.jp/znk-web/juminkanja/S2430/initialize?prefCd=01&kikanCd=11010005090&kikanKbn=1", "url2": "http://www.kouwakai-nakamura.jp/", "内容": "医療法人社団公和会中村記念愛成病院【1:病院】【診療科目:0】【一般病床数:41療養病床数:0精神病床数:0感染症病床数:0合計病床数:41】北海道北見市高栄東町４丁目２０番１号" }, "geometry": { "type": "Point", "coordinates": [ 143.8745317, 43.818924 ] } },
{ "type": "Feature", "properties": { "ID": 111010005100, "正式名称": "医療法人社団　潤清会　端野病院", "機関区分": 1, "都道府県コード": 1, "市区町村コード": 208, "所在地": "北海道北見市端野町一区６６６番地", "緯度": 43.885784, "経度": 143.980202, "url": "https://www.iryou.teikyouseido.mhlw.go.jp/znk-web/juminkanja/S2430/initialize?prefCd=01&kikanCd=11010005100&kikanKbn=1", "url2": "http://www.tanno-hp.jp/", "内容": "医療法人社団　潤清会　端野病院【1:病院】【診療科目:0】【一般病床数:0療養病床数:0精神病床数:140感染症病床数:0合計病床数:140】北海道北見市端野町一区６６６番地" }, "geometry": { "type": "Point", "coordinates": [ 143.980202, 43.885784 ] } },
{ "type": "Feature", "properties": { "ID": 111010005110, "正式名称": "医療法人ケイ・アイ　オホーツクリハビリテーション病院", "機関区分": 1, "都道府県コード": 1, "市区町村コード": 208, "所在地": "北海道北見市端野町二区７９３番地１", "緯度": 43.86079, "経度": 143.94817, "url": "https://www.iryou.teikyouseido.mhlw.go.jp/znk-web/juminkanja/S2430/initialize?prefCd=01&kikanCd=11010005110&kikanKbn=1", "url2": "http://www.okhotsk-reha.com/", "内容": "医療法人ケイ・アイ　オホーツクリハビリテーション病院【1:病院】【診療科目:0】【一般病床数:0療養病床数:100精神病床数:0感染症病床数:0合計病床数:100】北海道北見市端野町二区７９３番地１" }, "geometry": { "type": "Point", "coordinates": [ 143.94817, 43.86079 ] } },
{ "type": "Feature", "properties": { "ID": 111010005120, "正式名称": "医療法人社団高翔会　北星記念病院", "機関区分": 1, "都道府県コード": 1, "市区町村コード": 208, "所在地": "北海道北見市中央三輪２丁目３０２番地１", "緯度": 43.803041, "経度": 143.8513, "url": "https://www.iryou.teikyouseido.mhlw.go.jp/znk-web/juminkanja/S2430/initialize?prefCd=01&kikanCd=11010005120&kikanKbn=1", "url2": "http://www.nouge.gr.jp/", "内容": "医療法人社団高翔会　北星記念病院【1:病院】【診療科目:0】【一般病床数:50療養病床数:52精神病床数:0感染症病床数:0合計病床数:102】北海道北見市中央三輪２丁目３０２番地１" }, "geometry": { "type": "Point", "coordinates": [ 143.8513, 43.803041 ] } },
{ "type": "Feature", "properties": { "ID": 111010005130, "正式名称": "北海道立向陽ヶ丘病院", "機関区分": 1, "都道府県コード": 1, "市区町村コード": 211, "所在地": "北海道網走市向陽ケ丘１丁目５番１号", "緯度": 44.027246, "経度": 144.255061, "url": "https://www.iryou.teikyouseido.mhlw.go.jp/znk-web/juminkanja/S2430/initialize?prefCd=01&kikanCd=11010005130&kikanKbn=1", "url2": "https://kouyougaoka.hospital.pref.hokkaido.lg.jp", "内容": "北海道立向陽ヶ丘病院【1:病院】【診療科目:0】【一般病床数:0療養病床数:0精神病床数:95感染症病床数:0合計病床数:95】北海道網走市向陽ケ丘１丁目５番１号" }, "geometry": { "type": "Point", "coordinates": [ 144.255061, 44.027246 ] } },
{ "type": "Feature", "properties": { "ID": 111010005140, "正式名称": "斜里町国民健康保険病院", "機関区分": 1, "都道府県コード": 1, "市区町村コード": 545, "所在地": "北海道斜里郡斜里町青葉町４１番地", "緯度": 43.905016, "経度": 144.663672, "url": "https://www.iryou.teikyouseido.mhlw.go.jp/znk-web/juminkanja/S2430/initialize?prefCd=01&kikanCd=11010005140&kikanKbn=1", "url2": null, "内容": "斜里町国民健康保険病院【1:病院】【診療科目:0】【一般病床数:55療養病床数:40精神病床数:0感染症病床数:0合計病床数:95】北海道斜里郡斜里町青葉町４１番地" }, "geometry": { "type": "Point", "coordinates": [ 144.663672, 43.905016 ] } },
{ "type": "Feature", "properties": { "ID": 111010005150, "正式名称": "ＪＡ北海道厚生連網走厚生病院", "機関区分": 1, "都道府県コード": 1, "市区町村コード": 211, "所在地": "北海道網走市北６条西１丁目９番地", "緯度": 44.025524, "経度": 144.263311, "url": "https://www.iryou.teikyouseido.mhlw.go.jp/znk-web/juminkanja/S2430/initialize?prefCd=01&kikanCd=11010005150&kikanKbn=1", "url2": "http://www.dou-kouseiren.com/byouin/abasiri/", "内容": "ＪＡ北海道厚生連網走厚生病院【1:病院】【診療科目:0】【一般病床数:345療養病床数:0精神病床数:0感染症病床数:2合計病床数:347】北海道網走市北６条西１丁目９番地" }, "geometry": { "type": "Point", "coordinates": [ 144.263311, 44.025524 ] } },
{ "type": "Feature", "properties": { "ID": 111010005160, "正式名称": "小清水赤十字病院", "機関区分": 1, "都道府県コード": 1, "市区町村コード": 547, "所在地": "北海道斜里郡小清水町南町２丁目３－３", "緯度": 43.8555117, "経度": 144.4597325, "url": "https://www.iryou.teikyouseido.mhlw.go.jp/znk-web/juminkanja/S2430/initialize?prefCd=01&kikanCd=11010005160&kikanKbn=1", "url2": "http://www.phoenix-c.or.jp/~krchp/", "内容": "小清水赤十字病院【1:病院】【診療科目:0】【一般病床数:49療養病床数:38精神病床数:0感染症病床数:0合計病床数:87】北海道斜里郡小清水町南町２丁目３－３" }, "geometry": { "type": "Point", "coordinates": [ 144.4597325, 43.8555117 ] } },
{ "type": "Feature", "properties": { "ID": 111010005170, "正式名称": "医療法人社団網走中央病院", "機関区分": 1, "都道府県コード": 1, "市区町村コード": 211, "所在地": "北海道網走市南６条東１丁目７番地", "緯度": 44.01958, "経度": 144.268477, "url": "https://www.iryou.teikyouseido.mhlw.go.jp/znk-web/juminkanja/S2430/initialize?prefCd=01&kikanCd=11010005170&kikanKbn=1", "url2": "http://abashiri-chuo.or.jp/", "内容": "医療法人社団網走中央病院【1:病院】【診療科目:0】【一般病床数:0療養病床数:41精神病床数:0感染症病床数:0合計病床数:41】北海道網走市南６条東１丁目７番地" }, "geometry": { "type": "Point", "coordinates": [ 144.268477, 44.01958 ] } },
{ "type": "Feature", "properties": { "ID": 111010005180, "正式名称": "医療法人讃生会　網走記念病院", "機関区分": 1, "都道府県コード": 1, "市区町村コード": 211, "所在地": "北海道網走市潮見１５３番地１", "緯度": 43.993972, "経度": 144.267506, "url": "https://www.iryou.teikyouseido.mhlw.go.jp/znk-web/juminkanja/S2430/initialize?prefCd=01&kikanCd=11010005180&kikanKbn=1", "url2": "https://www.sanseikai-med.jp/abashiri/", "内容": "医療法人讃生会　網走記念病院【1:病院】【診療科目:0】【一般病床数:82療養病床数:48精神病床数:0感染症病床数:0合計病床数:130】北海道網走市潮見１５３番地１" }, "geometry": { "type": "Point", "coordinates": [ 144.267506, 43.993972 ] } },
{ "type": "Feature", "properties": { "ID": 111010005200, "正式名称": "医療法人社団　双心会　女満別中央病院", "機関区分": 1, "都道府県コード": 1, "市区町村コード": 564, "所在地": "北海道網走郡大空町女満別西４条４丁目１番２９号", "緯度": 43.909646, "経度": 144.171463, "url": "https://www.iryou.teikyouseido.mhlw.go.jp/znk-web/juminkanja/S2430/initialize?prefCd=01&kikanCd=11010005200&kikanKbn=1", "url2": "http://sousinkai.jp/", "内容": "医療法人社団　双心会　女満別中央病院【1:病院】【診療科目:0】【一般病床数:36療養病床数:40精神病床数:0感染症病床数:0合計病床数:76】北海道網走郡大空町女満別西４条４丁目１番２９号" }, "geometry": { "type": "Point", "coordinates": [ 144.171463, 43.909646 ] } },
{ "type": "Feature", "properties": { "ID": 111010005210, "正式名称": "ＪＡ北海道厚生連遠軽厚生病院", "機関区分": 1, "都道府県コード": 1, "市区町村コード": 555, "所在地": "北海道紋別郡遠軽町大通北３丁目１番５号", "緯度": 44.062702, "経度": 143.524148, "url": "https://www.iryou.teikyouseido.mhlw.go.jp/znk-web/juminkanja/S2430/initialize?prefCd=01&kikanCd=11010005210&kikanKbn=1", "url2": "http://www.dou-kouseiren.com/byouin/engaru/", "内容": "ＪＡ北海道厚生連遠軽厚生病院【1:病院】【診療科目:0】【一般病床数:160療養病床数:0精神病床数:0感染症病床数:2合計病床数:160】北海道紋別郡遠軽町大通北３丁目１番５号" }, "geometry": { "type": "Point", "coordinates": [ 143.524148, 44.062702 ] } },
{ "type": "Feature", "properties": { "ID": 111010005250, "正式名称": "医療法人恵池会遠軽学田病院", "機関区分": 1, "都道府県コード": 1, "市区町村コード": 555, "所在地": "北海道紋別郡遠軽町岩見通北６丁目２番地", "緯度": 44.068034, "経度": 143.52537, "url": "https://www.iryou.teikyouseido.mhlw.go.jp/znk-web/juminkanja/S2430/initialize?prefCd=01&kikanCd=11010005250&kikanKbn=1", "url2": null, "内容": "医療法人恵池会遠軽学田病院【1:病院】【診療科目:0】【一般病床数:0療養病床数:0精神病床数:135感染症病床数:0合計病床数:135】北海道紋別郡遠軽町岩見通北６丁目２番地" }, "geometry": { "type": "Point", "coordinates": [ 143.52537, 44.068034 ] } },
{ "type": "Feature", "properties": { "ID": 111010005260, "正式名称": "医療法人社団耕仁会曽我病院", "機関区分": 1, "都道府県コード": 1, "市区町村コード": 559, "所在地": "北海道紋別郡湧別町中湧別中町８２６番地の１", "緯度": 44.188662, "経度": 143.591637, "url": "https://www.iryou.teikyouseido.mhlw.go.jp/znk-web/juminkanja/S2430/initialize?prefCd=01&kikanCd=11010005260&kikanKbn=1", "url2": null, "内容": "医療法人社団耕仁会曽我病院【1:病院】【診療科目:0】【一般病床数:47療養病床数:0精神病床数:0感染症病床数:0合計病床数:47】北海道紋別郡湧別町中湧別中町８２６番地の１" }, "geometry": { "type": "Point", "coordinates": [ 143.591637, 44.188662 ] } },
{ "type": "Feature", "properties": { "ID": 111010005270, "正式名称": "広域紋別病院", "機関区分": 1, "都道府県コード": 1, "市区町村コード": 219, "所在地": "北海道紋別市落石町１丁目３番３７号", "緯度": 44.3621319, "経度": 143.347045, "url": "https://www.iryou.teikyouseido.mhlw.go.jp/znk-web/juminkanja/S2430/initialize?prefCd=01&kikanCd=11010005270&kikanKbn=1", "url2": "http://www.mombetsu-hospital.jp/", "内容": "広域紋別病院【1:病院】【診療科目:0】【一般病床数:148療養病床数:0精神病床数:0感染症病床数:2合計病床数:150】北海道紋別市落石町１丁目３番３７号" }, "geometry": { "type": "Point", "coordinates": [ 143.347045, 44.3621319 ] } },
{ "type": "Feature", "properties": { "ID": 111010005280, "正式名称": "興部町国民健康保険病院", "機関区分": 1, "都道府県コード": 1, "市区町村コード": 561, "所在地": "北海道紋別郡興部町字興部１３２２番地の２３", "緯度": 44.470123, "経度": 143.118774, "url": "https://www.iryou.teikyouseido.mhlw.go.jp/znk-web/juminkanja/S2430/initialize?prefCd=01&kikanCd=11010005280&kikanKbn=1", "url2": "http://www.town.okoppe.lg.jp/hospital/", "内容": "興部町国民健康保険病院【1:病院】【診療科目:0】【一般病床数:32療養病床数:18精神病床数:0感染症病床数:0合計病床数:50】北海道紋別郡興部町字興部１３２２番地の２３" }, "geometry": { "type": "Point", "coordinates": [ 143.118774, 44.470123 ] } },
{ "type": "Feature", "properties": { "ID": 111010005290, "正式名称": "雄武町国民健康保険病院", "機関区分": 1, "都道府県コード": 1, "市区町村コード": 563, "所在地": "北海道紋別郡雄武町字雄武１４８２番地２", "緯度": 44.581858, "経度": 142.956005, "url": "https://www.iryou.teikyouseido.mhlw.go.jp/znk-web/juminkanja/S2430/initialize?prefCd=01&kikanCd=11010005290&kikanKbn=1", "url2": "http://www.town.oumu.hokkaido.jp/hospital/", "内容": "雄武町国民健康保険病院【1:病院】【診療科目:0】【一般病床数:25療養病床数:0精神病床数:0感染症病床数:0合計病床数:25】北海道紋別郡雄武町字雄武１４８２番地２" }, "geometry": { "type": "Point", "coordinates": [ 142.956005, 44.581858 ] } },
{ "type": "Feature", "properties": { "ID": 111010005310, "正式名称": "医療法人社団　幸栄病院", "機関区分": 1, "都道府県コード": 1, "市区町村コード": 219, "所在地": "北海道紋別市幸町６丁目１番８号", "緯度": 44.350807, "経度": 143.352455, "url": "https://www.iryou.teikyouseido.mhlw.go.jp/znk-web/juminkanja/S2430/initialize?prefCd=01&kikanCd=11010005310&kikanKbn=1", "url2": "http://koei.or.jp", "内容": "医療法人社団　幸栄病院【1:病院】【診療科目:0】【一般病床数:0療養病床数:90精神病床数:0感染症病床数:0合計病床数:90】北海道紋別市幸町６丁目１番８号" }, "geometry": { "type": "Point", "coordinates": [ 143.352455, 44.350807 ] } },
{ "type": "Feature", "properties": { "ID": 111010005350, "正式名称": "独立行政法人国立病院機構帯広病院", "機関区分": 1, "都道府県コード": 1, "市区町村コード": 207, "所在地": "北海道帯広市西１８条北２丁目１６", "緯度": 42.9368024, "経度": 143.1610618, "url": "https://www.iryou.teikyouseido.mhlw.go.jp/znk-web/juminkanja/S2430/initialize?prefCd=01&kikanCd=11010005350&kikanKbn=1", "url2": "https://www.obihiro-hosp.org/", "内容": "独立行政法人国立病院機構帯広病院【1:病院】【診療科目:0】【一般病床数:214療養病床数:0精神病床数:100感染症病床数:0合計病床数:314】北海道帯広市西１８条北２丁目１６" }, "geometry": { "type": "Point", "coordinates": [ 143.1610618, 42.9368024 ] } },
{ "type": "Feature", "properties": { "ID": 111010005360, "正式名称": "北海道立緑ヶ丘病院", "機関区分": 1, "都道府県コード": 1, "市区町村コード": 631, "所在地": "北海道河東郡音更町緑が丘１番地", "緯度": 42.98445, "経度": 143.194947, "url": "https://www.iryou.teikyouseido.mhlw.go.jp/znk-web/juminkanja/S2430/initialize?prefCd=01&kikanCd=11010005360&kikanKbn=1", "url2": "http://www.pref.hokkaido.lg.jp/db/mgb/", "内容": "北海道立緑ヶ丘病院【1:病院】【診療科目:0】【一般病床数:0療養病床数:0精神病床数:168感染症病床数:0合計病床数:168】北海道河東郡音更町緑が丘１番地" }, "geometry": { "type": "Point", "coordinates": [ 143.194947, 42.98445 ] } },
{ "type": "Feature", "properties": { "ID": 111010005370, "正式名称": "士幌町国民健康保険病院", "機関区分": 1, "都道府県コード": 1, "市区町村コード": 632, "所在地": "北海道河東郡士幌町字士幌西２線１６７番地", "緯度": 43.17082, "経度": 143.24674, "url": "https://www.iryou.teikyouseido.mhlw.go.jp/znk-web/juminkanja/S2430/initialize?prefCd=01&kikanCd=11010005370&kikanKbn=1", "url2": "https://www.shihoro.jp/shihoro_hospital/", "内容": "士幌町国民健康保険病院【1:病院】【診療科目:0】【一般病床数:50療養病床数:0精神病床数:0感染症病床数:0合計病床数:50】北海道河東郡士幌町字士幌西２線１６７番地" }, "geometry": { "type": "Point", "coordinates": [ 143.24674, 43.17082 ] } },
{ "type": "Feature", "properties": { "ID": 111010005380, "正式名称": "公立芽室病院", "機関区分": 1, "都道府県コード": 1, "市区町村コード": 637, "所在地": "北海道河西郡芽室町東４条３丁目５番地", "緯度": 42.913066, "経度": 143.054684, "url": "https://www.iryou.teikyouseido.mhlw.go.jp/znk-web/juminkanja/S2430/initialize?prefCd=01&kikanCd=11010005380&kikanKbn=1", "url2": "https://memuro.com/", "内容": "公立芽室病院【1:病院】【診療科目:0】【一般病床数:99療養病床数:0精神病床数:0感染症病床数:0合計病床数:99】北海道河西郡芽室町東４条３丁目５番地" }, "geometry": { "type": "Point", "coordinates": [ 143.054684, 42.913066 ] } },
{ "type": "Feature", "properties": { "ID": 111010005390, "正式名称": "社会福祉法人北海道社会事業協会帯広病院", "機関区分": 1, "都道府県コード": 1, "市区町村コード": 207, "所在地": "北海道帯広市東５条南９丁目２番地", "緯度": 42.922707, "経度": 143.213837, "url": "https://www.iryou.teikyouseido.mhlw.go.jp/znk-web/juminkanja/S2430/initialize?prefCd=01&kikanCd=11010005390&kikanKbn=1", "url2": "https://www.obihiro-kyokai-hsp.jp", "内容": "社会福祉法人北海道社会事業協会帯広病院【1:病院】【診療科目:0】【一般病床数:300療養病床数:0精神病床数:0感染症病床数:0合計病床数:300】北海道帯広市東５条南９丁目２番地" }, "geometry": { "type": "Point", "coordinates": [ 143.213837, 42.922707 ] } },
{ "type": "Feature", "properties": { "ID": 111010005400, "正式名称": "ＪＡ北海道厚生連帯広厚生病院", "機関区分": 1, "都道府県コード": 1, "市区町村コード": 207, "所在地": "北海道帯広市西１４条南１０丁目１番地", "緯度": 42.91954, "経度": 143.181618, "url": "https://www.iryou.teikyouseido.mhlw.go.jp/znk-web/juminkanja/S2430/initialize?prefCd=01&kikanCd=11010005400&kikanKbn=1", "url2": "http://www.dou-kouseiren.com/byouin/obihiro/", "内容": "ＪＡ北海道厚生連帯広厚生病院【1:病院】【診療科目:0】【一般病床数:600療養病床数:0精神病床数:45感染症病床数:6合計病床数:651】北海道帯広市西１４条南１０丁目１番地" }, "geometry": { "type": "Point", "coordinates": [ 143.181618, 42.91954 ] } },
{ "type": "Feature", "properties": { "ID": 111010005410, "正式名称": "公益財団法人北海道医療団音更病院", "機関区分": 1, "都道府県コード": 1, "市区町村コード": 631, "所在地": "北海道河東郡音更町緑陽台南区２番地６", "緯度": 42.965298, "経度": 143.19577, "url": "https://www.iryou.teikyouseido.mhlw.go.jp/znk-web/juminkanja/S2430/initialize?prefCd=01&kikanCd=11010005410&kikanKbn=1", "url2": "www.zhi.or.jp", "内容": "公益財団法人北海道医療団音更病院【1:病院】【診療科目:0】【一般病床数:0療養病床数:108精神病床数:0感染症病床数:0合計病床数:108】北海道河東郡音更町緑陽台南区２番地６" }, "geometry": { "type": "Point", "coordinates": [ 143.19577, 42.965298 ] } },
{ "type": "Feature", "properties": { "ID": 111010005420, "正式名称": "公益財団法人北海道医療団帯広第一病院", "機関区分": 1, "都道府県コード": 1, "市区町村コード": 207, "所在地": "北海道帯広市西４条南１５丁目１７番地３", "緯度": 42.914856, "経度": 143.199914, "url": "https://www.iryou.teikyouseido.mhlw.go.jp/znk-web/juminkanja/S2430/initialize?prefCd=01&kikanCd=11010005420&kikanKbn=1", "url2": "https://www.zhi.or.jp", "内容": "公益財団法人北海道医療団帯広第一病院【1:病院】【診療科目:0】【一般病床数:199療養病床数:0精神病床数:0感染症病床数:0合計病床数:199】北海道帯広市西４条南１５丁目１７番地３" }, "geometry": { "type": "Point", "coordinates": [ 143.199914, 42.914856 ] } },
{ "type": "Feature", "properties": { "ID": 111010005430, "正式名称": "公益財団法人北海道医療団帯広西病院", "機関区分": 1, "都道府県コード": 1, "市区町村コード": 207, "所在地": "北海道帯広市西２３条南１丁目１２９番地１", "緯度": 42.922261, "経度": 143.126123, "url": "https://www.iryou.teikyouseido.mhlw.go.jp/znk-web/juminkanja/S2430/initialize?prefCd=01&kikanCd=11010005430&kikanKbn=1", "url2": "http://www.zhi.or.jp", "内容": "公益財団法人北海道医療団帯広西病院【1:病院】【診療科目:0】【一般病床数:0療養病床数:89精神病床数:0感染症病床数:0合計病床数:89】北海道帯広市西２３条南１丁目１２９番地１" }, "geometry": { "type": "Point", "coordinates": [ 143.126123, 42.922261 ] } },
{ "type": "Feature", "properties": { "ID": 111010005440, "正式名称": "社会福祉法人真宗協会帯広光南病院", "機関区分": 1, "都道府県コード": 1, "市区町村コード": 207, "所在地": "北海道帯広市空港南町３０３番地７", "緯度": 42.87349, "経度": 143.15794, "url": "https://www.iryou.teikyouseido.mhlw.go.jp/znk-web/juminkanja/S2430/initialize?prefCd=01&kikanCd=11010005440&kikanKbn=1", "url2": "http://www.shinsyukyoukai.jp/kounanbyouin", "内容": "社会福祉法人真宗協会帯広光南病院【1:病院】【診療科目:0】【一般病床数:0療養病床数:100精神病床数:0感染症病床数:0合計病床数:100】北海道帯広市空港南町３０３番地７" }, "geometry": { "type": "Point", "coordinates": [ 143.15794, 42.87349 ] } },
{ "type": "Feature", "properties": { "ID": 111010005450, "正式名称": "十勝勤医協帯広病院", "機関区分": 1, "都道府県コード": 1, "市区町村コード": 207, "所在地": "北海道帯広市西９条南１２丁目４番地", "緯度": 35.938644, "経度": 139.375408, "url": "https://www.iryou.teikyouseido.mhlw.go.jp/znk-web/juminkanja/S2430/initialize?prefCd=01&kikanCd=11010005450&kikanKbn=1", "url2": "http://www.tokachi-kin-ikyo.or.jp/obihiro-hosp/", "内容": "十勝勤医協帯広病院【1:病院】【診療科目:0】【一般病床数:51療養病床数:0精神病床数:0感染症病床数:0合計病床数:51】北海道帯広市西９条南１２丁目４番地" }, "geometry": { "type": "Point", "coordinates": [ 139.375408, 35.938644 ] } },
{ "type": "Feature", "properties": { "ID": 111010005460, "正式名称": "医療法人社団博仁会　大江病院", "機関区分": 1, "都道府県コード": 1, "市区町村コード": 207, "所在地": "北海道帯広市西２０条南２丁目５番３号", "緯度": 42.920262, "経度": 143.149787, "url": "https://www.iryou.teikyouseido.mhlw.go.jp/znk-web/juminkanja/S2430/initialize?prefCd=01&kikanCd=11010005460&kikanKbn=1", "url2": "https://www.oe-hospital.or.jp", "内容": "医療法人社団博仁会　大江病院【1:病院】【診療科目:0】【一般病床数:0療養病床数:0精神病床数:154感染症病床数:0合計病床数:154】北海道帯広市西２０条南２丁目５番３号" }, "geometry": { "type": "Point", "coordinates": [ 143.149787, 42.920262 ] } },
{ "type": "Feature", "properties": { "ID": 111010005470, "正式名称": "社会医療法人刀圭会協立病院", "機関区分": 1, "都道府県コード": 1, "市区町村コード": 207, "所在地": "北海道帯広市西１６条北１丁目２７番地", "緯度": 42.9311602, "経度": 143.1750395, "url": "https://www.iryou.teikyouseido.mhlw.go.jp/znk-web/juminkanja/S2430/initialize?prefCd=01&kikanCd=11010005470&kikanKbn=1", "url2": "http://toukeikai.or.jp/", "内容": "社会医療法人刀圭会協立病院【1:病院】【診療科目:0】【一般病床数:60療養病床数:60精神病床数:0感染症病床数:0合計病床数:120】北海道帯広市西１６条北１丁目２７番地" }, "geometry": { "type": "Point", "coordinates": [ 143.1750395, 42.9311602 ] } },
{ "type": "Feature", "properties": { "ID": 111010005500, "正式名称": "医療法人　社団　慶愛　　慶愛病院", "機関区分": 1, "都道府県コード": 1, "市区町村コード": 207, "所在地": "北海道帯広市東３条南９丁目２番地", "緯度": 35.857344, "経度": 139.381697, "url": "https://www.iryou.teikyouseido.mhlw.go.jp/znk-web/juminkanja/S2430/initialize?prefCd=01&kikanCd=11010005500&kikanKbn=1", "url2": "http://www.keiai.or.jp", "内容": "医療法人　社団　慶愛　　慶愛病院【1:病院】【診療科目:0】【一般病床数:51療養病床数:0精神病床数:0感染症病床数:0合計病床数:51】北海道帯広市東３条南９丁目２番地" }, "geometry": { "type": "Point", "coordinates": [ 139.381697, 35.857344 ] } },
{ "type": "Feature", "properties": { "ID": 111010005510, "正式名称": "医療法人進和会　西２条腎泌尿器科病院", "機関区分": 1, "都道府県コード": 1, "市区町村コード": 207, "所在地": "北海道帯広市西２条南２丁目１０番地", "緯度": 42.930234, "経度": 143.201366, "url": "https://www.iryou.teikyouseido.mhlw.go.jp/znk-web/juminkanja/S2430/initialize?prefCd=01&kikanCd=11010005510&kikanKbn=1", "url2": "htpp://www.n2jinhinyouki.com/", "内容": "医療法人進和会　西２条腎泌尿器科病院【1:病院】【診療科目:0】【一般病床数:28療養病床数:0精神病床数:0感染症病床数:0合計病床数:28】北海道帯広市西２条南２丁目１０番地" }, "geometry": { "type": "Point", "coordinates": [ 143.201366, 42.930234 ] } },
{ "type": "Feature", "properties": { "ID": 111010005530, "正式名称": "社会医療法人博愛会　新井医院", "機関区分": 1, "都道府県コード": 1, "市区町村コード": 207, "所在地": "北海道帯広市西１条南１５丁目６番地", "緯度": 42.9153571, "経度": 143.205038, "url": "https://www.iryou.teikyouseido.mhlw.go.jp/znk-web/juminkanja/S2430/initialize?prefCd=01&kikanCd=11010005530&kikanKbn=1", "url2": "http://arai-hospital.jp/", "内容": "社会医療法人博愛会　新井医院【1:病院】【診療科目:0】【一般病床数:3療養病床数:0精神病床数:0感染症病床数:0合計病床数:3】北海道帯広市西１条南１５丁目６番地" }, "geometry": { "type": "Point", "coordinates": [ 143.205038, 42.9153571 ] } },
{ "type": "Feature", "properties": { "ID": 111010005550, "正式名称": "医療法人社団　芳誠会　十勝脳神経外科病院", "機関区分": 1, "都道府県コード": 1, "市区町村コード": 207, "所在地": "北海道帯広市西１３条南１丁目１番地２", "緯度": 35.843686, "経度": 139.382111, "url": "https://www.iryou.teikyouseido.mhlw.go.jp/znk-web/juminkanja/S2430/initialize?prefCd=01&kikanCd=11010005550&kikanKbn=1", "url2": null, "内容": "医療法人社団　芳誠会　十勝脳神経外科病院【1:病院】【診療科目:0】【一般病床数:125療養病床数:0精神病床数:0感染症病床数:0合計病床数:125】北海道帯広市西１３条南１丁目１番地２" }, "geometry": { "type": "Point", "coordinates": [ 139.382111, 35.843686 ] } },
{ "type": "Feature", "properties": { "ID": 111010005560, "正式名称": "社会医療法人　北斗　北斗病院", "機関区分": 1, "都道府県コード": 1, "市区町村コード": 207, "所在地": "北海道帯広市稲田町基線７番地５", "緯度": 42.879989, "経度": 143.188869, "url": "https://www.iryou.teikyouseido.mhlw.go.jp/znk-web/juminkanja/S2430/initialize?prefCd=01&kikanCd=11010005560&kikanKbn=1", "url2": "http//www.hokuto7.or.jp", "内容": "社会医療法人　北斗　北斗病院【1:病院】【診療科目:0】【一般病床数:210療養病床数:50精神病床数:0感染症病床数:0合計病床数:260】北海道帯広市稲田町基線７番地５" }, "geometry": { "type": "Point", "coordinates": [ 143.188869, 42.879989 ] } },
{ "type": "Feature", "properties": { "ID": 111010005570, "正式名称": "医療法人社団　　翔嶺館　　十勝の杜病院", "機関区分": 1, "都道府県コード": 1, "市区町村コード": 643, "所在地": "北海道中川郡幕別町字千住１９３番地４", "緯度": 42.908028, "経度": 143.2891, "url": "https://www.iryou.teikyouseido.mhlw.go.jp/znk-web/juminkanja/S2430/initialize?prefCd=01&kikanCd=11010005570&kikanKbn=1", "url2": "https://www.shoureikan.jp", "内容": "医療法人社団　　翔嶺館　　十勝の杜病院【1:病院】【診療科目:0】【一般病床数:52療養病床数:58精神病床数:0感染症病床数:0合計病床数:110】北海道中川郡幕別町字千住１９３番地４" }, "geometry": { "type": "Point", "coordinates": [ 143.2891, 42.908028 ] } },
{ "type": "Feature", "properties": { "ID": 111010005580, "正式名称": "社会医療法人　博愛会　開西病院", "機関区分": 1, "都道府県コード": 1, "市区町村コード": 207, "所在地": "北海道帯広市西２３条南２丁目１６番地２７", "緯度": 42.9176297, "経度": 143.1296039, "url": "https://www.iryou.teikyouseido.mhlw.go.jp/znk-web/juminkanja/S2430/initialize?prefCd=01&kikanCd=11010005580&kikanKbn=1", "url2": "http://www.hakuaikai.org", "内容": "社会医療法人　博愛会　開西病院【1:病院】【診療科目:0】【一般病床数:136療養病床数:60精神病床数:0感染症病床数:0合計病床数:196】北海道帯広市西２３条南２丁目１６番地２７" }, "geometry": { "type": "Point", "coordinates": [ 143.1296039, 42.9176297 ] } },
{ "type": "Feature", "properties": { "ID": 111010005590, "正式名称": "広尾町国民健康保険病院", "機関区分": 1, "都道府県コード": 1, "市区町村コード": 642, "所在地": "北海道広尾郡広尾町公園通南４丁目１番地１３", "緯度": 42.29959, "経度": 143.30795, "url": "https://www.iryou.teikyouseido.mhlw.go.jp/znk-web/juminkanja/S2430/initialize?prefCd=01&kikanCd=11010005590&kikanKbn=1", "url2": "https://hiroo-hospital.or.jp/", "内容": "広尾町国民健康保険病院【1:病院】【診療科目:0】【一般病床数:48療養病床数:0精神病床数:0感染症病床数:0合計病床数:48】北海道広尾郡広尾町公園通南４丁目１番地１３" }, "geometry": { "type": "Point", "coordinates": [ 143.30795, 42.29959 ] } },
{ "type": "Feature", "properties": { "ID": 111010005600, "正式名称": "大樹町立国民健康保険病院", "機関区分": 1, "都道府県コード": 1, "市区町村コード": 641, "所在地": "北海道広尾郡大樹町暁町６番地２", "緯度": 42.488005, "経度": 143.28013, "url": "https://www.iryou.teikyouseido.mhlw.go.jp/znk-web/juminkanja/S2430/initialize?prefCd=01&kikanCd=11010005600&kikanKbn=1", "url2": "https://www.town.taiki.hokkaido.jp/kurashi-tetsuzuki/kenko-iryo-fukushi/1/1/1080.html", "内容": "大樹町立国民健康保険病院【1:病院】【診療科目:0】【一般病床数:50療養病床数:0精神病床数:0感染症病床数:0合計病床数:50】北海道広尾郡大樹町暁町６番地２" }, "geometry": { "type": "Point", "coordinates": [ 143.28013, 42.488005 ] } },
{ "type": "Feature", "properties": { "ID": 111010005610, "正式名称": "鹿追町国民健康保険病院", "機関区分": 1, "都道府県コード": 1, "市区町村コード": 634, "所在地": "北海道河東郡鹿追町東町１丁目３８番地", "緯度": 43.099129, "経度": 142.989654, "url": "https://www.iryou.teikyouseido.mhlw.go.jp/znk-web/juminkanja/S2430/initialize?prefCd=01&kikanCd=11010005610&kikanKbn=1", "url2": "https://www.town.shikaoi.lg.jp/shisetsu/iryo_fukushi/kokuho/", "内容": "鹿追町国民健康保険病院【1:病院】【診療科目:0】【一般病床数:30療養病床数:20精神病床数:0感染症病床数:0合計病床数:50】北海道河東郡鹿追町東町１丁目３８番地" }, "geometry": { "type": "Point", "coordinates": [ 142.989654, 43.099129 ] } },
{ "type": "Feature", "properties": { "ID": 111010005620, "正式名称": "清水赤十字病院", "機関区分": 1, "都道府県コード": 1, "市区町村コード": 636, "所在地": "北海道上川郡清水町南２条２丁目１番地", "緯度": 43.012414, "経度": 142.882611, "url": "https://www.iryou.teikyouseido.mhlw.go.jp/znk-web/juminkanja/S2430/initialize?prefCd=01&kikanCd=11010005620&kikanKbn=1", "url2": "https://shimizu.jrc.or.jp/", "内容": "清水赤十字病院【1:病院】【診療科目:0】【一般病床数:91療養病床数:0精神病床数:0感染症病床数:0合計病床数:91】北海道上川郡清水町南２条２丁目１番地" }, "geometry": { "type": "Point", "coordinates": [ 142.882611, 43.012414 ] } },
{ "type": "Feature", "properties": { "ID": 111010005640, "正式名称": "十勝いけだ地域医療センター", "機関区分": 1, "都道府県コード": 1, "市区町村コード": 644, "所在地": "北海道中川郡池田町字西２条５丁目２５番地", "緯度": 42.929287, "経度": 143.44771, "url": "https://www.iryou.teikyouseido.mhlw.go.jp/znk-web/juminkanja/S2430/initialize?prefCd=01&kikanCd=11010005640&kikanKbn=1", "url2": "https://tokachi.jadecom.or.jp/about/access.html", "内容": "十勝いけだ地域医療センター【1:病院】【診療科目:0】【一般病床数:60療養病床数:0精神病床数:0感染症病床数:0合計病床数:60】北海道中川郡池田町字西２条５丁目２５番地" }, "geometry": { "type": "Point", "coordinates": [ 143.44771, 42.929287 ] } },
{ "type": "Feature", "properties": { "ID": 111010005650, "正式名称": "本別町国民健康保険病院", "機関区分": 1, "都道府県コード": 1, "市区町村コード": 646, "所在地": "北海道中川郡本別町西美里別６番地８", "緯度": 43.122026, "経度": 143.591519, "url": "https://www.iryou.teikyouseido.mhlw.go.jp/znk-web/juminkanja/S2430/initialize?prefCd=01&kikanCd=11010005650&kikanKbn=1", "url2": "http://www.honbetsu-kokuho-hp.JP", "内容": "本別町国民健康保険病院【1:病院】【診療科目:0】【一般病床数:60療養病床数:0精神病床数:0感染症病床数:0合計病床数:60】北海道中川郡本別町西美里別６番地８" }, "geometry": { "type": "Point", "coordinates": [ 143.591519, 43.122026 ] } },
{ "type": "Feature", "properties": { "ID": 111010005660, "正式名称": "足寄町国民健康保険病院", "機関区分": 1, "都道府県コード": 1, "市区町村コード": 647, "所在地": "北海道足寄郡足寄町南２条３丁目１番地", "緯度": 43.242012, "経度": 143.549212, "url": "https://www.iryou.teikyouseido.mhlw.go.jp/znk-web/juminkanja/S2430/initialize?prefCd=01&kikanCd=11010005660&kikanKbn=1", "url2": "https://www.town.ashoro.hokkaido.jp/ashoro-hospital/", "内容": "足寄町国民健康保険病院【1:病院】【診療科目:0】【一般病床数:60療養病床数:0精神病床数:0感染症病床数:0合計病床数:60】北海道足寄郡足寄町南２条３丁目１番地" }, "geometry": { "type": "Point", "coordinates": [ 143.549212, 43.242012 ] } },
{ "type": "Feature", "properties": { "ID": 111010005680, "正式名称": "医療法人社団あすなろ会帯広記念病院", "機関区分": 1, "都道府県コード": 1, "市区町村コード": 207, "所在地": "北海道帯広市川西町基線２８番地１", "緯度": 42.849495, "経度": 143.16557, "url": "https://www.iryou.teikyouseido.mhlw.go.jp/znk-web/juminkanja/S2430/initialize?prefCd=01&kikanCd=11010005680&kikanKbn=1", "url2": "http://obihiro-memorial-hospital.com/", "内容": "医療法人社団あすなろ会帯広記念病院【1:病院】【診療科目:0】【一般病床数:120療養病床数:58精神病床数:0感染症病床数:0合計病床数:178】北海道帯広市川西町基線２８番地１" }, "geometry": { "type": "Point", "coordinates": [ 143.16557, 42.849495 ] } },
{ "type": "Feature", "properties": { "ID": 111010005690, "正式名称": "医療法人社団翔嶺館音更宏明館病院", "機関区分": 1, "都道府県コード": 1, "市区町村コード": 631, "所在地": "北海道河東郡音更町木野大通東１７丁目１番６", "緯度": 42.971202, "経度": 143.20853, "url": "https://www.iryou.teikyouseido.mhlw.go.jp/znk-web/juminkanja/S2430/initialize?prefCd=01&kikanCd=11010005690&kikanKbn=1", "url2": "http://www.shoureikan.jp/", "内容": "医療法人社団翔嶺館音更宏明館病院【1:病院】【診療科目:0】【一般病床数:60療養病床数:120精神病床数:0感染症病床数:0合計病床数:180】北海道河東郡音更町木野大通東１７丁目１番６" }, "geometry": { "type": "Point", "coordinates": [ 143.20853, 42.971202 ] } },
{ "type": "Feature", "properties": { "ID": 111010005700, "正式名称": "医療法人徳洲会帯広徳洲会病院", "機関区分": 1, "都道府県コード": 1, "市区町村コード": 631, "所在地": "北海道河東郡音更町木野西通１４丁目２番地１", "緯度": 42.96575, "経度": 143.20155, "url": "https://www.iryou.teikyouseido.mhlw.go.jp/znk-web/juminkanja/S2430/initialize?prefCd=01&kikanCd=11010005700&kikanKbn=1", "url2": "www//obitoku.com/", "内容": "医療法人徳洲会帯広徳洲会病院【1:病院】【診療科目:0】【一般病床数:152療養病床数:0精神病床数:0感染症病床数:0合計病床数:152】北海道河東郡音更町木野西通１４丁目２番地１" }, "geometry": { "type": "Point", "coordinates": [ 143.20155, 42.96575 ] } },
{ "type": "Feature", "properties": { "ID": 111010005710, "正式名称": "独立行政法人労働者健康安全機構　釧路労災病院", "機関区分": 1, "都道府県コード": 1, "市区町村コード": 206, "所在地": "北海道釧路市中園町１３番２３号", "緯度": 43.006274, "経度": 144.385014, "url": "https://www.iryou.teikyouseido.mhlw.go.jp/znk-web/juminkanja/S2430/initialize?prefCd=01&kikanCd=11010005710&kikanKbn=1", "url2": "https://www.kushiroh.johas.go.jp/", "内容": "独立行政法人労働者健康安全機構　釧路労災病院【1:病院】【診療科目:0】【一般病床数:391療養病床数:0精神病床数:0感染症病床数:0合計病床数:391】北海道釧路市中園町１３番２３号" }, "geometry": { "type": "Point", "coordinates": [ 144.385014, 43.006274 ] } },
{ "type": "Feature", "properties": { "ID": 111010005720, "正式名称": "市立釧路総合病院", "機関区分": 1, "都道府県コード": 1, "市区町村コード": 206, "所在地": "北海道釧路市春湖台１番１２号", "緯度": 42.976972, "経度": 144.40332, "url": "https://www.iryou.teikyouseido.mhlw.go.jp/znk-web/juminkanja/S2430/initialize?prefCd=01&kikanCd=11010005720&kikanKbn=1", "url2": "http://www.kushiro-cghp.jp", "内容": "市立釧路総合病院【1:病院】【診療科目:0】【一般病床数:535療養病床数:0精神病床数:50感染症病床数:4合計病床数:599】北海道釧路市春湖台１番１２号" }, "geometry": { "type": "Point", "coordinates": [ 144.40332, 42.976972 ] } },
{ "type": "Feature", "properties": { "ID": 111010005730, "正式名称": "町立厚岸病院", "機関区分": 1, "都道府県コード": 1, "市区町村コード": 662, "所在地": "北海道厚岸郡厚岸町住の江１丁目１番地", "緯度": 43.057677, "経度": 144.846996, "url": "https://www.iryou.teikyouseido.mhlw.go.jp/znk-web/juminkanja/S2430/initialize?prefCd=01&kikanCd=11010005730&kikanKbn=1", "url2": "http://www.akkeshi-town.jp/byoin", "内容": "町立厚岸病院【1:病院】【診療科目:0】【一般病床数:55療養病床数:0精神病床数:0感染症病床数:0合計病床数:55】北海道厚岸郡厚岸町住の江１丁目１番地" }, "geometry": { "type": "Point", "coordinates": [ 144.846996, 43.057677 ] } },
{ "type": "Feature", "properties": { "ID": 111010005750, "正式名称": "総合病院釧路赤十字病院", "機関区分": 1, "都道府県コード": 1, "市区町村コード": 206, "所在地": "北海道釧路市新栄町２１番１４号", "緯度": 43.001497, "経度": 144.381126, "url": "https://www.iryou.teikyouseido.mhlw.go.jp/znk-web/juminkanja/S2430/initialize?prefCd=01&kikanCd=11010005750&kikanKbn=1", "url2": "https://www.kushiro.jrc.or.jp/", "内容": "総合病院釧路赤十字病院【1:病院】【診療科目:0】【一般病床数:429療養病床数:0精神病床数:48感染症病床数:0合計病床数:477】北海道釧路市新栄町２１番１４号" }, "geometry": { "type": "Point", "coordinates": [ 144.381126, 43.001497 ] } },
{ "type": "Feature", "properties": { "ID": 111010005760, "正式名称": "医療法人太平洋記念みなみ病院", "機関区分": 1, "都道府県コード": 1, "市区町村コード": 206, "所在地": "北海道釧路市春採７丁目９番９号", "緯度": 42.978889, "経度": 144.41879, "url": "https://www.iryou.teikyouseido.mhlw.go.jp/znk-web/juminkanja/S2430/initialize?prefCd=01&kikanCd=11010005760&kikanKbn=1", "url2": "https://www.mhosp.or.jp/", "内容": "医療法人太平洋記念みなみ病院【1:病院】【診療科目:0】【一般病床数:54療養病床数:26精神病床数:0感染症病床数:0合計病床数:80】北海道釧路市春採７丁目９番９号" }, "geometry": { "type": "Point", "coordinates": [ 144.41879, 42.978889 ] } },
{ "type": "Feature", "properties": { "ID": 111010005770, "正式名称": "医療法人社団　三慈会　釧路三慈会病院", "機関区分": 1, "都道府県コード": 1, "市区町村コード": 206, "所在地": "北海道釧路市幣舞町４番３０号", "緯度": 42.97836, "経度": 144.387071, "url": "https://www.iryou.teikyouseido.mhlw.go.jp/znk-web/juminkanja/S2430/initialize?prefCd=01&kikanCd=11010005770&kikanKbn=1", "url2": "https://www.sanjikai.net", "内容": "医療法人社団　三慈会　釧路三慈会病院【1:病院】【診療科目:0】【一般病床数:126療養病床数:0精神病床数:0感染症病床数:0合計病床数:126】北海道釧路市幣舞町４番３０号" }, "geometry": { "type": "Point", "coordinates": [ 144.387071, 42.97836 ] } },
{ "type": "Feature", "properties": { "ID": 111010005780, "正式名称": "道東勤医協　釧路協立病院", "機関区分": 1, "都道府県コード": 1, "市区町村コード": 206, "所在地": "北海道釧路市治水町３番地１４号", "緯度": 43.008479, "経度": 144.371559, "url": "https://www.iryou.teikyouseido.mhlw.go.jp/znk-web/juminkanja/S2430/initialize?prefCd=01&kikanCd=11010005780&kikanKbn=1", "url2": "https://www.dotokin-medwel.jp", "内容": "道東勤医協　釧路協立病院【1:病院】【診療科目:0】【一般病床数:135療養病床数:0精神病床数:0感染症病床数:0合計病床数:135】北海道釧路市治水町３番地１４号" }, "geometry": { "type": "Point", "coordinates": [ 144.371559, 43.008479 ] } },
{ "type": "Feature", "properties": { "ID": 111010005790, "正式名称": "医療法人　扶恵会　釧路中央病院", "機関区分": 1, "都道府県コード": 1, "市区町村コード": 206, "所在地": "北海道釧路市幸町９丁目３番地", "緯度": 42.985418, "経度": 144.378059, "url": "https://www.iryou.teikyouseido.mhlw.go.jp/znk-web/juminkanja/S2430/initialize?prefCd=01&kikanCd=11010005790&kikanKbn=1", "url2": "http://www.kch.or.jp/", "内容": "医療法人　扶恵会　釧路中央病院【1:病院】【診療科目:0】【一般病床数:0療養病床数:147精神病床数:0感染症病床数:0合計病床数:147】北海道釧路市幸町９丁目３番地" }, "geometry": { "type": "Point", "coordinates": [ 144.378059, 42.985418 ] } },
{ "type": "Feature", "properties": { "ID": 111010005810, "正式名称": "社会医療法人　孝仁会　　　釧路脳神経外科", "機関区分": 1, "都道府県コード": 1, "市区町村コード": 206, "所在地": "北海道釧路市芦野１丁目２７番１号", "緯度": 43.012089, "経度": 144.401763, "url": "https://www.iryou.teikyouseido.mhlw.go.jp/znk-web/juminkanja/S2430/initialize?prefCd=01&kikanCd=11010005810&kikanKbn=1", "url2": "http://www.kojinkai.or.jp", "内容": "社会医療法人　孝仁会　　　釧路脳神経外科【1:病院】【診療科目:0】【一般病床数:0療養病床数:0精神病床数:0感染症病床数:0合計病床数:0】北海道釧路市芦野１丁目２７番１号" }, "geometry": { "type": "Point", "coordinates": [ 144.401763, 43.012089 ] } },
{ "type": "Feature", "properties": { "ID": 111010005820, "正式名称": "医療法人社団優心会釧路優心病院", "機関区分": 1, "都道府県コード": 1, "市区町村コード": 206, "所在地": "北海道釧路市大楽毛４丁目１番１号", "緯度": 43.009466, "経度": 144.27369, "url": "https://www.iryou.teikyouseido.mhlw.go.jp/znk-web/juminkanja/S2430/initialize?prefCd=01&kikanCd=11010005820&kikanKbn=1", "url2": "http://kushiro-yushin-hospital.jp", "内容": "医療法人社団優心会釧路優心病院【1:病院】【診療科目:0】【一般病床数:0療養病床数:0精神病床数:97感染症病床数:0合計病床数:97】北海道釧路市大楽毛４丁目１番１号" }, "geometry": { "type": "Point", "coordinates": [ 144.27369, 43.009466 ] } },
{ "type": "Feature", "properties": { "ID": 111010005830, "正式名称": "医療法人社団藤花会　釧路谷藤病院", "機関区分": 1, "都道府県コード": 1, "市区町村コード": 206, "所在地": "北海道釧路市双葉町３番１５号", "緯度": 42.995942, "経度": 144.38957, "url": "https://www.iryou.teikyouseido.mhlw.go.jp/znk-web/juminkanja/S2430/initialize?prefCd=01&kikanCd=11010005830&kikanKbn=1", "url2": "http://www.tokakai.jp/kushiro", "内容": "医療法人社団藤花会　釧路谷藤病院【1:病院】【診療科目:0】【一般病床数:42療養病床数:0精神病床数:0感染症病床数:0合計病床数:42】北海道釧路市双葉町３番１５号" }, "geometry": { "type": "Point", "coordinates": [ 144.38957, 42.995942 ] } },
{ "type": "Feature", "properties": { "ID": 111010005840, "正式名称": "医療法人社団　健心会　清水桜が丘病院", "機関区分": 1, "都道府県コード": 1, "市区町村コード": 206, "所在地": "北海道釧路市桜ケ岡８丁目１番２号", "緯度": 42.968235, "経度": 144.42159, "url": "https://www.iryou.teikyouseido.mhlw.go.jp/znk-web/juminkanja/S2430/initialize?prefCd=01&kikanCd=11010005840&kikanKbn=1", "url2": "http://www.shimizu-s-hp.or.jp", "内容": "医療法人社団　健心会　清水桜が丘病院【1:病院】【診療科目:0】【一般病床数:0療養病床数:0精神病床数:159感染症病床数:0合計病床数:159】北海道釧路市桜ケ岡８丁目１番２号" }, "geometry": { "type": "Point", "coordinates": [ 144.42159, 42.968235 ] } },
{ "type": "Feature", "properties": { "ID": 111010005850, "正式名称": "社会医療法人孝仁会　釧路孝仁会リハビリテーション病院", "機関区分": 1, "都道府県コード": 1, "市区町村コード": 206, "所在地": "北海道釧路市星が浦大通３丁目９番１３号", "緯度": 43.015911, "経度": 144.316158, "url": "https://www.iryou.teikyouseido.mhlw.go.jp/znk-web/juminkanja/S2430/initialize?prefCd=01&kikanCd=11010005850&kikanKbn=1", "url2": "http://www.kojinkai.or.jp/hoshi/index1.html", "内容": "社会医療法人孝仁会　釧路孝仁会リハビリテーション病院【1:病院】【診療科目:0】【一般病床数:42療養病床数:93精神病床数:0感染症病床数:0合計病床数:135】北海道釧路市星が浦大通３丁目９番１３号" }, "geometry": { "type": "Point", "coordinates": [ 144.316158, 43.015911 ] } },
{ "type": "Feature", "properties": { "ID": 111010005860, "正式名称": "医療法人社団美生会釧路第一病院", "機関区分": 1, "都道府県コード": 1, "市区町村コード": 206, "所在地": "北海道釧路市鳥取大通４丁目１１番１０号", "緯度": 43.013689, "経度": 144.350933, "url": "https://www.iryou.teikyouseido.mhlw.go.jp/znk-web/juminkanja/S2430/initialize?prefCd=01&kikanCd=11010005860&kikanKbn=1", "url2": "https://daiichi-kushiro.com/", "内容": "医療法人社団美生会釧路第一病院【1:病院】【診療科目:0】【一般病床数:0療養病床数:82精神病床数:0感染症病床数:0合計病床数:82】北海道釧路市鳥取大通４丁目１１番１０号" }, "geometry": { "type": "Point", "coordinates": [ 144.350933, 43.013689 ] } },
{ "type": "Feature", "properties": { "ID": 111010005870, "正式名称": "医療法人社団敬愛会白樺台病院", "機関区分": 1, "都道府県コード": 1, "市区町村コード": 206, "所在地": "北海道釧路市白樺台２丁目２５番１号", "緯度": 35.806154, "経度": 139.438143, "url": "https://www.iryou.teikyouseido.mhlw.go.jp/znk-web/juminkanja/S2430/initialize?prefCd=01&kikanCd=11010005870&kikanKbn=1", "url2": "http://www.shirakabadai.jp", "内容": "医療法人社団敬愛会白樺台病院【1:病院】【診療科目:0】【一般病床数:0療養病床数:108精神病床数:0感染症病床数:0合計病床数:108】北海道釧路市白樺台２丁目２５番１号" }, "geometry": { "type": "Point", "coordinates": [ 139.438143, 35.806154 ] } },
{ "type": "Feature", "properties": { "ID": 111010005880, "正式名称": "医療法人東北海道病院", "機関区分": 1, "都道府県コード": 1, "市区町村コード": 206, "所在地": "北海道釧路市若竹町７番１９号", "緯度": 42.998469, "経度": 144.374849, "url": "https://www.iryou.teikyouseido.mhlw.go.jp/znk-web/juminkanja/S2430/initialize?prefCd=01&kikanCd=11010005880&kikanKbn=1", "url2": "http://www.easthokkaidohospital.com", "内容": "医療法人東北海道病院【1:病院】【診療科目:0】【一般病床数:169療養病床数:0精神病床数:0感染症病床数:0合計病床数:169】北海道釧路市若竹町７番１９号" }, "geometry": { "type": "Point", "coordinates": [ 144.374849, 42.998469 ] } },
{ "type": "Feature", "properties": { "ID": 111010005890, "正式名称": "医療法人豊慈会釧路北病院", "機関区分": 1, "都道府県コード": 1, "市区町村コード": 206, "所在地": "北海道釧路市昭和１９０番地１０５", "緯度": 43.028847, "経度": 144.3731, "url": "https://www.iryou.teikyouseido.mhlw.go.jp/znk-web/juminkanja/S2430/initialize?prefCd=01&kikanCd=11010005890&kikanKbn=1", "url2": "http://www.hjg.jp/kitahp.htm", "内容": "医療法人豊慈会釧路北病院【1:病院】【診療科目:0】【一般病床数:0療養病床数:244精神病床数:0感染症病床数:0合計病床数:244】北海道釧路市昭和１９０番地１０５" }, "geometry": { "type": "Point", "coordinates": [ 144.3731, 43.028847 ] } },
{ "type": "Feature", "properties": { "ID": 111010005900, "正式名称": "社会医療法人孝仁会　新くしろクリニック", "機関区分": 1, "都道府県コード": 1, "市区町村コード": 661, "所在地": "北海道釧路郡釧路町睦２丁目１番地６", "緯度": 43.011913, "経度": 144.412151, "url": "https://www.iryou.teikyouseido.mhlw.go.jp/znk-web/juminkanja/S2430/initialize?prefCd=01&kikanCd=11010005900&kikanKbn=1", "url2": "http://www.kojinkai.or.jp", "内容": "社会医療法人孝仁会　新くしろクリニック【1:病院】【診療科目:0】【一般病床数:0療養病床数:0精神病床数:0感染症病床数:0合計病床数:0】北海道釧路郡釧路町睦２丁目１番地６" }, "geometry": { "type": "Point", "coordinates": [ 144.412151, 43.011913 ] } },
{ "type": "Feature", "properties": { "ID": 111010005910, "正式名称": "釧央脳神経外科病院", "機関区分": 1, "都道府県コード": 1, "市区町村コード": 206, "所在地": "北海道釧路市豊川町１番９号", "緯度": 43.0071406, "経度": 144.3799445, "url": "https://www.iryou.teikyouseido.mhlw.go.jp/znk-web/juminkanja/S2430/initialize?prefCd=01&kikanCd=11010005910&kikanKbn=1", "url2": null, "内容": "釧央脳神経外科病院【1:病院】【診療科目:0】【一般病床数:50療養病床数:44精神病床数:0感染症病床数:0合計病床数:94】北海道釧路市豊川町１番９号" }, "geometry": { "type": "Point", "coordinates": [ 144.3799445, 43.0071406 ] } },
{ "type": "Feature", "properties": { "ID": 111010005920, "正式名称": "標茶町立病院", "機関区分": 1, "都道府県コード": 1, "市区町村コード": 664, "所在地": "北海道川上郡標茶町開運４丁目１番地", "緯度": 43.300378, "経度": 144.597767, "url": "https://www.iryou.teikyouseido.mhlw.go.jp/znk-web/juminkanja/S2430/initialize?prefCd=01&kikanCd=11010005920&kikanKbn=1", "url2": "https://shibecha-hospital.jp/", "内容": "標茶町立病院【1:病院】【診療科目:0】【一般病床数:60療養病床数:0精神病床数:0感染症病床数:0合計病床数:60】北海道川上郡標茶町開運４丁目１番地" }, "geometry": { "type": "Point", "coordinates": [ 144.597767, 43.300378 ] } },
{ "type": "Feature", "properties": { "ID": 111010005930, "正式名称": "医療法人共生会　川湯の森病院", "機関区分": 1, "都道府県コード": 1, "市区町村コード": 665, "所在地": "北海道川上郡弟子屈町川湯温泉４丁目８番３０号", "緯度": 43.642634, "経度": 144.4383361, "url": "https://www.iryou.teikyouseido.mhlw.go.jp/znk-web/juminkanja/S2430/initialize?prefCd=01&kikanCd=11010005930&kikanKbn=1", "url2": "http://kawayu.tomoni-ikirukai.jp", "内容": "医療法人共生会　川湯の森病院【1:病院】【診療科目:0】【一般病床数:0療養病床数:100精神病床数:0感染症病床数:0合計病床数:100】北海道川上郡弟子屈町川湯温泉４丁目８番３０号" }, "geometry": { "type": "Point", "coordinates": [ 144.438336099999987, 43.642634 ] } },
{ "type": "Feature", "properties": { "ID": 111010005940, "正式名称": "ＪＡ北海道厚生連摩周厚生病院", "機関区分": 1, "都道府県コード": 1, "市区町村コード": 665, "所在地": "北海道川上郡弟子屈町泉２丁目３番１号", "緯度": 43.479286, "経度": 144.46619, "url": "https://www.iryou.teikyouseido.mhlw.go.jp/znk-web/juminkanja/S2430/initialize?prefCd=01&kikanCd=11010005940&kikanKbn=1", "url2": "http://www.dou-kouseiren.com/byouin/masyuu/index.html", "内容": "ＪＡ北海道厚生連摩周厚生病院【1:病院】【診療科目:0】【一般病床数:55療養病床数:44精神病床数:0感染症病床数:0合計病床数:99】北海道川上郡弟子屈町泉２丁目３番１号" }, "geometry": { "type": "Point", "coordinates": [ 144.46619, 43.479286 ] } },
{ "type": "Feature", "properties": { "ID": 111010005950, "正式名称": "社会医療法人孝仁会　釧路孝仁会記念病院", "機関区分": 1, "都道府県コード": 1, "市区町村コード": 206, "所在地": "北海道釧路市愛国１９１番２１２", "緯度": 43.025192, "経度": 144.39845, "url": "https://www.iryou.teikyouseido.mhlw.go.jp/znk-web/juminkanja/S2430/initialize?prefCd=01&kikanCd=11010005950&kikanKbn=1", "url2": "http://www.kojinkai.or.jp", "内容": "社会医療法人孝仁会　釧路孝仁会記念病院【1:病院】【診療科目:0】【一般病床数:199療養病床数:0精神病床数:0感染症病床数:0合計病床数:199】北海道釧路市愛国１９１番２１２" }, "geometry": { "type": "Point", "coordinates": [ 144.39845, 43.025192 ] } },
{ "type": "Feature", "properties": { "ID": 111010005960, "正式名称": "市立根室病院", "機関区分": 1, "都道府県コード": 1, "市区町村コード": 223, "所在地": "北海道根室市有磯町１丁目２番地", "緯度": 43.334316, "経度": 145.586455, "url": "https://www.iryou.teikyouseido.mhlw.go.jp/znk-web/juminkanja/S2430/initialize?prefCd=01&kikanCd=11010005960&kikanKbn=1", "url2": "http://www.city.nemuro.hokkaido.jp/hsp/index.php", "内容": "市立根室病院【1:病院】【診療科目:0】【一般病床数:131療養病床数:0精神病床数:0感染症病床数:4合計病床数:135】北海道根室市有磯町１丁目２番地" }, "geometry": { "type": "Point", "coordinates": [ 145.586455, 43.334316 ] } },
{ "type": "Feature", "properties": { "ID": 111010005970, "正式名称": "根室共立病院", "機関区分": 1, "都道府県コード": 1, "市区町村コード": 223, "所在地": "北海道根室市花園町４丁目１番地", "緯度": 43.325733, "経度": 145.57458, "url": "https://www.iryou.teikyouseido.mhlw.go.jp/znk-web/juminkanja/S2430/initialize?prefCd=01&kikanCd=11010005970&kikanKbn=1", "url2": null, "内容": "根室共立病院【1:病院】【診療科目:0】【一般病床数:0療養病床数:0精神病床数:114感染症病床数:0合計病床数:114】北海道根室市花園町４丁目１番地" }, "geometry": { "type": "Point", "coordinates": [ 145.57458, 43.325733 ] } },
{ "type": "Feature", "properties": { "ID": 111010005990, "正式名称": "町立中標津病院", "機関区分": 1, "都道府県コード": 1, "市区町村コード": 692, "所在地": "北海道標津郡中標津町西１０条南９丁目１番地１", "緯度": 43.536394, "経度": 144.972358, "url": "https://www.iryou.teikyouseido.mhlw.go.jp/znk-web/juminkanja/S2430/initialize?prefCd=01&kikanCd=11010005990&kikanKbn=1", "url2": "http://nakashibetsu-hospital.jp", "内容": "町立中標津病院【1:病院】【診療科目:0】【一般病床数:173療養病床数:0精神病床数:0感染症病床数:0合計病床数:173】北海道標津郡中標津町西１０条南９丁目１番地１" }, "geometry": { "type": "Point", "coordinates": [ 144.972358, 43.536394 ] } },
{ "type": "Feature", "properties": { "ID": 111010006000, "正式名称": "標津町国民健康保険標津病院", "機関区分": 1, "都道府県コード": 1, "市区町村コード": 693, "所在地": "北海道標津郡標津町北１条西５丁目６番１", "緯度": 35.923511, "経度": 139.448481, "url": "https://www.iryou.teikyouseido.mhlw.go.jp/znk-web/juminkanja/S2430/initialize?prefCd=01&kikanCd=11010006000&kikanKbn=1", "url2": "https://www.shibetsutown.jp/hospital/", "内容": "標津町国民健康保険標津病院【1:病院】【診療科目:0】【一般病床数:35療養病床数:0精神病床数:0感染症病床数:0合計病床数:35】北海道標津郡標津町北１条西５丁目６番１" }, "geometry": { "type": "Point", "coordinates": [ 139.448481, 35.923511 ] } },
{ "type": "Feature", "properties": { "ID": 111010006010, "正式名称": "町立別海病院", "機関区分": 1, "都道府県コード": 1, "市区町村コード": 691, "所在地": "北海道野付郡別海町別海西本町１０３番地９", "緯度": 43.39201, "経度": 145.12354, "url": "https://www.iryou.teikyouseido.mhlw.go.jp/znk-web/juminkanja/S2430/initialize?prefCd=01&kikanCd=11010006010&kikanKbn=1", "url2": "http://betsukai.jp/bhp/index.html", "内容": "町立別海病院【1:病院】【診療科目:0】【一般病床数:84療養病床数:0精神病床数:0感染症病床数:0合計病床数:84】北海道野付郡別海町別海西本町１０３番地９" }, "geometry": { "type": "Point", "coordinates": [ 145.12354, 43.39201 ] } },
{ "type": "Feature", "properties": { "ID": 111010006020, "正式名称": "ＪＡ北海道厚生連常呂厚生病院", "機関区分": 1, "都道府県コード": 1, "市区町村コード": 208, "所在地": "北海道北見市常呂町字常呂５７３番地２", "緯度": 43.805042, "経度": 143.89224, "url": "https://www.iryou.teikyouseido.mhlw.go.jp/znk-web/juminkanja/S2430/initialize?prefCd=01&kikanCd=11010006020&kikanKbn=1", "url2": "https://www.dou-kouseiren.com/byouin/tokoro/", "内容": "ＪＡ北海道厚生連常呂厚生病院【1:病院】【診療科目:0】【一般病床数:0療養病床数:54精神病床数:0感染症病床数:0合計病床数:54】北海道北見市常呂町字常呂５７３番地２" }, "geometry": { "type": "Point", "coordinates": [ 143.89224, 43.805042 ] } },
{ "type": "Feature", "properties": { "ID": 111010006030, "正式名称": "社会医療法人　明生会　道東の森総合病院", "機関区分": 1, "都道府県コード": 1, "市区町村コード": 208, "所在地": "北海道北見市美山町東２丁目６８番地９", "緯度": 43.829895, "経度": 143.88281, "url": "https://www.iryou.teikyouseido.mhlw.go.jp/znk-web/juminkanja/S2430/initialize?prefCd=01&kikanCd=11010006030&kikanKbn=1", "url2": "http://www.mei-doutou.jp/", "内容": "社会医療法人　明生会　道東の森総合病院【1:病院】【診療科目:0】【一般病床数:85療養病床数:0精神病床数:0感染症病床数:0合計病床数:85】北海道北見市美山町東２丁目６８番地９" }, "geometry": { "type": "Point", "coordinates": [ 143.88281, 43.829895 ] } },
{ "type": "Feature", "properties": { "ID": 111010006060, "正式名称": "医療法人樹恵会石田病院", "機関区分": 1, "都道府県コード": 1, "市区町村コード": 692, "所在地": "北海道標津郡中標津町りんどう町５番地６", "緯度": 43.553818, "経度": 144.93019, "url": "https://www.iryou.teikyouseido.mhlw.go.jp/znk-web/juminkanja/S2430/initialize?prefCd=01&kikanCd=11010006060&kikanKbn=1", "url2": "http://www.ishida-hp.jp", "内容": "医療法人樹恵会石田病院【1:病院】【診療科目:0】【一般病床数:0療養病床数:120精神病床数:0感染症病床数:0合計病床数:120】北海道標津郡中標津町りんどう町５番地６" }, "geometry": { "type": "Point", "coordinates": [ 144.93019, 43.553818 ] } },
{ "type": "Feature", "properties": { "ID": 111010006090, "正式名称": "三恵病院", "機関区分": 1, "都道府県コード": 1, "市区町村コード": 575, "所在地": "北海道有珠郡壮瞥町字仲洞爺６９番地", "緯度": 42.61773, "経度": 140.91342, "url": "https://www.iryou.teikyouseido.mhlw.go.jp/znk-web/juminkanja/S2430/initialize?prefCd=01&kikanCd=11010006090&kikanKbn=1", "url2": "www.minerva.gr.jp/", "内容": "三恵病院【1:病院】【診療科目:0】【一般病床数:0療養病床数:0精神病床数:165感染症病床数:0合計病床数:165】北海道有珠郡壮瞥町字仲洞爺６９番地" }, "geometry": { "type": "Point", "coordinates": [ 140.91342, 42.61773 ] } },
{ "type": "Feature", "properties": { "ID": 111010006110, "正式名称": "社会医療法人アルデバラン　手稲いなづみ病院", "機関区分": 1, "都道府県コード": 1, "市区町村コード": 109, "所在地": "北海道札幌市手稲区前田３条４丁目２番６号", "緯度": 43.1156063, "経度": 141.2619791, "url": "https://www.iryou.teikyouseido.mhlw.go.jp/znk-web/juminkanja/S2430/initialize?prefCd=01&kikanCd=11010006110&kikanKbn=1", "url2": "https://www.inazumi.or.jp/", "内容": "社会医療法人アルデバラン　手稲いなづみ病院【1:病院】【診療科目:0】【一般病床数:109療養病床数:0精神病床数:0感染症病床数:0合計病床数:109】北海道札幌市手稲区前田３条４丁目２番６号" }, "geometry": { "type": "Point", "coordinates": [ 141.2619791, 43.1156063 ] } },
{ "type": "Feature", "properties": { "ID": 111010006120, "正式名称": "医療法人　北光会　朝里中央病院", "機関区分": 1, "都道府県コード": 1, "市区町村コード": 203, "所在地": "北海道小樽市新光１丁目２１番５号", "緯度": 43.1735095, "経度": 141.0550667, "url": "https://www.iryou.teikyouseido.mhlw.go.jp/znk-web/juminkanja/S2430/initialize?prefCd=01&kikanCd=11010006120&kikanKbn=1", "url2": "http://www.hkknet.or.jp/index.html", "内容": "医療法人　北光会　朝里中央病院【1:病院】【診療科目:0】【一般病床数:95療養病床数:60精神病床数:0感染症病床数:0合計病床数:155】北海道小樽市新光１丁目２１番５号" }, "geometry": { "type": "Point", "coordinates": [ 141.0550667, 43.1735095 ] } },
{ "type": "Feature", "properties": { "ID": 111010006150, "正式名称": "医療法人社団　北匠会　小樽中央病院", "機関区分": 1, "都道府県コード": 1, "市区町村コード": 203, "所在地": "北海道小樽市入船２丁目２番１８号", "緯度": 43.1865409, "経度": 140.9998416, "url": "https://www.iryou.teikyouseido.mhlw.go.jp/znk-web/juminkanja/S2430/initialize?prefCd=01&kikanCd=11010006150&kikanKbn=1", "url2": "https://otaruchuohospital.com/", "内容": "医療法人社団　北匠会　小樽中央病院【1:病院】【診療科目:0】【一般病床数:89療養病床数:0精神病床数:0感染症病床数:0合計病床数:89】北海道小樽市入船２丁目２番１８号" }, "geometry": { "type": "Point", "coordinates": [ 140.9998416, 43.1865409 ] } },
{ "type": "Feature", "properties": { "ID": 111010006160, "正式名称": "医療法人風のすずらん会　江別すずらん病院", "機関区分": 1, "都道府県コード": 1, "市区町村コード": 217, "所在地": "北海道江別市上江別４４２番地１５", "緯度": 43.098465, "経度": 141.544579, "url": "https://www.iryou.teikyouseido.mhlw.go.jp/znk-web/juminkanja/S2430/initialize?prefCd=01&kikanCd=11010006160&kikanKbn=1", "url2": "http://www.kaze-suzuran.com/index.html", "内容": "医療法人風のすずらん会　江別すずらん病院【1:病院】【診療科目:0】【一般病床数:0療養病床数:0精神病床数:234感染症病床数:0合計病床数:234】北海道江別市上江別４４２番地１５" }, "geometry": { "type": "Point", "coordinates": [ 141.544579, 43.098465 ] } },
{ "type": "Feature", "properties": { "ID": 111010006180, "正式名称": "医療法人　新札幌ながい整形外科", "機関区分": 1, "都道府県コード": 1, "市区町村コード": 108, "所在地": "北海道札幌市厚別区厚別中央２条５丁目４－３０　小林ビルディング２Ｆ", "緯度": 43.041053, "経度": 141.4731289, "url": "https://www.iryou.teikyouseido.mhlw.go.jp/znk-web/juminkanja/S2430/initialize?prefCd=01&kikanCd=11010006180&kikanKbn=1", "url2": "http://www.shinsapporo-nagai.jp", "内容": "医療法人　新札幌ながい整形外科【1:病院】【診療科目:0】【一般病床数:0療養病床数:0精神病床数:0感染症病床数:0合計病床数:0】北海道札幌市厚別区厚別中央２条５丁目４－３０　小林ビルディング２Ｆ" }, "geometry": { "type": "Point", "coordinates": [ 141.4731289, 43.041053 ] } },
{ "type": "Feature", "properties": { "ID": 111010006230, "正式名称": "札幌心臓血管クリニック", "機関区分": 1, "都道府県コード": 1, "市区町村コード": 103, "所在地": "北海道札幌市東区北４９条東１６丁目８番１号", "緯度": 43.122959, "経度": 141.365537, "url": "https://www.iryou.teikyouseido.mhlw.go.jp/znk-web/juminkanja/S2430/initialize?prefCd=01&kikanCd=11010006230&kikanKbn=1", "url2": "http://www.scvc.jp", "内容": "札幌心臓血管クリニック【1:病院】【診療科目:0】【一般病床数:107療養病床数:0精神病床数:0感染症病床数:0合計病床数:107】北海道札幌市東区北４９条東１６丁目８番１号" }, "geometry": { "type": "Point", "coordinates": [ 141.365537, 43.122959 ] } },
{ "type": "Feature", "properties": { "ID": 111010006240, "正式名称": "社会医療法人　恵佑会第２病院", "機関区分": 1, "都道府県コード": 1, "市区町村コード": 104, "所在地": "北海道札幌市白石区本通１３丁目北７番１号", "緯度": 43.041219, "経度": 141.426675, "url": "https://www.iryou.teikyouseido.mhlw.go.jp/znk-web/juminkanja/S2430/initialize?prefCd=01&kikanCd=11010006240&kikanKbn=1", "url2": "http://www.keiyukai2.jp/", "内容": "社会医療法人　恵佑会第２病院【1:病院】【診療科目:0】【一般病床数:90療養病床数:0精神病床数:0感染症病床数:0合計病床数:90】北海道札幌市白石区本通１３丁目北７番１号" }, "geometry": { "type": "Point", "coordinates": [ 141.426675, 43.041219 ] } },
{ "type": "Feature", "properties": { "ID": 111010006250, "正式名称": "社会医療法人北斗十勝リハビリテーションセンター", "機関区分": 1, "都道府県コード": 1, "市区町村コード": 207, "所在地": "北海道帯広市稲田町基線２番地１", "緯度": 42.879707, "経度": 143.1873, "url": "https://www.iryou.teikyouseido.mhlw.go.jp/znk-web/juminkanja/S2430/initialize?prefCd=01&kikanCd=11010006250&kikanKbn=1", "url2": "http://www.hokuto7.or.jp", "内容": "社会医療法人北斗十勝リハビリテーションセンター【1:病院】【診療科目:0】【一般病床数:30療養病床数:176精神病床数:0感染症病床数:0合計病床数:206】北海道帯広市稲田町基線２番地１" }, "geometry": { "type": "Point", "coordinates": [ 143.1873, 42.879707 ] } },
{ "type": "Feature", "properties": { "ID": 111010006260, "正式名称": "社会医療法人アルデバランさっぽろ二十四軒病院", "機関区分": 1, "都道府県コード": 1, "市区町村コード": 107, "所在地": "北海道札幌市西区二十四軒２条４丁目７番２０号", "緯度": 43.0724211, "経度": 141.3118354, "url": "https://www.iryou.teikyouseido.mhlw.go.jp/znk-web/juminkanja/S2430/initialize?prefCd=01&kikanCd=11010006260&kikanKbn=1", "url2": "http://sapporo24.aldebaran.or.jp/", "内容": "社会医療法人アルデバランさっぽろ二十四軒病院【1:病院】【診療科目:0】【一般病床数:44療養病床数:0精神病床数:0感染症病床数:0合計病床数:44】北海道札幌市西区二十四軒２条４丁目７番２０号" }, "geometry": { "type": "Point", "coordinates": [ 141.3118354, 43.0724211 ] } },
{ "type": "Feature", "properties": { "ID": 111010006270, "正式名称": "医療法人社団健和会函館おおむら整形外科病院", "機関区分": 1, "都道府県コード": 1, "市区町村コード": 202, "所在地": "北海道函館市石川町１２５番地１", "緯度": 41.838238, "経度": 140.74638, "url": "https://www.iryou.teikyouseido.mhlw.go.jp/znk-web/juminkanja/S2430/initialize?prefCd=01&kikanCd=11010006270&kikanKbn=1", "url2": "http://www.ohmura.or.jp", "内容": "医療法人社団健和会函館おおむら整形外科病院【1:病院】【診療科目:0】【一般病床数:56療養病床数:0精神病床数:0感染症病床数:0合計病床数:56】北海道函館市石川町１２５番地１" }, "geometry": { "type": "Point", "coordinates": [ 140.74638, 41.838238 ] } },
{ "type": "Feature", "properties": { "ID": 111010006290, "正式名称": "小樽市立病院", "機関区分": 1, "都道府県コード": 1, "市区町村コード": 203, "所在地": "北海道小樽市若松　１丁目１番１号", "緯度": 43.1856544, "経度": 141.006831, "url": "https://www.iryou.teikyouseido.mhlw.go.jp/znk-web/juminkanja/S2430/initialize?prefCd=01&kikanCd=11010006290&kikanKbn=1", "url2": "www.otaru-general-hospital.jp", "内容": "小樽市立病院【1:病院】【診療科目:0】【一般病床数:302療養病床数:0精神病床数:80感染症病床数:2合計病床数:388】北海道小樽市若松　１丁目１番１号" }, "geometry": { "type": "Point", "coordinates": [ 141.006831, 43.1856544 ] } },
{ "type": "Feature", "properties": { "ID": 111010006310, "正式名称": "医療法人豊和会　新札幌豊和会病院", "機関区分": 1, "都道府県コード": 1, "市区町村コード": 108, "所在地": "北海道札幌市厚別区大谷地東　２丁目５番１２号", "緯度": 43.029115, "経度": 141.453357, "url": "https://www.iryou.teikyouseido.mhlw.go.jp/znk-web/juminkanja/S2430/initialize?prefCd=01&kikanCd=11010006310&kikanKbn=1", "url2": "https://www.houwa.or.jp", "内容": "医療法人豊和会　新札幌豊和会病院【1:病院】【診療科目:0】【一般病床数:140療養病床数:0精神病床数:0感染症病床数:0合計病床数:140】北海道札幌市厚別区大谷地東　２丁目５番１２号" }, "geometry": { "type": "Point", "coordinates": [ 141.453357, 43.029115 ] } },
{ "type": "Feature", "properties": { "ID": 111010006330, "正式名称": "医療法人讃生会　月寒あい病院", "機関区分": 1, "都道府県コード": 1, "市区町村コード": 105, "所在地": "北海道札幌市豊平区月寒西１条１０丁目３番３０号", "緯度": 43.025553, "経度": 141.396956, "url": "https://www.iryou.teikyouseido.mhlw.go.jp/znk-web/juminkanja/S2430/initialize?prefCd=01&kikanCd=11010006330&kikanKbn=1", "url2": "http://www.tsukisamu-ai.jp", "内容": "医療法人讃生会　月寒あい病院【1:病院】【診療科目:0】【一般病床数:34療養病床数:65精神病床数:0感染症病床数:0合計病床数:99】北海道札幌市豊平区月寒西１条１０丁目３番３０号" }, "geometry": { "type": "Point", "coordinates": [ 141.396956, 43.025553 ] } },
{ "type": "Feature", "properties": { "ID": 111010006360, "正式名称": "晴生会さっぽろ病院", "機関区分": 1, "都道府県コード": 1, "市区町村コード": 106, "所在地": "北海道札幌市南区川沿十四条１－５－１", "緯度": 42.976514, "経度": 141.337111, "url": "https://www.iryou.teikyouseido.mhlw.go.jp/znk-web/juminkanja/S2430/initialize?prefCd=01&kikanCd=11010006360&kikanKbn=1", "url2": "https://www.aoikai.jp/sapporo/", "内容": "晴生会さっぽろ病院【1:病院】【診療科目:0】【一般病床数:190療養病床数:47精神病床数:0感染症病床数:0合計病床数:237】北海道札幌市南区川沿十四条１－５－１" }, "geometry": { "type": "Point", "coordinates": [ 141.337111, 42.976514 ] } },
{ "type": "Feature", "properties": { "ID": 111010006370, "正式名称": "札幌渓仁会リハビリテーション病院", "機関区分": 1, "都道府県コード": 1, "市区町村コード": 101, "所在地": "北海道札幌市中央区北１０条西１７丁目３６－１３", "緯度": 43.070436, "経度": 141.327876, "url": "https://www.iryou.teikyouseido.mhlw.go.jp/znk-web/juminkanja/S2430/initialize?prefCd=01&kikanCd=11010006370&kikanKbn=1", "url2": "http://www.keijinkai.com/keijinkai-reha/", "内容": "札幌渓仁会リハビリテーション病院【1:病院】【診療科目:0】【一般病床数:0療養病床数:155精神病床数:0感染症病床数:0合計病床数:155】北海道札幌市中央区北１０条西１７丁目３６－１３" }, "geometry": { "type": "Point", "coordinates": [ 141.327876, 43.070436 ] } },
{ "type": "Feature", "properties": { "ID": 111010006380, "正式名称": "医療法人徳洲会　日高徳洲会病院", "機関区分": 1, "都道府県コード": 1, "市区町村コード": 610, "所在地": "北海道日高郡新ひだか町静内こうせい町１丁目１０番２７号", "緯度": 42.344546, "経度": 142.374861, "url": "https://www.iryou.teikyouseido.mhlw.go.jp/znk-web/juminkanja/S2430/initialize?prefCd=01&kikanCd=11010006380&kikanKbn=1", "url2": "http://hidakatokushukai.com/", "内容": "医療法人徳洲会　日高徳洲会病院【1:病院】【診療科目:0】【一般病床数:110療養病床数:89精神病床数:0感染症病床数:0合計病床数:199】北海道日高郡新ひだか町静内こうせい町１丁目１０番２７号" }, "geometry": { "type": "Point", "coordinates": [ 142.374861, 42.344546 ] } },
{ "type": "Feature", "properties": { "ID": 111010006400, "正式名称": "医療法人社団北裕会　札幌記念病院", "機関区分": 1, "都道府県コード": 1, "市区町村コード": 107, "所在地": "北海道札幌市西区八軒９条西１０丁目１番１１号", "緯度": 43.0978745, "経度": 141.304595, "url": "https://www.iryou.teikyouseido.mhlw.go.jp/znk-web/juminkanja/S2430/initialize?prefCd=01&kikanCd=11010006400&kikanKbn=1", "url2": "https://sapporo-memorial.jp/", "内容": "医療法人社団北裕会　札幌記念病院【1:病院】【診療科目:0】【一般病床数:113療養病床数:0精神病床数:0感染症病床数:0合計病床数:113】北海道札幌市西区八軒９条西１０丁目１番１１号" }, "geometry": { "type": "Point", "coordinates": [ 141.304595, 43.0978745 ] } },
{ "type": "Feature", "properties": { "ID": 111010006410, "正式名称": "共愛会病院", "機関区分": 1, "都道府県コード": 1, "市区町村コード": 202, "所在地": "北海道函館市中島町７番２１号", "緯度": 41.7854279, "経度": 140.7403755, "url": "https://www.iryou.teikyouseido.mhlw.go.jp/znk-web/juminkanja/S2430/initialize?prefCd=01&kikanCd=11010006410&kikanKbn=1", "url2": "http://www.kyoaikai-hosp.com", "内容": "共愛会病院【1:病院】【診療科目:0】【一般病床数:245療養病床数:133精神病床数:0感染症病床数:0合計病床数:378】北海道函館市中島町７番２１号" }, "geometry": { "type": "Point", "coordinates": [ 140.7403755, 41.7854279 ] } },
{ "type": "Feature", "properties": { "ID": 111010006420, "正式名称": "帯広中央病院", "機関区分": 1, "都道府県コード": 1, "市区町村コード": 207, "所在地": "北海道帯広市西７条南８丁目１番地３", "緯度": 42.922679, "経度": 143.194006, "url": "https://www.iryou.teikyouseido.mhlw.go.jp/znk-web/juminkanja/S2430/initialize?prefCd=01&kikanCd=11010006420&kikanKbn=1", "url2": "https://obihiro.keiwakai.jp/obihirochuo-hosp", "内容": "帯広中央病院【1:病院】【診療科目:0】【一般病床数:102療養病床数:46精神病床数:0感染症病床数:0合計病床数:148】北海道帯広市西７条南８丁目１番地３" }, "geometry": { "type": "Point", "coordinates": [ 143.194006, 42.922679 ] } },
{ "type": "Feature", "properties": { "ID": 111010006440, "正式名称": "医療法人春林会　華岡青洲記念病院", "機関区分": 1, "都道府県コード": 1, "市区町村コード": 105, "所在地": "北海道札幌市豊平区美園３条５丁目３番１号", "緯度": 43.041079, "経度": 141.387234, "url": "https://www.iryou.teikyouseido.mhlw.go.jp/znk-web/juminkanja/S2430/initialize?prefCd=01&kikanCd=11010006440&kikanKbn=1", "url2": "https://hanaokaseishu.com/", "内容": "医療法人春林会　華岡青洲記念病院【1:病院】【診療科目:0】【一般病床数:57療養病床数:0精神病床数:0感染症病床数:0合計病床数:57】北海道札幌市豊平区美園３条５丁目３番１号" }, "geometry": { "type": "Point", "coordinates": [ 141.387234, 43.041079 ] } },
{ "type": "Feature", "properties": { "ID": 111010006450, "正式名称": "医療法人社団仁誠会　花園記念病院", "機関区分": 1, "都道府県コード": 1, "市区町村コード": 202, "所在地": "北海道函館市花園町２４番５号", "緯度": 41.7925187, "経度": 140.7786186, "url": "https://www.iryou.teikyouseido.mhlw.go.jp/znk-web/juminkanja/S2430/initialize?prefCd=01&kikanCd=11010006450&kikanKbn=1", "url2": "http://hakodate-kameda-hp.com/kamedahanazono/", "内容": "医療法人社団仁誠会　花園記念病院【1:病院】【診療科目:0】【一般病床数:32療養病床数:33精神病床数:0感染症病床数:0合計病床数:65】北海道函館市花園町２４番５号" }, "geometry": { "type": "Point", "coordinates": [ 140.778618599999987, 41.7925187 ] } },
{ "type": "Feature", "properties": { "ID": 111010006470, "正式名称": "医療法人美脳　札幌美しが丘脳神経外科病院", "機関区分": 1, "都道府県コード": 1, "市区町村コード": 110, "所在地": "北海道札幌市清田区真栄４条５丁目１９－１９", "緯度": 42.982817, "経度": 141.449308, "url": "https://www.iryou.teikyouseido.mhlw.go.jp/znk-web/juminkanja/S2430/initialize?prefCd=01&kikanCd=11010006470&kikanKbn=1", "url2": "https://sapporo-binoh.or.jp/", "内容": "医療法人美脳　札幌美しが丘脳神経外科病院【1:病院】【診療科目:0】【一般病床数:58療養病床数:0精神病床数:0感染症病床数:0合計病床数:58】北海道札幌市清田区真栄４条５丁目１９－１９" }, "geometry": { "type": "Point", "coordinates": [ 141.449308, 42.982817 ] } },
{ "type": "Feature", "properties": { "ID": 111010500010, "正式名称": "医療法人社団明日佳　北広島希望ケ丘病院", "機関区分": 1, "都道府県コード": 1, "市区町村コード": 234, "所在地": "北海道北広島市大曲８０４番地", "緯度": 42.968226, "経度": 141.495727, "url": "https://www.iryou.teikyouseido.mhlw.go.jp/znk-web/juminkanja/S2430/initialize?prefCd=01&kikanCd=11010500010&kikanKbn=1", "url2": null, "内容": "医療法人社団明日佳　北広島希望ケ丘病院【1:病院】【診療科目:0】【一般病床数:0療養病床数:57精神病床数:0感染症病床数:0合計病床数:57】北海道北広島市大曲８０４番地" }, "geometry": { "type": "Point", "coordinates": [ 141.495727, 42.968226 ] } },
{ "type": "Feature", "properties": { "ID": 111013000030, "正式名称": "社会医療法人社団カレスサッポロ　カレス記念病院", "機関区分": 1, "都道府県コード": 1, "市区町村コード": 103, "所在地": "北海道札幌市東区北六条東１丁目１番１号", "緯度": 43.069792, "経度": 141.35911, "url": "https://www.iryou.teikyouseido.mhlw.go.jp/znk-web/juminkanja/S2430/initialize?prefCd=01&kikanCd=11013000030&kikanKbn=1", "url2": "https://caress-memorial.jp/", "内容": "社会医療法人社団カレスサッポロ　カレス記念病院【1:病院】【診療科目:0】【一般病床数:320療養病床数:0精神病床数:0感染症病床数:0合計病床数:320】北海道札幌市東区北六条東１丁目１番１号" }, "geometry": { "type": "Point", "coordinates": [ 141.35911, 43.069792 ] } },
{ "type": "Feature", "properties": { "ID": 111013000040, "正式名称": "社会福祉法人ノテ福祉会　日本医療大学病院", "機関区分": 1, "都道府県コード": 1, "市区町村コード": 105, "所在地": "北海道札幌市豊平区月寒東三条１１丁目１番５５号", "緯度": 43.029535, "経度": 141.414583, "url": "https://www.iryou.teikyouseido.mhlw.go.jp/znk-web/juminkanja/S2430/initialize?prefCd=01&kikanCd=11013000040&kikanKbn=1", "url2": "http://nihoniryou-h.jp/", "内容": "社会福祉法人ノテ福祉会　日本医療大学病院【1:病院】【診療科目:0】【一般病床数:92療養病床数:0精神病床数:0感染症病床数:0合計病床数:92】北海道札幌市豊平区月寒東三条１１丁目１番５５号" }, "geometry": { "type": "Point", "coordinates": [ 141.414583, 43.029535 ] } },
{ "type": "Feature", "properties": { "ID": 112010006010, "正式名称": "札幌ノーストクリニック", "機関区分": 1, "都道府県コード": 1, "市区町村コード": 101, "所在地": "北海道札幌市中央区北二条西２－３３マーシャルビル４Ｆ", "緯度": 43.064358, "経度": 141.35104, "url": "https://www.iryou.teikyouseido.mhlw.go.jp/znk-web/juminkanja/S2430/initialize?prefCd=01&kikanCd=12010006010&kikanKbn=1", "url2": null, "内容": "札幌ノーストクリニック【1:病院】【診療科目:0】【一般病床数:0療養病床数:0精神病床数:0感染症病床数:0合計病床数:0】北海道札幌市中央区北二条西２－３３マーシャルビル４Ｆ" }, "geometry": { "type": "Point", "coordinates": [ 141.35104, 43.064358 ] } },
{ "type": "Feature", "properties": { "ID": 112010049320, "正式名称": "ＡＮＤ美容外科札幌院", "機関区分": 1, "都道府県コード": 1, "市区町村コード": 101, "所在地": "北海道札幌市中央区南一条西２丁目１８ｉｋｅｕｃｈｉ　Ｇａｔｅ５階", "緯度": 43.058613, "経度": 141.34933, "url": "https://www.iryou.teikyouseido.mhlw.go.jp/znk-web/juminkanja/S2430/initialize?prefCd=01&kikanCd=12010049320&kikanKbn=1", "url2": "https://and-bg.com/", "内容": "ＡＮＤ美容外科札幌院【1:病院】【診療科目:0】【一般病床数:0療養病床数:0精神病床数:0感染症病床数:0合計病床数:0】北海道札幌市中央区南一条西２丁目１８ｉｋｅｕｃｈｉ　Ｇａｔｅ５階" }, "geometry": { "type": "Point", "coordinates": [ 141.34933, 43.058613 ] } }
]
}
