{
"type": "FeatureCollection",
"name": "geo_01_訪問看護",
"crs": { "type": "name", "properties": { "name": "urn:ogc:def:crs:OGC:1.3:CRS84" } },
"features": [
{ "type": "Feature", "properties": { "内容": "札幌ススキノ病院【訪問看護】北海道札幌市中央区南6条西8丁目5番地", "url2": "https://www.kaigokensaku.mhlw.go.jp/01/index.php?action_kouhyou_detail_004_kani=true&JigyosyoCd=0110611845-00&ServiceCd=130&Type=search" }, "geometry": { "type": "Point", "coordinates": [ 141.34677, 43.052625 ] } },
{ "type": "Feature", "properties": { "内容": "こすもす訪問看護ステーション【訪問看護】北海道札幌市中央区南16条西19丁目1－32シティホーム山鼻　1階", "url2": "https://www.kaigokensaku.mhlw.go.jp/01/index.php?action_kouhyou_detail_004_kani=true&JigyosyoCd=0160190385-00&ServiceCd=130&Type=search" }, "geometry": { "type": "Point", "coordinates": [ 141.330213299999969, 43.036812 ] } },
{ "type": "Feature", "properties": { "内容": "朝日訪問看護ステーション【訪問看護】北海道札幌市中央区南１８条西１２丁目４－１２朝日ケアホーム山鼻", "url2": "https://www.kaigokensaku.mhlw.go.jp/01/index.php?action_kouhyou_detail_004_kani=true&JigyosyoCd=0160190534-00&ServiceCd=130&Type=search" }, "geometry": { "type": "Point", "coordinates": [ 141.342640699999947, 43.035136 ] } },
{ "type": "Feature", "properties": { "内容": "旅する訪問看護ステーション【訪問看護】北海道札幌市中央区南14条西9丁目3番41-201", "url2": "https://www.kaigokensaku.mhlw.go.jp/01/index.php?action_kouhyou_detail_004_kani=true&JigyosyoCd=0160190724-00&ServiceCd=130&Type=search" }, "geometry": { "type": "Point", "coordinates": [ 141.3462252, 43.0407155 ] } },
{ "type": "Feature", "properties": { "内容": "訪問看護・リハビリテーションセンターななかまど中央【訪問看護】北海道札幌市中央区宮の森2条5丁目1-13", "url2": "https://www.kaigokensaku.mhlw.go.jp/01/index.php?action_kouhyou_detail_004_kani=true&JigyosyoCd=0160190880-00&ServiceCd=130&Type=search" }, "geometry": { "type": "Point", "coordinates": [ 141.308735836770637, 43.062467807053757 ] } },
{ "type": "Feature", "properties": { "内容": "訪問看護ステーションここね【訪問看護】札幌市中央区南11条西17丁目2－8サイレンス旭ヶ丘１F", "url2": "https://www.kaigokensaku.mhlw.go.jp/01/index.php?action_kouhyou_detail_004_kani=true&JigyosyoCd=0160191102-00&ServiceCd=130&Type=search" }, "geometry": { "type": "Point", "coordinates": [ 141.3323054, 43.0438351 ] } },
{ "type": "Feature", "properties": { "内容": "訪問看護ステーション『ミヤビーの華』【訪問看護】札幌市中央区宮の森2条13丁目12-10", "url2": "https://www.kaigokensaku.mhlw.go.jp/01/index.php?action_kouhyou_detail_004_kani=true&JigyosyoCd=0160190997-00&ServiceCd=130&Type=search" }, "geometry": { "type": "Point", "coordinates": [ 141.299454985284854, 43.054370701877843 ] } },
{ "type": "Feature", "properties": { "内容": "訪問看護ステーション夕凪【訪問看護】札幌市中央区南25条西８丁目1−２８", "url2": "https://www.kaigokensaku.mhlw.go.jp/01/index.php?action_kouhyou_detail_004_kani=true&JigyosyoCd=0160191037-00&ServiceCd=130&Type=search" }, "geometry": { "type": "Point", "coordinates": [ 141.3490794, 43.0264228 ] } },
{ "type": "Feature", "properties": { "内容": "訪問看護ファミリー・ホスピス中島公園【訪問看護】北海道札幌市中央区南13条西7丁目1‐27", "url2": "https://www.kaigokensaku.mhlw.go.jp/01/index.php?action_kouhyou_detail_004_kani=true&JigyosyoCd=0160591988-00&ServiceCd=130&Type=search" }, "geometry": { "type": "Point", "coordinates": [ 141.349738, 43.0433809 ] } },
{ "type": "Feature", "properties": { "内容": "ツクイ札幌中央訪問看護ステーション【訪問看護】札幌市中央区北4条西20丁目2番27FOUR：20　4階", "url2": "https://www.kaigokensaku.mhlw.go.jp/01/index.php?action_kouhyou_detail_004_kani=true&JigyosyoCd=0160191011-00&ServiceCd=130&Type=search" }, "geometry": { "type": "Point", "coordinates": [ 141.3254206, 43.0630834 ] } },
{ "type": "Feature", "properties": { "内容": "ライフ訪問看護ステーション【訪問看護】北海道札幌市中央区南10条西15丁目1-16さいとうスタジオコート302", "url2": "https://www.kaigokensaku.mhlw.go.jp/01/index.php?action_kouhyou_detail_004_kani=true&JigyosyoCd=0160190856-00&ServiceCd=130&Type=search" }, "geometry": { "type": "Point", "coordinates": [ 141.334328, 43.0460654 ] } },
{ "type": "Feature", "properties": { "内容": "E-care訪問看護ステーション【訪問看護】北海道札幌市中央区円山西町3丁目3番15号", "url2": "https://www.kaigokensaku.mhlw.go.jp/01/index.php?action_kouhyou_detail_004_kani=true&JigyosyoCd=0160190393-00&ServiceCd=130&Type=search" }, "geometry": { "type": "Point", "coordinates": [ 141.306067055819767, 43.042718647781115 ] } },
{ "type": "Feature", "properties": { "内容": "ビジナすすきの【訪問看護】北海道札幌市中央区南五条東2-3モデナフィネスト1007号室", "url2": "https://www.kaigokensaku.mhlw.go.jp/01/index.php?action_kouhyou_detail_004_kani=true&JigyosyoCd=0160190930-00&ServiceCd=130&Type=search" }, "geometry": { "type": "Point", "coordinates": [ 141.360180362264572, 43.055631784422665 ] } },
{ "type": "Feature", "properties": { "内容": "医療法人渓仁会　にしまる訪問看護ステーション【訪問看護】札幌市中央区南10条西18丁目1番40号ジュマ旭ヶ丘", "url2": "https://www.kaigokensaku.mhlw.go.jp/01/index.php?action_kouhyou_detail_004_kani=true&JigyosyoCd=0160190666-00&ServiceCd=130&Type=search" }, "geometry": { "type": "Point", "coordinates": [ 141.329221600000011, 43.046058 ] } },
{ "type": "Feature", "properties": { "内容": "静明館訪問看護ステーションののはな【訪問看護】北海道札幌市中央区南14条西18丁目5-23", "url2": "https://www.kaigokensaku.mhlw.go.jp/01/index.php?action_kouhyou_detail_004_kani=true&JigyosyoCd=0160190211-00&ServiceCd=130&Type=search" }, "geometry": { "type": "Point", "coordinates": [ 141.32909659412735, 43.039373127532443 ] } },
{ "type": "Feature", "properties": { "内容": "訪問看護ステーション　えん【訪問看護】札幌市中央区宮の森1237番地1", "url2": "https://www.kaigokensaku.mhlw.go.jp/01/index.php?action_kouhyou_detail_004_kani=true&JigyosyoCd=0160190112-00&ServiceCd=130&Type=search" }, "geometry": { "type": "Point", "coordinates": [ 141.292137799999978, 43.0570357 ] } },
{ "type": "Feature", "properties": { "内容": "一般社団法人北海道総合在宅ケア事業団　札幌中央訪問看護ステーション【訪問看護】北海道札幌市中央区北１条西９丁目３番地２７号第3古久根ビル2階", "url2": "https://www.kaigokensaku.mhlw.go.jp/01/index.php?action_kouhyou_detail_004_kani=true&JigyosyoCd=0160190039-00&ServiceCd=130&Type=search" }, "geometry": { "type": "Point", "coordinates": [ 141.343199599999906, 43.060679 ] } },
{ "type": "Feature", "properties": { "内容": "訪問看護ステーションあかり【訪問看護】北海道札幌市中央区南9条西3丁目10番97号札幌ＫＳビル803", "url2": "https://www.kaigokensaku.mhlw.go.jp/01/index.php?action_kouhyou_detail_004_kani=true&JigyosyoCd=0160190625-00&ServiceCd=130&Type=search" }, "geometry": { "type": "Point", "coordinates": [ 141.35581830000001, 43.0493884 ] } },
{ "type": "Feature", "properties": { "内容": "株式会社博友会　南札幌訪問看護ステーション【訪問看護】札幌市中央区南１条東５丁目１番地博友会館", "url2": "https://www.kaigokensaku.mhlw.go.jp/01/index.php?action_kouhyou_detail_004_kani=true&JigyosyoCd=0160190252-00&ServiceCd=130&Type=search" }, "geometry": { "type": "Point", "coordinates": [ 141.364278499999955, 43.0609045 ] } },
{ "type": "Feature", "properties": { "内容": "訪問看護ステーションめぐみ【訪問看護】南27条西11丁目１-25レジデンス南27条205", "url2": "https://www.kaigokensaku.mhlw.go.jp/01/index.php?action_kouhyou_detail_004_kani=true&JigyosyoCd=0160190773-00&ServiceCd=130&Type=search" }, "geometry": { "type": "Point", "coordinates": [ 141.3457733, 43.0220219 ] } },
{ "type": "Feature", "properties": { "内容": "訪問看護ステーション　あき【訪問看護】北海道札幌市中央区南29条西11丁目3-1ルーチェ103", "url2": "https://www.kaigokensaku.mhlw.go.jp/01/index.php?action_kouhyou_detail_004_kani=true&JigyosyoCd=0160591020-00&ServiceCd=130&Type=search" }, "geometry": { "type": "Point", "coordinates": [ 141.426341099999945, 43.031603600000011 ] } },
{ "type": "Feature", "properties": { "内容": "訪問看護リハビリステーションぴ～かん【訪問看護】北海道札幌市中央区北１１条西２１丁目１番１号マルワビル２階４号室", "url2": "https://www.kaigokensaku.mhlw.go.jp/01/index.php?action_kouhyou_detail_004_kani=true&JigyosyoCd=0160191193-00&ServiceCd=130&Type=search" }, "geometry": { "type": "Point", "coordinates": [ 141.321964955819737, 43.070182863261437 ] } },
{ "type": "Feature", "properties": { "内容": "訪問看護ステーション　柊【訪問看護】札幌市中央区南8条西23丁目4番8号", "url2": "https://www.kaigokensaku.mhlw.go.jp/01/index.php?action_kouhyou_detail_004_kani=true&JigyosyoCd=0160191045-00&ServiceCd=130&Type=search" }, "geometry": { "type": "Point", "coordinates": [ 141.3243438, 43.0466598 ] } },
{ "type": "Feature", "properties": { "内容": "リボン訪問看護ステーション【訪問看護】北海道札幌市中央区宮の森１条５丁目１－６スリットビル２階", "url2": "https://www.kaigokensaku.mhlw.go.jp/01/index.php?action_kouhyou_detail_004_kani=true&JigyosyoCd=0160190476-00&ServiceCd=130&Type=search" }, "geometry": { "type": "Point", "coordinates": [ 141.310590849737537, 43.061487911068994 ] } },
{ "type": "Feature", "properties": { "内容": "訪問看護ステーションアーチ【訪問看護】北海道札幌市中央区南1条西11丁目1-312コンチネンタルWEST.Sビル5F", "url2": "https://www.kaigokensaku.mhlw.go.jp/01/index.php?action_kouhyou_detail_004_kani=true&JigyosyoCd=0160190492-00&ServiceCd=130&Type=search" }, "geometry": { "type": "Point", "coordinates": [ 141.340877, 43.0577183 ] } },
{ "type": "Feature", "properties": { "内容": "アンビシャス訪問看護ステーション【訪問看護】北海道札幌市中央区南6条西8丁目5番アンビシャスシティすすきの", "url2": "https://www.kaigokensaku.mhlw.go.jp/01/index.php?action_kouhyou_detail_004_kani=true&JigyosyoCd=0160190435-00&ServiceCd=130&Type=search" }, "geometry": { "type": "Point", "coordinates": [ 141.346806492575098, 43.05267377662345 ] } },
{ "type": "Feature", "properties": { "内容": "訪問看護さくらステーション【訪問看護】北海道札幌市中央区北１条西９丁目３番２７号第３古久根ビル　７階", "url2": "https://www.kaigokensaku.mhlw.go.jp/01/index.php?action_kouhyou_detail_004_kani=true&JigyosyoCd=0160190575-00&ServiceCd=130&Type=search" }, "geometry": { "type": "Point", "coordinates": [ 141.343199599999906, 43.060679 ] } },
{ "type": "Feature", "properties": { "内容": "訪問看護ステーションあさがお【訪問看護】北海道札幌市中央区南1条東1丁目2-1太平洋興発ビル5階", "url2": "https://www.kaigokensaku.mhlw.go.jp/01/index.php?action_kouhyou_detail_004_kani=true&JigyosyoCd=0160191003-00&ServiceCd=130&Type=search" }, "geometry": { "type": "Point", "coordinates": [ 141.3580555, 43.0600111 ] } },
{ "type": "Feature", "properties": { "内容": "訪問看護ステーションくりの木【訪問看護】北海道札幌市中央区南16条西8丁目2-37", "url2": "https://www.kaigokensaku.mhlw.go.jp/01/index.php?action_kouhyou_detail_004_kani=true&JigyosyoCd=0160190377-00&ServiceCd=130&Type=search" }, "geometry": { "type": "Point", "coordinates": [ 141.3485144, 43.0380541 ] } },
{ "type": "Feature", "properties": { "内容": "訪問看護ステーション　ナースケアーズ旭ヶ丘【訪問看護】北海道札幌市中央区南12条西22丁目2-1ノアガーデン旭ヶ丘　アンジュール1F", "url2": "https://www.kaigokensaku.mhlw.go.jp/01/index.php?action_kouhyou_detail_004_kani=true&JigyosyoCd=0160190682-00&ServiceCd=130&Type=search" }, "geometry": { "type": "Point", "coordinates": [ 141.326211699999931, 43.0415632 ] } },
{ "type": "Feature", "properties": { "内容": "訪問看護ステーションナースケアーズ啓明【訪問看護】札幌市中央区南13条西23丁目1-20ノアガーデンエレンクラッセ1F", "url2": "https://www.kaigokensaku.mhlw.go.jp/01/index.php?action_kouhyou_detail_004_kani=true&JigyosyoCd=0160190971-00&ServiceCd=130&Type=search" }, "geometry": { "type": "Point", "coordinates": [ 141.3253485, 43.0394846 ] } },
{ "type": "Feature", "properties": { "内容": "訪問看護サービス　クオン【訪問看護】北海道札幌市中央区大通東2丁目3第36桂和ビル5階", "url2": "https://www.kaigokensaku.mhlw.go.jp/01/index.php?action_kouhyou_detail_004_kani=true&JigyosyoCd=0160190708-00&ServiceCd=130&Type=search" }, "geometry": { "type": "Point", "coordinates": [ 141.360004956198338, 43.061572800773007 ] } },
{ "type": "Feature", "properties": { "内容": "訪問看護リハビリステーション白ゆり中央【訪問看護】北海道札幌市中央区南9条西7丁目1番18号", "url2": "https://www.kaigokensaku.mhlw.go.jp/01/index.php?action_kouhyou_detail_004_kani=true&JigyosyoCd=0160190732-00&ServiceCd=130&Type=search" }, "geometry": { "type": "Point", "coordinates": [ 141.348694099999989, 43.0481546 ] } },
{ "type": "Feature", "properties": { "内容": "訪問看護ステーションモルス【訪問看護】北海道札幌市中央区南12条西10丁目1番12号ふれあいの森南１２条館", "url2": "https://www.kaigokensaku.mhlw.go.jp/01/index.php?action_kouhyou_detail_004_kani=true&JigyosyoCd=0160191029-00&ServiceCd=130&Type=search" }, "geometry": { "type": "Point", "coordinates": [ 141.34339879999996, 43.0442088 ] } },
{ "type": "Feature", "properties": { "内容": "ライフデザイン訪問看護【訪問看護】北海道札幌市中央区北5条西10丁目6番1号ライフシップ植物園前１F", "url2": "https://www.kaigokensaku.mhlw.go.jp/01/index.php?action_kouhyou_detail_004_kani=true&JigyosyoCd=0160190690-00&ServiceCd=130&Type=search" }, "geometry": { "type": "Point", "coordinates": [ 141.339806400000043, 43.0656868 ] } },
{ "type": "Feature", "properties": { "内容": "訪問看護ステーション　ゆな【訪問看護】北海道札幌市中央区北1条西19丁目1-2305", "url2": "https://www.kaigokensaku.mhlw.go.jp/01/index.php?action_kouhyou_detail_004_kani=true&JigyosyoCd=0160190989-00&ServiceCd=130&Type=search" }, "geometry": { "type": "Point", "coordinates": [ 141.3272668, 43.0584757 ] } },
{ "type": "Feature", "properties": { "内容": "訪問看護ステーションすこや花【訪問看護】南1条西16丁目1番12号舘元ビル1階", "url2": "https://www.kaigokensaku.mhlw.go.jp/01/index.php?action_kouhyou_detail_004_kani=true&JigyosyoCd=0160191185-00&ServiceCd=130&Type=search" }, "geometry": { "type": "Point", "coordinates": [ 141.3324781, 43.0564472 ] } },
{ "type": "Feature", "properties": { "内容": "訪問看護リハビリステーション　樹【訪問看護】札幌市中央区南17条西9丁目2番36号", "url2": "https://www.kaigokensaku.mhlw.go.jp/01/index.php?action_kouhyou_detail_004_kani=true&JigyosyoCd=0160591467-00&ServiceCd=130&Type=search" }, "geometry": { "type": "Point", "coordinates": [ 141.346546472109253, 43.036768163722712 ] } },
{ "type": "Feature", "properties": { "内容": "訪問看護ステーションろく舎【訪問看護】北海道札幌市中央区南十一条西1丁目5-8海陽亭", "url2": "https://www.kaigokensaku.mhlw.go.jp/01/index.php?action_kouhyou_detail_004_kani=true&JigyosyoCd=0160190641-00&ServiceCd=130&Type=search" }, "geometry": { "type": "Point", "coordinates": [ 141.356852099999969, 43.0462922 ] } },
{ "type": "Feature", "properties": { "内容": "みかん訪問看護ステーション【訪問看護】札幌市中央区南27条西8丁目1-27101", "url2": "https://www.kaigokensaku.mhlw.go.jp/01/index.php?action_kouhyou_detail_004_kani=true&JigyosyoCd=0160190336-00&ServiceCd=130&Type=search" }, "geometry": { "type": "Point", "coordinates": [ 141.349870600000031, 43.0242832 ] } },
{ "type": "Feature", "properties": { "内容": "訪問看護ステーションぐろーりー【訪問看護】北海道札幌市中央区南1条西20丁目2－１建設管理センタービル６階", "url2": "https://www.kaigokensaku.mhlw.go.jp/01/index.php?action_kouhyou_detail_004_kani=true&JigyosyoCd=0160190278-00&ServiceCd=130&Type=search" }, "geometry": { "type": "Point", "coordinates": [ 141.327143, 43.0560235 ] } },
{ "type": "Feature", "properties": { "内容": "SOMPOケア　札幌桑園駅前　訪問看護【訪問看護】北海道札幌市中央区北11条西14丁目1番17号", "url2": "https://www.kaigokensaku.mhlw.go.jp/01/index.php?action_kouhyou_detail_004_kani=true&JigyosyoCd=0160190658-00&ServiceCd=130&Type=search" }, "geometry": { "type": "Point", "coordinates": [ 141.332035730010659, 43.071819853604445 ] } },
{ "type": "Feature", "properties": { "内容": "訪問看護ステーションｎｏｒｔｈ－ＡＣＴ【訪問看護】北海道札幌市北区新琴似8条1丁目2番5号宮崎建設ビル306号", "url2": "https://www.kaigokensaku.mhlw.go.jp/01/index.php?action_kouhyou_detail_004_kani=true&JigyosyoCd=0160290565-00&ServiceCd=130&Type=search" }, "geometry": { "type": "Point", "coordinates": [ 141.33501380000007, 43.1113446 ] } },
{ "type": "Feature", "properties": { "内容": "医療法人社団　札幌百合の会病院　訪問看護【訪問看護】北海道札幌市北区百合が原１１丁目１８６番地", "url2": "https://www.kaigokensaku.mhlw.go.jp/01/index.php?action_kouhyou_detail_004_kani=true&JigyosyoCd=0110214947-00&ServiceCd=130&Type=search" }, "geometry": { "type": "Point", "coordinates": [ 141.36751819999995, 43.1319369 ] } },
{ "type": "Feature", "properties": { "内容": "医療法人社団北昂会ファミール内科【訪問看護】札幌市北区北29条西４丁目、2-1-158", "url2": "https://www.kaigokensaku.mhlw.go.jp/01/index.php?action_kouhyou_detail_004_kani=true&JigyosyoCd=0110218138-00&ServiceCd=130&Type=search" }, "geometry": { "type": "Point", "coordinates": [ 141.342728099999931, 43.0964247 ] } },
{ "type": "Feature", "properties": { "内容": "北　　成　　病　　院【訪問看護】札幌市北区新川西３条２丁目１０番１号", "url2": "https://www.kaigokensaku.mhlw.go.jp/01/index.php?action_kouhyou_detail_004_kani=true&JigyosyoCd=0110213048-00&ServiceCd=130&Type=search" }, "geometry": { "type": "Point", "coordinates": [ 141.28738420000002, 43.1242916 ] } },
{ "type": "Feature", "properties": { "内容": "ゆりがはら内科ケア＆クリニック訪問看護事業所【訪問看護】北海道札幌市北区百合が原7丁目4番25号", "url2": "https://www.kaigokensaku.mhlw.go.jp/01/index.php?action_kouhyou_detail_004_kani=true&JigyosyoCd=0110217171-00&ServiceCd=130&Type=search" }, "geometry": { "type": "Point", "coordinates": [ 141.364751599999977, 43.133656 ] } },
{ "type": "Feature", "properties": { "内容": "訪問看護リハビリステーション双葉【訪問看護】札幌市北区新川3条7丁目1ｰ65新川3・7ビル", "url2": "https://www.kaigokensaku.mhlw.go.jp/01/index.php?action_kouhyou_detail_004_kani=true&JigyosyoCd=0160290664-00&ServiceCd=130&Type=search" }, "geometry": { "type": "Point", "coordinates": [ 141.337833199999977, 43.1092672 ] } },
{ "type": "Feature", "properties": { "内容": "訪問看護ステーションデューン札幌北【訪問看護】北海道札幌市北区麻生町5丁目5番10号おおいビル3階", "url2": "https://www.kaigokensaku.mhlw.go.jp/01/index.php?action_kouhyou_detail_004_kani=true&JigyosyoCd=0160290763-00&ServiceCd=130&Type=search" }, "geometry": { "type": "Point", "coordinates": [ 141.338340920866813, 43.110759885031797 ] } },
{ "type": "Feature", "properties": { "内容": "ツクイ札幌麻生訪問看護ステーション【訪問看護】北海道札幌市北区北37条西4丁目3-12藤井ビルN37　204号室", "url2": "https://www.kaigokensaku.mhlw.go.jp/01/index.php?action_kouhyou_detail_004_kani=true&JigyosyoCd=0160290961-00&ServiceCd=130&Type=search" }, "geometry": { "type": "Point", "coordinates": [ 141.3394413, 43.1051334 ] } },
{ "type": "Feature", "properties": { "内容": "訪問看護リハビリステーションこかげ【訪問看護】あいの里1条4丁目２０－１３", "url2": "https://www.kaigokensaku.mhlw.go.jp/01/index.php?action_kouhyou_detail_004_kani=true&JigyosyoCd=0160291175-00&ServiceCd=130&Type=search" }, "geometry": { "type": "Point", "coordinates": [ 141.3914125, 43.1567114 ] } },
{ "type": "Feature", "properties": { "内容": "ＳＯＭＰＯケア　札幌北　訪問看護【訪問看護】北２０条西５丁目２番５０号ＣＲＯＳＳ　ＰＯＩＮＴ　２階２４３号室", "url2": "https://www.kaigokensaku.mhlw.go.jp/01/index.php?action_kouhyou_detail_004_kani=true&JigyosyoCd=0160291258-00&ServiceCd=130&Type=search" }, "geometry": { "type": "Point", "coordinates": [ 141.3438595, 43.0852521 ] } },
{ "type": "Feature", "properties": { "内容": "訪問看護ステーション新ことに【訪問看護】北海道札幌市北区新琴似町787番地2，3", "url2": "https://www.kaigokensaku.mhlw.go.jp/01/index.php?action_kouhyou_detail_004_kani=true&JigyosyoCd=0160290102-00&ServiceCd=130&Type=search" }, "geometry": { "type": "Point", "coordinates": [ 141.295629409414659, 43.130820914560594 ] } },
{ "type": "Feature", "properties": { "内容": "医療法人社団翔嶺館札幌優翔館病院【訪問看護】北海道札幌市北区東茨戸2条2丁目8番25号", "url2": "https://www.kaigokensaku.mhlw.go.jp/01/index.php?action_kouhyou_detail_004_kani=true&JigyosyoCd=0110213329-00&ServiceCd=130&Type=search" }, "geometry": { "type": "Point", "coordinates": [ 141.357989299999986, 43.164768800000019 ] } },
{ "type": "Feature", "properties": { "内容": "訪問看護ふれあい北ステーション【訪問看護】北海道札幌市北区新川四条11丁目1-27きた在宅クリニック２Ｆ", "url2": "https://www.kaigokensaku.mhlw.go.jp/01/index.php?action_kouhyou_detail_004_kani=true&JigyosyoCd=0160291126-00&ServiceCd=130&Type=search" }, "geometry": { "type": "Point", "coordinates": [ 141.3078269, 43.107175 ] } },
{ "type": "Feature", "properties": { "内容": "一般社団法人北海道総合在宅ケア事業団　札幌北訪問看護ステーション【訪問看護】北海道札幌市北区北２２条西４丁目１番３０号レーベンビル１階", "url2": "https://www.kaigokensaku.mhlw.go.jp/01/index.php?action_kouhyou_detail_004_kani=true&JigyosyoCd=0160290037-00&ServiceCd=130&Type=search" }, "geometry": { "type": "Point", "coordinates": [ 141.34496450000006, 43.08790350000001 ] } },
{ "type": "Feature", "properties": { "内容": "北海道医療大学訪問看護ステーション【訪問看護】北海道札幌市北区あいの里2条6丁目2番1号北海道医療大学地域包括ケアセンター内", "url2": "https://www.kaigokensaku.mhlw.go.jp/01/index.php?action_kouhyou_detail_004_kani=true&JigyosyoCd=0160290680-00&ServiceCd=130&Type=search" }, "geometry": { "type": "Point", "coordinates": [ 141.39975960000001, 43.1594587 ] } },
{ "type": "Feature", "properties": { "内容": "訪問看護ステーション　きぼう【訪問看護】北海道札幌市北区北25条西16丁目8番20号", "url2": "https://www.kaigokensaku.mhlw.go.jp/01/index.php?action_kouhyou_detail_004_kani=true&JigyosyoCd=0160290524-00&ServiceCd=130&Type=search" }, "geometry": { "type": "Point", "coordinates": [ 141.3256067, 43.092670299999988 ] } },
{ "type": "Feature", "properties": { "内容": "こころナーシングステーション【訪問看護】北海道札幌市北区新川4条19丁目4-25", "url2": "https://www.kaigokensaku.mhlw.go.jp/01/index.php?action_kouhyou_detail_004_kani=true&JigyosyoCd=0160490678-00&ServiceCd=130&Type=search" }, "geometry": { "type": "Point", "coordinates": [ 141.292104125877529, 43.117567830251375 ] } },
{ "type": "Feature", "properties": { "内容": "SOIN訪問看護ステーション札幌北【訪問看護】北海道札幌市北区北35条西9丁目3-1エステート35　105号室", "url2": "https://www.kaigokensaku.mhlw.go.jp/01/index.php?action_kouhyou_detail_004_kani=true&JigyosyoCd=0160291001-00&ServiceCd=130&Type=search" }, "geometry": { "type": "Point", "coordinates": [ 141.3331623, 43.1043491 ] } },
{ "type": "Feature", "properties": { "内容": "訪問看護ステーションハーネス【訪問看護】北海道札幌市北区北11条西4丁目2-212階", "url2": "https://www.kaigokensaku.mhlw.go.jp/01/index.php?action_kouhyou_detail_004_kani=true&JigyosyoCd=0160290979-00&ServiceCd=130&Type=search" }, "geometry": { "type": "Point", "coordinates": [ 141.3477009, 43.0744459 ] } },
{ "type": "Feature", "properties": { "内容": "訪問看護ステーションつぼみ【訪問看護】北海道札幌市北区屯田4条7丁目7-30", "url2": "https://www.kaigokensaku.mhlw.go.jp/01/index.php?action_kouhyou_detail_004_kani=true&JigyosyoCd=0160290508-00&ServiceCd=130&Type=search" }, "geometry": { "type": "Point", "coordinates": [ 141.329050044038354, 43.130772249758735 ] } },
{ "type": "Feature", "properties": { "内容": "訪問看護ステーションレアマーレ【訪問看護】北20条西5丁目2-50CROSSPOINT　805号室", "url2": "https://www.kaigokensaku.mhlw.go.jp/01/index.php?action_kouhyou_detail_004_kani=true&JigyosyoCd=0160291100-00&ServiceCd=130&Type=search" }, "geometry": { "type": "Point", "coordinates": [ 141.343909599999989, 43.0852435 ] } },
{ "type": "Feature", "properties": { "内容": "ウェルスタイル拓北訪問看護ステーション【訪問看護】北海道札幌市北区拓北8条3-2-1トートイス拓北", "url2": "https://www.kaigokensaku.mhlw.go.jp/01/index.php?action_kouhyou_detail_004_kani=true&JigyosyoCd=0160290730-00&ServiceCd=130&Type=search" }, "geometry": { "type": "Point", "coordinates": [ 141.381020900000067, 43.159279 ] } },
{ "type": "Feature", "properties": { "内容": "訪問看護ステーションモナミ【訪問看護】篠路6条1丁目4番20号", "url2": "https://www.kaigokensaku.mhlw.go.jp/01/index.php?action_kouhyou_detail_004_kani=true&JigyosyoCd=0160290995-00&ServiceCd=130&Type=search" }, "geometry": { "type": "Point", "coordinates": [ 141.3634992, 43.1501066 ] } },
{ "type": "Feature", "properties": { "内容": "訪問看護ステーションあんじゅ【訪問看護】北海道札幌市北区新琴似11条16丁目8-21コーワハイツ新琴似202号室", "url2": "https://www.kaigokensaku.mhlw.go.jp/01/index.php?action_kouhyou_detail_004_kani=true&JigyosyoCd=0160290698-00&ServiceCd=130&Type=search" }, "geometry": { "type": "Point", "coordinates": [ 141.313052464044972, 43.131025454476273 ] } },
{ "type": "Feature", "properties": { "内容": "札幌シーズクルー訪問看護ステーション【訪問看護】北海道札幌市北区北４０条西５丁目5-35プレジデントハイム９０４号室", "url2": "https://www.kaigokensaku.mhlw.go.jp/01/index.php?action_kouhyou_detail_004_kani=true&JigyosyoCd=0160291142-00&ServiceCd=130&Type=search" }, "geometry": { "type": "Point", "coordinates": [ 141.337673200000012, 43.1089185 ] } },
{ "type": "Feature", "properties": { "内容": "訪問看護ステーション　ハーモニー【訪問看護】北海道札幌市北区北27条西5丁目2-12-102サニープレイスWEST5　102号室", "url2": "https://www.kaigokensaku.mhlw.go.jp/01/index.php?action_kouhyou_detail_004_kani=true&JigyosyoCd=0160291084-00&ServiceCd=130&Type=search" }, "geometry": { "type": "Point", "coordinates": [ 141.3406262, 43.0939375 ] } },
{ "type": "Feature", "properties": { "内容": "訪問看護ステーション結まーる【訪問看護】新川西1条3丁目8-21", "url2": "https://www.kaigokensaku.mhlw.go.jp/01/index.php?action_kouhyou_detail_004_kani=true&JigyosyoCd=0160490868-00&ServiceCd=130&Type=search" }, "geometry": { "type": "Point", "coordinates": [ 141.28027699733147, 43.123559514627885 ] } },
{ "type": "Feature", "properties": { "内容": "社会医療法人社団愛心館　来夢ライン訪問看護ステーション【訪問看護】札幌市北区あいの里２条１丁目２０－１", "url2": "https://www.kaigokensaku.mhlw.go.jp/01/index.php?action_kouhyou_detail_004_kani=true&JigyosyoCd=0160290326-00&ServiceCd=130&Type=search" }, "geometry": { "type": "Point", "coordinates": [ 141.385192700000061, 43.1595319 ] } },
{ "type": "Feature", "properties": { "内容": "訪問看護ステーション禎心会北【訪問看護】北海道札幌市北区新川1条6丁目3番3号", "url2": "https://www.kaigokensaku.mhlw.go.jp/01/index.php?action_kouhyou_detail_004_kani=true&JigyosyoCd=0160290276-00&ServiceCd=130&Type=search" }, "geometry": { "type": "Point", "coordinates": [ 141.310739099999978, 43.1000841 ] } },
{ "type": "Feature", "properties": { "内容": "勤医協北３２条訪問看護ステーション【訪問看護】北海道札幌市北区北３２条西８丁目１番１号", "url2": "https://www.kaigokensaku.mhlw.go.jp/01/index.php?action_kouhyou_detail_004_kani=true&JigyosyoCd=0160290896-00&ServiceCd=130&Type=search" }, "geometry": { "type": "Point", "coordinates": [ 141.3357907, 43.0982446 ] } },
{ "type": "Feature", "properties": { "内容": "社会福祉法人三草会　訪問看護ステーションアシスト篠路【訪問看護】北海道札幌市北区篠路1条2丁目1-7三草会リハケアセンター篠路内", "url2": "https://www.kaigokensaku.mhlw.go.jp/01/index.php?action_kouhyou_detail_004_kani=true&JigyosyoCd=0160291134-00&ServiceCd=130&Type=search" }, "geometry": { "type": "Point", "coordinates": [ 141.351603399999988, 43.1403031 ] } },
{ "type": "Feature", "properties": { "内容": "訪問看護ステーションポット東【訪問看護】北海道札幌市北区北28条西12丁目4-13北28条ビル　2階", "url2": "https://www.kaigokensaku.mhlw.go.jp/01/index.php?action_kouhyou_detail_004_kani=true&JigyosyoCd=0160290417-00&ServiceCd=130&Type=search" }, "geometry": { "type": "Point", "coordinates": [ 141.330294028862625, 43.096176034175912 ] } },
{ "type": "Feature", "properties": { "内容": "訪問看護ステーションあみえる【訪問看護】北海道札幌市北区新琴似9条5丁目3-6宝徳マンション102", "url2": "https://www.kaigokensaku.mhlw.go.jp/01/index.php?action_kouhyou_detail_004_kani=true&JigyosyoCd=0160190864-00&ServiceCd=130&Type=search" }, "geometry": { "type": "Point", "coordinates": [ 141.331012500000014, 43.116917 ] } },
{ "type": "Feature", "properties": { "内容": "すみれ訪問看護ステーション【訪問看護】札幌市北区北22条西6丁目2番8号アルカーサル４　106号", "url2": "https://www.kaigokensaku.mhlw.go.jp/01/index.php?action_kouhyou_detail_004_kani=true&JigyosyoCd=0160291324-00&ServiceCd=130&Type=search" }, "geometry": { "type": "Point", "coordinates": [ 141.3413086, 43.0877732 ] } },
{ "type": "Feature", "properties": { "内容": "訪問看護ステーションゆう【訪問看護】札幌市東区北21条東21丁目2－17", "url2": "https://www.kaigokensaku.mhlw.go.jp/01/index.php?action_kouhyou_detail_004_kani=true&JigyosyoCd=0160290391-00&ServiceCd=130&Type=search" }, "geometry": { "type": "Point", "coordinates": [ 141.384413900000027, 43.0904683 ] } },
{ "type": "Feature", "properties": { "内容": "医療法人社団　平澤内科呼吸器科クリニック【訪問看護】札幌市東区北２５条東３丁目３－１１", "url2": "https://www.kaigokensaku.mhlw.go.jp/01/index.php?action_kouhyou_detail_004_kani=true&JigyosyoCd=0110219375-00&ServiceCd=130&Type=search" }, "geometry": { "type": "Point", "coordinates": [ 141.353952299999946, 43.0931532 ] } },
{ "type": "Feature", "properties": { "内容": "札幌ひがし徳洲会訪問看護ステーション【訪問看護】北海道札幌市東区北三十三条東１３丁目３－４３第２エクセルナガタ２０３号室", "url2": "https://www.kaigokensaku.mhlw.go.jp/01/index.php?action_kouhyou_detail_004_kani=true&JigyosyoCd=0160290847-00&ServiceCd=130&Type=search" }, "geometry": { "type": "Point", "coordinates": [ 141.365641699999969, 43.1024245 ] } },
{ "type": "Feature", "properties": { "内容": "看護クラーク札幌北【訪問看護】東区北32条東1丁目6-10", "url2": "https://www.kaigokensaku.mhlw.go.jp/01/index.php?action_kouhyou_detail_004_kani=true&JigyosyoCd=0160291050-00&ServiceCd=130&Type=search" }, "geometry": { "type": "Point", "coordinates": [ 141.347925800000013, 43.0998551 ] } },
{ "type": "Feature", "properties": { "内容": "サンウェルズ太平訪問看護ステーション【訪問看護】北海道札幌市東区北51条東5丁目2番10号", "url2": "https://www.kaigokensaku.mhlw.go.jp/01/index.php?action_kouhyou_detail_004_kani=true&JigyosyoCd=0160291282-00&ServiceCd=130&Type=search" }, "geometry": { "type": "Point", "coordinates": [ 141.3494221, 43.1227923 ] } },
{ "type": "Feature", "properties": { "内容": "訪問看護リハビリステーションエール【訪問看護】北海道札幌市東区北7条東13丁目2－14なし", "url2": "https://www.kaigokensaku.mhlw.go.jp/01/index.php?action_kouhyou_detail_004_kani=true&JigyosyoCd=0160291266-00&ServiceCd=130&Type=search" }, "geometry": { "type": "Point", "coordinates": [ 141.3739309, 43.0733247 ] } },
{ "type": "Feature", "properties": { "内容": "SOMPOケア　札幌東豊　訪問看護【訪問看護】北海道札幌市東区北23条東12丁目1-17サツキビル3階", "url2": "https://www.kaigokensaku.mhlw.go.jp/01/index.php?action_kouhyou_detail_004_kani=true&JigyosyoCd=0160290946-00&ServiceCd=130&Type=search" }, "geometry": { "type": "Point", "coordinates": [ 141.366404, 43.0917512 ] } },
{ "type": "Feature", "properties": { "内容": "福祉生協苗穂ナースステーション【訪問看護】北海道札幌市東区北5条東10丁目16-1イリス苗穂", "url2": "https://www.kaigokensaku.mhlw.go.jp/01/index.php?action_kouhyou_detail_004_kani=true&JigyosyoCd=0160291290-00&ServiceCd=130&Type=search" }, "geometry": { "type": "Point", "coordinates": [ 141.3708981, 43.0697944 ] } },
{ "type": "Feature", "properties": { "内容": "訪問看護ステーション　あざぶ【訪問看護】北海道札幌市東区北22条東1丁目1番40号", "url2": "https://www.kaigokensaku.mhlw.go.jp/01/index.php?action_kouhyou_detail_004_kani=true&JigyosyoCd=0160290862-00&ServiceCd=130&Type=search" }, "geometry": { "type": "Point", "coordinates": [ 141.349870300000021, 43.0883104 ] } },
{ "type": "Feature", "properties": { "内容": "在宅医療センター小石川【訪問看護】北海道札幌市東区北32条東9丁目1番8号小規模療養ホーム小石川参番舘", "url2": "https://www.kaigokensaku.mhlw.go.jp/01/index.php?action_kouhyou_detail_004_kani=true&JigyosyoCd=0160290631-00&ServiceCd=130&Type=search" }, "geometry": { "type": "Point", "coordinates": [ 141.360554, 43.101233 ] } },
{ "type": "Feature", "properties": { "内容": "浮き雲訪問看護ステーション【訪問看護】北海道札幌市東区北１４条東１３丁目1-36雫101", "url2": "https://www.kaigokensaku.mhlw.go.jp/01/index.php?action_kouhyou_detail_004_kani=true&JigyosyoCd=0160291233-00&ServiceCd=130&Type=search" }, "geometry": { "type": "Point", "coordinates": [ 141.370807299999967, 43.0805106 ] } },
{ "type": "Feature", "properties": { "内容": "一般社団法人北海道総合在宅ケア事業団　札幌東訪問看護ステーション【訪問看護】北海道札幌市東区北10条東9丁目３番５号興栄ビル２階", "url2": "https://www.kaigokensaku.mhlw.go.jp/01/index.php?action_kouhyou_detail_004_kani=true&JigyosyoCd=0160290045-00&ServiceCd=130&Type=search" }, "geometry": { "type": "Point", "coordinates": [ 141.36731629999997, 43.0759529 ] } },
{ "type": "Feature", "properties": { "内容": "訪問看護リハビリテーション温っとほむ【訪問看護】札幌市東区北50条東6丁目4-1", "url2": "https://www.kaigokensaku.mhlw.go.jp/01/index.php?action_kouhyou_detail_004_kani=true&JigyosyoCd=0160290755-00&ServiceCd=130&Type=search" }, "geometry": { "type": "Point", "coordinates": [ 141.351238917881119, 43.121708324799833 ] } },
{ "type": "Feature", "properties": { "内容": "訪問看護ステーションあすか【訪問看護】北海道札幌市東区伏古5条3丁目4番22号", "url2": "https://www.kaigokensaku.mhlw.go.jp/01/index.php?action_kouhyou_detail_004_kani=true&JigyosyoCd=0160290490-00&ServiceCd=130&Type=search" }, "geometry": { "type": "Point", "coordinates": [ 141.3907474, 43.082011200000025 ] } },
{ "type": "Feature", "properties": { "内容": "ここあい訪問看護ステーション【訪問看護】北海道札幌市東区北２８条東９丁目３−３ポラリスビル　2階", "url2": "https://www.kaigokensaku.mhlw.go.jp/01/index.php?action_kouhyou_detail_004_kani=true&JigyosyoCd=0160190815-00&ServiceCd=130&Type=search" }, "geometry": { "type": "Point", "coordinates": [ 141.361153800000039, 43.0983782 ] } },
{ "type": "Feature", "properties": { "内容": "住まいの訪問看護ステーション【訪問看護】北海道札幌市東区北４0条東9丁目3番5号", "url2": "https://www.kaigokensaku.mhlw.go.jp/01/index.php?action_kouhyou_detail_004_kani=true&JigyosyoCd=0160290557-00&ServiceCd=130&Type=search" }, "geometry": { "type": "Point", "coordinates": [ 141.359030080751012, 43.110089877080952 ] } },
{ "type": "Feature", "properties": { "内容": "みんなのかかりつけ訪問看護ステーション札幌北【訪問看護】北35条東20丁目1-23COSMOFLAT102号室", "url2": "https://www.kaigokensaku.mhlw.go.jp/01/index.php?action_kouhyou_detail_004_kani=true&JigyosyoCd=0160291274-00&ServiceCd=130&Type=search" }, "geometry": { "type": "Point", "coordinates": [ 141.3761577, 43.1065983 ] } },
{ "type": "Feature", "properties": { "内容": "訪問看護ステーションナースケアーズ北6条【訪問看護】北海道札幌市東区北６条東６丁目1-1ノアガーデングランテラス", "url2": "https://www.kaigokensaku.mhlw.go.jp/01/index.php?action_kouhyou_detail_004_kani=true&JigyosyoCd=0160291035-00&ServiceCd=130&Type=search" }, "geometry": { "type": "Point", "coordinates": [ 141.364130499999987, 43.0705199 ] } },
{ "type": "Feature", "properties": { "内容": "訪問看護リハビリステーション白ゆり北30条【訪問看護】札幌市東区北30条東19丁目2-1", "url2": "https://www.kaigokensaku.mhlw.go.jp/01/index.php?action_kouhyou_detail_004_kani=true&JigyosyoCd=0160290888-00&ServiceCd=130&Type=search" }, "geometry": { "type": "Point", "coordinates": [ 141.3774704, 43.101380199999966 ] } },
{ "type": "Feature", "properties": { "内容": "訪問看護ステーション結愛【訪問看護】北海道札幌市東区北37条東5丁目2-8グラシアN37　203", "url2": "https://www.kaigokensaku.mhlw.go.jp/01/index.php?action_kouhyou_detail_004_kani=true&JigyosyoCd=0160291209-00&ServiceCd=130&Type=search" }, "geometry": { "type": "Point", "coordinates": [ 141.3528422, 43.1063487 ] } },
{ "type": "Feature", "properties": { "内容": "訪問看護ステーション　ライフ札幌【訪問看護】北海道札幌市東区北36条東19丁目1番20号ｺｰﾎﾟ竹内102号室", "url2": "https://www.kaigokensaku.mhlw.go.jp/01/index.php?action_kouhyou_detail_004_kani=true&JigyosyoCd=0160590501-00&ServiceCd=130&Type=search" }, "geometry": { "type": "Point", "coordinates": [ 141.37533545141352, 43.106986528882842 ] } },
{ "type": "Feature", "properties": { "内容": "訪問看護ステーションあすかⅡ【訪問看護】北海道札幌市東区伏古10条3丁目11番18号訪問看護ステーションあすかⅡ", "url2": "https://www.kaigokensaku.mhlw.go.jp/01/index.php?action_kouhyou_detail_004_kani=true&JigyosyoCd=0160290623-00&ServiceCd=130&Type=search" }, "geometry": { "type": "Point", "coordinates": [ 141.397919918910276, 43.093451425606204 ] } },
{ "type": "Feature", "properties": { "内容": "訪問看護ステーションらふ【訪問看護】北海道札幌市東区伏古2条4丁目11番11号", "url2": "https://www.kaigokensaku.mhlw.go.jp/01/index.php?action_kouhyou_detail_004_kani=true&JigyosyoCd=0160290649-00&ServiceCd=130&Type=search" }, "geometry": { "type": "Point", "coordinates": [ 141.392769834435825, 43.083426173382243 ] } },
{ "type": "Feature", "properties": { "内容": "訪問看護ステーション桃李札幌東【訪問看護】札幌市東区北40条東7丁目5番19号", "url2": "https://www.kaigokensaku.mhlw.go.jp/01/index.php?action_kouhyou_detail_004_kani=true&JigyosyoCd=0160291118-00&ServiceCd=130&Type=search" }, "geometry": { "type": "Point", "coordinates": [ 141.356330071792996, 43.109765833687483 ] } },
{ "type": "Feature", "properties": { "内容": "天使訪問看護ステーション【訪問看護】札幌市東区北12条東３丁目1番1号天使病院内", "url2": "https://www.kaigokensaku.mhlw.go.jp/01/index.php?action_kouhyou_detail_004_kani=true&JigyosyoCd=0160290250-00&ServiceCd=130&Type=search" }, "geometry": { "type": "Point", "coordinates": [ 141.3574863, 43.076758 ] } },
{ "type": "Feature", "properties": { "内容": "東苗穂訪問看護ステーション【訪問看護】北海道札幌市東区東苗穂9条3丁目1番33号地域よりあい相談プラザみなえーる", "url2": "https://www.kaigokensaku.mhlw.go.jp/01/index.php?action_kouhyou_detail_004_kani=true&JigyosyoCd=0160290086-00&ServiceCd=130&Type=search" }, "geometry": { "type": "Point", "coordinates": [ 141.416933086560164, 43.097159490874809 ] } },
{ "type": "Feature", "properties": { "内容": "訪問看護ステーションアシスト【訪問看護】札幌市東区本町2条4丁目8-20クラーク病院二階", "url2": "https://www.kaigokensaku.mhlw.go.jp/01/index.php?action_kouhyou_detail_004_kani=true&JigyosyoCd=0160290060-00&ServiceCd=130&Type=search" }, "geometry": { "type": "Point", "coordinates": [ 141.389535282803337, 43.079917945706633 ] } },
{ "type": "Feature", "properties": { "内容": "カレス訪問看護ステーション【訪問看護】北海道札幌市東区北12条東4丁目1-1カレスプレミアムガーデン", "url2": "https://www.kaigokensaku.mhlw.go.jp/01/index.php?action_kouhyou_detail_004_kani=true&JigyosyoCd=0160190153-00&ServiceCd=130&Type=search" }, "geometry": { "type": "Point", "coordinates": [ 141.358564370114095, 43.076374756610505 ] } },
{ "type": "Feature", "properties": { "内容": "訪問看護ステーション禎心会東【訪問看護】札幌市東区北47条東16丁目1番5号", "url2": "https://www.kaigokensaku.mhlw.go.jp/01/index.php?action_kouhyou_detail_004_kani=true&JigyosyoCd=0160290177-00&ServiceCd=130&Type=search" }, "geometry": { "type": "Point", "coordinates": [ 141.365856803952084, 43.119442070511646 ] } },
{ "type": "Feature", "properties": { "内容": "勤医協札幌ひがし訪問看護ステーション【訪問看護】札幌市東区東苗穂５条１丁目１１－１", "url2": "https://www.kaigokensaku.mhlw.go.jp/01/index.php?action_kouhyou_detail_004_kani=true&JigyosyoCd=0160290912-00&ServiceCd=130&Type=search" }, "geometry": { "type": "Point", "coordinates": [ 141.4034193, 43.0904307 ] } },
{ "type": "Feature", "properties": { "内容": "訪問看護ステーションはるの【訪問看護】札幌市東区北49条東2丁目6番13号リバーデンス東麻生103号", "url2": "https://www.kaigokensaku.mhlw.go.jp/01/index.php?action_kouhyou_detail_004_kani=true&JigyosyoCd=0160290268-00&ServiceCd=130&Type=search" }, "geometry": { "type": "Point", "coordinates": [ 141.346720499999947, 43.119699300000015 ] } },
{ "type": "Feature", "properties": { "内容": "訪問看護ステーションあいか【訪問看護】北海道札幌市東区伏古13条3丁目11-17", "url2": "https://www.kaigokensaku.mhlw.go.jp/01/index.php?action_kouhyou_detail_004_kani=true&JigyosyoCd=0160290748-00&ServiceCd=130&Type=search" }, "geometry": { "type": "Point", "coordinates": [ 141.399911763143081, 43.101501766035952 ] } },
{ "type": "Feature", "properties": { "内容": "訪問看護ステーション　恵佑会【訪問看護】札幌市白石区本通９丁目南１番１号", "url2": "https://www.kaigokensaku.mhlw.go.jp/01/index.php?action_kouhyou_detail_004_kani=true&JigyosyoCd=0160590113-00&ServiceCd=130&Type=search" }, "geometry": { "type": "Point", "coordinates": [ 141.417457930802669, 43.042135050208913 ] } },
{ "type": "Feature", "properties": { "内容": "福祉生協　白石ナースステーション【訪問看護】北海道札幌市白石区南郷通6丁目北2-10イリス　南郷通", "url2": "https://www.kaigokensaku.mhlw.go.jp/01/index.php?action_kouhyou_detail_004_kani=true&JigyosyoCd=0160590444-00&ServiceCd=130&Type=search" }, "geometry": { "type": "Point", "coordinates": [ 141.4090292, 43.0423088 ] } },
{ "type": "Feature", "properties": { "内容": "訪問看護ステーションアーレア【訪問看護】北海道札幌市白石区北郷２条４丁目６－４３－２０２", "url2": "https://www.kaigokensaku.mhlw.go.jp/01/index.php?action_kouhyou_detail_004_kani=true&JigyosyoCd=0160590857-00&ServiceCd=130&Type=search" }, "geometry": { "type": "Point", "coordinates": [ 141.414860200000021, 43.0566479 ] } },
{ "type": "Feature", "properties": { "内容": "訪問看護リハビリステーション白ゆり南郷【訪問看護】北海道札幌市白石区南郷通2丁目南11-12", "url2": "https://www.kaigokensaku.mhlw.go.jp/01/index.php?action_kouhyou_detail_004_kani=true&JigyosyoCd=0160591558-00&ServiceCd=130&Type=search" }, "geometry": { "type": "Point", "coordinates": [ 141.400934799999987, 43.044456 ] } },
{ "type": "Feature", "properties": { "内容": "社会福祉法人モニカ　訪問看護ステーションさくら【訪問看護】北海道札幌市白石区本通12丁目南6-5Rin南郷106号室", "url2": "https://www.kaigokensaku.mhlw.go.jp/01/index.php?action_kouhyou_detail_004_kani=true&JigyosyoCd=0160591772-00&ServiceCd=130&Type=search" }, "geometry": { "type": "Point", "coordinates": [ 141.4233745, 43.0400691 ] } },
{ "type": "Feature", "properties": { "内容": "SOMPOケア　札幌菊水　訪問看護【訪問看護】北海道札幌市白石区菊水３条４丁目２番７号樋口ビル　1Ｆ", "url2": "https://www.kaigokensaku.mhlw.go.jp/01/index.php?action_kouhyou_detail_004_kani=true&JigyosyoCd=0160591079-00&ServiceCd=130&Type=search" }, "geometry": { "type": "Point", "coordinates": [ 141.377486200000021, 43.0551276 ] } },
{ "type": "Feature", "properties": { "内容": "ＳＯＭＰＯケア　札幌川下　訪問看護【訪問看護】北海道札幌市白石区川下3条6丁目6-1", "url2": "https://www.kaigokensaku.mhlw.go.jp/01/index.php?action_kouhyou_detail_004_kani=true&JigyosyoCd=0160591087-00&ServiceCd=130&Type=search" }, "geometry": { "type": "Point", "coordinates": [ 141.448161, 43.0495801 ] } },
{ "type": "Feature", "properties": { "内容": "訪問看護ファミリー・ホスピス白石【訪問看護】北海道札幌市白石区川下２条７丁目２－２２", "url2": "https://www.kaigokensaku.mhlw.go.jp/01/index.php?action_kouhyou_detail_004_kani=true&JigyosyoCd=0160591954-00&ServiceCd=130&Type=search" }, "geometry": { "type": "Point", "coordinates": [ 141.4509349, 43.0473253 ] } },
{ "type": "Feature", "properties": { "内容": "訪問看護ステーション東札幌【訪問看護】札幌市白石区東札幌3条3丁目7番35号東札幌病院内", "url2": "https://www.kaigokensaku.mhlw.go.jp/01/index.php?action_kouhyou_detail_004_kani=true&JigyosyoCd=0160390142-00&ServiceCd=130&Type=search" }, "geometry": { "type": "Point", "coordinates": [ 141.387643900000057, 43.0506893 ] } },
{ "type": "Feature", "properties": { "内容": "さくら訪問看護ステーション【訪問看護】北海道札幌市白石区東札幌４条４丁目１－１８", "url2": "https://www.kaigokensaku.mhlw.go.jp/01/index.php?action_kouhyou_detail_004_kani=true&JigyosyoCd=0160590642-00&ServiceCd=130&Type=search" }, "geometry": { "type": "Point", "coordinates": [ 141.3911296, 43.0512588 ] } },
{ "type": "Feature", "properties": { "内容": "一般社団法人北海道総合在宅ケア事業団　札幌白石訪問看護ステーション【訪問看護】札幌市白石区北郷２条４丁目３番５号北郷メディカル４F", "url2": "https://www.kaigokensaku.mhlw.go.jp/01/index.php?action_kouhyou_detail_004_kani=true&JigyosyoCd=0160390043-00&ServiceCd=130&Type=search" }, "geometry": { "type": "Point", "coordinates": [ 141.413535200000069, 43.0590921 ] } },
{ "type": "Feature", "properties": { "内容": "訪問看護ステーションモア・アクティブ札幌白石【訪問看護】北海道札幌市白石区本郷通1丁目南3番1号モデュロール101", "url2": "https://www.kaigokensaku.mhlw.go.jp/01/index.php?action_kouhyou_detail_004_kani=true&JigyosyoCd=0170507636-00&ServiceCd=130&Type=search" }, "geometry": { "type": "Point", "coordinates": [ 141.400798200000054, 43.0484899 ] } },
{ "type": "Feature", "properties": { "内容": "訪問看護ステーションシュエット【訪問看護】札幌市白石区栄通18丁目5-45ライブビル3階", "url2": "https://www.kaigokensaku.mhlw.go.jp/01/index.php?action_kouhyou_detail_004_kani=true&JigyosyoCd=0160591293-00&ServiceCd=130&Type=search" }, "geometry": { "type": "Point", "coordinates": [ 141.4343249, 43.0272044 ] } },
{ "type": "Feature", "properties": { "内容": "訪問看護ステーション　リファインこもれび【訪問看護】札幌市白石区北郷2条3丁目4-7", "url2": "https://www.kaigokensaku.mhlw.go.jp/01/index.php?action_kouhyou_detail_004_kani=true&JigyosyoCd=0160590998-00&ServiceCd=130&Type=search" }, "geometry": { "type": "Point", "coordinates": [ 141.410871499999985, 43.060678 ] } },
{ "type": "Feature", "properties": { "内容": "医心館訪問看護ステーション東札幌【訪問看護】北海道札幌市白石区東札幌1条1丁目6番25号", "url2": "https://www.kaigokensaku.mhlw.go.jp/01/index.php?action_kouhyou_detail_004_kani=true&JigyosyoCd=0160591707-00&ServiceCd=130&Type=search" }, "geometry": { "type": "Point", "coordinates": [ 141.3798416, 43.0498441 ] } },
{ "type": "Feature", "properties": { "内容": "オストケア訪問看護しろいし【訪問看護】北海道札幌市白石区平和通1丁目南2番3号有料老人ホームイオル平和通", "url2": "https://www.kaigokensaku.mhlw.go.jp/01/index.php?action_kouhyou_detail_004_kani=true&JigyosyoCd=0160590964-00&ServiceCd=130&Type=search" }, "geometry": { "type": "Point", "coordinates": [ 141.4061279, 43.0548867 ] } },
{ "type": "Feature", "properties": { "内容": "訪問看護ステーションケアライズ【訪問看護】北海道札幌市白石区南郷通21丁目南5-39南郷21メディカル　1F", "url2": "https://www.kaigokensaku.mhlw.go.jp/01/index.php?action_kouhyou_detail_004_kani=true&JigyosyoCd=0160591418-00&ServiceCd=130&Type=search" }, "geometry": { "type": "Point", "coordinates": [ 141.443021600000037, 43.026090399999966 ] } },
{ "type": "Feature", "properties": { "内容": "訪問看護ステーションはばたき【訪問看護】北海道札幌市白石区本郷通３丁目南４－１１スピタール南郷丘", "url2": "https://www.kaigokensaku.mhlw.go.jp/01/index.php?action_kouhyou_detail_004_kani=true&JigyosyoCd=0160590667-00&ServiceCd=130&Type=search" }, "geometry": { "type": "Point", "coordinates": [ 141.405564499999969, 43.0462958 ] } },
{ "type": "Feature", "properties": { "内容": "訪問看護ステーション　いっぽにほさんぽ【訪問看護】北海道札幌市白石区南郷通７丁目北５番１６号第１中澤ビル２０１号室", "url2": "https://www.kaigokensaku.mhlw.go.jp/01/index.php?action_kouhyou_detail_004_kani=true&JigyosyoCd=0160591640-00&ServiceCd=130&Type=search" }, "geometry": { "type": "Point", "coordinates": [ 141.41245, 43.041288 ] } },
{ "type": "Feature", "properties": { "内容": "訪問看護ステーションゆう【訪問看護】北海道札幌市白石区平和通15丁目北16-21ルピナス・Ⅰ　102", "url2": "https://www.kaigokensaku.mhlw.go.jp/01/index.php?action_kouhyou_detail_004_kani=true&JigyosyoCd=0160590725-00&ServiceCd=130&Type=search" }, "geometry": { "type": "Point", "coordinates": [ 141.433569946470101, 43.042969813859365 ] } },
{ "type": "Feature", "properties": { "内容": "みいな訪問看護リハビリステーション【訪問看護】北海道札幌市白石区南郷通18丁目北1－10", "url2": "https://www.kaigokensaku.mhlw.go.jp/01/index.php?action_kouhyou_detail_004_kani=true&JigyosyoCd=0160591509-00&ServiceCd=130&Type=search" }, "geometry": { "type": "Point", "coordinates": [ 141.433565698935467, 43.031320655466288 ] } },
{ "type": "Feature", "properties": { "内容": "アナベル訪問看護ステーション【訪問看護】北海道札幌市白石区栄通２丁目8-262F", "url2": "https://www.kaigokensaku.mhlw.go.jp/01/index.php?action_kouhyou_detail_004_kani=true&JigyosyoCd=0160591525-00&ServiceCd=130&Type=search" }, "geometry": { "type": "Point", "coordinates": [ 141.3977683, 43.0404589 ] } },
{ "type": "Feature", "properties": { "内容": "つばさ訪問看護ステーション【訪問看護】北海道札幌市白石区菊水元町9条1丁目1番9号", "url2": "https://www.kaigokensaku.mhlw.go.jp/01/index.php?action_kouhyou_detail_004_kani=true&JigyosyoCd=0160592085-00&ServiceCd=130&Type=search" }, "geometry": { "type": "Point", "coordinates": [ 141.41336290000001, 43.0785651 ] } },
{ "type": "Feature", "properties": { "内容": "勤医協柏ヶ丘訪問看護ステーション【訪問看護】北海道札幌市白石区本通7丁目北2番16号", "url2": "https://www.kaigokensaku.mhlw.go.jp/01/index.php?action_kouhyou_detail_004_kani=true&JigyosyoCd=0160590758-00&ServiceCd=130&Type=search" }, "geometry": { "type": "Point", "coordinates": [ 141.416757800000028, 43.046485 ] } },
{ "type": "Feature", "properties": { "内容": "訪問看護ステーション　ポットこもれび【訪問看護】札幌市白石区栄通１０丁目６番１０号レジデンス稲津１０２号", "url2": "https://www.kaigokensaku.mhlw.go.jp/01/index.php?action_kouhyou_detail_004_kani=true&JigyosyoCd=0160590261-00&ServiceCd=130&Type=search" }, "geometry": { "type": "Point", "coordinates": [ 141.4149539, 43.0355754 ] } },
{ "type": "Feature", "properties": { "内容": "訪問看護ステーショントータルケア札幌白石【訪問看護】札幌市白石区本通10丁目北6-19第1ムーヴビル2階", "url2": "https://www.kaigokensaku.mhlw.go.jp/01/index.php?action_kouhyou_detail_004_kani=true&JigyosyoCd=0160592119-00&ServiceCd=130&Type=search" }, "geometry": { "type": "Point", "coordinates": [ 141.422528199999988, 43.0422855 ] } },
{ "type": "Feature", "properties": { "内容": "訪問看護ステーション　看五右衛門【訪問看護】北海道札幌市白石区北郷４条２丁目１７−２０ロイヤルコート北郷302", "url2": "https://www.kaigokensaku.mhlw.go.jp/01/index.php?action_kouhyou_detail_004_kani=true&JigyosyoCd=0160591830-00&ServiceCd=130&Type=search" }, "geometry": { "type": "Point", "coordinates": [ 141.4093655, 43.064395900000015 ] } },
{ "type": "Feature", "properties": { "内容": "訪問看護ステーションなずな【訪問看護】北海道札幌市豊平区平岸3条7丁目6番1号マイハイム平岸101号", "url2": "https://www.kaigokensaku.mhlw.go.jp/01/index.php?action_kouhyou_detail_004_kani=true&JigyosyoCd=0160590485-00&ServiceCd=130&Type=search" }, "geometry": { "type": "Point", "coordinates": [ 141.370955284130929, 43.034761534470121 ] } },
{ "type": "Feature", "properties": { "内容": "訪問看護ステーションひまわり【訪問看護】月寒東3条16丁目3－10メディカルセンタービル2階", "url2": "https://www.kaigokensaku.mhlw.go.jp/01/index.php?action_kouhyou_detail_004_kani=true&JigyosyoCd=0160590972-00&ServiceCd=130&Type=search" }, "geometry": { "type": "Point", "coordinates": [ 141.4175007, 43.0239318 ] } },
{ "type": "Feature", "properties": { "内容": "訪問看護　ウィズ【訪問看護】美園4条2丁目2-25", "url2": "https://www.kaigokensaku.mhlw.go.jp/01/index.php?action_kouhyou_detail_004_kani=true&JigyosyoCd=0160591574-00&ServiceCd=130&Type=search" }, "geometry": { "type": "Point", "coordinates": [ 141.3823539, 43.042592 ] } },
{ "type": "Feature", "properties": { "内容": "訪問看護ステーション奏【訪問看護】北海道札幌市豊平区美園十二条7丁目7-6パークハイム12・7403号", "url2": "https://www.kaigokensaku.mhlw.go.jp/01/index.php?action_kouhyou_detail_004_kani=true&JigyosyoCd=0160591855-00&ServiceCd=130&Type=search" }, "geometry": { "type": "Point", "coordinates": [ 141.3836004, 43.0303506 ] } },
{ "type": "Feature", "properties": { "内容": "訪問看護さんごの里【訪問看護】札幌市豊平区平岸1条17丁目2番1号東急ドエル平岸ビレジ１号棟404", "url2": "https://www.kaigokensaku.mhlw.go.jp/01/index.php?action_kouhyou_detail_004_kani=true&JigyosyoCd=0160591905-00&ServiceCd=130&Type=search" }, "geometry": { "type": "Point", "coordinates": [ 141.3606226, 43.0223793 ] } },
{ "type": "Feature", "properties": { "内容": "SOMPOケア豊平訪問看護【訪問看護】北海道札幌市豊平区豊平３条１丁目１番３８号ラヴィーレレジデンス豊平", "url2": "https://www.kaigokensaku.mhlw.go.jp/01/index.php?action_kouhyou_detail_004_kani=true&JigyosyoCd=0160591921-00&ServiceCd=130&Type=search" }, "geometry": { "type": "Point", "coordinates": [ 141.3660145, 43.05542 ] } },
{ "type": "Feature", "properties": { "内容": "訪問看護ステーション　みつき【訪問看護】北海道札幌市豊平区月寒東２条１６丁目１番９２号アーバンクラブサクセス２１５号室", "url2": "https://www.kaigokensaku.mhlw.go.jp/01/index.php?action_kouhyou_detail_004_kani=true&JigyosyoCd=0160590766-00&ServiceCd=130&Type=search" }, "geometry": { "type": "Point", "coordinates": [ 141.412082, 43.0200294 ] } },
{ "type": "Feature", "properties": { "内容": "あづまし家ナースステーション【訪問看護】月寒東2条5丁目11番18号", "url2": "https://www.kaigokensaku.mhlw.go.jp/01/index.php?action_kouhyou_detail_004_kani=true&JigyosyoCd=0160592093-00&ServiceCd=130&Type=search" }, "geometry": { "type": "Point", "coordinates": [ 141.4008512, 43.0357091 ] } },
{ "type": "Feature", "properties": { "内容": "訪問看護ファミリー・ホスピス月寒東【訪問看護】北海道札幌市月寒東2条20丁目1番5号", "url2": "https://www.kaigokensaku.mhlw.go.jp/01/index.php?action_kouhyou_detail_004_kani=true&JigyosyoCd=0160592283-00&ServiceCd=130&Type=search" }, "geometry": { "type": "Point", "coordinates": [ 141.42326991163938, 43.012903136972817 ] } },
{ "type": "Feature", "properties": { "内容": "ソフィアメディ訪問看護ステーション豊平【訪問看護】北海道札幌市豊平区美園6条5丁目3-23　美園65MS　1階北海道札幌市豊平区美園6条5丁目3-23　美園65MS　1階", "url2": "https://www.kaigokensaku.mhlw.go.jp/01/index.php?action_kouhyou_detail_004_kani=true&JigyosyoCd=0160591491-00&ServiceCd=130&Type=search" }, "geometry": { "type": "Point", "coordinates": [ 141.3850117, 43.0385408 ] } },
{ "type": "Feature", "properties": { "内容": "訪問看護ルグラン【訪問看護】北海道札幌市豊平区中の島2条7丁目4-5", "url2": "https://www.kaigokensaku.mhlw.go.jp/01/index.php?action_kouhyou_detail_004_kani=true&JigyosyoCd=0160591814-00&ServiceCd=130&Type=search" }, "geometry": { "type": "Point", "coordinates": [ 141.3594248, 43.0267292 ] } },
{ "type": "Feature", "properties": { "内容": "愛全会　訪問看護ステーションとよひら・ちゅうおう【訪問看護】札幌市豊平区平岸2条5丁目2番14号第5平岸グランドビル　4階", "url2": "https://www.kaigokensaku.mhlw.go.jp/01/index.php?action_kouhyou_detail_004_kani=true&JigyosyoCd=0160390191-00&ServiceCd=130&Type=search" }, "geometry": { "type": "Point", "coordinates": [ 141.369301392828987, 43.037266601050128 ] } },
{ "type": "Feature", "properties": { "内容": "訪問看護ふれあいステーション【訪問看護】北海道札幌市豊平区美園３条５丁目１番１５号原ビル２Ｆ", "url2": "https://www.kaigokensaku.mhlw.go.jp/01/index.php?action_kouhyou_detail_004_kani=true&JigyosyoCd=0160590345-00&ServiceCd=130&Type=search" }, "geometry": { "type": "Point", "coordinates": [ 141.387388633638011, 43.04177550076227 ] } },
{ "type": "Feature", "properties": { "内容": "訪問看護ステーションふくずみ【訪問看護】北海道札幌市豊平区月寒東１条１５丁目7-20", "url2": "https://www.kaigokensaku.mhlw.go.jp/01/index.php?action_kouhyou_detail_004_kani=true&JigyosyoCd=0160390183-00&ServiceCd=130&Type=search" }, "geometry": { "type": "Point", "coordinates": [ 141.4077466, 43.019836 ] } },
{ "type": "Feature", "properties": { "内容": "北海道整形外科記念病院　訪問看護ステーション【訪問看護】北海道札幌市豊平区平岸7条13丁目5‐22北海道整形外科記念病院1階", "url2": "https://www.kaigokensaku.mhlw.go.jp/01/index.php?action_kouhyou_detail_004_kani=true&JigyosyoCd=0160591798-00&ServiceCd=130&Type=search" }, "geometry": { "type": "Point", "coordinates": [ 141.3819317, 43.0247896 ] } },
{ "type": "Feature", "properties": { "内容": "訪問看護ステーションらいらっく【訪問看護】札幌市豊平区豊平6条8丁目2番18号", "url2": "https://www.kaigokensaku.mhlw.go.jp/01/index.php?action_kouhyou_detail_004_kani=true&JigyosyoCd=0160590089-00&ServiceCd=130&Type=search" }, "geometry": { "type": "Point", "coordinates": [ 141.37228140000002, 43.0465895 ] } },
{ "type": "Feature", "properties": { "内容": "つきさっぷ訪問看護【訪問看護】北海道札幌市豊平区月寒西5条10丁目3番18号", "url2": "https://www.kaigokensaku.mhlw.go.jp/01/index.php?action_kouhyou_detail_004_kani=true&JigyosyoCd=0160390076-00&ServiceCd=130&Type=search" }, "geometry": { "type": "Point", "coordinates": [ 141.38663840000001, 43.0243122 ] } },
{ "type": "Feature", "properties": { "内容": "一般社団法人北海道総合在宅ケア事業団　札幌豊平訪問看護ステーション【訪問看護】札幌市豊平区月寒東３条８丁目１番５号瀬野尾ビル１階", "url2": "https://www.kaigokensaku.mhlw.go.jp/01/index.php?action_kouhyou_detail_004_kani=true&JigyosyoCd=0160390084-00&ServiceCd=130&Type=search" }, "geometry": { "type": "Point", "coordinates": [ 141.404751300000044, 43.0325138 ] } },
{ "type": "Feature", "properties": { "内容": "訪問看護事業所さらん【訪問看護】北海道札幌市豊平区美園３条４丁目３番１０号日拓ビル４階", "url2": "https://www.kaigokensaku.mhlw.go.jp/01/index.php?action_kouhyou_detail_004_kani=true&JigyosyoCd=0160590337-00&ServiceCd=130&Type=search" }, "geometry": { "type": "Point", "coordinates": [ 141.386605474137241, 43.041718150996473 ] } },
{ "type": "Feature", "properties": { "内容": "リボン訪問看護ステーション平岸【訪問看護】北海道札幌市豊平区平岸3条12丁目5-7-204", "url2": "https://www.kaigokensaku.mhlw.go.jp/01/index.php?action_kouhyou_detail_004_kani=true&JigyosyoCd=0160591160-00&ServiceCd=130&Type=search" }, "geometry": { "type": "Point", "coordinates": [ 141.369826644659042, 43.028470749164285 ] } },
{ "type": "Feature", "properties": { "内容": "オストケア訪問看護とよひら【訪問看護】北海道札幌市豊平区美園8条3丁目1-12ガーデンコートＭ83　141号室", "url2": "https://www.kaigokensaku.mhlw.go.jp/01/index.php?action_kouhyou_detail_004_kani=true&JigyosyoCd=0160590691-00&ServiceCd=130&Type=search" }, "geometry": { "type": "Point", "coordinates": [ 141.380893784373541, 43.038488880213158 ] } },
{ "type": "Feature", "properties": { "内容": "訪問看護ステーションつどい【訪問看護】北海道札幌市豊平区豊平４条９丁目２－１２ＴＯＡマンション８０２", "url2": "https://www.kaigokensaku.mhlw.go.jp/01/index.php?action_kouhyou_detail_004_kani=true&JigyosyoCd=0160591319-00&ServiceCd=130&Type=search" }, "geometry": { "type": "Point", "coordinates": [ 141.376209906932075, 43.048208341177251 ] } },
{ "type": "Feature", "properties": { "内容": "訪問看護ステーションナースケアーズ福住中央【訪問看護】北海道札幌市豊平区福住1条2丁目9-23ノアガーデンペイサージュ", "url2": "https://www.kaigokensaku.mhlw.go.jp/01/index.php?action_kouhyou_detail_004_kani=true&JigyosyoCd=0160591327-00&ServiceCd=130&Type=search" }, "geometry": { "type": "Point", "coordinates": [ 141.3999624, 43.0188104 ] } },
{ "type": "Feature", "properties": { "内容": "訪問看護ステーションナースケアーズ福住南【訪問看護】北海道札幌市豊平区福住1条5丁目3-1ノアガーデンシーズンベル1F", "url2": "https://www.kaigokensaku.mhlw.go.jp/01/index.php?action_kouhyou_detail_004_kani=true&JigyosyoCd=0160591665-00&ServiceCd=130&Type=search" }, "geometry": { "type": "Point", "coordinates": [ 141.3948359, 43.0151413 ] } },
{ "type": "Feature", "properties": { "内容": "もか訪問看護ステーション【訪問看護】北海道札幌市豊平区月寒西4条8丁目2－47", "url2": "https://www.kaigokensaku.mhlw.go.jp/01/index.php?action_kouhyou_detail_004_kani=true&JigyosyoCd=0160591657-00&ServiceCd=130&Type=search" }, "geometry": { "type": "Point", "coordinates": [ 141.3887767, 43.0265758 ] } },
{ "type": "Feature", "properties": { "内容": "訪問看護ステーション　あいれもん【訪問看護】豊平区平岸6条17丁目1-2", "url2": "https://www.kaigokensaku.mhlw.go.jp/01/index.php?action_kouhyou_detail_004_kani=true&JigyosyoCd=0160591517-00&ServiceCd=130&Type=search" }, "geometry": { "type": "Point", "coordinates": [ 141.3784258, 43.0208193 ] } },
{ "type": "Feature", "properties": { "内容": "訪問看護ステーションリリーヴ【訪問看護】北海道札幌市豊平区平岸３条７丁目８－３北川ビル４０６", "url2": "https://www.kaigokensaku.mhlw.go.jp/01/index.php?action_kouhyou_detail_004_kani=true&JigyosyoCd=0160591947-00&ServiceCd=130&Type=search" }, "geometry": { "type": "Point", "coordinates": [ 141.3714018, 43.0357368 ] } },
{ "type": "Feature", "properties": { "内容": "ナースケアＮico【訪問看護】北海道札幌市豊平区福住２条１０丁目3－8", "url2": "https://www.kaigokensaku.mhlw.go.jp/01/index.php?action_kouhyou_detail_004_kani=true&JigyosyoCd=0160591756-00&ServiceCd=130&Type=search" }, "geometry": { "type": "Point", "coordinates": [ 141.388893200000012, 43.0038926 ] } },
{ "type": "Feature", "properties": { "内容": "訪問看護ステーションエース【訪問看護】札幌市豊平区福住1条1丁目10-1アーバン館福住1Ｆ", "url2": "https://www.kaigokensaku.mhlw.go.jp/01/index.php?action_kouhyou_detail_004_kani=true&JigyosyoCd=0160590949-00&ServiceCd=130&Type=search" }, "geometry": { "type": "Point", "coordinates": [ 141.399405200000047, 43.0211539 ] } },
{ "type": "Feature", "properties": { "内容": "イノカン訪問看護ステーション　札幌月寒【訪問看護】北海道札幌市豊平区月寒東1条17丁目5番48号", "url2": "https://www.kaigokensaku.mhlw.go.jp/01/index.php?action_kouhyou_detail_004_kani=true&JigyosyoCd=0160591970-00&ServiceCd=130&Type=search" }, "geometry": { "type": "Point", "coordinates": [ 141.414268347252772, 43.015284776424046 ] } },
{ "type": "Feature", "properties": { "内容": "社会医療法人恵和会　訪問看護ステーション水源池すずらん【訪問看護】札幌市豊平区西岡4条13丁目17番1号西岡水源池通りクリニック2階", "url2": "https://www.kaigokensaku.mhlw.go.jp/01/index.php?action_kouhyou_detail_004_kani=true&JigyosyoCd=0160590386-00&ServiceCd=130&Type=search" }, "geometry": { "type": "Point", "coordinates": [ 141.377056, 42.9947119 ] } },
{ "type": "Feature", "properties": { "内容": "訪問看護ステーションしらかば【訪問看護】札幌市豊平区月寒東３条１８丁目20-48", "url2": "https://www.kaigokensaku.mhlw.go.jp/01/index.php?action_kouhyou_detail_004_kani=true&JigyosyoCd=0160390324-00&ServiceCd=130&Type=search" }, "geometry": { "type": "Point", "coordinates": [ 141.423642100000052, 43.0185327 ] } },
{ "type": "Feature", "properties": { "内容": "勤医協つきさむ訪問看護ステーション【訪問看護】北海道札幌市豊平区平岸6条12丁目9番25号", "url2": "https://www.kaigokensaku.mhlw.go.jp/01/index.php?action_kouhyou_detail_004_kani=true&JigyosyoCd=0160590709-00&ServiceCd=130&Type=search" }, "geometry": { "type": "Point", "coordinates": [ 141.379651100000046, 43.0272388 ] } },
{ "type": "Feature", "properties": { "内容": "サンウェルズ月寒訪問看護ステーション【訪問看護】月寒西４条６丁目1-50", "url2": "https://www.kaigokensaku.mhlw.go.jp/01/index.php?action_kouhyou_detail_004_kani=true&JigyosyoCd=0160490959-00&ServiceCd=130&Type=search" }, "geometry": { "type": "Point", "coordinates": [ 141.3870201, 43.029778 ] } },
{ "type": "Feature", "properties": { "内容": "小笠原クリニック札幌病院【訪問看護】北海道札幌市南区真駒内緑町1丁目2番1号", "url2": "https://www.kaigokensaku.mhlw.go.jp/01/index.php?action_kouhyou_detail_004_kani=true&JigyosyoCd=0110513496-00&ServiceCd=130&Type=search" }, "geometry": { "type": "Point", "coordinates": [ 141.3490362, 42.994325 ] } },
{ "type": "Feature", "properties": { "内容": "医療法人社団もなみ　もなみクリニック【訪問看護】北海道札幌市南区川沿5条3丁目2-1", "url2": "https://www.kaigokensaku.mhlw.go.jp/01/index.php?action_kouhyou_detail_004_kani=true&JigyosyoCd=0110515061-00&ServiceCd=130&Type=search" }, "geometry": { "type": "Point", "coordinates": [ 141.331609899999989, 42.9925493 ] } },
{ "type": "Feature", "properties": { "内容": "定山渓病院　訪問看護ステーション　エール【訪問看護】札幌市南区真駒内本町5丁目1番8第5ナベビル2階", "url2": "https://www.kaigokensaku.mhlw.go.jp/01/index.php?action_kouhyou_detail_004_kani=true&JigyosyoCd=0160591848-00&ServiceCd=130&Type=search" }, "geometry": { "type": "Point", "coordinates": [ 141.348407900000012, 43.0046425 ] } },
{ "type": "Feature", "properties": { "内容": "SOMPOケア札幌澄川訪問看護【訪問看護】北海道札幌市南区澄川６条４丁目２－１澄川ビル２階", "url2": "https://www.kaigokensaku.mhlw.go.jp/01/index.php?action_kouhyou_detail_004_kani=true&JigyosyoCd=0160591095-00&ServiceCd=130&Type=search" }, "geometry": { "type": "Point", "coordinates": [ 141.3750483, 43.0124434 ] } },
{ "type": "Feature", "properties": { "内容": "訪問看護ステーションあやめ【訪問看護】北海道札幌市南区真駒内本町5丁目1-8第5ナベビル2階", "url2": "https://www.kaigokensaku.mhlw.go.jp/01/index.php?action_kouhyou_detail_004_kani=true&JigyosyoCd=0160591186-00&ServiceCd=130&Type=search" }, "geometry": { "type": "Point", "coordinates": [ 141.348398399999951, 43.0046514 ] } },
{ "type": "Feature", "properties": { "内容": "愛全病院訪問看護あいぜん【訪問看護】北海道札幌市南区川沿13条2丁目1番38号", "url2": "https://www.kaigokensaku.mhlw.go.jp/01/index.php?action_kouhyou_detail_004_kani=true&JigyosyoCd=0110112489-00&ServiceCd=130&Type=search" }, "geometry": { "type": "Point", "coordinates": [ 141.33379450000001, 42.9795991 ] } },
{ "type": "Feature", "properties": { "内容": "訪問看護ステーションみなみ【訪問看護】札幌市南区川沿12条2丁目5-7", "url2": "https://www.kaigokensaku.mhlw.go.jp/01/index.php?action_kouhyou_detail_004_kani=true&JigyosyoCd=0160390019-00&ServiceCd=130&Type=search" }, "geometry": { "type": "Point", "coordinates": [ 141.333988, 42.9800596 ] } },
{ "type": "Feature", "properties": { "内容": "訪問看護ステーションまこまない【訪問看護】札幌市南区真駒内幸町１丁目３－１　ＮＴＴ真駒内ビル１Ｆ", "url2": "https://www.kaigokensaku.mhlw.go.jp/01/index.php?action_kouhyou_detail_004_kani=true&JigyosyoCd=0160390118-00&ServiceCd=130&Type=search" }, "geometry": { "type": "Point", "coordinates": [ 141.3526104, 42.9902234 ] } },
{ "type": "Feature", "properties": { "内容": "五輪橋訪問看護ステーション【訪問看護】札幌市南区川沿2条1丁目2番54号", "url2": "https://www.kaigokensaku.mhlw.go.jp/01/index.php?action_kouhyou_detail_004_kani=true&JigyosyoCd=0160590295-00&ServiceCd=130&Type=search" }, "geometry": { "type": "Point", "coordinates": [ 141.338170062565609, 42.998682714224955 ] } },
{ "type": "Feature", "properties": { "内容": "札幌南整形　訪問看護ステーション【訪問看護】北海道札幌市南区南33条西11丁目4番1号札幌南整形外科病院1階", "url2": "https://www.kaigokensaku.mhlw.go.jp/01/index.php?action_kouhyou_detail_004_kani=true&JigyosyoCd=0160591715-00&ServiceCd=130&Type=search" }, "geometry": { "type": "Point", "coordinates": [ 141.3456434, 43.0139565 ] } },
{ "type": "Feature", "properties": { "内容": "訪問看護ステーションなないろ【訪問看護】北海道札幌市南区澄川3条6丁目3-3じょうてつドエル真駒内1階", "url2": "https://www.kaigokensaku.mhlw.go.jp/01/index.php?action_kouhyou_detail_004_kani=true&JigyosyoCd=0160591566-00&ServiceCd=130&Type=search" }, "geometry": { "type": "Point", "coordinates": [ 141.3646722, 43.0077895 ] } },
{ "type": "Feature", "properties": { "内容": "グラーネ訪問看護ステーション【訪問看護】北海道札幌市南区北ノ沢1804番地52", "url2": "https://www.kaigokensaku.mhlw.go.jp/01/index.php?action_kouhyou_detail_004_kani=true&JigyosyoCd=0160590873-00&ServiceCd=130&Type=search" }, "geometry": { "type": "Point", "coordinates": [ 141.307994565606691, 43.008024632761582 ] } },
{ "type": "Feature", "properties": { "内容": "一般社団法人　北海道総合在宅ケア事業団　札幌南訪問看護ステーション【訪問看護】札幌市南区澄川4条7丁目4番27号", "url2": "https://www.kaigokensaku.mhlw.go.jp/01/index.php?action_kouhyou_detail_004_kani=true&JigyosyoCd=0160190054-00&ServiceCd=130&Type=search" }, "geometry": { "type": "Point", "coordinates": [ 141.365870299999983, 43.0054242 ] } },
{ "type": "Feature", "properties": { "内容": "訪問看護ステーションぷらちな【訪問看護】北海道札幌市南区中ノ沢2丁目2ホクレンショップ中ノ沢　2階", "url2": "https://www.kaigokensaku.mhlw.go.jp/01/index.php?action_kouhyou_detail_004_kani=true&JigyosyoCd=0160591541-00&ServiceCd=130&Type=search" }, "geometry": { "type": "Point", "coordinates": [ 141.3225089, 42.9967105 ] } },
{ "type": "Feature", "properties": { "内容": "訪問看護ステーション　リハポート【訪問看護】札幌市南区石山1条8丁目1-3-202", "url2": "https://www.kaigokensaku.mhlw.go.jp/01/index.php?action_kouhyou_detail_004_kani=true&JigyosyoCd=0160591475-00&ServiceCd=130&Type=search" }, "geometry": { "type": "Point", "coordinates": [ 141.3180931, 42.9620392 ] } },
{ "type": "Feature", "properties": { "内容": "訪問看護ステーションなかむら【訪問看護】北海道札幌市南区川沿2条2丁目3-1", "url2": "https://www.kaigokensaku.mhlw.go.jp/01/index.php?action_kouhyou_detail_004_kani=true&JigyosyoCd=0160190120-00&ServiceCd=130&Type=search" }, "geometry": { "type": "Point", "coordinates": [ 141.335623400000031, 42.997577 ] } },
{ "type": "Feature", "properties": { "内容": "訪問看護ステーションココエル札幌【訪問看護】北海道札幌市南区真駒内本町1丁目5番3号", "url2": "https://www.kaigokensaku.mhlw.go.jp/01/index.php?action_kouhyou_detail_004_kani=true&JigyosyoCd=0160591608-00&ServiceCd=130&Type=search" }, "geometry": { "type": "Point", "coordinates": [ 141.3506782, 43.0087726 ] } },
{ "type": "Feature", "properties": { "内容": "医療法人　札幌第一病院【訪問看護】札幌市西区二十四軒4条3丁目4番26号", "url2": "https://www.kaigokensaku.mhlw.go.jp/01/index.php?action_kouhyou_detail_004_kani=true&JigyosyoCd=0110411121-00&ServiceCd=130&Type=search" }, "geometry": { "type": "Point", "coordinates": [ 141.307318600000031, 43.0763117 ] } },
{ "type": "Feature", "properties": { "内容": "医療法人　西野六条クリニック【訪問看護】北海道札幌市西区西野六条７丁目１－１医療法人　西野六条クリニック", "url2": "https://www.kaigokensaku.mhlw.go.jp/01/index.php?action_kouhyou_detail_004_kani=true&JigyosyoCd=0110416427-00&ServiceCd=130&Type=search" }, "geometry": { "type": "Point", "coordinates": [ 141.2687224404755, 43.072183742792461 ] } },
{ "type": "Feature", "properties": { "内容": "訪問看護ステーション誘喜【訪問看護】北海道札幌市西区山の手１条６丁目５番５号", "url2": "https://www.kaigokensaku.mhlw.go.jp/01/index.php?action_kouhyou_detail_004_kani=true&JigyosyoCd=0160490439-00&ServiceCd=130&Type=search" }, "geometry": { "type": "Point", "coordinates": [ 141.299069899999949, 43.066481900000035 ] } },
{ "type": "Feature", "properties": { "内容": "のぞみ訪問看護ステーション【訪問看護】北海道札幌市西区宮の沢1条4丁目13-1105号", "url2": "https://www.kaigokensaku.mhlw.go.jp/01/index.php?action_kouhyou_detail_004_kani=true&JigyosyoCd=0160490546-00&ServiceCd=130&Type=search" }, "geometry": { "type": "Point", "coordinates": [ 141.269143100000065, 43.0931139 ] } },
{ "type": "Feature", "properties": { "内容": "札幌山の上リハ訪問看護ステーション【訪問看護】北海道札幌市西区八軒8条西1丁目4-37", "url2": "https://www.kaigokensaku.mhlw.go.jp/01/index.php?action_kouhyou_detail_004_kani=true&JigyosyoCd=0160290425-00&ServiceCd=130&Type=search" }, "geometry": { "type": "Point", "coordinates": [ 141.317491576213115, 43.089643180407251 ] } },
{ "type": "Feature", "properties": { "内容": "セントケア訪問看護ステーション札幌【訪問看護】北海道札幌市西区琴似１条６丁目４－３札幌琴似第一ビル１階", "url2": "https://www.kaigokensaku.mhlw.go.jp/01/index.php?action_kouhyou_detail_004_kani=true&JigyosyoCd=0160490470-00&ServiceCd=130&Type=search" }, "geometry": { "type": "Point", "coordinates": [ 141.301549799999947, 43.0741422 ] } },
{ "type": "Feature", "properties": { "内容": "訪問看護ステーションいづみ【訪問看護】北海道札幌市西区八軒８条東５丁目６－９サイレンス八軒アネックス３０３号", "url2": "https://www.kaigokensaku.mhlw.go.jp/01/index.php?action_kouhyou_detail_004_kani=true&JigyosyoCd=0160490702-00&ServiceCd=130&Type=search" }, "geometry": { "type": "Point", "coordinates": [ 141.3267783, 43.0847361 ] } },
{ "type": "Feature", "properties": { "内容": "看護クラーク札幌西【訪問看護】西野3条五丁目6番30号", "url2": "https://www.kaigokensaku.mhlw.go.jp/01/index.php?action_kouhyou_detail_004_kani=true&JigyosyoCd=0160491049-00&ServiceCd=130&Type=search" }, "geometry": { "type": "Point", "coordinates": [ 141.2771646, 43.0759913 ] } },
{ "type": "Feature", "properties": { "内容": "ＳＯＭＰＯケア　札幌発寒　訪問看護【訪問看護】北海道札幌市西区発寒6条4丁目6番3号", "url2": "https://www.kaigokensaku.mhlw.go.jp/01/index.php?action_kouhyou_detail_004_kani=true&JigyosyoCd=0160490652-00&ServiceCd=130&Type=search" }, "geometry": { "type": "Point", "coordinates": [ 141.29242469999997, 43.0892759 ] } },
{ "type": "Feature", "properties": { "内容": "訪問看護ステーション　ノースナース【訪問看護】北海道札幌市西区二十四軒４条５丁目１－８SAKURA-KOTONI", "url2": "https://www.kaigokensaku.mhlw.go.jp/01/index.php?action_kouhyou_detail_004_kani=true&JigyosyoCd=0160491007-00&ServiceCd=130&Type=search" }, "geometry": { "type": "Point", "coordinates": [ 141.3071846, 43.0727839 ] } },
{ "type": "Feature", "properties": { "内容": "訪問看護ステーションやまのて【訪問看護】北海道札幌市西区山の手3条6丁目4-6", "url2": "https://www.kaigokensaku.mhlw.go.jp/01/index.php?action_kouhyou_detail_004_kani=true&JigyosyoCd=0160490025-00&ServiceCd=130&Type=search" }, "geometry": { "type": "Point", "coordinates": [ 141.29495350000002, 43.0688063 ] } },
{ "type": "Feature", "properties": { "内容": "秀友会訪問看護ステーションふじ【訪問看護】札幌市西区発寒１４条１２丁目２－２２", "url2": "https://www.kaigokensaku.mhlw.go.jp/01/index.php?action_kouhyou_detail_004_kani=true&JigyosyoCd=0160490033-00&ServiceCd=130&Type=search" }, "geometry": { "type": "Point", "coordinates": [ 141.285654900000054, 43.1055433 ] } },
{ "type": "Feature", "properties": { "内容": "イムス札幌訪問看護ステーション【訪問看護】北海道札幌市西区八軒1条西2丁目6-12", "url2": "https://www.kaigokensaku.mhlw.go.jp/01/index.php?action_kouhyou_detail_004_kani=true&JigyosyoCd=0160490520-00&ServiceCd=130&Type=search" }, "geometry": { "type": "Point", "coordinates": [ 141.308011079519247, 43.083665151260369 ] } },
{ "type": "Feature", "properties": { "内容": "あおぞら訪問看護ステーション【訪問看護】札幌市西区二十四軒3条7丁目1-24", "url2": "https://www.kaigokensaku.mhlw.go.jp/01/index.php?action_kouhyou_detail_004_kani=true&JigyosyoCd=0160190419-00&ServiceCd=130&Type=search" }, "geometry": { "type": "Point", "coordinates": [ 141.308058658583036, 43.068624492878335 ] } },
{ "type": "Feature", "properties": { "内容": "アーク訪問看護ステーション【訪問看護】北海道札幌市西区八軒四条東１丁目２－１０條野ビル２０５号室", "url2": "https://www.kaigokensaku.mhlw.go.jp/01/index.php?action_kouhyou_detail_004_kani=true&JigyosyoCd=0160490983-00&ServiceCd=130&Type=search" }, "geometry": { "type": "Point", "coordinates": [ 141.313378151077728, 43.085022873251091 ] } },
{ "type": "Feature", "properties": { "内容": "ホサナ訪問看護ステーション【訪問看護】北海道札幌市西区宮の沢3条3丁目6番1号", "url2": "https://www.kaigokensaku.mhlw.go.jp/01/index.php?action_kouhyou_detail_004_kani=true&JigyosyoCd=0160491155-00&ServiceCd=130&Type=search" }, "geometry": { "type": "Point", "coordinates": [ 141.2629398, 43.084924199999989 ] } },
{ "type": "Feature", "properties": { "内容": "一般社団法人北海道総合在宅ケア事業団　札幌西訪問看護ステーション【訪問看護】札幌市西区琴似2条2丁目1番5号高道ビル2階", "url2": "https://www.kaigokensaku.mhlw.go.jp/01/index.php?action_kouhyou_detail_004_kani=true&JigyosyoCd=0160490066-00&ServiceCd=130&Type=search" }, "geometry": { "type": "Point", "coordinates": [ 141.306227809578701, 43.07932142392815 ] } },
{ "type": "Feature", "properties": { "内容": "灯－あかり－訪問看護【訪問看護】北海道札幌市西区二十四軒1条7丁目2番6－105号ケントピア105号室", "url2": "https://www.kaigokensaku.mhlw.go.jp/01/index.php?action_kouhyou_detail_004_kani=true&JigyosyoCd=0160490322-00&ServiceCd=130&Type=search" }, "geometry": { "type": "Point", "coordinates": [ 141.313165900000058, 43.0661133 ] } },
{ "type": "Feature", "properties": { "内容": "訪問看護ステーション　れら【訪問看護】札幌市西区八軒1条西1丁目3-15", "url2": "https://www.kaigokensaku.mhlw.go.jp/01/index.php?action_kouhyou_detail_004_kani=true&JigyosyoCd=0160490892-00&ServiceCd=130&Type=search" }, "geometry": { "type": "Point", "coordinates": [ 141.308525300000014, 43.0826642 ] } },
{ "type": "Feature", "properties": { "内容": "もみじ訪問看護ステーション【訪問看護】北海道札幌市西区山の手４条１１丁目１－１５コートロティ山の手３０３", "url2": "https://www.kaigokensaku.mhlw.go.jp/01/index.php?action_kouhyou_detail_004_kani=true&JigyosyoCd=0160490611-00&ServiceCd=130&Type=search" }, "geometry": { "type": "Point", "coordinates": [ 141.288201399999906, 43.0664007 ] } },
{ "type": "Feature", "properties": { "内容": "訪問看護ステーションデューン札幌西【訪問看護】北海道札幌市西区琴似1条2丁目7番1号ライオンズプラザ琴似104号室", "url2": "https://www.kaigokensaku.mhlw.go.jp/01/index.php?action_kouhyou_detail_004_kani=true&JigyosyoCd=0160490587-00&ServiceCd=130&Type=search" }, "geometry": { "type": "Point", "coordinates": [ 141.307740599999988, 43.0788559 ] } },
{ "type": "Feature", "properties": { "内容": "ニコロ訪問看護ステーション【訪問看護】北海道札幌市西区発寒11条5丁目1-12MTビル403号", "url2": "https://www.kaigokensaku.mhlw.go.jp/01/index.php?action_kouhyou_detail_004_kani=true&JigyosyoCd=0160491056-00&ServiceCd=130&Type=search" }, "geometry": { "type": "Point", "coordinates": [ 141.29012750000004, 43.0952624 ] } },
{ "type": "Feature", "properties": { "内容": "SOIN訪問看護ステーション　札幌市に【訪問看護】北海道札幌市西区西町北12丁目2−15CASA西町グランデA棟203", "url2": "https://www.kaigokensaku.mhlw.go.jp/01/index.php?action_kouhyou_detail_004_kani=true&JigyosyoCd=0160491064-00&ServiceCd=130&Type=search" }, "geometry": { "type": "Point", "coordinates": [ 141.2852562, 43.0828035 ] } },
{ "type": "Feature", "properties": { "内容": "訪問看護ステーション　シンシア【訪問看護】北海道札幌市西区琴似4条3丁目3-6", "url2": "https://www.kaigokensaku.mhlw.go.jp/01/index.php?action_kouhyou_detail_004_kani=true&JigyosyoCd=0160490744-00&ServiceCd=130&Type=search" }, "geometry": { "type": "Point", "coordinates": [ 141.3007059, 43.0802769 ] } },
{ "type": "Feature", "properties": { "内容": "訪問看護ステーション　アクア【訪問看護】北海道札幌市西区八軒10条東1丁目1-37アクア八軒", "url2": "https://www.kaigokensaku.mhlw.go.jp/01/index.php?action_kouhyou_detail_004_kani=true&JigyosyoCd=0160490967-00&ServiceCd=130&Type=search" }, "geometry": { "type": "Point", "coordinates": [ 141.319461499999989, 43.0914165 ] } },
{ "type": "Feature", "properties": { "内容": "ココハル訪問看護ステーション【訪問看護】北海道札幌市西区福井１丁目２０番４５号", "url2": "https://www.kaigokensaku.mhlw.go.jp/01/index.php?action_kouhyou_detail_004_kani=true&JigyosyoCd=0160490975-00&ServiceCd=130&Type=search" }, "geometry": { "type": "Point", "coordinates": [ 141.271288430688486, 43.058955108844486 ] } },
{ "type": "Feature", "properties": { "内容": "ななつ星訪問看護ステーション【訪問看護】札幌市西区二十四軒1条5丁目1-34メディカルスクエア北円山", "url2": "https://www.kaigokensaku.mhlw.go.jp/01/index.php?action_kouhyou_detail_004_kani=true&JigyosyoCd=0160490579-00&ServiceCd=130&Type=search" }, "geometry": { "type": "Point", "coordinates": [ 141.315973671708548, 43.069246912040605 ] } },
{ "type": "Feature", "properties": { "内容": "ご近助ナースリハビリステーション札幌【訪問看護】北海道札幌市西区発寒六条９丁目１番１０号　２階ペルル宮の沢ビル", "url2": "https://www.kaigokensaku.mhlw.go.jp/01/index.php?action_kouhyou_detail_004_kani=true&JigyosyoCd=0160490785-00&ServiceCd=130&Type=search" }, "geometry": { "type": "Point", "coordinates": [ 141.279136776300419, 43.088293495951618 ] } },
{ "type": "Feature", "properties": { "内容": "訪問看護ステーションナースケアーズ【訪問看護】北海道札幌市西区八軒９条西４丁目5-14ノアガーデンブルームビュー1F", "url2": "https://www.kaigokensaku.mhlw.go.jp/01/index.php?action_kouhyou_detail_004_kani=true&JigyosyoCd=0160490355-00&ServiceCd=130&Type=search" }, "geometry": { "type": "Point", "coordinates": [ 141.312650399999939, 43.0942877 ] } },
{ "type": "Feature", "properties": { "内容": "訪問看護ステーションナースケアーズ発寒西【訪問看護】北海道札幌市西区発寒6条13丁目3-61ノアガーデンブランジェ", "url2": "https://www.kaigokensaku.mhlw.go.jp/01/index.php?action_kouhyou_detail_004_kani=true&JigyosyoCd=0160490751-00&ServiceCd=130&Type=search" }, "geometry": { "type": "Point", "coordinates": [ 141.2713923, 43.0951996 ] } },
{ "type": "Feature", "properties": { "内容": "株式会社はる日　　訪問看護ステーション晴日【訪問看護】北海道札幌市西区発寒3条3丁目5-25", "url2": "https://www.kaigokensaku.mhlw.go.jp/01/index.php?action_kouhyou_detail_004_kani=true&JigyosyoCd=0160490629-00&ServiceCd=130&Type=search" }, "geometry": { "type": "Point", "coordinates": [ 141.295996461376916, 43.083145182026357 ] } },
{ "type": "Feature", "properties": { "内容": "はんな訪問看護ステーション【訪問看護】札幌市西区山の手４条１丁目1-1No.3マックスビル203", "url2": "https://www.kaigokensaku.mhlw.go.jp/01/index.php?action_kouhyou_detail_004_kani=true&JigyosyoCd=0160490991-00&ServiceCd=130&Type=search" }, "geometry": { "type": "Point", "coordinates": [ 141.2981873, 43.0734402 ] } },
{ "type": "Feature", "properties": { "内容": "訪問看護リハビリステーションまごころ【訪問看護】札幌市西区山の手4条1丁目1-1NO.3マックスビル3F", "url2": "https://www.kaigokensaku.mhlw.go.jp/01/index.php?action_kouhyou_detail_004_kani=true&JigyosyoCd=0160490462-00&ServiceCd=130&Type=search" }, "geometry": { "type": "Point", "coordinates": [ 141.298230699999976, 43.0734365 ] } },
{ "type": "Feature", "properties": { "内容": "訪問看護リハビリステーション白ゆり発寒【訪問看護】北海道札幌市西区発寒5条8丁目1-36", "url2": "https://www.kaigokensaku.mhlw.go.jp/01/index.php?action_kouhyou_detail_004_kani=true&JigyosyoCd=0160491106-00&ServiceCd=130&Type=search" }, "geometry": { "type": "Point", "coordinates": [ 141.283806100000021, 43.0857312 ] } },
{ "type": "Feature", "properties": { "内容": "ヴァルハラ訪問看護ステーション【訪問看護】北海道札幌市西区西野3条10丁目9-23", "url2": "https://www.kaigokensaku.mhlw.go.jp/01/index.php?action_kouhyou_detail_004_kani=true&JigyosyoCd=0160490553-00&ServiceCd=130&Type=search" }, "geometry": { "type": "Point", "coordinates": [ 141.2694182962166, 43.080781566124607 ] } },
{ "type": "Feature", "properties": { "内容": "フレンドリィ指定訪問看護ステーション【訪問看護】北海道札幌市西区福井1丁目9番15号高齢者住宅福井トラストホーム内1階", "url2": "https://www.kaigokensaku.mhlw.go.jp/01/index.php?action_kouhyou_detail_004_kani=true&JigyosyoCd=0160490637-00&ServiceCd=130&Type=search" }, "geometry": { "type": "Point", "coordinates": [ 141.276035, 43.059575 ] } },
{ "type": "Feature", "properties": { "内容": "訪問看護ステーション健助【訪問看護】北海道札幌市西区西野4条2丁目9番20号セントラル西野2階", "url2": "https://www.kaigokensaku.mhlw.go.jp/01/index.php?action_kouhyou_detail_004_kani=true&JigyosyoCd=0160490512-00&ServiceCd=130&Type=search" }, "geometry": { "type": "Point", "coordinates": [ 141.279082300000027, 43.0710165 ] } },
{ "type": "Feature", "properties": { "内容": "訪問看護ステーション心笑【訪問看護】北海道札幌市西区宮の沢２条３丁目１５－６コーポレートウィステリア３０２", "url2": "https://www.kaigokensaku.mhlw.go.jp/01/index.php?action_kouhyou_detail_004_kani=true&JigyosyoCd=0160490843-00&ServiceCd=130&Type=search" }, "geometry": { "type": "Point", "coordinates": [ 141.2671507, 43.0891812 ] } },
{ "type": "Feature", "properties": { "内容": "平和の杜訪問看護ステーション【訪問看護】北海道札幌市西区平和４２０番地", "url2": "https://www.kaigokensaku.mhlw.go.jp/01/index.php?action_kouhyou_detail_004_kani=true&JigyosyoCd=0160490686-00&ServiceCd=130&Type=search" }, "geometry": { "type": "Point", "coordinates": [ 141.22611489999997, 43.0577479 ] } },
{ "type": "Feature", "properties": { "内容": "指定訪問看護ステーションぬくもりホームケア【訪問看護】北海道札幌市西区発寒3条1丁目2-25ヒロガミビル2階", "url2": "https://www.kaigokensaku.mhlw.go.jp/01/index.php?action_kouhyou_detail_004_kani=true&JigyosyoCd=0160490934-00&ServiceCd=130&Type=search" }, "geometry": { "type": "Point", "coordinates": [ 141.3001309, 43.0834862 ] } },
{ "type": "Feature", "properties": { "内容": "プラーク訪問看護ステーション【訪問看護】札幌市西区西野1条1丁目10-26オークヒルズ'89105号", "url2": "https://www.kaigokensaku.mhlw.go.jp/01/index.php?action_kouhyou_detail_004_kani=true&JigyosyoCd=0160490728-00&ServiceCd=130&Type=search" }, "geometry": { "type": "Point", "coordinates": [ 141.287247900000011, 43.0754003 ] } },
{ "type": "Feature", "properties": { "内容": "訪問看護ステーション風鈴【訪問看護】北海道札幌市厚別区厚別中央1条6丁目2-5交雄会新さっぽろ病院２F", "url2": "https://www.kaigokensaku.mhlw.go.jp/01/index.php?action_kouhyou_detail_004_kani=true&JigyosyoCd=0160591426-00&ServiceCd=130&Type=search" }, "geometry": { "type": "Point", "coordinates": [ 141.4753967, 43.0385479 ] } },
{ "type": "Feature", "properties": { "内容": "看護クラーク札幌厚別【訪問看護】厚別西4条2丁目12番21号", "url2": "https://www.kaigokensaku.mhlw.go.jp/01/index.php?action_kouhyou_detail_004_kani=true&JigyosyoCd=0160591335-00&ServiceCd=130&Type=search" }, "geometry": { "type": "Point", "coordinates": [ 141.4590202, 43.0520036 ] } },
{ "type": "Feature", "properties": { "内容": "アオハル訪問看護ステーション【訪問看護】北海道札幌市厚別区厚別西５条２丁目１８－２２", "url2": "https://www.kaigokensaku.mhlw.go.jp/01/index.php?action_kouhyou_detail_004_kani=true&JigyosyoCd=0160591863-00&ServiceCd=130&Type=search" }, "geometry": { "type": "Point", "coordinates": [ 141.458128, 43.0522425 ] } },
{ "type": "Feature", "properties": { "内容": "訪問看護・リハビリセンター椿【訪問看護】北海道札幌市厚別区上野幌三条４丁目１９番２６号ホクノー上野幌ビル２階Ｃ", "url2": "https://www.kaigokensaku.mhlw.go.jp/01/index.php?action_kouhyou_detail_004_kani=true&JigyosyoCd=0170507701-00&ServiceCd=130&Type=search" }, "geometry": { "type": "Point", "coordinates": [ 141.4740352, 43.0104155 ] } },
{ "type": "Feature", "properties": { "内容": "SOMPOケア　札幌青葉　訪問看護【訪問看護】北海道札幌市厚別区青葉町13丁目5番40号", "url2": "https://www.kaigokensaku.mhlw.go.jp/01/index.php?action_kouhyou_detail_004_kani=true&JigyosyoCd=0160591061-00&ServiceCd=130&Type=search" }, "geometry": { "type": "Point", "coordinates": [ 141.480022299999973, 43.0331773 ] } },
{ "type": "Feature", "properties": { "内容": "医療法人中山会　新札幌パウロ病院訪問看護ステーション【訪問看護】北海道札幌市厚別区厚別東2条6丁目3番10号", "url2": "https://www.kaigokensaku.mhlw.go.jp/01/index.php?action_kouhyou_detail_004_kani=true&JigyosyoCd=0160590360-00&ServiceCd=130&Type=search" }, "geometry": { "type": "Point", "coordinates": [ 141.490123165745558, 43.045714047727166 ] } },
{ "type": "Feature", "properties": { "内容": "訪問看護ステーション　みずほ【訪問看護】札幌市厚別区厚別中央3条1丁目12番28号　長谷川第2ビル2階", "url2": "https://www.kaigokensaku.mhlw.go.jp/01/index.php?action_kouhyou_detail_004_kani=true&JigyosyoCd=0160390050-00&ServiceCd=130&Type=search" }, "geometry": { "type": "Point", "coordinates": [ 141.455078899999961, 43.032168599999984 ] } },
{ "type": "Feature", "properties": { "内容": "医療法人　重仁会　訪問看護ステーション　エミーデ【訪問看護】北海道札幌市厚別区大谷地東5丁目7番10号ナーシングヴィラ大谷地4階", "url2": "https://www.kaigokensaku.mhlw.go.jp/01/index.php?action_kouhyou_detail_004_kani=true&JigyosyoCd=0160590980-00&ServiceCd=130&Type=search" }, "geometry": { "type": "Point", "coordinates": [ 141.457733983467136, 43.023091659978711 ] } },
{ "type": "Feature", "properties": { "内容": "一般社団法人北海道総合在宅ケア事業団　札幌厚別訪問看護ステーション【訪問看護】北海道札幌市厚別区大谷地東２丁目４番１号札幌市交通局７階", "url2": "https://www.kaigokensaku.mhlw.go.jp/01/index.php?action_kouhyou_detail_004_kani=true&JigyosyoCd=0160390290-00&ServiceCd=130&Type=search" }, "geometry": { "type": "Point", "coordinates": [ 141.452241800000024, 43.0280214 ] } },
{ "type": "Feature", "properties": { "内容": "訪問看護リハビリステーション白ゆり新さっぽろ【訪問看護】札幌市厚別区厚別東１条3丁目14-1", "url2": "https://www.kaigokensaku.mhlw.go.jp/01/index.php?action_kouhyou_detail_004_kani=true&JigyosyoCd=0160590477-00&ServiceCd=130&Type=search" }, "geometry": { "type": "Point", "coordinates": [ 141.486719967875615, 43.040059545102771 ] } },
{ "type": "Feature", "properties": { "内容": "SOIN訪問看護ステーション厚別【訪問看護】北海道札幌市厚別区厚別西2条4丁目8-15アクティブコート105号室", "url2": "https://www.kaigokensaku.mhlw.go.jp/01/index.php?action_kouhyou_detail_004_kani=true&JigyosyoCd=0160591764-00&ServiceCd=130&Type=search" }, "geometry": { "type": "Point", "coordinates": [ 141.4668962, 43.049229 ] } },
{ "type": "Feature", "properties": { "内容": "訪問看護ステーションFit【訪問看護】北海道札幌市厚別区厚別中央5条2丁目4番32号マンションパール102号室", "url2": "https://www.kaigokensaku.mhlw.go.jp/01/index.php?action_kouhyou_detail_004_kani=true&JigyosyoCd=0160592101-00&ServiceCd=130&Type=search" }, "geometry": { "type": "Point", "coordinates": [ 141.461592, 43.0431098 ] } },
{ "type": "Feature", "properties": { "内容": "オストケア訪問看護あつべつ【訪問看護】北海道札幌市厚別区もみじ台北6丁目1-30イオルもみじ台", "url2": "https://www.kaigokensaku.mhlw.go.jp/01/index.php?action_kouhyou_detail_004_kani=true&JigyosyoCd=0160590865-00&ServiceCd=130&Type=search" }, "geometry": { "type": "Point", "coordinates": [ 141.4913573, 43.0349412 ] } },
{ "type": "Feature", "properties": { "内容": "住まいの訪問看護ステーション　新さっぽろ【訪問看護】北海道札幌市厚別区厚別東1条2丁目2番15号有料老人ホーム　あおい新さっぽろ館", "url2": "https://www.kaigokensaku.mhlw.go.jp/01/index.php?action_kouhyou_detail_004_kani=true&JigyosyoCd=0160591590-00&ServiceCd=130&Type=search" }, "geometry": { "type": "Point", "coordinates": [ 141.4843869, 43.0403321 ] } },
{ "type": "Feature", "properties": { "内容": "札幌訪問看護ほーぷ【訪問看護】北海道札幌市厚別区もみじ台西6丁目1番9号", "url2": "https://www.kaigokensaku.mhlw.go.jp/01/index.php?action_kouhyou_detail_004_kani=true&JigyosyoCd=0160590816-00&ServiceCd=130&Type=search" }, "geometry": { "type": "Point", "coordinates": [ 141.489993700000014, 43.0317581 ] } },
{ "type": "Feature", "properties": { "内容": "訪問看護ステーションあすく厚別【訪問看護】北海道札幌市厚別区青葉町7丁目6番13号", "url2": "https://www.kaigokensaku.mhlw.go.jp/01/index.php?action_kouhyou_detail_004_kani=true&JigyosyoCd=0160590956-00&ServiceCd=130&Type=search" }, "geometry": { "type": "Point", "coordinates": [ 141.480199399190212, 43.029598534068683 ] } },
{ "type": "Feature", "properties": { "内容": "新札幌ひばりが丘訪問看護ステーション【訪問看護】北海道札幌市厚別区厚別中央3条2丁目12-40社会医療法人貞仁会新札幌ひばりが病院ウェルフェアセンター２階", "url2": "https://www.kaigokensaku.mhlw.go.jp/01/index.php?action_kouhyou_detail_004_kani=true&JigyosyoCd=0160590196-00&ServiceCd=130&Type=search" }, "geometry": { "type": "Point", "coordinates": [ 141.461295300000018, 43.0358675 ] } },
{ "type": "Feature", "properties": { "内容": "訪問看護ステーションかりぷ【訪問看護】北海道札幌市厚別区厚別中央５条６丁目５番２０号", "url2": "https://www.kaigokensaku.mhlw.go.jp/01/index.php?action_kouhyou_detail_004_kani=true&JigyosyoCd=0160390092-00&ServiceCd=130&Type=search" }, "geometry": { "type": "Point", "coordinates": [ 141.472067207409737, 43.046536696870923 ] } },
{ "type": "Feature", "properties": { "内容": "社会福祉法人渓仁会　訪問看護ステーションあおば【訪問看護】北海道札幌市厚別区青葉町４丁目１０番２７号", "url2": "https://www.kaigokensaku.mhlw.go.jp/01/index.php?action_kouhyou_detail_004_kani=true&JigyosyoCd=0160590030-00&ServiceCd=130&Type=search" }, "geometry": { "type": "Point", "coordinates": [ 141.478430800000069, 43.0330717 ] } },
{ "type": "Feature", "properties": { "内容": "医療法人渓仁会　はまなす訪問看護ステーション【訪問看護】札幌市手稲区前田2条10丁目1番10号手稲家庭医療クリニック内", "url2": "https://www.kaigokensaku.mhlw.go.jp/01/index.php?action_kouhyou_detail_004_kani=true&JigyosyoCd=0160490181-00&ServiceCd=130&Type=search" }, "geometry": { "type": "Point", "coordinates": [ 141.2485322, 43.1202051 ] } },
{ "type": "Feature", "properties": { "内容": "ロイカルリハビリ訪問看護ステーション【訪問看護】前田10条19丁目6番12号", "url2": "https://www.kaigokensaku.mhlw.go.jp/01/index.php?action_kouhyou_detail_004_kani=true&JigyosyoCd=0160490595-00&ServiceCd=130&Type=search" }, "geometry": { "type": "Point", "coordinates": [ 141.2440115, 43.1451658 ] } },
{ "type": "Feature", "properties": { "内容": "ＡＭＩＲＡ訪問看護ステーション【訪問看護】西宮の沢4条4丁目18番7号清田建託ビル201号", "url2": "https://www.kaigokensaku.mhlw.go.jp/01/index.php?action_kouhyou_detail_004_kani=true&JigyosyoCd=0160490918-00&ServiceCd=130&Type=search" }, "geometry": { "type": "Point", "coordinates": [ 141.257629, 43.1040947 ] } },
{ "type": "Feature", "properties": { "内容": "MT訪問看護ステーション【訪問看護】北海道札幌市手稲区前田13条10丁目4－10マ・メゾン301", "url2": "https://www.kaigokensaku.mhlw.go.jp/01/index.php?action_kouhyou_detail_004_kani=true&JigyosyoCd=0160490827-00&ServiceCd=130&Type=search" }, "geometry": { "type": "Point", "coordinates": [ 141.2712529, 43.134582 ] } },
{ "type": "Feature", "properties": { "内容": "訪問看護ステーション我が家手稲【訪問看護】北海道札幌市手稲区前田5条15丁目7-20", "url2": "https://www.kaigokensaku.mhlw.go.jp/01/index.php?action_kouhyou_detail_004_kani=true&JigyosyoCd=0160490850-00&ServiceCd=130&Type=search" }, "geometry": { "type": "Point", "coordinates": [ 141.2420241, 43.1318835 ] } },
{ "type": "Feature", "properties": { "内容": "ＳＯＭＰＯケア　札幌星置　訪問看護【訪問看護】北海道札幌市手稲区星置１条４丁目２-２９", "url2": "https://www.kaigokensaku.mhlw.go.jp/01/index.php?action_kouhyou_detail_004_kani=true&JigyosyoCd=0160490645-00&ServiceCd=130&Type=search" }, "geometry": { "type": "Point", "coordinates": [ 141.209200799999962, 43.1327024 ] } },
{ "type": "Feature", "properties": { "内容": "一般社団法人北海道総合在宅ケア事業団　札幌手稲訪問看護ステーション【訪問看護】北海道札幌市手稲区前田４条１０丁目２番８号タケシンスクエアビル３階", "url2": "https://www.kaigokensaku.mhlw.go.jp/01/index.php?action_kouhyou_detail_004_kani=true&JigyosyoCd=0160490090-00&ServiceCd=130&Type=search" }, "geometry": { "type": "Point", "coordinates": [ 141.2503117, 43.1228725 ] } },
{ "type": "Feature", "properties": { "内容": "訪問看護ステーション　フルハウス【訪問看護】北海道札幌市手稲区曙2条1丁目10-16", "url2": "https://www.kaigokensaku.mhlw.go.jp/01/index.php?action_kouhyou_detail_004_kani=true&JigyosyoCd=0160190831-00&ServiceCd=130&Type=search" }, "geometry": { "type": "Point", "coordinates": [ 141.241377991252733, 43.128352166139592 ] } },
{ "type": "Feature", "properties": { "内容": "訪問看護ステーションピンポンハート【訪問看護】北海道札幌市手稲区曙2条3丁目4-28", "url2": "https://www.kaigokensaku.mhlw.go.jp/01/index.php?action_kouhyou_detail_004_kani=true&JigyosyoCd=0160490488-00&ServiceCd=130&Type=search" }, "geometry": { "type": "Point", "coordinates": [ 141.2312375, 43.128480500000016 ] } },
{ "type": "Feature", "properties": { "内容": "住まいの訪問看護ステーション星置【訪問看護】北海道札幌市手稲区星置３錠１丁目２番45号", "url2": "https://www.kaigokensaku.mhlw.go.jp/01/index.php?action_kouhyou_detail_004_kani=true&JigyosyoCd=0160491072-00&ServiceCd=130&Type=search" }, "geometry": { "type": "Point", "coordinates": [ 141.206037400000014, 43.1393921 ] } },
{ "type": "Feature", "properties": { "内容": "訪問看護ステーション　ゆう手稲【訪問看護】札幌市手稲区手稲本町3条1丁目1-12Ｆ", "url2": "https://www.kaigokensaku.mhlw.go.jp/01/index.php?action_kouhyou_detail_004_kani=true&JigyosyoCd=0160490306-00&ServiceCd=130&Type=search" }, "geometry": { "type": "Point", "coordinates": [ 141.244216425879273, 43.114809198526864 ] } },
{ "type": "Feature", "properties": { "内容": "おうちde看護【訪問看護】北海道札幌市手稲区新発寒5条2丁目1番26号701号室", "url2": "https://www.kaigokensaku.mhlw.go.jp/01/index.php?action_kouhyou_detail_004_kani=true&JigyosyoCd=0160491031-00&ServiceCd=130&Type=search" }, "geometry": { "type": "Point", "coordinates": [ 141.2771428, 43.1118724 ] } },
{ "type": "Feature", "properties": { "内容": "勤医協新発寒訪問看護ステーション【訪問看護】北海道札幌市手稲区新発寒6条3丁目9-3", "url2": "https://www.kaigokensaku.mhlw.go.jp/01/index.php?action_kouhyou_detail_004_kani=true&JigyosyoCd=0160490736-00&ServiceCd=130&Type=search" }, "geometry": { "type": "Point", "coordinates": [ 141.2790975, 43.1172732 ] } },
{ "type": "Feature", "properties": { "内容": "訪問看護ステーションさくらケア【訪問看護】北海道札幌市手稲区手稲前田573-13", "url2": "https://www.kaigokensaku.mhlw.go.jp/01/index.php?action_kouhyou_detail_004_kani=true&JigyosyoCd=0160491130-00&ServiceCd=130&Type=search" }, "geometry": { "type": "Point", "coordinates": [ 141.268767249381767, 43.136913777952927 ] } },
{ "type": "Feature", "properties": { "内容": "鈴木内科訪問看護ステーション【訪問看護】北海道札幌市清田区美しが丘2条4丁目17-1医療介護支援住宅美しが丘", "url2": "https://www.kaigokensaku.mhlw.go.jp/01/index.php?action_kouhyou_detail_004_kani=true&JigyosyoCd=0160590584-00&ServiceCd=130&Type=search" }, "geometry": { "type": "Point", "coordinates": [ 141.4512264, 42.9837589 ] } },
{ "type": "Feature", "properties": { "内容": "訪問看護ステーション　ラパン【訪問看護】北海道札幌市清田区真栄328番地", "url2": "https://www.kaigokensaku.mhlw.go.jp/01/index.php?action_kouhyou_detail_004_kani=true&JigyosyoCd=0160590899-00&ServiceCd=130&Type=search" }, "geometry": { "type": "Point", "coordinates": [ 141.44392370468691, 42.977654150692814 ] } },
{ "type": "Feature", "properties": { "内容": "訪問看護ステーションそよ風【訪問看護】北海道札幌市清田区清田1条4丁目5-52", "url2": "https://www.kaigokensaku.mhlw.go.jp/01/index.php?action_kouhyou_detail_004_kani=true&JigyosyoCd=0160591913-00&ServiceCd=130&Type=search" }, "geometry": { "type": "Point", "coordinates": [ 141.4419059, 42.9984733 ] } },
{ "type": "Feature", "properties": { "内容": "尚仁会訪問看護ステーションしんえい【訪問看護】北海道札幌市清田区真栄331番地", "url2": "https://www.kaigokensaku.mhlw.go.jp/01/index.php?action_kouhyou_detail_004_kani=true&JigyosyoCd=0160590659-00&ServiceCd=130&Type=search" }, "geometry": { "type": "Point", "coordinates": [ 141.444009298147648, 42.978484398644191 ] } },
{ "type": "Feature", "properties": { "内容": "一般社団北海道総合在宅ケア事業団　札幌清田訪問看護ステーション【訪問看護】北海道札幌市清田区平岡１条１丁目２番１号清田区総合庁舎3階", "url2": "https://www.kaigokensaku.mhlw.go.jp/01/index.php?action_kouhyou_detail_004_kani=true&JigyosyoCd=0160390258-00&ServiceCd=130&Type=search" }, "geometry": { "type": "Point", "coordinates": [ 141.443849799999953, 42.9995883 ] } },
{ "type": "Feature", "properties": { "内容": "訪問看護ステーション惠円【訪問看護】北海道札幌市清田区北野５条４丁目１６－８力石アパート１号室", "url2": "https://www.kaigokensaku.mhlw.go.jp/01/index.php?action_kouhyou_detail_004_kani=true&JigyosyoCd=0160590394-00&ServiceCd=130&Type=search" }, "geometry": { "type": "Point", "coordinates": [ 141.446351400000026, 43.0153535 ] } },
{ "type": "Feature", "properties": { "内容": "訪問看護ステーションはる【訪問看護】北海道札幌市清田区清田1条3丁目3-32ハイツパティオA棟　102", "url2": "https://www.kaigokensaku.mhlw.go.jp/01/index.php?action_kouhyou_detail_004_kani=true&JigyosyoCd=0160190633-00&ServiceCd=130&Type=search" }, "geometry": { "type": "Point", "coordinates": [ 141.443556661691872, 43.003522584719256 ] } },
{ "type": "Feature", "properties": { "内容": "訪問看護ステーション　ナースケアーズ美しが丘【訪問看護】北海道札幌市清田区美しが丘2条10丁目4-3ノアガーデン　レジェンド1階", "url2": "https://www.kaigokensaku.mhlw.go.jp/01/index.php?action_kouhyou_detail_004_kani=true&JigyosyoCd=0160591152-00&ServiceCd=130&Type=search" }, "geometry": { "type": "Point", "coordinates": [ 141.466885600000069, 42.9755669 ] } },
{ "type": "Feature", "properties": { "内容": "訪問看護ステーション春の詩【訪問看護】札幌市清田区北野7条4丁目11－22JHT北野イーストビル３階", "url2": "https://www.kaigokensaku.mhlw.go.jp/01/index.php?action_kouhyou_detail_004_kani=true&JigyosyoCd=0160591301-00&ServiceCd=130&Type=search" }, "geometry": { "type": "Point", "coordinates": [ 141.4481173, 43.0202563 ] } },
{ "type": "Feature", "properties": { "内容": "訪問看護ステーションきよた【訪問看護】北海道札幌市清田区真栄１条１丁目１－１５ウィステリア清田１階", "url2": "https://www.kaigokensaku.mhlw.go.jp/01/index.php?action_kouhyou_detail_004_kani=true&JigyosyoCd=0160390209-00&ServiceCd=130&Type=search" }, "geometry": { "type": "Point", "coordinates": [ 141.439468369002952, 42.998988918806127 ] } },
{ "type": "Feature", "properties": { "内容": "訪問看護ステーションノテ真栄【訪問看護】北海道札幌市清田区真栄434番地6", "url2": "https://www.kaigokensaku.mhlw.go.jp/01/index.php?action_kouhyou_detail_004_kani=true&JigyosyoCd=0160591368-00&ServiceCd=130&Type=search" }, "geometry": { "type": "Point", "coordinates": [ 141.432573600000012, 42.9724352 ] } },
{ "type": "Feature", "properties": { "内容": "訪問看護ステーションあしすと【訪問看護】札幌市清田区清田1条4丁目1-55第八荒井ビル3F", "url2": "https://www.kaigokensaku.mhlw.go.jp/01/index.php?action_kouhyou_detail_004_kani=true&JigyosyoCd=0160591749-00&ServiceCd=130&Type=search" }, "geometry": { "type": "Point", "coordinates": [ 141.4398723, 42.9996353 ] } },
{ "type": "Feature", "properties": { "内容": "ひでしま内科クリニック【訪問看護】北海道函館市北浜町２－２", "url2": "https://www.kaigokensaku.mhlw.go.jp/01/index.php?action_kouhyou_detail_004_kani=true&JigyosyoCd=0111418059-00&ServiceCd=130&Type=search" }, "geometry": { "type": "Point", "coordinates": [ 140.729195399999981, 41.7960241 ] } },
{ "type": "Feature", "properties": { "内容": "訪問看護ステーションらら【訪問看護】北海道函館市日乃出町６番７号フラットフォーレスト２　１０２号", "url2": "https://www.kaigokensaku.mhlw.go.jp/01/index.php?action_kouhyou_detail_004_kani=true&JigyosyoCd=0161490495-00&ServiceCd=130&Type=search" }, "geometry": { "type": "Point", "coordinates": [ 140.749228499999987, 41.7752004 ] } },
{ "type": "Feature", "properties": { "内容": "道南勤医協稜北クリニック【訪問看護】北海道函館市中道2丁目51番1号", "url2": "https://www.kaigokensaku.mhlw.go.jp/01/index.php?action_kouhyou_detail_004_kani=true&JigyosyoCd=0111417333-00&ServiceCd=130&Type=search" }, "geometry": { "type": "Point", "coordinates": [ 140.762255900000014, 41.8122271 ] } },
{ "type": "Feature", "properties": { "内容": "訪問看護ステーションフレンズ【訪問看護】函館市末広町6－14", "url2": "https://www.kaigokensaku.mhlw.go.jp/01/index.php?action_kouhyou_detail_004_kani=true&JigyosyoCd=0161490131-00&ServiceCd=130&Type=search" }, "geometry": { "type": "Point", "coordinates": [ 140.718841900000029, 41.7625632 ] } },
{ "type": "Feature", "properties": { "内容": "訪問看護ステーションあーる【訪問看護】北海道函館市本町35-1", "url2": "https://www.kaigokensaku.mhlw.go.jp/01/index.php?action_kouhyou_detail_004_kani=true&JigyosyoCd=0161490404-00&ServiceCd=130&Type=search" }, "geometry": { "type": "Point", "coordinates": [ 140.75191540000003, 41.7855672 ] } },
{ "type": "Feature", "properties": { "内容": "訪問看護リハビリステーション白ゆり八幡通【訪問看護】函館市八幡町20-3　シャルム八幡Ⅱ　1階シャルム八幡Ⅱ　1階", "url2": "https://www.kaigokensaku.mhlw.go.jp/01/index.php?action_kouhyou_detail_004_kani=true&JigyosyoCd=0161490206-00&ServiceCd=130&Type=search" }, "geometry": { "type": "Point", "coordinates": [ 140.738668700727885, 41.794705110114649 ] } },
{ "type": "Feature", "properties": { "内容": "訪問看護ステーション彩絆【訪問看護】北海道函館市日乃出町20番17号", "url2": "https://www.kaigokensaku.mhlw.go.jp/01/index.php?action_kouhyou_detail_004_kani=true&JigyosyoCd=0161490263-00&ServiceCd=130&Type=search" }, "geometry": { "type": "Point", "coordinates": [ 140.7422113, 41.7895918 ] } },
{ "type": "Feature", "properties": { "内容": "訪問看護ステーション　サポート【訪問看護】北海道函館市戸倉町33番16号ビラミカエルⅠ103号", "url2": "https://www.kaigokensaku.mhlw.go.jp/01/index.php?action_kouhyou_detail_004_kani=true&JigyosyoCd=0161490636-00&ServiceCd=130&Type=search" }, "geometry": { "type": "Point", "coordinates": [ 140.8050608, 41.7825789 ] } },
{ "type": "Feature", "properties": { "内容": "訪問看護ステーションゆう【訪問看護】北海道函館市東山2丁目36番6号", "url2": "https://www.kaigokensaku.mhlw.go.jp/01/index.php?action_kouhyou_detail_004_kani=true&JigyosyoCd=0161490511-00&ServiceCd=130&Type=search" }, "geometry": { "type": "Point", "coordinates": [ 140.7768424, 41.8080718 ] } },
{ "type": "Feature", "properties": { "内容": "訪問看護ステーションおしま【訪問看護】北海道函館市的場町19番6号", "url2": "https://www.kaigokensaku.mhlw.go.jp/01/index.php?action_kouhyou_detail_004_kani=true&JigyosyoCd=0161490578-00&ServiceCd=130&Type=search" }, "geometry": { "type": "Point", "coordinates": [ 140.7528474, 41.7776643 ] } },
{ "type": "Feature", "properties": { "内容": "訪問看護ステーション　ライフデザイン湯の川【訪問看護】北海道函館市本通2丁目39番21号", "url2": "https://www.kaigokensaku.mhlw.go.jp/01/index.php?action_kouhyou_detail_004_kani=true&JigyosyoCd=0161490586-00&ServiceCd=130&Type=search" }, "geometry": { "type": "Point", "coordinates": [ 140.770001755006774, 41.800125804699469 ] } },
{ "type": "Feature", "properties": { "内容": "訪問看護ステーション　キュア【訪問看護】函館市高丘町25番18号高丘第三桧荘15号室", "url2": "https://www.kaigokensaku.mhlw.go.jp/01/index.php?action_kouhyou_detail_004_kani=true&JigyosyoCd=0161490610-00&ServiceCd=130&Type=search" }, "geometry": { "type": "Point", "coordinates": [ 140.801871799999986, 41.7902486 ] } },
{ "type": "Feature", "properties": { "内容": "ＳＯＭＰＯケア　函館昭和　訪問看護【訪問看護】北海道函館市昭和４丁目３０番３５号", "url2": "https://www.kaigokensaku.mhlw.go.jp/01/index.php?action_kouhyou_detail_004_kani=true&JigyosyoCd=0161490339-00&ServiceCd=130&Type=search" }, "geometry": { "type": "Point", "coordinates": [ 140.731950420161212, 41.816633487828483 ] } },
{ "type": "Feature", "properties": { "内容": "深瀬医院【訪問看護】北海道函館市松川町30番12号", "url2": "https://www.kaigokensaku.mhlw.go.jp/01/index.php?action_kouhyou_detail_004_kani=true&JigyosyoCd=0111418109-00&ServiceCd=130&Type=search" }, "geometry": { "type": "Point", "coordinates": [ 140.736847694442758, 41.78647089720031 ] } },
{ "type": "Feature", "properties": { "内容": "訪問看護ステーションきょうあい【訪問看護】北海道函館市中島町7番21号", "url2": "https://www.kaigokensaku.mhlw.go.jp/01/index.php?action_kouhyou_detail_004_kani=true&JigyosyoCd=0161490396-00&ServiceCd=130&Type=search" }, "geometry": { "type": "Point", "coordinates": [ 140.7403852, 41.7854063 ] } },
{ "type": "Feature", "properties": { "内容": "一般社団法人北海道総合在宅ケア事業団　函館訪問看護ステーション【訪問看護】北海道函館市乃木町5番30号", "url2": "https://www.kaigokensaku.mhlw.go.jp/01/index.php?action_kouhyou_detail_004_kani=true&JigyosyoCd=0161490016-00&ServiceCd=130&Type=search" }, "geometry": { "type": "Point", "coordinates": [ 140.765649199999984, 41.781618200000032 ] } },
{ "type": "Feature", "properties": { "内容": "訪問看護ステーションよつ葉【訪問看護】北海道函館市美原5丁目21-20コーポＭ＆ＹⅡ　Ｂ", "url2": "https://www.kaigokensaku.mhlw.go.jp/01/index.php?action_kouhyou_detail_004_kani=true&JigyosyoCd=0161490198-00&ServiceCd=130&Type=search" }, "geometry": { "type": "Point", "coordinates": [ 140.749367799999987, 41.8246044 ] } },
{ "type": "Feature", "properties": { "内容": "訪問看護ステーションエクラ【訪問看護】北海道函館市日吉町4丁目16番21号コンテ日吉7号室", "url2": "https://www.kaigokensaku.mhlw.go.jp/01/index.php?action_kouhyou_detail_004_kani=true&JigyosyoCd=0161490412-00&ServiceCd=130&Type=search" }, "geometry": { "type": "Point", "coordinates": [ 140.7910961, 41.8047083 ] } },
{ "type": "Feature", "properties": { "内容": "訪問看護リハビリステーションホーム【訪問看護】北海道函館市本通2丁目33-14", "url2": "https://www.kaigokensaku.mhlw.go.jp/01/index.php?action_kouhyou_detail_004_kani=true&JigyosyoCd=0161490446-00&ServiceCd=130&Type=search" }, "geometry": { "type": "Point", "coordinates": [ 140.7735147, 41.7981341 ] } },
{ "type": "Feature", "properties": { "内容": "訪問看護ステーション　ライフデザイン公園前【訪問看護】北海道函館市本通２丁目39番21号", "url2": "https://www.kaigokensaku.mhlw.go.jp/01/index.php?action_kouhyou_detail_004_kani=true&JigyosyoCd=0161490354-00&ServiceCd=130&Type=search" }, "geometry": { "type": "Point", "coordinates": [ 140.769930879269026, 41.800100481646723 ] } },
{ "type": "Feature", "properties": { "内容": "公益社団法人函館市医師会　函館市医師会訪問看護ステーション【訪問看護】北海道函館市富岡町2丁目10番10号函館市医師会病院内", "url2": "https://www.kaigokensaku.mhlw.go.jp/01/index.php?action_kouhyou_detail_004_kani=true&JigyosyoCd=0161490438-00&ServiceCd=130&Type=search" }, "geometry": { "type": "Point", "coordinates": [ 140.752778, 41.806965 ] } },
{ "type": "Feature", "properties": { "内容": "訪問看護ステーションオハナ【訪問看護】北海道函館市亀田港町１０番１７号", "url2": "https://www.kaigokensaku.mhlw.go.jp/01/index.php?action_kouhyou_detail_004_kani=true&JigyosyoCd=0161490255-00&ServiceCd=130&Type=search" }, "geometry": { "type": "Point", "coordinates": [ 140.729862188893918, 41.807321416554515 ] } },
{ "type": "Feature", "properties": { "内容": "訪問看護ステーションつなぐ【訪問看護】函館市高盛町17-19", "url2": "https://www.kaigokensaku.mhlw.go.jp/01/index.php?action_kouhyou_detail_004_kani=true&JigyosyoCd=0161490370-00&ServiceCd=130&Type=search" }, "geometry": { "type": "Point", "coordinates": [ 140.743263581739853, 41.773609125065967 ] } },
{ "type": "Feature", "properties": { "内容": "訪問看護ステーション花奏【訪問看護】北海道函館市山の手１丁目１０番１５－１号", "url2": "https://www.kaigokensaku.mhlw.go.jp/01/index.php?action_kouhyou_detail_004_kani=true&JigyosyoCd=0161490487-00&ServiceCd=130&Type=search" }, "geometry": { "type": "Point", "coordinates": [ 140.7790971, 41.8063331 ] } },
{ "type": "Feature", "properties": { "内容": "訪問看護ステーションあまりりす【訪問看護】北海道函館市湯川2丁目15番3号", "url2": "https://www.kaigokensaku.mhlw.go.jp/01/index.php?action_kouhyou_detail_004_kani=true&JigyosyoCd=0161490164-00&ServiceCd=130&Type=search" }, "geometry": { "type": "Point", "coordinates": [ 140.79095604263614, 41.778301762704643 ] } },
{ "type": "Feature", "properties": { "内容": "訪問看護ステーションウィズ桔梗【訪問看護】函館市桔梗４丁目３４番９号", "url2": "https://www.kaigokensaku.mhlw.go.jp/01/index.php?action_kouhyou_detail_004_kani=true&JigyosyoCd=0161490214-00&ServiceCd=130&Type=search" }, "geometry": { "type": "Point", "coordinates": [ 140.7230045, 41.8502704 ] } },
{ "type": "Feature", "properties": { "内容": "訪問看護ステーションウィズ日吉【訪問看護】北海道函館市日吉町4丁目12番18号", "url2": "https://www.kaigokensaku.mhlw.go.jp/01/index.php?action_kouhyou_detail_004_kani=true&JigyosyoCd=0161490321-00&ServiceCd=130&Type=search" }, "geometry": { "type": "Point", "coordinates": [ 140.7905108, 41.806125 ] } },
{ "type": "Feature", "properties": { "内容": "訪問看護ステーション　くくる（心）【訪問看護】北海道函館市高松町４３０番地１２", "url2": "https://www.kaigokensaku.mhlw.go.jp/01/index.php?action_kouhyou_detail_004_kani=true&JigyosyoCd=0161490248-00&ServiceCd=130&Type=search" }, "geometry": { "type": "Point", "coordinates": [ 140.807527571163973, 41.769250797111802 ] } },
{ "type": "Feature", "properties": { "内容": "訪問看護センター亮【訪問看護】北海道函館市本通３丁目14-1", "url2": "https://www.kaigokensaku.mhlw.go.jp/01/index.php?action_kouhyou_detail_004_kani=true&JigyosyoCd=0171405350-00&ServiceCd=130&Type=search" }, "geometry": { "type": "Point", "coordinates": [ 140.7762324, 41.7927367 ] } },
{ "type": "Feature", "properties": { "内容": "ツクイ函館訪問看護ステーション【訪問看護】北海道函館市梁川町5-10プライムEAST101号室", "url2": "https://www.kaigokensaku.mhlw.go.jp/01/index.php?action_kouhyou_detail_004_kani=true&JigyosyoCd=0161490594-00&ServiceCd=130&Type=search" }, "geometry": { "type": "Point", "coordinates": [ 140.7479504, 41.7894019 ] } },
{ "type": "Feature", "properties": { "内容": "訪問看護ステーション西堀【訪問看護】北海道函館市中道2丁目6番11号", "url2": "https://www.kaigokensaku.mhlw.go.jp/01/index.php?action_kouhyou_detail_004_kani=true&JigyosyoCd=0161490032-00&ServiceCd=130&Type=search" }, "geometry": { "type": "Point", "coordinates": [ 140.758428205665638, 41.805914210188966 ] } },
{ "type": "Feature", "properties": { "内容": "訪問看護ステーションがじゅまる【訪問看護】北海道函館市鍛冶２丁目35－19", "url2": "https://www.kaigokensaku.mhlw.go.jp/01/index.php?action_kouhyou_detail_004_kani=true&JigyosyoCd=0161490420-00&ServiceCd=130&Type=search" }, "geometry": { "type": "Point", "coordinates": [ 140.7638752, 41.8097385 ] } },
{ "type": "Feature", "properties": { "内容": "訪問看護ステーションめぐみ【訪問看護】北海道函館市桔梗町405-20", "url2": "https://www.kaigokensaku.mhlw.go.jp/01/index.php?action_kouhyou_detail_004_kani=true&JigyosyoCd=0161490529-00&ServiceCd=130&Type=search" }, "geometry": { "type": "Point", "coordinates": [ 140.73232617875567, 41.82852580596456 ] } },
{ "type": "Feature", "properties": { "内容": "ｅｇ＋訪問看護ステーション函館【訪問看護】北海道函館市宮前町13-9", "url2": "https://www.kaigokensaku.mhlw.go.jp/01/index.php?action_kouhyou_detail_004_kani=true&JigyosyoCd=0161490651-00&ServiceCd=130&Type=search" }, "geometry": { "type": "Point", "coordinates": [ 140.733559899999989, 41.7882533 ] } },
{ "type": "Feature", "properties": { "内容": "訪問看護ステーションましろ【訪問看護】北海道函館市山の手１丁目１－８－３０２", "url2": "https://www.kaigokensaku.mhlw.go.jp/01/index.php?action_kouhyou_detail_004_kani=true&JigyosyoCd=0161490552-00&ServiceCd=130&Type=search" }, "geometry": { "type": "Point", "coordinates": [ 140.7738459, 41.8033114 ] } },
{ "type": "Feature", "properties": { "内容": "訪問看護リハビリステーション　エリー【訪問看護】北海道函館市本通2丁目52-11", "url2": "https://www.kaigokensaku.mhlw.go.jp/01/index.php?action_kouhyou_detail_004_kani=true&JigyosyoCd=0161490503-00&ServiceCd=130&Type=search" }, "geometry": { "type": "Point", "coordinates": [ 140.7692788, 41.8016371 ] } },
{ "type": "Feature", "properties": { "内容": "おうち看護ロータス【訪問看護】北海道函館市中道1丁目２２－１４コーポセキモト1階", "url2": "https://www.kaigokensaku.mhlw.go.jp/01/index.php?action_kouhyou_detail_004_kani=true&JigyosyoCd=0161490545-00&ServiceCd=130&Type=search" }, "geometry": { "type": "Point", "coordinates": [ 140.7575012, 41.8021237 ] } },
{ "type": "Feature", "properties": { "内容": "訪問看護ステーションケンゆのかわ【訪問看護】北海道函館市湯川町３丁目２９番１５号", "url2": "https://www.kaigokensaku.mhlw.go.jp/01/index.php?action_kouhyou_detail_004_kani=true&JigyosyoCd=0161490057-00&ServiceCd=130&Type=search" }, "geometry": { "type": "Point", "coordinates": [ 140.791242099999977, 41.783655 ] } },
{ "type": "Feature", "properties": { "内容": "YourNurse訪問看護ステーション【訪問看護】北海道函館市中道２丁目３４番１６号", "url2": "https://www.kaigokensaku.mhlw.go.jp/01/index.php?action_kouhyou_detail_004_kani=true&JigyosyoCd=0161490602-00&ServiceCd=130&Type=search" }, "geometry": { "type": "Point", "coordinates": [ 140.756616900000012, 41.8059907 ] } },
{ "type": "Feature", "properties": { "内容": "ぱんだ訪問看護ステーション函館【訪問看護】北海道函館市日吉町1丁目19－5", "url2": "https://www.kaigokensaku.mhlw.go.jp/01/index.php?action_kouhyou_detail_004_kani=true&JigyosyoCd=0161490628-00&ServiceCd=130&Type=search" }, "geometry": { "type": "Point", "coordinates": [ 140.7867429, 41.789582300000014 ] } },
{ "type": "Feature", "properties": { "内容": "訪問看護ステーション　パスエイド【訪問看護】北海道函館市上湯川町368-1　ﾙﾐﾈ上湯川101号１階", "url2": "https://www.kaigokensaku.mhlw.go.jp/01/index.php?action_kouhyou_detail_004_kani=true&JigyosyoCd=0171405574-00&ServiceCd=130&Type=search" }, "geometry": { "type": "Point", "coordinates": [ 140.819309806683322, 41.790680725823123 ] } },
{ "type": "Feature", "properties": { "内容": "医療法人社団　島田脳神経外科【訪問看護】錦町1番2号", "url2": "https://www.kaigokensaku.mhlw.go.jp/01/index.php?action_kouhyou_detail_004_kani=true&JigyosyoCd=0112013719-00&ServiceCd=130&Type=search" }, "geometry": { "type": "Point", "coordinates": [ 141.598865, 42.631988 ] } },
{ "type": "Feature", "properties": { "内容": "医療法人社団　阿久津内科医院【訪問看護】小樽市住ノ江１丁目８番1６号", "url2": "https://www.kaigokensaku.mhlw.go.jp/01/index.php?action_kouhyou_detail_004_kani=true&JigyosyoCd=0112013255-00&ServiceCd=130&Type=search" }, "geometry": { "type": "Point", "coordinates": [ 141.004586600000039, 43.1845681 ] } },
{ "type": "Feature", "properties": { "内容": "医療法人社団　三ッ山病院【訪問看護】小樽市稲穂1丁目9番2号", "url2": "https://www.kaigokensaku.mhlw.go.jp/01/index.php?action_kouhyou_detail_004_kani=true&JigyosyoCd=0112013438-00&ServiceCd=130&Type=search" }, "geometry": { "type": "Point", "coordinates": [ 140.997192199999972, 43.1940476 ] } },
{ "type": "Feature", "properties": { "内容": "医療法人北光会　朝里中央病院　訪問看護【訪問看護】北海道小樽市新光1丁目21番5号", "url2": "https://www.kaigokensaku.mhlw.go.jp/01/index.php?action_kouhyou_detail_004_kani=true&JigyosyoCd=0112014832-00&ServiceCd=130&Type=search" }, "geometry": { "type": "Point", "coordinates": [ 141.055034927647398, 43.173437657358861 ] } },
{ "type": "Feature", "properties": { "内容": "訪問看護ステーション　アイケア花園【訪問看護】小樽市花園4丁目5番16号", "url2": "https://www.kaigokensaku.mhlw.go.jp/01/index.php?action_kouhyou_detail_004_kani=true&JigyosyoCd=0162090286-00&ServiceCd=130&Type=search" }, "geometry": { "type": "Point", "coordinates": [ 140.998811300000028, 43.1893715 ] } },
{ "type": "Feature", "properties": { "内容": "訪問看護ステーション叶【訪問看護】北海道小樽市入船5-24-9", "url2": "https://www.kaigokensaku.mhlw.go.jp/01/index.php?action_kouhyou_detail_004_kani=true&JigyosyoCd=0162090294-00&ServiceCd=130&Type=search" }, "geometry": { "type": "Point", "coordinates": [ 140.990730499999984, 43.183632100000018 ] } },
{ "type": "Feature", "properties": { "内容": "訪問看護ステーションすかい【訪問看護】北海道小樽市桜2丁目25-105光アヴェニュー25105号室", "url2": "https://www.kaigokensaku.mhlw.go.jp/01/index.php?action_kouhyou_detail_004_kani=true&JigyosyoCd=0162090302-00&ServiceCd=130&Type=search" }, "geometry": { "type": "Point", "coordinates": [ 141.035116207240264, 43.173619565716578 ] } },
{ "type": "Feature", "properties": { "内容": "札樽病院訪問看護ステーションひまわり【訪問看護】北海道小樽市銭函3丁目298番地", "url2": "https://www.kaigokensaku.mhlw.go.jp/01/index.php?action_kouhyou_detail_004_kani=true&JigyosyoCd=0162090195-00&ServiceCd=130&Type=search" }, "geometry": { "type": "Point", "coordinates": [ 141.174954025344846, 43.136978918852385 ] } },
{ "type": "Feature", "properties": { "内容": "訪問看護ステーションアザレア【訪問看護】北海道小樽市入船4丁目28番1号", "url2": "https://www.kaigokensaku.mhlw.go.jp/01/index.php?action_kouhyou_detail_004_kani=true&JigyosyoCd=0162090229-00&ServiceCd=130&Type=search" }, "geometry": { "type": "Point", "coordinates": [ 140.9935127, 43.1828347 ] } },
{ "type": "Feature", "properties": { "内容": "一般社団法人北海道総合在宅ケア事業団　小樽訪問看護ステーション【訪問看護】北海道小樽市奥沢1丁目17番１０号", "url2": "https://www.kaigokensaku.mhlw.go.jp/01/index.php?action_kouhyou_detail_004_kani=true&JigyosyoCd=0162090013-00&ServiceCd=130&Type=search" }, "geometry": { "type": "Point", "coordinates": [ 141.0073698, 43.1816518 ] } },
{ "type": "Feature", "properties": { "内容": "訪問看護ステーション　そら【訪問看護】北海道小樽市奥沢１丁目１番１号訪問看護ステーション　そら", "url2": "https://www.kaigokensaku.mhlw.go.jp/01/index.php?action_kouhyou_detail_004_kani=true&JigyosyoCd=0162090187-00&ServiceCd=130&Type=search" }, "geometry": { "type": "Point", "coordinates": [ 141.0049699, 43.1834571 ] } },
{ "type": "Feature", "properties": { "内容": "訪問看護ステーション　桜【訪問看護】北海道小樽市末広町2番6号", "url2": "https://www.kaigokensaku.mhlw.go.jp/01/index.php?action_kouhyou_detail_004_kani=true&JigyosyoCd=0162090203-00&ServiceCd=130&Type=search" }, "geometry": { "type": "Point", "coordinates": [ 140.99549120000006, 43.2108097 ] } },
{ "type": "Feature", "properties": { "内容": "訪問看護ステーションアイケア奥沢口【訪問看護】北海道小樽市奥沢1丁目16－2", "url2": "https://www.kaigokensaku.mhlw.go.jp/01/index.php?action_kouhyou_detail_004_kani=true&JigyosyoCd=0162090179-00&ServiceCd=130&Type=search" }, "geometry": { "type": "Point", "coordinates": [ 141.006543446557657, 43.18256642027832 ] } },
{ "type": "Feature", "properties": { "内容": "訪問看護ステーションアイケアぜに函【訪問看護】北海道小樽市銭函2丁目7番28号", "url2": "https://www.kaigokensaku.mhlw.go.jp/01/index.php?action_kouhyou_detail_004_kani=true&JigyosyoCd=0162090211-00&ServiceCd=130&Type=search" }, "geometry": { "type": "Point", "coordinates": [ 141.160412299999962, 43.1414307 ] } },
{ "type": "Feature", "properties": { "内容": "ケア・オフィス優（看護課）【訪問看護】北海道小樽市入船３丁目７番２１号", "url2": "https://www.kaigokensaku.mhlw.go.jp/01/index.php?action_kouhyou_detail_004_kani=true&JigyosyoCd=0162090153-00&ServiceCd=130&Type=search" }, "geometry": { "type": "Point", "coordinates": [ 140.99601819999998, 43.1792962 ] } },
{ "type": "Feature", "properties": { "内容": "ナースステーションぽえむ【訪問看護】北海道小樽市望洋台２丁目３０番７号", "url2": "https://www.kaigokensaku.mhlw.go.jp/01/index.php?action_kouhyou_detail_004_kani=true&JigyosyoCd=0162090245-00&ServiceCd=130&Type=search" }, "geometry": { "type": "Point", "coordinates": [ 141.038191738694621, 43.165134802487593 ] } },
{ "type": "Feature", "properties": { "内容": "社会福祉法人恩賜財団済生会支部　北海道済生会訪問看護ステーション【訪問看護】北海道小樽市築港10番1号", "url2": "https://www.kaigokensaku.mhlw.go.jp/01/index.php?action_kouhyou_detail_004_kani=true&JigyosyoCd=0162090237-00&ServiceCd=130&Type=search" }, "geometry": { "type": "Point", "coordinates": [ 141.019002600000022, 43.1839914 ] } },
{ "type": "Feature", "properties": { "内容": "訪問看護ステーションひまり【訪問看護】北海道小樽市若松1丁目8-3101", "url2": "https://www.kaigokensaku.mhlw.go.jp/01/index.php?action_kouhyou_detail_004_kani=true&JigyosyoCd=0162090260-00&ServiceCd=130&Type=search" }, "geometry": { "type": "Point", "coordinates": [ 141.008294400000011, 43.1838763 ] } },
{ "type": "Feature", "properties": { "内容": "ハートケア朝里中央　訪問看護事業所【訪問看護】北海道小樽市新光1丁目21番5号", "url2": "https://www.kaigokensaku.mhlw.go.jp/01/index.php?action_kouhyou_detail_004_kani=true&JigyosyoCd=0172002867-00&ServiceCd=130&Type=search" }, "geometry": { "type": "Point", "coordinates": [ 141.0549995, 43.1734524 ] } },
{ "type": "Feature", "properties": { "内容": "るりか訪問看護ステーション【訪問看護】北海道小樽市桂岡町４番１号春香２ー１６号", "url2": "https://www.kaigokensaku.mhlw.go.jp/01/index.php?action_kouhyou_detail_004_kani=true&JigyosyoCd=0162090278-00&ServiceCd=130&Type=search" }, "geometry": { "type": "Point", "coordinates": [ 141.1460808, 43.1409018 ] } },
{ "type": "Feature", "properties": { "内容": "社会福祉法人　北海道療育園　訪問看護ステーション　けあぷらす【訪問看護】北海道旭川市春光台３条10丁目福祉村地域交流ホーム「you」内", "url2": "https://www.kaigokensaku.mhlw.go.jp/01/index.php?action_kouhyou_detail_004_kani=true&JigyosyoCd=0172905713-00&ServiceCd=130&Type=search" }, "geometry": { "type": "Point", "coordinates": [ 142.373089299999947, 43.8283908 ] } },
{ "type": "Feature", "properties": { "内容": "医療法人社団　杏仁会　大雪病院【訪問看護】北海道旭川市永山3条7丁目1番5号", "url2": "https://www.kaigokensaku.mhlw.go.jp/01/index.php?action_kouhyou_detail_004_kani=true&JigyosyoCd=0112917885-00&ServiceCd=130&Type=search" }, "geometry": { "type": "Point", "coordinates": [ 142.408818600000018, 43.7940821 ] } },
{ "type": "Feature", "properties": { "内容": "市立旭川病院【訪問看護】北海道旭川市金星町１丁目１番６５号市立旭川病院　地域医療連携課", "url2": "https://www.kaigokensaku.mhlw.go.jp/01/index.php?action_kouhyou_detail_004_kani=true&JigyosyoCd=0172906620-00&ServiceCd=130&Type=search" }, "geometry": { "type": "Point", "coordinates": [ 142.3659768, 43.7784235 ] } },
{ "type": "Feature", "properties": { "内容": "指定訪問看護ステーションガーデナース南永山【訪問看護】北海道旭川市永山８条１丁目１番２３号サービス付き高齢者向け住宅ガーデナース南永山1階事務所", "url2": "https://www.kaigokensaku.mhlw.go.jp/01/index.php?action_kouhyou_detail_004_kani=true&JigyosyoCd=0162990568-00&ServiceCd=130&Type=search" }, "geometry": { "type": "Point", "coordinates": [ 142.402132213435408, 43.780433631199585 ] } },
{ "type": "Feature", "properties": { "内容": "訪問看護ステーション　デューン旭川【訪問看護】北海道旭川市六条通8-36-25セントラル旭川ビル1階", "url2": "https://www.kaigokensaku.mhlw.go.jp/01/index.php?action_kouhyou_detail_004_kani=true&JigyosyoCd=0162990543-00&ServiceCd=130&Type=search" }, "geometry": { "type": "Point", "coordinates": [ 142.360386799999986, 43.7663872 ] } },
{ "type": "Feature", "properties": { "内容": "訪問看護ステーションパーム【訪問看護】北海道旭川市東４条４丁目１番１５号クオリア１階", "url2": "https://www.kaigokensaku.mhlw.go.jp/01/index.php?action_kouhyou_detail_004_kani=true&JigyosyoCd=0162990675-00&ServiceCd=130&Type=search" }, "geometry": { "type": "Point", "coordinates": [ 142.3753628, 43.7796085 ] } },
{ "type": "Feature", "properties": { "内容": "訪問看護事業所まるみ【訪問看護】北海道旭川市9条通8丁目2486番地の10小里ビル3階", "url2": "https://www.kaigokensaku.mhlw.go.jp/01/index.php?action_kouhyou_detail_004_kani=true&JigyosyoCd=0162990691-00&ServiceCd=130&Type=search" }, "geometry": { "type": "Point", "coordinates": [ 142.365078, 43.7745369 ] } },
{ "type": "Feature", "properties": { "内容": "在宅医療福祉センター訪問看護ステーションô【訪問看護】北海道旭川市４条西4丁目2-1さくら館4F", "url2": "https://www.kaigokensaku.mhlw.go.jp/01/index.php?action_kouhyou_detail_004_kani=true&JigyosyoCd=0162990816-00&ServiceCd=130&Type=search" }, "geometry": { "type": "Point", "coordinates": [ 142.3457658, 43.7737168 ] } },
{ "type": "Feature", "properties": { "内容": "訪問看護ステーション　ちどり【訪問看護】北海道旭川市東3条1丁目2番8号ベネッセレビル3階", "url2": "https://www.kaigokensaku.mhlw.go.jp/01/index.php?action_kouhyou_detail_004_kani=true&JigyosyoCd=0162990378-00&ServiceCd=130&Type=search" }, "geometry": { "type": "Point", "coordinates": [ 142.372535526184038, 43.775791540391687 ] } },
{ "type": "Feature", "properties": { "内容": "ナースステーションアミューズ旭岡【訪問看護】北海道旭川市旭岡５丁目4-20", "url2": "https://www.kaigokensaku.mhlw.go.jp/01/index.php?action_kouhyou_detail_004_kani=true&JigyosyoCd=0162990642-00&ServiceCd=130&Type=search" }, "geometry": { "type": "Point", "coordinates": [ 142.324469500000021, 43.797998799999966 ] } },
{ "type": "Feature", "properties": { "内容": "医療特化型ウェルフォース訪問看護ステーション【訪問看護】北海道旭川市高砂台５丁目２１番７号", "url2": "https://www.kaigokensaku.mhlw.go.jp/01/index.php?action_kouhyou_detail_004_kani=true&JigyosyoCd=0162990907-00&ServiceCd=130&Type=search" }, "geometry": { "type": "Point", "coordinates": [ 142.3100178, 43.7597014 ] } },
{ "type": "Feature", "properties": { "内容": "訪問看護ステーション　えんじゅ【訪問看護】旭川市神居３条２１丁目６０－１", "url2": "https://www.kaigokensaku.mhlw.go.jp/01/index.php?action_kouhyou_detail_004_kani=true&JigyosyoCd=0162990873-00&ServiceCd=130&Type=search" }, "geometry": { "type": "Point", "coordinates": [ 142.3437626, 43.744584 ] } },
{ "type": "Feature", "properties": { "内容": "トモール訪問看護ステーションゆあん【訪問看護】旭川市大町1条3丁目9-233階", "url2": "https://www.kaigokensaku.mhlw.go.jp/01/index.php?action_kouhyou_detail_004_kani=true&JigyosyoCd=0162990899-00&ServiceCd=130&Type=search" }, "geometry": { "type": "Point", "coordinates": [ 142.360723900000039, 43.7845613 ] } },
{ "type": "Feature", "properties": { "内容": "東旭川訪問看護ステーション【訪問看護】北海道旭川市東旭川町下兵村254-5", "url2": "https://www.kaigokensaku.mhlw.go.jp/01/index.php?action_kouhyou_detail_004_kani=true&JigyosyoCd=0162990808-00&ServiceCd=130&Type=search" }, "geometry": { "type": "Point", "coordinates": [ 142.4379084, 43.7770591 ] } },
{ "type": "Feature", "properties": { "内容": "訪問看護ステーションいろはす【訪問看護】北海道旭川市亀吉１条２丁目3−4ﾌｪﾚﾝﾂｪ101号室", "url2": "https://www.kaigokensaku.mhlw.go.jp/01/index.php?action_kouhyou_detail_004_kani=true&JigyosyoCd=0162990915-00&ServiceCd=130&Type=search" }, "geometry": { "type": "Point", "coordinates": [ 142.3358762, 43.77416 ] } },
{ "type": "Feature", "properties": { "内容": "看護クラーク旭川神楽【訪問看護】北海道旭川市神楽3条12丁目1番45号", "url2": "https://www.kaigokensaku.mhlw.go.jp/01/index.php?action_kouhyou_detail_004_kani=true&JigyosyoCd=0162990956-00&ServiceCd=130&Type=search" }, "geometry": { "type": "Point", "coordinates": [ 142.358738, 43.7534474 ] } },
{ "type": "Feature", "properties": { "内容": "訪問看護ステーションRasiQ【訪問看護】北海道旭川市神居1条9丁目１－１２リバーサイド神居２０３", "url2": "https://www.kaigokensaku.mhlw.go.jp/01/index.php?action_kouhyou_detail_004_kani=true&JigyosyoCd=0162990972-00&ServiceCd=130&Type=search" }, "geometry": { "type": "Point", "coordinates": [ 142.337370701852421, 43.762098351442766 ] } },
{ "type": "Feature", "properties": { "内容": "ＳＯＭＰＯケア旭川中央訪問看護【訪問看護】北海道旭川市宮下通13丁目1200番地2", "url2": "https://www.kaigokensaku.mhlw.go.jp/01/index.php?action_kouhyou_detail_004_kani=true&JigyosyoCd=0162990501-00&ServiceCd=130&Type=search" }, "geometry": { "type": "Point", "coordinates": [ 142.366869429750494, 43.762313276615593 ] } },
{ "type": "Feature", "properties": { "内容": "訪問看護ステーション咲桜【訪問看護】北海道旭川市神楽岡１条６丁目２－５", "url2": "https://www.kaigokensaku.mhlw.go.jp/01/index.php?action_kouhyou_detail_004_kani=true&JigyosyoCd=0162990535-00&ServiceCd=130&Type=search" }, "geometry": { "type": "Point", "coordinates": [ 142.379431596609948, 43.741428326457118 ] } },
{ "type": "Feature", "properties": { "内容": "フクダクリニック【訪問看護】北海道旭川市末広５条７丁目１番１号", "url2": "https://www.kaigokensaku.mhlw.go.jp/01/index.php?action_kouhyou_detail_004_kani=true&JigyosyoCd=0112917059-00&ServiceCd=130&Type=search" }, "geometry": { "type": "Point", "coordinates": [ 142.382520200000044, 43.8153787 ] } },
{ "type": "Feature", "properties": { "内容": "大西病院訪問看護ステーション【訪問看護】北海道旭川市4条通11丁目右3号大西病院内", "url2": "https://www.kaigokensaku.mhlw.go.jp/01/index.php?action_kouhyou_detail_004_kani=true&JigyosyoCd=0162990204-00&ServiceCd=130&Type=search" }, "geometry": { "type": "Point", "coordinates": [ 142.366100069311528, 43.767206277434646 ] } },
{ "type": "Feature", "properties": { "内容": "訪問看護ステーションアポロ【訪問看護】北海道旭川市豊岡7条2丁目1番5号豊岡中央病院内", "url2": "https://www.kaigokensaku.mhlw.go.jp/01/index.php?action_kouhyou_detail_004_kani=true&JigyosyoCd=0162990105-00&ServiceCd=130&Type=search" }, "geometry": { "type": "Point", "coordinates": [ 142.392543263857959, 43.765429434836776 ] } },
{ "type": "Feature", "properties": { "内容": "訪問看護ステーションむらかみさん【訪問看護】北海道旭川市神楽岡9条3丁目4-7", "url2": "https://www.kaigokensaku.mhlw.go.jp/01/index.php?action_kouhyou_detail_004_kani=true&JigyosyoCd=0162990428-00&ServiceCd=130&Type=search" }, "geometry": { "type": "Point", "coordinates": [ 142.357201300000042, 43.7448133 ] } },
{ "type": "Feature", "properties": { "内容": "医療法人社団旭豊会　訪問看護ステーションカトレア【訪問看護】北海道旭川市永山５条６丁目４番６号住宅型有料老人ホームなでしこ内", "url2": "https://www.kaigokensaku.mhlw.go.jp/01/index.php?action_kouhyou_detail_004_kani=true&JigyosyoCd=0162990063-00&ServiceCd=130&Type=search" }, "geometry": { "type": "Point", "coordinates": [ 142.410110199999963, 43.7917657 ] } },
{ "type": "Feature", "properties": { "内容": "訪問看護ステーションクローバー【訪問看護】旭川市神居２条１８丁目１６番１６号", "url2": "https://www.kaigokensaku.mhlw.go.jp/01/index.php?action_kouhyou_detail_004_kani=true&JigyosyoCd=0162990030-00&ServiceCd=130&Type=search" }, "geometry": { "type": "Point", "coordinates": [ 142.341235688221786, 43.750420749062371 ] } },
{ "type": "Feature", "properties": { "内容": "訪問看護ステーション北彩都【訪問看護】旭川市東旭川北１条４丁目８９番地１２１", "url2": "https://www.kaigokensaku.mhlw.go.jp/01/index.php?action_kouhyou_detail_004_kani=true&JigyosyoCd=0162990212-00&ServiceCd=130&Type=search" }, "geometry": { "type": "Point", "coordinates": [ 142.433210398696957, 43.772431475483529 ] } },
{ "type": "Feature", "properties": { "内容": "一般社団法人　北海道総合在宅ケア事業団　旭川地域訪問看護ステーション【訪問看護】北海道旭川市9条通7丁目タナカ24", "url2": "https://www.kaigokensaku.mhlw.go.jp/01/index.php?action_kouhyou_detail_004_kani=true&JigyosyoCd=0162990071-00&ServiceCd=130&Type=search" }, "geometry": { "type": "Point", "coordinates": [ 142.36297460000003, 43.774385 ] } },
{ "type": "Feature", "properties": { "内容": "訪問看護ステーションオハナ【訪問看護】北海道旭川市東7条10丁目2－34", "url2": "https://www.kaigokensaku.mhlw.go.jp/01/index.php?action_kouhyou_detail_004_kani=true&JigyosyoCd=0162990592-00&ServiceCd=130&Type=search" }, "geometry": { "type": "Point", "coordinates": [ 142.339877199999989, 43.7852329 ] } },
{ "type": "Feature", "properties": { "内容": "はんどリハビリ訪問看護ステーション【訪問看護】北海道旭川市豊岡４条８丁目１番２号", "url2": "https://www.kaigokensaku.mhlw.go.jp/01/index.php?action_kouhyou_detail_004_kani=true&JigyosyoCd=0162990410-00&ServiceCd=130&Type=search" }, "geometry": { "type": "Point", "coordinates": [ 142.416157393254025, 43.758767617815295 ] } },
{ "type": "Feature", "properties": { "内容": "訪問看護ステーション介援隊【訪問看護】北海道旭川市神楽岡2条4丁目3番9号", "url2": "https://www.kaigokensaku.mhlw.go.jp/01/index.php?action_kouhyou_detail_004_kani=true&JigyosyoCd=0162990519-00&ServiceCd=130&Type=search" }, "geometry": { "type": "Point", "coordinates": [ 142.375753368063215, 43.745313147360633 ] } },
{ "type": "Feature", "properties": { "内容": "ナースステーション　花さとか【訪問看護】北海道旭川市東光11条5丁目1番22号", "url2": "https://www.kaigokensaku.mhlw.go.jp/01/index.php?action_kouhyou_detail_004_kani=true&JigyosyoCd=0162990626-00&ServiceCd=130&Type=search" }, "geometry": { "type": "Point", "coordinates": [ 142.402516600000013, 43.7450827 ] } },
{ "type": "Feature", "properties": { "内容": "訪問看護ステーション養刻館【訪問看護】北海道旭川市永山9条2丁目1番28号", "url2": "https://www.kaigokensaku.mhlw.go.jp/01/index.php?action_kouhyou_detail_004_kani=true&JigyosyoCd=0162990469-00&ServiceCd=130&Type=search" }, "geometry": { "type": "Point", "coordinates": [ 142.406755299999986, 43.7815889 ] } },
{ "type": "Feature", "properties": { "内容": "訪問看護ステーション静療【訪問看護】北海道旭川市永山7条3丁目1-26静療館4", "url2": "https://www.kaigokensaku.mhlw.go.jp/01/index.php?action_kouhyou_detail_004_kani=true&JigyosyoCd=0162990352-00&ServiceCd=130&Type=search" }, "geometry": { "type": "Point", "coordinates": [ 142.404125975393612, 43.784058031633762 ] } },
{ "type": "Feature", "properties": { "内容": "訪問看護ステーションたんぽぽ【訪問看護】北海道旭川市永山8条13丁目8－23", "url2": "https://www.kaigokensaku.mhlw.go.jp/01/index.php?action_kouhyou_detail_004_kani=true&JigyosyoCd=0162990386-00&ServiceCd=130&Type=search" }, "geometry": { "type": "Point", "coordinates": [ 142.428922620571825, 43.796664964640797 ] } },
{ "type": "Feature", "properties": { "内容": "訪問看護ステーション　向日葵【訪問看護】北海道旭川市東光10条2丁目3-1", "url2": "https://www.kaigokensaku.mhlw.go.jp/01/index.php?action_kouhyou_detail_004_kani=true&JigyosyoCd=0162990634-00&ServiceCd=130&Type=search" }, "geometry": { "type": "Point", "coordinates": [ 142.392692296581032, 43.746412140066319 ] } },
{ "type": "Feature", "properties": { "内容": "訪問看護ラパン【訪問看護】北海道旭川市新星町１丁目３番１５", "url2": "https://www.kaigokensaku.mhlw.go.jp/01/index.php?action_kouhyou_detail_004_kani=true&JigyosyoCd=0162990584-00&ServiceCd=130&Type=search" }, "geometry": { "type": "Point", "coordinates": [ 142.40148079947511, 43.778769271218231 ] } },
{ "type": "Feature", "properties": { "内容": "森山メモリアル訪問看護ステーション【訪問看護】旭川市旭町2条1丁目31番31", "url2": "https://www.kaigokensaku.mhlw.go.jp/01/index.php?action_kouhyou_detail_004_kani=true&JigyosyoCd=0162990238-00&ServiceCd=130&Type=search" }, "geometry": { "type": "Point", "coordinates": [ 142.36121943107446, 43.781042659002019 ] } },
{ "type": "Feature", "properties": { "内容": "旭川赤十字訪問看護ステーション【訪問看護】北海道旭川市曙1条1丁目1番1号旭川赤十字病院内", "url2": "https://www.kaigokensaku.mhlw.go.jp/01/index.php?action_kouhyou_detail_004_kani=true&JigyosyoCd=0162990022-00&ServiceCd=130&Type=search" }, "geometry": { "type": "Point", "coordinates": [ 142.34830420000003, 43.769629500000029 ] } },
{ "type": "Feature", "properties": { "内容": "ＪＡ北海道厚生連　旭川厚生訪問看護ステーション【訪問看護】旭川市２条通２４丁目１１０－２８ＪＡ北海道厚生連旭川別館", "url2": "https://www.kaigokensaku.mhlw.go.jp/01/index.php?action_kouhyou_detail_004_kani=true&JigyosyoCd=0162990055-00&ServiceCd=130&Type=search" }, "geometry": { "type": "Point", "coordinates": [ 142.384540174205085, 43.759682422732318 ] } },
{ "type": "Feature", "properties": { "内容": "訪問看護ステーションめぐみ【訪問看護】旭川市亀吉2条2丁目3－5", "url2": "https://www.kaigokensaku.mhlw.go.jp/01/index.php?action_kouhyou_detail_004_kani=true&JigyosyoCd=0162990287-00&ServiceCd=130&Type=search" }, "geometry": { "type": "Point", "coordinates": [ 142.336696500000016, 43.7751368 ] } },
{ "type": "Feature", "properties": { "内容": "訪問看護ステーション　こばやしさんち【訪問看護】北海道旭川市東光16条6丁目3番10号", "url2": "https://www.kaigokensaku.mhlw.go.jp/01/index.php?action_kouhyou_detail_004_kani=true&JigyosyoCd=0162990253-00&ServiceCd=130&Type=search" }, "geometry": { "type": "Point", "coordinates": [ 142.409557100000029, 43.7392884 ] } },
{ "type": "Feature", "properties": { "内容": "訪問看護ステーションみのり【訪問看護】旭川市永山2条17丁目1番11号", "url2": "https://www.kaigokensaku.mhlw.go.jp/01/index.php?action_kouhyou_detail_004_kani=true&JigyosyoCd=0162990329-00&ServiceCd=130&Type=search" }, "geometry": { "type": "Point", "coordinates": [ 142.4303129, 43.8091255 ] } },
{ "type": "Feature", "properties": { "内容": "SOIN訪問看護ステーション旭川【訪問看護】北海道旭川市9条通15丁目24-139北商ビル201", "url2": "https://www.kaigokensaku.mhlw.go.jp/01/index.php?action_kouhyou_detail_004_kani=true&JigyosyoCd=0162990758-00&ServiceCd=130&Type=search" }, "geometry": { "type": "Point", "coordinates": [ 142.374962900000014, 43.7713604 ] } },
{ "type": "Feature", "properties": { "内容": "訪問看護ステーションクリア【訪問看護】旭川市宮下通25丁目490-44メゾンドアーブルC101号", "url2": "https://www.kaigokensaku.mhlw.go.jp/01/index.php?action_kouhyou_detail_004_kani=true&JigyosyoCd=0162990790-00&ServiceCd=130&Type=search" }, "geometry": { "type": "Point", "coordinates": [ 142.3853432, 43.7564868 ] } },
{ "type": "Feature", "properties": { "内容": "訪問看護ステーションせせらぎ【訪問看護】北海道旭川市永山六条１０丁目３番７号", "url2": "https://www.kaigokensaku.mhlw.go.jp/01/index.php?action_kouhyou_detail_004_kani=true&JigyosyoCd=0162990865-00&ServiceCd=130&Type=search" }, "geometry": { "type": "Point", "coordinates": [ 142.4197182, 43.79614 ] } },
{ "type": "Feature", "properties": { "内容": "訪問看護どりーむ【訪問看護】北海道旭川市大町２条１１丁目１７３－４８", "url2": "https://www.kaigokensaku.mhlw.go.jp/01/index.php?action_kouhyou_detail_004_kani=true&JigyosyoCd=0162990683-00&ServiceCd=130&Type=search" }, "geometry": { "type": "Point", "coordinates": [ 142.35252460000001, 43.792679 ] } },
{ "type": "Feature", "properties": { "内容": "くろのす訪問看護ステーション【訪問看護】北海道旭川市緑が丘３条３丁目１番地2信宅ビル１階", "url2": "https://www.kaigokensaku.mhlw.go.jp/01/index.php?action_kouhyou_detail_004_kani=true&JigyosyoCd=0162990717-00&ServiceCd=130&Type=search" }, "geometry": { "type": "Point", "coordinates": [ 142.37855540000001, 43.7340651 ] } },
{ "type": "Feature", "properties": { "内容": "訪問看護ステーション縁【訪問看護】北海道旭川市春光５条２丁目2-24", "url2": "https://www.kaigokensaku.mhlw.go.jp/01/index.php?action_kouhyou_detail_004_kani=true&JigyosyoCd=0162990667-00&ServiceCd=130&Type=search" }, "geometry": { "type": "Point", "coordinates": [ 142.3559079, 43.798561600000014 ] } },
{ "type": "Feature", "properties": { "内容": "旭川シーズクルー訪問看護ステーション【訪問看護】北海道旭川市神居8条4丁目２番１号", "url2": "https://www.kaigokensaku.mhlw.go.jp/01/index.php?action_kouhyou_detail_004_kani=true&JigyosyoCd=0162990766-00&ServiceCd=130&Type=search" }, "geometry": { "type": "Point", "coordinates": [ 142.378349, 43.7759211 ] } },
{ "type": "Feature", "properties": { "内容": "独立行政法人国立病院機構旭川医療センター訪問看護ステーションはなさき【訪問看護】北海道旭川市花咲町７丁目４０４８番地旭川医療センター内", "url2": "https://www.kaigokensaku.mhlw.go.jp/01/index.php?action_kouhyou_detail_004_kani=true&JigyosyoCd=0162990782-00&ServiceCd=130&Type=search" }, "geometry": { "type": "Point", "coordinates": [ 142.3816151, 43.7982043 ] } },
{ "type": "Feature", "properties": { "内容": "訪問看護ステーションファミリア【訪問看護】北海道旭川市末広6条6丁目6-15", "url2": "https://www.kaigokensaku.mhlw.go.jp/01/index.php?action_kouhyou_detail_004_kani=true&JigyosyoCd=0162902237-00&ServiceCd=130&Type=search" }, "geometry": { "type": "Point", "coordinates": [ 142.3783809, 43.8178319 ] } },
{ "type": "Feature", "properties": { "内容": "訪問看護たいよう【訪問看護】北海道旭川市永山3条18丁目1－4", "url2": "https://www.kaigokensaku.mhlw.go.jp/01/index.php?action_kouhyou_detail_004_kani=true&JigyosyoCd=0162990949-00&ServiceCd=130&Type=search" }, "geometry": { "type": "Point", "coordinates": [ 142.432988, 43.8096058 ] } },
{ "type": "Feature", "properties": { "内容": "訪問看護ステーション桜花【訪問看護】旭川市秋月1条2丁目3番8号", "url2": "https://www.kaigokensaku.mhlw.go.jp/01/index.php?action_kouhyou_detail_004_kani=true&JigyosyoCd=0162990550-00&ServiceCd=130&Type=search" }, "geometry": { "type": "Point", "coordinates": [ 142.3391626, 43.7821635 ] } },
{ "type": "Feature", "properties": { "内容": "森山病院訪問看護事業所【訪問看護】北海道旭川市宮前2条1丁目1番6号森山病院1階", "url2": "https://www.kaigokensaku.mhlw.go.jp/01/index.php?action_kouhyou_detail_004_kani=true&JigyosyoCd=0112919501-00&ServiceCd=130&Type=search" }, "geometry": { "type": "Point", "coordinates": [ 142.361261, 43.761364 ] } },
{ "type": "Feature", "properties": { "内容": "訪問看護ステーションケット【訪問看護】北海道旭川市7条通16丁目77番地25", "url2": "https://www.kaigokensaku.mhlw.go.jp/01/index.php?action_kouhyou_detail_004_kani=true&JigyosyoCd=0162990923-00&ServiceCd=130&Type=search" }, "geometry": { "type": "Point", "coordinates": [ 142.375357400000013, 43.76836 ] } },
{ "type": "Feature", "properties": { "内容": "訪問看護ステーションむつみ【訪問看護】北海道旭川市９条通８丁目２４８６－１０小里ビル１階", "url2": "https://www.kaigokensaku.mhlw.go.jp/01/index.php?action_kouhyou_detail_004_kani=true&JigyosyoCd=0172904765-00&ServiceCd=130&Type=search" }, "geometry": { "type": "Point", "coordinates": [ 142.36505600559849, 43.774605003519923 ] } },
{ "type": "Feature", "properties": { "内容": "訪問看護ステーション　ぬくもりポート【訪問看護】北海道旭川市神楽3条4丁目2番14号かたくりの郷3階", "url2": "https://www.kaigokensaku.mhlw.go.jp/01/index.php?action_kouhyou_detail_004_kani=true&JigyosyoCd=0162990188-00&ServiceCd=130&Type=search" }, "geometry": { "type": "Point", "coordinates": [ 142.348051498762658, 43.762361354187 ] } },
{ "type": "Feature", "properties": { "内容": "ツクイ旭川訪問看護ステーション【訪問看護】北海道旭川市4条通9-1704-12朝日生命旭川ビル2階", "url2": "https://www.kaigokensaku.mhlw.go.jp/01/index.php?action_kouhyou_detail_004_kani=true&JigyosyoCd=0162990725-00&ServiceCd=130&Type=search" }, "geometry": { "type": "Point", "coordinates": [ 142.3635511, 43.7678935 ] } },
{ "type": "Feature", "properties": { "内容": "訪問看護ステーションのどか【訪問看護】旭川市末広東2条1丁目2－29", "url2": "https://www.kaigokensaku.mhlw.go.jp/01/index.php?action_kouhyou_detail_004_kani=true&JigyosyoCd=0162990832-00&ServiceCd=130&Type=search" }, "geometry": { "type": "Point", "coordinates": [ 142.387398669975312, 43.798926502498283 ] } },
{ "type": "Feature", "properties": { "内容": "訪問看護ステーションマイセルフ【訪問看護】北海道旭川市豊岡15条7丁目3番18号豊岡15.7ヒルズ3階", "url2": "https://www.kaigokensaku.mhlw.go.jp/01/index.php?action_kouhyou_detail_004_kani=true&JigyosyoCd=0162990980-00&ServiceCd=130&Type=search" }, "geometry": { "type": "Point", "coordinates": [ 142.4169245, 43.7722608 ] } },
{ "type": "Feature", "properties": { "内容": "社会福祉法人　楽生会　訪問看護ステーションゆめ【訪問看護】北海道旭川市1条通12丁目177番地の2", "url2": "https://www.kaigokensaku.mhlw.go.jp/01/index.php?action_kouhyou_detail_004_kani=true&JigyosyoCd=0162904567-00&ServiceCd=130&Type=search" }, "geometry": { "type": "Point", "coordinates": [ 142.365614100000016, 43.7633475 ] } },
{ "type": "Feature", "properties": { "内容": "訪問看護ステーションnagomi【訪問看護】北海道旭川市東鷹栖2条4丁目638番地241", "url2": "https://www.kaigokensaku.mhlw.go.jp/01/index.php?action_kouhyou_detail_004_kani=true&JigyosyoCd=0162990659-00&ServiceCd=130&Type=search" }, "geometry": { "type": "Point", "coordinates": [ 142.4150129, 43.8278198 ] } },
{ "type": "Feature", "properties": { "内容": "訪問看護ステーションあかり【訪問看護】北海道旭川市東二条三丁目四番七号", "url2": "https://www.kaigokensaku.mhlw.go.jp/01/index.php?action_kouhyou_detail_004_kani=true&JigyosyoCd=0162990709-00&ServiceCd=130&Type=search" }, "geometry": { "type": "Point", "coordinates": [ 142.372441175439178, 43.779795739302386 ] } },
{ "type": "Feature", "properties": { "内容": "訪問看護ステーション手と手【訪問看護】北海道旭川市東光13条1丁目2番4号", "url2": "https://www.kaigokensaku.mhlw.go.jp/01/index.php?action_kouhyou_detail_004_kani=true&JigyosyoCd=0162990774-00&ServiceCd=130&Type=search" }, "geometry": { "type": "Point", "coordinates": [ 142.3861752, 43.7438189 ] } },
{ "type": "Feature", "properties": { "内容": "訪問看護ステーションこころね【訪問看護】北海道旭川市6条通2丁目2424−5メセナ常磐305", "url2": "https://www.kaigokensaku.mhlw.go.jp/01/index.php?action_kouhyou_detail_004_kani=true&JigyosyoCd=0162990998-00&ServiceCd=130&Type=search" }, "geometry": { "type": "Point", "coordinates": [ 142.3538474, 43.7729668 ] } },
{ "type": "Feature", "properties": { "内容": "有限会社訪問看護ステーションモモ【訪問看護】北海道旭川市北門町２２丁目２１６８－１３１", "url2": "https://www.kaigokensaku.mhlw.go.jp/01/index.php?action_kouhyou_detail_004_kani=true&JigyosyoCd=0162990261-00&ServiceCd=130&Type=search" }, "geometry": { "type": "Point", "coordinates": [ 142.331623499999978, 43.7970729 ] } },
{ "type": "Feature", "properties": { "内容": "市立室蘭総合病院　訪問看護室【訪問看護】室蘭市山手町3丁目8番1号", "url2": "https://www.kaigokensaku.mhlw.go.jp/01/index.php?action_kouhyou_detail_004_kani=true&JigyosyoCd=0113512792-00&ServiceCd=130&Type=search" }, "geometry": { "type": "Point", "coordinates": [ 140.976362900000026, 42.3138224 ] } },
{ "type": "Feature", "properties": { "内容": "訪問看護ステーション母恋【訪問看護】北海道室蘭市新富町1丁目5番13号", "url2": "https://www.kaigokensaku.mhlw.go.jp/01/index.php?action_kouhyou_detail_004_kani=true&JigyosyoCd=0163590011-00&ServiceCd=130&Type=search" }, "geometry": { "type": "Point", "coordinates": [ 140.985608600000035, 42.315646299999969 ] } },
{ "type": "Feature", "properties": { "内容": "勤医協むろらん訪問看護ステーション【訪問看護】北海道室蘭市輪西町２丁目３番１７号勤医協室蘭診療所", "url2": "https://www.kaigokensaku.mhlw.go.jp/01/index.php?action_kouhyou_detail_004_kani=true&JigyosyoCd=0163590201-00&ServiceCd=130&Type=search" }, "geometry": { "type": "Point", "coordinates": [ 141.011821, 42.3345781 ] } },
{ "type": "Feature", "properties": { "内容": "訪問看護ステーションＫ＆Ｋ【訪問看護】北海道室蘭市母恋北町２－３－１８Ｋ＆Ｋビル202", "url2": "https://www.kaigokensaku.mhlw.go.jp/01/index.php?action_kouhyou_detail_004_kani=true&JigyosyoCd=0163590110-00&ServiceCd=130&Type=search" }, "geometry": { "type": "Point", "coordinates": [ 140.9895259, 42.3156642 ] } },
{ "type": "Feature", "properties": { "内容": "ＳＯＭＰＯケア　室蘭寿　訪問看護【訪問看護】北海道室蘭市中島町3-40-11", "url2": "https://www.kaigokensaku.mhlw.go.jp/01/index.php?action_kouhyou_detail_004_kani=true&JigyosyoCd=0163590219-00&ServiceCd=130&Type=search" }, "geometry": { "type": "Point", "coordinates": [ 141.0260366, 42.3507495 ] } },
{ "type": "Feature", "properties": { "内容": "訪問看護ステーションまぐねっと【訪問看護】北海道室蘭市中島町３丁目８－１５A３　ｅ号室", "url2": "https://www.kaigokensaku.mhlw.go.jp/01/index.php?action_kouhyou_detail_004_kani=true&JigyosyoCd=0163590227-00&ServiceCd=130&Type=search" }, "geometry": { "type": "Point", "coordinates": [ 141.0217513, 42.34972530000001 ] } },
{ "type": "Feature", "properties": { "内容": "訪問看護ステーション希【訪問看護】北海道室蘭市白鳥台5丁目１−１０", "url2": "https://www.kaigokensaku.mhlw.go.jp/01/index.php?action_kouhyou_detail_004_kani=true&JigyosyoCd=0163590243-00&ServiceCd=130&Type=search" }, "geometry": { "type": "Point", "coordinates": [ 140.941552708598323, 42.377952623922226 ] } },
{ "type": "Feature", "properties": { "内容": "訪問看護ステーション　りぼん【訪問看護】北海道釧路市愛国西１丁目３１番２０号", "url2": "https://www.kaigokensaku.mhlw.go.jp/01/index.php?action_kouhyou_detail_004_kani=true&JigyosyoCd=0164190225-00&ServiceCd=130&Type=search" }, "geometry": { "type": "Point", "coordinates": [ 144.387952500000011, 43.0133142 ] } },
{ "type": "Feature", "properties": { "内容": "医療法人社団　釧路三慈会病院　訪問看護事業所【訪問看護】北海道釧路市幣舞市４番３０号", "url2": "https://www.kaigokensaku.mhlw.go.jp/01/index.php?action_kouhyou_detail_004_kani=true&JigyosyoCd=0114113129-00&ServiceCd=130&Type=search" }, "geometry": { "type": "Point", "coordinates": [ 144.386746499999987, 42.9784417 ] } },
{ "type": "Feature", "properties": { "内容": "ふわり訪問看護ステーション【訪問看護】北海道釧路市入江町９番１４号", "url2": "https://www.kaigokensaku.mhlw.go.jp/01/index.php?action_kouhyou_detail_004_kani=true&JigyosyoCd=0164190159-00&ServiceCd=130&Type=search" }, "geometry": { "type": "Point", "coordinates": [ 144.395345300000031, 43.0012362 ] } },
{ "type": "Feature", "properties": { "内容": "一般社団法人北海道総合在宅ケア事業団　釧路地域訪問看護ステーション【訪問看護】北海道釧路市新橋大通り2丁目2番10号", "url2": "https://www.kaigokensaku.mhlw.go.jp/01/index.php?action_kouhyou_detail_004_kani=true&JigyosyoCd=0164390015-00&ServiceCd=130&Type=search" }, "geometry": { "type": "Point", "coordinates": [ 144.377133470687085, 43.003840788648574 ] } },
{ "type": "Feature", "properties": { "内容": "さいた訪問看護ステーション【訪問看護】北海道釧路市中園町23-7", "url2": "https://www.kaigokensaku.mhlw.go.jp/01/index.php?action_kouhyou_detail_004_kani=true&JigyosyoCd=0164190175-00&ServiceCd=130&Type=search" }, "geometry": { "type": "Point", "coordinates": [ 144.383170525794981, 43.008844214248363 ] } },
{ "type": "Feature", "properties": { "内容": "ふみぞの訪問看護ステーション【訪問看護】北海道釧路市共栄大通1丁目3番9号", "url2": "https://www.kaigokensaku.mhlw.go.jp/01/index.php?action_kouhyou_detail_004_kani=true&JigyosyoCd=0164190183-00&ServiceCd=130&Type=search" }, "geometry": { "type": "Point", "coordinates": [ 144.382009481553808, 42.993657569629192 ] } },
{ "type": "Feature", "properties": { "内容": "訪問看護ステーションはまなす【訪問看護】北海道釧路市星が浦大通３丁目９番２６号", "url2": "https://www.kaigokensaku.mhlw.go.jp/01/index.php?action_kouhyou_detail_004_kani=true&JigyosyoCd=0164190043-00&ServiceCd=130&Type=search" }, "geometry": { "type": "Point", "coordinates": [ 144.315631512828048, 43.016735478124069 ] } },
{ "type": "Feature", "properties": { "内容": "道東勤医協　訪問看護ステーションすこやか【訪問看護】北海道釧路市治水町3番14号釧路協立病院4階", "url2": "https://www.kaigokensaku.mhlw.go.jp/01/index.php?action_kouhyou_detail_004_kani=true&JigyosyoCd=0164190100-00&ServiceCd=130&Type=search" }, "geometry": { "type": "Point", "coordinates": [ 144.371567169311561, 43.008508529956949 ] } },
{ "type": "Feature", "properties": { "内容": "訪問看護ステーション　縁【訪問看護】北海道釧路市新栄町12番15号理興ビル2階", "url2": "https://www.kaigokensaku.mhlw.go.jp/01/index.php?action_kouhyou_detail_004_kani=true&JigyosyoCd=0164190142-00&ServiceCd=130&Type=search" }, "geometry": { "type": "Point", "coordinates": [ 144.383307800000011, 42.998447100000014 ] } },
{ "type": "Feature", "properties": { "内容": "訪問看護ステーション　灯【訪問看護】北海道釧路市興津２丁目２１番１３号", "url2": "https://www.kaigokensaku.mhlw.go.jp/01/index.php?action_kouhyou_detail_004_kani=true&JigyosyoCd=0164190191-00&ServiceCd=130&Type=search" }, "geometry": { "type": "Point", "coordinates": [ 144.412044, 42.9647894 ] } },
{ "type": "Feature", "properties": { "内容": "釧路赤十字訪問看護ステーション【訪問看護】北海道釧路市新栄町21番14号", "url2": "https://www.kaigokensaku.mhlw.go.jp/01/index.php?action_kouhyou_detail_004_kani=true&JigyosyoCd=0164190092-00&ServiceCd=130&Type=search" }, "geometry": { "type": "Point", "coordinates": [ 144.381016300000027, 43.0015884 ] } },
{ "type": "Feature", "properties": { "内容": "訪問看護ステーション　こまば【訪問看護】北海道釧路市駒場町3番24号訪問看護ステーションこまば", "url2": "https://www.kaigokensaku.mhlw.go.jp/01/index.php?action_kouhyou_detail_004_kani=true&JigyosyoCd=0174142109-00&ServiceCd=130&Type=search" }, "geometry": { "type": "Point", "coordinates": [ 144.367191320901497, 43.000022043745673 ] } },
{ "type": "Feature", "properties": { "内容": "ダイナ訪問看護ステーション【訪問看護】北海道釧路市昭和町3丁目16番6号", "url2": "https://www.kaigokensaku.mhlw.go.jp/01/index.php?action_kouhyou_detail_004_kani=true&JigyosyoCd=0164190209-00&ServiceCd=130&Type=search" }, "geometry": { "type": "Point", "coordinates": [ 144.36073507275961, 43.015573025758634 ] } },
{ "type": "Feature", "properties": { "内容": "すみれ訪問看護ステーション【訪問看護】北海道釧路市鳥取北6丁目5番22号カーサフローラ101号室", "url2": "https://www.kaigokensaku.mhlw.go.jp/01/index.php?action_kouhyou_detail_004_kani=true&JigyosyoCd=0164190233-00&ServiceCd=130&Type=search" }, "geometry": { "type": "Point", "coordinates": [ 144.3450517, 43.0196058 ] } },
{ "type": "Feature", "properties": { "内容": "訪問看護ステーション杜【訪問看護】北海道釧路市愛国西２丁目５番２号シャルール１０３", "url2": "https://www.kaigokensaku.mhlw.go.jp/01/index.php?action_kouhyou_detail_004_kani=true&JigyosyoCd=0164190217-00&ServiceCd=130&Type=search" }, "geometry": { "type": "Point", "coordinates": [ 144.3791999, 43.0117077 ] } },
{ "type": "Feature", "properties": { "内容": "社会福祉法人　真宗協会　帯広光南病院【訪問看護】北海道帯広市空港南町303番地7", "url2": "https://www.kaigokensaku.mhlw.go.jp/01/index.php?action_kouhyou_detail_004_kani=true&JigyosyoCd=0114613375-00&ServiceCd=130&Type=search" }, "geometry": { "type": "Point", "coordinates": [ 143.161722400000031, 42.8768221 ] } },
{ "type": "Feature", "properties": { "内容": "帯広記念病院【訪問看護】北海道帯広市川西町基線２８番地1", "url2": "https://www.kaigokensaku.mhlw.go.jp/01/index.php?action_kouhyou_detail_004_kani=true&JigyosyoCd=0114614308-00&ServiceCd=130&Type=search" }, "geometry": { "type": "Point", "coordinates": [ 143.1934063, 42.8639558 ] } },
{ "type": "Feature", "properties": { "内容": "訪問看護ステーションえがお【訪問看護】北海道帯広市東12条南5丁目６番5", "url2": "https://www.kaigokensaku.mhlw.go.jp/01/index.php?action_kouhyou_detail_004_kani=true&JigyosyoCd=0164690141-00&ServiceCd=130&Type=search" }, "geometry": { "type": "Point", "coordinates": [ 143.227816100000041, 42.928514 ] } },
{ "type": "Feature", "properties": { "内容": "訪問看護ステーション向日葵【訪問看護】北海道帯広市西１６条北１丁目２７番地", "url2": "https://www.kaigokensaku.mhlw.go.jp/01/index.php?action_kouhyou_detail_004_kani=true&JigyosyoCd=0164690067-00&ServiceCd=130&Type=search" }, "geometry": { "type": "Point", "coordinates": [ 143.176074743655306, 42.931325895655505 ] } },
{ "type": "Feature", "properties": { "内容": "訪問看護ステーションほっとらいん【訪問看護】北海道帯広市西9条南12丁目4十勝勤医協帯広病院内", "url2": "https://www.kaigokensaku.mhlw.go.jp/01/index.php?action_kouhyou_detail_004_kani=true&JigyosyoCd=0164690117-00&ServiceCd=130&Type=search" }, "geometry": { "type": "Point", "coordinates": [ 143.191980674957108, 42.917443830981995 ] } },
{ "type": "Feature", "properties": { "内容": "一般社団法人北海道総合在宅ケア事業団　帯広地域訪問看護ステーション【訪問看護】北海道帯広市西14条南15丁目5-10МＹビルⅡ", "url2": "https://www.kaigokensaku.mhlw.go.jp/01/index.php?action_kouhyou_detail_004_kani=true&JigyosyoCd=0164690034-00&ServiceCd=130&Type=search" }, "geometry": { "type": "Point", "coordinates": [ 143.181921730024669, 42.913183284697986 ] } },
{ "type": "Feature", "properties": { "内容": "訪問看護ステーションはぴふる【訪問看護】北海道帯広市西6条南6丁目3ソネビル4階", "url2": "https://www.kaigokensaku.mhlw.go.jp/01/index.php?action_kouhyou_detail_004_kani=true&JigyosyoCd=0164690224-00&ServiceCd=130&Type=search" }, "geometry": { "type": "Point", "coordinates": [ 143.195014454428502, 42.924579187033295 ] } },
{ "type": "Feature", "properties": { "内容": "ライフデザイン帯広　訪問看護【訪問看護】北海道帯広市5条南32丁目", "url2": "https://www.kaigokensaku.mhlw.go.jp/01/index.php?action_kouhyou_detail_004_kani=true&JigyosyoCd=0164690216-00&ServiceCd=130&Type=search" }, "geometry": { "type": "Point", "coordinates": [ 143.193210499999964, 42.9252122 ] } },
{ "type": "Feature", "properties": { "内容": "公益財団法人北海道医療団訪問看護ステーションたなごころ【訪問看護】北海道帯広市西5条南16丁目2番3", "url2": "https://www.kaigokensaku.mhlw.go.jp/01/index.php?action_kouhyou_detail_004_kani=true&JigyosyoCd=0164690190-00&ServiceCd=130&Type=search" }, "geometry": { "type": "Point", "coordinates": [ 143.199322427672314, 42.914514726014161 ] } },
{ "type": "Feature", "properties": { "内容": "訪問看護ステーション帯広すずらん【訪問看護】北海道帯広市西7条南8丁目1番地31F", "url2": "https://www.kaigokensaku.mhlw.go.jp/01/index.php?action_kouhyou_detail_004_kani=true&JigyosyoCd=0164690166-00&ServiceCd=130&Type=search" }, "geometry": { "type": "Point", "coordinates": [ 143.194005628836067, 42.922492979593166 ] } },
{ "type": "Feature", "properties": { "内容": "訪問看護ステーション　ろらん【訪問看護】帯広市稲田町基線２番地１介護老人保健施設かけはし1階", "url2": "https://www.kaigokensaku.mhlw.go.jp/01/index.php?action_kouhyou_detail_004_kani=true&JigyosyoCd=0164690059-00&ServiceCd=130&Type=search" }, "geometry": { "type": "Point", "coordinates": [ 143.191013699999985, 42.8850394 ] } },
{ "type": "Feature", "properties": { "内容": "訪問看護ステーションりんどう【訪問看護】北海道帯広市西16条北1丁目27番地144社会福祉法人刀圭会りんどう", "url2": "https://www.kaigokensaku.mhlw.go.jp/01/index.php?action_kouhyou_detail_004_kani=true&JigyosyoCd=0164690174-00&ServiceCd=130&Type=search" }, "geometry": { "type": "Point", "coordinates": [ 143.175463199999967, 42.9313691 ] } },
{ "type": "Feature", "properties": { "内容": "ＪＡ北海道厚生連帯広厚生病院【訪問看護】北海道帯広市西14条南10丁目1番地", "url2": "https://www.kaigokensaku.mhlw.go.jp/01/index.php?action_kouhyou_detail_004_kani=true&JigyosyoCd=0114614456-00&ServiceCd=130&Type=search" }, "geometry": { "type": "Point", "coordinates": [ 143.181038599999965, 42.9194007 ] } },
{ "type": "Feature", "properties": { "内容": "訪問看護ステーション　木もれび【訪問看護】北海道帯広市西17条北2丁目37-8", "url2": "https://www.kaigokensaku.mhlw.go.jp/01/index.php?action_kouhyou_detail_004_kani=true&JigyosyoCd=0164690109-00&ServiceCd=130&Type=search" }, "geometry": { "type": "Point", "coordinates": [ 143.165775599999989, 42.934497200000017 ] } },
{ "type": "Feature", "properties": { "内容": "SOIN訪問看護ステーション帯広【訪問看護】北海道帯広市西20条南2丁目12-9", "url2": "https://www.kaigokensaku.mhlw.go.jp/01/index.php?action_kouhyou_detail_004_kani=true&JigyosyoCd=0164690257-00&ServiceCd=130&Type=search" }, "geometry": { "type": "Point", "coordinates": [ 143.1498001, 42.9183295 ] } },
{ "type": "Feature", "properties": { "内容": "訪問看護ステーション看しずく【訪問看護】北海道帯広市西2条南18丁目6番地1", "url2": "https://www.kaigokensaku.mhlw.go.jp/01/index.php?action_kouhyou_detail_004_kani=true&JigyosyoCd=0174602359-00&ServiceCd=130&Type=search" }, "geometry": { "type": "Point", "coordinates": [ 143.204037559899859, 42.911786842209722 ] } },
{ "type": "Feature", "properties": { "内容": "はなえみ訪問看護【訪問看護】北海道帯広市東９条南１９丁目４番地３株式会社オフィス２１内", "url2": "https://www.kaigokensaku.mhlw.go.jp/01/index.php?action_kouhyou_detail_004_kani=true&JigyosyoCd=0164690273-00&ServiceCd=130&Type=search" }, "geometry": { "type": "Point", "coordinates": [ 143.2207711, 42.9108168 ] } },
{ "type": "Feature", "properties": { "内容": "訪問看護ステーションめぐりおびひろ【訪問看護】北海道帯広市大通南26丁目9番地2", "url2": "https://www.kaigokensaku.mhlw.go.jp/01/index.php?action_kouhyou_detail_004_kani=true&JigyosyoCd=0174602888-00&ServiceCd=130&Type=search" }, "geometry": { "type": "Point", "coordinates": [ 143.2075972, 42.9023716 ] } },
{ "type": "Feature", "properties": { "内容": "訪問看護ステーションかいせい【訪問看護】北海道帯広市西23条南３丁目27-4", "url2": "https://www.kaigokensaku.mhlw.go.jp/01/index.php?action_kouhyou_detail_004_kani=true&JigyosyoCd=0164690158-00&ServiceCd=130&Type=search" }, "geometry": { "type": "Point", "coordinates": [ 143.130989799999952, 42.9130701 ] } },
{ "type": "Feature", "properties": { "内容": "訪問看護ステーションおはな【訪問看護】北海道帯広市西５条南４１丁目１－１０", "url2": "https://www.kaigokensaku.mhlw.go.jp/01/index.php?action_kouhyou_detail_004_kani=true&JigyosyoCd=0164690265-00&ServiceCd=130&Type=search" }, "geometry": { "type": "Point", "coordinates": [ 143.2020669, 42.8833321 ] } },
{ "type": "Feature", "properties": { "内容": "帯広記念病院　訪問看護ステーション【訪問看護】帯広市川西町基線28番地1帯広記念病院内", "url2": "https://www.kaigokensaku.mhlw.go.jp/01/index.php?action_kouhyou_detail_004_kani=true&JigyosyoCd=0164690208-00&ServiceCd=130&Type=search" }, "geometry": { "type": "Point", "coordinates": [ 143.193610471827668, 42.863593857510942 ] } },
{ "type": "Feature", "properties": { "内容": "訪問看護ステーション咲～えみ～【訪問看護】北海道帯広市西2条南6丁目1番地4ポトスビル802", "url2": "https://www.kaigokensaku.mhlw.go.jp/01/index.php?action_kouhyou_detail_004_kani=true&JigyosyoCd=0164690240-00&ServiceCd=130&Type=search" }, "geometry": { "type": "Point", "coordinates": [ 143.201060960496704, 42.925853064976657 ] } },
{ "type": "Feature", "properties": { "内容": "訪問看護ステーション　リバシィ【訪問看護】北海道帯広市柏林台中町三丁目10", "url2": "https://www.kaigokensaku.mhlw.go.jp/01/index.php?action_kouhyou_detail_004_kani=true&JigyosyoCd=0164690232-00&ServiceCd=130&Type=search" }, "geometry": { "type": "Point", "coordinates": [ 143.168573819860569, 42.923410188728951 ] } },
{ "type": "Feature", "properties": { "内容": "社会医療法人雄俊会　おんねゆ診療所【訪問看護】北海道北見市留辺蘂町温根湯温泉４４０番１－２", "url2": "https://www.kaigokensaku.mhlw.go.jp/01/index.php?action_kouhyou_detail_004_kani=true&JigyosyoCd=0115012551-00&ServiceCd=130&Type=search" }, "geometry": { "type": "Point", "coordinates": [ 143.505388399999987, 43.7578026 ] } },
{ "type": "Feature", "properties": { "内容": "訪問看護ステーションタッチケア【訪問看護】北海道北見市桂町4丁目213番地49", "url2": "https://www.kaigokensaku.mhlw.go.jp/01/index.php?action_kouhyou_detail_004_kani=true&JigyosyoCd=0165090176-00&ServiceCd=130&Type=search" }, "geometry": { "type": "Point", "coordinates": [ 143.8579325, 43.8071363 ] } },
{ "type": "Feature", "properties": { "内容": "訪問看護ステーションたんぽぽ【訪問看護】北海道北見市常盤町5丁目4番７", "url2": "https://www.kaigokensaku.mhlw.go.jp/01/index.php?action_kouhyou_detail_004_kani=true&JigyosyoCd=0165090044-00&ServiceCd=130&Type=search" }, "geometry": { "type": "Point", "coordinates": [ 143.8913741, 43.7931936 ] } },
{ "type": "Feature", "properties": { "内容": "白川整形外科内科　訪問看護事業所【訪問看護】北見市桜町５丁目１７番１号", "url2": "https://www.kaigokensaku.mhlw.go.jp/01/index.php?action_kouhyou_detail_004_kani=true&JigyosyoCd=0115012445-00&ServiceCd=130&Type=search" }, "geometry": { "type": "Point", "coordinates": [ 143.907135599999947, 43.8104645 ] } },
{ "type": "Feature", "properties": { "内容": "一般社団法人北海道総合在宅ケア事業団　北見地域訪問看護ステーション【訪問看護】北海道北見市美芳町５丁目２番１０号", "url2": "https://www.kaigokensaku.mhlw.go.jp/01/index.php?action_kouhyou_detail_004_kani=true&JigyosyoCd=0165090010-00&ServiceCd=130&Type=search" }, "geometry": { "type": "Point", "coordinates": [ 143.883713, 43.8051254 ] } },
{ "type": "Feature", "properties": { "内容": "一般社団法人北海道総合在宅ケア事業団　北見西部地域訪問看護ステーション【訪問看護】北海道北見市東相内町268番地44", "url2": "https://www.kaigokensaku.mhlw.go.jp/01/index.php?action_kouhyou_detail_004_kani=true&JigyosyoCd=0165090036-00&ServiceCd=130&Type=search" }, "geometry": { "type": "Point", "coordinates": [ 143.810138582567788, 43.804967503750206 ] } },
{ "type": "Feature", "properties": { "内容": "訪問看護ステーション明日は晴【訪問看護】北海道北見市美山町南７丁目４番地１０", "url2": "https://www.kaigokensaku.mhlw.go.jp/01/index.php?action_kouhyou_detail_004_kani=true&JigyosyoCd=0165090135-00&ServiceCd=130&Type=search" }, "geometry": { "type": "Point", "coordinates": [ 143.882674133990463, 43.81970802415622 ] } },
{ "type": "Feature", "properties": { "内容": "ケアーズ訪問看護リハビリステーションきたみ中央【訪問看護】北海道北見市北斗町2丁目4-24", "url2": "https://www.kaigokensaku.mhlw.go.jp/01/index.php?action_kouhyou_detail_004_kani=true&JigyosyoCd=0165090168-00&ServiceCd=130&Type=search" }, "geometry": { "type": "Point", "coordinates": [ 143.883641039286772, 43.811816489715447 ] } },
{ "type": "Feature", "properties": { "内容": "訪問看護ステーションましろ【訪問看護】北海道北見市清月町76番地94", "url2": "https://www.kaigokensaku.mhlw.go.jp/01/index.php?action_kouhyou_detail_004_kani=true&JigyosyoCd=0175012590-00&ServiceCd=130&Type=search" }, "geometry": { "type": "Point", "coordinates": [ 143.905898882190144, 43.801977023044927 ] } },
{ "type": "Feature", "properties": { "内容": "ツクイ北見訪問看護ステーション【訪問看護】北海道北見市とん田西町378番地23あいおいビル2階", "url2": "https://www.kaigokensaku.mhlw.go.jp/01/index.php?action_kouhyou_detail_004_kani=true&JigyosyoCd=0165090242-00&ServiceCd=130&Type=search" }, "geometry": { "type": "Point", "coordinates": [ 143.877537, 43.799051 ] } },
{ "type": "Feature", "properties": { "内容": "SOMPOケア　北見　訪問看護【訪問看護】北海道北見市三住町14番地1PENTHOUSE1階", "url2": "https://www.kaigokensaku.mhlw.go.jp/01/index.php?action_kouhyou_detail_004_kani=true&JigyosyoCd=0165090192-00&ServiceCd=130&Type=search" }, "geometry": { "type": "Point", "coordinates": [ 143.8905629, 43.8121699 ] } },
{ "type": "Feature", "properties": { "内容": "ファミリーナースきたみ【訪問看護】北海道北見市北進町7丁目16-10番地ピアッツア壱番館101号", "url2": "https://www.kaigokensaku.mhlw.go.jp/01/index.php?action_kouhyou_detail_004_kani=true&JigyosyoCd=0165090200-00&ServiceCd=130&Type=search" }, "geometry": { "type": "Point", "coordinates": [ 143.864517799999987, 43.8041417 ] } },
{ "type": "Feature", "properties": { "内容": "訪問看護ステーションにじ【訪問看護】北見市錦町618番地３southcoastBL１号室", "url2": "https://www.kaigokensaku.mhlw.go.jp/01/index.php?action_kouhyou_detail_004_kani=true&JigyosyoCd=0165090218-00&ServiceCd=130&Type=search" }, "geometry": { "type": "Point", "coordinates": [ 143.878458700000039, 43.7873597 ] } },
{ "type": "Feature", "properties": { "内容": "訪問看護ステーションおむすび【訪問看護】北海道北見市高栄東町1丁目9番21号", "url2": "https://www.kaigokensaku.mhlw.go.jp/01/index.php?action_kouhyou_detail_004_kani=true&JigyosyoCd=0165090226-00&ServiceCd=130&Type=search" }, "geometry": { "type": "Point", "coordinates": [ 143.8733192, 43.8110478 ] } },
{ "type": "Feature", "properties": { "内容": "訪問看護ステーションさくら【訪問看護】北海道北見市北光280番地6", "url2": "https://www.kaigokensaku.mhlw.go.jp/01/index.php?action_kouhyou_detail_004_kani=true&JigyosyoCd=0155080039-00&ServiceCd=130&Type=search" }, "geometry": { "type": "Point", "coordinates": [ 143.8678069, 43.7787476 ] } },
{ "type": "Feature", "properties": { "内容": "にちいケアセンター小泉　訪問看護ステーション【訪問看護】北海道北見市ひかり野6-2-2", "url2": "https://www.kaigokensaku.mhlw.go.jp/01/index.php?action_kouhyou_detail_004_kani=true&JigyosyoCd=0165090119-00&ServiceCd=130&Type=search" }, "geometry": { "type": "Point", "coordinates": [ 143.931385200000022, 43.8296966 ] } },
{ "type": "Feature", "properties": { "内容": "北見シーズクルー訪問看護ステーション【訪問看護】北海道北見市東三輪5丁目5番地１１８", "url2": "https://www.kaigokensaku.mhlw.go.jp/01/index.php?action_kouhyou_detail_004_kani=true&JigyosyoCd=0165090234-00&ServiceCd=130&Type=search" }, "geometry": { "type": "Point", "coordinates": [ 143.8621147, 43.7937856 ] } },
{ "type": "Feature", "properties": { "内容": "道東の森総合病院　訪問事業部訪問看護課【訪問看護】北海道北見市美山町東2丁目68番地9道東の森総合病院", "url2": "https://www.kaigokensaku.mhlw.go.jp/01/index.php?action_kouhyou_detail_004_kani=true&JigyosyoCd=0115012544-00&ServiceCd=130&Type=search" }, "geometry": { "type": "Point", "coordinates": [ 143.8834288, 43.8269681 ] } },
{ "type": "Feature", "properties": { "内容": "夕張豊生会訪問看護ステーション　ルピナス【訪問看護】夕張市若菜8番地12", "url2": "https://www.kaigokensaku.mhlw.go.jp/01/index.php?action_kouhyou_detail_004_kani=true&JigyosyoCd=0165990037-00&ServiceCd=130&Type=search" }, "geometry": { "type": "Point", "coordinates": [ 141.3994925, 43.0880507 ] } },
{ "type": "Feature", "properties": { "内容": "医療法人社団　健伸会　栗沢町美流渡診療所【訪問看護】栗沢町美流渡錦町９３番地", "url2": "https://www.kaigokensaku.mhlw.go.jp/01/index.php?action_kouhyou_detail_004_kani=true&JigyosyoCd=0115711756-00&ServiceCd=130&Type=search" }, "geometry": { "type": "Point", "coordinates": [ 141.916761599999973, 43.1631692 ] } },
{ "type": "Feature", "properties": { "内容": "訪問看護ステーション佑【訪問看護】北海道岩見沢市5条東16丁目9", "url2": "https://www.kaigokensaku.mhlw.go.jp/01/index.php?action_kouhyou_detail_004_kani=true&JigyosyoCd=0165790106-00&ServiceCd=130&Type=search" }, "geometry": { "type": "Point", "coordinates": [ 141.786653057399604, 43.213424897577575 ] } },
{ "type": "Feature", "properties": { "内容": "訪問看護ステーションあやめ【訪問看護】岩見沢市10条西21丁目2番地", "url2": "https://www.kaigokensaku.mhlw.go.jp/01/index.php?action_kouhyou_detail_004_kani=true&JigyosyoCd=0165790023-00&ServiceCd=130&Type=search" }, "geometry": { "type": "Point", "coordinates": [ 141.753427099999953, 43.1877919 ] } },
{ "type": "Feature", "properties": { "内容": "一般社団法人北海道総合在宅ケア事業団　岩見沢訪問看護ステーション【訪問看護】北海道岩見沢市4条西3丁目1番地であえーる岩見沢4階", "url2": "https://www.kaigokensaku.mhlw.go.jp/01/index.php?action_kouhyou_detail_004_kani=true&JigyosyoCd=0165790015-00&ServiceCd=130&Type=search" }, "geometry": { "type": "Point", "coordinates": [ 141.764139600000021, 43.2025544 ] } },
{ "type": "Feature", "properties": { "内容": "訪問看護ステーション心護【訪問看護】北海道岩見沢市4条西4丁目1シーテラス2階", "url2": "https://www.kaigokensaku.mhlw.go.jp/01/index.php?action_kouhyou_detail_004_kani=true&JigyosyoCd=0165790122-00&ServiceCd=130&Type=search" }, "geometry": { "type": "Point", "coordinates": [ 141.763573800000017, 43.2021765 ] } },
{ "type": "Feature", "properties": { "内容": "訪問看護ステーションくらしさ岩見沢【訪問看護】北海道岩見沢市7条西18丁目21番地くらしさ岩見沢7条", "url2": "https://www.kaigokensaku.mhlw.go.jp/01/index.php?action_kouhyou_detail_004_kani=true&JigyosyoCd=0165790114-00&ServiceCd=130&Type=search" }, "geometry": { "type": "Point", "coordinates": [ 141.766541299999972, 43.2113821 ] } },
{ "type": "Feature", "properties": { "内容": "訪問看護ステーション　栞【訪問看護】北海道岩見沢市５条東１７丁目15-1", "url2": "https://www.kaigokensaku.mhlw.go.jp/01/index.php?action_kouhyou_detail_004_kani=true&JigyosyoCd=0165790064-00&ServiceCd=130&Type=search" }, "geometry": { "type": "Point", "coordinates": [ 141.79085345388944, 43.214311516612746 ] } },
{ "type": "Feature", "properties": { "内容": "訪問看護ステーションSORA.【訪問看護】北海道岩見沢市6条東14丁目19番地目黒ハウスA", "url2": "https://www.kaigokensaku.mhlw.go.jp/01/index.php?action_kouhyou_detail_004_kani=true&JigyosyoCd=0165790130-00&ServiceCd=130&Type=search" }, "geometry": { "type": "Point", "coordinates": [ 141.78507512394259, 43.208767129792633 ] } },
{ "type": "Feature", "properties": { "内容": "訪問看護センターまちの看護師さん【訪問看護】北海道岩見沢市7条西3丁目22−1", "url2": "https://www.kaigokensaku.mhlw.go.jp/01/index.php?action_kouhyou_detail_004_kani=true&JigyosyoCd=0165790098-00&ServiceCd=130&Type=search" }, "geometry": { "type": "Point", "coordinates": [ 141.767319216905179, 43.199214349158886 ] } },
{ "type": "Feature", "properties": { "内容": "訪問看護ステーション恵【訪問看護】北海道岩見沢市栗沢町由良739番地4", "url2": "https://www.kaigokensaku.mhlw.go.jp/01/index.php?action_kouhyou_detail_004_kani=true&JigyosyoCd=0175701226-00&ServiceCd=130&Type=search" }, "geometry": { "type": "Point", "coordinates": [ 141.748310485766609, 43.124592487424174 ] } },
{ "type": "Feature", "properties": { "内容": "訪問看護ステーション　クローバー【訪問看護】岩見沢市3条東1丁目８番地1サンエム中央ビル1F‐B号", "url2": "https://www.kaigokensaku.mhlw.go.jp/01/index.php?action_kouhyou_detail_004_kani=true&JigyosyoCd=0175701283-00&ServiceCd=130&Type=search" }, "geometry": { "type": "Point", "coordinates": [ 139.7098709, 35.65555 ] } },
{ "type": "Feature", "properties": { "内容": "訪問看護ステーション　ゆあなす【訪問看護】岩見沢市美園四条一丁目1番9号KM62　202号", "url2": "https://www.kaigokensaku.mhlw.go.jp/01/index.php?action_kouhyou_detail_004_kani=true&JigyosyoCd=0165790171-00&ServiceCd=130&Type=search" }, "geometry": { "type": "Point", "coordinates": [ 141.765051699999987, 43.18948689999997 ] } },
{ "type": "Feature", "properties": { "内容": "訪問看護ステーションささえるさん岩見沢【訪問看護】北海道岩見沢市志文本町4条2丁目1−2", "url2": "https://www.kaigokensaku.mhlw.go.jp/01/index.php?action_kouhyou_detail_004_kani=true&JigyosyoCd=0165790155-00&ServiceCd=130&Type=search" }, "geometry": { "type": "Point", "coordinates": [ 141.7474894, 43.1575054 ] } },
{ "type": "Feature", "properties": { "内容": "訪問看護ステーションほおむ・幌向【訪問看護】北海道岩見沢市幌向南２条２丁目203番地5", "url2": "https://www.kaigokensaku.mhlw.go.jp/01/index.php?action_kouhyou_detail_004_kani=true&JigyosyoCd=0175701291-00&ServiceCd=130&Type=search" }, "geometry": { "type": "Point", "coordinates": [ 141.658778, 43.149131399999987 ] } },
{ "type": "Feature", "properties": { "内容": "訪問看護ステーションぺると【訪問看護】北海道網走市桂町4丁目７番１１号桂が丘クリニック", "url2": "https://www.kaigokensaku.mhlw.go.jp/01/index.php?action_kouhyou_detail_004_kani=true&JigyosyoCd=0165390113-00&ServiceCd=130&Type=search" }, "geometry": { "type": "Point", "coordinates": [ 144.2701463, 44.0126991 ] } },
{ "type": "Feature", "properties": { "内容": "医療法人讃生会訪問看護ステーションしおみ【訪問看護】北海道網走市字潮見157番地5なごみ館　ありあけ　206号室", "url2": "https://www.kaigokensaku.mhlw.go.jp/01/index.php?action_kouhyou_detail_004_kani=true&JigyosyoCd=0165390089-00&ServiceCd=130&Type=search" }, "geometry": { "type": "Point", "coordinates": [ 144.267231652114873, 43.992627593845789 ] } },
{ "type": "Feature", "properties": { "内容": "一般社団法人北海道総合在宅ケア事業団　網走地域訪問看護ステーション【訪問看護】北海道網走市北４条西８丁目１－８グリーンリバーIII　２１０号室", "url2": "https://www.kaigokensaku.mhlw.go.jp/01/index.php?action_kouhyou_detail_004_kani=true&JigyosyoCd=0165390014-00&ServiceCd=130&Type=search" }, "geometry": { "type": "Point", "coordinates": [ 144.255084399999987, 44.0222245 ] } },
{ "type": "Feature", "properties": { "内容": "ＪＡ北海道厚生連網走厚生訪問看護ステーションあすなろ【訪問看護】北海道網走市北６条西１丁目９番地", "url2": "https://www.kaigokensaku.mhlw.go.jp/01/index.php?action_kouhyou_detail_004_kani=true&JigyosyoCd=0165390071-00&ServiceCd=130&Type=search" }, "geometry": { "type": "Point", "coordinates": [ 144.26315180000006, 44.0254812 ] } },
{ "type": "Feature", "properties": { "内容": "訪問看護ステーション　ぺると【訪問看護】北海道網走市桂町４丁目７番１１号桂ケ丘クリニック", "url2": "https://www.kaigokensaku.mhlw.go.jp/01/index.php?action_kouhyou_detail_004_kani=true&JigyosyoCd=0165390030-00&ServiceCd=130&Type=search" }, "geometry": { "type": "Point", "coordinates": [ 144.269969, 44.0120407 ] } },
{ "type": "Feature", "properties": { "内容": "訪問看護ステーション　舞【訪問看護】北海道留萌市寿町1丁目27番地の5", "url2": "https://www.kaigokensaku.mhlw.go.jp/01/index.php?action_kouhyou_detail_004_kani=true&JigyosyoCd=0166490060-00&ServiceCd=130&Type=search" }, "geometry": { "type": "Point", "coordinates": [ 141.6376646, 43.9385462 ] } },
{ "type": "Feature", "properties": { "内容": "医療法人社団心優会　訪問看護ステーション季実の杜【訪問看護】北海道留萌市開運町1丁目5番1号", "url2": "https://www.kaigokensaku.mhlw.go.jp/01/index.php?action_kouhyou_detail_004_kani=true&JigyosyoCd=0166490045-00&ServiceCd=130&Type=search" }, "geometry": { "type": "Point", "coordinates": [ 141.648216899999966, 43.9403177 ] } },
{ "type": "Feature", "properties": { "内容": "一般社団法人北海道総合在宅ケア事業団　留萌地域訪問看護ステーション【訪問看護】北海道留萌市五十嵐町1丁目1番10号留萌市保健福祉センターはーとふる２階", "url2": "https://www.kaigokensaku.mhlw.go.jp/01/index.php?action_kouhyou_detail_004_kani=true&JigyosyoCd=0166490011-00&ServiceCd=130&Type=search" }, "geometry": { "type": "Point", "coordinates": [ 141.663584300000025, 43.9358715 ] } },
{ "type": "Feature", "properties": { "内容": "訪問看護ステーションすみか【訪問看護】留萌市開運町２丁目１‐３９エクセル山郷ビル１階", "url2": "https://www.kaigokensaku.mhlw.go.jp/01/index.php?action_kouhyou_detail_004_kani=true&JigyosyoCd=0166490052-00&ServiceCd=130&Type=search" }, "geometry": { "type": "Point", "coordinates": [ 141.6494343, 43.938057600000029 ] } },
{ "type": "Feature", "properties": { "内容": "訪問看護ステーション　こころっくる【訪問看護】北海道苫小牧市柳町4丁目12番20号柳町診療所", "url2": "https://www.kaigokensaku.mhlw.go.jp/01/index.php?action_kouhyou_detail_004_kani=true&JigyosyoCd=0163690167-00&ServiceCd=130&Type=search" }, "geometry": { "type": "Point", "coordinates": [ 141.6310449, 42.6515238 ] } },
{ "type": "Feature", "properties": { "内容": "訪問看護ステーション「ひまわり」【訪問看護】北海道苫小牧市若草町5丁目10番1号", "url2": "https://www.kaigokensaku.mhlw.go.jp/01/index.php?action_kouhyou_detail_004_kani=true&JigyosyoCd=0163690175-00&ServiceCd=130&Type=search" }, "geometry": { "type": "Point", "coordinates": [ 141.608073699999977, 42.641782100000015 ] } },
{ "type": "Feature", "properties": { "内容": "訪問看護ステーションみどり【訪問看護】北海道苫小牧市清水町2丁目1番2号", "url2": "https://www.kaigokensaku.mhlw.go.jp/01/index.php?action_kouhyou_detail_004_kani=true&JigyosyoCd=0163690274-00&ServiceCd=130&Type=search" }, "geometry": { "type": "Point", "coordinates": [ 141.599165803704835, 42.649054292150531 ] } },
{ "type": "Feature", "properties": { "内容": "社会医療法人平成醫塾苫小牧東病院【訪問看護】北海道苫小牧市明野新町５丁目１番３０号", "url2": "https://www.kaigokensaku.mhlw.go.jp/01/index.php?action_kouhyou_detail_004_kani=true&JigyosyoCd=0113612816-00&ServiceCd=130&Type=search" }, "geometry": { "type": "Point", "coordinates": [ 141.636643400000054, 42.6626145 ] } },
{ "type": "Feature", "properties": { "内容": "社会医療法人平成醫塾　訪問看護リハビリステーション和来る【訪問看護】北海道苫小牧市明野新町５丁目１番３０号", "url2": "https://www.kaigokensaku.mhlw.go.jp/01/index.php?action_kouhyou_detail_004_kani=true&JigyosyoCd=0163690332-00&ServiceCd=130&Type=search" }, "geometry": { "type": "Point", "coordinates": [ 141.6366835, 42.6626051 ] } },
{ "type": "Feature", "properties": { "内容": "みんなのかかりつけ訪問看護ステーション苫小牧【訪問看護】北海道苫小牧市緑町2丁目9番10号グランドール苫小牧304号室", "url2": "https://www.kaigokensaku.mhlw.go.jp/01/index.php?action_kouhyou_detail_004_kani=true&JigyosyoCd=0163690340-00&ServiceCd=130&Type=search" }, "geometry": { "type": "Point", "coordinates": [ 141.596566042327851, 42.644421775501314 ] } },
{ "type": "Feature", "properties": { "内容": "訪問看護オールスリー【訪問看護】北海道苫小牧市光洋町１丁目７－１０", "url2": "https://www.kaigokensaku.mhlw.go.jp/01/index.php?action_kouhyou_detail_004_kani=true&JigyosyoCd=0163690357-00&ServiceCd=130&Type=search" }, "geometry": { "type": "Point", "coordinates": [ 141.5640508, 42.6224864 ] } },
{ "type": "Feature", "properties": { "内容": "医療法人王子総合病院【訪問看護】苫小牧市若草町3-4-8", "url2": "https://www.kaigokensaku.mhlw.go.jp/01/index.php?action_kouhyou_detail_004_kani=true&JigyosyoCd=0113612931-00&ServiceCd=130&Type=search" }, "geometry": { "type": "Point", "coordinates": [ 141.604772, 42.6385099 ] } },
{ "type": "Feature", "properties": { "内容": "一般社団法人北海道総合在宅ケア事業団　苫小牧地域訪問看護ステーション【訪問看護】北海道苫小牧市旭町２丁目４番２０号一般社団法人苫小牧市医師会２階", "url2": "https://www.kaigokensaku.mhlw.go.jp/01/index.php?action_kouhyou_detail_004_kani=true&JigyosyoCd=0163690027-00&ServiceCd=130&Type=search" }, "geometry": { "type": "Point", "coordinates": [ 141.607229772240061, 42.630747917030575 ] } },
{ "type": "Feature", "properties": { "内容": "訪問看護ステーションなないろ【訪問看護】北海道苫小牧市日新町１丁目１番１号", "url2": "https://www.kaigokensaku.mhlw.go.jp/01/index.php?action_kouhyou_detail_004_kani=true&JigyosyoCd=0163690258-00&ServiceCd=130&Type=search" }, "geometry": { "type": "Point", "coordinates": [ 141.5469838, 42.6301215 ] } },
{ "type": "Feature", "properties": { "内容": "苫小牧訪問看護ステーションらぽーる【訪問看護】北海道苫小牧市光洋町2丁目1-2", "url2": "https://www.kaigokensaku.mhlw.go.jp/01/index.php?action_kouhyou_detail_004_kani=true&JigyosyoCd=0163690217-00&ServiceCd=130&Type=search" }, "geometry": { "type": "Point", "coordinates": [ 141.5670847, 42.6245629 ] } },
{ "type": "Feature", "properties": { "内容": "訪問看護ステーションしらかば【訪問看護】苫小牧市しらかば町2丁目1番23号糸井駅前オフィスF室", "url2": "https://www.kaigokensaku.mhlw.go.jp/01/index.php?action_kouhyou_detail_004_kani=true&JigyosyoCd=0163690100-00&ServiceCd=130&Type=search" }, "geometry": { "type": "Point", "coordinates": [ 141.5446624, 42.6223472 ] } },
{ "type": "Feature", "properties": { "内容": "訪問看護ステーションむすび【訪問看護】北海道苫小牧市大成町1丁目4番3号", "url2": "https://www.kaigokensaku.mhlw.go.jp/01/index.php?action_kouhyou_detail_004_kani=true&JigyosyoCd=0163690225-00&ServiceCd=130&Type=search" }, "geometry": { "type": "Point", "coordinates": [ 141.573427645892394, 42.625625611659139 ] } },
{ "type": "Feature", "properties": { "内容": "ほうもんかんごふくろウ【訪問看護】北海道苫小牧市日吉町３丁目５－１", "url2": "https://www.kaigokensaku.mhlw.go.jp/01/index.php?action_kouhyou_detail_004_kani=true&JigyosyoCd=0163690191-00&ServiceCd=130&Type=search" }, "geometry": { "type": "Point", "coordinates": [ 141.548378320805853, 42.620378083808951 ] } },
{ "type": "Feature", "properties": { "内容": "勤医協とまこまい訪問看護ステーション【訪問看護】北海道苫小牧市山手町2丁目14番9号複合施設みやまの里", "url2": "https://www.kaigokensaku.mhlw.go.jp/01/index.php?action_kouhyou_detail_004_kani=true&JigyosyoCd=0163690209-00&ServiceCd=130&Type=search" }, "geometry": { "type": "Point", "coordinates": [ 141.570976, 42.640578 ] } },
{ "type": "Feature", "properties": { "内容": "訪問看護ステーションLinoa【訪問看護】苫小牧市矢代町３丁目４番１号グランドール矢代203", "url2": "https://www.kaigokensaku.mhlw.go.jp/01/index.php?action_kouhyou_detail_004_kani=true&JigyosyoCd=0163690365-00&ServiceCd=130&Type=search" }, "geometry": { "type": "Point", "coordinates": [ 141.588270900000026, 42.6282225 ] } },
{ "type": "Feature", "properties": { "内容": "訪問看護ステーションすまいる【訪問看護】北海道苫小牧市日新町４丁目１番３４号", "url2": "https://www.kaigokensaku.mhlw.go.jp/01/index.php?action_kouhyou_detail_004_kani=true&JigyosyoCd=0163690233-00&ServiceCd=130&Type=search" }, "geometry": { "type": "Point", "coordinates": [ 141.532884531023427, 42.627155859247829 ] } },
{ "type": "Feature", "properties": { "内容": "ライフケアSMB訪問看護ステーション苫小牧【訪問看護】北海道苫小牧市入船町3丁目2-5入船クロスポートビル4階", "url2": "https://www.kaigokensaku.mhlw.go.jp/01/index.php?action_kouhyou_detail_004_kani=true&JigyosyoCd=0163690282-00&ServiceCd=130&Type=search" }, "geometry": { "type": "Point", "coordinates": [ 141.6209299, 42.6430193 ] } },
{ "type": "Feature", "properties": { "内容": "訪問看護ステーションリール【訪問看護】北海道苫小牧市三光町三丁目5-10", "url2": "https://www.kaigokensaku.mhlw.go.jp/01/index.php?action_kouhyou_detail_004_kani=true&JigyosyoCd=0163690308-00&ServiceCd=130&Type=search" }, "geometry": { "type": "Point", "coordinates": [ 141.62199480000001, 42.6540537 ] } },
{ "type": "Feature", "properties": { "内容": "ケアーズ訪問看護リハビリステーション苫小牧駅前【訪問看護】北海道苫小牧市木場町１丁目４番１２号ＴＣビル", "url2": "https://www.kaigokensaku.mhlw.go.jp/01/index.php?action_kouhyou_detail_004_kani=true&JigyosyoCd=0163690316-00&ServiceCd=130&Type=search" }, "geometry": { "type": "Point", "coordinates": [ 141.597437899999989, 42.6407676 ] } },
{ "type": "Feature", "properties": { "内容": "医療法人　同樹会苫小牧病院【訪問看護】新中野町３丁目９番１０号", "url2": "https://www.kaigokensaku.mhlw.go.jp/01/index.php?action_kouhyou_detail_004_kani=true&JigyosyoCd=0113612022-00&ServiceCd=130&Type=search" }, "geometry": { "type": "Point", "coordinates": [ 141.609914099999969, 42.6423896 ] } },
{ "type": "Feature", "properties": { "内容": "道南訪問看護ステーション【訪問看護】北海道苫小牧市しらかば町3丁目2番18号", "url2": "https://www.kaigokensaku.mhlw.go.jp/01/index.php?action_kouhyou_detail_004_kani=true&JigyosyoCd=0163690241-00&ServiceCd=130&Type=search" }, "geometry": { "type": "Point", "coordinates": [ 141.5361905, 42.6197179 ] } },
{ "type": "Feature", "properties": { "内容": "医療法人社団凜誠会クリニック森の風【訪問看護】北海道稚内市潮見3丁目6番32号", "url2": "https://www.kaigokensaku.mhlw.go.jp/01/index.php?action_kouhyou_detail_004_kani=true&JigyosyoCd=0116711748-00&ServiceCd=130&Type=search" }, "geometry": { "type": "Point", "coordinates": [ 141.701920300000012, 45.3962057 ] } },
{ "type": "Feature", "properties": { "内容": "一般社団法人北海道総合在宅ケア事業団　稚内訪問看護ステーション【訪問看護】北海道稚内市中央４丁目１６番２号稚内市保健福祉センター２階", "url2": "https://www.kaigokensaku.mhlw.go.jp/01/index.php?action_kouhyou_detail_004_kani=true&JigyosyoCd=0166790014-00&ServiceCd=130&Type=search" }, "geometry": { "type": "Point", "coordinates": [ 141.676212599999985, 45.4118841 ] } },
{ "type": "Feature", "properties": { "内容": "訪問看護ステーション宗谷さわやかポート【訪問看護】北海道稚内市末広3丁目6番5号", "url2": "https://www.kaigokensaku.mhlw.go.jp/01/index.php?action_kouhyou_detail_004_kani=true&JigyosyoCd=0166790030-00&ServiceCd=130&Type=search" }, "geometry": { "type": "Point", "coordinates": [ 141.692222600000036, 45.399986 ] } },
{ "type": "Feature", "properties": { "内容": "訪問看護ステーションこはく【訪問看護】北海道稚内市萩見3丁目15番21号", "url2": "https://www.kaigokensaku.mhlw.go.jp/01/index.php?action_kouhyou_detail_004_kani=true&JigyosyoCd=0166790097-00&ServiceCd=130&Type=search" }, "geometry": { "type": "Point", "coordinates": [ 141.7067678, 45.3909583 ] } },
{ "type": "Feature", "properties": { "内容": "訪問看護ステーションはれ【訪問看護】北海道稚内市栄4丁目10番14号", "url2": "https://www.kaigokensaku.mhlw.go.jp/01/index.php?action_kouhyou_detail_004_kani=true&JigyosyoCd=0166790089-00&ServiceCd=130&Type=search" }, "geometry": { "type": "Point", "coordinates": [ 141.702557799999965, 45.3876023 ] } },
{ "type": "Feature", "properties": { "内容": "医療法人社団　慶北会　花田病院　訪問看護ステーション　よろこび【訪問看護】北海道美唄市大通東１条北２丁目１番５号　カーサーイツキII", "url2": "https://www.kaigokensaku.mhlw.go.jp/01/index.php?action_kouhyou_detail_004_kani=true&JigyosyoCd=0166190025-00&ServiceCd=130&Type=search" }, "geometry": { "type": "Point", "coordinates": [ 141.861153699999932, 43.3340064 ] } },
{ "type": "Feature", "properties": { "内容": "一般社団法人北海道総合在宅ケア事業団　美唄訪問看護ステーション【訪問看護】北海道美唄市大通東１条南５丁目1番23号SKビル３階", "url2": "https://www.kaigokensaku.mhlw.go.jp/01/index.php?action_kouhyou_detail_004_kani=true&JigyosyoCd=0166190017-00&ServiceCd=130&Type=search" }, "geometry": { "type": "Point", "coordinates": [ 141.859129199999984, 43.326771 ] } },
{ "type": "Feature", "properties": { "内容": "市立美唄病院【訪問看護】北海道美唄市西２条北１丁目１番１号", "url2": "https://www.kaigokensaku.mhlw.go.jp/01/index.php?action_kouhyou_detail_004_kani=true&JigyosyoCd=0176100295-00&ServiceCd=130&Type=search" }, "geometry": { "type": "Point", "coordinates": [ 141.857266177246089, 43.333397780689459 ] } },
{ "type": "Feature", "properties": { "内容": "芦別市訪問看護ステーション【訪問看護】芦別市本町１４番地市立芦別病院　内", "url2": "https://www.kaigokensaku.mhlw.go.jp/01/index.php?action_kouhyou_detail_004_kani=true&JigyosyoCd=0167390012-00&ServiceCd=130&Type=search" }, "geometry": { "type": "Point", "coordinates": [ 142.1956692, 43.5183024 ] } },
{ "type": "Feature", "properties": { "内容": "林内科　訪問看護室【訪問看護】江別市朝日町3-26", "url2": "https://www.kaigokensaku.mhlw.go.jp/01/index.php?action_kouhyou_detail_004_kani=true&JigyosyoCd=0111013140-00&ServiceCd=130&Type=search" }, "geometry": { "type": "Point", "coordinates": [ 141.572996500000045, 43.1090866 ] } },
{ "type": "Feature", "properties": { "内容": "訪問看護ステ－ションデュ－ン江別【訪問看護】北海道江別市大麻桜木町３４-３クシェルソレイユ１０４号室", "url2": "https://www.kaigokensaku.mhlw.go.jp/01/index.php?action_kouhyou_detail_004_kani=true&JigyosyoCd=0161090212-00&ServiceCd=130&Type=search" }, "geometry": { "type": "Point", "coordinates": [ 141.48381489999997, 43.0738123 ] } },
{ "type": "Feature", "properties": { "内容": "訪問看護ステーション　ラ・ムーン【訪問看護】北海道江別市新栄台91番地2住宅型有料老人ホーム　ラ・ムーン", "url2": "https://www.kaigokensaku.mhlw.go.jp/01/index.php?action_kouhyou_detail_004_kani=true&JigyosyoCd=0161090287-00&ServiceCd=130&Type=search" }, "geometry": { "type": "Point", "coordinates": [ 141.5212938, 43.1080943 ] } },
{ "type": "Feature", "properties": { "内容": "合同会社GIVEAID訪問看護あさひ【訪問看護】北海道江別市朝日町41-19ヴィラージュ朝日町II202号", "url2": "https://www.kaigokensaku.mhlw.go.jp/01/index.php?action_kouhyou_detail_004_kani=true&JigyosyoCd=0161090352-00&ServiceCd=130&Type=search" }, "geometry": { "type": "Point", "coordinates": [ 141.574692341523161, 43.109813758342966 ] } },
{ "type": "Feature", "properties": { "内容": "メディカルライブラリ野幌訪問看護事業所【訪問看護】北海道江別市野幌末広町39番地1有料老人ホーム　ブルーライズ野幌", "url2": "https://www.kaigokensaku.mhlw.go.jp/01/index.php?action_kouhyou_detail_004_kani=true&JigyosyoCd=0161090345-00&ServiceCd=130&Type=search" }, "geometry": { "type": "Point", "coordinates": [ 141.51185670000001, 43.0889127 ] } },
{ "type": "Feature", "properties": { "内容": "訪問看護ステーションおるおる【訪問看護】北海道江別市上江別東町４４－１６", "url2": "https://www.kaigokensaku.mhlw.go.jp/01/index.php?action_kouhyou_detail_004_kani=true&JigyosyoCd=0161090329-00&ServiceCd=130&Type=search" }, "geometry": { "type": "Point", "coordinates": [ 141.562267809826665, 43.103333133269359 ] } },
{ "type": "Feature", "properties": { "内容": "訪問看護ステーションのっぽろ【訪問看護】江別市野幌町53番地の5医療法人英生会野幌病院4階", "url2": "https://www.kaigokensaku.mhlw.go.jp/01/index.php?action_kouhyou_detail_004_kani=true&JigyosyoCd=0161090139-00&ServiceCd=130&Type=search" }, "geometry": { "type": "Point", "coordinates": [ 141.52735717605745, 43.092202039194731 ] } },
{ "type": "Feature", "properties": { "内容": "在宅看護センターポラリス【訪問看護】北海道江別市野幌住吉町11-9コーポしまざき", "url2": "https://www.kaigokensaku.mhlw.go.jp/01/index.php?action_kouhyou_detail_004_kani=true&JigyosyoCd=0161090253-00&ServiceCd=130&Type=search" }, "geometry": { "type": "Point", "coordinates": [ 141.5162489167449, 43.092626118368941 ] } },
{ "type": "Feature", "properties": { "内容": "一般社団法人北海道総合在宅ケア事業団　江別訪問看護ステーション【訪問看護】北海道江別市大麻沢町５番地６江別市いきいきセンター２階", "url2": "https://www.kaigokensaku.mhlw.go.jp/01/index.php?action_kouhyou_detail_004_kani=true&JigyosyoCd=0161090048-00&ServiceCd=130&Type=search" }, "geometry": { "type": "Point", "coordinates": [ 141.486640099999931, 43.0722267 ] } },
{ "type": "Feature", "properties": { "内容": "訪問看護ステーション　ことり【訪問看護】北海道江別市４条７丁目３-２", "url2": "https://www.kaigokensaku.mhlw.go.jp/01/index.php?action_kouhyou_detail_004_kani=true&JigyosyoCd=0161090196-00&ServiceCd=130&Type=search" }, "geometry": { "type": "Point", "coordinates": [ 141.555241423942562, 43.111792699787806 ] } },
{ "type": "Feature", "properties": { "内容": "訪問看護ステーションみのりの丘【訪問看護】北海道江別市大麻東町15番地の30", "url2": "https://www.kaigokensaku.mhlw.go.jp/01/index.php?action_kouhyou_detail_004_kani=true&JigyosyoCd=0161090220-00&ServiceCd=130&Type=search" }, "geometry": { "type": "Point", "coordinates": [ 141.501790254631032, 43.081617294309872 ] } },
{ "type": "Feature", "properties": { "内容": "訪問看護ステーションあんずの華【訪問看護】北海道江別市元江別本町10番地の23", "url2": "https://www.kaigokensaku.mhlw.go.jp/01/index.php?action_kouhyou_detail_004_kani=true&JigyosyoCd=0161090246-00&ServiceCd=130&Type=search" }, "geometry": { "type": "Point", "coordinates": [ 141.5299502, 43.1077003 ] } },
{ "type": "Feature", "properties": { "内容": "訪問看護ステーションこことわ【訪問看護】北海道江別市野幌寿町3-3グリーンコーポ101号室", "url2": "https://www.kaigokensaku.mhlw.go.jp/01/index.php?action_kouhyou_detail_004_kani=true&JigyosyoCd=0161090238-00&ServiceCd=130&Type=search" }, "geometry": { "type": "Point", "coordinates": [ 141.518249852347338, 43.103357949358681 ] } },
{ "type": "Feature", "properties": { "内容": "江別市立病院訪問看護ステーションいたわり【訪問看護】北海道江別市若草町６番地", "url2": "https://www.kaigokensaku.mhlw.go.jp/01/index.php?action_kouhyou_detail_004_kani=true&JigyosyoCd=0161090154-00&ServiceCd=130&Type=search" }, "geometry": { "type": "Point", "coordinates": [ 141.545779, 43.1119716 ] } },
{ "type": "Feature", "properties": { "内容": "江別訪問診療所　かかりつけ訪問看護ちいきの森【訪問看護】北海道江別市上江別476番地４", "url2": "https://www.kaigokensaku.mhlw.go.jp/01/index.php?action_kouhyou_detail_004_kani=true&JigyosyoCd=0161090279-00&ServiceCd=130&Type=search" }, "geometry": { "type": "Point", "coordinates": [ 141.545487043996047, 43.094690093615966 ] } },
{ "type": "Feature", "properties": { "内容": "訪問看護ステーションゆうあい【訪問看護】北海道江別市新栄台４６番地の1", "url2": "https://www.kaigokensaku.mhlw.go.jp/01/index.php?action_kouhyou_detail_004_kani=true&JigyosyoCd=0161090071-00&ServiceCd=130&Type=search" }, "geometry": { "type": "Point", "coordinates": [ 141.512065200000052, 43.1086182 ] } },
{ "type": "Feature", "properties": { "内容": "医療法人渓和会　訪問看護ステーションてとて【訪問看護】北海道江別市野幌代々木町81-6江別病院内", "url2": "https://www.kaigokensaku.mhlw.go.jp/01/index.php?action_kouhyou_detail_004_kani=true&JigyosyoCd=0161090337-00&ServiceCd=130&Type=search" }, "geometry": { "type": "Point", "coordinates": [ 141.5196034, 43.0929553 ] } },
{ "type": "Feature", "properties": { "内容": "合同会社のっぽろ社会福祉士事務所　訪問看護ステーションハピネス【訪問看護】北海道江別市上江別東町21番地18", "url2": "https://www.kaigokensaku.mhlw.go.jp/01/index.php?action_kouhyou_detail_004_kani=true&JigyosyoCd=0161090311-00&ServiceCd=130&Type=search" }, "geometry": { "type": "Point", "coordinates": [ 141.5601519, 43.106517800000013 ] } },
{ "type": "Feature", "properties": { "内容": "あかびら市立病院　訪問看護ステーション　えなが【訪問看護】北海道赤平市本町3丁目2番地", "url2": "https://www.kaigokensaku.mhlw.go.jp/01/index.php?action_kouhyou_detail_004_kani=true&JigyosyoCd=0167290022-00&ServiceCd=130&Type=search" }, "geometry": { "type": "Point", "coordinates": [ 142.053546399999988, 43.5565748 ] } },
{ "type": "Feature", "properties": { "内容": "一般社団法人北海道総合在宅ケア事業団　紋別地域訪問看護ステーション【訪問看護】北海道紋別市本町３丁目１－３１", "url2": "https://www.kaigokensaku.mhlw.go.jp/01/index.php?action_kouhyou_detail_004_kani=true&JigyosyoCd=0165190018-00&ServiceCd=130&Type=search" }, "geometry": { "type": "Point", "coordinates": [ 143.354992300000049, 44.354070600000014 ] } },
{ "type": "Feature", "properties": { "内容": "訪問看護ステーション結愛【訪問看護】北海道紋別市港町1丁目2番30号", "url2": "https://www.kaigokensaku.mhlw.go.jp/01/index.php?action_kouhyou_detail_004_kani=true&JigyosyoCd=0165190026-00&ServiceCd=130&Type=search" }, "geometry": { "type": "Point", "coordinates": [ 143.358197600000011, 44.3560186 ] } },
{ "type": "Feature", "properties": { "内容": "訪問看護ステーション　えん【訪問看護】紋別市大山町１丁目３６番１４号", "url2": "https://www.kaigokensaku.mhlw.go.jp/01/index.php?action_kouhyou_detail_004_kani=true&JigyosyoCd=0175100247-00&ServiceCd=130&Type=search" }, "geometry": { "type": "Point", "coordinates": [ 143.345058661516759, 44.339579823389997 ] } },
{ "type": "Feature", "properties": { "内容": "夢明　訪問看護ステーション【訪問看護】北海道紋別市真砂町3－1－1", "url2": "https://www.kaigokensaku.mhlw.go.jp/01/index.php?action_kouhyou_detail_004_kani=true&JigyosyoCd=0165190034-00&ServiceCd=130&Type=search" }, "geometry": { "type": "Point", "coordinates": [ 143.3510177, 44.363052 ] } },
{ "type": "Feature", "properties": { "内容": "士別市立病院訪問看護ステーションあゆみ【訪問看護】北海道士別市東11条5丁目3029番地1", "url2": "https://www.kaigokensaku.mhlw.go.jp/01/index.php?action_kouhyou_detail_004_kani=true&JigyosyoCd=0163290059-00&ServiceCd=130&Type=search" }, "geometry": { "type": "Point", "coordinates": [ 142.406814, 44.1788896 ] } },
{ "type": "Feature", "properties": { "内容": "訪問看護ステーションのぽぽん【訪問看護】士別市東6条6丁目60番地９", "url2": "https://www.kaigokensaku.mhlw.go.jp/01/index.php?action_kouhyou_detail_004_kani=true&JigyosyoCd=0163290042-00&ServiceCd=130&Type=search" }, "geometry": { "type": "Point", "coordinates": [ 142.401270537434357, 44.177027326030931 ] } },
{ "type": "Feature", "properties": { "内容": "訪問看護ステーションらぷらす【訪問看護】北海道名寄市西13条北1丁目69番地4", "url2": "https://www.kaigokensaku.mhlw.go.jp/01/index.php?action_kouhyou_detail_004_kani=true&JigyosyoCd=0163290075-00&ServiceCd=130&Type=search" }, "geometry": { "type": "Point", "coordinates": [ 142.4429485, 44.3562419 ] } },
{ "type": "Feature", "properties": { "内容": "訪問看護ステーション　フィオーレ【訪問看護】北海道名寄市緑丘11－23", "url2": "https://www.kaigokensaku.mhlw.go.jp/01/index.php?action_kouhyou_detail_004_kani=true&JigyosyoCd=0163290067-00&ServiceCd=130&Type=search" }, "geometry": { "type": "Point", "coordinates": [ 142.480161524758955, 44.343634536049834 ] } },
{ "type": "Feature", "properties": { "内容": "一般社団法人北海道総合在宅ケア事業団　名寄訪問看護ステーション【訪問看護】北海道名寄市西7条南8丁目1番地名寄市立総合病院　新館3階", "url2": "https://www.kaigokensaku.mhlw.go.jp/01/index.php?action_kouhyou_detail_004_kani=true&JigyosyoCd=0163290018-00&ServiceCd=130&Type=search" }, "geometry": { "type": "Point", "coordinates": [ 142.450624400000038, 44.3492274 ] } },
{ "type": "Feature", "properties": { "内容": "一般社団法人北海道総合在宅ケア事業団　三笠訪問看護ステーション【訪問看護】北海道三笠市高美町４４４番地三笠市ふれあい健康センター", "url2": "https://www.kaigokensaku.mhlw.go.jp/01/index.php?action_kouhyou_detail_004_kani=true&JigyosyoCd=0166090019-00&ServiceCd=130&Type=search" }, "geometry": { "type": "Point", "coordinates": [ 141.8756439, 43.249230399999981 ] } },
{ "type": "Feature", "properties": { "内容": "市立三笠総合病院訪問看護ステーションゆうゆう【訪問看護】北海道三笠市宮本町４８９番地１市立三笠総合病院", "url2": "https://www.kaigokensaku.mhlw.go.jp/01/index.php?action_kouhyou_detail_004_kani=true&JigyosyoCd=0166090027-00&ServiceCd=130&Type=search" }, "geometry": { "type": "Point", "coordinates": [ 141.8698775, 43.246479600000015 ] } },
{ "type": "Feature", "properties": { "内容": "合同会社つなぐ訪問看護ステーション【訪問看護】北海道根室市松本町4丁目12番地１", "url2": "https://www.kaigokensaku.mhlw.go.jp/01/index.php?action_kouhyou_detail_004_kani=true&JigyosyoCd=0164290066-00&ServiceCd=130&Type=search" }, "geometry": { "type": "Point", "coordinates": [ 145.5765321, 43.3273203 ] } },
{ "type": "Feature", "properties": { "内容": "訪問看護ステーションつばさ【訪問看護】北海道千歳市緑町1丁目3番30号", "url2": "https://www.kaigokensaku.mhlw.go.jp/01/index.php?action_kouhyou_detail_004_kani=true&JigyosyoCd=0161190053-00&ServiceCd=130&Type=search" }, "geometry": { "type": "Point", "coordinates": [ 141.639841700000034, 42.82382290000001 ] } },
{ "type": "Feature", "properties": { "内容": "しののめクリニック【訪問看護】北海道千歳市東雲町２丁目１４－２", "url2": "https://www.kaigokensaku.mhlw.go.jp/01/index.php?action_kouhyou_detail_004_kani=true&JigyosyoCd=0111112157-00&ServiceCd=130&Type=search" }, "geometry": { "type": "Point", "coordinates": [ 141.650761499999987, 42.8202481 ] } },
{ "type": "Feature", "properties": { "内容": "グラン・セラ看護室【訪問看護】千歳市里美２丁目２番６号第３ビジュアルコーポ２０１号室", "url2": "https://www.kaigokensaku.mhlw.go.jp/01/index.php?action_kouhyou_detail_004_kani=true&JigyosyoCd=0161190145-00&ServiceCd=130&Type=search" }, "geometry": { "type": "Point", "coordinates": [ 142.3825674, 43.739086 ] } },
{ "type": "Feature", "properties": { "内容": "訪問看護ステーションあかり【訪問看護】北海道千歳市豊里1丁目3-3", "url2": "https://www.kaigokensaku.mhlw.go.jp/01/index.php?action_kouhyou_detail_004_kani=true&JigyosyoCd=0161190160-00&ServiceCd=130&Type=search" }, "geometry": { "type": "Point", "coordinates": [ 141.66594090000001, 42.839515 ] } },
{ "type": "Feature", "properties": { "内容": "訪問看護ステーションつばさ【訪問看護】北海道千歳市緑町1丁目3番22号VIAREST千歳緑町　１階", "url2": "https://www.kaigokensaku.mhlw.go.jp/01/index.php?action_kouhyou_detail_004_kani=true&JigyosyoCd=0161190129-00&ServiceCd=130&Type=search" }, "geometry": { "type": "Point", "coordinates": [ 141.6398417, 42.8238229 ] } },
{ "type": "Feature", "properties": { "内容": "向陽台訪問看護ステーション【訪問看護】北海道千歳市柏陽4丁目3-5", "url2": "https://www.kaigokensaku.mhlw.go.jp/01/index.php?action_kouhyou_detail_004_kani=true&JigyosyoCd=0161190103-00&ServiceCd=130&Type=search" }, "geometry": { "type": "Point", "coordinates": [ 141.5920264, 42.7803946 ] } },
{ "type": "Feature", "properties": { "内容": "一般社団法人北海道総合在宅ケア事業団　千歳訪問看護ステーション【訪問看護】北海道千歳市北光２丁目１番１号市立千歳市民病院内", "url2": "https://www.kaigokensaku.mhlw.go.jp/01/index.php?action_kouhyou_detail_004_kani=true&JigyosyoCd=0161190012-00&ServiceCd=130&Type=search" }, "geometry": { "type": "Point", "coordinates": [ 141.639277099999958, 42.844601600000018 ] } },
{ "type": "Feature", "properties": { "内容": "訪問看護ステーションわかち愛【訪問看護】北海道千歳市幸町1丁目11番ドミトリィ雄飛1階", "url2": "https://www.kaigokensaku.mhlw.go.jp/01/index.php?action_kouhyou_detail_004_kani=true&JigyosyoCd=0161190061-00&ServiceCd=130&Type=search" }, "geometry": { "type": "Point", "coordinates": [ 141.645490480487069, 42.822595506613879 ] } },
{ "type": "Feature", "properties": { "内容": "訪問看護ステーションやさしい介護しののめ【訪問看護】北海道千歳市大和2丁目3-7", "url2": "https://www.kaigokensaku.mhlw.go.jp/01/index.php?action_kouhyou_detail_004_kani=true&JigyosyoCd=0161190095-00&ServiceCd=130&Type=search" }, "geometry": { "type": "Point", "coordinates": [ 141.631547794442753, 42.819088777051789 ] } },
{ "type": "Feature", "properties": { "内容": "訪問看護ステーション　くらしさ千歳【訪問看護】北海道千歳市本町5丁目1502-3メイライズ　A-2", "url2": "https://www.kaigokensaku.mhlw.go.jp/01/index.php?action_kouhyou_detail_004_kani=true&JigyosyoCd=0161190079-00&ServiceCd=130&Type=search" }, "geometry": { "type": "Point", "coordinates": [ 141.649859010277169, 42.816000541611402 ] } },
{ "type": "Feature", "properties": { "内容": "ゆうしんかん訪問看護ステーション【訪問看護】北海道千歳市みどり台北２丁目５番１５号", "url2": "https://www.kaigokensaku.mhlw.go.jp/01/index.php?action_kouhyou_detail_004_kani=true&JigyosyoCd=0171101124-00&ServiceCd=130&Type=search" }, "geometry": { "type": "Point", "coordinates": [ 141.613343390737924, 42.863205964886816 ] } },
{ "type": "Feature", "properties": { "内容": "訪問看護ステーションプレモ【訪問看護】北海道千歳市東雲町3丁目1-17", "url2": "https://www.kaigokensaku.mhlw.go.jp/01/index.php?action_kouhyou_detail_004_kani=true&JigyosyoCd=0171101066-00&ServiceCd=130&Type=search" }, "geometry": { "type": "Point", "coordinates": [ 141.652356830906712, 42.820821226426354 ] } },
{ "type": "Feature", "properties": { "内容": "訪問看護ステーション　ポライト【訪問看護】北海道千歳市あずさ5丁目2-13ピュアパレス２A棟１０２号室", "url2": "https://www.kaigokensaku.mhlw.go.jp/01/index.php?action_kouhyou_detail_004_kani=true&JigyosyoCd=0161190137-00&ServiceCd=130&Type=search" }, "geometry": { "type": "Point", "coordinates": [ 141.6475381, 42.8461253 ] } },
{ "type": "Feature", "properties": { "内容": "神部ペインクリニック・内科病院　訪問看護部ゆうゆう【訪問看護】滝川市栄町３丁目４番２７号", "url2": "https://www.kaigokensaku.mhlw.go.jp/01/index.php?action_kouhyou_detail_004_kani=true&JigyosyoCd=0117510446-00&ServiceCd=130&Type=search" }, "geometry": { "type": "Point", "coordinates": [ 141.905528900000036, 43.5574863 ] } },
{ "type": "Feature", "properties": { "内容": "医療法人社団えべおつふぁみりーくりにっく【訪問看護】北海道滝川市江部乙町東１２丁目1番１８号", "url2": "https://www.kaigokensaku.mhlw.go.jp/01/index.php?action_kouhyou_detail_004_kani=true&JigyosyoCd=0117510693-00&ServiceCd=130&Type=search" }, "geometry": { "type": "Point", "coordinates": [ 141.942455600000017, 43.6245978 ] } },
{ "type": "Feature", "properties": { "内容": "医療法人翔陽会　訪問看護ステーションこうよう【訪問看護】北海道滝川市西町1丁目3番13号", "url2": "https://www.kaigokensaku.mhlw.go.jp/01/index.php?action_kouhyou_detail_004_kani=true&JigyosyoCd=0167590058-00&ServiceCd=130&Type=search" }, "geometry": { "type": "Point", "coordinates": [ 141.903787100000045, 43.5622359 ] } },
{ "type": "Feature", "properties": { "内容": "滝川市立病院【訪問看護】滝川市大町２－２－３４", "url2": "https://www.kaigokensaku.mhlw.go.jp/01/index.php?action_kouhyou_detail_004_kani=true&JigyosyoCd=0117510016-00&ServiceCd=130&Type=search" }, "geometry": { "type": "Point", "coordinates": [ 141.91175039999996, 43.5588586 ] } },
{ "type": "Feature", "properties": { "内容": "一般社団法人北海道総合在宅ケア事業団　滝川地域訪問看護ステーション【訪問看護】北海道滝川市明神町１丁目3番1号NTT東日本滝川ビル２階", "url2": "https://www.kaigokensaku.mhlw.go.jp/01/index.php?action_kouhyou_detail_004_kani=true&JigyosyoCd=0167590017-00&ServiceCd=130&Type=search" }, "geometry": { "type": "Point", "coordinates": [ 141.908427610836753, 43.555913458493762 ] } },
{ "type": "Feature", "properties": { "内容": "一般社団法人北海道総合ケア事業団　砂川訪問看護ステ－ション【訪問看護】北海道砂川市西6条北5丁目1番15号", "url2": "https://www.kaigokensaku.mhlw.go.jp/01/index.php?action_kouhyou_detail_004_kani=true&JigyosyoCd=0167190016-00&ServiceCd=130&Type=search" }, "geometry": { "type": "Point", "coordinates": [ 141.904364699999974, 43.4967817 ] } },
{ "type": "Feature", "properties": { "内容": "砂川市立病院　訪問看護ステーションよつば【訪問看護】北海道砂川市西4条北3丁目1番1号砂川市立病院", "url2": "https://www.kaigokensaku.mhlw.go.jp/01/index.php?action_kouhyou_detail_004_kani=true&JigyosyoCd=0167190073-00&ServiceCd=130&Type=search" }, "geometry": { "type": "Point", "coordinates": [ 141.904737, 43.494576 ] } },
{ "type": "Feature", "properties": { "内容": "歌志内市立病院【訪問看護】北海道歌志内市字神威２６９番地", "url2": "https://www.kaigokensaku.mhlw.go.jp/01/index.php?action_kouhyou_detail_004_kani=true&JigyosyoCd=0117111203-00&ServiceCd=130&Type=search" }, "geometry": { "type": "Point", "coordinates": [ 142.024297599999954, 43.5107504 ] } },
{ "type": "Feature", "properties": { "内容": "勤医協うたしない訪問看護ステーション【訪問看護】北海道歌志内市字中村２６番地２", "url2": "https://www.kaigokensaku.mhlw.go.jp/01/index.php?action_kouhyou_detail_004_kani=true&JigyosyoCd=0167190081-00&ServiceCd=130&Type=search" }, "geometry": { "type": "Point", "coordinates": [ 142.004559199999989, 43.5018199 ] } },
{ "type": "Feature", "properties": { "内容": "訪問看護ステーションみんソラ【訪問看護】北海道深川市広里町2-3-2", "url2": "https://www.kaigokensaku.mhlw.go.jp/01/index.php?action_kouhyou_detail_004_kani=true&JigyosyoCd=0167490044-00&ServiceCd=130&Type=search" }, "geometry": { "type": "Point", "coordinates": [ 142.0520099, 43.708541 ] } },
{ "type": "Feature", "properties": { "内容": "一般社団法人北海道総合在宅ケア事業団　深川地域訪問看護ステーション【訪問看護】北海道深川市２条１７番３号健康福祉センター１階　デ・アイ", "url2": "https://www.kaigokensaku.mhlw.go.jp/01/index.php?action_kouhyou_detail_004_kani=true&JigyosyoCd=0167490010-00&ServiceCd=130&Type=search" }, "geometry": { "type": "Point", "coordinates": [ 142.053138100000069, 43.7234436 ] } },
{ "type": "Feature", "properties": { "内容": "深川市立病院訪問看護ステーションみのり【訪問看護】北海道深川市６条６番１号深川市立病院４階", "url2": "https://www.kaigokensaku.mhlw.go.jp/01/index.php?action_kouhyou_detail_004_kani=true&JigyosyoCd=0167490028-00&ServiceCd=130&Type=search" }, "geometry": { "type": "Point", "coordinates": [ 142.0403063, 43.7161052 ] } },
{ "type": "Feature", "properties": { "内容": "訪問看護ステーションいしずえ深川【訪問看護】北海道深川市３条１３番２１号", "url2": "https://www.kaigokensaku.mhlw.go.jp/01/index.php?action_kouhyou_detail_004_kani=true&JigyosyoCd=0167490036-00&ServiceCd=130&Type=search" }, "geometry": { "type": "Point", "coordinates": [ 142.0493395, 43.7211943 ] } },
{ "type": "Feature", "properties": { "内容": "老健ふらの訪問看護ステーション【訪問看護】北海道富良野市住吉町1番25号", "url2": "https://www.kaigokensaku.mhlw.go.jp/01/index.php?action_kouhyou_detail_004_kani=true&JigyosyoCd=0163090053-00&ServiceCd=130&Type=search" }, "geometry": { "type": "Point", "coordinates": [ 142.393518800000038, 43.3456785 ] } },
{ "type": "Feature", "properties": { "内容": "ふらの訪問看護ステーション青いとり【訪問看護】北海道富良野市桂木町2番７７号", "url2": "https://www.kaigokensaku.mhlw.go.jp/01/index.php?action_kouhyou_detail_004_kani=true&JigyosyoCd=0163090012-00&ServiceCd=130&Type=search" }, "geometry": { "type": "Point", "coordinates": [ 142.379178, 43.3504304 ] } },
{ "type": "Feature", "properties": { "内容": "一般社団法人北海道総合在宅ケア事業団　富良野地域訪問看護ステーション【訪問看護】北海道富良野市弥生町１番3号富良野市総合保健センター1階", "url2": "https://www.kaigokensaku.mhlw.go.jp/01/index.php?action_kouhyou_detail_004_kani=true&JigyosyoCd=0163090020-00&ServiceCd=130&Type=search" }, "geometry": { "type": "Point", "coordinates": [ 142.38137, 43.3429257 ] } },
{ "type": "Feature", "properties": { "内容": "みながわ往診クリニック【訪問看護】北海道登別市若山町4丁目40-5メープル・ペットワン101号室", "url2": "https://www.kaigokensaku.mhlw.go.jp/01/index.php?action_kouhyou_detail_004_kani=true&JigyosyoCd=0113513451-00&ServiceCd=130&Type=search" }, "geometry": { "type": "Point", "coordinates": [ 141.069734199999971, 42.3825175 ] } },
{ "type": "Feature", "properties": { "内容": "社会医療法人友愛会　訪問看護ステーション「あい」【訪問看護】北海道登別市鷲別町２丁目３２番地１", "url2": "https://www.kaigokensaku.mhlw.go.jp/01/index.php?action_kouhyou_detail_004_kani=true&JigyosyoCd=0163590250-00&ServiceCd=130&Type=search" }, "geometry": { "type": "Point", "coordinates": [ 141.047464964942918, 42.356949213022034 ] } },
{ "type": "Feature", "properties": { "内容": "指定訪問看護ステーション　あおい（愛桜）【訪問看護】北海道登別市登別東町３丁目１－２", "url2": "https://www.kaigokensaku.mhlw.go.jp/01/index.php?action_kouhyou_detail_004_kani=true&JigyosyoCd=0163590078-00&ServiceCd=130&Type=search" }, "geometry": { "type": "Point", "coordinates": [ 141.17809520000003, 42.454845 ] } },
{ "type": "Feature", "properties": { "内容": "一般社団法人北海道総合在宅ケア事業団　登別訪問看護ステーション【訪問看護】北海道登別市片倉町６丁目９－１登別市総合福祉センターしんた２１内", "url2": "https://www.kaigokensaku.mhlw.go.jp/01/index.php?action_kouhyou_detail_004_kani=true&JigyosyoCd=0163590045-00&ServiceCd=130&Type=search" }, "geometry": { "type": "Point", "coordinates": [ 141.084586, 42.4187728 ] } },
{ "type": "Feature", "properties": { "内容": "訪問看護ステーション　きずな【訪問看護】北海道登別市美園町3丁目28番地２", "url2": "https://www.kaigokensaku.mhlw.go.jp/01/index.php?action_kouhyou_detail_004_kani=true&JigyosyoCd=0163590185-00&ServiceCd=130&Type=search" }, "geometry": { "type": "Point", "coordinates": [ 141.041617500000029, 42.3655212 ] } },
{ "type": "Feature", "properties": { "内容": "独立行政法人地域医療機能推進機構登別病院附属訪問看護ステーション【訪問看護】北海道登別市登別東町３丁目１０番地２２", "url2": "https://www.kaigokensaku.mhlw.go.jp/01/index.php?action_kouhyou_detail_004_kani=true&JigyosyoCd=0163590177-00&ServiceCd=130&Type=search" }, "geometry": { "type": "Point", "coordinates": [ 141.147904299999936, 42.488516 ] } },
{ "type": "Feature", "properties": { "内容": "医療法人登別すずらん病院　訪問看護ステーションすずらん【訪問看護】北海道登別市青葉町34番地9", "url2": "https://www.kaigokensaku.mhlw.go.jp/01/index.php?action_kouhyou_detail_004_kani=true&JigyosyoCd=0163590235-00&ServiceCd=130&Type=search" }, "geometry": { "type": "Point", "coordinates": [ 141.0783797, 42.3936385 ] } },
{ "type": "Feature", "properties": { "内容": "訪問看護ステーション結【訪問看護】北海道恵庭市黄金中央1丁目13番1", "url2": "https://www.kaigokensaku.mhlw.go.jp/01/index.php?action_kouhyou_detail_004_kani=true&JigyosyoCd=0161290093-00&ServiceCd=130&Type=search" }, "geometry": { "type": "Point", "coordinates": [ 141.5878569, 42.8847096 ] } },
{ "type": "Feature", "properties": { "内容": "緩和ケアクリニック・恵庭　訪問看護ステーション【訪問看護】北海道恵庭市白樺町3丁目22番1号", "url2": "https://www.kaigokensaku.mhlw.go.jp/01/index.php?action_kouhyou_detail_004_kani=true&JigyosyoCd=0161290069-00&ServiceCd=130&Type=search" }, "geometry": { "type": "Point", "coordinates": [ 141.569044050279217, 42.863774923900237 ] } },
{ "type": "Feature", "properties": { "内容": "いちい訪問看護ステーションえにわ【訪問看護】北海道恵庭市有明町4丁目1番1号", "url2": "https://www.kaigokensaku.mhlw.go.jp/01/index.php?action_kouhyou_detail_004_kani=true&JigyosyoCd=0161290044-00&ServiceCd=130&Type=search" }, "geometry": { "type": "Point", "coordinates": [ 141.575439440212278, 42.890167977592554 ] } },
{ "type": "Feature", "properties": { "内容": "訪問看護ステーション恵庭すずらん【訪問看護】北海道恵庭市福住町１丁目６番６", "url2": "https://www.kaigokensaku.mhlw.go.jp/01/index.php?action_kouhyou_detail_004_kani=true&JigyosyoCd=0111211009-00&ServiceCd=130&Type=search" }, "geometry": { "type": "Point", "coordinates": [ 141.579289100000011, 42.8869656 ] } },
{ "type": "Feature", "properties": { "内容": "社会医療法人北晨会　恵み野訪問看護ステーション「はあと」【訪問看護】北海道恵庭市恵み野西2丁目3－10", "url2": "https://www.kaigokensaku.mhlw.go.jp/01/index.php?action_kouhyou_detail_004_kani=true&JigyosyoCd=0161290077-00&ServiceCd=130&Type=search" }, "geometry": { "type": "Point", "coordinates": [ 141.577506500000027, 42.9003237 ] } },
{ "type": "Feature", "properties": { "内容": "一般社団法人北海道総合在宅ケア事業団　恵庭訪問看護ステーション【訪問看護】北海道恵庭市恵み野北３丁目１番１号恵庭ＲＢパークセンタービル　W－２０9号", "url2": "https://www.kaigokensaku.mhlw.go.jp/01/index.php?action_kouhyou_detail_004_kani=true&JigyosyoCd=0161290010-00&ServiceCd=130&Type=search" }, "geometry": { "type": "Point", "coordinates": [ 141.580800299999964, 42.910502900000012 ] } },
{ "type": "Feature", "properties": { "内容": "訪問看護ステーションあさひ【訪問看護】北海道伊達市弄月町５７－１１", "url2": "https://www.kaigokensaku.mhlw.go.jp/01/index.php?action_kouhyou_detail_004_kani=true&JigyosyoCd=0163790116-00&ServiceCd=130&Type=search" }, "geometry": { "type": "Point", "coordinates": [ 140.8669033, 42.4671923 ] } },
{ "type": "Feature", "properties": { "内容": "みながわ往診クリニック【訪問看護】北海道伊達市舟岡町362-17", "url2": "https://www.kaigokensaku.mhlw.go.jp/01/index.php?action_kouhyou_detail_004_kani=true&JigyosyoCd=0113711709-00&ServiceCd=130&Type=search" }, "geometry": { "type": "Point", "coordinates": [ 140.8811378, 42.4557578 ] } },
{ "type": "Feature", "properties": { "内容": "社会医療法人慈恵会　訪問看護ステーション聖ヶ丘【訪問看護】北海道伊達市舟岡町214番地22聖ヶ丘病院内", "url2": "https://www.kaigokensaku.mhlw.go.jp/01/index.php?action_kouhyou_detail_004_kani=true&JigyosyoCd=0163790066-00&ServiceCd=130&Type=search" }, "geometry": { "type": "Point", "coordinates": [ 140.862851200000023, 42.4681817 ] } },
{ "type": "Feature", "properties": { "内容": "伊達赤十字訪問看護ステーション【訪問看護】北海道伊達市末永町81番地伊達赤十字病院内", "url2": "https://www.kaigokensaku.mhlw.go.jp/01/index.php?action_kouhyou_detail_004_kani=true&JigyosyoCd=0163790017-00&ServiceCd=130&Type=search" }, "geometry": { "type": "Point", "coordinates": [ 140.868985, 42.4744227 ] } },
{ "type": "Feature", "properties": { "内容": "Fビレッジ訪問看護ステーション【訪問看護】北広島市Fビレッジ21番地", "url2": "https://www.kaigokensaku.mhlw.go.jp/01/index.php?action_kouhyou_detail_004_kani=true&JigyosyoCd=0161390158-00&ServiceCd=130&Type=search" }, "geometry": { "type": "Point", "coordinates": [ 141.549772100000013, 42.9904013 ] } },
{ "type": "Feature", "properties": { "内容": "訪問看護ステーションささえるさん【訪問看護】北海道北広島市美沢1丁目2番地12", "url2": "https://www.kaigokensaku.mhlw.go.jp/01/index.php?action_kouhyou_detail_004_kani=true&JigyosyoCd=0161390117-00&ServiceCd=130&Type=search" }, "geometry": { "type": "Point", "coordinates": [ 141.560269400000038, 42.9849622 ] } },
{ "type": "Feature", "properties": { "内容": "訪問看護ステーションリエゾン【訪問看護】北海道北広島市輪厚704番地16エスポワール北広島内", "url2": "https://www.kaigokensaku.mhlw.go.jp/01/index.php?action_kouhyou_detail_004_kani=true&JigyosyoCd=0161390141-00&ServiceCd=130&Type=search" }, "geometry": { "type": "Point", "coordinates": [ 141.507956400000012, 42.9447058 ] } },
{ "type": "Feature", "properties": { "内容": "一般社団法人北海道総合在宅ケア事業団　北広島地域訪問看護ステーション【訪問看護】北海道北広島市中央３丁目３番地１しんこうビル２階", "url2": "https://www.kaigokensaku.mhlw.go.jp/01/index.php?action_kouhyou_detail_004_kani=true&JigyosyoCd=0161390018-00&ServiceCd=130&Type=search" }, "geometry": { "type": "Point", "coordinates": [ 141.563857884655818, 42.988095172143069 ] } },
{ "type": "Feature", "properties": { "内容": "訪問看護ステーションEはうす札幌【訪問看護】北海道北広島市西の里北１丁目１番地１８", "url2": "https://www.kaigokensaku.mhlw.go.jp/01/index.php?action_kouhyou_detail_004_kani=true&JigyosyoCd=0161390075-00&ServiceCd=130&Type=search" }, "geometry": { "type": "Point", "coordinates": [ 141.501816335400207, 43.015638945814977 ] } },
{ "type": "Feature", "properties": { "内容": "訪問看護ステーション　ひなた【訪問看護】北海道北広島市中央3丁目7-1第6ニューオータニビル　2階", "url2": "https://www.kaigokensaku.mhlw.go.jp/01/index.php?action_kouhyou_detail_004_kani=true&JigyosyoCd=0161390083-00&ServiceCd=130&Type=search" }, "geometry": { "type": "Point", "coordinates": [ 141.562915173680182, 42.986546631045265 ] } },
{ "type": "Feature", "properties": { "内容": "北広島訪問看護ステーション四恩園【訪問看護】北広島市緑陽町1丁目2番地", "url2": "https://www.kaigokensaku.mhlw.go.jp/01/index.php?action_kouhyou_detail_004_kani=true&JigyosyoCd=0161390042-00&ServiceCd=130&Type=search" }, "geometry": { "type": "Point", "coordinates": [ 141.542258113027998, 42.964317088795688 ] } },
{ "type": "Feature", "properties": { "内容": "プラトー訪問看護ステーション【訪問看護】北海道北広島市大曲末広2丁目1-13", "url2": "https://www.kaigokensaku.mhlw.go.jp/01/index.php?action_kouhyou_detail_004_kani=true&JigyosyoCd=0161390125-00&ServiceCd=130&Type=search" }, "geometry": { "type": "Point", "coordinates": [ 141.4825107, 42.9775709 ] } },
{ "type": "Feature", "properties": { "内容": "なごみ訪問看護【訪問看護】新富町東2丁目5番地19アベイユ203号室", "url2": "https://www.kaigokensaku.mhlw.go.jp/01/index.php?action_kouhyou_detail_004_kani=true&JigyosyoCd=0161390091-00&ServiceCd=130&Type=search" }, "geometry": { "type": "Point", "coordinates": [ 141.569699562276838, 42.970334385761078 ] } },
{ "type": "Feature", "properties": { "内容": "株式会社テト【訪問看護】北海道北広島市西の里北１丁目７番地１９ミレニアムハイツ２０３", "url2": "https://www.kaigokensaku.mhlw.go.jp/01/index.php?action_kouhyou_detail_004_kani=true&JigyosyoCd=0161390166-00&ServiceCd=130&Type=search" }, "geometry": { "type": "Point", "coordinates": [ 141.5004582, 43.0158218 ] } },
{ "type": "Feature", "properties": { "内容": "医療法人　喬成会　花川病院【訪問看護】北海道石狩市花川南７条５丁目２番地", "url2": "https://www.kaigokensaku.mhlw.go.jp/01/index.php?action_kouhyou_detail_004_kani=true&JigyosyoCd=0117610063-00&ServiceCd=130&Type=search" }, "geometry": { "type": "Point", "coordinates": [ 141.292921400000068, 43.140320600000017 ] } },
{ "type": "Feature", "properties": { "内容": "訪問看護ステーションなずな当別【訪問看護】北海道石狩郡当別町園生294番地51グランドハイツ当別１階", "url2": "https://www.kaigokensaku.mhlw.go.jp/01/index.php?action_kouhyou_detail_004_kani=true&JigyosyoCd=0161090303-00&ServiceCd=130&Type=search" }, "geometry": { "type": "Point", "coordinates": [ 141.515458099999989, 43.2211243 ] } },
{ "type": "Feature", "properties": { "内容": "訪問看護ステーションリハート【訪問看護】北海道石狩市花川南3条4丁目2192階", "url2": "https://www.kaigokensaku.mhlw.go.jp/01/index.php?action_kouhyou_detail_004_kani=true&JigyosyoCd=0167690122-00&ServiceCd=130&Type=search" }, "geometry": { "type": "Point", "coordinates": [ 141.3015139, 43.1476575 ] } },
{ "type": "Feature", "properties": { "内容": "つばさナーシングケア石狩【訪問看護】北海道石狩市花川南１条１丁目４ライフブロード花川202号室", "url2": "https://www.kaigokensaku.mhlw.go.jp/01/index.php?action_kouhyou_detail_004_kani=true&JigyosyoCd=0167690155-00&ServiceCd=130&Type=search" }, "geometry": { "type": "Point", "coordinates": [ 141.2972055, 43.158232 ] } },
{ "type": "Feature", "properties": { "内容": "訪問看護ステーション　ポプラ【訪問看護】北海道石狩市花川南7条4丁目376番地1サービス付き高齢者向け住宅　花ぴりか", "url2": "https://www.kaigokensaku.mhlw.go.jp/01/index.php?action_kouhyou_detail_004_kani=true&JigyosyoCd=0167690015-00&ServiceCd=130&Type=search" }, "geometry": { "type": "Point", "coordinates": [ 141.292407652206407, 43.140842765506306 ] } },
{ "type": "Feature", "properties": { "内容": "訪問看護ステーション幸惺館【訪問看護】北海道石狩市花川北７条１丁目１１番地", "url2": "https://www.kaigokensaku.mhlw.go.jp/01/index.php?action_kouhyou_detail_004_kani=true&JigyosyoCd=0167690072-00&ServiceCd=130&Type=search" }, "geometry": { "type": "Point", "coordinates": [ 141.317969192062378, 43.17179154933212 ] } },
{ "type": "Feature", "properties": { "内容": "訪問看護ステーションあいん【訪問看護】北海道石狩市花川北6条2丁目88番地", "url2": "https://www.kaigokensaku.mhlw.go.jp/01/index.php?action_kouhyou_detail_004_kani=true&JigyosyoCd=0167690106-00&ServiceCd=130&Type=search" }, "geometry": { "type": "Point", "coordinates": [ 141.318533699999989, 43.1707586 ] } },
{ "type": "Feature", "properties": { "内容": "訪問看護ステーションあるふぁ【訪問看護】北海道石狩市花川東2条3丁目28番地", "url2": "https://www.kaigokensaku.mhlw.go.jp/01/index.php?action_kouhyou_detail_004_kani=true&JigyosyoCd=0167690114-00&ServiceCd=130&Type=search" }, "geometry": { "type": "Point", "coordinates": [ 141.34002910000001, 43.1671587 ] } },
{ "type": "Feature", "properties": { "内容": "社会医療法人ピエタ会　訪問看護ステーションつなぐ【訪問看護】北海道石狩市花川北3条3丁目13番地1", "url2": "https://www.kaigokensaku.mhlw.go.jp/01/index.php?action_kouhyou_detail_004_kani=true&JigyosyoCd=0167690148-00&ServiceCd=130&Type=search" }, "geometry": { "type": "Point", "coordinates": [ 141.310473715344244, 43.162860546508909 ] } },
{ "type": "Feature", "properties": { "内容": "SIMNUS訪問看護ステーション【訪問看護】北海道石狩市花川南七条1丁目52-1", "url2": "https://www.kaigokensaku.mhlw.go.jp/01/index.php?action_kouhyou_detail_004_kani=true&JigyosyoCd=0167690130-00&ServiceCd=130&Type=search" }, "geometry": { "type": "Point", "coordinates": [ 141.283848503266682, 43.146127276208354 ] } },
{ "type": "Feature", "properties": { "内容": "訪問看護ステーションひなた【訪問看護】北海道北斗市七重浜8丁目26-3", "url2": "https://www.kaigokensaku.mhlw.go.jp/01/index.php?action_kouhyou_detail_004_kani=true&JigyosyoCd=0161590146-00&ServiceCd=130&Type=search" }, "geometry": { "type": "Point", "coordinates": [ 140.694224107770538, 41.822323360659546 ] } },
{ "type": "Feature", "properties": { "内容": "訪問看護ステーションやわらぎ【訪問看護】北海道北斗市追分5丁目3番13号", "url2": "https://www.kaigokensaku.mhlw.go.jp/01/index.php?action_kouhyou_detail_004_kani=true&JigyosyoCd=0151580040-00&ServiceCd=130&Type=search" }, "geometry": { "type": "Point", "coordinates": [ 140.695923, 41.829859 ] } },
{ "type": "Feature", "properties": { "内容": "訪問看護はなまる【訪問看護】北海道北斗市中央1丁目4番1号リージャストマンション101", "url2": "https://www.kaigokensaku.mhlw.go.jp/01/index.php?action_kouhyou_detail_004_kani=true&JigyosyoCd=0161590278-00&ServiceCd=130&Type=search" }, "geometry": { "type": "Point", "coordinates": [ 140.652986700000042, 41.822267900000014 ] } },
{ "type": "Feature", "properties": { "内容": "訪問看護ステーションほくと【訪問看護】北海道北斗市飯生1丁目13番29号", "url2": "https://www.kaigokensaku.mhlw.go.jp/01/index.php?action_kouhyou_detail_004_kani=true&JigyosyoCd=0161590161-00&ServiceCd=130&Type=search" }, "geometry": { "type": "Point", "coordinates": [ 140.647403541618786, 41.819240929768789 ] } },
{ "type": "Feature", "properties": { "内容": "訪問看護ステーションウィズ【訪問看護】北斗市七重浜８丁目３番３７号", "url2": "https://www.kaigokensaku.mhlw.go.jp/01/index.php?action_kouhyou_detail_004_kani=true&JigyosyoCd=0161590070-00&ServiceCd=130&Type=search" }, "geometry": { "type": "Point", "coordinates": [ 140.693285800000012, 41.8208227 ] } },
{ "type": "Feature", "properties": { "内容": "訪問看護ステーションさくら【訪問看護】北海道北斗市七重浜3丁目11番2号ヴェスナーⅠ205号室", "url2": "https://www.kaigokensaku.mhlw.go.jp/01/index.php?action_kouhyou_detail_004_kani=true&JigyosyoCd=0171502065-00&ServiceCd=130&Type=search" }, "geometry": { "type": "Point", "coordinates": [ 140.7099306, 41.8194316 ] } },
{ "type": "Feature", "properties": { "内容": "訪問看護ステーションあや【訪問看護】北斗市東浜1丁目10番12号ピュアコースト103号", "url2": "https://www.kaigokensaku.mhlw.go.jp/01/index.php?action_kouhyou_detail_004_kani=true&JigyosyoCd=0161590237-00&ServiceCd=130&Type=search" }, "geometry": { "type": "Point", "coordinates": [ 140.679335925250285, 41.822182879773557 ] } },
{ "type": "Feature", "properties": { "内容": "一般社団法人北海道総合在宅ケア事業団　当別訪問看護ステーション【訪問看護】北海道石狩郡当別町錦町55番地９ＪＲドーミー当別　１階", "url2": "https://www.kaigokensaku.mhlw.go.jp/01/index.php?action_kouhyou_detail_004_kani=true&JigyosyoCd=0161090063-00&ServiceCd=130&Type=search" }, "geometry": { "type": "Point", "coordinates": [ 141.513865201080307, 43.221865358191607 ] } },
{ "type": "Feature", "properties": { "内容": "勤医協訪問看護ステーションとうべつ【訪問看護】北海道石狩郡当別町末広118番地52勤医協当別在宅総合センター", "url2": "https://www.kaigokensaku.mhlw.go.jp/01/index.php?action_kouhyou_detail_004_kani=true&JigyosyoCd=0161090261-00&ServiceCd=130&Type=search" }, "geometry": { "type": "Point", "coordinates": [ 141.513496, 43.2178965 ] } },
{ "type": "Feature", "properties": { "内容": "木古内町国民健康保険病院【訪問看護】北海道上磯郡木古内町字本町710番地木古内町国民健康保険病院", "url2": "https://www.kaigokensaku.mhlw.go.jp/01/index.php?action_kouhyou_detail_004_kani=true&JigyosyoCd=0111513487-00&ServiceCd=130&Type=search" }, "geometry": { "type": "Point", "coordinates": [ 140.436318071302821, 41.674176047422435 ] } },
{ "type": "Feature", "properties": { "内容": "訪問看護ステーション小華苑【訪問看護】北海道亀田郡七飯町大川3丁目13番12号やわらぎ荘2号室", "url2": "https://www.kaigokensaku.mhlw.go.jp/01/index.php?action_kouhyou_detail_004_kani=true&JigyosyoCd=0161590120-00&ServiceCd=130&Type=search" }, "geometry": { "type": "Point", "coordinates": [ 140.72362929999997, 41.854645 ] } },
{ "type": "Feature", "properties": { "内容": "訪問看護ステーション　かがりの杜【訪問看護】北海道亀田郡七飯町鳴川４丁目４番１号", "url2": "https://www.kaigokensaku.mhlw.go.jp/01/index.php?action_kouhyou_detail_004_kani=true&JigyosyoCd=0161590112-00&ServiceCd=130&Type=search" }, "geometry": { "type": "Point", "coordinates": [ 140.700256530439788, 41.883830951201567 ] } },
{ "type": "Feature", "properties": { "内容": "訪問看護ステーションミュージック【訪問看護】北海道亀田郡七飯町大川3丁目21番8号", "url2": "https://www.kaigokensaku.mhlw.go.jp/01/index.php?action_kouhyou_detail_004_kani=true&JigyosyoCd=0161590252-00&ServiceCd=130&Type=search" }, "geometry": { "type": "Point", "coordinates": [ 140.7266912, 41.85667 ] } },
{ "type": "Feature", "properties": { "内容": "訪問看護ステーションりんごの樹【訪問看護】北海道亀田郡七飯町本町4丁目6番10号", "url2": "https://www.kaigokensaku.mhlw.go.jp/01/index.php?action_kouhyou_detail_004_kani=true&JigyosyoCd=0161590013-00&ServiceCd=130&Type=search" }, "geometry": { "type": "Point", "coordinates": [ 140.69014459999994, 41.8968527 ] } },
{ "type": "Feature", "properties": { "内容": "社会福祉法人函館厚生院　訪問看護ステーションなな心【訪問看護】北海道亀田郡七飯町本町7丁目657番地5", "url2": "https://www.kaigokensaku.mhlw.go.jp/01/index.php?action_kouhyou_detail_004_kani=true&JigyosyoCd=0161590187-00&ServiceCd=130&Type=search" }, "geometry": { "type": "Point", "coordinates": [ 140.694280299999946, 41.8957197 ] } },
{ "type": "Feature", "properties": { "内容": "訪問看護ステーション猫まる【訪問看護】北海道亀田郡七飯町大川1丁目-26", "url2": "https://www.kaigokensaku.mhlw.go.jp/01/index.php?action_kouhyou_detail_004_kani=true&JigyosyoCd=0161590260-00&ServiceCd=130&Type=search" }, "geometry": { "type": "Point", "coordinates": [ 140.72048110558498, 41.852923135837521 ] } },
{ "type": "Feature", "properties": { "内容": "訪問看護ステーション　リンドウ【訪問看護】北海道亀田郡七飯町本町3丁目4番16号", "url2": "https://www.kaigokensaku.mhlw.go.jp/01/index.php?action_kouhyou_detail_004_kani=true&JigyosyoCd=0161590245-00&ServiceCd=130&Type=search" }, "geometry": { "type": "Point", "coordinates": [ 140.692797399999989, 41.8901845 ] } },
{ "type": "Feature", "properties": { "内容": "訪問看護ステーションあんず【訪問看護】北海道茅部郡森町字上台町90番地1住宅型有料老人ホーム花音あんず201号室", "url2": "https://www.kaigokensaku.mhlw.go.jp/01/index.php?action_kouhyou_detail_004_kani=true&JigyosyoCd=0161590179-00&ServiceCd=130&Type=search" }, "geometry": { "type": "Point", "coordinates": [ 140.56869949999998, 42.105953 ] } },
{ "type": "Feature", "properties": { "内容": "青雲の森　訪問看護事業所【訪問看護】茅部郡森町字駒ケ岳352番地", "url2": "https://www.kaigokensaku.mhlw.go.jp/01/index.php?action_kouhyou_detail_004_kani=true&JigyosyoCd=0161590104-00&ServiceCd=130&Type=search" }, "geometry": { "type": "Point", "coordinates": [ 140.6321441, 42.0289409 ] } },
{ "type": "Feature", "properties": { "内容": "サムハラ訪問看護ステーション【訪問看護】北海道茅部郡森町字本町45-1", "url2": "https://www.kaigokensaku.mhlw.go.jp/01/index.php?action_kouhyou_detail_004_kani=true&JigyosyoCd=0161590203-00&ServiceCd=130&Type=search" }, "geometry": { "type": "Point", "coordinates": [ 140.5715212, 42.1089704 ] } },
{ "type": "Feature", "properties": { "内容": "リリーホームナーシング訪問看護ステーション【訪問看護】北海道二海郡八雲町富士見町167番地1", "url2": "https://www.kaigokensaku.mhlw.go.jp/01/index.php?action_kouhyou_detail_004_kani=true&JigyosyoCd=0161590211-00&ServiceCd=130&Type=search" }, "geometry": { "type": "Point", "coordinates": [ 140.277275032540928, 42.254694753232194 ] } },
{ "type": "Feature", "properties": { "内容": "八雲総合病院指定訪問看護事業所【訪問看護】北海道二海郡八雲町東雲町50番地", "url2": "https://www.kaigokensaku.mhlw.go.jp/01/index.php?action_kouhyou_detail_004_kani=true&JigyosyoCd=0111510707-00&ServiceCd=130&Type=search" }, "geometry": { "type": "Point", "coordinates": [ 140.2787032, 42.2532716 ] } },
{ "type": "Feature", "properties": { "内容": "一般社団法人北海道総合在宅ケア事業団　江差地域訪問看護ステーション【訪問看護】北海道桧山郡江差町字伏木戸町484道立江差病院　４F", "url2": "https://www.kaigokensaku.mhlw.go.jp/01/index.php?action_kouhyou_detail_004_kani=true&JigyosyoCd=0161690011-00&ServiceCd=130&Type=search" }, "geometry": { "type": "Point", "coordinates": [ 140.144796354962267, 41.913461613913348 ] } },
{ "type": "Feature", "properties": { "内容": "訪問看護ステーション　ノテ乙部【訪問看護】北海道爾志郡乙部町字緑町704-10", "url2": "https://www.kaigokensaku.mhlw.go.jp/01/index.php?action_kouhyou_detail_004_kani=true&JigyosyoCd=0161690060-00&ServiceCd=130&Type=search" }, "geometry": { "type": "Point", "coordinates": [ 140.140380199999981, 41.9688508 ] } },
{ "type": "Feature", "properties": { "内容": "乙部町国民健康保険病院【訪問看護】北海道爾志郡乙部町字緑町704番地1", "url2": "https://www.kaigokensaku.mhlw.go.jp/01/index.php?action_kouhyou_detail_004_kani=true&JigyosyoCd=0111610531-00&ServiceCd=130&Type=search" }, "geometry": { "type": "Point", "coordinates": [ 140.1403975, 41.9684088 ] } },
{ "type": "Feature", "properties": { "内容": "せたな町訪問看護ステーション【訪問看護】北海道久遠郡せたな町北檜山区北檜山378番地", "url2": "https://www.kaigokensaku.mhlw.go.jp/01/index.php?action_kouhyou_detail_004_kani=true&JigyosyoCd=0161790043-00&ServiceCd=130&Type=search" }, "geometry": { "type": "Point", "coordinates": [ 139.875504099999944, 42.4161896 ] } },
{ "type": "Feature", "properties": { "内容": "勤医協くろまつない訪問看護ステーション【訪問看護】北海道寿都郡黒松内町字黒松内306番地３号", "url2": "https://www.kaigokensaku.mhlw.go.jp/01/index.php?action_kouhyou_detail_004_kani=true&JigyosyoCd=0162190037-00&ServiceCd=130&Type=search" }, "geometry": { "type": "Point", "coordinates": [ 140.3099618, 42.6667089 ] } },
{ "type": "Feature", "properties": { "内容": "医療法人野の花　真狩村野の花診療所【訪問看護】北海道虻田郡真狩村字真狩17-1", "url2": "https://www.kaigokensaku.mhlw.go.jp/01/index.php?action_kouhyou_detail_004_kani=true&JigyosyoCd=0112210745-00&ServiceCd=130&Type=search" }, "geometry": { "type": "Point", "coordinates": [ 140.803777, 42.7663209 ] } },
{ "type": "Feature", "properties": { "内容": "ＪＡ北海道厚生連　ようてい訪問看護ステーション【訪問看護】北海道虻田郡倶知安町北４条東１丁目２番地ＪＡ北海道厚生連ニセコ羊蹄広域　倶知安厚生病院　内", "url2": "https://www.kaigokensaku.mhlw.go.jp/01/index.php?action_kouhyou_detail_004_kani=true&JigyosyoCd=0162290019-00&ServiceCd=130&Type=search" }, "geometry": { "type": "Point", "coordinates": [ 140.758697699999971, 42.9018294 ] } },
{ "type": "Feature", "properties": { "内容": "訪問看護ステーション岩内【訪問看護】岩内郡岩内町字野束６９番地の２６", "url2": "https://www.kaigokensaku.mhlw.go.jp/01/index.php?action_kouhyou_detail_004_kani=true&JigyosyoCd=0152380028-00&ServiceCd=130&Type=search" }, "geometry": { "type": "Point", "coordinates": [ 140.50992640000004, 42.9667642 ] } },
{ "type": "Feature", "properties": { "内容": "訪問看護ステーション「のぞみ」【訪問看護】北海道岩内郡岩内町字高台２０９番２", "url2": "https://www.kaigokensaku.mhlw.go.jp/01/index.php?action_kouhyou_detail_004_kani=true&JigyosyoCd=0162390033-00&ServiceCd=130&Type=search" }, "geometry": { "type": "Point", "coordinates": [ 140.517524699999967, 42.9786242 ] } },
{ "type": "Feature", "properties": { "内容": "勤医協よいち訪問看護ステーション【訪問看護】北海道余市郡余市町黒川町１２丁目４６番地", "url2": "https://www.kaigokensaku.mhlw.go.jp/01/index.php?action_kouhyou_detail_004_kani=true&JigyosyoCd=0162590061-00&ServiceCd=130&Type=search" }, "geometry": { "type": "Point", "coordinates": [ 140.798122199999966, 43.1869973 ] } },
{ "type": "Feature", "properties": { "内容": "医療法人やわらぎ　訪問看護ステーションマーガレット【訪問看護】北海道空知郡南幌町栄町１丁目１番２０号", "url2": "https://www.kaigokensaku.mhlw.go.jp/01/index.php?action_kouhyou_detail_004_kani=true&JigyosyoCd=0165890013-00&ServiceCd=130&Type=search" }, "geometry": { "type": "Point", "coordinates": [ 141.653604800000039, 43.0642545 ] } },
{ "type": "Feature", "properties": { "内容": "医療法人社団　慈佑会　方波見医院【訪問看護】北海道空知郡奈井江町字奈井江町１３３番地", "url2": "https://www.kaigokensaku.mhlw.go.jp/01/index.php?action_kouhyou_detail_004_kani=true&JigyosyoCd=0117112177-00&ServiceCd=130&Type=search" }, "geometry": { "type": "Point", "coordinates": [ 141.886832, 43.4235203 ] } },
{ "type": "Feature", "properties": { "内容": "奈井江町立国民健康保険病院【訪問看護】北海道空知郡奈井江町字奈井江12番地", "url2": "https://www.kaigokensaku.mhlw.go.jp/01/index.php?action_kouhyou_detail_004_kani=true&JigyosyoCd=0117111302-00&ServiceCd=130&Type=search" }, "geometry": { "type": "Point", "coordinates": [ 141.883891282247987, 43.426270321927454 ] } },
{ "type": "Feature", "properties": { "内容": "リハナース訪問看護ステーション【訪問看護】北海道空知郡上砂川町字鶉34番地12", "url2": "https://www.kaigokensaku.mhlw.go.jp/01/index.php?action_kouhyou_detail_004_kani=true&JigyosyoCd=0167190099-00&ServiceCd=130&Type=search" }, "geometry": { "type": "Point", "coordinates": [ 141.9575151, 43.478814 ] } },
{ "type": "Feature", "properties": { "内容": "国民健康保険由仁町立診療所【訪問看護】北海道夕張郡由仁町馬追１番地の１", "url2": "https://www.kaigokensaku.mhlw.go.jp/01/index.php?action_kouhyou_detail_004_kani=true&JigyosyoCd=0115810798-00&ServiceCd=130&Type=search" }, "geometry": { "type": "Point", "coordinates": [ 141.780277899999987, 43.0119731 ] } },
{ "type": "Feature", "properties": { "内容": "一般社団法人北海道総合在宅ケア事業団　長沼地域訪問看護ステーション【訪問看護】北海道夕張郡長沼町南町２丁目3番1号長沼町総合保健福祉センター内", "url2": "https://www.kaigokensaku.mhlw.go.jp/01/index.php?action_kouhyou_detail_004_kani=true&JigyosyoCd=0165890021-00&ServiceCd=130&Type=search" }, "geometry": { "type": "Point", "coordinates": [ 141.687785800000029, 43.005059 ] } },
{ "type": "Feature", "properties": { "内容": "栗山赤十字病院【訪問看護】北海道夕張郡栗山町朝日３丁目２番地", "url2": "https://www.kaigokensaku.mhlw.go.jp/01/index.php?action_kouhyou_detail_004_kani=true&JigyosyoCd=0115810012-00&ServiceCd=130&Type=search" }, "geometry": { "type": "Point", "coordinates": [ 141.7897994, 43.0593389 ] } },
{ "type": "Feature", "properties": { "内容": "花時計訪問看護ステーション【訪問看護】北海道上川郡東神楽町ひじり野南1条10丁目1番6号住宅型有料老人ホーム花時計", "url2": "https://www.kaigokensaku.mhlw.go.jp/01/index.php?action_kouhyou_detail_004_kani=true&JigyosyoCd=0163190069-00&ServiceCd=130&Type=search" }, "geometry": { "type": "Point", "coordinates": [ 142.40167, 43.7270757 ] } },
{ "type": "Feature", "properties": { "内容": "指定訪問看護事業所ひばり【訪問看護】北海道上川郡東神楽町北１条東2丁目11番5号住宅型有料老人ホームひばり", "url2": "https://www.kaigokensaku.mhlw.go.jp/01/index.php?action_kouhyou_detail_004_kani=true&JigyosyoCd=0163190051-00&ServiceCd=130&Type=search" }, "geometry": { "type": "Point", "coordinates": [ 142.458506762321718, 43.69710374134781 ] } },
{ "type": "Feature", "properties": { "内容": "だいだいの丘クリニック【訪問看護】北海道上川郡東神楽町521番7", "url2": "https://www.kaigokensaku.mhlw.go.jp/01/index.php?action_kouhyou_detail_004_kani=true&JigyosyoCd=0113111272-00&ServiceCd=130&Type=search" }, "geometry": { "type": "Point", "coordinates": [ 142.4520034, 43.6962368 ] } },
{ "type": "Feature", "properties": { "内容": "一般社団法人北海道総合在宅ケア事業団　当麻地域訪問看護ステーション【訪問看護】北海道上川郡当麻町6条西4丁目2番8号当麻町保健福祉センター", "url2": "https://www.kaigokensaku.mhlw.go.jp/01/index.php?action_kouhyou_detail_004_kani=true&JigyosyoCd=0163190028-00&ServiceCd=130&Type=search" }, "geometry": { "type": "Point", "coordinates": [ 142.53090229999998, 43.8329241 ] } },
{ "type": "Feature", "properties": { "内容": "訪問看護事業所　桜華【訪問看護】北海道上川郡東川町西町８丁目５番２３号", "url2": "https://www.kaigokensaku.mhlw.go.jp/01/index.php?action_kouhyou_detail_004_kani=true&JigyosyoCd=0173100660-00&ServiceCd=130&Type=search" }, "geometry": { "type": "Point", "coordinates": [ 142.48431549999998, 43.70829 ] } },
{ "type": "Feature", "properties": { "内容": "訪問看護ステーション　ゆう【訪問看護】北海道上川郡東川町北町４丁目９番２８号", "url2": "https://www.kaigokensaku.mhlw.go.jp/01/index.php?action_kouhyou_detail_004_kani=true&JigyosyoCd=0163190044-00&ServiceCd=130&Type=search" }, "geometry": { "type": "Point", "coordinates": [ 142.4998091, 43.7048123 ] } },
{ "type": "Feature", "properties": { "内容": "指定訪問看護事業所　恩送り【訪問看護】北海道上川郡東川町西6号北32", "url2": "https://www.kaigokensaku.mhlw.go.jp/01/index.php?action_kouhyou_detail_004_kani=true&JigyosyoCd=0173100645-00&ServiceCd=130&Type=search" }, "geometry": { "type": "Point", "coordinates": [ 142.518727, 43.7241943 ] } },
{ "type": "Feature", "properties": { "内容": "一般社団法人北海道総合在宅ケア事業団　美瑛訪問看護ステーション【訪問看護】北海道上川郡美瑛町南町1丁目２－４３美瑛町保健センター内", "url2": "https://www.kaigokensaku.mhlw.go.jp/01/index.php?action_kouhyou_detail_004_kani=true&JigyosyoCd=0163190036-00&ServiceCd=130&Type=search" }, "geometry": { "type": "Point", "coordinates": [ 142.466324500000042, 43.5864482 ] } },
{ "type": "Feature", "properties": { "内容": "一般社団法人北海道総合在宅ケア事業団　上富良野訪問看護ステーション【訪問看護】北海道空知郡上富良野町大町2丁目8番4号上富良野保健福祉総合センター　かみん", "url2": "https://www.kaigokensaku.mhlw.go.jp/01/index.php?action_kouhyou_detail_004_kani=true&JigyosyoCd=0163090038-00&ServiceCd=130&Type=search" }, "geometry": { "type": "Point", "coordinates": [ 142.4547748, 43.438166 ] } },
{ "type": "Feature", "properties": { "内容": "町立下川病院【訪問看護】北海道上川郡下川町西町３６番地", "url2": "https://www.kaigokensaku.mhlw.go.jp/01/index.php?action_kouhyou_detail_004_kani=true&JigyosyoCd=0113210314-00&ServiceCd=130&Type=search" }, "geometry": { "type": "Point", "coordinates": [ 142.6320733, 44.3042738 ] } },
{ "type": "Feature", "properties": { "内容": "ＪＡ北海道厚生連　美深地域訪問看護ステーション「きたいっしょ」【訪問看護】北海道中川郡美深町字東１条南３丁目３番地", "url2": "https://www.kaigokensaku.mhlw.go.jp/01/index.php?action_kouhyou_detail_004_kani=true&JigyosyoCd=0163290034-00&ServiceCd=130&Type=search" }, "geometry": { "type": "Point", "coordinates": [ 142.3484972, 44.4800068 ] } },
{ "type": "Feature", "properties": { "内容": "一般社団法人北海道総合在宅ケア事業団　羽幌地域訪問看護ステーション【訪問看護】北海道苫前郡羽幌町栄町110番地道立羽幌病院３階", "url2": "https://www.kaigokensaku.mhlw.go.jp/01/index.php?action_kouhyou_detail_004_kani=true&JigyosyoCd=0166490029-00&ServiceCd=130&Type=search" }, "geometry": { "type": "Point", "coordinates": [ 141.694608, 44.3543577 ] } },
{ "type": "Feature", "properties": { "内容": "猿払村国民健康保険病院【訪問看護】北海道宗谷郡猿払村鬼志別北町28番地", "url2": "https://www.kaigokensaku.mhlw.go.jp/01/index.php?action_kouhyou_detail_004_kani=true&JigyosyoCd=0116711201-00&ServiceCd=130&Type=search" }, "geometry": { "type": "Point", "coordinates": [ 142.11787804351647, 45.331924727916046 ] } },
{ "type": "Feature", "properties": { "内容": "猿払村訪問看護ステーション・猿払村介護予防訪問看護ステーション【訪問看護】北海道宗谷郡猿払村鬼志別南町243番地", "url2": "https://www.kaigokensaku.mhlw.go.jp/01/index.php?action_kouhyou_detail_004_kani=true&JigyosyoCd=0176711257-00&ServiceCd=130&Type=search" }, "geometry": { "type": "Point", "coordinates": [ 142.1126863, 45.3277915 ] } },
{ "type": "Feature", "properties": { "内容": "一般社団法人北海道総合在宅ケア事業団　枝幸訪問看護ステーション【訪問看護】北海道枝幸郡枝幸町北栄町１４７４番地１枝幸保健福祉センター4階", "url2": "https://www.kaigokensaku.mhlw.go.jp/01/index.php?action_kouhyou_detail_004_kani=true&JigyosyoCd=0166790063-00&ServiceCd=130&Type=search" }, "geometry": { "type": "Point", "coordinates": [ 142.575786, 44.9431491 ] } },
{ "type": "Feature", "properties": { "内容": "利尻島国民健康保険病院組合・訪問看護ステーションやすらぎ【訪問看護】北海道利尻郡利尻町沓形字緑町１１番地", "url2": "https://www.kaigokensaku.mhlw.go.jp/01/index.php?action_kouhyou_detail_004_kani=true&JigyosyoCd=0166790022-00&ServiceCd=130&Type=search" }, "geometry": { "type": "Point", "coordinates": [ 141.138749299999972, 45.186593400000014 ] } },
{ "type": "Feature", "properties": { "内容": "一般社団法人北海道総合在宅ケア事業団　美幌地域訪問看護ステーション【訪問看護】北海道網走郡美幌町字西1条北1丁目1番地１", "url2": "https://www.kaigokensaku.mhlw.go.jp/01/index.php?action_kouhyou_detail_004_kani=true&JigyosyoCd=0165290016-00&ServiceCd=130&Type=search" }, "geometry": { "type": "Point", "coordinates": [ 144.10194316720515, 43.823769460199458 ] } },
{ "type": "Feature", "properties": { "内容": "訪問看護ステーション美幌すずらん【訪問看護】北海道網走郡美幌町字仲町2丁目38番地の2老人保健施設アメニティ美幌", "url2": "https://www.kaigokensaku.mhlw.go.jp/01/index.php?action_kouhyou_detail_004_kani=true&JigyosyoCd=0165290024-00&ServiceCd=130&Type=search" }, "geometry": { "type": "Point", "coordinates": [ 144.10517470000002, 43.8326392 ] } },
{ "type": "Feature", "properties": { "内容": "津別病院【訪問看護】北海道網走郡津別町字幸町６１", "url2": "https://www.kaigokensaku.mhlw.go.jp/01/index.php?action_kouhyou_detail_004_kani=true&JigyosyoCd=0115210106-00&ServiceCd=130&Type=search" }, "geometry": { "type": "Point", "coordinates": [ 144.025032, 43.7059507 ] } },
{ "type": "Feature", "properties": { "内容": "一般社団法人北海道総合在宅ケア事業団　斜里地域訪問看護ステーション【訪問看護】北海道斜里郡斜里町青葉町40番地の2斜里町総合保健福祉センター　ぽると２１内", "url2": "https://www.kaigokensaku.mhlw.go.jp/01/index.php?action_kouhyou_detail_004_kani=true&JigyosyoCd=0165390022-00&ServiceCd=130&Type=search" }, "geometry": { "type": "Point", "coordinates": [ 144.662725099999989, 43.9049576 ] } },
{ "type": "Feature", "properties": { "内容": "小清水赤十字訪問看護ステーション【訪問看護】北海道斜里郡小清水町南町２丁目３番３号小清水赤十字病院", "url2": "https://www.kaigokensaku.mhlw.go.jp/01/index.php?action_kouhyou_detail_004_kani=true&JigyosyoCd=0165390048-00&ServiceCd=130&Type=search" }, "geometry": { "type": "Point", "coordinates": [ 144.460103500000059, 43.8558409 ] } },
{ "type": "Feature", "properties": { "内容": "遠軽地域訪問看護ステーションにじ【訪問看護】北海道紋別郡遠軽町大通北3丁目1-5JA北海道厚生連　遠軽厚生病院内", "url2": "https://www.kaigokensaku.mhlw.go.jp/01/index.php?action_kouhyou_detail_004_kani=true&JigyosyoCd=0165490012-00&ServiceCd=130&Type=search" }, "geometry": { "type": "Point", "coordinates": [ 143.52409784857781, 44.062572494149777 ] } },
{ "type": "Feature", "properties": { "内容": "訪問看護ステーションCONNECT【訪問看護】北海道紋別郡遠軽町大通南1丁目10-13井上貸店舗左側1階", "url2": "https://www.kaigokensaku.mhlw.go.jp/01/index.php?action_kouhyou_detail_004_kani=true&JigyosyoCd=0175400712-00&ServiceCd=130&Type=search" }, "geometry": { "type": "Point", "coordinates": [ 143.5216689, 44.0575229 ] } },
{ "type": "Feature", "properties": { "内容": "訪問看護ステーションそう【訪問看護】北海道虻田郡豊浦町字幸町87番地2", "url2": "https://www.kaigokensaku.mhlw.go.jp/01/index.php?action_kouhyou_detail_004_kani=true&JigyosyoCd=0163790090-00&ServiceCd=130&Type=search" }, "geometry": { "type": "Point", "coordinates": [ 140.708713644705199, 42.585489999820176 ] } },
{ "type": "Feature", "properties": { "内容": "一般社団法人北海道総合在宅ケア事業団　しらおい訪問看護ステーション【訪問看護】北海道白老郡白老町東町4丁目6番７号白老町総合保健福祉センター２階", "url2": "https://www.kaigokensaku.mhlw.go.jp/01/index.php?action_kouhyou_detail_004_kani=true&JigyosyoCd=0163690043-00&ServiceCd=130&Type=search" }, "geometry": { "type": "Point", "coordinates": [ 141.368212251192034, 42.555129428092044 ] } },
{ "type": "Feature", "properties": { "内容": "社会福祉法人北海道社会事業協会洞爺病院【訪問看護】北海道虻田郡洞爺湖町高砂町126番地", "url2": "https://www.kaigokensaku.mhlw.go.jp/01/index.php?action_kouhyou_detail_004_kani=true&JigyosyoCd=0113710123-00&ServiceCd=130&Type=search" }, "geometry": { "type": "Point", "coordinates": [ 140.774180600000022, 42.5508694 ] } },
{ "type": "Feature", "properties": { "内容": "洞爺協会病院訪問看護ステーションコスモス【訪問看護】北海道虻田郡洞爺湖町高砂町１２６番地", "url2": "https://www.kaigokensaku.mhlw.go.jp/01/index.php?action_kouhyou_detail_004_kani=true&JigyosyoCd=0163790108-00&ServiceCd=130&Type=search" }, "geometry": { "type": "Point", "coordinates": [ 140.7735198, 42.550157800000015 ] } },
{ "type": "Feature", "properties": { "内容": "早来医院【訪問看護】北海道勇払郡安平町早来大町148-1", "url2": "https://www.kaigokensaku.mhlw.go.jp/01/index.php?action_kouhyou_detail_004_kani=true&JigyosyoCd=0113612717-00&ServiceCd=130&Type=search" }, "geometry": { "type": "Point", "coordinates": [ 141.820869600000037, 42.766748 ] } },
{ "type": "Feature", "properties": { "内容": "むかわ町鵡川厚生病院【訪問看護】北海道勇払郡むかわ町美幸1丁目86", "url2": "https://www.kaigokensaku.mhlw.go.jp/01/index.php?action_kouhyou_detail_004_kani=true&JigyosyoCd=0113613723-00&ServiceCd=130&Type=search" }, "geometry": { "type": "Point", "coordinates": [ 141.923106100000041, 42.5764341 ] } },
{ "type": "Feature", "properties": { "内容": "まちのケアリハステーション【訪問看護】北海道勇払郡むかわ町美幸1丁目86-1むかわ町鵡川厚生病院内", "url2": "https://www.kaigokensaku.mhlw.go.jp/01/index.php?action_kouhyou_detail_004_kani=true&JigyosyoCd=0163690290-00&ServiceCd=130&Type=search" }, "geometry": { "type": "Point", "coordinates": [ 141.923786266934229, 42.576344126440759 ] } },
{ "type": "Feature", "properties": { "内容": "富川グロリアホーム訪問看護ステーション【訪問看護】北海道沙流郡日高町富川南4丁目2番49号", "url2": "https://www.kaigokensaku.mhlw.go.jp/01/index.php?action_kouhyou_detail_004_kani=true&JigyosyoCd=0173800863-00&ServiceCd=130&Type=search" }, "geometry": { "type": "Point", "coordinates": [ 142.022074500000031, 42.5165043 ] } },
{ "type": "Feature", "properties": { "内容": "勤医協厚賀診療所【訪問看護】北海道沙流郡日高町字厚賀町109番地", "url2": "https://www.kaigokensaku.mhlw.go.jp/01/index.php?action_kouhyou_detail_004_kani=true&JigyosyoCd=0113810238-00&ServiceCd=130&Type=search" }, "geometry": { "type": "Point", "coordinates": [ 142.223111499999959, 42.4253914 ] } },
{ "type": "Feature", "properties": { "内容": "勤医協浦河診療所【訪問看護】北海道浦河郡浦河町築地２丁目１－２", "url2": "https://www.kaigokensaku.mhlw.go.jp/01/index.php?action_kouhyou_detail_004_kani=true&JigyosyoCd=0113811319-00&ServiceCd=130&Type=search" }, "geometry": { "type": "Point", "coordinates": [ 142.767309299999965, 42.1699157 ] } },
{ "type": "Feature", "properties": { "内容": "エマオ訪問看護ステーション【訪問看護】北海道浦河郡浦河町ちのみ３丁目２番34号", "url2": "https://www.kaigokensaku.mhlw.go.jp/01/index.php?action_kouhyou_detail_004_kani=true&JigyosyoCd=0163890106-00&ServiceCd=130&Type=search" }, "geometry": { "type": "Point", "coordinates": [ 142.7923912, 42.1651703 ] } },
{ "type": "Feature", "properties": { "内容": "ルピナス訪問看護ステーション【訪問看護】北海道浦河郡浦河町字野深１番地の１サービス付き高齢者向け住宅ルピナス舘", "url2": "https://www.kaigokensaku.mhlw.go.jp/01/index.php?action_kouhyou_detail_004_kani=true&JigyosyoCd=0163890098-00&ServiceCd=130&Type=search" }, "geometry": { "type": "Point", "coordinates": [ 142.733742, 42.2441927 ] } },
{ "type": "Feature", "properties": { "内容": "訪問看護ステーション　マーラ【訪問看護】北海道浦河郡浦河町築地3丁目5番地21", "url2": "https://www.kaigokensaku.mhlw.go.jp/01/index.php?action_kouhyou_detail_004_kani=true&JigyosyoCd=0163890080-00&ServiceCd=130&Type=search" }, "geometry": { "type": "Point", "coordinates": [ 142.765936900000042, 42.1739291 ] } },
{ "type": "Feature", "properties": { "内容": "勤医協うらかわ訪問看護ステーション【訪問看護】北海道浦河郡浦河町築地２丁目１番２号", "url2": "https://www.kaigokensaku.mhlw.go.jp/01/index.php?action_kouhyou_detail_004_kani=true&JigyosyoCd=0163890114-00&ServiceCd=130&Type=search" }, "geometry": { "type": "Point", "coordinates": [ 142.767582899999979, 42.1697679 ] } },
{ "type": "Feature", "properties": { "内容": "浦河赤十字訪問看護ステーション【訪問看護】北海道浦河郡浦河町東町ちのみ１丁目２番１号", "url2": "https://www.kaigokensaku.mhlw.go.jp/01/index.php?action_kouhyou_detail_004_kani=true&JigyosyoCd=0163890031-00&ServiceCd=130&Type=search" }, "geometry": { "type": "Point", "coordinates": [ 142.788122299999941, 42.1594398 ] } },
{ "type": "Feature", "properties": { "内容": "医療法人徳洲会　日高徳洲会病院　訪問看護室【訪問看護】北海道日高郡新ひだか町静内こうせい町1丁目10番27号", "url2": "https://www.kaigokensaku.mhlw.go.jp/01/index.php?action_kouhyou_detail_004_kani=true&JigyosyoCd=0113811863-00&ServiceCd=130&Type=search" }, "geometry": { "type": "Point", "coordinates": [ 142.374516396616599, 42.344352120802817 ] } },
{ "type": "Feature", "properties": { "内容": "医療法人社団静愛会　山田クリニック【訪問看護】北海道日高郡新ひだか町静内旭町1丁目30番２７号", "url2": "https://www.kaigokensaku.mhlw.go.jp/01/index.php?action_kouhyou_detail_004_kani=true&JigyosyoCd=0113811525-00&ServiceCd=130&Type=search" }, "geometry": { "type": "Point", "coordinates": [ 142.376892699999985, 42.3440923 ] } },
{ "type": "Feature", "properties": { "内容": "医療法人　社団　静和会　石井病院　訪問看護ステーション【訪問看護】日高郡新ひだか町静内高砂町３丁目３番１号", "url2": "https://www.kaigokensaku.mhlw.go.jp/01/index.php?action_kouhyou_detail_004_kani=true&JigyosyoCd=0163890056-00&ServiceCd=130&Type=search" }, "geometry": { "type": "Point", "coordinates": [ 142.363973699999974, 42.3501552 ] } },
{ "type": "Feature", "properties": { "内容": "一般社団法人北海道総合在宅ケア事業団　新ひだか地域訪問看護ステーション【訪問看護】北海道日高郡新ひだか町静内緑町4丁目5番1号新ひだか町保健福祉センター1階", "url2": "https://www.kaigokensaku.mhlw.go.jp/01/index.php?action_kouhyou_detail_004_kani=true&JigyosyoCd=0163890023-00&ServiceCd=130&Type=search" }, "geometry": { "type": "Point", "coordinates": [ 142.374590399999988, 42.3388982 ] } },
{ "type": "Feature", "properties": { "内容": "新ひだか町立三石国民健康保険病院【訪問看護】北海道日高郡新ひだか町三石本町２１４番地", "url2": "https://www.kaigokensaku.mhlw.go.jp/01/index.php?action_kouhyou_detail_004_kani=true&JigyosyoCd=0113811152-00&ServiceCd=130&Type=search" }, "geometry": { "type": "Point", "coordinates": [ 142.561828600000013, 42.2482147 ] } },
{ "type": "Feature", "properties": { "内容": "音更宏明館病院訪問看護【訪問看護】北海道河東郡音更町木野大通東17丁目1番６", "url2": "https://www.kaigokensaku.mhlw.go.jp/01/index.php?action_kouhyou_detail_004_kani=true&JigyosyoCd=0114713324-00&ServiceCd=130&Type=search" }, "geometry": { "type": "Point", "coordinates": [ 143.208581400000014, 42.9712704 ] } },
{ "type": "Feature", "properties": { "内容": "在宅看護センター　ちせ訪問看護ステーション【訪問看護】北海道河東郡音更町共栄台東10丁目4‐14グリーンアベニューA101", "url2": "https://www.kaigokensaku.mhlw.go.jp/01/index.php?action_kouhyou_detail_004_kani=true&JigyosyoCd=0164790164-00&ServiceCd=130&Type=search" }, "geometry": { "type": "Point", "coordinates": [ 143.199315100000035, 42.9534345 ] } },
{ "type": "Feature", "properties": { "内容": "アニカケア音更【訪問看護】北海道河東郡音更町すずらん台仲町1丁目1-17", "url2": "https://www.kaigokensaku.mhlw.go.jp/01/index.php?action_kouhyou_detail_004_kani=true&JigyosyoCd=0164790214-00&ServiceCd=130&Type=search" }, "geometry": { "type": "Point", "coordinates": [ 143.186921500000011, 42.951605 ] } },
{ "type": "Feature", "properties": { "内容": "libra【訪問看護】北海道河東郡音更町南鈴蘭南二丁目6-4", "url2": "https://www.kaigokensaku.mhlw.go.jp/01/index.php?action_kouhyou_detail_004_kani=true&JigyosyoCd=0164790222-00&ServiceCd=130&Type=search" }, "geometry": { "type": "Point", "coordinates": [ 143.1978431, 42.9481608 ] } },
{ "type": "Feature", "properties": { "内容": "上士幌クリニック訪問看護【訪問看護】北海道河東郡上士幌町字上士幌東3線240-73上士幌クリニック", "url2": "https://www.kaigokensaku.mhlw.go.jp/01/index.php?action_kouhyou_detail_004_kani=true&JigyosyoCd=0114713373-00&ServiceCd=130&Type=search" }, "geometry": { "type": "Point", "coordinates": [ 143.2964771, 43.233376 ] } },
{ "type": "Feature", "properties": { "内容": "訪問看護ステーションかしわのもり【訪問看護】北海道河東郡鹿追町南町3丁目10-1", "url2": "https://www.kaigokensaku.mhlw.go.jp/01/index.php?action_kouhyou_detail_004_kani=true&JigyosyoCd=0164790131-00&ServiceCd=130&Type=search" }, "geometry": { "type": "Point", "coordinates": [ 142.989290713105788, 43.095373752312931 ] } },
{ "type": "Feature", "properties": { "内容": "鹿追町国民健康保険病院【訪問看護】北海道河東郡鹿追町東町１丁目３８番地", "url2": "https://www.kaigokensaku.mhlw.go.jp/01/index.php?action_kouhyou_detail_004_kani=true&JigyosyoCd=0114710452-00&ServiceCd=130&Type=search" }, "geometry": { "type": "Point", "coordinates": [ 142.989935205418391, 43.09909634133929 ] } },
{ "type": "Feature", "properties": { "内容": "清水赤十字病院【訪問看護】上川郡清水町南２条２丁目", "url2": "https://www.kaigokensaku.mhlw.go.jp/01/index.php?action_kouhyou_detail_004_kani=true&JigyosyoCd=0114710270-00&ServiceCd=130&Type=search" }, "geometry": { "type": "Point", "coordinates": [ 142.8827235, 43.0132698 ] } },
{ "type": "Feature", "properties": { "内容": "御影診療所　訪問看護【訪問看護】北海道上川郡清水町御影西2条3丁目13番地", "url2": "https://www.kaigokensaku.mhlw.go.jp/01/index.php?action_kouhyou_detail_004_kani=true&JigyosyoCd=0114713381-00&ServiceCd=130&Type=search" }, "geometry": { "type": "Point", "coordinates": [ 142.9358694, 42.9464876 ] } },
{ "type": "Feature", "properties": { "内容": "清水赤十字訪問看護ステーション【訪問看護】北海道上川郡清水町南2条西2丁目1番地アンリーハイツB-6", "url2": "https://www.kaigokensaku.mhlw.go.jp/01/index.php?action_kouhyou_detail_004_kani=true&JigyosyoCd=0164790198-00&ServiceCd=130&Type=search" }, "geometry": { "type": "Point", "coordinates": [ 142.879481199999987, 43.0102573 ] } },
{ "type": "Feature", "properties": { "内容": "訪問看護ステーションりらく【訪問看護】北海道河西郡芽室町東芽室南2線16-2", "url2": "https://www.kaigokensaku.mhlw.go.jp/01/index.php?action_kouhyou_detail_004_kani=true&JigyosyoCd=0164790156-00&ServiceCd=130&Type=search" }, "geometry": { "type": "Point", "coordinates": [ 143.093431099999947, 42.9133746 ] } },
{ "type": "Feature", "properties": { "内容": "公立芽室病院指定訪問看護ステーション【訪問看護】北海道河西郡芽室町東４条３丁目５番地", "url2": "https://www.kaigokensaku.mhlw.go.jp/01/index.php?action_kouhyou_detail_004_kani=true&JigyosyoCd=0174702027-00&ServiceCd=130&Type=search" }, "geometry": { "type": "Point", "coordinates": [ 143.0545985, 42.9130791 ] } },
{ "type": "Feature", "properties": { "内容": "大樹町立国民健康保険病院【訪問看護】北海道広尾郡大樹町暁町6番地2", "url2": "https://www.kaigokensaku.mhlw.go.jp/01/index.php?action_kouhyou_detail_004_kani=true&JigyosyoCd=0114711559-00&ServiceCd=130&Type=search" }, "geometry": { "type": "Point", "coordinates": [ 143.27976979999994, 42.4878884 ] } },
{ "type": "Feature", "properties": { "内容": "広尾町国民健康保険病院【訪問看護】北海道広尾郡広尾町公園通南4丁目1番地13", "url2": "https://www.kaigokensaku.mhlw.go.jp/01/index.php?action_kouhyou_detail_004_kani=true&JigyosyoCd=0114713415-00&ServiceCd=130&Type=search" }, "geometry": { "type": "Point", "coordinates": [ 143.3066655, 42.2990181 ] } },
{ "type": "Feature", "properties": { "内容": "十勝の杜病院【訪問看護】北海道中川郡幕別町字千住193-4", "url2": "https://www.kaigokensaku.mhlw.go.jp/01/index.php?action_kouhyou_detail_004_kani=true&JigyosyoCd=0114713043-00&ServiceCd=130&Type=search" }, "geometry": { "type": "Point", "coordinates": [ 143.271885099999963, 42.9162834 ] } },
{ "type": "Feature", "properties": { "内容": "十勝いけだ訪問看護ステーション【訪問看護】北海道中川郡池田町字西2条5丁目23番地1", "url2": "https://www.kaigokensaku.mhlw.go.jp/01/index.php?action_kouhyou_detail_004_kani=true&JigyosyoCd=0164790172-00&ServiceCd=130&Type=search" }, "geometry": { "type": "Point", "coordinates": [ 143.447094807409712, 42.925819998454486 ] } },
{ "type": "Feature", "properties": { "内容": "公益社団法人　地域医療振興協会　豊頃町立豊頃医院【訪問看護】北海道中川郡豊頃町茂岩栄町１０７番地１７", "url2": "https://www.kaigokensaku.mhlw.go.jp/01/index.php?action_kouhyou_detail_004_kani=true&JigyosyoCd=0114712391-00&ServiceCd=130&Type=search" }, "geometry": { "type": "Point", "coordinates": [ 143.513377600000013, 42.794448 ] } },
{ "type": "Feature", "properties": { "内容": "一般社団法人北海道総合在宅ケア事業団　本別地域訪問看護ステーション【訪問看護】北海道中川郡本別町西美里別6-15総合ケアセンター2階", "url2": "https://www.kaigokensaku.mhlw.go.jp/01/index.php?action_kouhyou_detail_004_kani=true&JigyosyoCd=0164790099-00&ServiceCd=130&Type=search" }, "geometry": { "type": "Point", "coordinates": [ 143.591266799999971, 43.1219694 ] } },
{ "type": "Feature", "properties": { "内容": "医療法人社団三意会　ホームケアクリニックあづま【訪問看護】北海道足寄郡足寄町南5条3丁目1番、2番", "url2": "https://www.kaigokensaku.mhlw.go.jp/01/index.php?action_kouhyou_detail_004_kani=true&JigyosyoCd=0114713225-00&ServiceCd=130&Type=search" }, "geometry": { "type": "Point", "coordinates": [ 143.5485807, 43.2392874 ] } },
{ "type": "Feature", "properties": { "内容": "一般社団法人北海道総合在宅ケア事業団　釧路町訪問看護ステーション【訪問看護】北海道釧路郡釧路町東陽大通西1丁目1番地1釧路町保健福祉センター2階", "url2": "https://www.kaigokensaku.mhlw.go.jp/01/index.php?action_kouhyou_detail_004_kani=true&JigyosyoCd=0164390049-00&ServiceCd=130&Type=search" }, "geometry": { "type": "Point", "coordinates": [ 144.435110200000054, 42.9971692 ] } },
{ "type": "Feature", "properties": { "内容": "訪問看護ステーション　らいふ【訪問看護】北海道釧路郡釧路町光和6丁目48番地", "url2": "https://www.kaigokensaku.mhlw.go.jp/01/index.php?action_kouhyou_detail_004_kani=true&JigyosyoCd=0164390080-00&ServiceCd=130&Type=search" }, "geometry": { "type": "Point", "coordinates": [ 144.402559412828026, 43.002250900230834 ] } },
{ "type": "Feature", "properties": { "内容": "一般社団法人北海道総合在宅ケア事業団　標茶地域訪問看護ステーション【訪問看護】北海道川上郡標茶町開運4丁目2番地　標茶町ふれあい交流センター内１F", "url2": "https://www.kaigokensaku.mhlw.go.jp/01/index.php?action_kouhyou_detail_004_kani=true&JigyosyoCd=0164390031-00&ServiceCd=130&Type=search" }, "geometry": { "type": "Point", "coordinates": [ 144.59746240000004, 43.2998738 ] } },
{ "type": "Feature", "properties": { "内容": "ＪＡ北海道厚生連　摩周厚生病院【訪問看護】川上郡弟子屈町泉２丁目３番１号", "url2": "https://www.kaigokensaku.mhlw.go.jp/01/index.php?action_kouhyou_detail_004_kani=true&JigyosyoCd=0114311418-00&ServiceCd=130&Type=search" }, "geometry": { "type": "Point", "coordinates": [ 144.463359500000024, 43.4815206 ] } },
{ "type": "Feature", "properties": { "内容": "一般社団法人北海道総合在宅ケア事業団　白糠訪問看護ステーション【訪問看護】北海道白糠郡白糠町東1条北7丁目5番地10", "url2": "https://www.kaigokensaku.mhlw.go.jp/01/index.php?action_kouhyou_detail_004_kani=true&JigyosyoCd=0164390056-00&ServiceCd=130&Type=search" }, "geometry": { "type": "Point", "coordinates": [ 144.071818300000018, 42.9653071 ] } },
{ "type": "Feature", "properties": { "内容": "別海町訪問看護ステーションやまびこ【訪問看護】北海道野付郡別海町別海西本町103番地3", "url2": "https://www.kaigokensaku.mhlw.go.jp/01/index.php?action_kouhyou_detail_004_kani=true&JigyosyoCd=0164290017-00&ServiceCd=130&Type=search" }, "geometry": { "type": "Point", "coordinates": [ 145.123079, 43.3908907 ] } },
{ "type": "Feature", "properties": { "内容": "医療法人　樹恵会　石田病院　指定訪問看護ステーションエヴァー・グリーン【訪問看護】北海道標津郡中標津町西４条北１丁目１番地1", "url2": "https://www.kaigokensaku.mhlw.go.jp/01/index.php?action_kouhyou_detail_004_kani=true&JigyosyoCd=0164290041-00&ServiceCd=130&Type=search" }, "geometry": { "type": "Point", "coordinates": [ 144.969314299999951, 43.5464849 ] } },
{ "type": "Feature", "properties": { "内容": "一般社団法人北海道総合在宅ケア事業団　中標津訪問看護ステーション【訪問看護】北海道標津郡中標津町西１０条南９丁目１番地４中標津町総合福祉センター「プラット内」", "url2": "https://www.kaigokensaku.mhlw.go.jp/01/index.php?action_kouhyou_detail_004_kani=true&JigyosyoCd=0164290025-00&ServiceCd=130&Type=search" }, "geometry": { "type": "Point", "coordinates": [ 144.97135543519596, 43.537158219679199 ] } },
{ "type": "Feature", "properties": { "内容": "標津町国民健康保険標津病院【訪問看護】北海道標津郡標津町北１条西５丁目６番１－１号", "url2": "https://www.kaigokensaku.mhlw.go.jp/01/index.php?action_kouhyou_detail_004_kani=true&JigyosyoCd=0114210784-00&ServiceCd=130&Type=search" }, "geometry": { "type": "Point", "coordinates": [ 145.120405600000026, 43.6596703 ] } }
]
}
