{
"type": "FeatureCollection",
"name": "geo_01_地域密着型通所介護",
"crs": { "type": "name", "properties": { "name": "urn:ogc:def:crs:OGC:1.3:CRS84" } },
"features": [
{ "type": "Feature", "properties": { "内容": "茶話本舗デイサービス中央【地域密着型通所介護】北海道札幌市中央区北４条西２１丁目１－２１", "url2": "https://www.kaigokensaku.mhlw.go.jp/01/index.php?action_kouhyou_detail_004_kani=true&JigyosyoCd=0170102230-00&ServiceCd=780&Type=search" }, "geometry": { "type": "Point", "coordinates": [ 141.323290199999974, 43.0621893 ] } },
{ "type": "Feature", "properties": { "内容": "ファミリーサポート　千【地域密着型通所介護】北海道札幌市中央区南20条西9丁目2-2", "url2": "https://www.kaigokensaku.mhlw.go.jp/01/index.php?action_kouhyou_detail_004_kani=true&JigyosyoCd=0190101113-00&ServiceCd=780&Type=search" }, "geometry": { "type": "Point", "coordinates": [ 141.3478958, 43.0327451 ] } },
{ "type": "Feature", "properties": { "内容": "デイサービス我が家　山鼻の家【地域密着型通所介護】北海道札幌市中央区南７条西７丁目４－５ラフィリア札幌　１F", "url2": "https://www.kaigokensaku.mhlw.go.jp/01/index.php?action_kouhyou_detail_004_kani=true&JigyosyoCd=0170103428-00&ServiceCd=780&Type=search" }, "geometry": { "type": "Point", "coordinates": [ 141.346751251959205, 43.051249451322931 ] } },
{ "type": "Feature", "properties": { "内容": "デイサービス我が家円山公園【地域密着型通所介護】北海道札幌市中央区南3条西24丁目3-22", "url2": "https://www.kaigokensaku.mhlw.go.jp/01/index.php?action_kouhyou_detail_004_kani=true&JigyosyoCd=0170510507-00&ServiceCd=780&Type=search" }, "geometry": { "type": "Point", "coordinates": [ 141.321306094527216, 43.05384923292759 ] } },
{ "type": "Feature", "properties": { "内容": "旭ヶ丘デイサービスセンターいろり【地域密着型通所介護】北海道札幌市中央区南１１条西２３丁目３番１号", "url2": "https://www.kaigokensaku.mhlw.go.jp/01/index.php?action_kouhyou_detail_004_kani=true&JigyosyoCd=0190101030-00&ServiceCd=780&Type=search" }, "geometry": { "type": "Point", "coordinates": [ 141.3218703, 43.0409278 ] } },
{ "type": "Feature", "properties": { "内容": "リハビリ＆コンディショニングセンターZERO【地域密着型通所介護】札幌市中央区円山西町８丁目1-27", "url2": "https://www.kaigokensaku.mhlw.go.jp/01/index.php?action_kouhyou_detail_004_kani=true&JigyosyoCd=0190100487-00&ServiceCd=780&Type=search" }, "geometry": { "type": "Point", "coordinates": [ 141.306373500000063, 43.043677 ] } },
{ "type": "Feature", "properties": { "内容": "リハビリ型デイサービスゆず【地域密着型通所介護】北八条西24-2-3日新ビル1階", "url2": "https://www.kaigokensaku.mhlw.go.jp/01/index.php?action_kouhyou_detail_004_kani=true&JigyosyoCd=0190101071-00&ServiceCd=780&Type=search" }, "geometry": { "type": "Point", "coordinates": [ 141.318154604247098, 43.066000005005968 ] } },
{ "type": "Feature", "properties": { "内容": "総合機能訓練対応デイサービススリースマイル【地域密着型通所介護】札幌市中央区南11条西17丁目2-30", "url2": "https://www.kaigokensaku.mhlw.go.jp/01/index.php?action_kouhyou_detail_004_kani=true&JigyosyoCd=0170103592-00&ServiceCd=780&Type=search" }, "geometry": { "type": "Point", "coordinates": [ 141.3314878, 43.0441528 ] } },
{ "type": "Feature", "properties": { "内容": "デイサロンアリアーヌ宮の森【地域密着型通所介護】宮の森４条１０丁目３－１８", "url2": "https://www.kaigokensaku.mhlw.go.jp/01/index.php?action_kouhyou_detail_004_kani=true&JigyosyoCd=0190101162-00&ServiceCd=780&Type=search" }, "geometry": { "type": "Point", "coordinates": [ 141.29877890000003, 43.059718366358375 ] } },
{ "type": "Feature", "properties": { "内容": "デイサービス結笑【地域密着型通所介護】北海道札幌市中央区南6条西14丁目2-3", "url2": "https://www.kaigokensaku.mhlw.go.jp/01/index.php?action_kouhyou_detail_004_kani=true&JigyosyoCd=0170103022-00&ServiceCd=780&Type=search" }, "geometry": { "type": "Point", "coordinates": [ 141.336703599999964, 43.0511383 ] } },
{ "type": "Feature", "properties": { "内容": "リハニック山鼻【地域密着型通所介護】北海道札幌市中央区南18条西12丁目４－１２朝日ケアホーム山鼻", "url2": "https://www.kaigokensaku.mhlw.go.jp/01/index.php?action_kouhyou_detail_004_kani=true&JigyosyoCd=0190100602-00&ServiceCd=780&Type=search" }, "geometry": { "type": "Point", "coordinates": [ 141.342434599999933, 43.0348376 ] } },
{ "type": "Feature", "properties": { "内容": "GENKINEXT札幌桑園【地域密着型通所介護】北海道札幌市中央区北5条西17丁目4-8ノースファインN5　１階", "url2": "https://www.kaigokensaku.mhlw.go.jp/01/index.php?action_kouhyou_detail_004_kani=true&JigyosyoCd=0170102305-00&ServiceCd=780&Type=search" }, "geometry": { "type": "Point", "coordinates": [ 141.329750500000046, 43.0648438 ] } },
{ "type": "Feature", "properties": { "内容": "あったかい湯札幌【地域密着型通所介護】北海道札幌市中央区南１０条西６丁目6-13第７大岡ビル１階", "url2": "https://www.kaigokensaku.mhlw.go.jp/01/index.php?action_kouhyou_detail_004_kani=true&JigyosyoCd=0170102966-00&ServiceCd=780&Type=search" }, "geometry": { "type": "Point", "coordinates": [ 141.350683099999969, 43.0470836 ] } },
{ "type": "Feature", "properties": { "内容": "株式会社博友会　南札幌デイサービスセンター【地域密着型通所介護】北海道札幌市中央区南１条東５丁目１番地博友会館", "url2": "https://www.kaigokensaku.mhlw.go.jp/01/index.php?action_kouhyou_detail_004_kani=true&JigyosyoCd=0170102255-00&ServiceCd=780&Type=search" }, "geometry": { "type": "Point", "coordinates": [ 141.364278499999955, 43.0609045 ] } },
{ "type": "Feature", "properties": { "内容": "デイサービス小春【地域密着型通所介護】北海道札幌市中央区旭ヶ丘2丁目3-40", "url2": "https://www.kaigokensaku.mhlw.go.jp/01/index.php?action_kouhyou_detail_004_kani=true&JigyosyoCd=0170103410-00&ServiceCd=780&Type=search" }, "geometry": { "type": "Point", "coordinates": [ 141.321992498272579, 43.04015967837968 ] } },
{ "type": "Feature", "properties": { "内容": "脳神経リハビリ　リハプロSOP【地域密着型通所介護】北海道札幌市中央区南1条西13丁目4-52マーシャルウエストビル　4号室", "url2": "https://www.kaigokensaku.mhlw.go.jp/01/index.php?action_kouhyou_detail_004_kani=true&JigyosyoCd=0190100784-00&ServiceCd=780&Type=search" }, "geometry": { "type": "Point", "coordinates": [ 141.337130900000034, 43.0571042 ] } },
{ "type": "Feature", "properties": { "内容": "リハビリ重視型デイサービス　リハプロSOP【地域密着型通所介護】北海道札幌市中央区北11条西20丁目2-3", "url2": "https://www.kaigokensaku.mhlw.go.jp/01/index.php?action_kouhyou_detail_004_kani=true&JigyosyoCd=0190100560-00&ServiceCd=780&Type=search" }, "geometry": { "type": "Point", "coordinates": [ 141.323235597122874, 43.070928872369656 ] } },
{ "type": "Feature", "properties": { "内容": "ファミリーケアサポートリハビリテーション颯札幌桑園【地域密着型通所介護】札幌市中央区北7条西11丁目4-2ミヤコビル1F", "url2": "https://www.kaigokensaku.mhlw.go.jp/01/index.php?action_kouhyou_detail_004_kani=true&JigyosyoCd=0190100842-00&ServiceCd=780&Type=search" }, "geometry": { "type": "Point", "coordinates": [ 141.338146199999983, 43.0675883 ] } },
{ "type": "Feature", "properties": { "内容": "シャルウィ【地域密着型通所介護】南7条西9丁目1024-42札幌舘ビル2階", "url2": "https://www.kaigokensaku.mhlw.go.jp/01/index.php?action_kouhyou_detail_004_kani=true&JigyosyoCd=0190101048-00&ServiceCd=780&Type=search" }, "geometry": { "type": "Point", "coordinates": [ 141.346013699999986, 43.0515227 ] } },
{ "type": "Feature", "properties": { "内容": "GENKINEXT札幌山鼻【地域密着型通所介護】北海道札幌市中央区南19条西15丁目1-1金亀ビル1F", "url2": "https://www.kaigokensaku.mhlw.go.jp/01/index.php?action_kouhyou_detail_004_kani=true&JigyosyoCd=0170103485-00&ServiceCd=780&Type=search" }, "geometry": { "type": "Point", "coordinates": [ 141.337015699999938, 43.034143100000016 ] } },
{ "type": "Feature", "properties": { "内容": "スマリハ札幌中央【地域密着型通所介護】北海道札幌市中央区南10条西14丁目1-51階", "url2": "https://www.kaigokensaku.mhlw.go.jp/01/index.php?action_kouhyou_detail_004_kani=true&JigyosyoCd=0190100677-00&ServiceCd=780&Type=search" }, "geometry": { "type": "Point", "coordinates": [ 141.337230099999942, 43.046592 ] } },
{ "type": "Feature", "properties": { "内容": "通所介護デイサービス夢家族【地域密着型通所介護】北海道札幌市北区新川西４条４丁目１０番１０号", "url2": "https://www.kaigokensaku.mhlw.go.jp/01/index.php?action_kouhyou_detail_004_kani=true&JigyosyoCd=0170207500-00&ServiceCd=780&Type=search" }, "geometry": { "type": "Point", "coordinates": [ 141.282014900000036, 43.129066 ] } },
{ "type": "Feature", "properties": { "内容": "デイサービスセンターこころね【地域密着型通所介護】北海道札幌市北区北11条西4丁目2-21ＬＥＥ　Ｎ11ビル3Ｆ", "url2": "https://www.kaigokensaku.mhlw.go.jp/01/index.php?action_kouhyou_detail_004_kani=true&JigyosyoCd=0170207450-00&ServiceCd=780&Type=search" }, "geometry": { "type": "Point", "coordinates": [ 141.347764500000039, 43.0745047 ] } },
{ "type": "Feature", "properties": { "内容": "新琴似リハビリセンターぶどうの枝【地域密着型通所介護】北海道札幌市北区新琴似5条7丁目1-20丸不二ビル1階", "url2": "https://www.kaigokensaku.mhlw.go.jp/01/index.php?action_kouhyou_detail_004_kani=true&JigyosyoCd=0170206114-00&ServiceCd=780&Type=search" }, "geometry": { "type": "Point", "coordinates": [ 141.3220126, 43.1119385 ] } },
{ "type": "Feature", "properties": { "内容": "デイサービスねがい【地域密着型通所介護】北海道札幌市北区新川４条１９丁目３－１１", "url2": "https://www.kaigokensaku.mhlw.go.jp/01/index.php?action_kouhyou_detail_004_kani=true&JigyosyoCd=0170204556-00&ServiceCd=780&Type=search" }, "geometry": { "type": "Point", "coordinates": [ 141.291059200000063, 43.1175506 ] } },
{ "type": "Feature", "properties": { "内容": "ディサービスセンター　　花あかり【地域密着型通所介護】北海道札幌市北区北23条西3丁目1-5楽明館", "url2": "https://www.kaigokensaku.mhlw.go.jp/01/index.php?action_kouhyou_detail_004_kani=true&JigyosyoCd=0190201699-00&ServiceCd=780&Type=search" }, "geometry": { "type": "Point", "coordinates": [ 141.3459489, 43.0891028 ] } },
{ "type": "Feature", "properties": { "内容": "デイサ－ビスきさらぎ【地域密着型通所介護】北海道札幌市北区東茨戸２条１丁目１５番７０号", "url2": "https://www.kaigokensaku.mhlw.go.jp/01/index.php?action_kouhyou_detail_004_kani=true&JigyosyoCd=0190201186-00&ServiceCd=780&Type=search" }, "geometry": { "type": "Point", "coordinates": [ 141.355628517196664, 43.166728600986112 ] } },
{ "type": "Feature", "properties": { "内容": "あさみデイサービス【地域密着型通所介護】北海道札幌市北区新川5条2丁目6番2号", "url2": "https://www.kaigokensaku.mhlw.go.jp/01/index.php?action_kouhyou_detail_004_kani=true&JigyosyoCd=0190201541-00&ServiceCd=780&Type=search" }, "geometry": { "type": "Point", "coordinates": [ 141.325062, 43.100837016842277 ] } },
{ "type": "Feature", "properties": { "内容": "優翔館デイサービスセンター【地域密着型通所介護】北海道札幌市北区東茨戸2条2丁目7番30号", "url2": "https://www.kaigokensaku.mhlw.go.jp/01/index.php?action_kouhyou_detail_004_kani=true&JigyosyoCd=0190201400-00&ServiceCd=780&Type=search" }, "geometry": { "type": "Point", "coordinates": [ 141.357800399999974, 43.1652271 ] } },
{ "type": "Feature", "properties": { "内容": "デイサービスセンター凪【地域密着型通所介護】北海道札幌市北区屯田9条5丁目2-1ツインズR　T1", "url2": "https://www.kaigokensaku.mhlw.go.jp/01/index.php?action_kouhyou_detail_004_kani=true&JigyosyoCd=0190202143-00&ServiceCd=780&Type=search" }, "geometry": { "type": "Point", "coordinates": [ 141.335764399999988, 43.1417556 ] } },
{ "type": "Feature", "properties": { "内容": "さっぽろ北デイサービスセンター【地域密着型通所介護】北海道札幌市北区屯田8条9丁目3－7ヴェラスクオーレ札幌北", "url2": "https://www.kaigokensaku.mhlw.go.jp/01/index.php?action_kouhyou_detail_004_kani=true&JigyosyoCd=0170207385-00&ServiceCd=780&Type=search" }, "geometry": { "type": "Point", "coordinates": [ 141.3240384, 43.1419889 ] } },
{ "type": "Feature", "properties": { "内容": "デイサービスセンターALLUREⅡ【地域密着型通所介護】北海道札幌市北区北28条西12丁目4-13", "url2": "https://www.kaigokensaku.mhlw.go.jp/01/index.php?action_kouhyou_detail_004_kani=true&JigyosyoCd=0190201590-00&ServiceCd=780&Type=search" }, "geometry": { "type": "Point", "coordinates": [ 141.330259399999932, 43.0962309 ] } },
{ "type": "Feature", "properties": { "内容": "デイサービス花水木【地域密着型通所介護】北海道札幌市北区新川７条１６丁目７０９ー６ナーシングケアホーム　はなみずき", "url2": "https://www.kaigokensaku.mhlw.go.jp/01/index.php?action_kouhyou_detail_004_kani=true&JigyosyoCd=0190202051-00&ServiceCd=780&Type=search" }, "geometry": { "type": "Point", "coordinates": [ 141.300623, 43.119168 ] } },
{ "type": "Feature", "properties": { "内容": "デイサービス　マツリカ【地域密着型通所介護】北海道札幌市北区新川３条１１丁目１－８", "url2": "https://www.kaigokensaku.mhlw.go.jp/01/index.php?action_kouhyou_detail_004_kani=true&JigyosyoCd=0170206106-00&ServiceCd=780&Type=search" }, "geometry": { "type": "Point", "coordinates": [ 141.305688255155928, 43.10608725908655 ] } },
{ "type": "Feature", "properties": { "内容": "デイサービス　マツリカ第2【地域密着型通所介護】北海道札幌市北区新川3条11丁目1番5号", "url2": "https://www.kaigokensaku.mhlw.go.jp/01/index.php?action_kouhyou_detail_004_kani=true&JigyosyoCd=0170207344-00&ServiceCd=780&Type=search" }, "geometry": { "type": "Point", "coordinates": [ 141.3060752, 43.1059248 ] } },
{ "type": "Feature", "properties": { "内容": "あいしてぃデイサービスセンター【地域密着型通所介護】札幌市北区篠路７条７丁目４番５号", "url2": "https://www.kaigokensaku.mhlw.go.jp/01/index.php?action_kouhyou_detail_004_kani=true&JigyosyoCd=0190202093-00&ServiceCd=780&Type=search" }, "geometry": { "type": "Point", "coordinates": [ 141.3694074, 43.1504939 ] } },
{ "type": "Feature", "properties": { "内容": "デイサービスセンターらいふてらす篠路2条【地域密着型通所介護】北海道札幌市北区篠路2条7丁目5-22", "url2": "https://www.kaigokensaku.mhlw.go.jp/01/index.php?action_kouhyou_detail_004_kani=true&JigyosyoCd=0170207104-00&ServiceCd=780&Type=search" }, "geometry": { "type": "Point", "coordinates": [ 141.364551099999971, 43.1425966 ] } },
{ "type": "Feature", "properties": { "内容": "デイサービスセンターリーフィール新川【地域密着型通所介護】北海道札幌市北区新川５条１丁目１番２０号", "url2": "https://www.kaigokensaku.mhlw.go.jp/01/index.php?action_kouhyou_detail_004_kani=true&JigyosyoCd=0190202226-00&ServiceCd=780&Type=search" }, "geometry": { "type": "Point", "coordinates": [ 141.3253896, 43.099105 ] } },
{ "type": "Feature", "properties": { "内容": "りひとデイサービスセンター幸寿【地域密着型通所介護】札幌市北区新琴似5条14丁目9-14", "url2": "https://www.kaigokensaku.mhlw.go.jp/01/index.php?action_kouhyou_detail_004_kani=true&JigyosyoCd=0170206841-00&ServiceCd=780&Type=search" }, "geometry": { "type": "Point", "coordinates": [ 141.309587077662655, 43.120036409293938 ] } },
{ "type": "Feature", "properties": { "内容": "ディ・サービス　ゆい【地域密着型通所介護】北海道札幌市北区新琴似1条3丁目１－１６", "url2": "https://www.kaigokensaku.mhlw.go.jp/01/index.php?action_kouhyou_detail_004_kani=true&JigyosyoCd=0190201178-00&ServiceCd=780&Type=search" }, "geometry": { "type": "Point", "coordinates": [ 141.3218544, 43.1040342 ] } },
{ "type": "Feature", "properties": { "内容": "ペルメールケア拓北【地域密着型通所介護】北海道札幌市北区拓北2条4丁目1番1号", "url2": "https://www.kaigokensaku.mhlw.go.jp/01/index.php?action_kouhyou_detail_004_kani=true&JigyosyoCd=0190202465-00&ServiceCd=780&Type=search" }, "geometry": { "type": "Point", "coordinates": [ 141.3824452, 43.1485262 ] } },
{ "type": "Feature", "properties": { "内容": "勤医協デイサービス大笑【地域密着型通所介護】北海道札幌市北区北32条西8丁目1番1号", "url2": "https://www.kaigokensaku.mhlw.go.jp/01/index.php?action_kouhyou_detail_004_kani=true&JigyosyoCd=0190202416-00&ServiceCd=780&Type=search" }, "geometry": { "type": "Point", "coordinates": [ 141.3357859, 43.0982619 ] } },
{ "type": "Feature", "properties": { "内容": "デーサービスセカンドハウス【地域密着型通所介護】新琴似11条15丁目1-66", "url2": "https://www.kaigokensaku.mhlw.go.jp/01/index.php?action_kouhyou_detail_004_kani=true&JigyosyoCd=0190201053-00&ServiceCd=780&Type=search" }, "geometry": { "type": "Point", "coordinates": [ 141.312165300000061, 43.1302471 ] } },
{ "type": "Feature", "properties": { "内容": "カインドネス【地域密着型通所介護】北海道札幌市北区新琴似7条14丁目6番23号", "url2": "https://www.kaigokensaku.mhlw.go.jp/01/index.php?action_kouhyou_detail_004_kani=true&JigyosyoCd=0170201891-00&ServiceCd=780&Type=search" }, "geometry": { "type": "Point", "coordinates": [ 141.312553293254041, 43.122080884017457 ] } },
{ "type": "Feature", "properties": { "内容": "デイサービス歩風楽【地域密着型通所介護】北海道札幌市北区新琴似１２条１５丁目３番１１号", "url2": "https://www.kaigokensaku.mhlw.go.jp/01/index.php?action_kouhyou_detail_004_kani=true&JigyosyoCd=0170202998-00&ServiceCd=780&Type=search" }, "geometry": { "type": "Point", "coordinates": [ 141.3176469, 43.131019 ] } },
{ "type": "Feature", "properties": { "内容": "リハビリ型デイサービスこかげ【地域密着型通所介護】あいの里１条４丁目２０－１３", "url2": "https://www.kaigokensaku.mhlw.go.jp/01/index.php?action_kouhyou_detail_004_kani=true&JigyosyoCd=0190202234-00&ServiceCd=780&Type=search" }, "geometry": { "type": "Point", "coordinates": [ 141.395440400000012, 43.1560806 ] } },
{ "type": "Feature", "properties": { "内容": "デイサービスちくたく新琴似【地域密着型通所介護】北海道札幌市北区新琴似７条１０丁目4-20マルサ会館", "url2": "https://www.kaigokensaku.mhlw.go.jp/01/index.php?action_kouhyou_detail_004_kani=true&JigyosyoCd=0190202325-00&ServiceCd=780&Type=search" }, "geometry": { "type": "Point", "coordinates": [ 141.3207702, 43.118161 ] } },
{ "type": "Feature", "properties": { "内容": "デイスパゆあみ【地域密着型通所介護】北海道札幌市北区拓北4条1丁目17番4号", "url2": "https://www.kaigokensaku.mhlw.go.jp/01/index.php?action_kouhyou_detail_004_kani=true&JigyosyoCd=0190201962-00&ServiceCd=780&Type=search" }, "geometry": { "type": "Point", "coordinates": [ 141.3718719, 43.1526294 ] } },
{ "type": "Feature", "properties": { "内容": "通所介護センター“あいの里”【地域密着型通所介護】北海道札幌市北区あいの里3条6丁目1番8号", "url2": "https://www.kaigokensaku.mhlw.go.jp/01/index.php?action_kouhyou_detail_004_kani=true&JigyosyoCd=0190201525-00&ServiceCd=780&Type=search" }, "geometry": { "type": "Point", "coordinates": [ 141.401060499999971, 43.1628937 ] } },
{ "type": "Feature", "properties": { "内容": "来夢ﾗｲﾝ　療養通所介護事業所【地域密着型通所介護】北海道札幌市北区あいの里２条１丁目20－1介護老人保健施設プラットホーム", "url2": "https://www.kaigokensaku.mhlw.go.jp/01/index.php?action_kouhyou_detail_004_kani=true&JigyosyoCd=0170203244-00&ServiceCd=780&Type=search" }, "geometry": { "type": "Point", "coordinates": [ 141.3850725, 43.1596053 ] } },
{ "type": "Feature", "properties": { "内容": "デイサービス北センター健寿の里【地域密着型通所介護】北海道札幌市北区北３２条西４丁目３番２０号", "url2": "https://www.kaigokensaku.mhlw.go.jp/01/index.php?action_kouhyou_detail_004_kani=true&JigyosyoCd=0170205553-00&ServiceCd=780&Type=search" }, "geometry": { "type": "Point", "coordinates": [ 141.34151410000004, 43.0995215 ] } },
{ "type": "Feature", "properties": { "内容": "デイサービスセンターらいふてらす新琴似７条【地域密着型通所介護】新琴似７条７丁目7-28", "url2": "https://www.kaigokensaku.mhlw.go.jp/01/index.php?action_kouhyou_detail_004_kani=true&JigyosyoCd=0170206536-00&ServiceCd=780&Type=search" }, "geometry": { "type": "Point", "coordinates": [ 141.32540664232792, 43.115493800000039 ] } },
{ "type": "Feature", "properties": { "内容": "入浴特化型デイサービスセンター　モエスパ北２５条【地域密着型通所介護】北海道札幌市北区北２５条西１６丁目５番３１号イマージュ25", "url2": "https://www.kaigokensaku.mhlw.go.jp/01/index.php?action_kouhyou_detail_004_kani=true&JigyosyoCd=0170207542-00&ServiceCd=780&Type=search" }, "geometry": { "type": "Point", "coordinates": [ 141.3253386, 43.092318700000014 ] } },
{ "type": "Feature", "properties": { "内容": "デイサービスセンター　らいふてらす新川【地域密着型通所介護】北海道札幌市北区新川３条１０丁目２番１６号", "url2": "https://www.kaigokensaku.mhlw.go.jp/01/index.php?action_kouhyou_detail_004_kani=true&JigyosyoCd=0190201079-00&ServiceCd=780&Type=search" }, "geometry": { "type": "Point", "coordinates": [ 141.307850101852409, 43.106634481199031 ] } },
{ "type": "Feature", "properties": { "内容": "デイサービスさくらほーむ拓北【地域密着型通所介護】北海道札幌市北区拓北７条４丁目３－１４", "url2": "https://www.kaigokensaku.mhlw.go.jp/01/index.php?action_kouhyou_detail_004_kani=true&JigyosyoCd=0170205967-00&ServiceCd=780&Type=search" }, "geometry": { "type": "Point", "coordinates": [ 141.3847151, 43.1578265 ] } },
{ "type": "Feature", "properties": { "内容": "生活リハビリ型デイサービスHygge【地域密着型通所介護】北海道札幌市北区屯田4条6丁目6－18第18北進建鉄ビル1F", "url2": "https://www.kaigokensaku.mhlw.go.jp/01/index.php?action_kouhyou_detail_004_kani=true&JigyosyoCd=0190202036-00&ServiceCd=780&Type=search" }, "geometry": { "type": "Point", "coordinates": [ 141.329427900000013, 43.1299472 ] } },
{ "type": "Feature", "properties": { "内容": "デイサービスセンターこんふぉーと【地域密着型通所介護】北海道札幌市北区あいの里４条５丁目４番10号株式会社　こんふぉーと", "url2": "https://www.kaigokensaku.mhlw.go.jp/01/index.php?action_kouhyou_detail_004_kani=true&JigyosyoCd=0170204036-00&ServiceCd=780&Type=search" }, "geometry": { "type": "Point", "coordinates": [ 141.3971497, 43.1649377 ] } },
{ "type": "Feature", "properties": { "内容": "デイサービスあすみる【地域密着型通所介護】北海道札幌市北区新川２条７丁目１－１山田ビル１階", "url2": "https://www.kaigokensaku.mhlw.go.jp/01/index.php?action_kouhyou_detail_004_kani=true&JigyosyoCd=0170205306-00&ServiceCd=780&Type=search" }, "geometry": { "type": "Point", "coordinates": [ 141.310144700000023, 43.100176081815242 ] } },
{ "type": "Feature", "properties": { "内容": "デイサービス練【地域密着型通所介護】北32条西2丁目3−22センチュリー32", "url2": "https://www.kaigokensaku.mhlw.go.jp/01/index.php?action_kouhyou_detail_004_kani=true&JigyosyoCd=0190202218-00&ServiceCd=780&Type=search" }, "geometry": { "type": "Point", "coordinates": [ 141.3448301, 43.100081 ] } },
{ "type": "Feature", "properties": { "内容": "きたえるーむ札幌あいの里【地域密着型通所介護】北海道札幌市北区あいの里4条5丁目15-19", "url2": "https://www.kaigokensaku.mhlw.go.jp/01/index.php?action_kouhyou_detail_004_kani=true&JigyosyoCd=0190202473-00&ServiceCd=780&Type=search" }, "geometry": { "type": "Point", "coordinates": [ 141.398824499999989, 43.1673594 ] } },
{ "type": "Feature", "properties": { "内容": "MCFデイサービスもとまちオリオン【地域密着型通所介護】北海道札幌市東区北22条東19丁目3-28", "url2": "https://www.kaigokensaku.mhlw.go.jp/01/index.php?action_kouhyou_detail_004_kani=true&JigyosyoCd=0170206585-00&ServiceCd=780&Type=search" }, "geometry": { "type": "Point", "coordinates": [ 141.379411299999987, 43.09277070000001 ] } },
{ "type": "Feature", "properties": { "内容": "ホームケアセンター新道東【地域密着型通所介護】北海道札幌市東区北31条東16丁目2-9ユートピアシロス102", "url2": "https://www.kaigokensaku.mhlw.go.jp/01/index.php?action_kouhyou_detail_004_kani=true&JigyosyoCd=0170205322-00&ServiceCd=780&Type=search" }, "geometry": { "type": "Point", "coordinates": [ 141.3706154, 43.101985500000019 ] } },
{ "type": "Feature", "properties": { "内容": "レコードブック札幌東【地域密着型通所介護】北海道札幌市東区北28条東21丁目5-14コスモビル1階", "url2": "https://www.kaigokensaku.mhlw.go.jp/01/index.php?action_kouhyou_detail_004_kani=true&JigyosyoCd=0190202101-00&ServiceCd=780&Type=search" }, "geometry": { "type": "Point", "coordinates": [ 141.3847156, 43.1006757 ] } },
{ "type": "Feature", "properties": { "内容": "デイサービスセンター　あまどころ【地域密着型通所介護】北海道札幌市東区中沼５条１丁目１番１号", "url2": "https://www.kaigokensaku.mhlw.go.jp/01/index.php?action_kouhyou_detail_004_kani=true&JigyosyoCd=0170206353-00&ServiceCd=780&Type=search" }, "geometry": { "type": "Point", "coordinates": [ 141.440423499999952, 43.1290103 ] } },
{ "type": "Feature", "properties": { "内容": "早稲田イーライフ札幌・弐番館【地域密着型通所介護】北海道札幌市東区北１７条東１丁目１－２０", "url2": "https://www.kaigokensaku.mhlw.go.jp/01/index.php?action_kouhyou_detail_004_kani=true&JigyosyoCd=0170204846-00&ServiceCd=780&Type=search" }, "geometry": { "type": "Point", "coordinates": [ 141.351962985980634, 43.081256472475239 ] } },
{ "type": "Feature", "properties": { "内容": "リハビリ特化型デイサービス　Carefor【地域密着型通所介護】北海道札幌市東区北１７条東１８丁目２－１６フロンティア１７１８　１F", "url2": "https://www.kaigokensaku.mhlw.go.jp/01/index.php?action_kouhyou_detail_004_kani=true&JigyosyoCd=0190201558-00&ServiceCd=780&Type=search" }, "geometry": { "type": "Point", "coordinates": [ 141.379686799999945, 43.0848161 ] } },
{ "type": "Feature", "properties": { "内容": "デイサービス　かける【地域密着型通所介護】北海道札幌市東区北３０条東７丁目１番１８号1F", "url2": "https://www.kaigokensaku.mhlw.go.jp/01/index.php?action_kouhyou_detail_004_kani=true&JigyosyoCd=0170206007-00&ServiceCd=780&Type=search" }, "geometry": { "type": "Point", "coordinates": [ 141.358917699999978, 43.098415400000029 ] } },
{ "type": "Feature", "properties": { "内容": "スイート・デイサービス豊【地域密着型通所介護】北海道札幌市東区東苗穂８条１丁目９－１５", "url2": "https://www.kaigokensaku.mhlw.go.jp/01/index.php?action_kouhyou_detail_004_kani=true&JigyosyoCd=0170206361-00&ServiceCd=780&Type=search" }, "geometry": { "type": "Point", "coordinates": [ 141.407992300000018, 43.098298 ] } },
{ "type": "Feature", "properties": { "内容": "デイサービス　あすなろくらぶ【地域密着型通所介護】北34条東17丁目1-26LEE新道東ビル　１F", "url2": "https://www.kaigokensaku.mhlw.go.jp/01/index.php?action_kouhyou_detail_004_kani=true&JigyosyoCd=0190202176-00&ServiceCd=780&Type=search" }, "geometry": { "type": "Point", "coordinates": [ 141.371458, 43.105038 ] } },
{ "type": "Feature", "properties": { "内容": "デイサービスあおぎり【地域密着型通所介護】北海道札幌市東区東雁来10条4丁目15番12号株式会社キンズケアホーム", "url2": "https://www.kaigokensaku.mhlw.go.jp/01/index.php?action_kouhyou_detail_004_kani=true&JigyosyoCd=0170206171-00&ServiceCd=780&Type=search" }, "geometry": { "type": "Point", "coordinates": [ 141.434454546032754, 43.09516557635893 ] } },
{ "type": "Feature", "properties": { "内容": "かがやき栄町デイサービス【地域密着型通所介護】北海道札幌市東区北42条東13丁目2番8号サービス付高齢者向け住宅　かがやき栄町", "url2": "https://www.kaigokensaku.mhlw.go.jp/01/index.php?action_kouhyou_detail_004_kani=true&JigyosyoCd=0170201875-00&ServiceCd=780&Type=search" }, "geometry": { "type": "Point", "coordinates": [ 141.36214644348604, 43.113410996560624 ] } },
{ "type": "Feature", "properties": { "内容": "デイサービスセンターおはな【地域密着型通所介護】北海道札幌市東区北22条東19丁目3番8号", "url2": "https://www.kaigokensaku.mhlw.go.jp/01/index.php?action_kouhyou_detail_004_kani=true&JigyosyoCd=0170205827-00&ServiceCd=780&Type=search" }, "geometry": { "type": "Point", "coordinates": [ 141.379250018715624, 43.092990718657504 ] } },
{ "type": "Feature", "properties": { "内容": "リハビリデイ・りすたさっぽろ元町【地域密着型通所介護】札幌市東区北24条東17丁目1-25GOOD24　1階", "url2": "https://www.kaigokensaku.mhlw.go.jp/01/index.php?action_kouhyou_detail_004_kani=true&JigyosyoCd=0170205090-00&ServiceCd=780&Type=search" }, "geometry": { "type": "Point", "coordinates": [ 141.374747699999944, 43.0945731 ] } },
{ "type": "Feature", "properties": { "内容": "カレスデイサービスセンター【地域密着型通所介護】北海道札幌市東区北１２条東４丁目１番１号カレスプレミアムガーデン", "url2": "https://www.kaigokensaku.mhlw.go.jp/01/index.php?action_kouhyou_detail_004_kani=true&JigyosyoCd=0190201947-00&ServiceCd=780&Type=search" }, "geometry": { "type": "Point", "coordinates": [ 141.3584593, 43.076544 ] } },
{ "type": "Feature", "properties": { "内容": "デイサービスセンターぱーくろーど札幌東【地域密着型通所介護】北海道札幌市東区北33条東15丁目4-7アルカディア33", "url2": "https://www.kaigokensaku.mhlw.go.jp/01/index.php?action_kouhyou_detail_004_kani=true&JigyosyoCd=0190201509-00&ServiceCd=780&Type=search" }, "geometry": { "type": "Point", "coordinates": [ 141.367867, 43.1040634 ] } },
{ "type": "Feature", "properties": { "内容": "カーサ　デイサービス【地域密着型通所介護】札幌市東区北１１条東11丁目2番24号", "url2": "https://www.kaigokensaku.mhlw.go.jp/01/index.php?action_kouhyou_detail_004_kani=true&JigyosyoCd=0170205512-00&ServiceCd=780&Type=search" }, "geometry": { "type": "Point", "coordinates": [ 141.370141, 43.0771778 ] } },
{ "type": "Feature", "properties": { "内容": "ほっとの木デイサービス【地域密着型通所介護】北海道札幌市東区北２５条東１９丁目２番１４号", "url2": "https://www.kaigokensaku.mhlw.go.jp/01/index.php?action_kouhyou_detail_004_kani=true&JigyosyoCd=0170203574-00&ServiceCd=780&Type=search" }, "geometry": { "type": "Point", "coordinates": [ 141.378958300000022, 43.0966674 ] } },
{ "type": "Feature", "properties": { "内容": "リハビリ特化型デイサービスカラダラボ北４１条【地域密着型通所介護】北海道札幌市東区北４１条東１丁目７５６番地KDビル１階", "url2": "https://www.kaigokensaku.mhlw.go.jp/01/index.php?action_kouhyou_detail_004_kani=true&JigyosyoCd=0170205231-00&ServiceCd=780&Type=search" }, "geometry": { "type": "Point", "coordinates": [ 141.344120447746235, 43.109523170394361 ] } },
{ "type": "Feature", "properties": { "内容": "リハビリ特化型デイサービスカラダラボ元町【地域密着型通所介護】北海道札幌市東区北20条東13丁目3－1", "url2": "https://www.kaigokensaku.mhlw.go.jp/01/index.php?action_kouhyou_detail_004_kani=true&JigyosyoCd=0170206908-00&ServiceCd=780&Type=search" }, "geometry": { "type": "Point", "coordinates": [ 141.368429, 43.0886471 ] } },
{ "type": "Feature", "properties": { "内容": "小規模デイサービスセンターとまと【地域密着型通所介護】北七条東１４丁目１番５号", "url2": "https://www.kaigokensaku.mhlw.go.jp/01/index.php?action_kouhyou_detail_004_kani=true&JigyosyoCd=0170207211-00&ServiceCd=780&Type=search" }, "geometry": { "type": "Point", "coordinates": [ 141.3753106, 43.0734096 ] } },
{ "type": "Feature", "properties": { "内容": "デイサービスセンター健寿の里【地域密着型通所介護】北海道札幌市東区北２６条東８丁目４－１", "url2": "https://www.kaigokensaku.mhlw.go.jp/01/index.php?action_kouhyou_detail_004_kani=true&JigyosyoCd=0170204119-00&ServiceCd=780&Type=search" }, "geometry": { "type": "Point", "coordinates": [ 141.3613848, 43.0952309 ] } },
{ "type": "Feature", "properties": { "内容": "入浴特化型デイサービスセンターモエスパ元町【地域密着型通所介護】北海道札幌市東区北１７条東１５丁目４－２０リベル元町１０２", "url2": "https://www.kaigokensaku.mhlw.go.jp/01/index.php?action_kouhyou_detail_004_kani=true&JigyosyoCd=0170207559-00&ServiceCd=780&Type=search" }, "geometry": { "type": "Point", "coordinates": [ 141.373395599999981, 43.084932500000015 ] } },
{ "type": "Feature", "properties": { "内容": "デイ・フィオーレ【地域密着型通所介護】北海道札幌市東区伏古１４条３丁目１１番１１号", "url2": "https://www.kaigokensaku.mhlw.go.jp/01/index.php?action_kouhyou_detail_004_kani=true&JigyosyoCd=0170508287-00&ServiceCd=780&Type=search" }, "geometry": { "type": "Point", "coordinates": [ 141.404118500000038, 43.102401400000034 ] } },
{ "type": "Feature", "properties": { "内容": "デイサービスきたえるーむ札幌北栄【地域密着型通所介護】北海道札幌市東区北四十七条東8-3-3", "url2": "https://www.kaigokensaku.mhlw.go.jp/01/index.php?action_kouhyou_detail_004_kani=true&JigyosyoCd=0190202440-00&ServiceCd=780&Type=search" }, "geometry": { "type": "Point", "coordinates": [ 141.3575409, 43.1186861 ] } },
{ "type": "Feature", "properties": { "内容": "あろはっぴ～【地域密着型通所介護】北海道札幌市東区北37条東22丁目8-13", "url2": "https://www.kaigokensaku.mhlw.go.jp/01/index.php?action_kouhyou_detail_004_kani=true&JigyosyoCd=0190201285-00&ServiceCd=780&Type=search" }, "geometry": { "type": "Point", "coordinates": [ 141.381543299999976, 43.10883530000001 ] } },
{ "type": "Feature", "properties": { "内容": "札幌東デイサービスセンターアンジュ【地域密着型通所介護】北海道札幌市本町１条４丁目１－１８ヤマモトビル１階", "url2": "https://www.kaigokensaku.mhlw.go.jp/01/index.php?action_kouhyou_detail_004_kani=true&JigyosyoCd=0190202077-00&ServiceCd=780&Type=search" }, "geometry": { "type": "Point", "coordinates": [ 141.3858033, 43.077174 ] } },
{ "type": "Feature", "properties": { "内容": "さっぽろ元町あかりの里【地域密着型通所介護】札幌市東区北22条東20丁目5-3さっぽろ元町あかりの里", "url2": "https://www.kaigokensaku.mhlw.go.jp/01/index.php?action_kouhyou_detail_004_kani=true&JigyosyoCd=0170206700-00&ServiceCd=780&Type=search" }, "geometry": { "type": "Point", "coordinates": [ 141.381737500000014, 43.0915737 ] } },
{ "type": "Feature", "properties": { "内容": "リハビリ特化型デイサービスラボアルス【地域密着型通所介護】北海道札幌市白石区平和通3丁目南1番7号アルスタウン", "url2": "https://www.kaigokensaku.mhlw.go.jp/01/index.php?action_kouhyou_detail_004_kani=true&JigyosyoCd=0170508436-00&ServiceCd=780&Type=search" }, "geometry": { "type": "Point", "coordinates": [ 141.410480399999983, 43.0519871 ] } },
{ "type": "Feature", "properties": { "内容": "かがやき平和通デイサービス【地域密着型通所介護】北海道札幌市白石区平和通4丁目北4番11号かがやき平和通デイサービス", "url2": "https://www.kaigokensaku.mhlw.go.jp/01/index.php?action_kouhyou_detail_004_kani=true&JigyosyoCd=0170103451-00&ServiceCd=780&Type=search" }, "geometry": { "type": "Point", "coordinates": [ 141.414682088694605, 43.053514091986401 ] } },
{ "type": "Feature", "properties": { "内容": "デイサービスセンターむく【地域密着型通所介護】札幌市白石区平和通３丁目南１番７号アルスタウン１階", "url2": "https://www.kaigokensaku.mhlw.go.jp/01/index.php?action_kouhyou_detail_004_kani=true&JigyosyoCd=0170505317-00&ServiceCd=780&Type=search" }, "geometry": { "type": "Point", "coordinates": [ 141.410480399999983, 43.0519871 ] } },
{ "type": "Feature", "properties": { "内容": "デイサービス我が家北郷の家【地域密着型通所介護】北海道札幌市白石区北郷9条８丁目８-8", "url2": "https://www.kaigokensaku.mhlw.go.jp/01/index.php?action_kouhyou_detail_004_kani=true&JigyosyoCd=0170506430-00&ServiceCd=780&Type=search" }, "geometry": { "type": "Point", "coordinates": [ 141.426270390985081, 43.06801177075144 ] } },
{ "type": "Feature", "properties": { "内容": "アースサポート札幌白石【地域密着型通所介護】北海道札幌市白石区栄通20丁目9番20号", "url2": "https://www.kaigokensaku.mhlw.go.jp/01/index.php?action_kouhyou_detail_004_kani=true&JigyosyoCd=0190503474-00&ServiceCd=780&Type=search" }, "geometry": { "type": "Point", "coordinates": [ 141.4392241, 43.0249824 ] } },
{ "type": "Feature", "properties": { "内容": "デイサービス　あったかい湯白石【地域密着型通所介護】札幌市白石区本通3丁目北5-1本通ハイム1階", "url2": "https://www.kaigokensaku.mhlw.go.jp/01/index.php?action_kouhyou_detail_004_kani=true&JigyosyoCd=0190502054-00&ServiceCd=780&Type=search" }, "geometry": { "type": "Point", "coordinates": [ 141.410574900000029, 43.050715 ] } },
{ "type": "Feature", "properties": { "内容": "デイサービスセンターゆのゆ【地域密着型通所介護】北海道札幌市白石区南郷通３丁目北１番２３", "url2": "https://www.kaigokensaku.mhlw.go.jp/01/index.php?action_kouhyou_detail_004_kani=true&JigyosyoCd=0190503383-00&ServiceCd=780&Type=search" }, "geometry": { "type": "Point", "coordinates": [ 141.4038481, 43.0442472 ] } },
{ "type": "Feature", "properties": { "内容": "こころデイサービス優白石本通【地域密着型通所介護】北海道札幌市白石区本通南１３丁目7-9", "url2": "https://www.kaigokensaku.mhlw.go.jp/01/index.php?action_kouhyou_detail_004_kani=true&JigyosyoCd=0190502419-00&ServiceCd=780&Type=search" }, "geometry": { "type": "Point", "coordinates": [ 141.426007941026199, 43.039135571451425 ] } },
{ "type": "Feature", "properties": { "内容": "GENKINEXT札幌川下【地域密着型通所介護】北海道札幌市白石区川下4条4丁目3－15パルケ川下1階右", "url2": "https://www.kaigokensaku.mhlw.go.jp/01/index.php?action_kouhyou_detail_004_kani=true&JigyosyoCd=0170510119-00&ServiceCd=780&Type=search" }, "geometry": { "type": "Point", "coordinates": [ 141.446790800000031, 43.0526774 ] } },
{ "type": "Feature", "properties": { "内容": "デイサービスリピケア平和通【地域密着型通所介護】北海道札幌市白石区平和通3丁目北3番3号シティロイヤル平和通１F", "url2": "https://www.kaigokensaku.mhlw.go.jp/01/index.php?action_kouhyou_detail_004_kani=true&JigyosyoCd=0190503136-00&ServiceCd=780&Type=search" }, "geometry": { "type": "Point", "coordinates": [ 141.412282006873255, 43.053978767645248 ] } },
{ "type": "Feature", "properties": { "内容": "皇寿の郷【地域密着型通所介護】札幌市白石区本通14丁目北1番26号JKHDビル", "url2": "https://www.kaigokensaku.mhlw.go.jp/01/index.php?action_kouhyou_detail_004_kani=true&JigyosyoCd=0170506935-00&ServiceCd=780&Type=search" }, "geometry": { "type": "Point", "coordinates": [ 141.429007, 43.0405667 ] } },
{ "type": "Feature", "properties": { "内容": "デイサービスセンターたけうち【地域密着型通所介護】札幌市白石区北郷１条３丁目１番１５号", "url2": "https://www.kaigokensaku.mhlw.go.jp/01/index.php?action_kouhyou_detail_004_kani=true&JigyosyoCd=0170504005-00&ServiceCd=780&Type=search" }, "geometry": { "type": "Point", "coordinates": [ 141.408566962906065, 43.059593487000157 ] } },
{ "type": "Feature", "properties": { "内容": "リハビリデイサービスほっとステーション【地域密着型通所介護】北海道札幌市白石区南郷通12丁目南6番4号", "url2": "https://www.kaigokensaku.mhlw.go.jp/01/index.php?action_kouhyou_detail_004_kani=true&JigyosyoCd=0190501791-00&ServiceCd=780&Type=search" }, "geometry": { "type": "Point", "coordinates": [ 141.419308099999967, 43.0368776 ] } },
{ "type": "Feature", "properties": { "内容": "デイサービスセンタールミエール【地域密着型通所介護】北海道札幌市白石区東札幌1条3丁目1番1号", "url2": "https://www.kaigokensaku.mhlw.go.jp/01/index.php?action_kouhyou_detail_004_kani=true&JigyosyoCd=0170500771-00&ServiceCd=780&Type=search" }, "geometry": { "type": "Point", "coordinates": [ 141.382761, 43.0484228 ] } },
{ "type": "Feature", "properties": { "内容": "あさひガーデンデイサービスセンター【地域密着型通所介護】北海道札幌市白石区北郷1条3丁目1番55号", "url2": "https://www.kaigokensaku.mhlw.go.jp/01/index.php?action_kouhyou_detail_004_kani=true&JigyosyoCd=0170504542-00&ServiceCd=780&Type=search" }, "geometry": { "type": "Point", "coordinates": [ 141.408683, 43.0588059 ] } },
{ "type": "Feature", "properties": { "内容": "栄通デイサービスセンター【地域密着型通所介護】北海道札幌市白石区栄通２丁目1-22サービス付き高齢者向け住宅虹の家　栄通1F", "url2": "https://www.kaigokensaku.mhlw.go.jp/01/index.php?action_kouhyou_detail_004_kani=true&JigyosyoCd=0170507560-00&ServiceCd=780&Type=search" }, "geometry": { "type": "Point", "coordinates": [ 141.396365599999967, 43.0408432 ] } },
{ "type": "Feature", "properties": { "内容": "デイサービスセンター　こころ【地域密着型通所介護】北海道札幌市白石区菊水９条３丁目４－１３", "url2": "https://www.kaigokensaku.mhlw.go.jp/01/index.php?action_kouhyou_detail_004_kani=true&JigyosyoCd=0170502710-00&ServiceCd=780&Type=search" }, "geometry": { "type": "Point", "coordinates": [ 141.386796499999946, 43.0597996 ] } },
{ "type": "Feature", "properties": { "内容": "プラトーケアセンター白石【地域密着型通所介護】北海道札幌市白石区菊水9条1丁目4-11", "url2": "https://www.kaigokensaku.mhlw.go.jp/01/index.php?action_kouhyou_detail_004_kani=true&JigyosyoCd=0170508089-00&ServiceCd=780&Type=search" }, "geometry": { "type": "Point", "coordinates": [ 141.382304599475077, 43.063271713541752 ] } },
{ "type": "Feature", "properties": { "内容": "デイサービスにじの家【地域密着型通所介護】北海道札幌市白石区北郷2条2丁目2-17", "url2": "https://www.kaigokensaku.mhlw.go.jp/01/index.php?action_kouhyou_detail_004_kani=true&JigyosyoCd=0170509665-00&ServiceCd=780&Type=search" }, "geometry": { "type": "Point", "coordinates": [ 141.408739925933787, 43.061901171488003 ] } },
{ "type": "Feature", "properties": { "内容": "リハビリベースこもれび【地域密着型通所介護】北海道札幌市白石区北郷２条３丁目４番７号", "url2": "https://www.kaigokensaku.mhlw.go.jp/01/index.php?action_kouhyou_detail_004_kani=true&JigyosyoCd=0190501833-00&ServiceCd=780&Type=search" }, "geometry": { "type": "Point", "coordinates": [ 141.410871499999985, 43.060678 ] } },
{ "type": "Feature", "properties": { "内容": "デイサービスミーナピリカ【地域密着型通所介護】北海道札幌市白石区米里５条１丁目１番１８号", "url2": "https://www.kaigokensaku.mhlw.go.jp/01/index.php?action_kouhyou_detail_004_kani=true&JigyosyoCd=0190503144-00&ServiceCd=780&Type=search" }, "geometry": { "type": "Point", "coordinates": [ 141.428511422753871, 43.085851135512769 ] } },
{ "type": "Feature", "properties": { "内容": "ペルメールケア北郷【地域密着型通所介護】北海道札幌市白石区北郷9条8丁目1-3", "url2": "https://www.kaigokensaku.mhlw.go.jp/01/index.php?action_kouhyou_detail_004_kani=true&JigyosyoCd=0190503045-00&ServiceCd=780&Type=search" }, "geometry": { "type": "Point", "coordinates": [ 141.4257048, 43.0675917 ] } },
{ "type": "Feature", "properties": { "内容": "アインデイサービスセンター【地域密着型通所介護】北海道札幌市白石区川北2条3丁目15－1", "url2": "https://www.kaigokensaku.mhlw.go.jp/01/index.php?action_kouhyou_detail_004_kani=true&JigyosyoCd=0190502179-00&ServiceCd=780&Type=search" }, "geometry": { "type": "Point", "coordinates": [ 141.437611245406259, 43.060341244731433 ] } },
{ "type": "Feature", "properties": { "内容": "スマートライフreha菊水【地域密着型通所介護】北海道札幌市白石区菊水3条2丁目6‐8ヴィサージュ菊水1F", "url2": "https://www.kaigokensaku.mhlw.go.jp/01/index.php?action_kouhyou_detail_004_kani=true&JigyosyoCd=0190503714-00&ServiceCd=780&Type=search" }, "geometry": { "type": "Point", "coordinates": [ 141.37466240674587, 43.057354456989984 ] } },
{ "type": "Feature", "properties": { "内容": "運動機能向上リハビリ特化型あおぞらデイサービス【地域密着型通所介護】北海道札幌市豊平区中の島１条６丁目５番１０号カトレアハイツ札幌　10３号室", "url2": "https://www.kaigokensaku.mhlw.go.jp/01/index.php?action_kouhyou_detail_004_kani=true&JigyosyoCd=0190502443-00&ServiceCd=780&Type=search" }, "geometry": { "type": "Point", "coordinates": [ 141.358512440759057, 43.028942797727829 ] } },
{ "type": "Feature", "properties": { "内容": "明日も行きたくなるデイサービスうるおい中の島【地域密着型通所介護】北海道札幌市豊平区中の島2条7丁目3-15", "url2": "https://www.kaigokensaku.mhlw.go.jp/01/index.php?action_kouhyou_detail_004_kani=true&JigyosyoCd=0190503763-00&ServiceCd=780&Type=search" }, "geometry": { "type": "Point", "coordinates": [ 141.3598424, 43.0268987 ] } },
{ "type": "Feature", "properties": { "内容": "デイサービスセンタースキップ西岡【地域密着型通所介護】北海道札幌市豊平区西岡4条8丁目10番12号", "url2": "https://www.kaigokensaku.mhlw.go.jp/01/index.php?action_kouhyou_detail_004_kani=true&JigyosyoCd=0170508030-00&ServiceCd=780&Type=search" }, "geometry": { "type": "Point", "coordinates": [ 141.3881043, 43.0084745 ] } },
{ "type": "Feature", "properties": { "内容": "リハビリ＆コンディショニングセンターZERO平岸【地域密着型通所介護】平岸6条13丁目3-30A1", "url2": "https://www.kaigokensaku.mhlw.go.jp/01/index.php?action_kouhyou_detail_004_kani=true&JigyosyoCd=0190503581-00&ServiceCd=780&Type=search" }, "geometry": { "type": "Point", "coordinates": [ 141.380950218524163, 43.025764634352591 ] } },
{ "type": "Feature", "properties": { "内容": "デイサービスセンターＡＬＬＵＲＥ【地域密着型通所介護】北海道札幌市豊平区月寒東1条5丁目1-6", "url2": "https://www.kaigokensaku.mhlw.go.jp/01/index.php?action_kouhyou_detail_004_kani=true&JigyosyoCd=0170511596-00&ServiceCd=780&Type=search" }, "geometry": { "type": "Point", "coordinates": [ 141.396168699999947, 43.0339633 ] } },
{ "type": "Feature", "properties": { "内容": "こころデイサービス優【地域密着型通所介護】北海道札幌市豊平区月寒東2条12丁目10-13", "url2": "https://www.kaigokensaku.mhlw.go.jp/01/index.php?action_kouhyou_detail_004_kani=true&JigyosyoCd=0170508659-00&ServiceCd=780&Type=search" }, "geometry": { "type": "Point", "coordinates": [ 141.408292100000011, 43.0267319 ] } },
{ "type": "Feature", "properties": { "内容": "ラ・クーラ通所介護事業所【地域密着型通所介護】北海道札幌市豊平区平岸1条19丁目2番51号", "url2": "https://www.kaigokensaku.mhlw.go.jp/01/index.php?action_kouhyou_detail_004_kani=true&JigyosyoCd=0170506638-00&ServiceCd=780&Type=search" }, "geometry": { "type": "Point", "coordinates": [ 141.36119728504184, 43.020040596163774 ] } },
{ "type": "Feature", "properties": { "内容": "デイサービス　あったかい湯豊平【地域密着型通所介護】北海道札幌市豊平区豊平２条８丁目１－２５ファミリーとよひら１階", "url2": "https://www.kaigokensaku.mhlw.go.jp/01/index.php?action_kouhyou_detail_004_kani=true&JigyosyoCd=0170511349-00&ServiceCd=780&Type=search" }, "geometry": { "type": "Point", "coordinates": [ 141.3770475, 43.0498142 ] } },
{ "type": "Feature", "properties": { "内容": "つくしデイサービス美園【地域密着型通所介護】北海道札幌市豊平区美園4条6丁目1-25ビューハイム4.6　1階", "url2": "https://www.kaigokensaku.mhlw.go.jp/01/index.php?action_kouhyou_detail_004_kani=true&JigyosyoCd=0170510770-00&ServiceCd=780&Type=search" }, "geometry": { "type": "Point", "coordinates": [ 141.38756164232791, 43.040102936579167 ] } },
{ "type": "Feature", "properties": { "内容": "民家型デイサービスすずなり【地域密着型通所介護】北海道札幌市豊平区月寒東2条19丁目7-56", "url2": "https://www.kaigokensaku.mhlw.go.jp/01/index.php?action_kouhyou_detail_004_kani=true&JigyosyoCd=0170506588-00&ServiceCd=780&Type=search" }, "geometry": { "type": "Point", "coordinates": [ 141.423160476686434, 43.016165036055249 ] } },
{ "type": "Feature", "properties": { "内容": "デイサービス　オレンジ【地域密着型通所介護】北海道札幌市豊平区月寒東１条１７丁目１－１Azulドーム前", "url2": "https://www.kaigokensaku.mhlw.go.jp/01/index.php?action_kouhyou_detail_004_kani=true&JigyosyoCd=0190503730-00&ServiceCd=780&Type=search" }, "geometry": { "type": "Point", "coordinates": [ 141.4122476, 43.0164423 ] } },
{ "type": "Feature", "properties": { "内容": "トーコーケアデイサービスセンター【地域密着型通所介護】北海道札幌市豊平区月寒西３条６丁目２番７号有料老人ホームじゅげむ", "url2": "https://www.kaigokensaku.mhlw.go.jp/01/index.php?action_kouhyou_detail_004_kani=true&JigyosyoCd=0170506026-00&ServiceCd=780&Type=search" }, "geometry": { "type": "Point", "coordinates": [ 141.390019683914147, 43.030965378311635 ] } },
{ "type": "Feature", "properties": { "内容": "ロコモアップ西岡【地域密着型通所介護】西岡4条9丁目1-46中出ビル1階左", "url2": "https://www.kaigokensaku.mhlw.go.jp/01/index.php?action_kouhyou_detail_004_kani=true&JigyosyoCd=0190502690-00&ServiceCd=780&Type=search" }, "geometry": { "type": "Point", "coordinates": [ 141.384946750926218, 43.002776339129518 ] } },
{ "type": "Feature", "properties": { "内容": "デイサービス「ポムの里」【地域密着型通所介護】北海道札幌市豊平区美園２条２丁目３番２８号二条ハイム1F", "url2": "https://www.kaigokensaku.mhlw.go.jp/01/index.php?action_kouhyou_detail_004_kani=true&JigyosyoCd=0170508949-00&ServiceCd=780&Type=search" }, "geometry": { "type": "Point", "coordinates": [ 141.384388899999976, 43.0444121 ] } },
{ "type": "Feature", "properties": { "内容": "デイサービスセンターNOVA【地域密着型通所介護】北海道札幌市豊平区月寒東4条17丁目8－8", "url2": "https://www.kaigokensaku.mhlw.go.jp/01/index.php?action_kouhyou_detail_004_kani=true&JigyosyoCd=0190502955-00&ServiceCd=780&Type=search" }, "geometry": { "type": "Point", "coordinates": [ 141.424753588785677, 43.024216455674001 ] } },
{ "type": "Feature", "properties": { "内容": "リハセンターウェルネス平岸【地域密着型通所介護】北海道札幌市豊平区平岸５条６丁目1-24平岸フレンドビル１階", "url2": "https://www.kaigokensaku.mhlw.go.jp/01/index.php?action_kouhyou_detail_004_kani=true&JigyosyoCd=0190501965-00&ServiceCd=780&Type=search" }, "geometry": { "type": "Point", "coordinates": [ 141.3765684, 43.0367986 ] } },
{ "type": "Feature", "properties": { "内容": "デイサービスユーカリの丘【地域密着型通所介護】北海道札幌市豊平区西岡3条9丁目2‐８西岡オリンピアビル１階", "url2": "https://www.kaigokensaku.mhlw.go.jp/01/index.php?action_kouhyou_detail_004_kani=true&JigyosyoCd=0170504500-00&ServiceCd=780&Type=search" }, "geometry": { "type": "Point", "coordinates": [ 141.384992299221096, 43.004995743969758 ] } },
{ "type": "Feature", "properties": { "内容": "デイサービスセンターていだの里【地域密着型通所介護】北海道札幌市豊平区平岸１条１２丁目１－６７", "url2": "https://www.kaigokensaku.mhlw.go.jp/01/index.php?action_kouhyou_detail_004_kani=true&JigyosyoCd=0170508667-00&ServiceCd=780&Type=search" }, "geometry": { "type": "Point", "coordinates": [ 141.3624443, 43.0277914 ] } },
{ "type": "Feature", "properties": { "内容": "デイサービスセンターらいふてらす中の島1条【地域密着型通所介護】北海道札幌市豊平区中の島1条7丁目3番5号", "url2": "https://www.kaigokensaku.mhlw.go.jp/01/index.php?action_kouhyou_detail_004_kani=true&JigyosyoCd=0170509905-00&ServiceCd=780&Type=search" }, "geometry": { "type": "Point", "coordinates": [ 141.3582169, 43.0277692 ] } },
{ "type": "Feature", "properties": { "内容": "デイサービス　あすりーと【地域密着型通所介護】札幌市豊平区美園9条５丁目３－８", "url2": "https://www.kaigokensaku.mhlw.go.jp/01/index.php?action_kouhyou_detail_004_kani=true&JigyosyoCd=0190502526-00&ServiceCd=780&Type=search" }, "geometry": { "type": "Point", "coordinates": [ 141.3828034, 43.0362472 ] } },
{ "type": "Feature", "properties": { "内容": "ひつじがおかデイサービスセンター【地域密着型通所介護】北海道札幌市豊平区福住２条９丁目６番７号", "url2": "https://www.kaigokensaku.mhlw.go.jp/01/index.php?action_kouhyou_detail_004_kani=true&JigyosyoCd=0170511109-00&ServiceCd=780&Type=search" }, "geometry": { "type": "Point", "coordinates": [ 141.391593, 43.0054111 ] } },
{ "type": "Feature", "properties": { "内容": "デイサービス川森【地域密着型通所介護】札幌市豊平区月寒中央通５丁目１－２５", "url2": "https://www.kaigokensaku.mhlw.go.jp/01/index.php?action_kouhyou_detail_004_kani=true&JigyosyoCd=0170507651-00&ServiceCd=780&Type=search" }, "geometry": { "type": "Point", "coordinates": [ 141.393885599999976, 43.0329745 ] } },
{ "type": "Feature", "properties": { "内容": "生活機能向上デイサービスたいむ【地域密着型通所介護】北海道札幌市豊平区月寒東２条５丁目２番１号", "url2": "https://www.kaigokensaku.mhlw.go.jp/01/index.php?action_kouhyou_detail_004_kani=true&JigyosyoCd=0170509657-00&ServiceCd=780&Type=search" }, "geometry": { "type": "Point", "coordinates": [ 141.398319276057464, 43.034464668073745 ] } },
{ "type": "Feature", "properties": { "内容": "リハビリ特化型あし腰元気デイサービス【地域密着型通所介護】北海道札幌市豊平区平岸３条４丁目７番１号サンライト平岸1Ｆ", "url2": "https://www.kaigokensaku.mhlw.go.jp/01/index.php?action_kouhyou_detail_004_kani=true&JigyosyoCd=0170508832-00&ServiceCd=780&Type=search" }, "geometry": { "type": "Point", "coordinates": [ 141.372542800000019, 43.0390403 ] } },
{ "type": "Feature", "properties": { "内容": "短時間デイサービス　スマリハ月寒西【地域密着型通所介護】月寒中央通２丁目1-15マックスバリュ月寒西　２階", "url2": "https://www.kaigokensaku.mhlw.go.jp/01/index.php?action_kouhyou_detail_004_kani=true&JigyosyoCd=0190503433-00&ServiceCd=780&Type=search" }, "geometry": { "type": "Point", "coordinates": [ 141.3916639, 43.0360928 ] } },
{ "type": "Feature", "properties": { "内容": "滞在型デイサービススマリハ+札大前【地域密着型通所介護】北海道札幌市豊平区西岡4条7丁目８-１チサンマンション西岡弐番館1階", "url2": "https://www.kaigokensaku.mhlw.go.jp/01/index.php?action_kouhyou_detail_004_kani=true&JigyosyoCd=0170510960-00&ServiceCd=780&Type=search" }, "geometry": { "type": "Point", "coordinates": [ 141.387618100000026, 43.010727 ] } },
{ "type": "Feature", "properties": { "内容": "ディサービス森のささやき【地域密着型通所介護】北海道札幌市南区藤野3条4丁目15-60高齢者住宅みどりの丘", "url2": "https://www.kaigokensaku.mhlw.go.jp/01/index.php?action_kouhyou_detail_004_kani=true&JigyosyoCd=0190502823-00&ServiceCd=780&Type=search" }, "geometry": { "type": "Point", "coordinates": [ 141.302026399999988, 42.958574 ] } },
{ "type": "Feature", "properties": { "内容": "デイサービス青い空【地域密着型通所介護】札幌市南区藤野4条1丁目6番16号高齢者共同住宅ケントハウス", "url2": "https://www.kaigokensaku.mhlw.go.jp/01/index.php?action_kouhyou_detail_004_kani=true&JigyosyoCd=0190503094-00&ServiceCd=780&Type=search" }, "geometry": { "type": "Point", "coordinates": [ 141.3104073, 42.9554776 ] } },
{ "type": "Feature", "properties": { "内容": "セカンドホーム澄川ディサービス【地域密着型通所介護】北海道札幌市南区澄川二条３丁目１番１６号", "url2": "https://www.kaigokensaku.mhlw.go.jp/01/index.php?action_kouhyou_detail_004_kani=true&JigyosyoCd=0190503391-00&ServiceCd=780&Type=search" }, "geometry": { "type": "Point", "coordinates": [ 141.362562, 43.0156158 ] } },
{ "type": "Feature", "properties": { "内容": "明日も行きたくなるデイサービスうるおい南の沢【地域密着型通所介護】南の沢4条2丁目8-27うるおいの家南の沢", "url2": "https://www.kaigokensaku.mhlw.go.jp/01/index.php?action_kouhyou_detail_004_kani=true&JigyosyoCd=0190502997-00&ServiceCd=780&Type=search" }, "geometry": { "type": "Point", "coordinates": [ 141.3168014, 42.9878034 ] } },
{ "type": "Feature", "properties": { "内容": "デイサービスセンターらいふてらす川沿【地域密着型通所介護】北海道札幌市南区川沿１条２丁目１番１３号ＣＡＳＡ藻岩台テナント", "url2": "https://www.kaigokensaku.mhlw.go.jp/01/index.php?action_kouhyou_detail_004_kani=true&JigyosyoCd=0170509459-00&ServiceCd=780&Type=search" }, "geometry": { "type": "Point", "coordinates": [ 141.336864800000058, 43.0018404 ] } },
{ "type": "Feature", "properties": { "内容": "デイサービスセンターらいふてらす石山【地域密着型通所介護】北海道札幌市南区石山２条３丁目１５番１号", "url2": "https://www.kaigokensaku.mhlw.go.jp/01/index.php?action_kouhyou_detail_004_kani=true&JigyosyoCd=0190501650-00&ServiceCd=780&Type=search" }, "geometry": { "type": "Point", "coordinates": [ 141.335296500000027, 42.9683083 ] } },
{ "type": "Feature", "properties": { "内容": "デイサービス紡み【地域密着型通所介護】北海道札幌市南区藤野1条8丁目5-22", "url2": "https://www.kaigokensaku.mhlw.go.jp/01/index.php?action_kouhyou_detail_004_kani=true&JigyosyoCd=0190503276-00&ServiceCd=780&Type=search" }, "geometry": { "type": "Point", "coordinates": [ 141.2893723, 42.9660002 ] } },
{ "type": "Feature", "properties": { "内容": "北斗デイサービス藤野【地域密着型通所介護】北海道札幌市南区藤野5条６丁目12番23号", "url2": "https://www.kaigokensaku.mhlw.go.jp/01/index.php?action_kouhyou_detail_004_kani=true&JigyosyoCd=0170508469-00&ServiceCd=780&Type=search" }, "geometry": { "type": "Point", "coordinates": [ 141.294092099999943, 42.9562363 ] } },
{ "type": "Feature", "properties": { "内容": "デイサービスココファンすみかわ【地域密着型通所介護】北海道札幌市南区澄川３条４目4-10学研ココファンすみかわ", "url2": "https://www.kaigokensaku.mhlw.go.jp/01/index.php?action_kouhyou_detail_004_kani=true&JigyosyoCd=0190503110-00&ServiceCd=780&Type=search" }, "geometry": { "type": "Point", "coordinates": [ 141.36509430000001, 43.0128879 ] } },
{ "type": "Feature", "properties": { "内容": "デイホーム土屋真駒内【地域密着型通所介護】北海道札幌市南区真駒内泉町3丁目4‐16", "url2": "https://www.kaigokensaku.mhlw.go.jp/01/index.php?action_kouhyou_detail_004_kani=true&JigyosyoCd=0190503359-00&ServiceCd=780&Type=search" }, "geometry": { "type": "Point", "coordinates": [ 141.356163, 42.986623 ] } },
{ "type": "Feature", "properties": { "内容": "デイサービス陽だまり【地域密着型通所介護】北海道札幌市南区藤野３条４丁目１３番２号高齢者住宅四季の丘", "url2": "https://www.kaigokensaku.mhlw.go.jp/01/index.php?action_kouhyou_detail_004_kani=true&JigyosyoCd=0170511471-00&ServiceCd=780&Type=search" }, "geometry": { "type": "Point", "coordinates": [ 141.3040605, 42.9587668 ] } },
{ "type": "Feature", "properties": { "内容": "本田屋デイサービス【地域密着型通所介護】北海道札幌市南区川沿4条5丁目1-14", "url2": "https://www.kaigokensaku.mhlw.go.jp/01/index.php?action_kouhyou_detail_004_kani=true&JigyosyoCd=0190503029-00&ServiceCd=780&Type=search" }, "geometry": { "type": "Point", "coordinates": [ 141.325692244180289, 42.995297388705993 ] } },
{ "type": "Feature", "properties": { "内容": "社会福祉法人　札幌市社会福祉協議会　まもりんガーデン澄川【地域密着型通所介護】北海道札幌市南区澄川4条9丁目10－32", "url2": "https://www.kaigokensaku.mhlw.go.jp/01/index.php?action_kouhyou_detail_004_kani=true&JigyosyoCd=0190502203-00&ServiceCd=780&Type=search" }, "geometry": { "type": "Point", "coordinates": [ 141.3667484, 43.0011497 ] } },
{ "type": "Feature", "properties": { "内容": "和幸園自立訓練型デイサービスセンターあうるの森【地域密着型通所介護】北海道札幌市南区常盤5条1丁目1-7", "url2": "https://www.kaigokensaku.mhlw.go.jp/01/index.php?action_kouhyou_detail_004_kani=true&JigyosyoCd=0190502187-00&ServiceCd=780&Type=search" }, "geometry": { "type": "Point", "coordinates": [ 141.341932300000053, 42.9369935 ] } },
{ "type": "Feature", "properties": { "内容": "デイサービスセンター澄川の丘【地域密着型通所介護】札幌市南区澄川6条7丁目1番1号", "url2": "https://www.kaigokensaku.mhlw.go.jp/01/index.php?action_kouhyou_detail_004_kani=true&JigyosyoCd=0170503981-00&ServiceCd=780&Type=search" }, "geometry": { "type": "Point", "coordinates": [ 141.372305800000049, 43.0065604 ] } },
{ "type": "Feature", "properties": { "内容": "デイサービスセンター　健康の杜【地域密着型通所介護】北海道札幌市南区真駒内本町６丁目２番１号ライオンズマンション真駒内1階", "url2": "https://www.kaigokensaku.mhlw.go.jp/01/index.php?action_kouhyou_detail_004_kani=true&JigyosyoCd=0170511133-00&ServiceCd=780&Type=search" }, "geometry": { "type": "Point", "coordinates": [ 141.347984146032672, 43.004268828006168 ] } },
{ "type": "Feature", "properties": { "内容": "QOL向上センター希望のつぼみ真駒内【地域密着型通所介護】北海道札幌市南区真駒内曙町3丁目3-10チサンマンション1階", "url2": "https://www.kaigokensaku.mhlw.go.jp/01/index.php?action_kouhyou_detail_004_kani=true&JigyosyoCd=0170509889-00&ServiceCd=780&Type=search" }, "geometry": { "type": "Point", "coordinates": [ 141.353196700000012, 43.0007799 ] } },
{ "type": "Feature", "properties": { "内容": "デイサービス心陽【地域密着型通所介護】北海道札幌市西区平和２条６丁目１－１平和ビル１０１", "url2": "https://www.kaigokensaku.mhlw.go.jp/01/index.php?action_kouhyou_detail_004_kani=true&JigyosyoCd=0190400762-00&ServiceCd=780&Type=search" }, "geometry": { "type": "Point", "coordinates": [ 141.2546595, 43.0582454 ] } },
{ "type": "Feature", "properties": { "内容": "レコードブック発寒【地域密着型通所介護】北海道札幌市西区発寒１条３丁目４番５号ハシモトビル１階", "url2": "https://www.kaigokensaku.mhlw.go.jp/01/index.php?action_kouhyou_detail_004_kani=true&JigyosyoCd=0190401273-00&ServiceCd=780&Type=search" }, "geometry": { "type": "Point", "coordinates": [ 141.2950793, 43.0790766 ] } },
{ "type": "Feature", "properties": { "内容": "おっぽらっく山の手【地域密着型通所介護】北海道札幌市西区山の手１条６丁目５−１５エルム山の手１F", "url2": "https://www.kaigokensaku.mhlw.go.jp/01/index.php?action_kouhyou_detail_004_kani=true&JigyosyoCd=0170403794-00&ServiceCd=780&Type=search" }, "geometry": { "type": "Point", "coordinates": [ 141.2983165, 43.0661386 ] } },
{ "type": "Feature", "properties": { "内容": "五天山ふくしあ地域密着型通所介護事業所【地域密着型通所介護】北海道札幌市西区西野7条3丁目5番36号", "url2": "https://www.kaigokensaku.mhlw.go.jp/01/index.php?action_kouhyou_detail_004_kani=true&JigyosyoCd=0170404073-00&ServiceCd=780&Type=search" }, "geometry": { "type": "Point", "coordinates": [ 141.2725858, 43.0659837 ] } },
{ "type": "Feature", "properties": { "内容": "フレンドリィ・リハビリデイサービス【地域密着型通所介護】北海道札幌市西区福井1丁目9番15号ふくいトラストホーム", "url2": "https://www.kaigokensaku.mhlw.go.jp/01/index.php?action_kouhyou_detail_004_kani=true&JigyosyoCd=0190400820-00&ServiceCd=780&Type=search" }, "geometry": { "type": "Point", "coordinates": [ 141.276024026568678, 43.059545627377695 ] } },
{ "type": "Feature", "properties": { "内容": "デイサービス我が家　西野の家【地域密着型通所介護】北海道札幌市西区西野１１条９丁目２４－１５", "url2": "https://www.kaigokensaku.mhlw.go.jp/01/index.php?action_kouhyou_detail_004_kani=true&JigyosyoCd=0170403711-00&ServiceCd=780&Type=search" }, "geometry": { "type": "Point", "coordinates": [ 141.24824030000002, 43.063491800000016 ] } },
{ "type": "Feature", "properties": { "内容": "デイサービス我が家発寒の家【地域密着型通所介護】北海道札幌市西区発寒９条１１丁目８－１２", "url2": "https://www.kaigokensaku.mhlw.go.jp/01/index.php?action_kouhyou_detail_004_kani=true&JigyosyoCd=0170403844-00&ServiceCd=780&Type=search" }, "geometry": { "type": "Point", "coordinates": [ 141.281270141576158, 43.095694533497245 ] } },
{ "type": "Feature", "properties": { "内容": "デイサービス　あすか【地域密着型通所介護】札幌市西区西町北12丁目4番7号", "url2": "https://www.kaigokensaku.mhlw.go.jp/01/index.php?action_kouhyou_detail_004_kani=true&JigyosyoCd=0170401012-00&ServiceCd=780&Type=search" }, "geometry": { "type": "Point", "coordinates": [ 141.285540240475484, 43.082754386057665 ] } },
{ "type": "Feature", "properties": { "内容": "リハビリ型デイサービス　歩楽人【地域密着型通所介護】北海道札幌市西区二十四軒３条７丁目１-１３宮の森２４ビル１階", "url2": "https://www.kaigokensaku.mhlw.go.jp/01/index.php?action_kouhyou_detail_004_kani=true&JigyosyoCd=0170102503-00&ServiceCd=780&Type=search" }, "geometry": { "type": "Point", "coordinates": [ 141.30849980886228, 43.068488389496416 ] } },
{ "type": "Feature", "properties": { "内容": "デイサービス　にこぴあ【地域密着型通所介護】北海道札幌市西区発寒11条４丁目18-1", "url2": "https://www.kaigokensaku.mhlw.go.jp/01/index.php?action_kouhyou_detail_004_kani=true&JigyosyoCd=0190401109-00&ServiceCd=780&Type=search" }, "geometry": { "type": "Point", "coordinates": [ 141.293428, 43.0952242 ] } },
{ "type": "Feature", "properties": { "内容": "かがやき西町デイサービス【地域密着型通所介護】北海道札幌市西区西町南２１丁目1-5", "url2": "https://www.kaigokensaku.mhlw.go.jp/01/index.php?action_kouhyou_detail_004_kani=true&JigyosyoCd=0170403398-00&ServiceCd=780&Type=search" }, "geometry": { "type": "Point", "coordinates": [ 141.275241895543729, 43.086542191998845 ] } },
{ "type": "Feature", "properties": { "内容": "えんじゅ山の手デイサービス【地域密着型通所介護】北海道札幌市西区山の手2条7丁目2番15号サービス付き高齢者向け住宅　えんじゅ山の手", "url2": "https://www.kaigokensaku.mhlw.go.jp/01/index.php?action_kouhyou_detail_004_kani=true&JigyosyoCd=0190400689-00&ServiceCd=780&Type=search" }, "geometry": { "type": "Point", "coordinates": [ 141.29632289999995, 43.066504 ] } },
{ "type": "Feature", "properties": { "内容": "かがやき八軒デイサービス【地域密着型通所介護】北海道札幌市八軒６条西９丁目1-37かがやき八軒", "url2": "https://www.kaigokensaku.mhlw.go.jp/01/index.php?action_kouhyou_detail_004_kani=true&JigyosyoCd=0190401034-00&ServiceCd=780&Type=search" }, "geometry": { "type": "Point", "coordinates": [ 141.303518599999933, 43.094627882932762 ] } },
{ "type": "Feature", "properties": { "内容": "いきいきデイサービスげんきあっぷ【地域密着型通所介護】北海道札幌市西区山の手３条５丁目３－１S＆S山の手１階", "url2": "https://www.kaigokensaku.mhlw.go.jp/01/index.php?action_kouhyou_detail_004_kani=true&JigyosyoCd=0170402960-00&ServiceCd=780&Type=search" }, "geometry": { "type": "Point", "coordinates": [ 141.295828300000039, 43.0696813 ] } },
{ "type": "Feature", "properties": { "内容": "デイサービスこ花【地域密着型通所介護】札幌市西区平和２条４丁目11-8", "url2": "https://www.kaigokensaku.mhlw.go.jp/01/index.php?action_kouhyou_detail_004_kani=true&JigyosyoCd=0170402200-00&ServiceCd=780&Type=search" }, "geometry": { "type": "Point", "coordinates": [ 141.258237099999974, 43.0584899 ] } },
{ "type": "Feature", "properties": { "内容": "Valeur【地域密着型通所介護】北海道札幌市西区西野４条９丁目４－３８FUJIXビル・宮の丘パークマンション４階", "url2": "https://www.kaigokensaku.mhlw.go.jp/01/index.php?action_kouhyou_detail_004_kani=true&JigyosyoCd=0170403810-00&ServiceCd=780&Type=search" }, "geometry": { "type": "Point", "coordinates": [ 141.2670716, 43.0780516 ] } },
{ "type": "Feature", "properties": { "内容": "希望のつぼみ　琴似中央【地域密着型通所介護】北海道札幌市西区八軒6条東1丁目３－１２", "url2": "https://www.kaigokensaku.mhlw.go.jp/01/index.php?action_kouhyou_detail_004_kani=true&JigyosyoCd=0190401091-00&ServiceCd=780&Type=search" }, "geometry": { "type": "Point", "coordinates": [ 141.316925, 43.087037 ] } },
{ "type": "Feature", "properties": { "内容": "デイサービスアクア山の手【地域密着型通所介護】北海道札幌市西区山の手３条２丁目５－８アクア山の手ビル２F", "url2": "https://www.kaigokensaku.mhlw.go.jp/01/index.php?action_kouhyou_detail_004_kani=true&JigyosyoCd=0190401380-00&ServiceCd=780&Type=search" }, "geometry": { "type": "Point", "coordinates": [ 141.297723600000012, 43.0716267 ] } },
{ "type": "Feature", "properties": { "内容": "リハビリデイサービスnagomi西野店【地域密着型通所介護】北海道札幌市西区西野1条3丁目2-1西宏ビル", "url2": "https://www.kaigokensaku.mhlw.go.jp/01/index.php?action_kouhyou_detail_004_kani=true&JigyosyoCd=0170403240-00&ServiceCd=780&Type=search" }, "geometry": { "type": "Point", "coordinates": [ 141.284609400000022, 43.0768632 ] } },
{ "type": "Feature", "properties": { "内容": "リハビリデイ楽和発寒【地域密着型通所介護】北海道札幌市西区発寒6条7丁目2番3号", "url2": "https://www.kaigokensaku.mhlw.go.jp/01/index.php?action_kouhyou_detail_004_kani=true&JigyosyoCd=0170403935-00&ServiceCd=780&Type=search" }, "geometry": { "type": "Point", "coordinates": [ 141.2863142, 43.0884757 ] } },
{ "type": "Feature", "properties": { "内容": "ハイブリッドリハビリスタジオ　モエスタα山の手【地域密着型通所介護】北海道札幌市西区山の手１条１丁目３番地ＭＯＥ　Ｂｌｄｇ", "url2": "https://www.kaigokensaku.mhlw.go.jp/01/index.php?action_kouhyou_detail_004_kani=true&JigyosyoCd=0170403547-00&ServiceCd=780&Type=search" }, "geometry": { "type": "Point", "coordinates": [ 141.304297, 43.0694818 ] } },
{ "type": "Feature", "properties": { "内容": "リハビリ特化型デイサービスリハとも【地域密着型通所介護】北海道札幌市西区西野3条1丁目3-10", "url2": "https://www.kaigokensaku.mhlw.go.jp/01/index.php?action_kouhyou_detail_004_kani=true&JigyosyoCd=0190401455-00&ServiceCd=780&Type=search" }, "geometry": { "type": "Point", "coordinates": [ 141.2827617, 43.0720841 ] } },
{ "type": "Feature", "properties": { "内容": "デイサービスRe-Start【地域密着型通所介護】北海道札幌市西区発寒３条１丁目１０番６号", "url2": "https://www.kaigokensaku.mhlw.go.jp/01/index.php?action_kouhyou_detail_004_kani=true&JigyosyoCd=0190401695-00&ServiceCd=780&Type=search" }, "geometry": { "type": "Point", "coordinates": [ 141.300402596857111, 43.083856495663184 ] } },
{ "type": "Feature", "properties": { "内容": "デイサービス虹の丘WithDogRun【地域密着型通所介護】厚別西4条5丁目3-11デイサービス虹の丘WithDogRun", "url2": "https://www.kaigokensaku.mhlw.go.jp/01/index.php?action_kouhyou_detail_004_kani=true&JigyosyoCd=0170506976-00&ServiceCd=780&Type=search" }, "geometry": { "type": "Point", "coordinates": [ 141.4666479, 43.053461600000034 ] } },
{ "type": "Feature", "properties": { "内容": "レコードブック厚別【地域密着型通所介護】北海道札幌市厚別区厚別西三条1丁目4-17岩崎ビル1階", "url2": "https://www.kaigokensaku.mhlw.go.jp/01/index.php?action_kouhyou_detail_004_kani=true&JigyosyoCd=0190502724-00&ServiceCd=780&Type=search" }, "geometry": { "type": "Point", "coordinates": [ 141.459039, 43.048493 ] } },
{ "type": "Feature", "properties": { "内容": "オストケアデイサービスあつべつ【地域密着型通所介護】北海道札幌市厚別区もみじ台北6丁目1番30号イオルもみじ台内", "url2": "https://www.kaigokensaku.mhlw.go.jp/01/index.php?action_kouhyou_detail_004_kani=true&JigyosyoCd=0170510374-00&ServiceCd=780&Type=search" }, "geometry": { "type": "Point", "coordinates": [ 141.4914408, 43.0349476 ] } },
{ "type": "Feature", "properties": { "内容": "デイサービスののか【地域密着型通所介護】北海道札幌市厚別区上野幌１条２丁目２番３０号ケアセンターかりぷ・上野幌", "url2": "https://www.kaigokensaku.mhlw.go.jp/01/index.php?action_kouhyou_detail_004_kani=true&JigyosyoCd=0170507354-00&ServiceCd=780&Type=search" }, "geometry": { "type": "Point", "coordinates": [ 141.468767182803276, 43.019844353259032 ] } },
{ "type": "Feature", "properties": { "内容": "ディサービスセンターらいふてらす厚別南【地域密着型通所介護】北海道札幌市厚別区厚別南４丁目29-17", "url2": "https://www.kaigokensaku.mhlw.go.jp/01/index.php?action_kouhyou_detail_004_kani=true&JigyosyoCd=0170511026-00&ServiceCd=780&Type=search" }, "geometry": { "type": "Point", "coordinates": [ 141.4694819, 43.0237345 ] } },
{ "type": "Feature", "properties": { "内容": "デイサービス　ひだまり【地域密着型通所介護】北海道札幌市厚別区厚別中央4条4丁目2-3", "url2": "https://www.kaigokensaku.mhlw.go.jp/01/index.php?action_kouhyou_detail_004_kani=true&JigyosyoCd=0190502732-00&ServiceCd=780&Type=search" }, "geometry": { "type": "Point", "coordinates": [ 141.464788991468936, 43.043131271523286 ] } },
{ "type": "Feature", "properties": { "内容": "デイサービスクラールもみじ台【地域密着型通所介護】北海道札幌市厚別区もみじ台北6丁目1番6号", "url2": "https://www.kaigokensaku.mhlw.go.jp/01/index.php?action_kouhyou_detail_004_kani=true&JigyosyoCd=0170508014-00&ServiceCd=780&Type=search" }, "geometry": { "type": "Point", "coordinates": [ 141.491051700000071, 43.0349773 ] } },
{ "type": "Feature", "properties": { "内容": "新さっぽろ総合リハビリテーションセンター　フィジオコンセプト【地域密着型通所介護】北海道札幌市厚別区厚別中央2条4丁目6－30", "url2": "https://www.kaigokensaku.mhlw.go.jp/01/index.php?action_kouhyou_detail_004_kani=true&JigyosyoCd=0170510812-00&ServiceCd=780&Type=search" }, "geometry": { "type": "Point", "coordinates": [ 141.468503093254071, 43.038203800928898 ] } },
{ "type": "Feature", "properties": { "内容": "デイサービスセンターらいふてらす【地域密着型通所介護】北海道札幌市厚別区厚別東3条4丁目4番18号", "url2": "https://www.kaigokensaku.mhlw.go.jp/01/index.php?action_kouhyou_detail_004_kani=true&JigyosyoCd=0170509384-00&ServiceCd=780&Type=search" }, "geometry": { "type": "Point", "coordinates": [ 141.485024100000032, 43.0473342 ] } },
{ "type": "Feature", "properties": { "内容": "デイサービスセンター喜心【地域密着型通所介護】北海道札幌市手稲区西宮の沢３条１丁目12-15", "url2": "https://www.kaigokensaku.mhlw.go.jp/01/index.php?action_kouhyou_detail_004_kani=true&JigyosyoCd=0170403364-00&ServiceCd=780&Type=search" }, "geometry": { "type": "Point", "coordinates": [ 141.264112699999941, 43.0986717 ] } },
{ "type": "Feature", "properties": { "内容": "蓮の園【地域密着型通所介護】北海道札幌市手稲区稲穂2条1丁目1-1", "url2": "https://www.kaigokensaku.mhlw.go.jp/01/index.php?action_kouhyou_detail_004_kani=true&JigyosyoCd=0170403190-00&ServiceCd=780&Type=search" }, "geometry": { "type": "Point", "coordinates": [ 141.2358417, 43.1218312 ] } },
{ "type": "Feature", "properties": { "内容": "蓮の園　手稲金山【地域密着型通所介護】北海道札幌市手稲区金山1条2丁目3-22", "url2": "https://www.kaigokensaku.mhlw.go.jp/01/index.php?action_kouhyou_detail_004_kani=true&JigyosyoCd=0170404388-00&ServiceCd=780&Type=search" }, "geometry": { "type": "Point", "coordinates": [ 141.2078902, 43.1294533 ] } },
{ "type": "Feature", "properties": { "内容": "デイサービス　心の愛にこっと【地域密着型通所介護】西宮の沢２条４丁目１１番３４号", "url2": "https://www.kaigokensaku.mhlw.go.jp/01/index.php?action_kouhyou_detail_004_kani=true&JigyosyoCd=0190401521-00&ServiceCd=780&Type=search" }, "geometry": { "type": "Point", "coordinates": [ 141.2614067, 43.1049249 ] } },
{ "type": "Feature", "properties": { "内容": "デイサービス手稲【地域密着型通所介護】前田8条17丁目9番12号", "url2": "https://www.kaigokensaku.mhlw.go.jp/01/index.php?action_kouhyou_detail_004_kani=true&JigyosyoCd=0170404313-00&ServiceCd=780&Type=search" }, "geometry": { "type": "Point", "coordinates": [ 141.247078399999964, 43.1395224 ] } },
{ "type": "Feature", "properties": { "内容": "デイサービスあさの家【地域密着型通所介護】北海道札幌市手稲区曙十一条二丁目6番3号", "url2": "https://www.kaigokensaku.mhlw.go.jp/01/index.php?action_kouhyou_detail_004_kani=true&JigyosyoCd=0170402069-00&ServiceCd=780&Type=search" }, "geometry": { "type": "Point", "coordinates": [ 141.235448, 43.146634660902279 ] } },
{ "type": "Feature", "properties": { "内容": "デイサービス我が家手稲の家【地域密着型通所介護】北海道札幌市手稲区前田3条4丁目3－2", "url2": "https://www.kaigokensaku.mhlw.go.jp/01/index.php?action_kouhyou_detail_004_kani=true&JigyosyoCd=0170403067-00&ServiceCd=780&Type=search" }, "geometry": { "type": "Point", "coordinates": [ 141.264021238488567, 43.11507071402729 ] } },
{ "type": "Feature", "properties": { "内容": "地域密着型通所介護　デイサービスしゅん【地域密着型通所介護】札幌市手稲区新発寒７条４丁目6-26", "url2": "https://www.kaigokensaku.mhlw.go.jp/01/index.php?action_kouhyou_detail_004_kani=true&JigyosyoCd=0190401539-00&ServiceCd=780&Type=search" }, "geometry": { "type": "Point", "coordinates": [ 141.279110286508171, 43.119865618768792 ] } },
{ "type": "Feature", "properties": { "内容": "ジョイリハ西宮の沢【地域密着型通所介護】北海道札幌市手稲区西宮の沢2条4丁目11ｰ1", "url2": "https://www.kaigokensaku.mhlw.go.jp/01/index.php?action_kouhyou_detail_004_kani=true&JigyosyoCd=0190401471-00&ServiceCd=780&Type=search" }, "geometry": { "type": "Point", "coordinates": [ 141.2604959, 43.1041287 ] } },
{ "type": "Feature", "properties": { "内容": "デイサービス　にじいろ富丘店【地域密着型通所介護】富丘3条4丁目10-30キロバビル1階", "url2": "https://www.kaigokensaku.mhlw.go.jp/01/index.php?action_kouhyou_detail_004_kani=true&JigyosyoCd=0190401448-00&ServiceCd=780&Type=search" }, "geometry": { "type": "Point", "coordinates": [ 141.2500231, 43.1070726 ] } },
{ "type": "Feature", "properties": { "内容": "株式会社ライフルーツデイサービスいき【地域密着型通所介護】星置2条4丁目7-41", "url2": "https://www.kaigokensaku.mhlw.go.jp/01/index.php?action_kouhyou_detail_004_kani=true&JigyosyoCd=0190401265-00&ServiceCd=780&Type=search" }, "geometry": { "type": "Point", "coordinates": [ 141.259721399999989, 43.0877354 ] } },
{ "type": "Feature", "properties": { "内容": "神愛園手稲　デイサービスセンター【地域密着型通所介護】札幌市手稲区手稲金山１３３－５", "url2": "https://www.kaigokensaku.mhlw.go.jp/01/index.php?action_kouhyou_detail_004_kani=true&JigyosyoCd=0170401285-00&ServiceCd=780&Type=search" }, "geometry": { "type": "Point", "coordinates": [ 141.198835700000018, 43.1217812 ] } },
{ "type": "Feature", "properties": { "内容": "勤医協デイサービスあけぼの【地域密着型通所介護】北海道札幌市手稲区曙四条２丁目６番３２号", "url2": "https://www.kaigokensaku.mhlw.go.jp/01/index.php?action_kouhyou_detail_004_kani=true&JigyosyoCd=0190401133-00&ServiceCd=780&Type=search" }, "geometry": { "type": "Point", "coordinates": [ 141.2364849, 43.1318536 ] } },
{ "type": "Feature", "properties": { "内容": "歩きの専門デイサービス　マイホコ【地域密着型通所介護】北海道札幌市手稲区手稲本町１条３丁目６ー１５ヤマチビル　102号室", "url2": "https://www.kaigokensaku.mhlw.go.jp/01/index.php?action_kouhyou_detail_004_kani=true&JigyosyoCd=0190401661-00&ServiceCd=780&Type=search" }, "geometry": { "type": "Point", "coordinates": [ 141.2452218, 43.1188952 ] } },
{ "type": "Feature", "properties": { "内容": "デイサービスアクア富丘【地域密着型通所介護】北海道札幌市手稲区富丘2条4丁目1－28", "url2": "https://www.kaigokensaku.mhlw.go.jp/01/index.php?action_kouhyou_detail_004_kani=true&JigyosyoCd=0190401372-00&ServiceCd=780&Type=search" }, "geometry": { "type": "Point", "coordinates": [ 141.2519135, 43.1059469 ] } },
{ "type": "Feature", "properties": { "内容": "デイサービスセンター美しが丘テラス【地域密着型通所介護】北海道札幌市清田区美しが丘3条8丁目2-1", "url2": "https://www.kaigokensaku.mhlw.go.jp/01/index.php?action_kouhyou_detail_004_kani=true&JigyosyoCd=0170510341-00&ServiceCd=780&Type=search" }, "geometry": { "type": "Point", "coordinates": [ 141.462658, 42.976885916309023 ] } },
{ "type": "Feature", "properties": { "内容": "デイサービスこもく【地域密着型通所介護】北野5条5丁目12-20ディアネス５・５　1F", "url2": "https://www.kaigokensaku.mhlw.go.jp/01/index.php?action_kouhyou_detail_004_kani=true&JigyosyoCd=0190503698-00&ServiceCd=780&Type=search" }, "geometry": { "type": "Point", "coordinates": [ 141.4512942, 43.0148214 ] } },
{ "type": "Feature", "properties": { "内容": "デイサービスすこやかReha真栄【地域密着型通所介護】北海道札幌市清田区真栄4条2丁目20-10アクトピア真栄Ⅱ1階", "url2": "https://www.kaigokensaku.mhlw.go.jp/01/index.php?action_kouhyou_detail_004_kani=true&JigyosyoCd=0190503557-00&ServiceCd=780&Type=search" }, "geometry": { "type": "Point", "coordinates": [ 141.439145200000013, 42.9867021 ] } },
{ "type": "Feature", "properties": { "内容": "デイサービスセンター星のいえ【地域密着型通所介護】北海道札幌市清田区真栄4条5丁目10番21号", "url2": "https://www.kaigokensaku.mhlw.go.jp/01/index.php?action_kouhyou_detail_004_kani=true&JigyosyoCd=0190502849-00&ServiceCd=780&Type=search" }, "geometry": { "type": "Point", "coordinates": [ 141.448888, 42.9808297 ] } },
{ "type": "Feature", "properties": { "内容": "デイサービスセンター星のいえあしりべつ【地域密着型通所介護】清田１条３丁目７番５６号", "url2": "https://www.kaigokensaku.mhlw.go.jp/01/index.php?action_kouhyou_detail_004_kani=true&JigyosyoCd=0190503615-00&ServiceCd=780&Type=search" }, "geometry": { "type": "Point", "coordinates": [ 141.4430395, 43.001463099999981 ] } },
{ "type": "Feature", "properties": { "内容": "勤医協きよたデイサービスさんぽみち【地域密着型通所介護】北海道札幌市清田区清田1条2丁目５－８", "url2": "https://www.kaigokensaku.mhlw.go.jp/01/index.php?action_kouhyou_detail_004_kani=true&JigyosyoCd=0170510861-00&ServiceCd=780&Type=search" }, "geometry": { "type": "Point", "coordinates": [ 141.438761, 43.0046543 ] } },
{ "type": "Feature", "properties": { "内容": "デイサービスセンターらいふてらす清田３条【地域密着型通所介護】北海道札幌市清田区北野７条３丁目１９－１９", "url2": "https://www.kaigokensaku.mhlw.go.jp/01/index.php?action_kouhyou_detail_004_kani=true&JigyosyoCd=0170509194-00&ServiceCd=780&Type=search" }, "geometry": { "type": "Point", "coordinates": [ 141.440082973020822, 43.020755120532272 ] } },
{ "type": "Feature", "properties": { "内容": "デイサービス「いきいき広場」【地域密着型通所介護】札幌市清田区清田1条２丁目２－１　大滝ビル", "url2": "https://www.kaigokensaku.mhlw.go.jp/01/index.php?action_kouhyou_detail_004_kani=true&JigyosyoCd=0170501563-00&ServiceCd=780&Type=search" }, "geometry": { "type": "Point", "coordinates": [ 141.440191599999906, 43.0020018 ] } },
{ "type": "Feature", "properties": { "内容": "デイサービスえがおの花【地域密着型通所介護】札幌市清田区清田六条二丁目4-2", "url2": "https://www.kaigokensaku.mhlw.go.jp/01/index.php?action_kouhyou_detail_004_kani=true&JigyosyoCd=0190503185-00&ServiceCd=780&Type=search" }, "geometry": { "type": "Point", "coordinates": [ 141.4291389, 42.9943435 ] } },
{ "type": "Feature", "properties": { "内容": "デイサービスセンター香音清田【地域密着型通所介護】北海道札幌市清田区清田１条４丁目３−５７", "url2": "https://www.kaigokensaku.mhlw.go.jp/01/index.php?action_kouhyou_detail_004_kani=true&JigyosyoCd=0190503706-00&ServiceCd=780&Type=search" }, "geometry": { "type": "Point", "coordinates": [ 141.441260559524494, 43.000333869798105 ] } },
{ "type": "Feature", "properties": { "内容": "リハビリ美容デイサービス健康美【地域密着型通所介護】北海道札幌市清田区北野7条３丁目19-3", "url2": "https://www.kaigokensaku.mhlw.go.jp/01/index.php?action_kouhyou_detail_004_kani=true&JigyosyoCd=0170509244-00&ServiceCd=780&Type=search" }, "geometry": { "type": "Point", "coordinates": [ 141.43945999050402, 43.020288107703031 ] } },
{ "type": "Feature", "properties": { "内容": "レッツ倶楽部　札幌清田【地域密着型通所介護】北海道札幌市清田区清田3条2丁目1番21号", "url2": "https://www.kaigokensaku.mhlw.go.jp/01/index.php?action_kouhyou_detail_004_kani=true&JigyosyoCd=0170509525-00&ServiceCd=780&Type=search" }, "geometry": { "type": "Point", "coordinates": [ 141.4300786, 43.0021376 ] } },
{ "type": "Feature", "properties": { "内容": "デイサービスさとづか【地域密着型通所介護】北海道札幌市清田区里塚２条３丁目9-8ライズ里塚", "url2": "https://www.kaigokensaku.mhlw.go.jp/01/index.php?action_kouhyou_detail_004_kani=true&JigyosyoCd=0170508071-00&ServiceCd=780&Type=search" }, "geometry": { "type": "Point", "coordinates": [ 141.462685599999986, 42.9891649 ] } },
{ "type": "Feature", "properties": { "内容": "デイサービスセンター虹【地域密着型通所介護】函館市花園町26番18号-1", "url2": "https://www.kaigokensaku.mhlw.go.jp/01/index.php?action_kouhyou_detail_004_kani=true&JigyosyoCd=0171402720-00&ServiceCd=780&Type=search" }, "geometry": { "type": "Point", "coordinates": [ 140.780127265064493, 41.792469313376451 ] } },
{ "type": "Feature", "properties": { "内容": "デイサービスよしずみ東山【地域密着型通所介護】函館市東山３丁目３－２", "url2": "https://www.kaigokensaku.mhlw.go.jp/01/index.php?action_kouhyou_detail_004_kani=true&JigyosyoCd=0171402449-00&ServiceCd=780&Type=search" }, "geometry": { "type": "Point", "coordinates": [ 140.77698620000001, 41.8120211 ] } },
{ "type": "Feature", "properties": { "内容": "指定通所介護事業所　デイサービスセンター花園【地域密着型通所介護】北海道函館市花園町31番4号", "url2": "https://www.kaigokensaku.mhlw.go.jp/01/index.php?action_kouhyou_detail_004_kani=true&JigyosyoCd=0171400120-00&ServiceCd=780&Type=search" }, "geometry": { "type": "Point", "coordinates": [ 140.780309100000068, 41.7939592 ] } },
{ "type": "Feature", "properties": { "内容": "デイサービスセンター来夢【地域密着型通所介護】北海道函館市若松町22-1", "url2": "https://www.kaigokensaku.mhlw.go.jp/01/index.php?action_kouhyou_detail_004_kani=true&JigyosyoCd=0191401173-00&ServiceCd=780&Type=search" }, "geometry": { "type": "Point", "coordinates": [ 140.728649624276812, 41.774506744471651 ] } },
{ "type": "Feature", "properties": { "内容": "プラトー予防センター函館本店【地域密着型通所介護】函館市港町1丁目12-30", "url2": "https://www.kaigokensaku.mhlw.go.jp/01/index.php?action_kouhyou_detail_004_kani=true&JigyosyoCd=0171403272-00&ServiceCd=780&Type=search" }, "geometry": { "type": "Point", "coordinates": [ 140.728620099999944, 41.8038428 ] } },
{ "type": "Feature", "properties": { "内容": "HolisticTherapyStudio瑜伽【地域密着型通所介護】北海道函館市吉川町３番３０号", "url2": "https://www.kaigokensaku.mhlw.go.jp/01/index.php?action_kouhyou_detail_004_kani=true&JigyosyoCd=0171403710-00&ServiceCd=780&Type=search" }, "geometry": { "type": "Point", "coordinates": [ 140.729013146032685, 41.793022498442291 ] } },
{ "type": "Feature", "properties": { "内容": "本通デイサービス【地域密着型通所介護】北海道函館市本通２丁目14-18", "url2": "https://www.kaigokensaku.mhlw.go.jp/01/index.php?action_kouhyou_detail_004_kani=true&JigyosyoCd=0191401348-00&ServiceCd=780&Type=search" }, "geometry": { "type": "Point", "coordinates": [ 140.772957100000013, 41.79655 ] } },
{ "type": "Feature", "properties": { "内容": "百年の森函館【地域密着型通所介護】北海道函館市大川町１５−２０", "url2": "https://www.kaigokensaku.mhlw.go.jp/01/index.php?action_kouhyou_detail_004_kani=true&JigyosyoCd=0191401447-00&ServiceCd=780&Type=search" }, "geometry": { "type": "Point", "coordinates": [ 140.736887129626353, 41.800347018638909 ] } },
{ "type": "Feature", "properties": { "内容": "デイサービスセンターほのぼの【地域密着型通所介護】北海道函館市美原1-22-19", "url2": "https://www.kaigokensaku.mhlw.go.jp/01/index.php?action_kouhyou_detail_004_kani=true&JigyosyoCd=0171403405-00&ServiceCd=780&Type=search" }, "geometry": { "type": "Point", "coordinates": [ 140.753034709925856, 41.812786485457195 ] } },
{ "type": "Feature", "properties": { "内容": "リハビリデイサービスファン【地域密着型通所介護】北海道函館市美原２丁目４６番１号", "url2": "https://www.kaigokensaku.mhlw.go.jp/01/index.php?action_kouhyou_detail_004_kani=true&JigyosyoCd=0191401413-00&ServiceCd=780&Type=search" }, "geometry": { "type": "Point", "coordinates": [ 140.7591899, 41.8206634 ] } },
{ "type": "Feature", "properties": { "内容": "デイサービス高丘【地域密着型通所介護】函館市高丘町３１番６号", "url2": "https://www.kaigokensaku.mhlw.go.jp/01/index.php?action_kouhyou_detail_004_kani=true&JigyosyoCd=0171402456-00&ServiceCd=780&Type=search" }, "geometry": { "type": "Point", "coordinates": [ 140.804979300000014, 41.7897219 ] } },
{ "type": "Feature", "properties": { "内容": "デイサービスセンター萌だいこく【地域密着型通所介護】函館市弁天町11番4号", "url2": "https://www.kaigokensaku.mhlw.go.jp/01/index.php?action_kouhyou_detail_004_kani=true&JigyosyoCd=0191401405-00&ServiceCd=780&Type=search" }, "geometry": { "type": "Point", "coordinates": [ 140.704716754001993, 41.771887977732817 ] } },
{ "type": "Feature", "properties": { "内容": "アースサポート函館【地域密着型通所介護】北海道函館市富岡町３丁目１番１号", "url2": "https://www.kaigokensaku.mhlw.go.jp/01/index.php?action_kouhyou_detail_004_kani=true&JigyosyoCd=0191401595-00&ServiceCd=780&Type=search" }, "geometry": { "type": "Point", "coordinates": [ 140.752617, 41.8075652 ] } },
{ "type": "Feature", "properties": { "内容": "株式会社元気な介護　くらしさ函館本通デイサービスセンター【地域密着型通所介護】北海道函館市本通２丁目３２番1号", "url2": "https://www.kaigokensaku.mhlw.go.jp/01/index.php?action_kouhyou_detail_004_kani=true&JigyosyoCd=0191401587-00&ServiceCd=780&Type=search" }, "geometry": { "type": "Point", "coordinates": [ 140.772412, 41.797642 ] } },
{ "type": "Feature", "properties": { "内容": "グッドタイムホーム・桔梗【地域密着型通所介護】北海道函館市桔梗１丁目２７番８号グッドタイムホーム・桔梗", "url2": "https://www.kaigokensaku.mhlw.go.jp/01/index.php?action_kouhyou_detail_004_kani=true&JigyosyoCd=0191401454-00&ServiceCd=780&Type=search" }, "geometry": { "type": "Point", "coordinates": [ 140.7303733, 41.8260325 ] } },
{ "type": "Feature", "properties": { "内容": "アースサポート函館亀田港町【地域密着型通所介護】北海道函館市亀田港町４３－18", "url2": "https://www.kaigokensaku.mhlw.go.jp/01/index.php?action_kouhyou_detail_004_kani=true&JigyosyoCd=0171403389-00&ServiceCd=780&Type=search" }, "geometry": { "type": "Point", "coordinates": [ 140.724650699999984, 41.8100059 ] } },
{ "type": "Feature", "properties": { "内容": "デイサービスセンターひろば【地域密着型通所介護】北海道函館市本通1丁目22番13号ケア工房・一福", "url2": "https://www.kaigokensaku.mhlw.go.jp/01/index.php?action_kouhyou_detail_004_kani=true&JigyosyoCd=0171402977-00&ServiceCd=780&Type=search" }, "geometry": { "type": "Point", "coordinates": [ 140.742719425276761, 41.771513489825168 ] } },
{ "type": "Feature", "properties": { "内容": "デイサービスセンターみずほ【地域密着型通所介護】北海道函館市美原２-２３-１７", "url2": "https://www.kaigokensaku.mhlw.go.jp/01/index.php?action_kouhyou_detail_004_kani=true&JigyosyoCd=0171403306-00&ServiceCd=780&Type=search" }, "geometry": { "type": "Point", "coordinates": [ 140.758181199999967, 41.8177507 ] } },
{ "type": "Feature", "properties": { "内容": "デイサービスセンター花鈴【地域密着型通所介護】北海道函館市花園町40番11号", "url2": "https://www.kaigokensaku.mhlw.go.jp/01/index.php?action_kouhyou_detail_004_kani=true&JigyosyoCd=0171403835-00&ServiceCd=780&Type=search" }, "geometry": { "type": "Point", "coordinates": [ 140.778622359524547, 41.795829297916605 ] } },
{ "type": "Feature", "properties": { "内容": "デイハウス　アプタスくうら【地域密着型通所介護】函館市美原5丁目15番1号", "url2": "https://www.kaigokensaku.mhlw.go.jp/01/index.php?action_kouhyou_detail_004_kani=true&JigyosyoCd=0171403728-00&ServiceCd=780&Type=search" }, "geometry": { "type": "Point", "coordinates": [ 140.74930930000005, 41.8224495 ] } },
{ "type": "Feature", "properties": { "内容": "デイサービスセンターあーる【地域密着型通所介護】北海道函館市宮前町１０番９号", "url2": "https://www.kaigokensaku.mhlw.go.jp/01/index.php?action_kouhyou_detail_004_kani=true&JigyosyoCd=0171402894-00&ServiceCd=780&Type=search" }, "geometry": { "type": "Point", "coordinates": [ 134.387470399999984, 34.7596698 ] } },
{ "type": "Feature", "properties": { "内容": "デイサービス　シルバーおおなわ【地域密着型通所介護】北海道函館市大縄町1番4号", "url2": "https://www.kaigokensaku.mhlw.go.jp/01/index.php?action_kouhyou_detail_004_kani=true&JigyosyoCd=0171403462-00&ServiceCd=780&Type=search" }, "geometry": { "type": "Point", "coordinates": [ 140.733570800000052, 41.7780287 ] } },
{ "type": "Feature", "properties": { "内容": "デイハウス出逢い【地域密着型通所介護】北海道函館市富岡町1丁目9番4-1号デイハウス出逢い", "url2": "https://www.kaigokensaku.mhlw.go.jp/01/index.php?action_kouhyou_detail_004_kani=true&JigyosyoCd=0171402399-00&ServiceCd=780&Type=search" }, "geometry": { "type": "Point", "coordinates": [ 140.744621609821706, 41.803129204892016 ] } },
{ "type": "Feature", "properties": { "内容": "デイサロン乃木【地域密着型通所介護】北海道函館市乃木町4-36", "url2": "https://www.kaigokensaku.mhlw.go.jp/01/index.php?action_kouhyou_detail_004_kani=true&JigyosyoCd=0171403488-00&ServiceCd=780&Type=search" }, "geometry": { "type": "Point", "coordinates": [ 140.76457419999997, 41.7824431 ] } },
{ "type": "Feature", "properties": { "内容": "デイサロン　オリーブ【地域密着型通所介護】北海道函館市乃木町4-36", "url2": "https://www.kaigokensaku.mhlw.go.jp/01/index.php?action_kouhyou_detail_004_kani=true&JigyosyoCd=0171403645-00&ServiceCd=780&Type=search" }, "geometry": { "type": "Point", "coordinates": [ 140.764638, 41.7824542 ] } },
{ "type": "Feature", "properties": { "内容": "デイサービストップ【地域密着型通所介護】北海道函館市東山3丁目18番12号", "url2": "https://www.kaigokensaku.mhlw.go.jp/01/index.php?action_kouhyou_detail_004_kani=true&JigyosyoCd=0171403660-00&ServiceCd=780&Type=search" }, "geometry": { "type": "Point", "coordinates": [ 140.779305600000043, 41.8108102 ] } },
{ "type": "Feature", "properties": { "内容": "デイサービスセンターてまり【地域密着型通所介護】北海道函館市上野町7番30号", "url2": "https://www.kaigokensaku.mhlw.go.jp/01/index.php?action_kouhyou_detail_004_kani=true&JigyosyoCd=0171402951-00&ServiceCd=780&Type=search" }, "geometry": { "type": "Point", "coordinates": [ 140.80033, 41.7850582 ] } },
{ "type": "Feature", "properties": { "内容": "デイサービスセンター「松濤」【地域密着型通所介護】北海道函館市松風町１８番１５号", "url2": "https://www.kaigokensaku.mhlw.go.jp/01/index.php?action_kouhyou_detail_004_kani=true&JigyosyoCd=0171401177-00&ServiceCd=780&Type=search" }, "geometry": { "type": "Point", "coordinates": [ 140.732071099999985, 41.773168 ] } },
{ "type": "Feature", "properties": { "内容": "デーサービスセンターつばさ【地域密着型通所介護】北海道函館市山の手３丁目５１番１２号", "url2": "https://www.kaigokensaku.mhlw.go.jp/01/index.php?action_kouhyou_detail_004_kani=true&JigyosyoCd=0171400609-00&ServiceCd=780&Type=search" }, "geometry": { "type": "Point", "coordinates": [ 140.785961300000054, 41.8039056 ] } },
{ "type": "Feature", "properties": { "内容": "デイサービスセンターながだい【地域密着型通所介護】北海道函館市日吉町3-39-24　2F", "url2": "https://www.kaigokensaku.mhlw.go.jp/01/index.php?action_kouhyou_detail_004_kani=true&JigyosyoCd=0171402423-00&ServiceCd=780&Type=search" }, "geometry": { "type": "Point", "coordinates": [ 140.783503399999972, 41.7943676 ] } },
{ "type": "Feature", "properties": { "内容": "デイサービスＰｅａｋＡｓｓｉｓｔａｎｃｅ函館本通【地域密着型通所介護】北海道函館市本通１丁目３６番３０号", "url2": "https://www.kaigokensaku.mhlw.go.jp/01/index.php?action_kouhyou_detail_004_kani=true&JigyosyoCd=0191400977-00&ServiceCd=780&Type=search" }, "geometry": { "type": "Point", "coordinates": [ 140.762876099999971, 41.7999248 ] } },
{ "type": "Feature", "properties": { "内容": "デイサービスセンターみずほ本通【地域密着型通所介護】北海道函館市本通１丁目10番2号", "url2": "https://www.kaigokensaku.mhlw.go.jp/01/index.php?action_kouhyou_detail_004_kani=true&JigyosyoCd=0191400993-00&ServiceCd=780&Type=search" }, "geometry": { "type": "Point", "coordinates": [ 140.763648200000034, 41.795072 ] } },
{ "type": "Feature", "properties": { "内容": "グランユニライフデイサービスセンター函館湯の川【地域密着型通所介護】北海道函館市湯川町1丁目13番3号グランメゾン迎賓館　函館湯の川内", "url2": "https://www.kaigokensaku.mhlw.go.jp/01/index.php?action_kouhyou_detail_004_kani=true&JigyosyoCd=0191401017-00&ServiceCd=780&Type=search" }, "geometry": { "type": "Point", "coordinates": [ 140.782270161376942, 41.777215364375344 ] } },
{ "type": "Feature", "properties": { "内容": "デイサービスここわ【地域密着型通所介護】北海道函館市富岡町1丁目21番14号", "url2": "https://www.kaigokensaku.mhlw.go.jp/01/index.php?action_kouhyou_detail_004_kani=true&JigyosyoCd=0191400795-00&ServiceCd=780&Type=search" }, "geometry": { "type": "Point", "coordinates": [ 140.742391, 41.8048368 ] } },
{ "type": "Feature", "properties": { "内容": "デイサービスカイリ【地域密着型通所介護】北海道函館市高丘町30番20号見晴ハイツ1F", "url2": "https://www.kaigokensaku.mhlw.go.jp/01/index.php?action_kouhyou_detail_004_kani=true&JigyosyoCd=0191401116-00&ServiceCd=780&Type=search" }, "geometry": { "type": "Point", "coordinates": [ 140.80567110000004, 41.7896051 ] } },
{ "type": "Feature", "properties": { "内容": "デイサービスセンターほたる【地域密着型通所介護】北海道函館市本通2丁目55番16号1階レイリーナ貸しテナント1階", "url2": "https://www.kaigokensaku.mhlw.go.jp/01/index.php?action_kouhyou_detail_004_kani=true&JigyosyoCd=0191400845-00&ServiceCd=780&Type=search" }, "geometry": { "type": "Point", "coordinates": [ 140.768109200000026, 41.802322 ] } },
{ "type": "Feature", "properties": { "内容": "デイサービス花のん【地域密着型通所介護】北海道函館市西旭岡町一丁目23番地3", "url2": "https://www.kaigokensaku.mhlw.go.jp/01/index.php?action_kouhyou_detail_004_kani=true&JigyosyoCd=0191401280-00&ServiceCd=780&Type=search" }, "geometry": { "type": "Point", "coordinates": [ 140.8207452, 41.797018 ] } },
{ "type": "Feature", "properties": { "内容": "デイサービス飛鳥【地域密着型通所介護】北海道函館市富岡町3丁目30番27号", "url2": "https://www.kaigokensaku.mhlw.go.jp/01/index.php?action_kouhyou_detail_004_kani=true&JigyosyoCd=0191401066-00&ServiceCd=780&Type=search" }, "geometry": { "type": "Point", "coordinates": [ 140.75068310000006, 41.812238300000011 ] } },
{ "type": "Feature", "properties": { "内容": "地域密着型通所介護事業所　みなみかやべ荘【地域密着型通所介護】函館市川汲町986番地13", "url2": "https://www.kaigokensaku.mhlw.go.jp/01/index.php?action_kouhyou_detail_004_kani=true&JigyosyoCd=0191401074-00&ServiceCd=780&Type=search" }, "geometry": { "type": "Point", "coordinates": [ 140.986169574343876, 41.9012897833884 ] } },
{ "type": "Feature", "properties": { "内容": "デイサービスセンターこうじゅ【地域密着型通所介護】北海道函館市亀田町7番1号", "url2": "https://www.kaigokensaku.mhlw.go.jp/01/index.php?action_kouhyou_detail_004_kani=true&JigyosyoCd=0191400399-00&ServiceCd=780&Type=search" }, "geometry": { "type": "Point", "coordinates": [ 140.734324500000014, 41.7922173 ] } },
{ "type": "Feature", "properties": { "内容": "デイサービスみやまえ【地域密着型通所介護】北海道函館市宮前町27番11号", "url2": "https://www.kaigokensaku.mhlw.go.jp/01/index.php?action_kouhyou_detail_004_kani=true&JigyosyoCd=0191401421-00&ServiceCd=780&Type=search" }, "geometry": { "type": "Point", "coordinates": [ 140.738298136840029, 41.790815756307445 ] } },
{ "type": "Feature", "properties": { "内容": "デイサービスＳａｉｔａ【地域密着型通所介護】北海道函館市東山２丁目６３番１９号", "url2": "https://www.kaigokensaku.mhlw.go.jp/01/index.php?action_kouhyou_detail_004_kani=true&JigyosyoCd=0191401579-00&ServiceCd=780&Type=search" }, "geometry": { "type": "Point", "coordinates": [ 140.7772546, 41.8096796 ] } },
{ "type": "Feature", "properties": { "内容": "山びこフィット【地域密着型通所介護】北海道函館市神山３丁目35-6", "url2": "https://www.kaigokensaku.mhlw.go.jp/01/index.php?action_kouhyou_detail_004_kani=true&JigyosyoCd=0191401637-00&ServiceCd=780&Type=search" }, "geometry": { "type": "Point", "coordinates": [ 140.7676606, 41.818324 ] } },
{ "type": "Feature", "properties": { "内容": "プレイリハビリテーションセンター【地域密着型通所介護】北海道函館市湯川2丁目43-4", "url2": "https://www.kaigokensaku.mhlw.go.jp/01/index.php?action_kouhyou_detail_004_kani=true&JigyosyoCd=0191401223-00&ServiceCd=780&Type=search" }, "geometry": { "type": "Point", "coordinates": [ 140.7880946, 41.7852547 ] } },
{ "type": "Feature", "properties": { "内容": "恵山恵愛会デイサービスセンター【地域密着型通所介護】北海道函館市柏野町１１７番地", "url2": "https://www.kaigokensaku.mhlw.go.jp/01/index.php?action_kouhyou_detail_004_kani=true&JigyosyoCd=0171500184-00&ServiceCd=780&Type=search" }, "geometry": { "type": "Point", "coordinates": [ 141.154155700000047, 41.790963 ] } },
{ "type": "Feature", "properties": { "内容": "デイサービスらいふ赤川【地域密着型通所介護】函館市赤川１丁目２番５号", "url2": "https://www.kaigokensaku.mhlw.go.jp/01/index.php?action_kouhyou_detail_004_kani=true&JigyosyoCd=0171402274-00&ServiceCd=780&Type=search" }, "geometry": { "type": "Point", "coordinates": [ 140.760467, 41.8237775 ] } },
{ "type": "Feature", "properties": { "内容": "デイサービスチャコ【地域密着型通所介護】北海道函館市本通2丁目52-11", "url2": "https://www.kaigokensaku.mhlw.go.jp/01/index.php?action_kouhyou_detail_004_kani=true&JigyosyoCd=0191401397-00&ServiceCd=780&Type=search" }, "geometry": { "type": "Point", "coordinates": [ 140.7692788, 41.80163710000005 ] } },
{ "type": "Feature", "properties": { "内容": "共生型デイサービスプレイ&コロコロ@花園【地域密着型通所介護】北海道函館市花園町26-18-1", "url2": "https://www.kaigokensaku.mhlw.go.jp/01/index.php?action_kouhyou_detail_004_kani=true&JigyosyoCd=0191401553-00&ServiceCd=780&Type=search" }, "geometry": { "type": "Point", "coordinates": [ 140.7802115, 41.7924399 ] } },
{ "type": "Feature", "properties": { "内容": "デイサービスみすず【地域密着型通所介護】北海道函館市宮前町3番20号フレンシア宮前", "url2": "https://www.kaigokensaku.mhlw.go.jp/01/index.php?action_kouhyou_detail_004_kani=true&JigyosyoCd=0191401629-00&ServiceCd=780&Type=search" }, "geometry": { "type": "Point", "coordinates": [ 140.739812, 41.7883121 ] } },
{ "type": "Feature", "properties": { "内容": "デイサービス　ゆらぎ【地域密着型通所介護】北海道小樽市朝里川温泉1―306－39", "url2": "https://www.kaigokensaku.mhlw.go.jp/01/index.php?action_kouhyou_detail_004_kani=true&JigyosyoCd=0172001794-00&ServiceCd=780&Type=search" }, "geometry": { "type": "Point", "coordinates": [ 141.039510970834158, 43.154611152664565 ] } },
{ "type": "Feature", "properties": { "内容": "デイサービス　リルポンド【地域密着型通所介護】北海道小樽市最上1丁目33番17号", "url2": "https://www.kaigokensaku.mhlw.go.jp/01/index.php?action_kouhyou_detail_004_kani=true&JigyosyoCd=0192000412-00&ServiceCd=780&Type=search" }, "geometry": { "type": "Point", "coordinates": [ 140.9785819, 43.1820603 ] } },
{ "type": "Feature", "properties": { "内容": "松島内科デイサービス【地域密着型通所介護】北海道小樽市緑１丁目１９番１号", "url2": "https://www.kaigokensaku.mhlw.go.jp/01/index.php?action_kouhyou_detail_004_kani=true&JigyosyoCd=0172001158-00&ServiceCd=780&Type=search" }, "geometry": { "type": "Point", "coordinates": [ 140.989340399999946, 43.189148 ] } },
{ "type": "Feature", "properties": { "内容": "社会福祉法人塩谷福祉会【地域密着型通所介護】北海道小樽市塩谷4丁目72番地", "url2": "https://www.kaigokensaku.mhlw.go.jp/01/index.php?action_kouhyou_detail_004_kani=true&JigyosyoCd=0192000529-00&ServiceCd=780&Type=search" }, "geometry": { "type": "Point", "coordinates": [ 140.933393099999989, 43.1968952 ] } },
{ "type": "Feature", "properties": { "内容": "札樽病院リハビリデイサービスセンターひまわり【地域密着型通所介護】小樽市朝里2丁目3番12号", "url2": "https://www.kaigokensaku.mhlw.go.jp/01/index.php?action_kouhyou_detail_004_kani=true&JigyosyoCd=0172001232-00&ServiceCd=780&Type=search" }, "geometry": { "type": "Point", "coordinates": [ 141.054043900000011, 43.1779371 ] } },
{ "type": "Feature", "properties": { "内容": "デイサービスセンター夢のみずうみ村生きがいサロン銭函【地域密着型通所介護】北海道小樽市銭函２丁目２-１６", "url2": "https://www.kaigokensaku.mhlw.go.jp/01/index.php?action_kouhyou_detail_004_kani=true&JigyosyoCd=0172002321-00&ServiceCd=780&Type=search" }, "geometry": { "type": "Point", "coordinates": [ 141.161484400000063, 43.1432055 ] } },
{ "type": "Feature", "properties": { "内容": "デイサービス夢楽人　銭函店【地域密着型通所介護】北海道小樽市銭函2丁目23番2号", "url2": "https://www.kaigokensaku.mhlw.go.jp/01/index.php?action_kouhyou_detail_004_kani=true&JigyosyoCd=0192000354-00&ServiceCd=780&Type=search" }, "geometry": { "type": "Point", "coordinates": [ 141.160090299999979, 43.1401502 ] } },
{ "type": "Feature", "properties": { "内容": "デイサービス希望の杜【地域密着型通所介護】小樽市色内３丁目２番８号", "url2": "https://www.kaigokensaku.mhlw.go.jp/01/index.php?action_kouhyou_detail_004_kani=true&JigyosyoCd=0172001489-00&ServiceCd=780&Type=search" }, "geometry": { "type": "Point", "coordinates": [ 140.99806650000005, 43.2032633 ] } },
{ "type": "Feature", "properties": { "内容": "デイサービスあじさい【地域密着型通所介護】北海道小樽市潮見台２丁目３番４号", "url2": "https://www.kaigokensaku.mhlw.go.jp/01/index.php?action_kouhyou_detail_004_kani=true&JigyosyoCd=0192000586-00&ServiceCd=780&Type=search" }, "geometry": { "type": "Point", "coordinates": [ 141.009550600000011, 43.1766919 ] } },
{ "type": "Feature", "properties": { "内容": "南樽デイサービス【地域密着型通所介護】北海道小樽市入船4丁目17番12号", "url2": "https://www.kaigokensaku.mhlw.go.jp/01/index.php?action_kouhyou_detail_004_kani=true&JigyosyoCd=0192000453-00&ServiceCd=780&Type=search" }, "geometry": { "type": "Point", "coordinates": [ 140.992850800000014, 43.1797154 ] } },
{ "type": "Feature", "properties": { "内容": "デイサービスいるか【地域密着型通所介護】北海道小樽市富岡1丁目18番地", "url2": "https://www.kaigokensaku.mhlw.go.jp/01/index.php?action_kouhyou_detail_004_kani=true&JigyosyoCd=0192000537-00&ServiceCd=780&Type=search" }, "geometry": { "type": "Point", "coordinates": [ 140.9894424, 43.194587 ] } },
{ "type": "Feature", "properties": { "内容": "デイサービスあ～ねすと【地域密着型通所介護】北海道小樽市桜1丁目23番15号", "url2": "https://www.kaigokensaku.mhlw.go.jp/01/index.php?action_kouhyou_detail_004_kani=true&JigyosyoCd=0172001570-00&ServiceCd=780&Type=search" }, "geometry": { "type": "Point", "coordinates": [ 141.030123799999956, 43.1736061 ] } },
{ "type": "Feature", "properties": { "内容": "機能訓練デイサービスつばさ【地域密着型通所介護】北海道小樽市高島5丁目9番7号", "url2": "https://www.kaigokensaku.mhlw.go.jp/01/index.php?action_kouhyou_detail_004_kani=true&JigyosyoCd=0172002107-00&ServiceCd=780&Type=search" }, "geometry": { "type": "Point", "coordinates": [ 141.002279277909793, 43.225770009567945 ] } },
{ "type": "Feature", "properties": { "内容": "スローフィットデイはびる【地域密着型通所介護】北海道小樽市緑2丁目1番8号2階", "url2": "https://www.kaigokensaku.mhlw.go.jp/01/index.php?action_kouhyou_detail_004_kani=true&JigyosyoCd=0172001737-00&ServiceCd=780&Type=search" }, "geometry": { "type": "Point", "coordinates": [ 140.98894329999996, 43.1874537 ] } },
{ "type": "Feature", "properties": { "内容": "デイサービスゆらぎの家【地域密着型通所介護】小樽市朝里川温泉1丁目219番1号", "url2": "https://www.kaigokensaku.mhlw.go.jp/01/index.php?action_kouhyou_detail_004_kani=true&JigyosyoCd=0172001828-00&ServiceCd=780&Type=search" }, "geometry": { "type": "Point", "coordinates": [ 141.041595700000016, 43.1561585 ] } },
{ "type": "Feature", "properties": { "内容": "リハビリ特化型通所介護らく楽リハビリー【地域密着型通所介護】北海道小樽市銭函2丁目36-113フューデイズコンドミニアム銭函203", "url2": "https://www.kaigokensaku.mhlw.go.jp/01/index.php?action_kouhyou_detail_004_kani=true&JigyosyoCd=0172001950-00&ServiceCd=780&Type=search" }, "geometry": { "type": "Point", "coordinates": [ 141.162730619573949, 43.143451948437409 ] } },
{ "type": "Feature", "properties": { "内容": "デイサービスさんぽみち【地域密着型通所介護】北海道小樽市若松１丁目8番21号", "url2": "https://www.kaigokensaku.mhlw.go.jp/01/index.php?action_kouhyou_detail_004_kani=true&JigyosyoCd=0172002040-00&ServiceCd=780&Type=search" }, "geometry": { "type": "Point", "coordinates": [ 141.007729661515782, 43.183887478017155 ] } },
{ "type": "Feature", "properties": { "内容": "ユイ・ドリーム館【地域密着型通所介護】北海道小樽市手宮1丁目5番30号総合福祉センター", "url2": "https://www.kaigokensaku.mhlw.go.jp/01/index.php?action_kouhyou_detail_004_kani=true&JigyosyoCd=0172001869-00&ServiceCd=780&Type=search" }, "geometry": { "type": "Point", "coordinates": [ 141.011245300000041, 43.212768 ] } },
{ "type": "Feature", "properties": { "内容": "LIFE　REHABILITATION　希望のつぼみ銭函【地域密着型通所介護】小樽市銭函3丁目186‐21", "url2": "https://www.kaigokensaku.mhlw.go.jp/01/index.php?action_kouhyou_detail_004_kani=true&JigyosyoCd=0172002230-00&ServiceCd=780&Type=search" }, "geometry": { "type": "Point", "coordinates": [ 141.1757973, 43.1436781 ] } },
{ "type": "Feature", "properties": { "内容": "デイサービスセンター　滝の湯【地域密着型通所介護】北海道小樽市高島2-13-1", "url2": "https://www.kaigokensaku.mhlw.go.jp/01/index.php?action_kouhyou_detail_004_kani=true&JigyosyoCd=0172000671-00&ServiceCd=780&Type=search" }, "geometry": { "type": "Point", "coordinates": [ 141.010000499999933, 43.2194312 ] } },
{ "type": "Feature", "properties": { "内容": "自立支援デイサービスつばさ【地域密着型通所介護】北海道小樽市清水町20番6号", "url2": "https://www.kaigokensaku.mhlw.go.jp/01/index.php?action_kouhyou_detail_004_kani=true&JigyosyoCd=0192000594-00&ServiceCd=780&Type=search" }, "geometry": { "type": "Point", "coordinates": [ 140.9871254, 43.2149093 ] } },
{ "type": "Feature", "properties": { "内容": "地域共生ホームみんなの家【地域密着型通所介護】北海道小樽市相生町５番１９", "url2": "https://www.kaigokensaku.mhlw.go.jp/01/index.php?action_kouhyou_detail_004_kani=true&JigyosyoCd=0192000404-00&ServiceCd=780&Type=search" }, "geometry": { "type": "Point", "coordinates": [ 141.00455009999996, 43.1909007 ] } },
{ "type": "Feature", "properties": { "内容": "デイサービスセンターゆあみ茶屋小樽オタモイ【地域密着型通所介護】北海道小樽市オタモイ1丁目10－2", "url2": "https://www.kaigokensaku.mhlw.go.jp/01/index.php?action_kouhyou_detail_004_kani=true&JigyosyoCd=0192000305-00&ServiceCd=780&Type=search" }, "geometry": { "type": "Point", "coordinates": [ 140.959915599999931, 43.2151003 ] } },
{ "type": "Feature", "properties": { "内容": "デイサービスセンター壽【地域密着型通所介護】北海道小樽市入船4丁目5番15号カーム入船", "url2": "https://www.kaigokensaku.mhlw.go.jp/01/index.php?action_kouhyou_detail_004_kani=true&JigyosyoCd=0192000446-00&ServiceCd=780&Type=search" }, "geometry": { "type": "Point", "coordinates": [ 140.998363887591125, 43.182192916524919 ] } },
{ "type": "Feature", "properties": { "内容": "デイサービスほーぷ【地域密着型通所介護】北海道小樽市稲穂3丁目6番110号小樽グランドパレス　1階", "url2": "https://www.kaigokensaku.mhlw.go.jp/01/index.php?action_kouhyou_detail_004_kani=true&JigyosyoCd=0192000396-00&ServiceCd=780&Type=search" }, "geometry": { "type": "Point", "coordinates": [ 140.99527064232791, 43.199496521690307 ] } },
{ "type": "Feature", "properties": { "内容": "デイサービスStick【地域密着型通所介護】北海道小樽市花園3丁目4番6号ロアールビル1F", "url2": "https://www.kaigokensaku.mhlw.go.jp/01/index.php?action_kouhyou_detail_004_kani=true&JigyosyoCd=0192000339-00&ServiceCd=780&Type=search" }, "geometry": { "type": "Point", "coordinates": [ 141.001728, 43.1904035 ] } },
{ "type": "Feature", "properties": { "内容": "デイサービスセンターいちご【地域密着型通所介護】北海道小樽市最上1丁目25番4号4号", "url2": "https://www.kaigokensaku.mhlw.go.jp/01/index.php?action_kouhyou_detail_004_kani=true&JigyosyoCd=0192000578-00&ServiceCd=780&Type=search" }, "geometry": { "type": "Point", "coordinates": [ 140.9803009, 43.1828476 ] } },
{ "type": "Feature", "properties": { "内容": "ケアサービスさくら【地域密着型通所介護】北海道小樽市末広町32番12号", "url2": "https://www.kaigokensaku.mhlw.go.jp/01/index.php?action_kouhyou_detail_004_kani=true&JigyosyoCd=0192000388-00&ServiceCd=780&Type=search" }, "geometry": { "type": "Point", "coordinates": [ 140.995810506745897, 43.217767871190752 ] } },
{ "type": "Feature", "properties": { "内容": "デイサービスＷａｌｋ【地域密着型通所介護】北海道小樽市稲穂1丁目2-10", "url2": "https://www.kaigokensaku.mhlw.go.jp/01/index.php?action_kouhyou_detail_004_kani=true&JigyosyoCd=0192060952-00&ServiceCd=780&Type=search" }, "geometry": { "type": "Point", "coordinates": [ 140.999410319014345, 43.196027173607831 ] } },
{ "type": "Feature", "properties": { "内容": "短時間デイサービス　スマリハ小樽【地域密着型通所介護】北海道小樽市入船１丁目1-14", "url2": "https://www.kaigokensaku.mhlw.go.jp/01/index.php?action_kouhyou_detail_004_kani=true&JigyosyoCd=0192061000-00&ServiceCd=780&Type=search" }, "geometry": { "type": "Point", "coordinates": [ 141.0060096, 43.1896016 ] } },
{ "type": "Feature", "properties": { "内容": "リハビリ特化型デイサービス　すたいる【地域密着型通所介護】北海道旭川市５条通１８丁目2195-2", "url2": "https://www.kaigokensaku.mhlw.go.jp/01/index.php?action_kouhyou_detail_004_kani=true&JigyosyoCd=0172905721-00&ServiceCd=780&Type=search" }, "geometry": { "type": "Point", "coordinates": [ 142.377960348548896, 43.765382511001945 ] } },
{ "type": "Feature", "properties": { "内容": "デイサービスセンター　しあわせ【地域密着型通所介護】北海道旭川市７条通１８丁目９１番地の１２デイサービスセンター　しあわせ", "url2": "https://www.kaigokensaku.mhlw.go.jp/01/index.php?action_kouhyou_detail_004_kani=true&JigyosyoCd=0172906224-00&ServiceCd=780&Type=search" }, "geometry": { "type": "Point", "coordinates": [ 142.3782953, 43.7674668 ] } },
{ "type": "Feature", "properties": { "内容": "デイサービスセンターうさぎ【地域密着型通所介護】北海道旭川市１条１９丁目１４７８番１号", "url2": "https://www.kaigokensaku.mhlw.go.jp/01/index.php?action_kouhyou_detail_004_kani=true&JigyosyoCd=0192902674-00&ServiceCd=780&Type=search" }, "geometry": { "type": "Point", "coordinates": [ 142.3769689, 43.7609287 ] } },
{ "type": "Feature", "properties": { "内容": "デイサービスセンター希望のつぼみ【地域密着型通所介護】北海道旭川市神楽岡9条6丁目2-15", "url2": "https://www.kaigokensaku.mhlw.go.jp/01/index.php?action_kouhyou_detail_004_kani=true&JigyosyoCd=0192902393-00&ServiceCd=780&Type=search" }, "geometry": { "type": "Point", "coordinates": [ 142.3680061, 43.7381922 ] } },
{ "type": "Feature", "properties": { "内容": "デイサービスセンターＥはうす【地域密着型通所介護】北海道旭川市豊岡13条6丁目4番7号", "url2": "https://www.kaigokensaku.mhlw.go.jp/01/index.php?action_kouhyou_detail_004_kani=true&JigyosyoCd=0172904831-00&ServiceCd=780&Type=search" }, "geometry": { "type": "Point", "coordinates": [ 142.411157900000035, 43.7705181 ] } },
{ "type": "Feature", "properties": { "内容": "デイサービスセンターいちい住吉【地域密着型通所介護】北海道旭川市住吉４条１丁目４番５号", "url2": "https://www.kaigokensaku.mhlw.go.jp/01/index.php?action_kouhyou_detail_004_kani=true&JigyosyoCd=0192902500-00&ServiceCd=780&Type=search" }, "geometry": { "type": "Point", "coordinates": [ 142.352513400000021, 43.7945378 ] } },
{ "type": "Feature", "properties": { "内容": "デイサービスセンターいちいのなかま【地域密着型通所介護】北海道旭川市神楽５条１１丁目5-16", "url2": "https://www.kaigokensaku.mhlw.go.jp/01/index.php?action_kouhyou_detail_004_kani=true&JigyosyoCd=0192902450-00&ServiceCd=780&Type=search" }, "geometry": { "type": "Point", "coordinates": [ 142.353684500000014, 43.7528927 ] } },
{ "type": "Feature", "properties": { "内容": "Pa・たから【地域密着型通所介護】北海道旭川市秋月２条２丁目１１番１４号", "url2": "https://www.kaigokensaku.mhlw.go.jp/01/index.php?action_kouhyou_detail_004_kani=true&JigyosyoCd=0192902641-00&ServiceCd=780&Type=search" }, "geometry": { "type": "Point", "coordinates": [ 142.391412300000013, 43.7910438 ] } },
{ "type": "Feature", "properties": { "内容": "デイサービスあんじゅ【地域密着型通所介護】北海道旭川市３条通２０丁目８１１-２", "url2": "https://www.kaigokensaku.mhlw.go.jp/01/index.php?action_kouhyou_detail_004_kani=true&JigyosyoCd=0172904500-00&ServiceCd=780&Type=search" }, "geometry": { "type": "Point", "coordinates": [ 142.378576100000032, 43.7620119 ] } },
{ "type": "Feature", "properties": { "内容": "株式会社　スマイルライフ【地域密着型通所介護】北海道旭川市忠和6条2丁目1番8号", "url2": "https://www.kaigokensaku.mhlw.go.jp/01/index.php?action_kouhyou_detail_004_kani=true&JigyosyoCd=0192902914-00&ServiceCd=780&Type=search" }, "geometry": { "type": "Point", "coordinates": [ 142.308963799999958, 43.7786472 ] } },
{ "type": "Feature", "properties": { "内容": "LifeSupportGarageSTEPONEアビリティ【地域密着型通所介護】北海道旭川市旭町１条２０丁目２９８７－２６", "url2": "https://www.kaigokensaku.mhlw.go.jp/01/index.php?action_kouhyou_detail_004_kani=true&JigyosyoCd=0172905911-00&ServiceCd=780&Type=search" }, "geometry": { "type": "Point", "coordinates": [ 142.336117400000035, 43.7981257 ] } },
{ "type": "Feature", "properties": { "内容": "でいさーびすりはすたじおねくすとすえひろ【地域密着型通所介護】旭川市末広東１条７丁目１－５", "url2": "https://www.kaigokensaku.mhlw.go.jp/01/index.php?action_kouhyou_detail_004_kani=true&JigyosyoCd=0192902971-00&ServiceCd=780&Type=search" }, "geometry": { "type": "Point", "coordinates": [ 142.393488, 43.8082579 ] } },
{ "type": "Feature", "properties": { "内容": "グッドタイムクラブ・旭川【地域密着型通所介護】北海道旭川市5条通19丁目1717-82エンドレス5191階", "url2": "https://www.kaigokensaku.mhlw.go.jp/01/index.php?action_kouhyou_detail_004_kani=true&JigyosyoCd=0192902997-00&ServiceCd=780&Type=search" }, "geometry": { "type": "Point", "coordinates": [ 142.378961299999986, 43.764631 ] } },
{ "type": "Feature", "properties": { "内容": "ぽかぽか【地域密着型通所介護】北海道旭川市秋月2条2丁目11－14", "url2": "https://www.kaigokensaku.mhlw.go.jp/01/index.php?action_kouhyou_detail_004_kani=true&JigyosyoCd=0192903045-00&ServiceCd=780&Type=search" }, "geometry": { "type": "Point", "coordinates": [ 142.3913651, 43.7910257 ] } },
{ "type": "Feature", "properties": { "内容": "デイサービスセンター元気さん【地域密着型通所介護】旭川市９条通１０丁目２１９１", "url2": "https://www.kaigokensaku.mhlw.go.jp/01/index.php?action_kouhyou_detail_004_kani=true&JigyosyoCd=0192903003-00&ServiceCd=780&Type=search" }, "geometry": { "type": "Point", "coordinates": [ 142.368077800000037, 43.772982900000017 ] } },
{ "type": "Feature", "properties": { "内容": "デイサービス　シマエナガ【地域密着型通所介護】北海道旭川市豊岡2条2丁目6番20号", "url2": "https://www.kaigokensaku.mhlw.go.jp/01/index.php?action_kouhyou_detail_004_kani=true&JigyosyoCd=0192903078-00&ServiceCd=780&Type=search" }, "geometry": { "type": "Point", "coordinates": [ 142.3945563, 43.7568115 ] } },
{ "type": "Feature", "properties": { "内容": "デイサービスいなほの郷【地域密着型通所介護】北海道旭川市東光1条1丁目2－8一条ケアセンター2階", "url2": "https://www.kaigokensaku.mhlw.go.jp/01/index.php?action_kouhyou_detail_004_kani=true&JigyosyoCd=0172902876-00&ServiceCd=780&Type=search" }, "geometry": { "type": "Point", "coordinates": [ 142.39023065526942, 43.755968142368509 ] } },
{ "type": "Feature", "properties": { "内容": "旭川大成デイサービスセンター【地域密着型通所介護】北海道旭川市7条通14丁目66番地の16旭川盲人福祉センター別館", "url2": "https://www.kaigokensaku.mhlw.go.jp/01/index.php?action_kouhyou_detail_004_kani=true&JigyosyoCd=0172901415-00&ServiceCd=780&Type=search" }, "geometry": { "type": "Point", "coordinates": [ 142.37295193755719, 43.769761936680446 ] } },
{ "type": "Feature", "properties": { "内容": "デイサービスセンター　笑和【地域密着型通所介護】北海道旭川市忠和８条３丁目４－１３", "url2": "https://www.kaigokensaku.mhlw.go.jp/01/index.php?action_kouhyou_detail_004_kani=true&JigyosyoCd=0172901803-00&ServiceCd=780&Type=search" }, "geometry": { "type": "Point", "coordinates": [ 142.3079325, 43.775797 ] } },
{ "type": "Feature", "properties": { "内容": "デイサービスセンター漣【地域密着型通所介護】旭川市高砂台５丁目２１番７号", "url2": "https://www.kaigokensaku.mhlw.go.jp/01/index.php?action_kouhyou_detail_004_kani=true&JigyosyoCd=0172900946-00&ServiceCd=780&Type=search" }, "geometry": { "type": "Point", "coordinates": [ 142.309874799999989, 43.7596682 ] } },
{ "type": "Feature", "properties": { "内容": "リハビリデイサービスあすも【地域密着型通所介護】北海道旭川市４条通１７丁目１１４４番２ハピアス２F", "url2": "https://www.kaigokensaku.mhlw.go.jp/01/index.php?action_kouhyou_detail_004_kani=true&JigyosyoCd=0172905622-00&ServiceCd=780&Type=search" }, "geometry": { "type": "Point", "coordinates": [ 142.375334553827798, 43.764450030306477 ] } },
{ "type": "Feature", "properties": { "内容": "LIFE　REHABILITATION　希望のつぼみ末広【地域密着型通所介護】北海道旭川市末広5条9丁目1番1号", "url2": "https://www.kaigokensaku.mhlw.go.jp/01/index.php?action_kouhyou_detail_004_kani=true&JigyosyoCd=0172906166-00&ServiceCd=780&Type=search" }, "geometry": { "type": "Point", "coordinates": [ 142.3857974, 43.8175758 ] } },
{ "type": "Feature", "properties": { "内容": "LIFEREHABIRITATION希望のつぼみ旭川東【地域密着型通所介護】北海道旭川市東4条4丁目1番11号", "url2": "https://www.kaigokensaku.mhlw.go.jp/01/index.php?action_kouhyou_detail_004_kani=true&JigyosyoCd=0172906109-00&ServiceCd=780&Type=search" }, "geometry": { "type": "Point", "coordinates": [ 142.375665499999968, 43.7800947 ] } },
{ "type": "Feature", "properties": { "内容": "デイサービスセンター虹【地域密着型通所介護】北海道旭川市川端町４条６丁目３番１４号", "url2": "https://www.kaigokensaku.mhlw.go.jp/01/index.php?action_kouhyou_detail_004_kani=true&JigyosyoCd=0172903601-00&ServiceCd=780&Type=search" }, "geometry": { "type": "Point", "coordinates": [ 142.34813513590521, 43.781026269763103 ] } },
{ "type": "Feature", "properties": { "内容": "デイサービスセンターまろん【地域密着型通所介護】北海道旭川市豊岡１３条６丁目６−１３", "url2": "https://www.kaigokensaku.mhlw.go.jp/01/index.php?action_kouhyou_detail_004_kani=true&JigyosyoCd=0172905531-00&ServiceCd=780&Type=search" }, "geometry": { "type": "Point", "coordinates": [ 142.412668446627038, 43.770455773995515 ] } },
{ "type": "Feature", "properties": { "内容": "ＱＯＬ向上センター希望のつぼみ南館【地域密着型通所介護】北海道旭川市神楽岡１０条６丁目１番８号", "url2": "https://www.kaigokensaku.mhlw.go.jp/01/index.php?action_kouhyou_detail_004_kani=true&JigyosyoCd=0172903320-00&ServiceCd=780&Type=search" }, "geometry": { "type": "Point", "coordinates": [ 142.3676395, 43.7382311 ] } },
{ "type": "Feature", "properties": { "内容": "デイサービスセンター希望のつぼみ東館【地域密着型通所介護】旭川市神楽岡9条6丁目2番15号", "url2": "https://www.kaigokensaku.mhlw.go.jp/01/index.php?action_kouhyou_detail_004_kani=true&JigyosyoCd=0172903569-00&ServiceCd=780&Type=search" }, "geometry": { "type": "Point", "coordinates": [ 142.3680061, 43.7381922 ] } },
{ "type": "Feature", "properties": { "内容": "デイサービスセンター武王プラザ【地域密着型通所介護】旭川市旭神3条2丁目1番１０号武王プラザ３２７", "url2": "https://www.kaigokensaku.mhlw.go.jp/01/index.php?action_kouhyou_detail_004_kani=true&JigyosyoCd=0172904260-00&ServiceCd=780&Type=search" }, "geometry": { "type": "Point", "coordinates": [ 142.381682500000011, 43.739473 ] } },
{ "type": "Feature", "properties": { "内容": "デイサービスかとうさん家【地域密着型通所介護】北海道旭川市春光台２条２丁目２番２２号", "url2": "https://www.kaigokensaku.mhlw.go.jp/01/index.php?action_kouhyou_detail_004_kani=true&JigyosyoCd=0172905697-00&ServiceCd=780&Type=search" }, "geometry": { "type": "Point", "coordinates": [ 142.353245199999947, 43.8138136 ] } },
{ "type": "Feature", "properties": { "内容": "デイサービスセンター陽の木【地域密着型通所介護】北海道旭川市錦町19丁目2166-234ディサービスセンター　陽の木", "url2": "https://www.kaigokensaku.mhlw.go.jp/01/index.php?action_kouhyou_detail_004_kani=true&JigyosyoCd=0172905515-00&ServiceCd=780&Type=search" }, "geometry": { "type": "Point", "coordinates": [ 142.3319904, 43.7927873 ] } },
{ "type": "Feature", "properties": { "内容": "デイサービス東光さくら物語【地域密着型通所介護】北海道旭川市東光９条１０丁目４番４号", "url2": "https://www.kaigokensaku.mhlw.go.jp/01/index.php?action_kouhyou_detail_004_kani=true&JigyosyoCd=0172904161-00&ServiceCd=780&Type=search" }, "geometry": { "type": "Point", "coordinates": [ 142.422819200000049, 43.7446135 ] } },
{ "type": "Feature", "properties": { "内容": "デイサービス春光さくら物語【地域密着型通所介護】北海道旭川市春光5条2丁目6番10号", "url2": "https://www.kaigokensaku.mhlw.go.jp/01/index.php?action_kouhyou_detail_004_kani=true&JigyosyoCd=0172906208-00&ServiceCd=780&Type=search" }, "geometry": { "type": "Point", "coordinates": [ 142.355340599999977, 43.8003011 ] } },
{ "type": "Feature", "properties": { "内容": "デイサービスセンター大雪【地域密着型通所介護】北海道旭川市永山4条13丁目1番25号", "url2": "https://www.kaigokensaku.mhlw.go.jp/01/index.php?action_kouhyou_detail_004_kani=true&JigyosyoCd=0172904773-00&ServiceCd=780&Type=search" }, "geometry": { "type": "Point", "coordinates": [ 142.4239278, 43.8012095 ] } },
{ "type": "Feature", "properties": { "内容": "デイサービスひかり【地域密着型通所介護】北海道旭川市春光台2条6丁目1-11-2デイサービスひかり", "url2": "https://www.kaigokensaku.mhlw.go.jp/01/index.php?action_kouhyou_detail_004_kani=true&JigyosyoCd=0172904906-00&ServiceCd=780&Type=search" }, "geometry": { "type": "Point", "coordinates": [ 142.36551570000006, 43.8205302 ] } },
{ "type": "Feature", "properties": { "内容": "北彩都デイサービスセンター【地域密着型通所介護】旭川市宮下通１８丁目４２００番地の２", "url2": "https://www.kaigokensaku.mhlw.go.jp/01/index.php?action_kouhyou_detail_004_kani=true&JigyosyoCd=0172904963-00&ServiceCd=780&Type=search" }, "geometry": { "type": "Point", "coordinates": [ 142.373407666795373, 43.759623220406368 ] } },
{ "type": "Feature", "properties": { "内容": "通所介護事業所北彩都【地域密着型通所介護】北海道旭川市宮下通１８丁目４２０１番地", "url2": "https://www.kaigokensaku.mhlw.go.jp/01/index.php?action_kouhyou_detail_004_kani=true&JigyosyoCd=0172905366-00&ServiceCd=780&Type=search" }, "geometry": { "type": "Point", "coordinates": [ 142.373885100000052, 43.7588677 ] } },
{ "type": "Feature", "properties": { "内容": "デイサービスセンターえがお【地域密着型通所介護】北海道旭川市旭岡１丁目１４－１", "url2": "https://www.kaigokensaku.mhlw.go.jp/01/index.php?action_kouhyou_detail_004_kani=true&JigyosyoCd=0172906307-00&ServiceCd=780&Type=search" }, "geometry": { "type": "Point", "coordinates": [ 142.31153960000006, 43.7925229 ] } },
{ "type": "Feature", "properties": { "内容": "機能訓練重視型デイサービスあるく【地域密着型通所介護】旭川市末広3条4丁目2-8", "url2": "https://www.kaigokensaku.mhlw.go.jp/01/index.php?action_kouhyou_detail_004_kani=true&JigyosyoCd=0172903957-00&ServiceCd=780&Type=search" }, "geometry": { "type": "Point", "coordinates": [ 142.3816819, 43.8091016 ] } },
{ "type": "Feature", "properties": { "内容": "げんきNAVI希望のつぼみ末広【地域密着型通所介護】北海道旭川市末広４条１０丁目２番５号", "url2": "https://www.kaigokensaku.mhlw.go.jp/01/index.php?action_kouhyou_detail_004_kani=true&JigyosyoCd=0192902583-00&ServiceCd=780&Type=search" }, "geometry": { "type": "Point", "coordinates": [ 142.389130220237803, 43.817619582728405 ] } },
{ "type": "Feature", "properties": { "内容": "リハビリ特化型デイサービスすたいる６条【地域密着型通所介護】北海道旭川市6条通１６丁目７５－１２ビジョン６１６　１F", "url2": "https://www.kaigokensaku.mhlw.go.jp/01/index.php?action_kouhyou_detail_004_kani=true&JigyosyoCd=0192902286-00&ServiceCd=780&Type=search" }, "geometry": { "type": "Point", "coordinates": [ 142.398727600000029, 43.7595132 ] } },
{ "type": "Feature", "properties": { "内容": "リハビリ特化型デイサービスすたいる中央【地域密着型通所介護】北海道旭川市６条通２０丁目1717-34", "url2": "https://www.kaigokensaku.mhlw.go.jp/01/index.php?action_kouhyou_detail_004_kani=true&JigyosyoCd=0192902625-00&ServiceCd=780&Type=search" }, "geometry": { "type": "Point", "coordinates": [ 142.381667873857737, 43.76579457563512 ] } },
{ "type": "Feature", "properties": { "内容": "デイサービスセンターぽっかぽか【地域密着型通所介護】旭川市忠和6条6丁目3-5", "url2": "https://www.kaigokensaku.mhlw.go.jp/01/index.php?action_kouhyou_detail_004_kani=true&JigyosyoCd=0192902658-00&ServiceCd=780&Type=search" }, "geometry": { "type": "Point", "coordinates": [ 142.320003899999989, 43.7716829 ] } },
{ "type": "Feature", "properties": { "内容": "LifeSupportGarageSTEPONE【地域密着型通所介護】北海道旭川市東6条5丁目17番", "url2": "https://www.kaigokensaku.mhlw.go.jp/01/index.php?action_kouhyou_detail_004_kani=true&JigyosyoCd=0192902427-00&ServiceCd=780&Type=search" }, "geometry": { "type": "Point", "coordinates": [ 142.3798835, 43.7801767 ] } },
{ "type": "Feature", "properties": { "内容": "デイサービスセンターらいふてらす旭山動物園通【地域密着型通所介護】北海道旭川市東旭川南1条1丁目3番13号", "url2": "https://www.kaigokensaku.mhlw.go.jp/01/index.php?action_kouhyou_detail_004_kani=true&JigyosyoCd=0192902708-00&ServiceCd=780&Type=search" }, "geometry": { "type": "Point", "coordinates": [ 142.425592699999982, 43.7712485 ] } },
{ "type": "Feature", "properties": { "内容": "機能訓練重視型デイサービスあるく末広東【地域密着型通所介護】北海道旭川市末広東2条4丁目1番15号", "url2": "https://www.kaigokensaku.mhlw.go.jp/01/index.php?action_kouhyou_detail_004_kani=true&JigyosyoCd=0192902567-00&ServiceCd=780&Type=search" }, "geometry": { "type": "Point", "coordinates": [ 142.390861299999983, 43.8026426 ] } },
{ "type": "Feature", "properties": { "内容": "リハビリ特化型トレーニングセンター夢のかたち【地域密着型通所介護】北海道旭川市旭町1条13丁目688-22", "url2": "https://www.kaigokensaku.mhlw.go.jp/01/index.php?action_kouhyou_detail_004_kani=true&JigyosyoCd=0192902328-00&ServiceCd=780&Type=search" }, "geometry": { "type": "Point", "coordinates": [ 142.345752960028875, 43.791597615605831 ] } },
{ "type": "Feature", "properties": { "内容": "デイサービスセンターもみじ【地域密着型通所介護】北海道旭川市神居３条１３丁目２−２０", "url2": "https://www.kaigokensaku.mhlw.go.jp/01/index.php?action_kouhyou_detail_004_kani=true&JigyosyoCd=0192902443-00&ServiceCd=780&Type=search" }, "geometry": { "type": "Point", "coordinates": [ 142.336131, 43.7563023 ] } },
{ "type": "Feature", "properties": { "内容": "デイサービスセンターわさび【地域密着型通所介護】北海道旭川市７条通１３丁目５９−１", "url2": "https://www.kaigokensaku.mhlw.go.jp/01/index.php?action_kouhyou_detail_004_kani=true&JigyosyoCd=0192902518-00&ServiceCd=780&Type=search" }, "geometry": { "type": "Point", "coordinates": [ 142.3713675, 43.7692347 ] } },
{ "type": "Feature", "properties": { "内容": "リハビリ型デイサービス　燈旭川５条通り【地域密着型通所介護】北海道旭川市５条通10丁目936-102朝日プラザビル１階", "url2": "https://www.kaigokensaku.mhlw.go.jp/01/index.php?action_kouhyou_detail_004_kani=true&JigyosyoCd=0192902542-00&ServiceCd=780&Type=search" }, "geometry": { "type": "Point", "coordinates": [ 142.365621504893483, 43.7689859 ] } },
{ "type": "Feature", "properties": { "内容": "通所介護事業所しゅん【地域密着型通所介護】北海道旭川市曙1条2丁目2番2号", "url2": "https://www.kaigokensaku.mhlw.go.jp/01/index.php?action_kouhyou_detail_004_kani=true&JigyosyoCd=0192902559-00&ServiceCd=780&Type=search" }, "geometry": { "type": "Point", "coordinates": [ 142.3468408, 43.7689493 ] } },
{ "type": "Feature", "properties": { "内容": "デイサービスセンター穂の佳【地域密着型通所介護】北海道旭川市7条通18丁目９１番地の１２", "url2": "https://www.kaigokensaku.mhlw.go.jp/01/index.php?action_kouhyou_detail_004_kani=true&JigyosyoCd=0192902666-00&ServiceCd=780&Type=search" }, "geometry": { "type": "Point", "coordinates": [ 142.378031982208995, 43.767267805458125 ] } },
{ "type": "Feature", "properties": { "内容": "デイサービスセンターみそら【地域密着型通所介護】北海道旭川市永山1条6丁目1番17号デイサービスセンターみそら", "url2": "https://www.kaigokensaku.mhlw.go.jp/01/index.php?action_kouhyou_detail_004_kani=true&JigyosyoCd=0192902336-00&ServiceCd=780&Type=search" }, "geometry": { "type": "Point", "coordinates": [ 142.4060356, 43.795218 ] } },
{ "type": "Feature", "properties": { "内容": "あさがおデイサービスセンター【地域密着型通所介護】北海道旭川市豊岡４条６丁目４番２７号", "url2": "https://www.kaigokensaku.mhlw.go.jp/01/index.php?action_kouhyou_detail_004_kani=true&JigyosyoCd=0192902369-00&ServiceCd=780&Type=search" }, "geometry": { "type": "Point", "coordinates": [ 142.408939299999929, 43.7601359 ] } },
{ "type": "Feature", "properties": { "内容": "リハビリ特化型デイサービスセンター「コスモス」【地域密着型通所介護】北海道旭川市流通団地1条1丁目37番7号", "url2": "https://www.kaigokensaku.mhlw.go.jp/01/index.php?action_kouhyou_detail_004_kani=true&JigyosyoCd=0192902435-00&ServiceCd=780&Type=search" }, "geometry": { "type": "Point", "coordinates": [ 142.396459599999986, 43.790885800000019 ] } },
{ "type": "Feature", "properties": { "内容": "デイサービスセンター北彩都宮下【地域密着型通所介護】北海道旭川市宮下通り14丁目1441-5", "url2": "https://www.kaigokensaku.mhlw.go.jp/01/index.php?action_kouhyou_detail_004_kani=true&JigyosyoCd=0192902682-00&ServiceCd=780&Type=search" }, "geometry": { "type": "Point", "coordinates": [ 142.367642100000012, 43.7613157 ] } },
{ "type": "Feature", "properties": { "内容": "デイサービスセンターはれや家【地域密着型通所介護】北海道旭川市忠和5条5丁目1番21号", "url2": "https://www.kaigokensaku.mhlw.go.jp/01/index.php?action_kouhyou_detail_004_kani=true&JigyosyoCd=0192902740-00&ServiceCd=780&Type=search" }, "geometry": { "type": "Point", "coordinates": [ 142.318847, 43.7753037 ] } },
{ "type": "Feature", "properties": { "内容": "医療法人社団真佑会　デイサービス　リハ・スタジオNEXT東光【地域密着型通所介護】北海道旭川市東光3条6丁目3番6号", "url2": "https://www.kaigokensaku.mhlw.go.jp/01/index.php?action_kouhyou_detail_004_kani=true&JigyosyoCd=0192902807-00&ServiceCd=780&Type=search" }, "geometry": { "type": "Point", "coordinates": [ 142.3578197, 43.7683764 ] } },
{ "type": "Feature", "properties": { "内容": "デイサービスセンター　いきいき【地域密着型通所介護】北海道旭川市東光8条9丁目1-20", "url2": "https://www.kaigokensaku.mhlw.go.jp/01/index.php?action_kouhyou_detail_004_kani=true&JigyosyoCd=0192902930-00&ServiceCd=780&Type=search" }, "geometry": { "type": "Point", "coordinates": [ 142.4191315, 43.7467701 ] } },
{ "type": "Feature", "properties": { "内容": "デイサービスセンターいちい住吉【地域密着型通所介護】北海道旭川市住吉４条１丁目４番５号", "url2": "https://www.kaigokensaku.mhlw.go.jp/01/index.php?action_kouhyou_detail_004_kani=true&JigyosyoCd=0192902799-00&ServiceCd=780&Type=search" }, "geometry": { "type": "Point", "coordinates": [ 142.352530800000011, 43.7945377 ] } },
{ "type": "Feature", "properties": { "内容": "デイサービス谷ご福店【地域密着型通所介護】北海道旭川市春光４条９丁目９番１４号", "url2": "https://www.kaigokensaku.mhlw.go.jp/01/index.php?action_kouhyou_detail_004_kani=true&JigyosyoCd=0192903086-00&ServiceCd=780&Type=search" }, "geometry": { "type": "Point", "coordinates": [ 142.3730112, 43.8077317 ] } },
{ "type": "Feature", "properties": { "内容": "個別リハビリデイサービスstellar【地域密着型通所介護】北海道旭川市東光３条２丁目１番２５号", "url2": "https://www.kaigokensaku.mhlw.go.jp/01/index.php?action_kouhyou_detail_004_kani=true&JigyosyoCd=0192902849-00&ServiceCd=780&Type=search" }, "geometry": { "type": "Point", "coordinates": [ 142.391256, 43.7536648 ] } },
{ "type": "Feature", "properties": { "内容": "運動デイサービスつくし【地域密着型通所介護】北海道旭川市１条通５丁目３２番地の１", "url2": "https://www.kaigokensaku.mhlw.go.jp/01/index.php?action_kouhyou_detail_004_kani=true&JigyosyoCd=0192903094-00&ServiceCd=780&Type=search" }, "geometry": { "type": "Point", "coordinates": [ 142.355507499999987, 43.7669539 ] } },
{ "type": "Feature", "properties": { "内容": "地域密着型デイサービス生きる音【地域密着型通所介護】北海道旭川市永山２条１９丁目４番１２号", "url2": "https://www.kaigokensaku.mhlw.go.jp/01/index.php?action_kouhyou_detail_004_kani=true&JigyosyoCd=0192902419-00&ServiceCd=780&Type=search" }, "geometry": { "type": "Point", "coordinates": [ 142.43525939999995, 43.8117087 ] } },
{ "type": "Feature", "properties": { "内容": "リハビリ特化型デイサービスリハトレかぐら【地域密着型通所介護】北海道旭川市神楽6条１１丁目1番２１号", "url2": "https://www.kaigokensaku.mhlw.go.jp/01/index.php?action_kouhyou_detail_004_kani=true&JigyosyoCd=0192902955-00&ServiceCd=780&Type=search" }, "geometry": { "type": "Point", "coordinates": [ 142.3543529, 43.7509863 ] } },
{ "type": "Feature", "properties": { "内容": "リハビリ特化型デイサービスウェルネス南永山【地域密着型通所介護】北海道旭川市永山7条1丁目2-5", "url2": "https://www.kaigokensaku.mhlw.go.jp/01/index.php?action_kouhyou_detail_004_kani=true&JigyosyoCd=0192902963-00&ServiceCd=780&Type=search" }, "geometry": { "type": "Point", "coordinates": [ 142.4009484, 43.7818543 ] } },
{ "type": "Feature", "properties": { "内容": "デイサービスセンターくじら【地域密着型通所介護】北海道旭川市旭神２条４丁目１０番４号１階", "url2": "https://www.kaigokensaku.mhlw.go.jp/01/index.php?action_kouhyou_detail_004_kani=true&JigyosyoCd=0192902773-00&ServiceCd=780&Type=search" }, "geometry": { "type": "Point", "coordinates": [ 142.3886683, 43.7356052 ] } },
{ "type": "Feature", "properties": { "内容": "リハビリ型デイサービスハート【地域密着型通所介護】旭川市永山２条２３丁目２－１４", "url2": "https://www.kaigokensaku.mhlw.go.jp/01/index.php?action_kouhyou_detail_004_kani=true&JigyosyoCd=0192902880-00&ServiceCd=780&Type=search" }, "geometry": { "type": "Point", "coordinates": [ 142.4450115, 43.8176893 ] } },
{ "type": "Feature", "properties": { "内容": "デイサービスリハセンターＫ＆Ｋ【地域密着型通所介護】北海道室蘭市母恋北町２－３－１", "url2": "https://www.kaigokensaku.mhlw.go.jp/01/index.php?action_kouhyou_detail_004_kani=true&JigyosyoCd=0173501172-00&ServiceCd=780&Type=search" }, "geometry": { "type": "Point", "coordinates": [ 140.989753699999937, 42.3158615 ] } },
{ "type": "Feature", "properties": { "内容": "コンパスウォーク室蘭【地域密着型通所介護】北海道室蘭市栄町２－３－１", "url2": "https://www.kaigokensaku.mhlw.go.jp/01/index.php?action_kouhyou_detail_004_kani=true&JigyosyoCd=0193500311-00&ServiceCd=780&Type=search" }, "geometry": { "type": "Point", "coordinates": [ 140.972949399652521, 42.312222950655176 ] } },
{ "type": "Feature", "properties": { "内容": "地域密着型通所介護ちょう庵【地域密着型通所介護】室蘭市寿町１丁目１７番９号", "url2": "https://www.kaigokensaku.mhlw.go.jp/01/index.php?action_kouhyou_detail_004_kani=true&JigyosyoCd=0193500337-00&ServiceCd=780&Type=search" }, "geometry": { "type": "Point", "coordinates": [ 135.519125, 34.7559304 ] } },
{ "type": "Feature", "properties": { "内容": "短時間リハビリ型デイサービスはるはる【地域密着型通所介護】北海道室蘭市築地町８９番１０７号", "url2": "https://www.kaigokensaku.mhlw.go.jp/01/index.php?action_kouhyou_detail_004_kani=true&JigyosyoCd=0173501859-00&ServiceCd=780&Type=search" }, "geometry": { "type": "Point", "coordinates": [ 140.962729800000034, 42.3333686 ] } },
{ "type": "Feature", "properties": { "内容": "リハビリ特化型デイサービス　らぼプラス【地域密着型通所介護】北海道室蘭市港北町4-18-10", "url2": "https://www.kaigokensaku.mhlw.go.jp/01/index.php?action_kouhyou_detail_004_kani=true&JigyosyoCd=0173501917-00&ServiceCd=780&Type=search" }, "geometry": { "type": "Point", "coordinates": [ 140.996285754631032, 42.367000793397416 ] } },
{ "type": "Feature", "properties": { "内容": "社会福祉法人母恋　デイサービスセンターいきがい【地域密着型通所介護】室蘭市新富町１丁目２番２号", "url2": "https://www.kaigokensaku.mhlw.go.jp/01/index.php?action_kouhyou_detail_004_kani=true&JigyosyoCd=0173501321-00&ServiceCd=780&Type=search" }, "geometry": { "type": "Point", "coordinates": [ 140.988481500000034, 42.3166364 ] } },
{ "type": "Feature", "properties": { "内容": "デイサービスきらめきの駅【地域密着型通所介護】室蘭市八丁平５－１８－６", "url2": "https://www.kaigokensaku.mhlw.go.jp/01/index.php?action_kouhyou_detail_004_kani=true&JigyosyoCd=0173501792-00&ServiceCd=780&Type=search" }, "geometry": { "type": "Point", "coordinates": [ 141.007107499999961, 42.357927300000014 ] } },
{ "type": "Feature", "properties": { "内容": "デイサービスわっくの家【地域密着型通所介護】北海道室蘭市高砂町１－１０－１７", "url2": "https://www.kaigokensaku.mhlw.go.jp/01/index.php?action_kouhyou_detail_004_kani=true&JigyosyoCd=0173500208-00&ServiceCd=780&Type=search" }, "geometry": { "type": "Point", "coordinates": [ 141.035176500000034, 42.3573048 ] } },
{ "type": "Feature", "properties": { "内容": "通所介護サンライズ【地域密着型通所介護】北海道室蘭市高砂町１丁目２番８号", "url2": "https://www.kaigokensaku.mhlw.go.jp/01/index.php?action_kouhyou_detail_004_kani=true&JigyosyoCd=0173501198-00&ServiceCd=780&Type=search" }, "geometry": { "type": "Point", "coordinates": [ 141.03451270000005, 42.3571409 ] } },
{ "type": "Feature", "properties": { "内容": "デイサービス　しらかば【地域密着型通所介護】北海道室蘭市大沢町2丁目26番6号", "url2": "https://www.kaigokensaku.mhlw.go.jp/01/index.php?action_kouhyou_detail_004_kani=true&JigyosyoCd=0173500992-00&ServiceCd=780&Type=search" }, "geometry": { "type": "Point", "coordinates": [ 141.005629699999986, 42.3299472 ] } },
{ "type": "Feature", "properties": { "内容": "デイサービスセンターココテラス【地域密着型通所介護】北海道室蘭市栄町2丁目6-43", "url2": "https://www.kaigokensaku.mhlw.go.jp/01/index.php?action_kouhyou_detail_004_kani=true&JigyosyoCd=0193500212-00&ServiceCd=780&Type=search" }, "geometry": { "type": "Point", "coordinates": [ 140.971966100000031, 42.3122613 ] } },
{ "type": "Feature", "properties": { "内容": "デイサービスつくし室蘭【地域密着型通所介護】北海道室蘭市水元町４１－７", "url2": "https://www.kaigokensaku.mhlw.go.jp/01/index.php?action_kouhyou_detail_004_kani=true&JigyosyoCd=0193500279-00&ServiceCd=780&Type=search" }, "geometry": { "type": "Point", "coordinates": [ 141.0356131, 42.3812315 ] } },
{ "type": "Feature", "properties": { "内容": "ゴチャマーゼ【地域密着型通所介護】北海道室蘭市中島町１丁目８−５プレアディス中島5階", "url2": "https://www.kaigokensaku.mhlw.go.jp/01/index.php?action_kouhyou_detail_004_kani=true&JigyosyoCd=0193500261-00&ServiceCd=780&Type=search" }, "geometry": { "type": "Point", "coordinates": [ 141.012437, 42.351288 ] } },
{ "type": "Feature", "properties": { "内容": "デイサービスおたがいサロン【地域密着型通所介護】北海道室蘭市白鳥台５丁目20-1", "url2": "https://www.kaigokensaku.mhlw.go.jp/01/index.php?action_kouhyou_detail_004_kani=true&JigyosyoCd=0193500329-00&ServiceCd=780&Type=search" }, "geometry": { "type": "Point", "coordinates": [ 140.9424841, 42.3787251 ] } },
{ "type": "Feature", "properties": { "内容": "デイサービスさんさん【地域密着型通所介護】水元町６－１６", "url2": "https://www.kaigokensaku.mhlw.go.jp/01/index.php?action_kouhyou_detail_004_kani=true&JigyosyoCd=0193500295-00&ServiceCd=780&Type=search" }, "geometry": { "type": "Point", "coordinates": [ 141.0320353, 42.3751144 ] } },
{ "type": "Feature", "properties": { "内容": "デイサービスわたすげ共栄【地域密着型通所介護】北海道釧路市共栄大通4丁目2番7号", "url2": "https://www.kaigokensaku.mhlw.go.jp/01/index.php?action_kouhyou_detail_004_kani=true&JigyosyoCd=0174100727-00&ServiceCd=780&Type=search" }, "geometry": { "type": "Point", "coordinates": [ 144.37999990000003, 42.9961279 ] } },
{ "type": "Feature", "properties": { "内容": "デイサービスわたすげ興津【地域密着型通所介護】北海道釧路市興津2丁目34番16号地域福祉事業所わたすげ", "url2": "https://www.kaigokensaku.mhlw.go.jp/01/index.php?action_kouhyou_detail_004_kani=true&JigyosyoCd=0174100396-00&ServiceCd=780&Type=search" }, "geometry": { "type": "Point", "coordinates": [ 144.413983199999961, 42.962114 ] } },
{ "type": "Feature", "properties": { "内容": "小さなデイサービス緑ヶ岡【地域密着型通所介護】北海道釧路市緑ヶ岡2-26-1", "url2": "https://www.kaigokensaku.mhlw.go.jp/01/index.php?action_kouhyou_detail_004_kani=true&JigyosyoCd=0174101709-00&ServiceCd=780&Type=search" }, "geometry": { "type": "Point", "coordinates": [ 144.4063175, 42.989811099999983 ] } },
{ "type": "Feature", "properties": { "内容": "ぼうようデイサービスセンター【地域密着型通所介護】北海道釧路市春採4丁目10番15号釧路市望洋ふれあい交流センター", "url2": "https://www.kaigokensaku.mhlw.go.jp/01/index.php?action_kouhyou_detail_004_kani=true&JigyosyoCd=0194100426-00&ServiceCd=780&Type=search" }, "geometry": { "type": "Point", "coordinates": [ 144.410516700000016, 42.9684549 ] } },
{ "type": "Feature", "properties": { "内容": "デイサービス　ぱろーら【地域密着型通所介護】北海道釧路市文苑4丁目37番18号", "url2": "https://www.kaigokensaku.mhlw.go.jp/01/index.php?action_kouhyou_detail_004_kani=true&JigyosyoCd=0174101535-00&ServiceCd=780&Type=search" }, "geometry": { "type": "Point", "coordinates": [ 144.389711300000045, 43.0236199 ] } },
{ "type": "Feature", "properties": { "内容": "フィットネスデイサービスいちご【地域密着型通所介護】北海道釧路市益浦2丁目22番16号", "url2": "https://www.kaigokensaku.mhlw.go.jp/01/index.php?action_kouhyou_detail_004_kani=true&JigyosyoCd=0194100582-00&ServiceCd=780&Type=search" }, "geometry": { "type": "Point", "coordinates": [ 144.4230655, 42.9545925 ] } },
{ "type": "Feature", "properties": { "内容": "リハビリ特化型デイサービスカラダラボ釧路鳥取【地域密着型通所介護】北海道釧路市鳥取大通3丁目20番16号", "url2": "https://www.kaigokensaku.mhlw.go.jp/01/index.php?action_kouhyou_detail_004_kani=true&JigyosyoCd=0194100715-00&ServiceCd=780&Type=search" }, "geometry": { "type": "Point", "coordinates": [ 144.3549475, 43.0130703 ] } },
{ "type": "Feature", "properties": { "内容": "短時間入浴型デイサービスセンター温【地域密着型通所介護】北海道釧路市白樺台1丁目7番7号", "url2": "https://www.kaigokensaku.mhlw.go.jp/01/index.php?action_kouhyou_detail_004_kani=true&JigyosyoCd=0194100707-00&ServiceCd=780&Type=search" }, "geometry": { "type": "Point", "coordinates": [ 144.4447424, 42.9620802 ] } },
{ "type": "Feature", "properties": { "内容": "デイサービスわたすげ興津【地域密着型通所介護】釧路市興津2丁目34番16号", "url2": "https://www.kaigokensaku.mhlw.go.jp/01/index.php?action_kouhyou_detail_004_kani=true&JigyosyoCd=0194100657-00&ServiceCd=780&Type=search" }, "geometry": { "type": "Point", "coordinates": [ 144.4140117, 42.96214 ] } },
{ "type": "Feature", "properties": { "内容": "デイサービスわたすげ共栄【地域密着型通所介護】北海道釧路市共栄大通4丁目2番7", "url2": "https://www.kaigokensaku.mhlw.go.jp/01/index.php?action_kouhyou_detail_004_kani=true&JigyosyoCd=0194100665-00&ServiceCd=780&Type=search" }, "geometry": { "type": "Point", "coordinates": [ 144.3800137, 42.9960849 ] } },
{ "type": "Feature", "properties": { "内容": "あさひ会デイサービスセンター昭和【地域密着型通所介護】北海道釧路市昭和中央５丁目２９番２３号みのるの家内", "url2": "https://www.kaigokensaku.mhlw.go.jp/01/index.php?action_kouhyou_detail_004_kani=true&JigyosyoCd=0174101907-00&ServiceCd=780&Type=search" }, "geometry": { "type": "Point", "coordinates": [ 144.358842399999958, 43.028502 ] } },
{ "type": "Feature", "properties": { "内容": "日帰りふわりデイサービスセンター【地域密着型通所介護】北海道釧路市入江町9番14号", "url2": "https://www.kaigokensaku.mhlw.go.jp/01/index.php?action_kouhyou_detail_004_kani=true&JigyosyoCd=0174142091-00&ServiceCd=780&Type=search" }, "geometry": { "type": "Point", "coordinates": [ 144.395345300000031, 43.0012445 ] } },
{ "type": "Feature", "properties": { "内容": "デイサービスまなび家【地域密着型通所介護】釧路市柳町13番5号", "url2": "https://www.kaigokensaku.mhlw.go.jp/01/index.php?action_kouhyou_detail_004_kani=true&JigyosyoCd=0174142232-00&ServiceCd=780&Type=search" }, "geometry": { "type": "Point", "coordinates": [ 144.379235699999981, 43.0054547 ] } },
{ "type": "Feature", "properties": { "内容": "リハビリ特化型デイサービスカラダラボ釧路武佐【地域密着型通所介護】北海道釧路市武佐2丁目35番38号", "url2": "https://www.kaigokensaku.mhlw.go.jp/01/index.php?action_kouhyou_detail_004_kani=true&JigyosyoCd=0174102111-00&ServiceCd=780&Type=search" }, "geometry": { "type": "Point", "coordinates": [ 144.425248099999976, 42.9783072 ] } },
{ "type": "Feature", "properties": { "内容": "いちごデイサービス【地域密着型通所介護】釧路市益浦２丁目１７番５号", "url2": "https://www.kaigokensaku.mhlw.go.jp/01/index.php?action_kouhyou_detail_004_kani=true&JigyosyoCd=0174101642-00&ServiceCd=780&Type=search" }, "geometry": { "type": "Point", "coordinates": [ 144.424913657615349, 42.9542056616094 ] } },
{ "type": "Feature", "properties": { "内容": "デイサービスセンターこまば【地域密着型通所介護】北海道釧路市駒場町3-29", "url2": "https://www.kaigokensaku.mhlw.go.jp/01/index.php?action_kouhyou_detail_004_kani=true&JigyosyoCd=0174142109-00&ServiceCd=780&Type=search" }, "geometry": { "type": "Point", "coordinates": [ 144.367306769311512, 43.000025337379846 ] } },
{ "type": "Feature", "properties": { "内容": "デイサービスまんてん【地域密着型通所介護】北海道釧路市新富町9番13号", "url2": "https://www.kaigokensaku.mhlw.go.jp/01/index.php?action_kouhyou_detail_004_kani=true&JigyosyoCd=0174101410-00&ServiceCd=780&Type=search" }, "geometry": { "type": "Point", "coordinates": [ 144.39206820000004, 42.9928814 ] } },
{ "type": "Feature", "properties": { "内容": "デイサービス川北ハートフルスポット【地域密着型通所介護】北海道釧路市川北町５番２５号", "url2": "https://www.kaigokensaku.mhlw.go.jp/01/index.php?action_kouhyou_detail_004_kani=true&JigyosyoCd=0174101238-00&ServiceCd=780&Type=search" }, "geometry": { "type": "Point", "coordinates": [ 144.394201299999963, 42.99209 ] } },
{ "type": "Feature", "properties": { "内容": "デイサービス米町ハートフルスポット【地域密着型通所介護】北海道釧路市米町２丁目１番３２号", "url2": "https://www.kaigokensaku.mhlw.go.jp/01/index.php?action_kouhyou_detail_004_kani=true&JigyosyoCd=0174101832-00&ServiceCd=780&Type=search" }, "geometry": { "type": "Point", "coordinates": [ 144.3748233, 42.9722499 ] } },
{ "type": "Feature", "properties": { "内容": "釧路市音別町指定通所介護事業所【地域密着型通所介護】北海道釧路市音別町中園2丁目119番地1音別町福祉保健センター・ほほえみ", "url2": "https://www.kaigokensaku.mhlw.go.jp/01/index.php?action_kouhyou_detail_004_kani=true&JigyosyoCd=0174100784-00&ServiceCd=780&Type=search" }, "geometry": { "type": "Point", "coordinates": [ 143.9303721, 42.8934439 ] } },
{ "type": "Feature", "properties": { "内容": "かりゆしくしろデイサービスセンター【地域密着型通所介護】北海道釧路市鳥取南5-3-14", "url2": "https://www.kaigokensaku.mhlw.go.jp/01/index.php?action_kouhyou_detail_004_kani=true&JigyosyoCd=0174142034-00&ServiceCd=780&Type=search" }, "geometry": { "type": "Point", "coordinates": [ 144.3445415, 43.0102897 ] } },
{ "type": "Feature", "properties": { "内容": "社会医療法人道東勤医協美原デイサービスセンター【地域密着型通所介護】釧路市美原5丁目31番1", "url2": "https://www.kaigokensaku.mhlw.go.jp/01/index.php?action_kouhyou_detail_004_kani=true&JigyosyoCd=0174101568-00&ServiceCd=780&Type=search" }, "geometry": { "type": "Point", "coordinates": [ 144.412542433062413, 43.021610656013728 ] } },
{ "type": "Feature", "properties": { "内容": "デイサービス武佐いこい【地域密着型通所介護】北海道釧路市武佐2丁目30番15号", "url2": "https://www.kaigokensaku.mhlw.go.jp/01/index.php?action_kouhyou_detail_004_kani=true&JigyosyoCd=0174101782-00&ServiceCd=780&Type=search" }, "geometry": { "type": "Point", "coordinates": [ 144.430528, 42.981632 ] } },
{ "type": "Feature", "properties": { "内容": "のんき家ディサービスセンター【地域密着型通所介護】北海道釧路市星が浦大通3丁目7番22号", "url2": "https://www.kaigokensaku.mhlw.go.jp/01/index.php?action_kouhyou_detail_004_kani=true&JigyosyoCd=0174102129-00&ServiceCd=780&Type=search" }, "geometry": { "type": "Point", "coordinates": [ 144.313783199999989, 43.0154764 ] } },
{ "type": "Feature", "properties": { "内容": "デイサービスセンター歩々【地域密着型通所介護】北海道釧路市昭和中央６丁目２０番１号", "url2": "https://www.kaigokensaku.mhlw.go.jp/01/index.php?action_kouhyou_detail_004_kani=true&JigyosyoCd=0174100941-00&ServiceCd=780&Type=search" }, "geometry": { "type": "Point", "coordinates": [ 144.352904200000012, 43.028279 ] } },
{ "type": "Feature", "properties": { "内容": "ぽっかぽかデイサービスセンター【地域密着型通所介護】北海道釧路市浦見4丁目2番3号ぽっかぽかディサービスセンター", "url2": "https://www.kaigokensaku.mhlw.go.jp/01/index.php?action_kouhyou_detail_004_kani=true&JigyosyoCd=0174101790-00&ServiceCd=780&Type=search" }, "geometry": { "type": "Point", "coordinates": [ 144.3814872, 42.9753777 ] } },
{ "type": "Feature", "properties": { "内容": "リハビリ特化型デイサービス　カラダラボ釧路治水【地域密着型通所介護】北海道釧路市治水町4番32号", "url2": "https://www.kaigokensaku.mhlw.go.jp/01/index.php?action_kouhyou_detail_004_kani=true&JigyosyoCd=0194100459-00&ServiceCd=780&Type=search" }, "geometry": { "type": "Point", "coordinates": [ 144.3727639, 43.0085321 ] } },
{ "type": "Feature", "properties": { "内容": "リハプライド釧路【地域密着型通所介護】北海道釧路市鳥取大通3丁目21番1-", "url2": "https://www.kaigokensaku.mhlw.go.jp/01/index.php?action_kouhyou_detail_004_kani=true&JigyosyoCd=0194100574-00&ServiceCd=780&Type=search" }, "geometry": { "type": "Point", "coordinates": [ 144.355703299999988, 43.0134181 ] } },
{ "type": "Feature", "properties": { "内容": "あゆち星が浦デイサービス【地域密着型通所介護】北海道釧路市星が浦大通り1丁目8番30号", "url2": "https://www.kaigokensaku.mhlw.go.jp/01/index.php?action_kouhyou_detail_004_kani=true&JigyosyoCd=0194100467-00&ServiceCd=780&Type=search" }, "geometry": { "type": "Point", "coordinates": [ 144.326200299999982, 43.0180602 ] } },
{ "type": "Feature", "properties": { "内容": "リハビリデイサロンすまいる＋【地域密着型通所介護】北海道釧路市愛国西１丁目２番５号タートル１階", "url2": "https://www.kaigokensaku.mhlw.go.jp/01/index.php?action_kouhyou_detail_004_kani=true&JigyosyoCd=0194100608-00&ServiceCd=780&Type=search" }, "geometry": { "type": "Point", "coordinates": [ 144.382851600000038, 43.0097819 ] } },
{ "type": "Feature", "properties": { "内容": "てつほくデイサービスセンター【地域密着型通所介護】北海道釧路市柳町１番4３号釧路市鉄北在宅ケアセンター", "url2": "https://www.kaigokensaku.mhlw.go.jp/01/index.php?action_kouhyou_detail_004_kani=true&JigyosyoCd=0194100566-00&ServiceCd=780&Type=search" }, "geometry": { "type": "Point", "coordinates": [ 144.384164669992032, 43.003164640162005 ] } },
{ "type": "Feature", "properties": { "内容": "デイサービス　夢カフェ【地域密着型通所介護】北海道釧路市松浦町17番9号", "url2": "https://www.kaigokensaku.mhlw.go.jp/01/index.php?action_kouhyou_detail_004_kani=true&JigyosyoCd=0194100475-00&ServiceCd=780&Type=search" }, "geometry": { "type": "Point", "coordinates": [ 144.38770747391095, 42.995247444035613 ] } },
{ "type": "Feature", "properties": { "内容": "デイサービスセンターゆあみ茶屋釧路若松【地域密着型通所介護】北海道釧路市若松町６番８号", "url2": "https://www.kaigokensaku.mhlw.go.jp/01/index.php?action_kouhyou_detail_004_kani=true&JigyosyoCd=0194100632-00&ServiceCd=780&Type=search" }, "geometry": { "type": "Point", "coordinates": [ 144.3850912, 42.9926995 ] } },
{ "type": "Feature", "properties": { "内容": "デイサービスセンターゆあみ茶屋釧路鳥取【地域密着型通所介護】北海道釧路市鳥取大通９丁目８番２４号", "url2": "https://www.kaigokensaku.mhlw.go.jp/01/index.php?action_kouhyou_detail_004_kani=true&JigyosyoCd=0194100640-00&ServiceCd=780&Type=search" }, "geometry": { "type": "Point", "coordinates": [ 144.3311843, 43.017907 ] } },
{ "type": "Feature", "properties": { "内容": "デイサービス　クルミの家【地域密着型通所介護】北海道釧路市愛国西1丁目13番15号", "url2": "https://www.kaigokensaku.mhlw.go.jp/01/index.php?action_kouhyou_detail_004_kani=true&JigyosyoCd=0174101816-00&ServiceCd=780&Type=search" }, "geometry": { "type": "Point", "coordinates": [ 144.3851793, 43.0109153 ] } },
{ "type": "Feature", "properties": { "内容": "リハスタ【地域密着型通所介護】北海道釧路市鳥取大通5−4−5", "url2": "https://www.kaigokensaku.mhlw.go.jp/01/index.php?action_kouhyou_detail_004_kani=true&JigyosyoCd=0194100699-00&ServiceCd=780&Type=search" }, "geometry": { "type": "Point", "coordinates": [ 144.3477566, 43.0151689 ] } },
{ "type": "Feature", "properties": { "内容": "地域密着型デイサービス　未来くる【地域密着型通所介護】北海道釧路市昭和北３丁目14番5号", "url2": "https://www.kaigokensaku.mhlw.go.jp/01/index.php?action_kouhyou_detail_004_kani=true&JigyosyoCd=0194100681-00&ServiceCd=780&Type=search" }, "geometry": { "type": "Point", "coordinates": [ 144.356585599999988, 43.0325512 ] } },
{ "type": "Feature", "properties": { "内容": "ケアスタジオ住吉【地域密着型通所介護】北海道釧路市住吉２丁目３番１０号", "url2": "https://www.kaigokensaku.mhlw.go.jp/01/index.php?action_kouhyou_detail_004_kani=true&JigyosyoCd=0174102004-00&ServiceCd=780&Type=search" }, "geometry": { "type": "Point", "coordinates": [ 144.393865600000026, 42.9806747 ] } },
{ "type": "Feature", "properties": { "内容": "デイサービス憩いの館帯広【地域密着型通所介護】北海道帯広市西5条南21丁目8番地", "url2": "https://www.kaigokensaku.mhlw.go.jp/01/index.php?action_kouhyou_detail_004_kani=true&JigyosyoCd=0174601476-00&ServiceCd=780&Type=search" }, "geometry": { "type": "Point", "coordinates": [ 143.199511700000016, 42.9077455 ] } },
{ "type": "Feature", "properties": { "内容": "茶話本舗デイサービス帯広東【地域密着型通所介護】北海道帯広市東14条南5丁目1-15", "url2": "https://www.kaigokensaku.mhlw.go.jp/01/index.php?action_kouhyou_detail_004_kani=true&JigyosyoCd=0174601831-00&ServiceCd=780&Type=search" }, "geometry": { "type": "Point", "coordinates": [ 143.230965800000035, 42.9288418 ] } },
{ "type": "Feature", "properties": { "内容": "おふろデイゆるり【地域密着型通所介護】北海道帯広市東11条南６丁目２６番地１１", "url2": "https://www.kaigokensaku.mhlw.go.jp/01/index.php?action_kouhyou_detail_004_kani=true&JigyosyoCd=0174602144-00&ServiceCd=780&Type=search" }, "geometry": { "type": "Point", "coordinates": [ 143.225049899999931, 42.9263752 ] } },
{ "type": "Feature", "properties": { "内容": "茶話本舗デイサービスあんたく帯広大空【地域密着型通所介護】北海道帯広市大空町5丁目14-5", "url2": "https://www.kaigokensaku.mhlw.go.jp/01/index.php?action_kouhyou_detail_004_kani=true&JigyosyoCd=0194600383-00&ServiceCd=780&Type=search" }, "geometry": { "type": "Point", "coordinates": [ 143.149254199999973, 42.8723137 ] } },
{ "type": "Feature", "properties": { "内容": "歩くデイゆるり【地域密着型通所介護】北海道帯広市東11条南6丁目26-10", "url2": "https://www.kaigokensaku.mhlw.go.jp/01/index.php?action_kouhyou_detail_004_kani=true&JigyosyoCd=0194600490-00&ServiceCd=780&Type=search" }, "geometry": { "type": "Point", "coordinates": [ 143.2249332, 42.9265474 ] } },
{ "type": "Feature", "properties": { "内容": "デイサービスカトレア【地域密着型通所介護】北海道帯広市西15条南32丁目6-4", "url2": "https://www.kaigokensaku.mhlw.go.jp/01/index.php?action_kouhyou_detail_004_kani=true&JigyosyoCd=0174602235-00&ServiceCd=780&Type=search" }, "geometry": { "type": "Point", "coordinates": [ 143.182358599999986, 42.8938429 ] } },
{ "type": "Feature", "properties": { "内容": "デイサービスホワイエ【地域密着型通所介護】帯広市自由が丘5丁目16番地9", "url2": "https://www.kaigokensaku.mhlw.go.jp/01/index.php?action_kouhyou_detail_004_kani=true&JigyosyoCd=0174601690-00&ServiceCd=780&Type=search" }, "geometry": { "type": "Point", "coordinates": [ 143.153916200000026, 42.8996558 ] } },
{ "type": "Feature", "properties": { "内容": "デイサービスセンターこまどり【地域密着型通所介護】帯広市西18条南2丁目9番地79", "url2": "https://www.kaigokensaku.mhlw.go.jp/01/index.php?action_kouhyou_detail_004_kani=true&JigyosyoCd=0174601070-00&ServiceCd=780&Type=search" }, "geometry": { "type": "Point", "coordinates": [ 143.161248200000045, 42.9202199 ] } },
{ "type": "Feature", "properties": { "内容": "デイサービスひだまり【地域密着型通所介護】北海道帯広市西18条南4丁目60番8号", "url2": "https://www.kaigokensaku.mhlw.go.jp/01/index.php?action_kouhyou_detail_004_kani=true&JigyosyoCd=0174600866-00&ServiceCd=780&Type=search" }, "geometry": { "type": "Point", "coordinates": [ 143.196103099999959, 42.9238989 ] } },
{ "type": "Feature", "properties": { "内容": "通所介護事業所ふるさと【地域密着型通所介護】帯広市白樺１６条東５丁目１０番地", "url2": "https://www.kaigokensaku.mhlw.go.jp/01/index.php?action_kouhyou_detail_004_kani=true&JigyosyoCd=0194600722-00&ServiceCd=780&Type=search" }, "geometry": { "type": "Point", "coordinates": [ 143.1781423, 42.9189375 ] } },
{ "type": "Feature", "properties": { "内容": "デイサロンしらゆり【地域密着型通所介護】帯広市東4条南23丁目4番地", "url2": "https://www.kaigokensaku.mhlw.go.jp/01/index.php?action_kouhyou_detail_004_kani=true&JigyosyoCd=0174601666-00&ServiceCd=780&Type=search" }, "geometry": { "type": "Point", "coordinates": [ 143.214504799999986, 42.9061744 ] } },
{ "type": "Feature", "properties": { "内容": "デイ・サービスセンターほうゆー【地域密着型通所介護】北海道帯広市大通南５丁目１１番地１", "url2": "https://www.kaigokensaku.mhlw.go.jp/01/index.php?action_kouhyou_detail_004_kani=true&JigyosyoCd=0174601559-00&ServiceCd=780&Type=search" }, "geometry": { "type": "Point", "coordinates": [ 143.204282599999942, 42.926793499999981 ] } },
{ "type": "Feature", "properties": { "内容": "健康スタジオデイサービススロウ【地域密着型通所介護】帯広市西１６条北１丁目１９番地１コーポ永原　１Ｆ", "url2": "https://www.kaigokensaku.mhlw.go.jp/01/index.php?action_kouhyou_detail_004_kani=true&JigyosyoCd=0174601781-00&ServiceCd=780&Type=search" }, "geometry": { "type": "Point", "coordinates": [ 143.17016650000005, 42.9314049 ] } },
{ "type": "Feature", "properties": { "内容": "デイサービスコミュニティまこと【地域密着型通所介護】北海道帯広市西2条南4丁目8-1ぜんりん24ビル1F", "url2": "https://www.kaigokensaku.mhlw.go.jp/01/index.php?action_kouhyou_detail_004_kani=true&JigyosyoCd=0174602037-00&ServiceCd=780&Type=search" }, "geometry": { "type": "Point", "coordinates": [ 143.2016079, 42.9279293 ] } },
{ "type": "Feature", "properties": { "内容": "デイサービスセンター　にれの木【地域密着型通所介護】北海道帯広市西22条南1丁目11番地13", "url2": "https://www.kaigokensaku.mhlw.go.jp/01/index.php?action_kouhyou_detail_004_kani=true&JigyosyoCd=0174601716-00&ServiceCd=780&Type=search" }, "geometry": { "type": "Point", "coordinates": [ 143.133228, 42.922319 ] } },
{ "type": "Feature", "properties": { "内容": "デイサービスかちばす【地域密着型通所介護】北海道帯広市西14条南32丁目2－13", "url2": "https://www.kaigokensaku.mhlw.go.jp/01/index.php?action_kouhyou_detail_004_kani=true&JigyosyoCd=0174601856-00&ServiceCd=780&Type=search" }, "geometry": { "type": "Point", "coordinates": [ 143.185356008598347, 42.894110850653043 ] } },
{ "type": "Feature", "properties": { "内容": "茶話本舗デイサービス帯広つつじヶ丘亭【地域密着型通所介護】北海道帯広市西２４条南３丁目４１番地９", "url2": "https://www.kaigokensaku.mhlw.go.jp/01/index.php?action_kouhyou_detail_004_kani=true&JigyosyoCd=0174602052-00&ServiceCd=780&Type=search" }, "geometry": { "type": "Point", "coordinates": [ 143.120074, 42.9132088 ] } },
{ "type": "Feature", "properties": { "内容": "デイサロンあじさい【地域密着型通所介護】北海道帯広市西１４条南３２丁目５番地", "url2": "https://www.kaigokensaku.mhlw.go.jp/01/index.php?action_kouhyou_detail_004_kani=true&JigyosyoCd=0194600474-00&ServiceCd=780&Type=search" }, "geometry": { "type": "Point", "coordinates": [ 143.18403812323595, 42.893269484780525 ] } },
{ "type": "Feature", "properties": { "内容": "ツクイ帯広ＷＯＷ【地域密着型通所介護】北海道帯広市西4条南29丁目1番地8号ＷＯＷ西館1階", "url2": "https://www.kaigokensaku.mhlw.go.jp/01/index.php?action_kouhyou_detail_004_kani=true&JigyosyoCd=0194600623-00&ServiceCd=780&Type=search" }, "geometry": { "type": "Point", "coordinates": [ 143.201832564942919, 42.898055936768365 ] } },
{ "type": "Feature", "properties": { "内容": "デイサービスななか【地域密着型通所介護】北海道帯広市西16条南1丁目24-16", "url2": "https://www.kaigokensaku.mhlw.go.jp/01/index.php?action_kouhyou_detail_004_kani=true&JigyosyoCd=0194600573-00&ServiceCd=780&Type=search" }, "geometry": { "type": "Point", "coordinates": [ 143.173229900000024, 42.92928 ] } },
{ "type": "Feature", "properties": { "内容": "機能訓練特化型デイサービスNeoReha【地域密着型通所介護】北海道帯広市西4条南17丁目11番地", "url2": "https://www.kaigokensaku.mhlw.go.jp/01/index.php?action_kouhyou_detail_004_kani=true&JigyosyoCd=0194600417-00&ServiceCd=780&Type=search" }, "geometry": { "type": "Point", "coordinates": [ 143.200010184655753, 42.912414346518382 ] } },
{ "type": "Feature", "properties": { "内容": "おしごとデイ「おはな」【地域密着型通所介護】北海道帯広市西１７条南３丁目４７番１６号ヴェルデュール柏林台１F", "url2": "https://www.kaigokensaku.mhlw.go.jp/01/index.php?action_kouhyou_detail_004_kani=true&JigyosyoCd=0194600565-00&ServiceCd=780&Type=search" }, "geometry": { "type": "Point", "coordinates": [ 143.16643380000005, 42.9181593 ] } },
{ "type": "Feature", "properties": { "内容": "リラクゼーションデイのどか【地域密着型通所介護】北海道帯広市東１２条南５丁目１０番２", "url2": "https://www.kaigokensaku.mhlw.go.jp/01/index.php?action_kouhyou_detail_004_kani=true&JigyosyoCd=0194600409-00&ServiceCd=780&Type=search" }, "geometry": { "type": "Point", "coordinates": [ 143.225722509400953, 42.927282386272026 ] } },
{ "type": "Feature", "properties": { "内容": "元氣ジム帯広自由が丘【地域密着型通所介護】北海道帯広市自由が丘3丁目10-6", "url2": "https://www.kaigokensaku.mhlw.go.jp/01/index.php?action_kouhyou_detail_004_kani=true&JigyosyoCd=0194600698-00&ServiceCd=780&Type=search" }, "geometry": { "type": "Point", "coordinates": [ 143.15838, 42.9024642 ] } },
{ "type": "Feature", "properties": { "内容": "デイサービスこころ【地域密着型通所介護】北海道帯広市西16条北2丁目12番3号", "url2": "https://www.kaigokensaku.mhlw.go.jp/01/index.php?action_kouhyou_detail_004_kani=true&JigyosyoCd=0194600730-00&ServiceCd=780&Type=search" }, "geometry": { "type": "Point", "coordinates": [ 143.175382752114871, 42.93602781689416 ] } },
{ "type": "Feature", "properties": { "内容": "あかりデイサービス【地域密着型通所介護】北海道帯広市大通南８丁目５番", "url2": "https://www.kaigokensaku.mhlw.go.jp/01/index.php?action_kouhyou_detail_004_kani=true&JigyosyoCd=0194600607-00&ServiceCd=780&Type=search" }, "geometry": { "type": "Point", "coordinates": [ 143.2044764, 42.9235259 ] } },
{ "type": "Feature", "properties": { "内容": "カラダラボ北見青葉【地域密着型通所介護】北見市青葉町１３番地３", "url2": "https://www.kaigokensaku.mhlw.go.jp/01/index.php?action_kouhyou_detail_004_kani=true&JigyosyoCd=0175012137-00&ServiceCd=780&Type=search" }, "geometry": { "type": "Point", "coordinates": [ 143.8961448, 43.8156832 ] } },
{ "type": "Feature", "properties": { "内容": "ICTデイサービス事業所「ソラ」【地域密着型通所介護】北海道北見市寿町１丁目１－４", "url2": "https://www.kaigokensaku.mhlw.go.jp/01/index.php?action_kouhyou_detail_004_kani=true&JigyosyoCd=0175012509-00&ServiceCd=780&Type=search" }, "geometry": { "type": "Point", "coordinates": [ 143.882588, 43.8100555 ] } },
{ "type": "Feature", "properties": { "内容": "デイサービス緑の丘弐番館【地域密着型通所介護】北見市美山町西4丁目113番地13", "url2": "https://www.kaigokensaku.mhlw.go.jp/01/index.php?action_kouhyou_detail_004_kani=true&JigyosyoCd=0195003363-00&ServiceCd=780&Type=search" }, "geometry": { "type": "Point", "coordinates": [ 143.8749972, 43.8295281 ] } },
{ "type": "Feature", "properties": { "内容": "アースサポート北見【地域密着型通所介護】北海道北見市北進町4丁目1番22号", "url2": "https://www.kaigokensaku.mhlw.go.jp/01/index.php?action_kouhyou_detail_004_kani=true&JigyosyoCd=0175012178-00&ServiceCd=780&Type=search" }, "geometry": { "type": "Point", "coordinates": [ 143.87674979999997, 43.8041669 ] } },
{ "type": "Feature", "properties": { "内容": "デイサービス緑の丘弐番館【地域密着型通所介護】北海道北見市美山町西4丁目113番地13", "url2": "https://www.kaigokensaku.mhlw.go.jp/01/index.php?action_kouhyou_detail_004_kani=true&JigyosyoCd=0175012186-00&ServiceCd=780&Type=search" }, "geometry": { "type": "Point", "coordinates": [ 143.875014559946521, 43.829594934571247 ] } },
{ "type": "Feature", "properties": { "内容": "デイサービスあさひ【地域密着型通所介護】北海道北見市朝日町14-4", "url2": "https://www.kaigokensaku.mhlw.go.jp/01/index.php?action_kouhyou_detail_004_kani=true&JigyosyoCd=0175012152-00&ServiceCd=780&Type=search" }, "geometry": { "type": "Point", "coordinates": [ 143.908841533385498, 43.814667001343011 ] } },
{ "type": "Feature", "properties": { "内容": "デイサービスセンターいちごの杜【地域密着型通所介護】北海道北見市とん田西町317番地11サービス付高齢者向け住宅いちごの杜", "url2": "https://www.kaigokensaku.mhlw.go.jp/01/index.php?action_kouhyou_detail_004_kani=true&JigyosyoCd=0175012475-00&ServiceCd=780&Type=search" }, "geometry": { "type": "Point", "coordinates": [ 143.875606281597896, 43.795159927908472 ] } },
{ "type": "Feature", "properties": { "内容": "デイサービスセンター　ふれやか【地域密着型通所介護】北見市中央三輪９丁目１７番地３", "url2": "https://www.kaigokensaku.mhlw.go.jp/01/index.php?action_kouhyou_detail_004_kani=true&JigyosyoCd=0175000710-00&ServiceCd=780&Type=search" }, "geometry": { "type": "Point", "coordinates": [ 143.8443833, 43.7932119 ] } },
{ "type": "Feature", "properties": { "内容": "こころふるデイサービス【地域密着型通所介護】北海道北見市高栄西町７丁目７番５号", "url2": "https://www.kaigokensaku.mhlw.go.jp/01/index.php?action_kouhyou_detail_004_kani=true&JigyosyoCd=0175012467-00&ServiceCd=780&Type=search" }, "geometry": { "type": "Point", "coordinates": [ 143.859950741544964, 43.816055314423927 ] } },
{ "type": "Feature", "properties": { "内容": "デイサロン　ひかり野【地域密着型通所介護】北海道北見市ひかり野６丁目１番地9", "url2": "https://www.kaigokensaku.mhlw.go.jp/01/index.php?action_kouhyou_detail_004_kani=true&JigyosyoCd=0175012491-00&ServiceCd=780&Type=search" }, "geometry": { "type": "Point", "coordinates": [ 143.93185189999997, 43.8286411 ] } },
{ "type": "Feature", "properties": { "内容": "デイサービスセンターむか川【地域密着型通所介護】北海道北見市留辺蘂町温根湯温泉３４０番地春にれの里　むか川", "url2": "https://www.kaigokensaku.mhlw.go.jp/01/index.php?action_kouhyou_detail_004_kani=true&JigyosyoCd=0175011790-00&ServiceCd=780&Type=search" }, "geometry": { "type": "Point", "coordinates": [ 143.505666199999951, 43.7575693 ] } },
{ "type": "Feature", "properties": { "内容": "JA北海道厚生連　デイサービスセンターところ【地域密着型通所介護】北見市常呂町字常呂５６１番地２６", "url2": "https://www.kaigokensaku.mhlw.go.jp/01/index.php?action_kouhyou_detail_004_kani=true&JigyosyoCd=0175012228-00&ServiceCd=780&Type=search" }, "geometry": { "type": "Point", "coordinates": [ 144.066350654974883, 44.117486500558016 ] } },
{ "type": "Feature", "properties": { "内容": "デイサービスあゆみ【地域密着型通所介護】北海道北見市高栄東町３丁目２０番２０号", "url2": "https://www.kaigokensaku.mhlw.go.jp/01/index.php?action_kouhyou_detail_004_kani=true&JigyosyoCd=0175011972-00&ServiceCd=780&Type=search" }, "geometry": { "type": "Point", "coordinates": [ 143.869583299999931, 43.814288 ] } },
{ "type": "Feature", "properties": { "内容": "デイサービスくつろぎ茶の間笑【地域密着型通所介護】北海道北見市北光328番地16", "url2": "https://www.kaigokensaku.mhlw.go.jp/01/index.php?action_kouhyou_detail_004_kani=true&JigyosyoCd=0175011998-00&ServiceCd=780&Type=search" }, "geometry": { "type": "Point", "coordinates": [ 143.870576300000039, 43.7824971 ] } },
{ "type": "Feature", "properties": { "内容": "療養デイサービス結【地域密着型通所介護】北海道北見市北光328番地16障がい者・要介護者等共同住宅ファミリーハウス蓮３号館", "url2": "https://www.kaigokensaku.mhlw.go.jp/01/index.php?action_kouhyou_detail_004_kani=true&JigyosyoCd=0175012012-00&ServiceCd=780&Type=search" }, "geometry": { "type": "Point", "coordinates": [ 143.870509699999957, 43.7817444 ] } },
{ "type": "Feature", "properties": { "内容": "デイサービスきずな北光【地域密着型通所介護】北海道北見市北光444番地26", "url2": "https://www.kaigokensaku.mhlw.go.jp/01/index.php?action_kouhyou_detail_004_kani=true&JigyosyoCd=0175000983-00&ServiceCd=780&Type=search" }, "geometry": { "type": "Point", "coordinates": [ 143.863123800000039, 43.7819268 ] } },
{ "type": "Feature", "properties": { "内容": "デイサービスきずな中ノ島【地域密着型通所介護】北見市中ノ島町２丁目８番９", "url2": "https://www.kaigokensaku.mhlw.go.jp/01/index.php?action_kouhyou_detail_004_kani=true&JigyosyoCd=0175011840-00&ServiceCd=780&Type=search" }, "geometry": { "type": "Point", "coordinates": [ 143.897565200000031, 43.7924078 ] } },
{ "type": "Feature", "properties": { "内容": "リハプライド　北見中央桜【地域密着型通所介護】北海道北見市桜町3-63-1", "url2": "https://www.kaigokensaku.mhlw.go.jp/01/index.php?action_kouhyou_detail_004_kani=true&JigyosyoCd=0195003181-00&ServiceCd=780&Type=search" }, "geometry": { "type": "Point", "coordinates": [ 143.9060416, 43.8064334 ] } },
{ "type": "Feature", "properties": { "内容": "デイサービスはな【地域密着型通所介護】北海道北見市桜町６丁目２－１", "url2": "https://www.kaigokensaku.mhlw.go.jp/01/index.php?action_kouhyou_detail_004_kani=true&JigyosyoCd=0195003116-00&ServiceCd=780&Type=search" }, "geometry": { "type": "Point", "coordinates": [ 143.906730299999907, 43.8053177 ] } },
{ "type": "Feature", "properties": { "内容": "デイサービスセンターいこいの茶屋北見中央【地域密着型通所介護】北海道北見市三楽町164番9", "url2": "https://www.kaigokensaku.mhlw.go.jp/01/index.php?action_kouhyou_detail_004_kani=true&JigyosyoCd=0195003215-00&ServiceCd=780&Type=search" }, "geometry": { "type": "Point", "coordinates": [ 143.892850309450978, 43.815810981656725 ] } },
{ "type": "Feature", "properties": { "内容": "デイサービスセンターいこいの茶屋北見西【地域密着型通所介護】北海道北見市本町４丁目５番12", "url2": "https://www.kaigokensaku.mhlw.go.jp/01/index.php?action_kouhyou_detail_004_kani=true&JigyosyoCd=0195003298-00&ServiceCd=780&Type=search" }, "geometry": { "type": "Point", "coordinates": [ 143.882647100000014, 43.8006073 ] } },
{ "type": "Feature", "properties": { "内容": "虹の空デイサービスセンター【地域密着型通所介護】北海道北見市西三輪2丁目661番地1", "url2": "https://www.kaigokensaku.mhlw.go.jp/01/index.php?action_kouhyou_detail_004_kani=true&JigyosyoCd=0195003058-00&ServiceCd=780&Type=search" }, "geometry": { "type": "Point", "coordinates": [ 143.836680800000067, 43.8002472 ] } },
{ "type": "Feature", "properties": { "内容": "デイサービスオカリナⅡ号館【地域密着型通所介護】北海道北見市東相内町１４３番地１", "url2": "https://www.kaigokensaku.mhlw.go.jp/01/index.php?action_kouhyou_detail_004_kani=true&JigyosyoCd=0195003157-00&ServiceCd=780&Type=search" }, "geometry": { "type": "Point", "coordinates": [ 143.816223700000023, 43.8044883 ] } },
{ "type": "Feature", "properties": { "内容": "LIFEREHABILITATION　希望のつぼみ北見【地域密着型通所介護】北海道北見市東陵町48-19", "url2": "https://www.kaigokensaku.mhlw.go.jp/01/index.php?action_kouhyou_detail_004_kani=true&JigyosyoCd=0195003231-00&ServiceCd=780&Type=search" }, "geometry": { "type": "Point", "coordinates": [ 143.900765657735718, 43.820924708056594 ] } },
{ "type": "Feature", "properties": { "内容": "デイサービス光（ひっか）【地域密着型通所介護】北海道北見市北光319番地53", "url2": "https://www.kaigokensaku.mhlw.go.jp/01/index.php?action_kouhyou_detail_004_kani=true&JigyosyoCd=0195003264-00&ServiceCd=780&Type=search" }, "geometry": { "type": "Point", "coordinates": [ 143.8714788, 43.782297 ] } },
{ "type": "Feature", "properties": { "内容": "ケアライフサービスかつやま【地域密着型通所介護】北海道北見市高栄西町7丁目1-1", "url2": "https://www.kaigokensaku.mhlw.go.jp/01/index.php?action_kouhyou_detail_004_kani=true&JigyosyoCd=0195003074-00&ServiceCd=780&Type=search" }, "geometry": { "type": "Point", "coordinates": [ 143.860736699999961, 43.8149405 ] } },
{ "type": "Feature", "properties": { "内容": "デイサービス夢ふうせんいぶき【地域密着型通所介護】北見市東相内町１７３番地４", "url2": "https://www.kaigokensaku.mhlw.go.jp/01/index.php?action_kouhyou_detail_004_kani=true&JigyosyoCd=0195003348-00&ServiceCd=780&Type=search" }, "geometry": { "type": "Point", "coordinates": [ 143.820489900000013, 43.8009369 ] } },
{ "type": "Feature", "properties": { "内容": "デイサービスフルーツ【地域密着型通所介護】北海道北見市北進町7丁目6-11", "url2": "https://www.kaigokensaku.mhlw.go.jp/01/index.php?action_kouhyou_detail_004_kani=true&JigyosyoCd=0195003272-00&ServiceCd=780&Type=search" }, "geometry": { "type": "Point", "coordinates": [ 143.8683505, 43.8043861 ] } },
{ "type": "Feature", "properties": { "内容": "地域密着型デイサービスあずましい【地域密着型通所介護】夕張市鹿の谷３丁目１１８番２複合施設　和家", "url2": "https://www.kaigokensaku.mhlw.go.jp/01/index.php?action_kouhyou_detail_004_kani=true&JigyosyoCd=0195900063-00&ServiceCd=780&Type=search" }, "geometry": { "type": "Point", "coordinates": [ 141.9653063, 43.0323863 ] } },
{ "type": "Feature", "properties": { "内容": "ゆうばりデイサービスセンターふるさと【地域密着型通所介護】北海道夕張市紅葉山231番地70", "url2": "https://www.kaigokensaku.mhlw.go.jp/01/index.php?action_kouhyou_detail_004_kani=true&JigyosyoCd=0195900055-00&ServiceCd=780&Type=search" }, "geometry": { "type": "Point", "coordinates": [ 142.043991600000027, 42.9421439 ] } },
{ "type": "Feature", "properties": { "内容": "デイサービスセンターすずらん【地域密着型通所介護】北海道夕張市南清水沢1丁目124番地", "url2": "https://www.kaigokensaku.mhlw.go.jp/01/index.php?action_kouhyou_detail_004_kani=true&JigyosyoCd=0175900034-00&ServiceCd=780&Type=search" }, "geometry": { "type": "Point", "coordinates": [ 142.004066599999987, 42.9871435 ] } },
{ "type": "Feature", "properties": { "内容": "きたえるーむ岩見沢中央【地域密着型通所介護】北海道岩見沢市5条西11丁目1-12", "url2": "https://www.kaigokensaku.mhlw.go.jp/01/index.php?action_kouhyou_detail_004_kani=true&JigyosyoCd=0175701044-00&ServiceCd=780&Type=search" }, "geometry": { "type": "Point", "coordinates": [ 141.345037700000034, 43.0257135 ] } },
{ "type": "Feature", "properties": { "内容": "デイホームゆい【地域密着型通所介護】北海道岩見沢市上幌向北一条２丁目１１７３番地１４６", "url2": "https://www.kaigokensaku.mhlw.go.jp/01/index.php?action_kouhyou_detail_004_kani=true&JigyosyoCd=0175700947-00&ServiceCd=780&Type=search" }, "geometry": { "type": "Point", "coordinates": [ 141.7193658, 43.1855046 ] } },
{ "type": "Feature", "properties": { "内容": "デイサービス小春【地域密着型通所介護】北海道岩見沢市春日町１丁目９番４号", "url2": "https://www.kaigokensaku.mhlw.go.jp/01/index.php?action_kouhyou_detail_004_kani=true&JigyosyoCd=0175700251-00&ServiceCd=780&Type=search" }, "geometry": { "type": "Point", "coordinates": [ 141.770147800000018, 43.1892839 ] } },
{ "type": "Feature", "properties": { "内容": "リハビリテーション悠愛【地域密着型通所介護】北海道岩見沢市北本町東1丁目2番3号", "url2": "https://www.kaigokensaku.mhlw.go.jp/01/index.php?action_kouhyou_detail_004_kani=true&JigyosyoCd=0195700257-00&ServiceCd=780&Type=search" }, "geometry": { "type": "Point", "coordinates": [ 141.760907800000012, 43.2100048 ] } },
{ "type": "Feature", "properties": { "内容": "ディサービスくらしさ緑が丘【地域密着型通所介護】北海道岩見沢市緑が丘4丁目221-56サービス付き高齢者向け住宅　くらしさ緑が丘1階", "url2": "https://www.kaigokensaku.mhlw.go.jp/01/index.php?action_kouhyou_detail_004_kani=true&JigyosyoCd=0195700224-00&ServiceCd=780&Type=search" }, "geometry": { "type": "Point", "coordinates": [ 141.774131899999986, 43.1798103 ] } },
{ "type": "Feature", "properties": { "内容": "デイサービスセンター菜の花【地域密着型通所介護】北海道岩見沢市６条西１３丁目３８－２", "url2": "https://www.kaigokensaku.mhlw.go.jp/01/index.php?action_kouhyou_detail_004_kani=true&JigyosyoCd=0175700921-00&ServiceCd=780&Type=search" }, "geometry": { "type": "Point", "coordinates": [ 141.75659040000005, 43.1959272 ] } },
{ "type": "Feature", "properties": { "内容": "まちなかデイサービス岩見沢【地域密着型通所介護】岩見沢市２条西３丁目３番２号三共ビル１階", "url2": "https://www.kaigokensaku.mhlw.go.jp/01/index.php?action_kouhyou_detail_004_kani=true&JigyosyoCd=0175700913-00&ServiceCd=780&Type=search" }, "geometry": { "type": "Point", "coordinates": [ 141.763445100000013, 43.203807 ] } },
{ "type": "Feature", "properties": { "内容": "デイサービス風香【地域密着型通所介護】北海道岩見沢市栗沢町由良７３７番地２８", "url2": "https://www.kaigokensaku.mhlw.go.jp/01/index.php?action_kouhyou_detail_004_kani=true&JigyosyoCd=0175700954-00&ServiceCd=780&Type=search" }, "geometry": { "type": "Point", "coordinates": [ 141.750541500000054, 43.1270228 ] } },
{ "type": "Feature", "properties": { "内容": "デイサービス　らいぶりー　野いちご村【地域密着型通所介護】北海道岩見沢市5条西19丁目12-2", "url2": "https://www.kaigokensaku.mhlw.go.jp/01/index.php?action_kouhyou_detail_004_kani=true&JigyosyoCd=0175700814-00&ServiceCd=780&Type=search" }, "geometry": { "type": "Point", "coordinates": [ 141.749752100000023, 43.1944521 ] } },
{ "type": "Feature", "properties": { "内容": "デイサービスセンター北都【地域密着型通所介護】北海道岩見沢市幌向南１条１丁目１７２－１", "url2": "https://www.kaigokensaku.mhlw.go.jp/01/index.php?action_kouhyou_detail_004_kani=true&JigyosyoCd=0195700182-00&ServiceCd=780&Type=search" }, "geometry": { "type": "Point", "coordinates": [ 141.6596353, 43.153336300000014 ] } },
{ "type": "Feature", "properties": { "内容": "デイサービスセンターゆあみ茶屋【地域密着型通所介護】北海道岩見沢市南町5条1丁目6番26号", "url2": "https://www.kaigokensaku.mhlw.go.jp/01/index.php?action_kouhyou_detail_004_kani=true&JigyosyoCd=0195700190-00&ServiceCd=780&Type=search" }, "geometry": { "type": "Point", "coordinates": [ 141.7566898, 43.1826987 ] } },
{ "type": "Feature", "properties": { "内容": "デイサービスセンターゆあみ茶屋北5条館【地域密着型通所介護】北海道岩見沢市北5条西8丁目2番12号", "url2": "https://www.kaigokensaku.mhlw.go.jp/01/index.php?action_kouhyou_detail_004_kani=true&JigyosyoCd=0195700208-00&ServiceCd=780&Type=search" }, "geometry": { "type": "Point", "coordinates": [ 141.7501034, 43.2094204 ] } },
{ "type": "Feature", "properties": { "内容": "デイサービスセンターゆあみ茶屋駒園【地域密着型通所介護】北海道岩見沢市駒園８丁目３５番１号", "url2": "https://www.kaigokensaku.mhlw.go.jp/01/index.php?action_kouhyou_detail_004_kani=true&JigyosyoCd=0195700216-00&ServiceCd=780&Type=search" }, "geometry": { "type": "Point", "coordinates": [ 141.7645703, 43.1782081 ] } },
{ "type": "Feature", "properties": { "内容": "ケアサポートすまいる【地域密着型通所介護】北海道網走市字潮見61番地26マルベリーハウス", "url2": "https://www.kaigokensaku.mhlw.go.jp/01/index.php?action_kouhyou_detail_004_kani=true&JigyosyoCd=0175300599-00&ServiceCd=780&Type=search" }, "geometry": { "type": "Point", "coordinates": [ 144.255434, 43.9962338 ] } },
{ "type": "Feature", "properties": { "内容": "デイサービスあじさい【地域密着型通所介護】北海道網走市字潮見157番地5", "url2": "https://www.kaigokensaku.mhlw.go.jp/01/index.php?action_kouhyou_detail_004_kani=true&JigyosyoCd=0175300581-00&ServiceCd=780&Type=search" }, "geometry": { "type": "Point", "coordinates": [ 144.266897, 43.9923318 ] } },
{ "type": "Feature", "properties": { "内容": "よってけ家はまなすつくし【地域密着型通所介護】北海道網走市つくしヶ丘３丁目９番１号", "url2": "https://www.kaigokensaku.mhlw.go.jp/01/index.php?action_kouhyou_detail_004_kani=true&JigyosyoCd=0195300231-00&ServiceCd=780&Type=search" }, "geometry": { "type": "Point", "coordinates": [ 144.2798091, 43.9931199 ] } },
{ "type": "Feature", "properties": { "内容": "ふくろうさん【地域密着型通所介護】北海道網走市緑町１番１０－６ファミールみどり", "url2": "https://www.kaigokensaku.mhlw.go.jp/01/index.php?action_kouhyou_detail_004_kani=true&JigyosyoCd=0195300280-00&ServiceCd=780&Type=search" }, "geometry": { "type": "Point", "coordinates": [ 144.254832726983636, 44.023983562213807 ] } },
{ "type": "Feature", "properties": { "内容": "ディサービス　ぬくもりの家【地域密着型通所介護】北海道留萌市開運町３丁目８－３", "url2": "https://www.kaigokensaku.mhlw.go.jp/01/index.php?action_kouhyou_detail_004_kani=true&JigyosyoCd=0176400398-00&ServiceCd=780&Type=search" }, "geometry": { "type": "Point", "coordinates": [ 141.645183699999961, 43.9397455 ] } },
{ "type": "Feature", "properties": { "内容": "デイサービスアスモア【地域密着型通所介護】北海道留萌市栄町１丁目５番６号", "url2": "https://www.kaigokensaku.mhlw.go.jp/01/index.php?action_kouhyou_detail_004_kani=true&JigyosyoCd=0176400547-00&ServiceCd=780&Type=search" }, "geometry": { "type": "Point", "coordinates": [ 141.6492, 43.9422509 ] } },
{ "type": "Feature", "properties": { "内容": "スパ＆アクティブスタジオMOEGYM【地域密着型通所介護】北海道留萌市栄町1丁目1番1号", "url2": "https://www.kaigokensaku.mhlw.go.jp/01/index.php?action_kouhyou_detail_004_kani=true&JigyosyoCd=0176400273-00&ServiceCd=780&Type=search" }, "geometry": { "type": "Point", "coordinates": [ 141.652774799999946, 43.9417816 ] } },
{ "type": "Feature", "properties": { "内容": "デイサービス　フリーダム【地域密着型通所介護】北海道苫小牧市明徳町4-1-7", "url2": "https://www.kaigokensaku.mhlw.go.jp/01/index.php?action_kouhyou_detail_004_kani=true&JigyosyoCd=0193600426-00&ServiceCd=780&Type=search" }, "geometry": { "type": "Point", "coordinates": [ 141.493041, 42.6143102 ] } },
{ "type": "Feature", "properties": { "内容": "デイサービスハルト苫小牧【地域密着型通所介護】北海道苫小牧市花園町3丁目3番21号", "url2": "https://www.kaigokensaku.mhlw.go.jp/01/index.php?action_kouhyou_detail_004_kani=true&JigyosyoCd=0193600459-00&ServiceCd=780&Type=search" }, "geometry": { "type": "Point", "coordinates": [ 141.568360900000016, 42.6339644 ] } },
{ "type": "Feature", "properties": { "内容": "地域密着型通所介護ライフケア･ウトナイ【地域密着型通所介護】北海道苫小牧市字植苗220-27", "url2": "https://www.kaigokensaku.mhlw.go.jp/01/index.php?action_kouhyou_detail_004_kani=true&JigyosyoCd=0173600685-00&ServiceCd=780&Type=search" }, "geometry": { "type": "Point", "coordinates": [ 141.693593100000044, 42.7027259 ] } },
{ "type": "Feature", "properties": { "内容": "デイサービスうとない【地域密着型通所介護】苫小牧市字植苗227-65", "url2": "https://www.kaigokensaku.mhlw.go.jp/01/index.php?action_kouhyou_detail_004_kani=true&JigyosyoCd=0173601048-00&ServiceCd=780&Type=search" }, "geometry": { "type": "Point", "coordinates": [ 141.691151799999943, 42.7017148 ] } },
{ "type": "Feature", "properties": { "内容": "デイサービスみずき庵【地域密着型通所介護】北海道苫小牧市しらかば町３丁目１３番地３号デイサービス　みずき庵", "url2": "https://www.kaigokensaku.mhlw.go.jp/01/index.php?action_kouhyou_detail_004_kani=true&JigyosyoCd=0193600467-00&ServiceCd=780&Type=search" }, "geometry": { "type": "Point", "coordinates": [ 141.537818799999968, 42.6202619 ] } },
{ "type": "Feature", "properties": { "内容": "デイハウスいちご【地域密着型通所介護】北海道苫小牧市柏木町３丁目６番１２号", "url2": "https://www.kaigokensaku.mhlw.go.jp/01/index.php?action_kouhyou_detail_004_kani=true&JigyosyoCd=0173601717-00&ServiceCd=780&Type=search" }, "geometry": { "type": "Point", "coordinates": [ 141.521493746359226, 42.622923203961754 ] } },
{ "type": "Feature", "properties": { "内容": "デイハウスみかん【地域密着型通所介護】北海道苫小牧市桜木町４丁目１番６号", "url2": "https://www.kaigokensaku.mhlw.go.jp/01/index.php?action_kouhyou_detail_004_kani=true&JigyosyoCd=0193600566-00&ServiceCd=780&Type=search" }, "geometry": { "type": "Point", "coordinates": [ 141.559968199999958, 42.6307142 ] } },
{ "type": "Feature", "properties": { "内容": "スポットライトしらかば【地域密着型通所介護】北海道苫小牧市しらかば町3丁目13番3号", "url2": "https://www.kaigokensaku.mhlw.go.jp/01/index.php?action_kouhyou_detail_004_kani=true&JigyosyoCd=0193600830-00&ServiceCd=780&Type=search" }, "geometry": { "type": "Point", "coordinates": [ 141.5346934, 42.6211262 ] } },
{ "type": "Feature", "properties": { "内容": "リハニックイオンモール苫小牧【地域密着型通所介護】北海道苫小牧市柳町３丁目１−２０イオンモール苫小牧２階", "url2": "https://www.kaigokensaku.mhlw.go.jp/01/index.php?action_kouhyou_detail_004_kani=true&JigyosyoCd=0193600715-00&ServiceCd=780&Type=search" }, "geometry": { "type": "Point", "coordinates": [ 141.642477899999989, 42.6564049 ] } },
{ "type": "Feature", "properties": { "内容": "道央佐藤病院デイサービスセンターしんとみ【地域密着型通所介護】北海道苫小牧市新富町1丁目3番5号", "url2": "https://www.kaigokensaku.mhlw.go.jp/01/index.php?action_kouhyou_detail_004_kani=true&JigyosyoCd=0173602038-00&ServiceCd=780&Type=search" }, "geometry": { "type": "Point", "coordinates": [ 141.575713599999972, 42.6241263 ] } },
{ "type": "Feature", "properties": { "内容": "デイハウス　おあしす【地域密着型通所介護】北海道苫小牧市有珠の沢町３丁目１２番１０号", "url2": "https://www.kaigokensaku.mhlw.go.jp/01/index.php?action_kouhyou_detail_004_kani=true&JigyosyoCd=0173601618-00&ServiceCd=780&Type=search" }, "geometry": { "type": "Point", "coordinates": [ 141.552029400000038, 42.6396855 ] } },
{ "type": "Feature", "properties": { "内容": "リハビリ特化型デイサービス　カラダラボ苫小牧美園【地域密着型通所介護】北海道苫小牧市美園町２丁目１１－９", "url2": "https://www.kaigokensaku.mhlw.go.jp/01/index.php?action_kouhyou_detail_004_kani=true&JigyosyoCd=0173602178-00&ServiceCd=780&Type=search" }, "geometry": { "type": "Point", "coordinates": [ 141.613260200000013, 42.6582528 ] } },
{ "type": "Feature", "properties": { "内容": "リハビリステーションドリームバルーン日吉【地域密着型通所介護】北海道苫小牧市日吉町2丁目10－14", "url2": "https://www.kaigokensaku.mhlw.go.jp/01/index.php?action_kouhyou_detail_004_kani=true&JigyosyoCd=0173602186-00&ServiceCd=780&Type=search" }, "geometry": { "type": "Point", "coordinates": [ 141.547189328836083, 42.619554717430233 ] } },
{ "type": "Feature", "properties": { "内容": "療養通所介護センターしらかば【地域密着型通所介護】北海道苫小牧市ときわ町３丁目4-1", "url2": "https://www.kaigokensaku.mhlw.go.jp/01/index.php?action_kouhyou_detail_004_kani=true&JigyosyoCd=0173601105-00&ServiceCd=780&Type=search" }, "geometry": { "type": "Point", "coordinates": [ 141.511540800000034, 42.611982200000014 ] } },
{ "type": "Feature", "properties": { "内容": "デイサービスひまわり【地域密着型通所介護】北海道苫小牧市日新町4丁目6番17号", "url2": "https://www.kaigokensaku.mhlw.go.jp/01/index.php?action_kouhyou_detail_004_kani=true&JigyosyoCd=0173602095-00&ServiceCd=780&Type=search" }, "geometry": { "type": "Point", "coordinates": [ 141.5345767, 42.6307436 ] } },
{ "type": "Feature", "properties": { "内容": "デイサービス　ラベンダー【地域密着型通所介護】苫小牧市青雲町３丁目４番４号", "url2": "https://www.kaigokensaku.mhlw.go.jp/01/index.php?action_kouhyou_detail_004_kani=true&JigyosyoCd=0173601261-00&ServiceCd=780&Type=search" }, "geometry": { "type": "Point", "coordinates": [ 141.48480619999998, 42.6073383 ] } },
{ "type": "Feature", "properties": { "内容": "デイサービスセンター逢える【地域密着型通所介護】苫小牧市明徳２丁目２４番地９号", "url2": "https://www.kaigokensaku.mhlw.go.jp/01/index.php?action_kouhyou_detail_004_kani=true&JigyosyoCd=0173600073-00&ServiceCd=780&Type=search" }, "geometry": { "type": "Point", "coordinates": [ 141.483695904090894, 42.610222198227341 ] } },
{ "type": "Feature", "properties": { "内容": "デイサービスセンターやなぎ【地域密着型通所介護】北海道苫小牧市柳町４丁目１１番３６号", "url2": "https://www.kaigokensaku.mhlw.go.jp/01/index.php?action_kouhyou_detail_004_kani=true&JigyosyoCd=0173600339-00&ServiceCd=780&Type=search" }, "geometry": { "type": "Point", "coordinates": [ 141.631822903041098, 42.652011454565539 ] } },
{ "type": "Feature", "properties": { "内容": "LIFE　REHABILITATION　希望のつぼみ　苫小牧しらかば【地域密着型通所介護】北海道苫小牧市しらかば町３丁目３０－８", "url2": "https://www.kaigokensaku.mhlw.go.jp/01/index.php?action_kouhyou_detail_004_kani=true&JigyosyoCd=0173602335-00&ServiceCd=780&Type=search" }, "geometry": { "type": "Point", "coordinates": [ 141.533427299999971, 42.6235136 ] } },
{ "type": "Feature", "properties": { "内容": "デイハウスさくら指定通所介護事業所【地域密着型通所介護】北海道苫小牧市桜木町２丁目１９番５号", "url2": "https://www.kaigokensaku.mhlw.go.jp/01/index.php?action_kouhyou_detail_004_kani=true&JigyosyoCd=0173601063-00&ServiceCd=780&Type=search" }, "geometry": { "type": "Point", "coordinates": [ 141.550825, 42.6262837 ] } },
{ "type": "Feature", "properties": { "内容": "デイハウスすみれ指定通所介護事業所【地域密着型通所介護】苫小牧市日吉町4丁目1番22号", "url2": "https://www.kaigokensaku.mhlw.go.jp/01/index.php?action_kouhyou_detail_004_kani=true&JigyosyoCd=0173601329-00&ServiceCd=780&Type=search" }, "geometry": { "type": "Point", "coordinates": [ 141.558793599999944, 42.6235536 ] } },
{ "type": "Feature", "properties": { "内容": "フィットネスデイ拓勇【地域密着型通所介護】北海道苫小牧市拓勇西町4丁目1番15号", "url2": "https://www.kaigokensaku.mhlw.go.jp/01/index.php?action_kouhyou_detail_004_kani=true&JigyosyoCd=0193600624-00&ServiceCd=780&Type=search" }, "geometry": { "type": "Point", "coordinates": [ 141.6732264, 42.6687836 ] } },
{ "type": "Feature", "properties": { "内容": "デイサービスセンターらいふてらす苫小牧北光【地域密着型通所介護】北海道苫小牧市北光町４丁目12番20号", "url2": "https://www.kaigokensaku.mhlw.go.jp/01/index.php?action_kouhyou_detail_004_kani=true&JigyosyoCd=0193600418-00&ServiceCd=780&Type=search" }, "geometry": { "type": "Point", "coordinates": [ 141.579327899999953, 42.6412252 ] } },
{ "type": "Feature", "properties": { "内容": "リハビリステーションドリームバルーン音羽【地域密着型通所介護】北海道苫小牧市音羽町1-16-17", "url2": "https://www.kaigokensaku.mhlw.go.jp/01/index.php?action_kouhyou_detail_004_kani=true&JigyosyoCd=0193600574-00&ServiceCd=780&Type=search" }, "geometry": { "type": "Point", "coordinates": [ 141.614337100000057, 42.6483372 ] } },
{ "type": "Feature", "properties": { "内容": "らいふばでぃ苫小牧店【地域密着型通所介護】北海道苫小牧市糸井135−1", "url2": "https://www.kaigokensaku.mhlw.go.jp/01/index.php?action_kouhyou_detail_004_kani=true&JigyosyoCd=0193600517-00&ServiceCd=780&Type=search" }, "geometry": { "type": "Point", "coordinates": [ 141.524266152917448, 42.613913358686553 ] } },
{ "type": "Feature", "properties": { "内容": "リハビリ特化型デイサービス　とまリハ明野【地域密着型通所介護】北海道苫小牧市明野新町3丁目1-22", "url2": "https://www.kaigokensaku.mhlw.go.jp/01/index.php?action_kouhyou_detail_004_kani=true&JigyosyoCd=0193600509-00&ServiceCd=780&Type=search" }, "geometry": { "type": "Point", "coordinates": [ 141.63289409999993, 42.657962 ] } },
{ "type": "Feature", "properties": { "内容": "デイサービス　かすがの憩い【地域密着型通所介護】苫小牧市春日町1丁目2-14", "url2": "https://www.kaigokensaku.mhlw.go.jp/01/index.php?action_kouhyou_detail_004_kani=true&JigyosyoCd=0193600681-00&ServiceCd=780&Type=search" }, "geometry": { "type": "Point", "coordinates": [ 141.605183899999986, 42.6458089 ] } },
{ "type": "Feature", "properties": { "内容": "リハビリデイ生きがい【地域密着型通所介護】北海道苫小牧市光洋町2丁目６番25号", "url2": "https://www.kaigokensaku.mhlw.go.jp/01/index.php?action_kouhyou_detail_004_kani=true&JigyosyoCd=0193600632-00&ServiceCd=780&Type=search" }, "geometry": { "type": "Point", "coordinates": [ 141.560207600000012, 42.6234111 ] } },
{ "type": "Feature", "properties": { "内容": "宅老所昭ちゃん家【地域密着型通所介護】北海道苫小牧市しらかば町5丁目10-15", "url2": "https://www.kaigokensaku.mhlw.go.jp/01/index.php?action_kouhyou_detail_004_kani=true&JigyosyoCd=0193600491-00&ServiceCd=780&Type=search" }, "geometry": { "type": "Point", "coordinates": [ 141.542806599999949, 42.6260111 ] } },
{ "type": "Feature", "properties": { "内容": "勤医協みやまの里デイサービス【地域密着型通所介護】北海道苫小牧市山手町2丁目14番9号", "url2": "https://www.kaigokensaku.mhlw.go.jp/01/index.php?action_kouhyou_detail_004_kani=true&JigyosyoCd=0193600582-00&ServiceCd=780&Type=search" }, "geometry": { "type": "Point", "coordinates": [ 141.570976, 42.640578 ] } },
{ "type": "Feature", "properties": { "内容": "デイ・サービスセンターアポロ園【地域密着型通所介護】北海道苫小牧市山手町１丁目１２番３号", "url2": "https://www.kaigokensaku.mhlw.go.jp/01/index.php?action_kouhyou_detail_004_kani=true&JigyosyoCd=0193600483-00&ServiceCd=780&Type=search" }, "geometry": { "type": "Point", "coordinates": [ 141.579341600000021, 42.6427306 ] } },
{ "type": "Feature", "properties": { "内容": "けんけんパーク【地域密着型通所介護】北海道苫小牧市見山町３丁目１番３号第１スタービル", "url2": "https://www.kaigokensaku.mhlw.go.jp/01/index.php?action_kouhyou_detail_004_kani=true&JigyosyoCd=0193600616-00&ServiceCd=780&Type=search" }, "geometry": { "type": "Point", "coordinates": [ 141.566462699999988, 42.6364794 ] } },
{ "type": "Feature", "properties": { "内容": "デイサービス　うとない【地域密着型通所介護】北海道苫小牧市字植苗２２７番地６５", "url2": "https://www.kaigokensaku.mhlw.go.jp/01/index.php?action_kouhyou_detail_004_kani=true&JigyosyoCd=0193600723-00&ServiceCd=780&Type=search" }, "geometry": { "type": "Point", "coordinates": [ 141.6911437, 42.7016644 ] } },
{ "type": "Feature", "properties": { "内容": "作業活動型デイ「こぶし」【地域密着型通所介護】北海道苫小牧市本幸町１丁目１番５号", "url2": "https://www.kaigokensaku.mhlw.go.jp/01/index.php?action_kouhyou_detail_004_kani=true&JigyosyoCd=0193600764-00&ServiceCd=780&Type=search" }, "geometry": { "type": "Point", "coordinates": [ 141.596296385844454, 42.627884212142462 ] } },
{ "type": "Feature", "properties": { "内容": "にじいろ春日町店【地域密着型通所介護】北海道苫小牧市春日町3丁目14-19", "url2": "https://www.kaigokensaku.mhlw.go.jp/01/index.php?action_kouhyou_detail_004_kani=true&JigyosyoCd=0193600772-00&ServiceCd=780&Type=search" }, "geometry": { "type": "Point", "coordinates": [ 141.6011562, 42.6490436 ] } },
{ "type": "Feature", "properties": { "内容": "にじいろ大成町店【地域密着型通所介護】北海道苫小牧市大成町2丁目3-1", "url2": "https://www.kaigokensaku.mhlw.go.jp/01/index.php?action_kouhyou_detail_004_kani=true&JigyosyoCd=0193600814-00&ServiceCd=780&Type=search" }, "geometry": { "type": "Point", "coordinates": [ 141.568974700000012, 42.6249691 ] } },
{ "type": "Feature", "properties": { "内容": "デイサービス和みの森【地域密着型通所介護】北海道苫小牧市宮の森町1丁目2-19", "url2": "https://www.kaigokensaku.mhlw.go.jp/01/index.php?action_kouhyou_detail_004_kani=true&JigyosyoCd=0193600798-00&ServiceCd=780&Type=search" }, "geometry": { "type": "Point", "coordinates": [ 141.5266636, 42.6302018 ] } },
{ "type": "Feature", "properties": { "内容": "道北勤医協宗谷医院デイサービスセンター【地域密着型通所介護】北海道稚内市末広３丁目６番５号", "url2": "https://www.kaigokensaku.mhlw.go.jp/01/index.php?action_kouhyou_detail_004_kani=true&JigyosyoCd=0116711441-00&ServiceCd=780&Type=search" }, "geometry": { "type": "Point", "coordinates": [ 141.692213761580376, 45.399839653771288 ] } },
{ "type": "Feature", "properties": { "内容": "カラダラボ稚内【地域密着型通所介護】北海道稚内市はまなす4丁目１－１", "url2": "https://www.kaigokensaku.mhlw.go.jp/01/index.php?action_kouhyou_detail_004_kani=true&JigyosyoCd=0176700995-00&ServiceCd=780&Type=search" }, "geometry": { "type": "Point", "coordinates": [ 141.7273765, 45.3961102 ] } },
{ "type": "Feature", "properties": { "内容": "デイサービスセンターひだまり【地域密着型通所介護】稚内市萩見4丁目11番6号", "url2": "https://www.kaigokensaku.mhlw.go.jp/01/index.php?action_kouhyou_detail_004_kani=true&JigyosyoCd=0176700391-00&ServiceCd=780&Type=search" }, "geometry": { "type": "Point", "coordinates": [ 141.709986422597012, 45.389663573563325 ] } },
{ "type": "Feature", "properties": { "内容": "デイサービスひまわり【地域密着型通所介護】稚内市中央4丁目7番28号", "url2": "https://www.kaigokensaku.mhlw.go.jp/01/index.php?action_kouhyou_detail_004_kani=true&JigyosyoCd=0176700458-00&ServiceCd=780&Type=search" }, "geometry": { "type": "Point", "coordinates": [ 141.676090400000021, 45.4130979 ] } },
{ "type": "Feature", "properties": { "内容": "入浴特化型デイサービスエール【地域密着型通所介護】北海道稚内市潮見４丁目４番３５号", "url2": "https://www.kaigokensaku.mhlw.go.jp/01/index.php?action_kouhyou_detail_004_kani=true&JigyosyoCd=0196700199-00&ServiceCd=780&Type=search" }, "geometry": { "type": "Point", "coordinates": [ 141.705038666270411, 45.395218040175678 ] } },
{ "type": "Feature", "properties": { "内容": "デイサービス　リ・ケア　ケイト【地域密着型通所介護】北海道稚内市港1丁目3番8号", "url2": "https://www.kaigokensaku.mhlw.go.jp/01/index.php?action_kouhyou_detail_004_kani=true&JigyosyoCd=0196700207-00&ServiceCd=780&Type=search" }, "geometry": { "type": "Point", "coordinates": [ 141.674353, 45.4087597 ] } },
{ "type": "Feature", "properties": { "内容": "リハプライド稚内【地域密着型通所介護】北海道稚内市港3丁目２番１８号", "url2": "https://www.kaigokensaku.mhlw.go.jp/01/index.php?action_kouhyou_detail_004_kani=true&JigyosyoCd=0196700165-00&ServiceCd=780&Type=search" }, "geometry": { "type": "Point", "coordinates": [ 141.674612799999977, 45.4048099 ] } },
{ "type": "Feature", "properties": { "内容": "デイサービスセンター富士見園【地域密着型通所介護】稚内市富士見５丁目１１７９番地の１", "url2": "https://www.kaigokensaku.mhlw.go.jp/01/index.php?action_kouhyou_detail_004_kani=true&JigyosyoCd=0196700231-00&ServiceCd=780&Type=search" }, "geometry": { "type": "Point", "coordinates": [ 141.637543960049442, 45.414783493341162 ] } },
{ "type": "Feature", "properties": { "内容": "デイサービスセンター稚内緑風苑【地域密着型通所介護】稚内市声問5丁目44番11号", "url2": "https://www.kaigokensaku.mhlw.go.jp/01/index.php?action_kouhyou_detail_004_kani=true&JigyosyoCd=0176700557-00&ServiceCd=780&Type=search" }, "geometry": { "type": "Point", "coordinates": [ 141.760571700000014, 45.397847 ] } },
{ "type": "Feature", "properties": { "内容": "デイサービスセンター　モエズヴィラ美唄【地域密着型通所介護】北海道美唄市東7条南2丁目5番24号", "url2": "https://www.kaigokensaku.mhlw.go.jp/01/index.php?action_kouhyou_detail_004_kani=true&JigyosyoCd=0176100196-00&ServiceCd=780&Type=search" }, "geometry": { "type": "Point", "coordinates": [ 141.883955499999956, 43.3271493 ] } },
{ "type": "Feature", "properties": { "内容": "デイ・カフェすまいる【地域密着型通所介護】北海道芦別市北１条西１丁目１番地１８", "url2": "https://www.kaigokensaku.mhlw.go.jp/01/index.php?action_kouhyou_detail_004_kani=true&JigyosyoCd=0177300167-00&ServiceCd=780&Type=search" }, "geometry": { "type": "Point", "coordinates": [ 142.185936699999957, 43.5183438 ] } },
{ "type": "Feature", "properties": { "内容": "勤医協芦別デイサービスみずなら【地域密着型通所介護】北海道芦別市北5条西4丁目10-7", "url2": "https://www.kaigokensaku.mhlw.go.jp/01/index.php?action_kouhyou_detail_004_kani=true&JigyosyoCd=0197300056-00&ServiceCd=780&Type=search" }, "geometry": { "type": "Point", "coordinates": [ 142.171819741495938, 43.527743362742029 ] } },
{ "type": "Feature", "properties": { "内容": "デイサービスあっぱれ【地域密着型通所介護】芦別市上芦別町５１９番地２４", "url2": "https://www.kaigokensaku.mhlw.go.jp/01/index.php?action_kouhyou_detail_004_kani=true&JigyosyoCd=0177300159-00&ServiceCd=780&Type=search" }, "geometry": { "type": "Point", "coordinates": [ 142.217937399999983, 43.4948452 ] } },
{ "type": "Feature", "properties": { "内容": "芦別慈恵園デイサービスセンター【地域密着型通所介護】北海道芦別市旭町28番地", "url2": "https://www.kaigokensaku.mhlw.go.jp/01/index.php?action_kouhyou_detail_004_kani=true&JigyosyoCd=0177300027-00&ServiceCd=780&Type=search" }, "geometry": { "type": "Point", "coordinates": [ 142.197282399999949, 43.5257846 ] } },
{ "type": "Feature", "properties": { "内容": "デイサービスつばさ【地域密着型通所介護】北海道江別市ゆめみ野東７－２０", "url2": "https://www.kaigokensaku.mhlw.go.jp/01/index.php?action_kouhyou_detail_004_kani=true&JigyosyoCd=0191000355-00&ServiceCd=780&Type=search" }, "geometry": { "type": "Point", "coordinates": [ 141.5667411, 43.1039626 ] } },
{ "type": "Feature", "properties": { "内容": "LIFE　REHABILITATION　希望のつぼみ野幌【地域密着型通所介護】北海道江別市野幌末広町35番地9", "url2": "https://www.kaigokensaku.mhlw.go.jp/01/index.php?action_kouhyou_detail_004_kani=true&JigyosyoCd=0191000447-00&ServiceCd=780&Type=search" }, "geometry": { "type": "Point", "coordinates": [ 141.514124399999986, 43.0885702 ] } },
{ "type": "Feature", "properties": { "内容": "デイサービス和楓館【地域密着型通所介護】北海道江別市幸町１５番地の３６", "url2": "https://www.kaigokensaku.mhlw.go.jp/01/index.php?action_kouhyou_detail_004_kani=true&JigyosyoCd=0171000995-00&ServiceCd=780&Type=search" }, "geometry": { "type": "Point", "coordinates": [ 141.529953, 43.098247600000015 ] } },
{ "type": "Feature", "properties": { "内容": "デイホームこはる【地域密着型通所介護】江別市緑ヶ丘58番地の1安心住宅こはる内", "url2": "https://www.kaigokensaku.mhlw.go.jp/01/index.php?action_kouhyou_detail_004_kani=true&JigyosyoCd=0191000553-00&ServiceCd=780&Type=search" }, "geometry": { "type": "Point", "coordinates": [ 141.5427254, 43.0813929 ] } },
{ "type": "Feature", "properties": { "内容": "デイサービスセンターあかしや【地域密着型通所介護】北海道江別市東野幌町４７番地の８", "url2": "https://www.kaigokensaku.mhlw.go.jp/01/index.php?action_kouhyou_detail_004_kani=true&JigyosyoCd=0171000029-00&ServiceCd=780&Type=search" }, "geometry": { "type": "Point", "coordinates": [ 141.5422638, 43.0922569 ] } },
{ "type": "Feature", "properties": { "内容": "茶話本舗デイサービス野幌【地域密着型通所介護】北海道江別市野幌東町48-10", "url2": "https://www.kaigokensaku.mhlw.go.jp/01/index.php?action_kouhyou_detail_004_kani=true&JigyosyoCd=0171001274-00&ServiceCd=780&Type=search" }, "geometry": { "type": "Point", "coordinates": [ 141.535354709942027, 43.090173624831117 ] } },
{ "type": "Feature", "properties": { "内容": "らいふてらす錦町【地域密着型通所介護】北海道江別市錦町13-16", "url2": "https://www.kaigokensaku.mhlw.go.jp/01/index.php?action_kouhyou_detail_004_kani=true&JigyosyoCd=0171001480-00&ServiceCd=780&Type=search" }, "geometry": { "type": "Point", "coordinates": [ 141.527078, 43.100253 ] } },
{ "type": "Feature", "properties": { "内容": "デイサービスセンター楓【地域密着型通所介護】北海道江別市大麻東町31-5グループハウス楓", "url2": "https://www.kaigokensaku.mhlw.go.jp/01/index.php?action_kouhyou_detail_004_kani=true&JigyosyoCd=0171001068-00&ServiceCd=780&Type=search" }, "geometry": { "type": "Point", "coordinates": [ 141.500035, 43.0797567 ] } },
{ "type": "Feature", "properties": { "内容": "デイサービスセンター雪の華【地域密着型通所介護】北海道江別市元江別７３８番地４７", "url2": "https://www.kaigokensaku.mhlw.go.jp/01/index.php?action_kouhyou_detail_004_kani=true&JigyosyoCd=0171001258-00&ServiceCd=780&Type=search" }, "geometry": { "type": "Point", "coordinates": [ 141.529198495970149, 43.112393419998064 ] } },
{ "type": "Feature", "properties": { "内容": "地域共生ホームてまりの華【地域密着型通所介護】北海道江別市元江別本町９番地の１８", "url2": "https://www.kaigokensaku.mhlw.go.jp/01/index.php?action_kouhyou_detail_004_kani=true&JigyosyoCd=0171001639-00&ServiceCd=780&Type=search" }, "geometry": { "type": "Point", "coordinates": [ 141.530446899999987, 43.1078577 ] } },
{ "type": "Feature", "properties": { "内容": "デイサービスセンターみのりの丘【地域密着型通所介護】江別市大麻東町15番地の23", "url2": "https://www.kaigokensaku.mhlw.go.jp/01/index.php?action_kouhyou_detail_004_kani=true&JigyosyoCd=0171000953-00&ServiceCd=780&Type=search" }, "geometry": { "type": "Point", "coordinates": [ 141.501229200000012, 43.081626 ] } },
{ "type": "Feature", "properties": { "内容": "デイサービスセンターみのりの丘野幌【地域密着型通所介護】北海道江別市野幌屯田町２９番地の２１", "url2": "https://www.kaigokensaku.mhlw.go.jp/01/index.php?action_kouhyou_detail_004_kani=true&JigyosyoCd=0171001076-00&ServiceCd=780&Type=search" }, "geometry": { "type": "Point", "coordinates": [ 141.512979500000029, 43.0986943 ] } },
{ "type": "Feature", "properties": { "内容": "おおあさ東町デイサービス風の音色【地域密着型通所介護】北海道江別市大麻東町15番地6", "url2": "https://www.kaigokensaku.mhlw.go.jp/01/index.php?action_kouhyou_detail_004_kani=true&JigyosyoCd=0191000439-00&ServiceCd=780&Type=search" }, "geometry": { "type": "Point", "coordinates": [ 141.502181800000017, 43.0818788 ] } },
{ "type": "Feature", "properties": { "内容": "デイサービスセンター友愛江別【地域密着型通所介護】江別市豊幌美咲町23番地の8", "url2": "https://www.kaigokensaku.mhlw.go.jp/01/index.php?action_kouhyou_detail_004_kani=true&JigyosyoCd=0191000454-00&ServiceCd=780&Type=search" }, "geometry": { "type": "Point", "coordinates": [ 141.628306599999974, 43.1348491 ] } },
{ "type": "Feature", "properties": { "内容": "デイサービスセンタープラネット【地域密着型通所介護】北海道江別市東光町106-1", "url2": "https://www.kaigokensaku.mhlw.go.jp/01/index.php?action_kouhyou_detail_004_kani=true&JigyosyoCd=0191000678-00&ServiceCd=780&Type=search" }, "geometry": { "type": "Point", "coordinates": [ 141.574093, 43.1108337 ] } },
{ "type": "Feature", "properties": { "内容": "デイサービスきたえるーむ江別中央【地域密着型通所介護】北海道江別市中央町12−16", "url2": "https://www.kaigokensaku.mhlw.go.jp/01/index.php?action_kouhyou_detail_004_kani=true&JigyosyoCd=0191000645-00&ServiceCd=780&Type=search" }, "geometry": { "type": "Point", "coordinates": [ 141.5243664, 43.1034312 ] } },
{ "type": "Feature", "properties": { "内容": "デイサービスほほえみ【地域密着型通所介護】北海道江別市元町２０-３", "url2": "https://www.kaigokensaku.mhlw.go.jp/01/index.php?action_kouhyou_detail_004_kani=true&JigyosyoCd=0171000615-00&ServiceCd=780&Type=search" }, "geometry": { "type": "Point", "coordinates": [ 141.540798900000027, 43.1101911 ] } },
{ "type": "Feature", "properties": { "内容": "デイサービスセンター希望のつぼみ江別中央【地域密着型通所介護】江別市上江別442-22", "url2": "https://www.kaigokensaku.mhlw.go.jp/01/index.php?action_kouhyou_detail_004_kani=true&JigyosyoCd=0191067909-00&ServiceCd=780&Type=search" }, "geometry": { "type": "Point", "coordinates": [ 141.543290899999988, 43.0992154 ] } },
{ "type": "Feature", "properties": { "内容": "デイサービスセンターゆあみ茶屋江別【地域密着型通所介護】北海道江別市元江別873-13", "url2": "https://www.kaigokensaku.mhlw.go.jp/01/index.php?action_kouhyou_detail_004_kani=true&JigyosyoCd=0191000629-00&ServiceCd=780&Type=search" }, "geometry": { "type": "Point", "coordinates": [ 141.522407500000014, 43.1146296 ] } },
{ "type": "Feature", "properties": { "内容": "デイサービスセンター希望のつぼみ江別野幌【地域密着型通所介護】北海道江別市野幌末広町35番地9", "url2": "https://www.kaigokensaku.mhlw.go.jp/01/index.php?action_kouhyou_detail_004_kani=true&JigyosyoCd=0191000603-00&ServiceCd=780&Type=search" }, "geometry": { "type": "Point", "coordinates": [ 141.5149685, 43.0880856 ] } },
{ "type": "Feature", "properties": { "内容": "デイサービスセンターのぞみ２号館【地域密着型通所介護】北海道赤平市宮下町３丁目１番地", "url2": "https://www.kaigokensaku.mhlw.go.jp/01/index.php?action_kouhyou_detail_004_kani=true&JigyosyoCd=0177200136-00&ServiceCd=780&Type=search" }, "geometry": { "type": "Point", "coordinates": [ 142.034317399999964, 43.5588846 ] } },
{ "type": "Feature", "properties": { "内容": "あかびらエルムデイサービス【地域密着型通所介護】北海道赤平市幌岡町４７番地", "url2": "https://www.kaigokensaku.mhlw.go.jp/01/index.php?action_kouhyou_detail_004_kani=true&JigyosyoCd=0177200045-00&ServiceCd=780&Type=search" }, "geometry": { "type": "Point", "coordinates": [ 142.035044, 43.5766221 ] } },
{ "type": "Feature", "properties": { "内容": "デイサービスみらい【地域密着型通所介護】北海道紋別市渚滑町元新２丁目１６９番２", "url2": "https://www.kaigokensaku.mhlw.go.jp/01/index.php?action_kouhyou_detail_004_kani=true&JigyosyoCd=0175100304-00&ServiceCd=780&Type=search" }, "geometry": { "type": "Point", "coordinates": [ 143.327540099999965, 44.365952 ] } },
{ "type": "Feature", "properties": { "内容": "南ヶ丘機能訓練センター【地域密着型通所介護】北海道紋別市南ヶ丘町５丁目５－１６", "url2": "https://www.kaigokensaku.mhlw.go.jp/01/index.php?action_kouhyou_detail_004_kani=true&JigyosyoCd=0175100346-00&ServiceCd=780&Type=search" }, "geometry": { "type": "Point", "coordinates": [ 143.356740700000046, 44.3396803 ] } },
{ "type": "Feature", "properties": { "内容": "ディサービスセンター　みんと【地域密着型通所介護】紋別市大山町１丁目３６番１号", "url2": "https://www.kaigokensaku.mhlw.go.jp/01/index.php?action_kouhyou_detail_004_kani=true&JigyosyoCd=0175100189-00&ServiceCd=780&Type=search" }, "geometry": { "type": "Point", "coordinates": [ 143.345594099999971, 44.3398688 ] } },
{ "type": "Feature", "properties": { "内容": "有限会社紋別介護サービスデイサービスセンター【地域密着型通所介護】北海道紋別市潮見町5丁目６－３８", "url2": "https://www.kaigokensaku.mhlw.go.jp/01/index.php?action_kouhyou_detail_004_kani=true&JigyosyoCd=0175100338-00&ServiceCd=780&Type=search" }, "geometry": { "type": "Point", "coordinates": [ 143.345861799999966, 44.3593254 ] } },
{ "type": "Feature", "properties": { "内容": "デイサービスハウスこもれ陽【地域密着型通所介護】北海道士別市東５条１１丁目８８３番地７", "url2": "https://www.kaigokensaku.mhlw.go.jp/01/index.php?action_kouhyou_detail_004_kani=true&JigyosyoCd=0173200825-00&ServiceCd=780&Type=search" }, "geometry": { "type": "Point", "coordinates": [ 142.401378799999947, 44.1714901 ] } },
{ "type": "Feature", "properties": { "内容": "デイサービスかどの福笑来【地域密着型通所介護】北海道士別市西４条8丁目３２７番地30", "url2": "https://www.kaigokensaku.mhlw.go.jp/01/index.php?action_kouhyou_detail_004_kani=true&JigyosyoCd=0173200940-00&ServiceCd=780&Type=search" }, "geometry": { "type": "Point", "coordinates": [ 142.382689610548965, 44.172432927435437 ] } },
{ "type": "Feature", "properties": { "内容": "朝日美土里ハイツデイサービスセンター【地域密着型通所介護】北海道士別市朝日町中央4029番地", "url2": "https://www.kaigokensaku.mhlw.go.jp/01/index.php?action_kouhyou_detail_004_kani=true&JigyosyoCd=0173200205-00&ServiceCd=780&Type=search" }, "geometry": { "type": "Point", "coordinates": [ 142.59239690000004, 44.1164969 ] } },
{ "type": "Feature", "properties": { "内容": "介護サービスのぽぽんデイホーム【地域密着型通所介護】北海道士別市東６条６丁目６０番地９", "url2": "https://www.kaigokensaku.mhlw.go.jp/01/index.php?action_kouhyou_detail_004_kani=true&JigyosyoCd=0173200478-00&ServiceCd=780&Type=search" }, "geometry": { "type": "Point", "coordinates": [ 142.40120079999997, 44.1765618 ] } },
{ "type": "Feature", "properties": { "内容": "機能訓練付中重度対応デイサービス　えんじゅ【地域密着型通所介護】北海道名寄市西4条南2丁目6-1", "url2": "https://www.kaigokensaku.mhlw.go.jp/01/index.php?action_kouhyou_detail_004_kani=true&JigyosyoCd=0193200201-00&ServiceCd=780&Type=search" }, "geometry": { "type": "Point", "coordinates": [ 142.457539200000014, 44.3545362 ] } },
{ "type": "Feature", "properties": { "内容": "デイサービスセンターさいわい【地域密着型通所介護】北海道三笠市幸町11番地5", "url2": "https://www.kaigokensaku.mhlw.go.jp/01/index.php?action_kouhyou_detail_004_kani=true&JigyosyoCd=0196000079-00&ServiceCd=780&Type=search" }, "geometry": { "type": "Point", "coordinates": [ 141.87799080000002, 43.2475231 ] } },
{ "type": "Feature", "properties": { "内容": "デイサービスセンターつどい【地域密着型通所介護】北海道三笠市幌内新栄町352番地", "url2": "https://www.kaigokensaku.mhlw.go.jp/01/index.php?action_kouhyou_detail_004_kani=true&JigyosyoCd=0196000061-00&ServiceCd=780&Type=search" }, "geometry": { "type": "Point", "coordinates": [ 141.886021, 43.2320836 ] } },
{ "type": "Feature", "properties": { "内容": "デイサービスセンター根室たんぽぽ【地域密着型通所介護】根室市昭和町４丁目３１０番地", "url2": "https://www.kaigokensaku.mhlw.go.jp/01/index.php?action_kouhyou_detail_004_kani=true&JigyosyoCd=0174200386-00&ServiceCd=780&Type=search" }, "geometry": { "type": "Point", "coordinates": [ 145.59682655657025, 43.320345591922361 ] } },
{ "type": "Feature", "properties": { "内容": "デイサービスセンター白樺【地域密着型通所介護】北海道根室市月岡町１丁目３０番地９", "url2": "https://www.kaigokensaku.mhlw.go.jp/01/index.php?action_kouhyou_detail_004_kani=true&JigyosyoCd=0174200493-00&ServiceCd=780&Type=search" }, "geometry": { "type": "Point", "coordinates": [ 145.582857182943911, 43.316828635870309 ] } },
{ "type": "Feature", "properties": { "内容": "デイサービス　はまなす【地域密着型通所介護】北海道根室市有磯町2丁目19番地2", "url2": "https://www.kaigokensaku.mhlw.go.jp/01/index.php?action_kouhyou_detail_004_kani=true&JigyosyoCd=0194200218-00&ServiceCd=780&Type=search" }, "geometry": { "type": "Point", "coordinates": [ 145.590158, 43.3333061 ] } },
{ "type": "Feature", "properties": { "内容": "デイサービスえいぶる【地域密着型通所介護】北海道千歳市豊里1丁目3-3", "url2": "https://www.kaigokensaku.mhlw.go.jp/01/index.php?action_kouhyou_detail_004_kani=true&JigyosyoCd=0171100183-00&ServiceCd=780&Type=search" }, "geometry": { "type": "Point", "coordinates": [ 141.665880251728794, 42.839441591277058 ] } },
{ "type": "Feature", "properties": { "内容": "デイサービス泉沢山荘【地域密着型通所介護】千歳市柏陽5丁目5番地の３", "url2": "https://www.kaigokensaku.mhlw.go.jp/01/index.php?action_kouhyou_detail_004_kani=true&JigyosyoCd=0171100092-00&ServiceCd=780&Type=search" }, "geometry": { "type": "Point", "coordinates": [ 141.588326599999959, 42.7812901 ] } },
{ "type": "Feature", "properties": { "内容": "デイハウスえみな【地域密着型通所介護】北海道千歳市勇舞1丁目2－2", "url2": "https://www.kaigokensaku.mhlw.go.jp/01/index.php?action_kouhyou_detail_004_kani=true&JigyosyoCd=0171200132-00&ServiceCd=780&Type=search" }, "geometry": { "type": "Point", "coordinates": [ 141.636783400000013, 42.8498454 ] } },
{ "type": "Feature", "properties": { "内容": "デイハウス　えにし【地域密着型通所介護】北海道千歳市清流1丁目3番7号", "url2": "https://www.kaigokensaku.mhlw.go.jp/01/index.php?action_kouhyou_detail_004_kani=true&JigyosyoCd=0171100456-00&ServiceCd=780&Type=search" }, "geometry": { "type": "Point", "coordinates": [ 141.665980091906675, 42.845528004193774 ] } },
{ "type": "Feature", "properties": { "内容": "きたえるーむ千歳【地域密着型通所介護】北海道千歳市北栄１丁目２８－３", "url2": "https://www.kaigokensaku.mhlw.go.jp/01/index.php?action_kouhyou_detail_004_kani=true&JigyosyoCd=0171100803-00&ServiceCd=780&Type=search" }, "geometry": { "type": "Point", "coordinates": [ 141.639830072244223, 42.829520937363277 ] } },
{ "type": "Feature", "properties": { "内容": "デイサービスひまわり【地域密着型通所介護】北海道千歳市北斗４丁目１３－１８", "url2": "https://www.kaigokensaku.mhlw.go.jp/01/index.php?action_kouhyou_detail_004_kani=true&JigyosyoCd=0171100548-00&ServiceCd=780&Type=search" }, "geometry": { "type": "Point", "coordinates": [ 141.628602199999932, 42.8341526 ] } },
{ "type": "Feature", "properties": { "内容": "ナーシングビラ向陽台デイサービスセンター【地域密着型通所介護】北海道千歳市柏陽3丁目17-1ナーシングビラ向陽台Ａ館", "url2": "https://www.kaigokensaku.mhlw.go.jp/01/index.php?action_kouhyou_detail_004_kani=true&JigyosyoCd=0191100270-00&ServiceCd=780&Type=search" }, "geometry": { "type": "Point", "coordinates": [ 141.592309292590357, 42.780571298674211 ] } },
{ "type": "Feature", "properties": { "内容": "デイサービスセンターゆあみ茶屋千歳富士【地域密着型通所介護】北海道千歳市富士3丁目1番10号", "url2": "https://www.kaigokensaku.mhlw.go.jp/01/index.php?action_kouhyou_detail_004_kani=true&JigyosyoCd=0191100338-00&ServiceCd=780&Type=search" }, "geometry": { "type": "Point", "coordinates": [ 141.6291046, 42.8387486 ] } },
{ "type": "Feature", "properties": { "内容": "明日も行きたくなるデイサービスうるおい千歳あずさ【地域密着型通所介護】北海道千歳市あずさ4丁目3-1", "url2": "https://www.kaigokensaku.mhlw.go.jp/01/index.php?action_kouhyou_detail_004_kani=true&JigyosyoCd=0191100437-00&ServiceCd=780&Type=search" }, "geometry": { "type": "Point", "coordinates": [ 141.6447886, 42.847105 ] } },
{ "type": "Feature", "properties": { "内容": "勇舞デイサービスセンターまごころの湯くれいん【地域密着型通所介護】北海道千歳市勇舞2丁目7番8号", "url2": "https://www.kaigokensaku.mhlw.go.jp/01/index.php?action_kouhyou_detail_004_kani=true&JigyosyoCd=0191100296-00&ServiceCd=780&Type=search" }, "geometry": { "type": "Point", "coordinates": [ 141.637396200000012, 42.8544248 ] } },
{ "type": "Feature", "properties": { "内容": "短時間型デイサービス　スマリハ千歳【地域密着型通所介護】北海道千歳市清水町4丁目19－4", "url2": "https://www.kaigokensaku.mhlw.go.jp/01/index.php?action_kouhyou_detail_004_kani=true&JigyosyoCd=0191100197-00&ServiceCd=780&Type=search" }, "geometry": { "type": "Point", "coordinates": [ 141.649395799999979, 42.8237366 ] } },
{ "type": "Feature", "properties": { "内容": "健康スタジオデイサービススロウ滝川【地域密着型通所介護】北海道滝川市大町2丁目１－３３", "url2": "https://www.kaigokensaku.mhlw.go.jp/01/index.php?action_kouhyou_detail_004_kani=true&JigyosyoCd=0177500485-00&ServiceCd=780&Type=search" }, "geometry": { "type": "Point", "coordinates": [ 141.909681748024013, 43.558812384387359 ] } },
{ "type": "Feature", "properties": { "内容": "デイサービスなお【地域密着型通所介護】北海道滝川市栄町2丁目6番20そらビル", "url2": "https://www.kaigokensaku.mhlw.go.jp/01/index.php?action_kouhyou_detail_004_kani=true&JigyosyoCd=0197500119-00&ServiceCd=780&Type=search" }, "geometry": { "type": "Point", "coordinates": [ 141.904884900000013, 43.5561419 ] } },
{ "type": "Feature", "properties": { "内容": "在宅老人デイサービスセンター【地域密着型通所介護】砂川市三砂町55番地６", "url2": "https://www.kaigokensaku.mhlw.go.jp/01/index.php?action_kouhyou_detail_004_kani=true&JigyosyoCd=0177100351-00&ServiceCd=780&Type=search" }, "geometry": { "type": "Point", "coordinates": [ 141.912047600000051, 43.4916823 ] } },
{ "type": "Feature", "properties": { "内容": "デイハウス　ハピネス2号館【地域密着型通所介護】北海道砂川市晴見３条北１０丁目１０－２", "url2": "https://www.kaigokensaku.mhlw.go.jp/01/index.php?action_kouhyou_detail_004_kani=true&JigyosyoCd=0177100666-00&ServiceCd=780&Type=search" }, "geometry": { "type": "Point", "coordinates": [ 141.924320500000022, 43.5002707 ] } },
{ "type": "Feature", "properties": { "内容": "デイハウス　楽笑館【地域密着型通所介護】北海道砂川市晴見２条北９丁目２番８号", "url2": "https://www.kaigokensaku.mhlw.go.jp/01/index.php?action_kouhyou_detail_004_kani=true&JigyosyoCd=0197100068-00&ServiceCd=780&Type=search" }, "geometry": { "type": "Point", "coordinates": [ 141.921820799999978, 43.499082 ] } },
{ "type": "Feature", "properties": { "内容": "リハビリ特化型デイサービスカラダラボ深川【地域密着型通所介護】北海道深川市文光町1番32メゾンドヤマワキ１階", "url2": "https://www.kaigokensaku.mhlw.go.jp/01/index.php?action_kouhyou_detail_004_kani=true&JigyosyoCd=0177400512-00&ServiceCd=780&Type=search" }, "geometry": { "type": "Point", "coordinates": [ 142.024191299999984, 43.7133773 ] } },
{ "type": "Feature", "properties": { "内容": "リハビリ特化型デイサービスひろさと【地域密着型通所介護】北海道深川市広里町2丁目3番7号", "url2": "https://www.kaigokensaku.mhlw.go.jp/01/index.php?action_kouhyou_detail_004_kani=true&JigyosyoCd=0177400546-00&ServiceCd=780&Type=search" }, "geometry": { "type": "Point", "coordinates": [ 142.050803200000018, 43.7068344 ] } },
{ "type": "Feature", "properties": { "内容": "コミュニティデイサービスみんカフェ【地域密着型通所介護】北海道深川市広里町２−３−２", "url2": "https://www.kaigokensaku.mhlw.go.jp/01/index.php?action_kouhyou_detail_004_kani=true&JigyosyoCd=0177400538-00&ServiceCd=780&Type=search" }, "geometry": { "type": "Point", "coordinates": [ 142.052077899999972, 43.708664800000015 ] } },
{ "type": "Feature", "properties": { "内容": "ふらっくす【地域密着型通所介護】北海道富良野市西麻町１番３号", "url2": "https://www.kaigokensaku.mhlw.go.jp/01/index.php?action_kouhyou_detail_004_kani=true&JigyosyoCd=0193000106-00&ServiceCd=780&Type=search" }, "geometry": { "type": "Point", "coordinates": [ 142.3980469, 43.3442448 ] } },
{ "type": "Feature", "properties": { "内容": "株式会社　道英ケアリング　　デイホーム青空【地域密着型通所介護】北海道登別市栄町1丁目1番地2", "url2": "https://www.kaigokensaku.mhlw.go.jp/01/index.php?action_kouhyou_detail_004_kani=true&JigyosyoCd=0173501370-00&ServiceCd=780&Type=search" }, "geometry": { "type": "Point", "coordinates": [ 141.057891499999982, 42.3664687 ] } },
{ "type": "Feature", "properties": { "内容": "デイサービスえがおの里【地域密着型通所介護】北海道登別市若草町４丁目１７番地５", "url2": "https://www.kaigokensaku.mhlw.go.jp/01/index.php?action_kouhyou_detail_004_kani=true&JigyosyoCd=0173501834-00&ServiceCd=780&Type=search" }, "geometry": { "type": "Point", "coordinates": [ 141.054988699999967, 42.3722155 ] } },
{ "type": "Feature", "properties": { "内容": "デイサービスセンター緑風園【地域密着型通所介護】登別市中登別町253番地7", "url2": "https://www.kaigokensaku.mhlw.go.jp/01/index.php?action_kouhyou_detail_004_kani=true&JigyosyoCd=0173500133-00&ServiceCd=780&Type=search" }, "geometry": { "type": "Point", "coordinates": [ 141.163239699999963, 42.4785644 ] } },
{ "type": "Feature", "properties": { "内容": "デイサービスほほえみの駅【地域密着型通所介護】北海道登別市栄町４丁目３番１２号", "url2": "https://www.kaigokensaku.mhlw.go.jp/01/index.php?action_kouhyou_detail_004_kani=true&JigyosyoCd=0173501743-00&ServiceCd=780&Type=search" }, "geometry": { "type": "Point", "coordinates": [ 141.066837, 42.373445200000013 ] } },
{ "type": "Feature", "properties": { "内容": "デイサービスのどか【地域密着型通所介護】北海道登別市鷲別町２丁目２番地３", "url2": "https://www.kaigokensaku.mhlw.go.jp/01/index.php?action_kouhyou_detail_004_kani=true&JigyosyoCd=0193500204-00&ServiceCd=780&Type=search" }, "geometry": { "type": "Point", "coordinates": [ 141.044381499999986, 42.3585161 ] } },
{ "type": "Feature", "properties": { "内容": "デイサービス恵庭フロント【地域密着型通所介護】北海道恵庭市黄金中央1丁目4番1号恵庭フロント", "url2": "https://www.kaigokensaku.mhlw.go.jp/01/index.php?action_kouhyou_detail_004_kani=true&JigyosyoCd=0171200694-00&ServiceCd=780&Type=search" }, "geometry": { "type": "Point", "coordinates": [ 141.586336800000026, 42.8835287 ] } },
{ "type": "Feature", "properties": { "内容": "リハビリ専門デイサービスゆとりえ【地域密着型通所介護】恵庭市柏木4丁目4-1", "url2": "https://www.kaigokensaku.mhlw.go.jp/01/index.php?action_kouhyou_detail_004_kani=true&JigyosyoCd=0171200462-00&ServiceCd=780&Type=search" }, "geometry": { "type": "Point", "coordinates": [ 141.567246, 42.8925813 ] } },
{ "type": "Feature", "properties": { "内容": "ラ・デュース桜町デイサービスセンター【地域密着型通所介護】北海道恵庭市桜町3丁目1ー1", "url2": "https://www.kaigokensaku.mhlw.go.jp/01/index.php?action_kouhyou_detail_004_kani=true&JigyosyoCd=0171200561-00&ServiceCd=780&Type=search" }, "geometry": { "type": "Point", "coordinates": [ 141.5782183, 42.8764014 ] } },
{ "type": "Feature", "properties": { "内容": "リハビリサロンりぶら【地域密着型通所介護】北海道恵庭市相生町1丁目7-9ピソダレス１階", "url2": "https://www.kaigokensaku.mhlw.go.jp/01/index.php?action_kouhyou_detail_004_kani=true&JigyosyoCd=0171200678-00&ServiceCd=780&Type=search" }, "geometry": { "type": "Point", "coordinates": [ 141.5854706, 42.8821964 ] } },
{ "type": "Feature", "properties": { "内容": "デイサービスこころのはすね【地域密着型通所介護】北海道恵庭市白樺町２丁目８－１８", "url2": "https://www.kaigokensaku.mhlw.go.jp/01/index.php?action_kouhyou_detail_004_kani=true&JigyosyoCd=0171200579-00&ServiceCd=780&Type=search" }, "geometry": { "type": "Point", "coordinates": [ 141.573694, 42.8685214 ] } },
{ "type": "Feature", "properties": { "内容": "デイサービスきずな【地域密着型通所介護】北海道恵庭市大町1丁目８番５号", "url2": "https://www.kaigokensaku.mhlw.go.jp/01/index.php?action_kouhyou_detail_004_kani=true&JigyosyoCd=0171200389-00&ServiceCd=780&Type=search" }, "geometry": { "type": "Point", "coordinates": [ 141.56728, 42.8890051 ] } },
{ "type": "Feature", "properties": { "内容": "デイサービスＢＲＩＧＨＴ相生【地域密着型通所介護】北海道恵庭市相生町1番39号", "url2": "https://www.kaigokensaku.mhlw.go.jp/01/index.php?action_kouhyou_detail_004_kani=true&JigyosyoCd=0171200611-00&ServiceCd=780&Type=search" }, "geometry": { "type": "Point", "coordinates": [ 141.58415, 42.884498 ] } },
{ "type": "Feature", "properties": { "内容": "地域密着型小規模デイサービス四季の栞【地域密着型通所介護】北海道恵庭市黄金北４丁目８番２", "url2": "https://www.kaigokensaku.mhlw.go.jp/01/index.php?action_kouhyou_detail_004_kani=true&JigyosyoCd=0171200595-00&ServiceCd=780&Type=search" }, "geometry": { "type": "Point", "coordinates": [ 141.589122299999985, 42.8937498 ] } },
{ "type": "Feature", "properties": { "内容": "茶話本舗デイサービス恵庭【地域密着型通所介護】北海道恵庭市幸町2丁目2番5号", "url2": "https://www.kaigokensaku.mhlw.go.jp/01/index.php?action_kouhyou_detail_004_kani=true&JigyosyoCd=0171200538-00&ServiceCd=780&Type=search" }, "geometry": { "type": "Point", "coordinates": [ 141.561874746627012, 42.886448569744168 ] } },
{ "type": "Feature", "properties": { "内容": "デイサービスおしゃべりサロン【地域密着型通所介護】北海道恵庭市本町146番地", "url2": "https://www.kaigokensaku.mhlw.go.jp/01/index.php?action_kouhyou_detail_004_kani=true&JigyosyoCd=0171200603-00&ServiceCd=780&Type=search" }, "geometry": { "type": "Point", "coordinates": [ 141.571735399999966, 42.882742 ] } },
{ "type": "Feature", "properties": { "内容": "デイサービスセンターひすい【地域密着型通所介護】北海道恵庭市相生町1丁目6-12サービス付き高齢者向け住宅　翡翠", "url2": "https://www.kaigokensaku.mhlw.go.jp/01/index.php?action_kouhyou_detail_004_kani=true&JigyosyoCd=0191200203-00&ServiceCd=780&Type=search" }, "geometry": { "type": "Point", "coordinates": [ 141.58437158303974, 42.881378839688445 ] } },
{ "type": "Feature", "properties": { "内容": "らいふてらす恵庭中島【地域密着型通所介護】北海道恵庭市中島町1丁目11-3サンルート中島1階", "url2": "https://www.kaigokensaku.mhlw.go.jp/01/index.php?action_kouhyou_detail_004_kani=true&JigyosyoCd=0191200120-00&ServiceCd=780&Type=search" }, "geometry": { "type": "Point", "coordinates": [ 141.57856229999993, 42.891733 ] } },
{ "type": "Feature", "properties": { "内容": "デイサービスセンターゆあみ茶屋恵庭【地域密着型通所介護】北海道恵庭市黄金北4丁目4番2号", "url2": "https://www.kaigokensaku.mhlw.go.jp/01/index.php?action_kouhyou_detail_004_kani=true&JigyosyoCd=0191200237-00&ServiceCd=780&Type=search" }, "geometry": { "type": "Point", "coordinates": [ 141.5876452, 42.8948021 ] } },
{ "type": "Feature", "properties": { "内容": "デイサービス　さえずり【地域密着型通所介護】北海道伊達市弄月町２４１番地１５", "url2": "https://www.kaigokensaku.mhlw.go.jp/01/index.php?action_kouhyou_detail_004_kani=true&JigyosyoCd=0193700101-00&ServiceCd=780&Type=search" }, "geometry": { "type": "Point", "coordinates": [ 140.885108599999967, 42.4567972 ] } },
{ "type": "Feature", "properties": { "内容": "ライフカレッジながわ【地域密着型通所介護】北海道伊達市長和町499番地37号", "url2": "https://www.kaigokensaku.mhlw.go.jp/01/index.php?action_kouhyou_detail_004_kani=true&JigyosyoCd=0173700485-00&ServiceCd=780&Type=search" }, "geometry": { "type": "Point", "coordinates": [ 140.838076600000022, 42.491334 ] } },
{ "type": "Feature", "properties": { "内容": "デイサービスあかり【地域密着型通所介護】北海道伊達市弄月町２４１番地１６", "url2": "https://www.kaigokensaku.mhlw.go.jp/01/index.php?action_kouhyou_detail_004_kani=true&JigyosyoCd=0173700543-00&ServiceCd=780&Type=search" }, "geometry": { "type": "Point", "coordinates": [ -76.2129438, 45.2150142 ] } },
{ "type": "Feature", "properties": { "内容": "レッツ倶楽部　伊達【地域密着型通所介護】北海道伊達市竹原町37番44号", "url2": "https://www.kaigokensaku.mhlw.go.jp/01/index.php?action_kouhyou_detail_004_kani=true&JigyosyoCd=0173700691-00&ServiceCd=780&Type=search" }, "geometry": { "type": "Point", "coordinates": [ 140.876491399999964, 42.4768366 ] } },
{ "type": "Feature", "properties": { "内容": "デイサービスセンター北湯沢【地域密着型通所介護】北海道伊達市大滝区北湯沢温泉町20番地3", "url2": "https://www.kaigokensaku.mhlw.go.jp/01/index.php?action_kouhyou_detail_004_kani=true&JigyosyoCd=0173700139-00&ServiceCd=780&Type=search" }, "geometry": { "type": "Point", "coordinates": [ 141.0202097, 42.6240525 ] } },
{ "type": "Feature", "properties": { "内容": "デイ・サービスセンターセイントヒルズ【地域密着型通所介護】北海道伊達市網代町97番地1", "url2": "https://www.kaigokensaku.mhlw.go.jp/01/index.php?action_kouhyou_detail_004_kani=true&JigyosyoCd=0173700667-00&ServiceCd=780&Type=search" }, "geometry": { "type": "Point", "coordinates": [ 140.862851200000023, 42.4681817 ] } },
{ "type": "Feature", "properties": { "内容": "デイサービスつくし【地域密着型通所介護】北海道伊達市元町44-36", "url2": "https://www.kaigokensaku.mhlw.go.jp/01/index.php?action_kouhyou_detail_004_kani=true&JigyosyoCd=0173700378-00&ServiceCd=780&Type=search" }, "geometry": { "type": "Point", "coordinates": [ 140.868004671719319, 42.470831964266864 ] } },
{ "type": "Feature", "properties": { "内容": "デイサービスセンター喜楽園【地域密着型通所介護】北海道伊達市向有珠町１６０番地７", "url2": "https://www.kaigokensaku.mhlw.go.jp/01/index.php?action_kouhyou_detail_004_kani=true&JigyosyoCd=0173700105-00&ServiceCd=780&Type=search" }, "geometry": { "type": "Point", "coordinates": [ 140.784566899999959, 42.5087031 ] } },
{ "type": "Feature", "properties": { "内容": "デイサービスともあれ【地域密着型通所介護】北海道伊達市長和町382-18", "url2": "https://www.kaigokensaku.mhlw.go.jp/01/index.php?action_kouhyou_detail_004_kani=true&JigyosyoCd=0193700143-00&ServiceCd=780&Type=search" }, "geometry": { "type": "Point", "coordinates": [ 140.8328613, 42.48922910000001 ] } },
{ "type": "Feature", "properties": { "内容": "デイサービス　パライソ【地域密着型通所介護】北海道伊達市西浜町92-31　１階", "url2": "https://www.kaigokensaku.mhlw.go.jp/01/index.php?action_kouhyou_detail_004_kani=true&JigyosyoCd=0193700127-00&ServiceCd=780&Type=search" }, "geometry": { "type": "Point", "coordinates": [ 140.8568387, 42.4681902 ] } },
{ "type": "Feature", "properties": { "内容": "デイサービスセンターみなくる【地域密着型通所介護】北海道北広島市新富町西1丁目1-12ブルーム吉光101", "url2": "https://www.kaigokensaku.mhlw.go.jp/01/index.php?action_kouhyou_detail_004_kani=true&JigyosyoCd=0191300243-00&ServiceCd=780&Type=search" }, "geometry": { "type": "Point", "coordinates": [ 141.567404399999987, 42.9734896 ] } },
{ "type": "Feature", "properties": { "内容": "緑のアトリエ【地域密着型通所介護】北海道北広島市大曲緑ヶ丘6丁目9番地3", "url2": "https://www.kaigokensaku.mhlw.go.jp/01/index.php?action_kouhyou_detail_004_kani=true&JigyosyoCd=0171300445-00&ServiceCd=780&Type=search" }, "geometry": { "type": "Point", "coordinates": [ 141.477089799999931, 42.9833829 ] } },
{ "type": "Feature", "properties": { "内容": "茶話本舗デイサービスきたひろ南ヶ丘【地域密着型通所介護】北海道北広島市大曲南ヶ丘2丁目6番地18", "url2": "https://www.kaigokensaku.mhlw.go.jp/01/index.php?action_kouhyou_detail_004_kani=true&JigyosyoCd=0191300185-00&ServiceCd=780&Type=search" }, "geometry": { "type": "Point", "coordinates": [ 141.476996500000041, 42.9687041 ] } },
{ "type": "Feature", "properties": { "内容": "茶話本舗デイサービスきたひろ東共栄【地域密着型通所介護】北海道北広島市東共栄１丁目24番9号", "url2": "https://www.kaigokensaku.mhlw.go.jp/01/index.php?action_kouhyou_detail_004_kani=true&JigyosyoCd=0171300718-00&ServiceCd=780&Type=search" }, "geometry": { "type": "Point", "coordinates": [ 141.565747699999946, 42.9895209 ] } },
{ "type": "Feature", "properties": { "内容": "のびのびファイン【地域密着型通所介護】北海道北広島市富ヶ岡５０９番地３１北広島リハビリセンター", "url2": "https://www.kaigokensaku.mhlw.go.jp/01/index.php?action_kouhyou_detail_004_kani=true&JigyosyoCd=0191300227-00&ServiceCd=780&Type=search" }, "geometry": { "type": "Point", "coordinates": [ 141.5341938, 42.954295 ] } },
{ "type": "Feature", "properties": { "内容": "デイサービス喜望の杜【地域密着型通所介護】北広島市中央６丁目９－２", "url2": "https://www.kaigokensaku.mhlw.go.jp/01/index.php?action_kouhyou_detail_004_kani=true&JigyosyoCd=0171300395-00&ServiceCd=780&Type=search" }, "geometry": { "type": "Point", "coordinates": [ 141.551133099999987, 42.976636 ] } },
{ "type": "Feature", "properties": { "内容": "デイサービス「どんぐり」【地域密着型通所介護】北海道北広島市美沢１丁目１－２生活クラブ館", "url2": "https://www.kaigokensaku.mhlw.go.jp/01/index.php?action_kouhyou_detail_004_kani=true&JigyosyoCd=0171300148-00&ServiceCd=780&Type=search" }, "geometry": { "type": "Point", "coordinates": [ 141.561336409292636, 42.985508869234323 ] } },
{ "type": "Feature", "properties": { "内容": "デイサービスセンターらいふてらす北広島共栄【地域密着型通所介護】北海道北広島市共栄町4丁目17-7", "url2": "https://www.kaigokensaku.mhlw.go.jp/01/index.php?action_kouhyou_detail_004_kani=true&JigyosyoCd=0191300151-00&ServiceCd=780&Type=search" }, "geometry": { "type": "Point", "coordinates": [ 141.562915696958925, 42.992920761144035 ] } },
{ "type": "Feature", "properties": { "内容": "MCFデイサービスきたひろベガ【地域密着型通所介護】北海道北広島市大曲緑ヶ丘2丁目10-4", "url2": "https://www.kaigokensaku.mhlw.go.jp/01/index.php?action_kouhyou_detail_004_kani=true&JigyosyoCd=0191300250-00&ServiceCd=780&Type=search" }, "geometry": { "type": "Point", "coordinates": [ 141.4779768, 42.9789133 ] } },
{ "type": "Feature", "properties": { "内容": "サンサンイシカラ【地域密着型通所介護】北海道石狩市花川北6条2丁目88番地", "url2": "https://www.kaigokensaku.mhlw.go.jp/01/index.php?action_kouhyou_detail_004_kani=true&JigyosyoCd=0197600513-00&ServiceCd=780&Type=search" }, "geometry": { "type": "Point", "coordinates": [ 141.318533699999989, 43.1707586 ] } },
{ "type": "Feature", "properties": { "内容": "地域密着型通所介護　おんくりの輪【地域密着型通所介護】北海道石狩市花川北5条1丁目67番地", "url2": "https://www.kaigokensaku.mhlw.go.jp/01/index.php?action_kouhyou_detail_004_kani=true&JigyosyoCd=0197600505-00&ServiceCd=780&Type=search" }, "geometry": { "type": "Point", "coordinates": [ 141.313716730024709, 43.168280073906402 ] } },
{ "type": "Feature", "properties": { "内容": "通所介護デイドリーム【地域密着型通所介護】北海道石狩市花川南２条３丁目９１－２あいまち２階", "url2": "https://www.kaigokensaku.mhlw.go.jp/01/index.php?action_kouhyou_detail_004_kani=true&JigyosyoCd=0177600756-00&ServiceCd=780&Type=search" }, "geometry": { "type": "Point", "coordinates": [ 141.297997900000041, 43.1517749 ] } },
{ "type": "Feature", "properties": { "内容": "地域密着型通所介護デイサービスくつろぎの家【地域密着型通所介護】花川南6条2丁目109", "url2": "https://www.kaigokensaku.mhlw.go.jp/01/index.php?action_kouhyou_detail_004_kani=true&JigyosyoCd=0197600497-00&ServiceCd=780&Type=search" }, "geometry": { "type": "Point", "coordinates": [ 141.290276, 43.1443755 ] } },
{ "type": "Feature", "properties": { "内容": "グランドハウス緑苑【地域密着型通所介護】北海道石狩市緑苑台東３条２丁目１７０ー２グランドハウス緑苑", "url2": "https://www.kaigokensaku.mhlw.go.jp/01/index.php?action_kouhyou_detail_004_kani=true&JigyosyoCd=0177600665-00&ServiceCd=780&Type=search" }, "geometry": { "type": "Point", "coordinates": [ 141.34484040000001, 43.1663574 ] } },
{ "type": "Feature", "properties": { "内容": "石狩希久の園デイサービスセンター【地域密着型通所介護】北海道石狩市八幡町高岡２７－９", "url2": "https://www.kaigokensaku.mhlw.go.jp/01/index.php?action_kouhyou_detail_004_kani=true&JigyosyoCd=0177600061-00&ServiceCd=780&Type=search" }, "geometry": { "type": "Point", "coordinates": [ 141.422479100000032, 43.254568 ] } },
{ "type": "Feature", "properties": { "内容": "デイサービスセンターばんなぐろ【地域密着型通所介護】石狩市花畔360番26号", "url2": "https://www.kaigokensaku.mhlw.go.jp/01/index.php?action_kouhyou_detail_004_kani=true&JigyosyoCd=0177600335-00&ServiceCd=780&Type=search" }, "geometry": { "type": "Point", "coordinates": [ 141.3049545, 43.16714 ] } },
{ "type": "Feature", "properties": { "内容": "石狩市はまますデイサｰビスセンター【地域密着型通所介護】北海道石狩市浜益区浜益2番地4石狩市高齢者生活福祉センター", "url2": "https://www.kaigokensaku.mhlw.go.jp/01/index.php?action_kouhyou_detail_004_kani=true&JigyosyoCd=0177600699-00&ServiceCd=780&Type=search" }, "geometry": { "type": "Point", "coordinates": [ 141.386124399999972, 43.6004362 ] } },
{ "type": "Feature", "properties": { "内容": "デイサービス歩風楽花川【地域密着型通所介護】石狩市花川南１０条３丁目３番地", "url2": "https://www.kaigokensaku.mhlw.go.jp/01/index.php?action_kouhyou_detail_004_kani=true&JigyosyoCd=0177600582-00&ServiceCd=780&Type=search" }, "geometry": { "type": "Point", "coordinates": [ 141.280353399999967, 43.13859 ] } },
{ "type": "Feature", "properties": { "内容": "デイサービスエルサ【地域密着型通所介護】北海道石狩市花川南6条1丁目111番地", "url2": "https://www.kaigokensaku.mhlw.go.jp/01/index.php?action_kouhyou_detail_004_kani=true&JigyosyoCd=0177600277-00&ServiceCd=780&Type=search" }, "geometry": { "type": "Point", "coordinates": [ 141.285530200000039, 43.146517 ] } },
{ "type": "Feature", "properties": { "内容": "デイサービスセンターらいふてらす石狩花川【地域密着型通所介護】北海道石狩市花川南1条2丁目312-1岡崎ビル", "url2": "https://www.kaigokensaku.mhlw.go.jp/01/index.php?action_kouhyou_detail_004_kani=true&JigyosyoCd=0177600806-00&ServiceCd=780&Type=search" }, "geometry": { "type": "Point", "coordinates": [ 141.299975300000028, 43.1538636 ] } },
{ "type": "Feature", "properties": { "内容": "民家型デイサービス笑宝【地域密着型通所介護】北海道石狩市親船東二条二丁目74番地", "url2": "https://www.kaigokensaku.mhlw.go.jp/01/index.php?action_kouhyou_detail_004_kani=true&JigyosyoCd=0197600539-00&ServiceCd=780&Type=search" }, "geometry": { "type": "Point", "coordinates": [ 141.3441472, 43.226759 ] } },
{ "type": "Feature", "properties": { "内容": "Banbi【地域密着型通所介護】北海道石狩市花川北１条４丁目１５０番地", "url2": "https://www.kaigokensaku.mhlw.go.jp/01/index.php?action_kouhyou_detail_004_kani=true&JigyosyoCd=0177600673-00&ServiceCd=780&Type=search" }, "geometry": { "type": "Point", "coordinates": [ 141.30758, 43.1528332 ] } },
{ "type": "Feature", "properties": { "内容": "セレンデイサービス【地域密着型通所介護】北海道北斗市追分３丁目１番２８号", "url2": "https://www.kaigokensaku.mhlw.go.jp/01/index.php?action_kouhyou_detail_004_kani=true&JigyosyoCd=0171501380-00&ServiceCd=780&Type=search" }, "geometry": { "type": "Point", "coordinates": [ 140.695037, 41.8237515 ] } },
{ "type": "Feature", "properties": { "内容": "向野デイサービス【地域密着型通所介護】北斗市向野３丁目７－２1", "url2": "https://www.kaigokensaku.mhlw.go.jp/01/index.php?action_kouhyou_detail_004_kani=true&JigyosyoCd=0171501315-00&ServiceCd=780&Type=search" }, "geometry": { "type": "Point", "coordinates": [ 140.632927399999971, 41.889979 ] } },
{ "type": "Feature", "properties": { "内容": "デイサービスセンター結【地域密着型通所介護】北海道石狩郡当別町太美町1488番地18-19-274養護老人ホーム長寿園", "url2": "https://www.kaigokensaku.mhlw.go.jp/01/index.php?action_kouhyou_detail_004_kani=true&JigyosyoCd=0171001340-00&ServiceCd=780&Type=search" }, "geometry": { "type": "Point", "coordinates": [ 141.449615200000039, 43.1970918 ] } },
{ "type": "Feature", "properties": { "内容": "デイサービスセンターふくろうの森【地域密着型通所介護】北海道石狩郡当別町幸町51番地31", "url2": "https://www.kaigokensaku.mhlw.go.jp/01/index.php?action_kouhyou_detail_004_kani=true&JigyosyoCd=0171000870-00&ServiceCd=780&Type=search" }, "geometry": { "type": "Point", "coordinates": [ 141.517119940614293, 43.216209923624206 ] } },
{ "type": "Feature", "properties": { "内容": "デイサービス　なごやか【地域密着型通所介護】北海道松前郡松前町字朝日495-2", "url2": "https://www.kaigokensaku.mhlw.go.jp/01/index.php?action_kouhyou_detail_004_kani=true&JigyosyoCd=0171501711-00&ServiceCd=780&Type=search" }, "geometry": { "type": "Point", "coordinates": [ 140.128026299999988, 41.4322149 ] } },
{ "type": "Feature", "properties": { "内容": "デイサービスセンターほのか苑【地域密着型通所介護】北海道松前郡松前町字赤神352番地の23", "url2": "https://www.kaigokensaku.mhlw.go.jp/01/index.php?action_kouhyou_detail_004_kani=true&JigyosyoCd=0171501125-00&ServiceCd=780&Type=search" }, "geometry": { "type": "Point", "coordinates": [ 140.022819734236691, 41.482731113855571 ] } },
{ "type": "Feature", "properties": { "内容": "デイサービスセンター　陽光園【地域密着型通所介護】北海道松前郡福島町字三岳１６０番地の１３", "url2": "https://www.kaigokensaku.mhlw.go.jp/01/index.php?action_kouhyou_detail_004_kani=true&JigyosyoCd=0171500200-00&ServiceCd=780&Type=search" }, "geometry": { "type": "Point", "coordinates": [ 140.255172600000037, 41.4902573 ] } },
{ "type": "Feature", "properties": { "内容": "デイサービス杉の木【地域密着型通所介護】北海道上磯郡木古内町本町５２－１", "url2": "https://www.kaigokensaku.mhlw.go.jp/01/index.php?action_kouhyou_detail_004_kani=true&JigyosyoCd=0191513696-00&ServiceCd=780&Type=search" }, "geometry": { "type": "Point", "coordinates": [ 140.437316277909872, 41.676709667308451 ] } },
{ "type": "Feature", "properties": { "内容": "医療法人社団　慈友会　デイ・サービス　のぞみがおか【地域密着型通所介護】亀田郡七飯町大川三丁目5番28号", "url2": "https://www.kaigokensaku.mhlw.go.jp/01/index.php?action_kouhyou_detail_004_kani=true&JigyosyoCd=0111512299-00&ServiceCd=780&Type=search" }, "geometry": { "type": "Point", "coordinates": [ 140.7209829, 41.8558936 ] } },
{ "type": "Feature", "properties": { "内容": "デイサービスセンター・おおかわ【地域密着型通所介護】北海道亀田郡七飯町大川5-4-7", "url2": "https://www.kaigokensaku.mhlw.go.jp/01/index.php?action_kouhyou_detail_004_kani=true&JigyosyoCd=0171501638-00&ServiceCd=780&Type=search" }, "geometry": { "type": "Point", "coordinates": [ 140.718737799999985, 41.8603941 ] } },
{ "type": "Feature", "properties": { "内容": "地域密着型デイサービスいちご農園【地域密着型通所介護】北海道亀田郡七飯町字上藤城3番69号", "url2": "https://www.kaigokensaku.mhlw.go.jp/01/index.php?action_kouhyou_detail_004_kani=true&JigyosyoCd=0191513688-00&ServiceCd=780&Type=search" }, "geometry": { "type": "Point", "coordinates": [ 140.681971400000066, 41.9083574 ] } },
{ "type": "Feature", "properties": { "内容": "デイホームももか【地域密着型通所介護】北海道亀田郡七飯町大中山2丁目10番3号", "url2": "https://www.kaigokensaku.mhlw.go.jp/01/index.php?action_kouhyou_detail_004_kani=true&JigyosyoCd=0191513597-00&ServiceCd=780&Type=search" }, "geometry": { "type": "Point", "coordinates": [ 140.711993399999983, 41.8698039 ] } },
{ "type": "Feature", "properties": { "内容": "デイサービスセンターおおかわ２号館【地域密着型通所介護】北海道亀田郡七飯町大川５丁目３番15号", "url2": "https://www.kaigokensaku.mhlw.go.jp/01/index.php?action_kouhyou_detail_004_kani=true&JigyosyoCd=0191513795-00&ServiceCd=780&Type=search" }, "geometry": { "type": "Point", "coordinates": [ 140.718570699999987, 41.8598625 ] } },
{ "type": "Feature", "properties": { "内容": "デイサービスセンターにじ【地域密着型通所介護】北海道茅部郡森町字富士見町１６４番地４１", "url2": "https://www.kaigokensaku.mhlw.go.jp/01/index.php?action_kouhyou_detail_004_kani=true&JigyosyoCd=0171501729-00&ServiceCd=780&Type=search" }, "geometry": { "type": "Point", "coordinates": [ 140.553243, 42.1101548 ] } },
{ "type": "Feature", "properties": { "内容": "あんずデイサービス【地域密着型通所介護】北海道茅部郡森町字富士見町１64番地41", "url2": "https://www.kaigokensaku.mhlw.go.jp/01/index.php?action_kouhyou_detail_004_kani=true&JigyosyoCd=0171501554-00&ServiceCd=780&Type=search" }, "geometry": { "type": "Point", "coordinates": [ 140.555920606884854, 42.107768404275276 ] } },
{ "type": "Feature", "properties": { "内容": "社会福祉法人八雲町社会福祉協議会指定八雲デイサービスセンター【地域密着型通所介護】北海道二海郡八雲町栄町１３番地１八雲町総合保健福祉施設シルバープラザ内", "url2": "https://www.kaigokensaku.mhlw.go.jp/01/index.php?action_kouhyou_detail_004_kani=true&JigyosyoCd=0171501117-00&ServiceCd=780&Type=search" }, "geometry": { "type": "Point", "coordinates": [ 140.258662299999969, 42.256220700000014 ] } },
{ "type": "Feature", "properties": { "内容": "熊石デイサービスセンター【地域密着型通所介護】二海郡八雲町熊石平町３２４－２０２", "url2": "https://www.kaigokensaku.mhlw.go.jp/01/index.php?action_kouhyou_detail_004_kani=true&JigyosyoCd=0171501000-00&ServiceCd=780&Type=search" }, "geometry": { "type": "Point", "coordinates": [ 140.000227099999961, 42.1288703 ] } },
{ "type": "Feature", "properties": { "内容": "デイサービスセンター・あかり【地域密着型通所介護】北海道檜山郡江差町字田沢町４９２番地１", "url2": "https://www.kaigokensaku.mhlw.go.jp/01/index.php?action_kouhyou_detail_004_kani=true&JigyosyoCd=0171600414-00&ServiceCd=780&Type=search" }, "geometry": { "type": "Point", "coordinates": [ 140.14556349999998, 41.8988281 ] } },
{ "type": "Feature", "properties": { "内容": "通所介護元町デイサービス【地域密着型通所介護】北海道檜山郡江差町水堀町415-1", "url2": "https://www.kaigokensaku.mhlw.go.jp/01/index.php?action_kouhyou_detail_004_kani=true&JigyosyoCd=0171600331-00&ServiceCd=780&Type=search" }, "geometry": { "type": "Point", "coordinates": [ 140.157355199999984, 41.9352766 ] } },
{ "type": "Feature", "properties": { "内容": "かみのくにデイサービスセンター【地域密着型通所介護】北海道檜山郡上ノ国町勝山２４番地１", "url2": "https://www.kaigokensaku.mhlw.go.jp/01/index.php?action_kouhyou_detail_004_kani=true&JigyosyoCd=0191600089-00&ServiceCd=780&Type=search" }, "geometry": { "type": "Point", "coordinates": [ 140.117425, 41.7970501 ] } },
{ "type": "Feature", "properties": { "内容": "指定地域密着型通所介護事業所おくしり荘【地域密着型通所介護】北海道奥尻郡奥尻町字青苗４４２番地２１", "url2": "https://www.kaigokensaku.mhlw.go.jp/01/index.php?action_kouhyou_detail_004_kani=true&JigyosyoCd=0171600125-00&ServiceCd=780&Type=search" }, "geometry": { "type": "Point", "coordinates": [ 139.446069599999987, 42.0633272 ] } },
{ "type": "Feature", "properties": { "内容": "デイサービスセンターとしべつ【地域密着型通所介護】北海道瀬棚郡今金町字今金１７番地の２今金町総合福祉施設　としべつ", "url2": "https://www.kaigokensaku.mhlw.go.jp/01/index.php?action_kouhyou_detail_004_kani=true&JigyosyoCd=0171700081-00&ServiceCd=780&Type=search" }, "geometry": { "type": "Point", "coordinates": [ 140.007461199999966, 42.4297362 ] } },
{ "type": "Feature", "properties": { "内容": "デイサービスセンターきたひやま【地域密着型通所介護】久遠郡せたな町北檜山区豊岡337-1", "url2": "https://www.kaigokensaku.mhlw.go.jp/01/index.php?action_kouhyou_detail_004_kani=true&JigyosyoCd=0191700061-00&ServiceCd=780&Type=search" }, "geometry": { "type": "Point", "coordinates": [ 139.8728668, 42.421781700000011 ] } },
{ "type": "Feature", "properties": { "内容": "瀬棚デイサービスセンター【地域密着型通所介護】北海道久遠郡せたな町瀬棚区本町９４８番地７", "url2": "https://www.kaigokensaku.mhlw.go.jp/01/index.php?action_kouhyou_detail_004_kani=true&JigyosyoCd=0171700222-00&ServiceCd=780&Type=search" }, "geometry": { "type": "Point", "coordinates": [ 139.852132100000063, 42.4479627 ] } },
{ "type": "Feature", "properties": { "内容": "デイサービスセンター大成長生園【地域密着型通所介護】北海道久遠郡せたな町大成区宮野５２５番地２", "url2": "https://www.kaigokensaku.mhlw.go.jp/01/index.php?action_kouhyou_detail_004_kani=true&JigyosyoCd=0171700156-00&ServiceCd=780&Type=search" }, "geometry": { "type": "Point", "coordinates": [ 139.875066, 42.2294143 ] } },
{ "type": "Feature", "properties": { "内容": "デイサービスさくら【地域密着型通所介護】北海道久遠郡せたな町北檜山区北檜山１９３番地の１", "url2": "https://www.kaigokensaku.mhlw.go.jp/01/index.php?action_kouhyou_detail_004_kani=true&JigyosyoCd=0171700313-00&ServiceCd=780&Type=search" }, "geometry": { "type": "Point", "coordinates": [ 139.881352, 42.4111285 ] } },
{ "type": "Feature", "properties": { "内容": "青空ディサービスセンター【地域密着型通所介護】北海道寿都郡寿都町字新栄町235番地", "url2": "https://www.kaigokensaku.mhlw.go.jp/01/index.php?action_kouhyou_detail_004_kani=true&JigyosyoCd=0192100055-00&ServiceCd=780&Type=search" }, "geometry": { "type": "Point", "coordinates": [ 140.225280200000043, 42.7930561 ] } },
{ "type": "Feature", "properties": { "内容": "寿都デイサービスセンター【地域密着型通所介護】北海道寿都郡寿都町字開進町50番地", "url2": "https://www.kaigokensaku.mhlw.go.jp/01/index.php?action_kouhyou_detail_004_kani=true&JigyosyoCd=0172100059-00&ServiceCd=780&Type=search" }, "geometry": { "type": "Point", "coordinates": [ 140.236429089078143, 42.789522398070673 ] } },
{ "type": "Feature", "properties": { "内容": "黒松内町デイ・サービスセンター【地域密着型通所介護】北海道寿都郡黒松内町字黒松内５６２番地４", "url2": "https://www.kaigokensaku.mhlw.go.jp/01/index.php?action_kouhyou_detail_004_kani=true&JigyosyoCd=0172100034-00&ServiceCd=780&Type=search" }, "geometry": { "type": "Point", "coordinates": [ 140.309209499999952, 42.6606041 ] } },
{ "type": "Feature", "properties": { "内容": "蘭越町高齢者生活福祉センターこんぶ【地域密着型通所介護】北海道磯谷郡蘭越町昆布町２４番地1", "url2": "https://www.kaigokensaku.mhlw.go.jp/01/index.php?action_kouhyou_detail_004_kani=true&JigyosyoCd=0172200180-00&ServiceCd=780&Type=search" }, "geometry": { "type": "Point", "coordinates": [ 140.598162099999968, 42.8001172 ] } },
{ "type": "Feature", "properties": { "内容": "蘭越町通所介護事業所【地域密着型通所介護】北海道磯谷郡蘭越町目名町391番地", "url2": "https://www.kaigokensaku.mhlw.go.jp/01/index.php?action_kouhyou_detail_004_kani=true&JigyosyoCd=0172200172-00&ServiceCd=780&Type=search" }, "geometry": { "type": "Point", "coordinates": [ 140.46203909999997, 42.7614346 ] } },
{ "type": "Feature", "properties": { "内容": "医療法人　野の花　デイハウス　香風庵【地域密着型通所介護】北海道虻田郡真狩村字社２０番地１", "url2": "https://www.kaigokensaku.mhlw.go.jp/01/index.php?action_kouhyou_detail_004_kani=true&JigyosyoCd=0172200289-00&ServiceCd=780&Type=search" }, "geometry": { "type": "Point", "coordinates": [ 140.802113100000042, 42.7715952 ] } },
{ "type": "Feature", "properties": { "内容": "真狩村デイサービスセンター羊蹄園通所介護事業所【地域密着型通所介護】北海道虻田郡真狩村字共明37-6", "url2": "https://www.kaigokensaku.mhlw.go.jp/01/index.php?action_kouhyou_detail_004_kani=true&JigyosyoCd=0192200095-00&ServiceCd=780&Type=search" }, "geometry": { "type": "Point", "coordinates": [ 140.807662599999958, 42.7688679 ] } },
{ "type": "Feature", "properties": { "内容": "るすつ銀河の杜デイサービスセンター【地域密着型通所介護】北海道虻田郡留寿都村字留寿都186番地18", "url2": "https://www.kaigokensaku.mhlw.go.jp/01/index.php?action_kouhyou_detail_004_kani=true&JigyosyoCd=0172200354-00&ServiceCd=780&Type=search" }, "geometry": { "type": "Point", "coordinates": [ 140.869022399999949, 42.7363542 ] } },
{ "type": "Feature", "properties": { "内容": "喜茂別町デイサービスセンター【地域密着型通所介護】北海道虻田郡喜茂別町字喜茂別15番地の1", "url2": "https://www.kaigokensaku.mhlw.go.jp/01/index.php?action_kouhyou_detail_004_kani=true&JigyosyoCd=0172200016-00&ServiceCd=780&Type=search" }, "geometry": { "type": "Point", "coordinates": [ 140.932102900000018, 42.7974191 ] } },
{ "type": "Feature", "properties": { "内容": "京極町デイサービスセンター【地域密着型通所介護】北海道虻田郡京極町字三崎68番地", "url2": "https://www.kaigokensaku.mhlw.go.jp/01/index.php?action_kouhyou_detail_004_kani=true&JigyosyoCd=0192200111-00&ServiceCd=780&Type=search" }, "geometry": { "type": "Point", "coordinates": [ 140.8806631, 42.8605634 ] } },
{ "type": "Feature", "properties": { "内容": "デイサービスセンターろっかえん【地域密着型通所介護】北海道虻田郡倶知安町南3条東5丁目1番地2", "url2": "https://www.kaigokensaku.mhlw.go.jp/01/index.php?action_kouhyou_detail_004_kani=true&JigyosyoCd=0152280012-00&ServiceCd=780&Type=search" }, "geometry": { "type": "Point", "coordinates": [ 140.762161699999979, 42.8994327 ] } },
{ "type": "Feature", "properties": { "内容": "リハホース【地域密着型通所介護】北海道虻田郡倶知安町南３条西１丁目", "url2": "https://www.kaigokensaku.mhlw.go.jp/01/index.php?action_kouhyou_detail_004_kani=true&JigyosyoCd=0172200321-00&ServiceCd=780&Type=search" }, "geometry": { "type": "Point", "coordinates": [ 140.750396144110169, 42.899204441983166 ] } },
{ "type": "Feature", "properties": { "内容": "デイサービスセンター羊蹄ハイツ【地域密着型通所介護】北海道虻田郡倶知安町字峠下113-2", "url2": "https://www.kaigokensaku.mhlw.go.jp/01/index.php?action_kouhyou_detail_004_kani=true&JigyosyoCd=0192200087-00&ServiceCd=780&Type=search" }, "geometry": { "type": "Point", "coordinates": [ 140.739676, 42.9226574 ] } },
{ "type": "Feature", "properties": { "内容": "デイサービスセンター　みのりの里共和【地域密着型通所介護】北海道岩内郡共和町南幌似５７番地１３", "url2": "https://www.kaigokensaku.mhlw.go.jp/01/index.php?action_kouhyou_detail_004_kani=true&JigyosyoCd=0172300162-00&ServiceCd=780&Type=search" }, "geometry": { "type": "Point", "coordinates": [ 140.614792, 42.9772401 ] } },
{ "type": "Feature", "properties": { "内容": "共和町いきいきセンター【地域密着型通所介護】北海道岩内郡共和町小沢95番地30", "url2": "https://www.kaigokensaku.mhlw.go.jp/01/index.php?action_kouhyou_detail_004_kani=true&JigyosyoCd=0192300051-00&ServiceCd=780&Type=search" }, "geometry": { "type": "Point", "coordinates": [ 140.680874565708194, 42.968464272435376 ] } },
{ "type": "Feature", "properties": { "内容": "岩内町デイサービスセンター【地域密着型通所介護】北海道岩内郡岩内町字野束69番地35", "url2": "https://www.kaigokensaku.mhlw.go.jp/01/index.php?action_kouhyou_detail_004_kani=true&JigyosyoCd=0192300044-00&ServiceCd=780&Type=search" }, "geometry": { "type": "Point", "coordinates": [ 140.5101122, 42.9677649 ] } },
{ "type": "Feature", "properties": { "内容": "泊村在宅老人デイサービスセンター【地域密着型通所介護】北海道古宇郡泊村大字茅沼村５００番地の２総合福祉センター", "url2": "https://www.kaigokensaku.mhlw.go.jp/01/index.php?action_kouhyou_detail_004_kani=true&JigyosyoCd=0172300147-00&ServiceCd=780&Type=search" }, "geometry": { "type": "Point", "coordinates": [ 140.510387, 43.0562587 ] } },
{ "type": "Feature", "properties": { "内容": "積丹町エイジングステーションやすらぎ【地域密着型通所介護】北海道積丹郡積丹町大字美国町字大沢300番地", "url2": "https://www.kaigokensaku.mhlw.go.jp/01/index.php?action_kouhyou_detail_004_kani=true&JigyosyoCd=0172500084-00&ServiceCd=780&Type=search" }, "geometry": { "type": "Point", "coordinates": [ 140.5985015, 43.2943675 ] } },
{ "type": "Feature", "properties": { "内容": "古平町デイサービスセンター【地域密着型通所介護】北海道古平郡古平町大字浜町７１１番地", "url2": "https://www.kaigokensaku.mhlw.go.jp/01/index.php?action_kouhyou_detail_004_kani=true&JigyosyoCd=0192500114-00&ServiceCd=780&Type=search" }, "geometry": { "type": "Point", "coordinates": [ 140.634217900000067, 43.2581267 ] } },
{ "type": "Feature", "properties": { "内容": "セルフケア【地域密着型通所介護】北海道古平郡古平町大字浜町893番地5古平町高齢者複合施設ほほえみくらす内", "url2": "https://www.kaigokensaku.mhlw.go.jp/01/index.php?action_kouhyou_detail_004_kani=true&JigyosyoCd=0172500480-00&ServiceCd=780&Type=search" }, "geometry": { "type": "Point", "coordinates": [ 140.636057134410635, 43.26056786964763 ] } },
{ "type": "Feature", "properties": { "内容": "仁木町デイサービスセンターえんれいそう【地域密着型通所介護】北海道余市郡仁木町銀山２丁目１３４番地", "url2": "https://www.kaigokensaku.mhlw.go.jp/01/index.php?action_kouhyou_detail_004_kani=true&JigyosyoCd=0172500118-00&ServiceCd=780&Type=search" }, "geometry": { "type": "Point", "coordinates": [ 140.72181578531945, 43.045222986219102 ] } },
{ "type": "Feature", "properties": { "内容": "デイサービスセンター　ぷらっと・よいち【地域密着型通所介護】北海道余市郡余市町黒川町８丁目２６番地", "url2": "https://www.kaigokensaku.mhlw.go.jp/01/index.php?action_kouhyou_detail_004_kani=true&JigyosyoCd=0172500217-00&ServiceCd=780&Type=search" }, "geometry": { "type": "Point", "coordinates": [ 140.793519899999978, 43.1859471 ] } },
{ "type": "Feature", "properties": { "内容": "デイサービスセンターよいち銀座はくちょう【地域密着型通所介護】北海道余市郡余市町黒川町2丁目91番地", "url2": "https://www.kaigokensaku.mhlw.go.jp/01/index.php?action_kouhyou_detail_004_kani=true&JigyosyoCd=0172500415-00&ServiceCd=780&Type=search" }, "geometry": { "type": "Point", "coordinates": [ 140.791245300000014, 43.1896082 ] } },
{ "type": "Feature", "properties": { "内容": "デイサービスセンターかるな【地域密着型通所介護】北海道余市郡余市町沢町５丁目７７番地", "url2": "https://www.kaigokensaku.mhlw.go.jp/01/index.php?action_kouhyou_detail_004_kani=true&JigyosyoCd=0192500122-00&ServiceCd=780&Type=search" }, "geometry": { "type": "Point", "coordinates": [ 140.7695148, 43.1984436 ] } },
{ "type": "Feature", "properties": { "内容": "でいさぁーびす笑【地域密着型通所介護】北海道余市郡余市町黒川町２０丁目１２番地１８", "url2": "https://www.kaigokensaku.mhlw.go.jp/01/index.php?action_kouhyou_detail_004_kani=true&JigyosyoCd=0172500340-00&ServiceCd=780&Type=search" }, "geometry": { "type": "Point", "coordinates": [ 140.814546, 43.1832375 ] } },
{ "type": "Feature", "properties": { "内容": "赤井川村デイサービスセンター【地域密着型通所介護】北海道余市郡赤井川村字赤井川318-1", "url2": "https://www.kaigokensaku.mhlw.go.jp/01/index.php?action_kouhyou_detail_004_kani=true&JigyosyoCd=0172500134-00&ServiceCd=780&Type=search" }, "geometry": { "type": "Point", "coordinates": [ 140.8113694, 43.0873754 ] } },
{ "type": "Feature", "properties": { "内容": "赤井川村デイサービスセンター【地域密着型通所介護】北海道余市郡赤井川村字赤井川318-1", "url2": "https://www.kaigokensaku.mhlw.go.jp/01/index.php?action_kouhyou_detail_004_kani=true&JigyosyoCd=0192500130-00&ServiceCd=780&Type=search" }, "geometry": { "type": "Point", "coordinates": [ 140.8123704, 43.0863687 ] } },
{ "type": "Feature", "properties": { "内容": "デイサービスセンター萌　かみすながわ【地域密着型通所介護】空知郡上砂川町字上砂川22番地16", "url2": "https://www.kaigokensaku.mhlw.go.jp/01/index.php?action_kouhyou_detail_004_kani=true&JigyosyoCd=0177100583-00&ServiceCd=780&Type=search" }, "geometry": { "type": "Point", "coordinates": [ 142.01251149999996, 43.466681 ] } },
{ "type": "Feature", "properties": { "内容": "由仁町社協デイサービスセンター【地域密着型通所介護】北海道夕張郡由仁町東栄87番地の1", "url2": "https://www.kaigokensaku.mhlw.go.jp/01/index.php?action_kouhyou_detail_004_kani=true&JigyosyoCd=0195800057-00&ServiceCd=780&Type=search" }, "geometry": { "type": "Point", "coordinates": [ 141.787422200000037, 43.0119032 ] } },
{ "type": "Feature", "properties": { "内容": "デイサービスセンター一休さん【地域密着型通所介護】夕張郡栗山町字継立３６３番地２８", "url2": "https://www.kaigokensaku.mhlw.go.jp/01/index.php?action_kouhyou_detail_004_kani=true&JigyosyoCd=0175800424-00&ServiceCd=780&Type=search" }, "geometry": { "type": "Point", "coordinates": [ 141.859178382278401, 43.020668575756567 ] } },
{ "type": "Feature", "properties": { "内容": "機能訓練型デイサービスすまいる【地域密着型通所介護】北海道夕張郡栗山町朝日４丁目３７番地", "url2": "https://www.kaigokensaku.mhlw.go.jp/01/index.php?action_kouhyou_detail_004_kani=true&JigyosyoCd=0195800065-00&ServiceCd=780&Type=search" }, "geometry": { "type": "Point", "coordinates": [ 141.7988168, 43.0531257 ] } },
{ "type": "Feature", "properties": { "内容": "ディサービスくらしさ栗山【地域密着型通所介護】北海道夕張郡栗山町松風4丁目19-4", "url2": "https://www.kaigokensaku.mhlw.go.jp/01/index.php?action_kouhyou_detail_004_kani=true&JigyosyoCd=0195800081-00&ServiceCd=780&Type=search" }, "geometry": { "type": "Point", "coordinates": [ 141.7854087, 43.0536028 ] } },
{ "type": "Feature", "properties": { "内容": "月形愛光園指定地域密着型通所介護事業所【地域密着型通所介護】北海道樺戸郡月形町46番地の30", "url2": "https://www.kaigokensaku.mhlw.go.jp/01/index.php?action_kouhyou_detail_004_kani=true&JigyosyoCd=0196100051-00&ServiceCd=780&Type=search" }, "geometry": { "type": "Point", "coordinates": [ 141.669451200000026, 43.3384362 ] } },
{ "type": "Feature", "properties": { "内容": "うらうすデイサービスセンター【地域密着型通所介護】北海道樺戸郡浦臼町字キナウスナイ188番地の70", "url2": "https://www.kaigokensaku.mhlw.go.jp/01/index.php?action_kouhyou_detail_004_kani=true&JigyosyoCd=0177100096-00&ServiceCd=780&Type=search" }, "geometry": { "type": "Point", "coordinates": [ 141.837298299999929, 43.4508568 ] } },
{ "type": "Feature", "properties": { "内容": "北竜町デイサービスセンター【地域密着型通所介護】北海道雨竜郡北竜町字和19-6", "url2": "https://www.kaigokensaku.mhlw.go.jp/01/index.php?action_kouhyou_detail_004_kani=true&JigyosyoCd=0177400157-00&ServiceCd=780&Type=search" }, "geometry": { "type": "Point", "coordinates": [ 141.88221139999996, 43.7262233 ] } },
{ "type": "Feature", "properties": { "内容": "沼田町デイサービスセンター【地域密着型通所介護】北海道雨竜郡沼田町南一条１丁目８番２５号沼田町暮らしの安心センター", "url2": "https://www.kaigokensaku.mhlw.go.jp/01/index.php?action_kouhyou_detail_004_kani=true&JigyosyoCd=0177400272-00&ServiceCd=780&Type=search" }, "geometry": { "type": "Point", "coordinates": [ 141.943498399999953, 43.8063721 ] } },
{ "type": "Feature", "properties": { "内容": "当麻柏陽園第2デイサービスセンター【地域密着型通所介護】上川郡当麻町６条西４丁目　当麻町ヘルシーシャトー内", "url2": "https://www.kaigokensaku.mhlw.go.jp/01/index.php?action_kouhyou_detail_004_kani=true&JigyosyoCd=0173100173-00&ServiceCd=780&Type=search" }, "geometry": { "type": "Point", "coordinates": [ 142.5297802, 43.8336545 ] } },
{ "type": "Feature", "properties": { "内容": "在宅老人デイ・サービスセンターあそか苑【地域密着型通所介護】上川郡比布町東町2丁目５番２号", "url2": "https://www.kaigokensaku.mhlw.go.jp/01/index.php?action_kouhyou_detail_004_kani=true&JigyosyoCd=0173100116-00&ServiceCd=780&Type=search" }, "geometry": { "type": "Point", "coordinates": [ 142.481209900000067, 43.8754117 ] } },
{ "type": "Feature", "properties": { "内容": "愛別デイサービスセンター【地域密着型通所介護】北海道上川郡愛別町字北町298番地1", "url2": "https://www.kaigokensaku.mhlw.go.jp/01/index.php?action_kouhyou_detail_004_kani=true&JigyosyoCd=0173100280-00&ServiceCd=780&Type=search" }, "geometry": { "type": "Point", "coordinates": [ 142.577247899999946, 43.914572 ] } },
{ "type": "Feature", "properties": { "内容": "上川町在宅老人デイサービスセンター【地域密着型通所介護】北海道上川郡上川町西町４番地１", "url2": "https://www.kaigokensaku.mhlw.go.jp/01/index.php?action_kouhyou_detail_004_kani=true&JigyosyoCd=0173100074-00&ServiceCd=780&Type=search" }, "geometry": { "type": "Point", "coordinates": [ 142.75944549999997, 43.8548985 ] } },
{ "type": "Feature", "properties": { "内容": "東川町デイサービスセンター【地域密着型通所介護】北海道上川郡東川町西町８丁目２９番３号", "url2": "https://www.kaigokensaku.mhlw.go.jp/01/index.php?action_kouhyou_detail_004_kani=true&JigyosyoCd=0173100256-00&ServiceCd=780&Type=search" }, "geometry": { "type": "Point", "coordinates": [ 142.479134211778273, 43.700194072765086 ] } },
{ "type": "Feature", "properties": { "内容": "デイサービスセンター　あすか【地域密着型通所介護】北海道上川郡美瑛町栄町３丁目４－３２", "url2": "https://www.kaigokensaku.mhlw.go.jp/01/index.php?action_kouhyou_detail_004_kani=true&JigyosyoCd=0173100066-00&ServiceCd=780&Type=search" }, "geometry": { "type": "Point", "coordinates": [ 142.462319200000024, 43.5877312 ] } },
{ "type": "Feature", "properties": { "内容": "美瑛慈光園デイサービスセンター【地域密着型通所介護】北海道上川郡美瑛町南町3丁目3番7号", "url2": "https://www.kaigokensaku.mhlw.go.jp/01/index.php?action_kouhyou_detail_004_kani=true&JigyosyoCd=0173100025-00&ServiceCd=780&Type=search" }, "geometry": { "type": "Point", "coordinates": [ 142.46935348523661, 43.584387236624067 ] } },
{ "type": "Feature", "properties": { "内容": "慈光園あるくらぶ輪【地域密着型通所介護】北海道上川郡美瑛町南町4丁目4番18号", "url2": "https://www.kaigokensaku.mhlw.go.jp/01/index.php?action_kouhyou_detail_004_kani=true&JigyosyoCd=0173100546-00&ServiceCd=780&Type=search" }, "geometry": { "type": "Point", "coordinates": [ 142.46808, 43.5833847 ] } },
{ "type": "Feature", "properties": { "内容": "南富良野町デイサービスセンターゆうゆう【地域密着型通所介護】北海道空知郡南富良野町字幾寅５２８番地", "url2": "https://www.kaigokensaku.mhlw.go.jp/01/index.php?action_kouhyou_detail_004_kani=true&JigyosyoCd=0173000308-00&ServiceCd=780&Type=search" }, "geometry": { "type": "Point", "coordinates": [ 142.568204299999934, 43.1692234 ] } },
{ "type": "Feature", "properties": { "内容": "特定非営利活動法人　ＯＩＤＥ【地域密着型通所介護】北海道上川郡和寒町字日ノ出４番地３３３", "url2": "https://www.kaigokensaku.mhlw.go.jp/01/index.php?action_kouhyou_detail_004_kani=true&JigyosyoCd=0193200250-00&ServiceCd=780&Type=search" }, "geometry": { "type": "Point", "coordinates": [ 142.4077771, 44.027283 ] } },
{ "type": "Feature", "properties": { "内容": "和寒町老人デイサービスセンター健楽苑【地域密着型通所介護】北海道上川郡和寒町字三笠6番地", "url2": "https://www.kaigokensaku.mhlw.go.jp/01/index.php?action_kouhyou_detail_004_kani=true&JigyosyoCd=0193200243-00&ServiceCd=780&Type=search" }, "geometry": { "type": "Point", "coordinates": [ 142.408794300000011, 44.0227048 ] } },
{ "type": "Feature", "properties": { "内容": "通所介護なのはな【地域密着型通所介護】北海道上川郡和寒町字三笠６番地", "url2": "https://www.kaigokensaku.mhlw.go.jp/01/index.php?action_kouhyou_detail_004_kani=true&JigyosyoCd=0173200452-00&ServiceCd=780&Type=search" }, "geometry": { "type": "Point", "coordinates": [ 142.4081013, 44.0224432 ] } },
{ "type": "Feature", "properties": { "内容": "和寒町老人デイサービスセンター健楽苑【地域密着型通所介護】北海道上川郡和寒町字三笠6番地", "url2": "https://www.kaigokensaku.mhlw.go.jp/01/index.php?action_kouhyou_detail_004_kani=true&JigyosyoCd=0193200268-00&ServiceCd=780&Type=search" }, "geometry": { "type": "Point", "coordinates": [ 142.4084809, 44.022857 ] } },
{ "type": "Feature", "properties": { "内容": "デイサービスセンター　剣渕ひらなみ荘【地域密着型通所介護】上川郡剣淵町元町４－１", "url2": "https://www.kaigokensaku.mhlw.go.jp/01/index.php?action_kouhyou_detail_004_kani=true&JigyosyoCd=0173200197-00&ServiceCd=780&Type=search" }, "geometry": { "type": "Point", "coordinates": [ 142.369917200000032, 44.0972466 ] } },
{ "type": "Feature", "properties": { "内容": "通所介護事業所美深町老人デイサービスセンターふれあい【地域密着型通所介護】北海道中川郡美深町字敷島９１番地", "url2": "https://www.kaigokensaku.mhlw.go.jp/01/index.php?action_kouhyou_detail_004_kani=true&JigyosyoCd=0173200759-00&ServiceCd=780&Type=search" }, "geometry": { "type": "Point", "coordinates": [ 142.340130499999987, 44.4888083 ] } },
{ "type": "Feature", "properties": { "内容": "音威子府村デイサービスセンター【地域密着型通所介護】北海道中川郡音威子府村字音威子府509番地88音威子府村福祉交流拠点地域複合施設ときわ", "url2": "https://www.kaigokensaku.mhlw.go.jp/01/index.php?action_kouhyou_detail_004_kani=true&JigyosyoCd=0173200296-00&ServiceCd=780&Type=search" }, "geometry": { "type": "Point", "coordinates": [ 142.26061365177236, 44.728376372362327 ] } },
{ "type": "Feature", "properties": { "内容": "中川町社協デイサービスセンター【地域密着型通所介護】北海道中川郡中川町字中川337番地中川町総合保健福祉センター「ぬくもり」", "url2": "https://www.kaigokensaku.mhlw.go.jp/01/index.php?action_kouhyou_detail_004_kani=true&JigyosyoCd=0173200312-00&ServiceCd=780&Type=search" }, "geometry": { "type": "Point", "coordinates": [ 142.071341, 44.8116236 ] } },
{ "type": "Feature", "properties": { "内容": "幌加内町高齢者生活福祉センターデイサービス部門【地域密着型通所介護】北海道雨竜郡幌加内町字親和4956番地3", "url2": "https://www.kaigokensaku.mhlw.go.jp/01/index.php?action_kouhyou_detail_004_kani=true&JigyosyoCd=0177400215-00&ServiceCd=780&Type=search" }, "geometry": { "type": "Point", "coordinates": [ 142.154888799999981, 44.007276699999984 ] } },
{ "type": "Feature", "properties": { "内容": "地域密着型苫前町デイサービスセンター【地域密着型通所介護】北海道苫前郡苫前町字旭105-7", "url2": "https://www.kaigokensaku.mhlw.go.jp/01/index.php?action_kouhyou_detail_004_kani=true&JigyosyoCd=0196400154-00&ServiceCd=780&Type=search" }, "geometry": { "type": "Point", "coordinates": [ 141.659427400000027, 44.3059039 ] } },
{ "type": "Feature", "properties": { "内容": "初山別村デイサービスセンター【地域密着型通所介護】苫前郡初山別村字初山別１４９番地", "url2": "https://www.kaigokensaku.mhlw.go.jp/01/index.php?action_kouhyou_detail_004_kani=true&JigyosyoCd=0176400117-00&ServiceCd=780&Type=search" }, "geometry": { "type": "Point", "coordinates": [ 141.76928369999996, 44.533679 ] } },
{ "type": "Feature", "properties": { "内容": "デイサービスセンター友愛苑【地域密着型通所介護】北海道天塩郡遠別町字本町６丁目１番地６", "url2": "https://www.kaigokensaku.mhlw.go.jp/01/index.php?action_kouhyou_detail_004_kani=true&JigyosyoCd=0196700249-00&ServiceCd=780&Type=search" }, "geometry": { "type": "Point", "coordinates": [ 141.79587810000001, 44.7203123 ] } },
{ "type": "Feature", "properties": { "内容": "デイサービスセンターさるふつやすらぎ苑【地域密着型通所介護】北海道宗谷郡猿払村鬼志別北町７０番地", "url2": "https://www.kaigokensaku.mhlw.go.jp/01/index.php?action_kouhyou_detail_004_kani=true&JigyosyoCd=0176700011-00&ServiceCd=780&Type=search" }, "geometry": { "type": "Point", "coordinates": [ 142.120404600000029, 45.3325358 ] } },
{ "type": "Feature", "properties": { "内容": "中頓別町デイサービスセンター【地域密着型通所介護】北海道枝幸郡中頓別町字中頓別160番地9の5", "url2": "https://www.kaigokensaku.mhlw.go.jp/01/index.php?action_kouhyou_detail_004_kani=true&JigyosyoCd=0196700223-00&ServiceCd=780&Type=search" }, "geometry": { "type": "Point", "coordinates": [ 142.2859427, 44.9713253 ] } },
{ "type": "Feature", "properties": { "内容": "デイサービスセンター歌翠園【地域密着型通所介護】北海道枝幸郡枝幸町歌登桧垣町１４２番地", "url2": "https://www.kaigokensaku.mhlw.go.jp/01/index.php?action_kouhyou_detail_004_kani=true&JigyosyoCd=0176700037-00&ServiceCd=780&Type=search" }, "geometry": { "type": "Point", "coordinates": [ 142.466947, 44.8371826 ] } },
{ "type": "Feature", "properties": { "内容": "社会福祉法人礼文福祉会指定デイサービスセンター礼宝園【地域密着型通所介護】北海道礼文郡礼文町大字香深村字カフカイ766番地の3", "url2": "https://www.kaigokensaku.mhlw.go.jp/01/index.php?action_kouhyou_detail_004_kani=true&JigyosyoCd=0176700128-00&ServiceCd=780&Type=search" }, "geometry": { "type": "Point", "coordinates": [ 141.041481299999987, 45.3415928 ] } },
{ "type": "Feature", "properties": { "内容": "利尻町特別養護老人ホームほのぼの荘【地域密着型通所介護】北海道利尻郡利尻町仙法志字政泊９１番地１", "url2": "https://www.kaigokensaku.mhlw.go.jp/01/index.php?action_kouhyou_detail_004_kani=true&JigyosyoCd=0176700243-00&ServiceCd=780&Type=search" }, "geometry": { "type": "Point", "coordinates": [ 141.212678099999948, 45.1137622 ] } },
{ "type": "Feature", "properties": { "内容": "利尻町高齢者生活福祉センター「希望」【地域密着型通所介護】北海道利尻郡利尻町沓形字緑町９番地２", "url2": "https://www.kaigokensaku.mhlw.go.jp/01/index.php?action_kouhyou_detail_004_kani=true&JigyosyoCd=0176700375-00&ServiceCd=780&Type=search" }, "geometry": { "type": "Point", "coordinates": [ 141.138357700000029, 45.1861934 ] } },
{ "type": "Feature", "properties": { "内容": "利尻富士町デイサービスセンター【地域密着型通所介護】利尻郡利尻富士町鬼脇字鬼脇205番地１", "url2": "https://www.kaigokensaku.mhlw.go.jp/01/index.php?action_kouhyou_detail_004_kani=true&JigyosyoCd=0176700250-00&ServiceCd=780&Type=search" }, "geometry": { "type": "Point", "coordinates": [ 141.30468350000001, 45.1319818 ] } },
{ "type": "Feature", "properties": { "内容": "ディサービスセンターみんと美幌【地域密着型通所介護】北海道美幌町日の出１丁目２番４", "url2": "https://www.kaigokensaku.mhlw.go.jp/01/index.php?action_kouhyou_detail_004_kani=true&JigyosyoCd=0175200211-00&ServiceCd=780&Type=search" }, "geometry": { "type": "Point", "coordinates": [ 144.119205144496931, 43.824143120463319 ] } },
{ "type": "Feature", "properties": { "内容": "LIFE　REHABILITATION　希望のつぼみ美幌【地域密着型通所介護】北海道網走郡美幌町大通北4丁目19番4号", "url2": "https://www.kaigokensaku.mhlw.go.jp/01/index.php?action_kouhyou_detail_004_kani=true&JigyosyoCd=0195200084-00&ServiceCd=780&Type=search" }, "geometry": { "type": "Point", "coordinates": [ 144.104541599999948, 43.8269759 ] } },
{ "type": "Feature", "properties": { "内容": "デイサービス　なごみの家【地域密着型通所介護】北海道斜里郡斜里町港町8番地3", "url2": "https://www.kaigokensaku.mhlw.go.jp/01/index.php?action_kouhyou_detail_004_kani=true&JigyosyoCd=0175300623-00&ServiceCd=780&Type=search" }, "geometry": { "type": "Point", "coordinates": [ 144.662902799999983, 43.9143068 ] } },
{ "type": "Feature", "properties": { "内容": "デイサービスセンターひまわり【地域密着型通所介護】北海道斜里郡斜里町新光町32-3", "url2": "https://www.kaigokensaku.mhlw.go.jp/01/index.php?action_kouhyou_detail_004_kani=true&JigyosyoCd=0175300615-00&ServiceCd=780&Type=search" }, "geometry": { "type": "Point", "coordinates": [ 144.651745500000061, 43.9034715 ] } },
{ "type": "Feature", "properties": { "内容": "社会福祉法人斜里町社会福祉協議会ウトロデイサービスセンター【地域密着型通所介護】北海道斜里郡斜里町ウトロ香川１", "url2": "https://www.kaigokensaku.mhlw.go.jp/01/index.php?action_kouhyou_detail_004_kani=true&JigyosyoCd=0175300375-00&ServiceCd=780&Type=search" }, "geometry": { "type": "Point", "coordinates": [ 144.99659029999998, 44.0698758 ] } },
{ "type": "Feature", "properties": { "内容": "社会福祉法人斜里町社会福祉協議会　斜里デイサービスセンター【地域密着型通所介護】北海道斜里郡斜里町青葉町４０番地１", "url2": "https://www.kaigokensaku.mhlw.go.jp/01/index.php?action_kouhyou_detail_004_kani=true&JigyosyoCd=0175300383-00&ServiceCd=780&Type=search" }, "geometry": { "type": "Point", "coordinates": [ 144.661902899999973, 43.9048937 ] } },
{ "type": "Feature", "properties": { "内容": "デイサービスセンター清楽園【地域密着型通所介護】北海道斜里郡清里町水元町３８番地４", "url2": "https://www.kaigokensaku.mhlw.go.jp/01/index.php?action_kouhyou_detail_004_kani=true&JigyosyoCd=0175300110-00&ServiceCd=780&Type=search" }, "geometry": { "type": "Point", "coordinates": [ 144.586332099999936, 43.8399124 ] } },
{ "type": "Feature", "properties": { "内容": "もりの風ポプラ【地域密着型通所介護】北海道常呂郡訓子府町若葉町75番地1もりの風", "url2": "https://www.kaigokensaku.mhlw.go.jp/01/index.php?action_kouhyou_detail_004_kani=true&JigyosyoCd=0195003165-00&ServiceCd=780&Type=search" }, "geometry": { "type": "Point", "coordinates": [ 143.7326362, 43.7311542 ] } },
{ "type": "Feature", "properties": { "内容": "置戸町社会福祉協議会通所介護事業所【地域密着型通所介護】北海道常呂郡置戸町字置戸２４６番地の３置戸町地域福祉センター内", "url2": "https://www.kaigokensaku.mhlw.go.jp/01/index.php?action_kouhyou_detail_004_kani=true&JigyosyoCd=0175012194-00&ServiceCd=780&Type=search" }, "geometry": { "type": "Point", "coordinates": [ 143.593696499999965, 43.6780975 ] } },
{ "type": "Feature", "properties": { "内容": "デイサービスセンター（地域密着）　夢ふうせんさろま【地域密着型通所介護】北海道常呂郡佐呂間町字北３０２番地の１０", "url2": "https://www.kaigokensaku.mhlw.go.jp/01/index.php?action_kouhyou_detail_004_kani=true&JigyosyoCd=0175400639-00&ServiceCd=780&Type=search" }, "geometry": { "type": "Point", "coordinates": [ 143.767619599336285, 44.025355426963664 ] } },
{ "type": "Feature", "properties": { "内容": "デイサービス　遊らいふ【地域密着型通所介護】北海道紋別郡遠軽町大通北5丁目1-14", "url2": "https://www.kaigokensaku.mhlw.go.jp/01/index.php?action_kouhyou_detail_004_kani=true&JigyosyoCd=0195400205-00&ServiceCd=780&Type=search" }, "geometry": { "type": "Point", "coordinates": [ 143.5268524, 44.0665667 ] } },
{ "type": "Feature", "properties": { "内容": "遠軽町社協デイサービスのびやか2条通【地域密着型通所介護】紋別郡遠軽町２条通南1丁目7番地6", "url2": "https://www.kaigokensaku.mhlw.go.jp/01/index.php?action_kouhyou_detail_004_kani=true&JigyosyoCd=0175400464-00&ServiceCd=780&Type=search" }, "geometry": { "type": "Point", "coordinates": [ 143.527553, 44.0565038 ] } },
{ "type": "Feature", "properties": { "内容": "丸瀬布デイサービスセンター【地域密着型通所介護】北海道紋別郡遠軽町丸瀬布新町274番地1", "url2": "https://www.kaigokensaku.mhlw.go.jp/01/index.php?action_kouhyou_detail_004_kani=true&JigyosyoCd=0175400142-00&ServiceCd=780&Type=search" }, "geometry": { "type": "Point", "coordinates": [ 143.336200700000063, 43.998043800000019 ] } },
{ "type": "Feature", "properties": { "内容": "遠軽町社協デイサービスセンターほのぼの白滝【地域密着型通所介護】北海道紋別郡遠軽町白滝376番地遠軽町白滝高齢者総合生活福祉センター", "url2": "https://www.kaigokensaku.mhlw.go.jp/01/index.php?action_kouhyou_detail_004_kani=true&JigyosyoCd=0175400423-00&ServiceCd=780&Type=search" }, "geometry": { "type": "Point", "coordinates": [ 143.1660574, 43.8745188 ] } },
{ "type": "Feature", "properties": { "内容": "老人ディサービスにじいろ【地域密着型通所介護】北海道紋別郡遠軽町一条通南1丁目5番地7", "url2": "https://www.kaigokensaku.mhlw.go.jp/01/index.php?action_kouhyou_detail_004_kani=true&JigyosyoCd=0195400155-00&ServiceCd=780&Type=search" }, "geometry": { "type": "Point", "coordinates": [ 143.5247914, 44.0556643 ] } },
{ "type": "Feature", "properties": { "内容": "リハビリ型デイサービスつなぐ遠軽店【地域密着型通所介護】北海道紋別郡遠軽町西町2丁目6番地114", "url2": "https://www.kaigokensaku.mhlw.go.jp/01/index.php?action_kouhyou_detail_004_kani=true&JigyosyoCd=0195400163-00&ServiceCd=780&Type=search" }, "geometry": { "type": "Point", "coordinates": [ 143.5125823, 44.053537499999983 ] } },
{ "type": "Feature", "properties": { "内容": "湧別町高齢者生活福祉センター【地域密着型通所介護】北海道紋別郡湧別町東41番地の11", "url2": "https://www.kaigokensaku.mhlw.go.jp/01/index.php?action_kouhyou_detail_004_kani=true&JigyosyoCd=0195400072-00&ServiceCd=780&Type=search" }, "geometry": { "type": "Point", "coordinates": [ 143.62241327354127, 44.216935718801558 ] } },
{ "type": "Feature", "properties": { "内容": "社会福祉法人上湧別福祉会　老人デイサービスセンター【地域密着型通所介護】北海道紋別郡湧別町上湧別屯田市街地335番地2", "url2": "https://www.kaigokensaku.mhlw.go.jp/01/index.php?action_kouhyou_detail_004_kani=true&JigyosyoCd=0195400056-00&ServiceCd=780&Type=search" }, "geometry": { "type": "Point", "coordinates": [ 143.574957899999987, 44.1536227 ] } },
{ "type": "Feature", "properties": { "内容": "ディサービス絆【地域密着型通所介護】紋別郡湧別町中湧別東町989-16", "url2": "https://www.kaigokensaku.mhlw.go.jp/01/index.php?action_kouhyou_detail_004_kani=true&JigyosyoCd=0175400498-00&ServiceCd=780&Type=search" }, "geometry": { "type": "Point", "coordinates": [ 143.597232100000042, 44.1814071 ] } },
{ "type": "Feature", "properties": { "内容": "リハビリ型デイサービスつなぐ【地域密着型通所介護】北海道紋別郡湧別町中湧別北町127番地の1", "url2": "https://www.kaigokensaku.mhlw.go.jp/01/index.php?action_kouhyou_detail_004_kani=true&JigyosyoCd=0195400122-00&ServiceCd=780&Type=search" }, "geometry": { "type": "Point", "coordinates": [ 143.595445899999987, 44.1900193 ] } },
{ "type": "Feature", "properties": { "内容": "湧別町高齢者生活福祉センター【地域密着型通所介護】紋別郡湧別町東41番地の11", "url2": "https://www.kaigokensaku.mhlw.go.jp/01/index.php?action_kouhyou_detail_004_kani=true&JigyosyoCd=0195400171-00&ServiceCd=780&Type=search" }, "geometry": { "type": "Point", "coordinates": [ 143.622723909786998, 44.216979803915159 ] } },
{ "type": "Feature", "properties": { "内容": "社会福祉法人湧別福祉会　上湧別老人デイサービスセンター【地域密着型通所介護】北海道紋別郡湧別町上湧別屯田市街地335番地1", "url2": "https://www.kaigokensaku.mhlw.go.jp/01/index.php?action_kouhyou_detail_004_kani=true&JigyosyoCd=0195400197-00&ServiceCd=780&Type=search" }, "geometry": { "type": "Point", "coordinates": [ 143.5749607, 44.1536334 ] } },
{ "type": "Feature", "properties": { "内容": "デイサービスらん【地域密着型通所介護】北海道紋別郡湧別町上湧別屯田市街地92番地の１", "url2": "https://www.kaigokensaku.mhlw.go.jp/01/index.php?action_kouhyou_detail_004_kani=true&JigyosyoCd=0195400106-00&ServiceCd=780&Type=search" }, "geometry": { "type": "Point", "coordinates": [ 143.569858, 44.1484041 ] } },
{ "type": "Feature", "properties": { "内容": "在宅老人デイサービスセンター東藻琴福寿苑【地域密着型通所介護】北海道網走郡大空町東藻琴３８７番地８なし", "url2": "https://www.kaigokensaku.mhlw.go.jp/01/index.php?action_kouhyou_detail_004_kani=true&JigyosyoCd=0175300094-00&ServiceCd=780&Type=search" }, "geometry": { "type": "Point", "coordinates": [ 144.291438400000061, 43.8408378 ] } },
{ "type": "Feature", "properties": { "内容": "デイサービスセンター　幸豊ハイツ【地域密着型通所介護】北海道虻田郡豊浦町字大岸１５１－２", "url2": "https://www.kaigokensaku.mhlw.go.jp/01/index.php?action_kouhyou_detail_004_kani=true&JigyosyoCd=0173700113-00&ServiceCd=780&Type=search" }, "geometry": { "type": "Point", "coordinates": [ 140.63653869999996, 42.588858 ] } },
{ "type": "Feature", "properties": { "内容": "豊浦町老人デイサービスセンター【地域密着型通所介護】虻田郡豊浦町字東雲町16番地1", "url2": "https://www.kaigokensaku.mhlw.go.jp/01/index.php?action_kouhyou_detail_004_kani=true&JigyosyoCd=0173700022-00&ServiceCd=780&Type=search" }, "geometry": { "type": "Point", "coordinates": [ 140.715848300000061, 42.5831807 ] } },
{ "type": "Feature", "properties": { "内容": "デイサービスセンターふれあい広場【地域密着型通所介護】北海道有珠郡壮瞥町字滝之町287番地8", "url2": "https://www.kaigokensaku.mhlw.go.jp/01/index.php?action_kouhyou_detail_004_kani=true&JigyosyoCd=0173700154-00&ServiceCd=780&Type=search" }, "geometry": { "type": "Point", "coordinates": [ 140.890094399999953, 42.5531167 ] } },
{ "type": "Feature", "properties": { "内容": "デイサービス陽だまり【地域密着型通所介護】北海道白老町字石山41-88", "url2": "https://www.kaigokensaku.mhlw.go.jp/01/index.php?action_kouhyou_detail_004_kani=true&JigyosyoCd=0193600806-00&ServiceCd=780&Type=search" }, "geometry": { "type": "Point", "coordinates": [ 141.3027466, 42.5386171 ] } },
{ "type": "Feature", "properties": { "内容": "あつまデイサービスセンター【地域密着型通所介護】北海道勇払郡厚真町新町116－3", "url2": "https://www.kaigokensaku.mhlw.go.jp/01/index.php?action_kouhyou_detail_004_kani=true&JigyosyoCd=0173600172-00&ServiceCd=780&Type=search" }, "geometry": { "type": "Point", "coordinates": [ 141.881594362965387, 42.721001178255264 ] } },
{ "type": "Feature", "properties": { "内容": "デイサービスさくら家【地域密着型通所介護】北海道虻田郡洞爺湖町泉２１番地２０", "url2": "https://www.kaigokensaku.mhlw.go.jp/01/index.php?action_kouhyou_detail_004_kani=true&JigyosyoCd=0173700600-00&ServiceCd=780&Type=search" }, "geometry": { "type": "Point", "coordinates": [ 140.779431592373612, 42.546682205680526 ] } },
{ "type": "Feature", "properties": { "内容": "デイサービス　楽らくはうす【地域密着型通所介護】北海道勇払郡むかわ町花園２丁目７２番地", "url2": "https://www.kaigokensaku.mhlw.go.jp/01/index.php?action_kouhyou_detail_004_kani=true&JigyosyoCd=0173601543-00&ServiceCd=780&Type=search" }, "geometry": { "type": "Point", "coordinates": [ 141.933195120598157, 42.574717467882472 ] } },
{ "type": "Feature", "properties": { "内容": "宅老所日和【地域密着型通所介護】北海道勇払郡むかわ町田浦251番地6", "url2": "https://www.kaigokensaku.mhlw.go.jp/01/index.php?action_kouhyou_detail_004_kani=true&JigyosyoCd=0173600727-00&ServiceCd=780&Type=search" }, "geometry": { "type": "Point", "coordinates": [ 141.912405900000067, 42.5991282 ] } },
{ "type": "Feature", "properties": { "内容": "デイサービスセンターこすもす【地域密着型通所介護】北海道勇払郡むかわ町穂別８１番地３８", "url2": "https://www.kaigokensaku.mhlw.go.jp/01/index.php?action_kouhyou_detail_004_kani=true&JigyosyoCd=0173600180-00&ServiceCd=780&Type=search" }, "geometry": { "type": "Point", "coordinates": [ 142.137672800000018, 42.7663054 ] } },
{ "type": "Feature", "properties": { "内容": "デイサービスセンターGRACE門別事業所【地域密着型通所介護】北海道沙流郡日高町富川東５丁目21-2", "url2": "https://www.kaigokensaku.mhlw.go.jp/01/index.php?action_kouhyou_detail_004_kani=true&JigyosyoCd=0193800208-00&ServiceCd=780&Type=search" }, "geometry": { "type": "Point", "coordinates": [ 142.040156519541, 42.505483993690682 ] } },
{ "type": "Feature", "properties": { "内容": "デイサービス富川グロリアホーム【地域密着型通所介護】北海道沙流郡日高町富川南４丁目２番４９号富川グロリアホーム", "url2": "https://www.kaigokensaku.mhlw.go.jp/01/index.php?action_kouhyou_detail_004_kani=true&JigyosyoCd=0193800133-00&ServiceCd=780&Type=search" }, "geometry": { "type": "Point", "coordinates": [ 142.0230982, 42.5173646 ] } },
{ "type": "Feature", "properties": { "内容": "日高町立日高デイサービスセンター【地域密着型通所介護】北海道沙流郡日高町栄町東1丁目303番地の12", "url2": "https://www.kaigokensaku.mhlw.go.jp/01/index.php?action_kouhyou_detail_004_kani=true&JigyosyoCd=0173800657-00&ServiceCd=780&Type=search" }, "geometry": { "type": "Point", "coordinates": [ 142.440418499999964, 42.8790478 ] } },
{ "type": "Feature", "properties": { "内容": "勤医協厚賀デイサービス【地域密着型通所介護】北海道沙流郡日高町字厚賀町109勤医協厚賀診療所２階", "url2": "https://www.kaigokensaku.mhlw.go.jp/01/index.php?action_kouhyou_detail_004_kani=true&JigyosyoCd=0193800224-00&ServiceCd=780&Type=search" }, "geometry": { "type": "Point", "coordinates": [ 142.223155948965399, 42.425375919379697 ] } },
{ "type": "Feature", "properties": { "内容": "デイサービスあじさい【地域密着型通所介護】北海道沙流郡日高町字緑町41番地58", "url2": "https://www.kaigokensaku.mhlw.go.jp/01/index.php?action_kouhyou_detail_004_kani=true&JigyosyoCd=0193800141-00&ServiceCd=780&Type=search" }, "geometry": { "type": "Point", "coordinates": [ 142.066497900000059, 42.4868754 ] } },
{ "type": "Feature", "properties": { "内容": "新冠町デイサービスセンター【地域密着型通所介護】北海道新冠郡新冠町字中央町5番地37新冠町デイサービスセンター", "url2": "https://www.kaigokensaku.mhlw.go.jp/01/index.php?action_kouhyou_detail_004_kani=true&JigyosyoCd=0173800384-00&ServiceCd=780&Type=search" }, "geometry": { "type": "Point", "coordinates": [ 142.313933277215597, 42.362758273273457 ] } },
{ "type": "Feature", "properties": { "内容": "勤医協浦河デイサービスゆらり【地域密着型通所介護】北海道浦河郡浦河町築地2丁目1番2号", "url2": "https://www.kaigokensaku.mhlw.go.jp/01/index.php?action_kouhyou_detail_004_kani=true&JigyosyoCd=0193800216-00&ServiceCd=780&Type=search" }, "geometry": { "type": "Point", "coordinates": [ 142.767582899999979, 42.1697679 ] } },
{ "type": "Feature", "properties": { "内容": "デイサービスセンターさくら草【地域密着型通所介護】北海道日高郡新ひだか町静内柏台２３ー１3", "url2": "https://www.kaigokensaku.mhlw.go.jp/01/index.php?action_kouhyou_detail_004_kani=true&JigyosyoCd=0173800939-00&ServiceCd=780&Type=search" }, "geometry": { "type": "Point", "coordinates": [ 142.365929300000062, 42.3463584 ] } },
{ "type": "Feature", "properties": { "内容": "特定非営利活動法人なずな【地域密着型通所介護】北海道日高郡新ひだか町静内吉野町２-２-２６", "url2": "https://www.kaigokensaku.mhlw.go.jp/01/index.php?action_kouhyou_detail_004_kani=true&JigyosyoCd=0173800780-00&ServiceCd=780&Type=search" }, "geometry": { "type": "Point", "coordinates": [ 142.366888099999983, 42.3376842 ] } },
{ "type": "Feature", "properties": { "内容": "茶話本舗デイサービスあんたくひびき野【地域密着型通所介護】北海道河東郡音更町ひびき野東町１丁目５－２９", "url2": "https://www.kaigokensaku.mhlw.go.jp/01/index.php?action_kouhyou_detail_004_kani=true&JigyosyoCd=0194700597-00&ServiceCd=780&Type=search" }, "geometry": { "type": "Point", "coordinates": [ 143.222913, 42.9418511 ] } },
{ "type": "Feature", "properties": { "内容": "フィジカルデイおとふけ【地域密着型通所介護】北海道河東郡音更町木野大通東6丁目6番地19", "url2": "https://www.kaigokensaku.mhlw.go.jp/01/index.php?action_kouhyou_detail_004_kani=true&JigyosyoCd=0174701615-00&ServiceCd=780&Type=search" }, "geometry": { "type": "Point", "coordinates": [ 143.207728096295142, 42.947615520110475 ] } },
{ "type": "Feature", "properties": { "内容": "デイサービスセンターくろーばー【地域密着型通所介護】北海道河東郡音更町宝来東町南2丁目11番地11サービス付き高齢者向け住宅くろーばー宝来", "url2": "https://www.kaigokensaku.mhlw.go.jp/01/index.php?action_kouhyou_detail_004_kani=true&JigyosyoCd=0174701466-00&ServiceCd=780&Type=search" }, "geometry": { "type": "Point", "coordinates": [ 143.21999930000004, 42.943820199999983 ] } },
{ "type": "Feature", "properties": { "内容": "デイサービスあんたく【地域密着型通所介護】北海道河東郡音更町ひびき野東町1丁目5番地29", "url2": "https://www.kaigokensaku.mhlw.go.jp/01/index.php?action_kouhyou_detail_004_kani=true&JigyosyoCd=0194700670-00&ServiceCd=780&Type=search" }, "geometry": { "type": "Point", "coordinates": [ 143.223029153581251, 42.941839740023802 ] } },
{ "type": "Feature", "properties": { "内容": "リハビリ特化型デイサービス　カラダラボ音更【地域密着型通所介護】北海道河東郡音更町木野大通東6丁目1-21", "url2": "https://www.kaigokensaku.mhlw.go.jp/01/index.php?action_kouhyou_detail_004_kani=true&JigyosyoCd=0194700860-00&ServiceCd=780&Type=search" }, "geometry": { "type": "Point", "coordinates": [ 143.2050149, 42.9476871 ] } },
{ "type": "Feature", "properties": { "内容": "デイ・フィオーレ中鈴蘭【地域密着型通所介護】北海道河東郡音更町中鈴蘭南2丁目3番地", "url2": "https://www.kaigokensaku.mhlw.go.jp/01/index.php?action_kouhyou_detail_004_kani=true&JigyosyoCd=0194700761-00&ServiceCd=780&Type=search" }, "geometry": { "type": "Point", "coordinates": [ 143.194771, 42.952565 ] } },
{ "type": "Feature", "properties": { "内容": "日帰りサービスセンターやすらぎ荘たんぽぽ【地域密着型通所介護】北海道上川群新得町西２条南２丁目１２番地", "url2": "https://www.kaigokensaku.mhlw.go.jp/01/index.php?action_kouhyou_detail_004_kani=true&JigyosyoCd=0174701623-00&ServiceCd=780&Type=search" }, "geometry": { "type": "Point", "coordinates": [ 142.827910510204276, 43.08007565531404 ] } },
{ "type": "Feature", "properties": { "内容": "地域密着型デイサービスきらり【地域密着型通所介護】北海道上川郡新得町屈足旭町２丁目８８地域密着型デイサービスきらり", "url2": "https://www.kaigokensaku.mhlw.go.jp/01/index.php?action_kouhyou_detail_004_kani=true&JigyosyoCd=0194700571-00&ServiceCd=780&Type=search" }, "geometry": { "type": "Point", "coordinates": [ 142.9064171, 43.099088 ] } },
{ "type": "Feature", "properties": { "内容": "特定非営利活動法人　地域福祉支援センターちいさな手のたまて箱【地域密着型通所介護】北海道上川郡新得町字新得西３線５０番地", "url2": "https://www.kaigokensaku.mhlw.go.jp/01/index.php?action_kouhyou_detail_004_kani=true&JigyosyoCd=0194700563-00&ServiceCd=780&Type=search" }, "geometry": { "type": "Point", "coordinates": [ 142.810388800000027, 43.0775151 ] } },
{ "type": "Feature", "properties": { "内容": "日帰りサービスセンターやすらぎ荘【地域密着型通所介護】北海道上川郡新得町西3条北1丁目", "url2": "https://www.kaigokensaku.mhlw.go.jp/01/index.php?action_kouhyou_detail_004_kani=true&JigyosyoCd=0194700779-00&ServiceCd=780&Type=search" }, "geometry": { "type": "Point", "coordinates": [ 142.825131925933846, 43.081066497703112 ] } },
{ "type": "Feature", "properties": { "内容": "老人デイサービスセンター中札内恵津美ハイツ【地域密着型通所介護】北海道河西郡中札内村西２条南４丁目１１番地５", "url2": "https://www.kaigokensaku.mhlw.go.jp/01/index.php?action_kouhyou_detail_004_kani=true&JigyosyoCd=0174700203-00&ServiceCd=780&Type=search" }, "geometry": { "type": "Point", "coordinates": [ 143.127423499999963, 42.6966273 ] } },
{ "type": "Feature", "properties": { "内容": "通所介護事業所コムニの里さらべつ【地域密着型通所介護】北海道河西郡更別村字更別１９０番地１老人保健福祉センター内", "url2": "https://www.kaigokensaku.mhlw.go.jp/01/index.php?action_kouhyou_detail_004_kani=true&JigyosyoCd=0174701250-00&ServiceCd=780&Type=search" }, "geometry": { "type": "Point", "coordinates": [ 143.193371100000036, 42.6470625 ] } },
{ "type": "Feature", "properties": { "内容": "「ひなたぼっこ」くらぶ【地域密着型通所介護】北海道広尾郡大樹町緑町22番地97", "url2": "https://www.kaigokensaku.mhlw.go.jp/01/index.php?action_kouhyou_detail_004_kani=true&JigyosyoCd=0174700724-00&ServiceCd=780&Type=search" }, "geometry": { "type": "Point", "coordinates": [ 143.270731699999942, 42.4899684 ] } },
{ "type": "Feature", "properties": { "内容": "デイサービスとうじ場北札内【地域密着型通所介護】北海道中川郡幕別町札内新北町77-32", "url2": "https://www.kaigokensaku.mhlw.go.jp/01/index.php?action_kouhyou_detail_004_kani=true&JigyosyoCd=0174700880-00&ServiceCd=780&Type=search" }, "geometry": { "type": "Point", "coordinates": [ 143.252599963893061, 42.920201846377267 ] } },
{ "type": "Feature", "properties": { "内容": "デイサービスあんたく札内東【地域密着型通所介護】北海道中川郡幕別町札内春日町297-78", "url2": "https://www.kaigokensaku.mhlw.go.jp/01/index.php?action_kouhyou_detail_004_kani=true&JigyosyoCd=0194700696-00&ServiceCd=780&Type=search" }, "geometry": { "type": "Point", "coordinates": [ 143.2656675, 42.90916 ] } },
{ "type": "Feature", "properties": { "内容": "宅老所笑楽日和【地域密着型通所介護】北海道中川郡幕別町札内中央町４６４番地の２", "url2": "https://www.kaigokensaku.mhlw.go.jp/01/index.php?action_kouhyou_detail_004_kani=true&JigyosyoCd=0174701763-00&ServiceCd=780&Type=search" }, "geometry": { "type": "Point", "coordinates": [ 143.255784, 42.9137055 ] } },
{ "type": "Feature", "properties": { "内容": "札内寮デイサービスセンター【地域密着型通所介護】北海道中川郡幕別町字依田379番地", "url2": "https://www.kaigokensaku.mhlw.go.jp/01/index.php?action_kouhyou_detail_004_kani=true&JigyosyoCd=0194700803-00&ServiceCd=780&Type=search" }, "geometry": { "type": "Point", "coordinates": [ 143.2537408, 42.8957655 ] } },
{ "type": "Feature", "properties": { "内容": "カラダらいず【地域密着型通所介護】北海道中川郡幕別町共栄町11番地ー1カラダらいず", "url2": "https://www.kaigokensaku.mhlw.go.jp/01/index.php?action_kouhyou_detail_004_kani=true&JigyosyoCd=0174701631-00&ServiceCd=780&Type=search" }, "geometry": { "type": "Point", "coordinates": [ 143.244666483467114, 42.919602911541993 ] } },
{ "type": "Feature", "properties": { "内容": "地域の和　環【地域密着型通所介護】北海道中川郡幕別町緑町1番地の25", "url2": "https://www.kaigokensaku.mhlw.go.jp/01/index.php?action_kouhyou_detail_004_kani=true&JigyosyoCd=0174701565-00&ServiceCd=780&Type=search" }, "geometry": { "type": "Point", "coordinates": [ 143.369598099999962, 42.9057432 ] } },
{ "type": "Feature", "properties": { "内容": "忠類デイサービスセンター【地域密着型通所介護】北海道中川郡幕別町忠類白銀町３８４番地１０", "url2": "https://www.kaigokensaku.mhlw.go.jp/01/index.php?action_kouhyou_detail_004_kani=true&JigyosyoCd=0174701797-00&ServiceCd=780&Type=search" }, "geometry": { "type": "Point", "coordinates": [ 143.30093039999997, 42.5612727 ] } },
{ "type": "Feature", "properties": { "内容": "デイサービス　わらく【地域密着型通所介護】北海道中川郡幕別町札内中央町４６４番地2", "url2": "https://www.kaigokensaku.mhlw.go.jp/01/index.php?action_kouhyou_detail_004_kani=true&JigyosyoCd=0194700829-00&ServiceCd=780&Type=search" }, "geometry": { "type": "Point", "coordinates": [ 143.255556587696844, 42.913826392455761 ] } },
{ "type": "Feature", "properties": { "内容": "デイサービスももね【地域密着型通所介護】北海道中川郡幕別町札内春日町297-78", "url2": "https://www.kaigokensaku.mhlw.go.jp/01/index.php?action_kouhyou_detail_004_kani=true&JigyosyoCd=0194700753-00&ServiceCd=780&Type=search" }, "geometry": { "type": "Point", "coordinates": [ 143.2656675, 42.90916 ] } },
{ "type": "Feature", "properties": { "内容": "デイサービス虹の家【地域密着型通所介護】中川郡池田町字利別西町32番地16", "url2": "https://www.kaigokensaku.mhlw.go.jp/01/index.php?action_kouhyou_detail_004_kani=true&JigyosyoCd=0174701383-00&ServiceCd=780&Type=search" }, "geometry": { "type": "Point", "coordinates": [ 143.423284400000057, 42.9322009 ] } },
{ "type": "Feature", "properties": { "内容": "デイサービスセンターとよころ苑【地域密着型通所介護】北海道中川郡豊頃町茂岩49番地78", "url2": "https://www.kaigokensaku.mhlw.go.jp/01/index.php?action_kouhyou_detail_004_kani=true&JigyosyoCd=0174700070-00&ServiceCd=780&Type=search" }, "geometry": { "type": "Point", "coordinates": [ 143.4980498, 42.8017401 ] } },
{ "type": "Feature", "properties": { "内容": "デイサービスセンターほんべつ【地域密着型通所介護】北海道中川郡本別町北1丁目4番地23本別町老人福祉センター内", "url2": "https://www.kaigokensaku.mhlw.go.jp/01/index.php?action_kouhyou_detail_004_kani=true&JigyosyoCd=0194700647-00&ServiceCd=780&Type=search" }, "geometry": { "type": "Point", "coordinates": [ 143.609786900000017, 43.1235787 ] } },
{ "type": "Feature", "properties": { "内容": "社会福祉法人足寄町社会福祉協議会　足寄町通所事業所【地域密着型通所介護】北海道足寄郡足寄町西町9丁目2番地31", "url2": "https://www.kaigokensaku.mhlw.go.jp/01/index.php?action_kouhyou_detail_004_kani=true&JigyosyoCd=0194700605-00&ServiceCd=780&Type=search" }, "geometry": { "type": "Point", "coordinates": [ 143.54267378465579, 43.252999107800406 ] } },
{ "type": "Feature", "properties": { "内容": "陸別町デイサービスセンター【地域密着型通所介護】北海道足寄郡陸別町字陸別原野基線３２１番地の５", "url2": "https://www.kaigokensaku.mhlw.go.jp/01/index.php?action_kouhyou_detail_004_kani=true&JigyosyoCd=0174700278-00&ServiceCd=780&Type=search" }, "geometry": { "type": "Point", "coordinates": [ 143.747654, 43.4650062 ] } },
{ "type": "Feature", "properties": { "内容": "デイサービスはなしのぶ【地域密着型通所介護】北海道釧路郡釧路町別保９丁目２８番地", "url2": "https://www.kaigokensaku.mhlw.go.jp/01/index.php?action_kouhyou_detail_004_kani=true&JigyosyoCd=0174300566-00&ServiceCd=780&Type=search" }, "geometry": { "type": "Point", "coordinates": [ 144.478431300000011, 42.988727 ] } },
{ "type": "Feature", "properties": { "内容": "デイサービス　グランママ【地域密着型通所介護】北海道釧路郡釧路町北見団地１－３８－１", "url2": "https://www.kaigokensaku.mhlw.go.jp/01/index.php?action_kouhyou_detail_004_kani=true&JigyosyoCd=0174300541-00&ServiceCd=780&Type=search" }, "geometry": { "type": "Point", "coordinates": [ 144.403917542327889, 42.998043842484407 ] } },
{ "type": "Feature", "properties": { "内容": "昴宿かつらぎデイサービスセンター【地域密着型通所介護】釧路郡釧路町桂木5丁目17番地", "url2": "https://www.kaigokensaku.mhlw.go.jp/01/index.php?action_kouhyou_detail_004_kani=true&JigyosyoCd=0174300772-00&ServiceCd=780&Type=search" }, "geometry": { "type": "Point", "coordinates": [ 144.406217199999958, 43.0117779 ] } },
{ "type": "Feature", "properties": { "内容": "デイサービスこすもす【地域密着型通所介護】北海道川上郡標茶町平和3丁目46番地", "url2": "https://www.kaigokensaku.mhlw.go.jp/01/index.php?action_kouhyou_detail_004_kani=true&JigyosyoCd=0174300848-00&ServiceCd=780&Type=search" }, "geometry": { "type": "Point", "coordinates": [ 144.61104720000003, 43.3019823 ] } },
{ "type": "Feature", "properties": { "内容": "デイサービスつどい【地域密着型通所介護】北海道川上郡標茶町旭2丁目4番19号", "url2": "https://www.kaigokensaku.mhlw.go.jp/01/index.php?action_kouhyou_detail_004_kani=true&JigyosyoCd=0174300442-00&ServiceCd=780&Type=search" }, "geometry": { "type": "Point", "coordinates": [ 144.604428877529614, 43.300230734917385 ] } },
{ "type": "Feature", "properties": { "内容": "デイサービス「ケアー・サポートまつやま」【地域密着型通所介護】北海道川上郡弟子屈町川湯温泉1丁目3番6号", "url2": "https://www.kaigokensaku.mhlw.go.jp/01/index.php?action_kouhyou_detail_004_kani=true&JigyosyoCd=0174300665-00&ServiceCd=780&Type=search" }, "geometry": { "type": "Point", "coordinates": [ 144.437897300000031, 43.6359519 ] } },
{ "type": "Feature", "properties": { "内容": "白糠町社会福祉協議会通所介護事業所　ケアホーム春風【地域密着型通所介護】北海道白糠郡白糠町庶路宮下５丁目３番地２３", "url2": "https://www.kaigokensaku.mhlw.go.jp/01/index.php?action_kouhyou_detail_004_kani=true&JigyosyoCd=0194300083-00&ServiceCd=780&Type=search" }, "geometry": { "type": "Point", "coordinates": [ 144.149934704923368, 42.98836017724669 ] } },
{ "type": "Feature", "properties": { "内容": "デイホーム笑楽【地域密着型通所介護】野付郡別海町別海川上町57番地", "url2": "https://www.kaigokensaku.mhlw.go.jp/01/index.php?action_kouhyou_detail_004_kani=true&JigyosyoCd=0174200279-00&ServiceCd=780&Type=search" }, "geometry": { "type": "Point", "coordinates": [ 145.118718506884761, 43.383355278235456 ] } },
{ "type": "Feature", "properties": { "内容": "西春別デイサービスすずらん【地域密着型通所介護】北海道野付郡別海町西春別81番23", "url2": "https://www.kaigokensaku.mhlw.go.jp/01/index.php?action_kouhyou_detail_004_kani=true&JigyosyoCd=0174200204-00&ServiceCd=780&Type=search" }, "geometry": { "type": "Point", "coordinates": [ 144.756002, 43.4098348 ] } },
{ "type": "Feature", "properties": { "内容": "こども広場ひかり【地域密着型通所介護】北海道野付郡別海町別海２２０番地の１９", "url2": "https://www.kaigokensaku.mhlw.go.jp/01/index.php?action_kouhyou_detail_004_kani=true&JigyosyoCd=0194200234-00&ServiceCd=780&Type=search" }, "geometry": { "type": "Point", "coordinates": [ 145.136842442327861, 43.38590361155233 ] } },
{ "type": "Feature", "properties": { "内容": "デイサービスセンターほたる【地域密着型通所介護】北海道標津郡中標津町東２条南４丁目１番地3", "url2": "https://www.kaigokensaku.mhlw.go.jp/01/index.php?action_kouhyou_detail_004_kani=true&JigyosyoCd=0174200592-00&ServiceCd=780&Type=search" }, "geometry": { "type": "Point", "coordinates": [ 144.977853507827035, 43.547206795089693 ] } },
{ "type": "Feature", "properties": { "内容": "デイサービスセンターファイン【地域密着型通所介護】北海道標津郡中標津町東２条南４丁目１番地３", "url2": "https://www.kaigokensaku.mhlw.go.jp/01/index.php?action_kouhyou_detail_004_kani=true&JigyosyoCd=0194200192-00&ServiceCd=780&Type=search" }, "geometry": { "type": "Point", "coordinates": [ 144.9775247, 43.5472518 ] } },
{ "type": "Feature", "properties": { "内容": "デイサービスセンター白樺並木【地域密着型通所介護】北海道標津郡中標津町東８条南１丁目１番地１", "url2": "https://www.kaigokensaku.mhlw.go.jp/01/index.php?action_kouhyou_detail_004_kani=true&JigyosyoCd=0174200311-00&ServiceCd=780&Type=search" }, "geometry": { "type": "Point", "coordinates": [ 144.980405390461442, 43.552610370867136 ] } }
]
}
