{
"type": "FeatureCollection",
"name": "geo_01_訪問介護",
"crs": { "type": "name", "properties": { "name": "urn:ogc:def:crs:OGC:1.3:CRS84" } },
"features": [
{ "type": "Feature", "properties": { "内容": "訪問介護事業所　心輪【訪問介護】札幌市中央区南14条西1丁目2-22", "url2": "https://www.kaigokensaku.mhlw.go.jp/01/index.php?action_kouhyou_detail_004_kani=true&JigyosyoCd=0170101950-00&ServiceCd=110&Type=search" }, "geometry": { "type": "Point", "coordinates": [ 141.356799499999966, 43.0419205 ] } },
{ "type": "Feature", "properties": { "内容": "サクラ・ダ・ファミリア【訪問介護】北海道札幌市中央区南六条西１２丁目７６１番５サクラ・ダ・ファミリア南６条館", "url2": "https://www.kaigokensaku.mhlw.go.jp/01/index.php?action_kouhyou_detail_004_kani=true&JigyosyoCd=0170102511-00&ServiceCd=110&Type=search" }, "geometry": { "type": "Point", "coordinates": [ 141.339769899999965, 43.0514717 ] } },
{ "type": "Feature", "properties": { "内容": "居宅サービス事業所愛隣ハートケア【訪問介護】北海道札幌市中央区南14条西13丁目3-11-105", "url2": "https://www.kaigokensaku.mhlw.go.jp/01/index.php?action_kouhyou_detail_004_kani=true&JigyosyoCd=0170104210-00&ServiceCd=110&Type=search" }, "geometry": { "type": "Point", "coordinates": [ 141.33964560000004, 43.0401786 ] } },
{ "type": "Feature", "properties": { "内容": "ハルミ大空介護センター円山【訪問介護】北海道札幌市中央区円山西町10丁目2－3スプリングヒル札幌", "url2": "https://www.kaigokensaku.mhlw.go.jp/01/index.php?action_kouhyou_detail_004_kani=true&JigyosyoCd=0170103667-00&ServiceCd=110&Type=search" }, "geometry": { "type": "Point", "coordinates": [ 141.309048, 43.0469767 ] } },
{ "type": "Feature", "properties": { "内容": "ヘルパーステーション　セラス【訪問介護】北海道札幌市中央区南五条東3丁目14－7ー4Fダイヤモンドビル", "url2": "https://www.kaigokensaku.mhlw.go.jp/01/index.php?action_kouhyou_detail_004_kani=true&JigyosyoCd=0170105357-00&ServiceCd=110&Type=search" }, "geometry": { "type": "Point", "coordinates": [ 141.3619176, 43.0564253 ] } },
{ "type": "Feature", "properties": { "内容": "訪問介護わくらばⅡ【訪問介護】南10条西7丁目3-8パークサイドクリスタル403号室", "url2": "https://www.kaigokensaku.mhlw.go.jp/01/index.php?action_kouhyou_detail_004_kani=true&JigyosyoCd=0170105373-00&ServiceCd=110&Type=search" }, "geometry": { "type": "Point", "coordinates": [ 141.349427900000023, 43.0463305 ] } },
{ "type": "Feature", "properties": { "内容": "訪問介護大和Ⅱ【訪問介護】南9条西4丁目6-7フェリチタⅠ　202号室", "url2": "https://www.kaigokensaku.mhlw.go.jp/01/index.php?action_kouhyou_detail_004_kani=true&JigyosyoCd=0170105332-00&ServiceCd=110&Type=search" }, "geometry": { "type": "Point", "coordinates": [ 141.3535387, 43.0483367 ] } },
{ "type": "Feature", "properties": { "内容": "ヘルパーステーションさくら【訪問介護】北海道札幌市中央区南15条西19丁目4-1楽ゆう館ふしみ", "url2": "https://www.kaigokensaku.mhlw.go.jp/01/index.php?action_kouhyou_detail_004_kani=true&JigyosyoCd=0170205546-00&ServiceCd=110&Type=search" }, "geometry": { "type": "Point", "coordinates": [ 141.328510120294368, 43.037423457697656 ] } },
{ "type": "Feature", "properties": { "内容": "ノンノ・チセヘルパーステーション【訪問介護】札幌市中央区南４条西13丁目2-25札幌グレースマンション605号", "url2": "https://www.kaigokensaku.mhlw.go.jp/01/index.php?action_kouhyou_detail_004_kani=true&JigyosyoCd=0170101851-00&ServiceCd=110&Type=search" }, "geometry": { "type": "Point", "coordinates": [ 141.336596, 43.0542384 ] } },
{ "type": "Feature", "properties": { "内容": "ケアステーション・チア【訪問介護】北海道札幌市中央区南27条西11丁目1-1フローラル南27条", "url2": "https://www.kaigokensaku.mhlw.go.jp/01/index.php?action_kouhyou_detail_004_kani=true&JigyosyoCd=0170102131-00&ServiceCd=110&Type=search" }, "geometry": { "type": "Point", "coordinates": [ 141.345481073016344, 43.023754404081487 ] } },
{ "type": "Feature", "properties": { "内容": "ライブラリ札幌中央訪問介護事業所【訪問介護】北海道札幌市中央区南2条西20丁目1-12ライブラリ円山", "url2": "https://www.kaigokensaku.mhlw.go.jp/01/index.php?action_kouhyou_detail_004_kani=true&JigyosyoCd=0170105068-00&ServiceCd=110&Type=search" }, "geometry": { "type": "Point", "coordinates": [ 141.3274846, 43.0544842 ] } },
{ "type": "Feature", "properties": { "内容": "訪問介護事業所あさがお【訪問介護】北海道札幌市中央区南1条東1丁目2-1太平洋興発ビル5階", "url2": "https://www.kaigokensaku.mhlw.go.jp/01/index.php?action_kouhyou_detail_004_kani=true&JigyosyoCd=0170105449-00&ServiceCd=110&Type=search" }, "geometry": { "type": "Point", "coordinates": [ 141.3580555, 43.0600111 ] } },
{ "type": "Feature", "properties": { "内容": "サンズヘルパーステーション札幌【訪問介護】札幌市中央区南2条西6丁目17番地4南二条ヒナタビル2階", "url2": "https://www.kaigokensaku.mhlw.go.jp/01/index.php?action_kouhyou_detail_004_kani=true&JigyosyoCd=0170515589-00&ServiceCd=110&Type=search" }, "geometry": { "type": "Point", "coordinates": [ 141.348202822090144, 43.057329719220782 ] } },
{ "type": "Feature", "properties": { "内容": "ＳＯＭＰＯケア　札幌桑園駅前　訪問介護【訪問介護】北海道札幌市中央区北11条西14丁目1番17号", "url2": "https://www.kaigokensaku.mhlw.go.jp/01/index.php?action_kouhyou_detail_004_kani=true&JigyosyoCd=0170104681-00&ServiceCd=110&Type=search" }, "geometry": { "type": "Point", "coordinates": [ 141.378216299999963, 43.0671042 ] } },
{ "type": "Feature", "properties": { "内容": "訪問介護ファミリー・ホスピス中島公園【訪問介護】北海道札幌市中央区南13条西7丁目1-27", "url2": "https://www.kaigokensaku.mhlw.go.jp/01/index.php?action_kouhyou_detail_004_kani=true&JigyosyoCd=0170515746-00&ServiceCd=110&Type=search" }, "geometry": { "type": "Point", "coordinates": [ 141.349217651451113, 43.043412264118786 ] } },
{ "type": "Feature", "properties": { "内容": "ケアサポートうるおい【訪問介護】北海道札幌市中央区南8条西3丁目7番地有料老人ホーム　うるおい川の音", "url2": "https://www.kaigokensaku.mhlw.go.jp/01/index.php?action_kouhyou_detail_004_kani=true&JigyosyoCd=0170102370-00&ServiceCd=110&Type=search" }, "geometry": { "type": "Point", "coordinates": [ 141.355093314836154, 43.051150546698722 ] } },
{ "type": "Feature", "properties": { "内容": "ケアサポートうるおい心結【訪問介護】北海道札幌市中央区南14条西1丁目2-22うるおいの家幌平橋", "url2": "https://www.kaigokensaku.mhlw.go.jp/01/index.php?action_kouhyou_detail_004_kani=true&JigyosyoCd=0170104954-00&ServiceCd=110&Type=search" }, "geometry": { "type": "Point", "coordinates": [ 141.356796800000012, 43.0419071 ] } },
{ "type": "Feature", "properties": { "内容": "ケアサポートうるおい山鼻【訪問介護】北海道札幌市中央区南25条西9丁目1番10号ルグランとうるおいの家山鼻", "url2": "https://www.kaigokensaku.mhlw.go.jp/01/index.php?action_kouhyou_detail_004_kani=true&JigyosyoCd=0170105225-00&ServiceCd=110&Type=search" }, "geometry": { "type": "Point", "coordinates": [ 141.3484235, 43.0265375 ] } },
{ "type": "Feature", "properties": { "内容": "ホームヘルプサービスえん【訪問介護】札幌市中央区宮の森1237番地1", "url2": "https://www.kaigokensaku.mhlw.go.jp/01/index.php?action_kouhyou_detail_004_kani=true&JigyosyoCd=0170100150-00&ServiceCd=110&Type=search" }, "geometry": { "type": "Point", "coordinates": [ 141.292137799999978, 43.0570357 ] } },
{ "type": "Feature", "properties": { "内容": "ホームケアネットさっぽろ【訪問介護】北海道札幌市中央区南11条西7丁目1-20ドミ山鼻1F", "url2": "https://www.kaigokensaku.mhlw.go.jp/01/index.php?action_kouhyou_detail_004_kani=true&JigyosyoCd=0170103295-00&ServiceCd=110&Type=search" }, "geometry": { "type": "Point", "coordinates": [ 141.356758847221357, 43.046468421916003 ] } },
{ "type": "Feature", "properties": { "内容": "訪問介護事業所　げんきくらぶ【訪問介護】北海道札幌市中央区南９条西１４丁目１番１４号", "url2": "https://www.kaigokensaku.mhlw.go.jp/01/index.php?action_kouhyou_detail_004_kani=true&JigyosyoCd=0170101919-00&ServiceCd=110&Type=search" }, "geometry": { "type": "Point", "coordinates": [ 141.3362315, 43.047463800000017 ] } },
{ "type": "Feature", "properties": { "内容": "ベネッセ介護センター札幌【訪問介護】北海道札幌市中央区南16条西7-2-20TOKOﾋﾞﾙ　3階", "url2": "https://www.kaigokensaku.mhlw.go.jp/01/index.php?action_kouhyou_detail_004_kani=true&JigyosyoCd=0170100515-00&ServiceCd=110&Type=search" }, "geometry": { "type": "Point", "coordinates": [ 141.349600571163933, 43.037999195704408 ] } },
{ "type": "Feature", "properties": { "内容": "ＰＯＰケア【訪問介護】札幌市中央区北４条西１６丁目１番３号幌西ビル１階", "url2": "https://www.kaigokensaku.mhlw.go.jp/01/index.php?action_kouhyou_detail_004_kani=true&JigyosyoCd=0170100440-00&ServiceCd=110&Type=search" }, "geometry": { "type": "Point", "coordinates": [ 141.33074780000004, 43.0638866 ] } },
{ "type": "Feature", "properties": { "内容": "訪問介護ステーションめぐみ【訪問介護】北海道札幌市中央区南28条西12丁目2－31ベルコリーヌ尚志館103", "url2": "https://www.kaigokensaku.mhlw.go.jp/01/index.php?action_kouhyou_detail_004_kani=true&JigyosyoCd=0170401848-00&ServiceCd=110&Type=search" }, "geometry": { "type": "Point", "coordinates": [ 141.343643542808337, 43.02258530576065 ] } },
{ "type": "Feature", "properties": { "内容": "ライフ訪問介護ステーション【訪問介護】北海道札幌市中央区南10条西15丁目1-16さいとうスタジオコート302", "url2": "https://www.kaigokensaku.mhlw.go.jp/01/index.php?action_kouhyou_detail_004_kani=true&JigyosyoCd=0170104194-00&ServiceCd=110&Type=search" }, "geometry": { "type": "Point", "coordinates": [ 141.334303701221842, 43.046087031526874 ] } },
{ "type": "Feature", "properties": { "内容": "ヘルパーステーションシトラス【訪問介護】札幌市中央区南8条西23丁目4-8", "url2": "https://www.kaigokensaku.mhlw.go.jp/01/index.php?action_kouhyou_detail_004_kani=true&JigyosyoCd=0170105415-00&ServiceCd=110&Type=search" }, "geometry": { "type": "Point", "coordinates": [ 141.3243438, 43.0466598 ] } },
{ "type": "Feature", "properties": { "内容": "アンビシャス訪問介護ステーション【訪問介護】南6条西8丁目5", "url2": "https://www.kaigokensaku.mhlw.go.jp/01/index.php?action_kouhyou_detail_004_kani=true&JigyosyoCd=0170514731-00&ServiceCd=110&Type=search" }, "geometry": { "type": "Point", "coordinates": [ 141.3464377, 43.052596 ] } },
{ "type": "Feature", "properties": { "内容": "訪問介護ステーションほほえみ【訪問介護】北海道札幌市中央区南16条西8丁目2-37", "url2": "https://www.kaigokensaku.mhlw.go.jp/01/index.php?action_kouhyou_detail_004_kani=true&JigyosyoCd=0170103303-00&ServiceCd=110&Type=search" }, "geometry": { "type": "Point", "coordinates": [ 141.34873730000001, 43.0383066 ] } },
{ "type": "Feature", "properties": { "内容": "訪問介護スマイルユーケア【訪問介護】北海道札幌市中央区北８条西２１丁目２－２０住宅型有料老人ホームスマイルユーケア", "url2": "https://www.kaigokensaku.mhlw.go.jp/01/index.php?action_kouhyou_detail_004_kani=true&JigyosyoCd=0170103105-00&ServiceCd=110&Type=search" }, "geometry": { "type": "Point", "coordinates": [ 141.322759873016366, 43.067595245059366 ] } },
{ "type": "Feature", "properties": { "内容": "ソーシャルヘルパーサービス【訪問介護】北海道札幌市中央区北８条西１８丁目１番地７号フレクスビル２階", "url2": "https://www.kaigokensaku.mhlw.go.jp/01/index.php?action_kouhyou_detail_004_kani=true&JigyosyoCd=0170102024-00&ServiceCd=110&Type=search" }, "geometry": { "type": "Point", "coordinates": [ 141.328536699999972, 43.0671611 ] } },
{ "type": "Feature", "properties": { "内容": "ツクイ・サンフォレスト札幌山鼻【訪問介護】南14条西18丁目5-1", "url2": "https://www.kaigokensaku.mhlw.go.jp/01/index.php?action_kouhyou_detail_004_kani=true&JigyosyoCd=0170105076-00&ServiceCd=110&Type=search" }, "geometry": { "type": "Point", "coordinates": [ 141.329951061376988, 43.040074791833007 ] } },
{ "type": "Feature", "properties": { "内容": "トーコーケア訪問介護事業所【訪問介護】北海道札幌市中央区北2条東7丁目82ラポール永山公園1Ｆ", "url2": "https://www.kaigokensaku.mhlw.go.jp/01/index.php?action_kouhyou_detail_004_kani=true&JigyosyoCd=0170203434-00&ServiceCd=110&Type=search" }, "geometry": { "type": "Point", "coordinates": [ 141.365663725439362, 43.065392792646726 ] } },
{ "type": "Feature", "properties": { "内容": "ヘルパーステーションはーと【訪問介護】北海道札幌市中央区南1条西20丁目2-1建設管理センタービル６F", "url2": "https://www.kaigokensaku.mhlw.go.jp/01/index.php?action_kouhyou_detail_004_kani=true&JigyosyoCd=0170103659-00&ServiceCd=110&Type=search" }, "geometry": { "type": "Point", "coordinates": [ 141.327180847502177, 43.056081021602118 ] } },
{ "type": "Feature", "properties": { "内容": "はっぴ-りんぐ【訪問介護】北海道札幌市中央区南7条西25丁目3-3Lejardinde南円山101", "url2": "https://www.kaigokensaku.mhlw.go.jp/01/index.php?action_kouhyou_detail_004_kani=true&JigyosyoCd=0170405583-00&ServiceCd=110&Type=search" }, "geometry": { "type": "Point", "coordinates": [ 141.322332481347729, 43.047451395763126 ] } },
{ "type": "Feature", "properties": { "内容": "ヘルパーステーションフィールズ【訪問介護】北海道札幌市中央区南７条西１４丁目１－１エクセルシオール南7条201", "url2": "https://www.kaigokensaku.mhlw.go.jp/01/index.php?action_kouhyou_detail_004_kani=true&JigyosyoCd=0170104814-00&ServiceCd=110&Type=search" }, "geometry": { "type": "Point", "coordinates": [ 141.33542030000001, 43.050466299999975 ] } },
{ "type": "Feature", "properties": { "内容": "ボンセジュール山鼻ケアステーション【訪問介護】北海道札幌市中央区南21条西6-1-1", "url2": "https://www.kaigokensaku.mhlw.go.jp/01/index.php?action_kouhyou_detail_004_kani=true&JigyosyoCd=0170103469-00&ServiceCd=110&Type=search" }, "geometry": { "type": "Point", "coordinates": [ 141.352778199999989, 43.0324381 ] } },
{ "type": "Feature", "properties": { "内容": "グランダ宮の森ケアステーション【訪問介護】北海道札幌市中央区宮の森2条6-3-13", "url2": "https://www.kaigokensaku.mhlw.go.jp/01/index.php?action_kouhyou_detail_004_kani=true&JigyosyoCd=0170105530-00&ServiceCd=110&Type=search" }, "geometry": { "type": "Point", "coordinates": [ 141.306371370501495, 43.061866677635976 ] } },
{ "type": "Feature", "properties": { "内容": "グランダ知事公館前ケアステーション【訪問介護】北海道札幌市中央区北3条西14-1-7", "url2": "https://www.kaigokensaku.mhlw.go.jp/01/index.php?action_kouhyou_detail_004_kani=true&JigyosyoCd=0170105548-00&ServiceCd=110&Type=search" }, "geometry": { "type": "Point", "coordinates": [ 141.334905780935429, 43.063096310421962 ] } },
{ "type": "Feature", "properties": { "内容": "辛夷ケアサービス【訪問介護】北海道札幌市中央区南23条西12丁目2-12ウエルネス山鼻　3F", "url2": "https://www.kaigokensaku.mhlw.go.jp/01/index.php?action_kouhyou_detail_004_kani=true&JigyosyoCd=0170101752-00&ServiceCd=110&Type=search" }, "geometry": { "type": "Point", "coordinates": [ 141.342736800000011, 43.0280121 ] } },
{ "type": "Feature", "properties": { "内容": "ケアセンターりんくる【訪問介護】北海道札幌市中央区南14条西7丁目３-40CORB205", "url2": "https://www.kaigokensaku.mhlw.go.jp/01/index.php?action_kouhyou_detail_004_kani=true&JigyosyoCd=0170104566-00&ServiceCd=110&Type=search" }, "geometry": { "type": "Point", "coordinates": [ 141.350361300000031, 43.0411038 ] } },
{ "type": "Feature", "properties": { "内容": "訪問介護ステーションウィステリア南１条【訪問介護】北海道札幌市中央区南1条西14丁目291番地81", "url2": "https://www.kaigokensaku.mhlw.go.jp/01/index.php?action_kouhyou_detail_004_kani=true&JigyosyoCd=0170105316-00&ServiceCd=110&Type=search" }, "geometry": { "type": "Point", "coordinates": [ 141.3357283, 43.0565709 ] } },
{ "type": "Feature", "properties": { "内容": "訪問介護事業所シーズン中央【訪問介護】北3条西12丁目2－2", "url2": "https://www.kaigokensaku.mhlw.go.jp/01/index.php?action_kouhyou_detail_004_kani=true&JigyosyoCd=0170507370-00&ServiceCd=110&Type=search" }, "geometry": { "type": "Point", "coordinates": [ 141.338214262898646, 43.063112234243441 ] } },
{ "type": "Feature", "properties": { "内容": "訪問介護　照【訪問介護】北海道札幌市中央区南1条西11丁目327-12センターパーキングビル301号室", "url2": "https://www.kaigokensaku.mhlw.go.jp/01/index.php?action_kouhyou_detail_004_kani=true&JigyosyoCd=0170103766-00&ServiceCd=110&Type=search" }, "geometry": { "type": "Point", "coordinates": [ 141.340305700000044, 43.0568655 ] } },
{ "type": "Feature", "properties": { "内容": "ヘルパーステーションWithYou【訪問介護】北海道札幌市中央区南８条西２４丁目２－１０ー６０６", "url2": "https://www.kaigokensaku.mhlw.go.jp/01/index.php?action_kouhyou_detail_004_kani=true&JigyosyoCd=0170104863-00&ServiceCd=110&Type=search" }, "geometry": { "type": "Point", "coordinates": [ 141.323034933065799, 43.046360720325538 ] } },
{ "type": "Feature", "properties": { "内容": "ケア・コンブリオ【訪問介護】北海道札幌市中央区南16条西11丁目2番20南16条ビル604号", "url2": "https://www.kaigokensaku.mhlw.go.jp/01/index.php?action_kouhyou_detail_004_kani=true&JigyosyoCd=0170102396-00&ServiceCd=110&Type=search" }, "geometry": { "type": "Point", "coordinates": [ 141.324148899999955, 43.0550013 ] } },
{ "type": "Feature", "properties": { "内容": "ﾍﾙﾊﾟｰｽﾃｰｼｮﾝ雫【訪問介護】北海道札幌市中央区北1条東10丁目15番地", "url2": "https://www.kaigokensaku.mhlw.go.jp/01/index.php?action_kouhyou_detail_004_kani=true&JigyosyoCd=0170105621-00&ServiceCd=110&Type=search" }, "geometry": { "type": "Point", "coordinates": [ 141.37170660000001, 43.064969 ] } },
{ "type": "Feature", "properties": { "内容": "訪問介護まごのて円山【訪問介護】北海道札幌市中央区北２条西２６丁目2-1826WEST　４階", "url2": "https://www.kaigokensaku.mhlw.go.jp/01/index.php?action_kouhyou_detail_004_kani=true&JigyosyoCd=0170104277-00&ServiceCd=110&Type=search" }, "geometry": { "type": "Point", "coordinates": [ 141.317025071688818, 43.059582310786404 ] } },
{ "type": "Feature", "properties": { "内容": "慈啓会ヘルパーステーション【訪問介護】北海道札幌市中央区旭ヶ丘5丁目6番５１号慈啓会特別養護老人ホーム南館２階", "url2": "https://www.kaigokensaku.mhlw.go.jp/01/index.php?action_kouhyou_detail_004_kani=true&JigyosyoCd=0170100143-00&ServiceCd=110&Type=search" }, "geometry": { "type": "Point", "coordinates": [ 141.323415171055558, 43.035780465699197 ] } },
{ "type": "Feature", "properties": { "内容": "訪問介護ステーションろく舎【訪問介護】北海道札幌市中央区南十二条西1丁目1-18ケアパーク聖寿中島公園", "url2": "https://www.kaigokensaku.mhlw.go.jp/01/index.php?action_kouhyou_detail_004_kani=true&JigyosyoCd=0170104657-00&ServiceCd=110&Type=search" }, "geometry": { "type": "Point", "coordinates": [ 141.357646499999987, 43.0444535 ] } },
{ "type": "Feature", "properties": { "内容": "社会福祉法人渓仁会　西円山敬樹園ホームヘルパーステーション【訪問介護】北海道札幌市中央区円山西町４丁目3－20西円山敬樹園", "url2": "https://www.kaigokensaku.mhlw.go.jp/01/index.php?action_kouhyou_detail_004_kani=true&JigyosyoCd=0170100069-00&ServiceCd=110&Type=search" }, "geometry": { "type": "Point", "coordinates": [ 141.303662362565547, 43.041836622999085 ] } },
{ "type": "Feature", "properties": { "内容": "社会福祉法人札幌市社会福祉協議会　中央ヘルパーセンター【訪問介護】北海道札幌市中央区北１条西１３丁目４番地FWD札幌ビル　１階", "url2": "https://www.kaigokensaku.mhlw.go.jp/01/index.php?action_kouhyou_detail_004_kani=true&JigyosyoCd=0170102875-00&ServiceCd=110&Type=search" }, "geometry": { "type": "Point", "coordinates": [ 141.3363058, 43.0607815 ] } },
{ "type": "Feature", "properties": { "内容": "ヘルパーステーションぐろーりー【訪問介護】北海道札幌市中央区南1条西20丁目2-1建設管理センタービル6F", "url2": "https://www.kaigokensaku.mhlw.go.jp/01/index.php?action_kouhyou_detail_004_kani=true&JigyosyoCd=0170100952-00&ServiceCd=110&Type=search" }, "geometry": { "type": "Point", "coordinates": [ 141.327135374284381, 43.056058001299505 ] } },
{ "type": "Feature", "properties": { "内容": "有限会社コア・ガード【訪問介護】北海道札幌市中央区南6条西11丁目1284番地4高砂電機ビル2階", "url2": "https://www.kaigokensaku.mhlw.go.jp/01/index.php?action_kouhyou_detail_004_kani=true&JigyosyoCd=0170100895-00&ServiceCd=110&Type=search" }, "geometry": { "type": "Point", "coordinates": [ 141.34196750000001, 43.0514658 ] } },
{ "type": "Feature", "properties": { "内容": "訪問介護事業所すこや花【訪問介護】札幌市中央区南1条西16丁目1-12", "url2": "https://www.kaigokensaku.mhlw.go.jp/01/index.php?action_kouhyou_detail_004_kani=true&JigyosyoCd=0170105712-00&ServiceCd=110&Type=search" }, "geometry": { "type": "Point", "coordinates": [ 141.3324781, 43.0564472 ] } },
{ "type": "Feature", "properties": { "内容": "ユア・タイム・ケア【訪問介護】北海道札幌市北区屯田3条2丁目7-18", "url2": "https://www.kaigokensaku.mhlw.go.jp/01/index.php?action_kouhyou_detail_004_kani=true&JigyosyoCd=0170207625-00&ServiceCd=110&Type=search" }, "geometry": { "type": "Point", "coordinates": [ 141.341109500000016, 43.1257149 ] } },
{ "type": "Feature", "properties": { "内容": "訪問介護まもるーむ札幌【訪問介護】北海道札幌市北区北34条西5丁目２－３", "url2": "https://www.kaigokensaku.mhlw.go.jp/01/index.php?action_kouhyou_detail_004_kani=true&JigyosyoCd=0170205009-00&ServiceCd=110&Type=search" }, "geometry": { "type": "Point", "coordinates": [ 141.339828, 43.1012851 ] } },
{ "type": "Feature", "properties": { "内容": "介護サービス　　スマイル【訪問介護】西茨戸6条1丁目5番10号", "url2": "https://www.kaigokensaku.mhlw.go.jp/01/index.php?action_kouhyou_detail_004_kani=true&JigyosyoCd=0170209399-00&ServiceCd=110&Type=search" }, "geometry": { "type": "Point", "coordinates": [ 141.350019800000013, 43.1597591 ] } },
{ "type": "Feature", "properties": { "内容": "はくようサービス【訪問介護】北海道札幌市北区北23条西4丁目1-12鉄北ビル1階", "url2": "https://www.kaigokensaku.mhlw.go.jp/01/index.php?action_kouhyou_detail_004_kani=true&JigyosyoCd=0170202774-00&ServiceCd=110&Type=search" }, "geometry": { "type": "Point", "coordinates": [ 141.343931017613158, 43.088818907016993 ] } },
{ "type": "Feature", "properties": { "内容": "訪問介護ステーション和の森【訪問介護】屯田４条４丁目９－１３", "url2": "https://www.kaigokensaku.mhlw.go.jp/01/index.php?action_kouhyou_detail_004_kani=true&JigyosyoCd=0170206064-00&ServiceCd=110&Type=search" }, "geometry": { "type": "Point", "coordinates": [ 141.3352654, 43.1293951 ] } },
{ "type": "Feature", "properties": { "内容": "ケアサポートぽけっと【訪問介護】北海道札幌市北区新琴似８条８丁目１番１号", "url2": "https://www.kaigokensaku.mhlw.go.jp/01/index.php?action_kouhyou_detail_004_kani=true&JigyosyoCd=0170207070-00&ServiceCd=110&Type=search" }, "geometry": { "type": "Point", "coordinates": [ 141.324727433204657, 43.116722792814073 ] } },
{ "type": "Feature", "properties": { "内容": "ヘルパーステーション萌しのろ【訪問介護】北海道札幌市北区篠路１０条１丁目１番１号ウェルフェアＭＯＥ", "url2": "https://www.kaigokensaku.mhlw.go.jp/01/index.php?action_kouhyou_detail_004_kani=true&JigyosyoCd=0170207351-00&ServiceCd=110&Type=search" }, "geometry": { "type": "Point", "coordinates": [ 141.353224515640363, 43.157454542438408 ] } },
{ "type": "Feature", "properties": { "内容": "ヘルパーステーションねがい【訪問介護】北海道札幌市北区新川4条19丁目3番11号", "url2": "https://www.kaigokensaku.mhlw.go.jp/01/index.php?action_kouhyou_detail_004_kani=true&JigyosyoCd=0170208441-00&ServiceCd=110&Type=search" }, "geometry": { "type": "Point", "coordinates": [ 141.2910678, 43.1175157 ] } },
{ "type": "Feature", "properties": { "内容": "あいあい訪問介護センター【訪問介護】北海道札幌市北区篠路九条四丁目3番25号", "url2": "https://www.kaigokensaku.mhlw.go.jp/01/index.php?action_kouhyou_detail_004_kani=true&JigyosyoCd=0170209043-00&ServiceCd=110&Type=search" }, "geometry": { "type": "Point", "coordinates": [ 141.3600107, 43.1560407 ] } },
{ "type": "Feature", "properties": { "内容": "ケアサポートうるおい北【訪問介護】北23条西9丁目2番36号", "url2": "https://www.kaigokensaku.mhlw.go.jp/01/index.php?action_kouhyou_detail_004_kani=true&JigyosyoCd=0170209456-00&ServiceCd=110&Type=search" }, "geometry": { "type": "Point", "coordinates": [ 141.336376, 43.0890219 ] } },
{ "type": "Feature", "properties": { "内容": "サンセール【訪問介護】北海道札幌市北区新川1条2丁目8番4号サテラ1・2　105号室", "url2": "https://www.kaigokensaku.mhlw.go.jp/01/index.php?action_kouhyou_detail_004_kani=true&JigyosyoCd=0170209852-00&ServiceCd=110&Type=search" }, "geometry": { "type": "Point", "coordinates": [ 141.3182926, 43.0942113 ] } },
{ "type": "Feature", "properties": { "内容": "ライフシップ訪問介護【訪問介護】麻生町7丁目2番11号コーポ安暖手　2号室", "url2": "https://www.kaigokensaku.mhlw.go.jp/01/index.php?action_kouhyou_detail_004_kani=true&JigyosyoCd=0170105563-00&ServiceCd=110&Type=search" }, "geometry": { "type": "Point", "coordinates": [ 141.3395844, 43.1132712 ] } },
{ "type": "Feature", "properties": { "内容": "ヘルパーステーション花みずき【訪問介護】北海道札幌市北区新琴似6条６丁目1-1", "url2": "https://www.kaigokensaku.mhlw.go.jp/01/index.php?action_kouhyou_detail_004_kani=true&JigyosyoCd=0170207682-00&ServiceCd=110&Type=search" }, "geometry": { "type": "Point", "coordinates": [ 141.3247984, 43.1125164 ] } },
{ "type": "Feature", "properties": { "内容": "ヘルパーステーション　こうじゅ【訪問介護】北海道札幌市北区北38条西2丁目2-34ノースヒル38　102号室", "url2": "https://www.kaigokensaku.mhlw.go.jp/01/index.php?action_kouhyou_detail_004_kani=true&JigyosyoCd=0170208946-00&ServiceCd=110&Type=search" }, "geometry": { "type": "Point", "coordinates": [ 141.3446892, 43.0996153 ] } },
{ "type": "Feature", "properties": { "内容": "訪問介護事業所Ｍｅｒｃｙ【訪問介護】北海道札幌市北区新琴似９条８丁目６－１５シャーメゾン新琴似２０１号室", "url2": "https://www.kaigokensaku.mhlw.go.jp/01/index.php?action_kouhyou_detail_004_kani=true&JigyosyoCd=0170210025-00&ServiceCd=110&Type=search" }, "geometry": { "type": "Point", "coordinates": [ 141.3268632, 43.1193919 ] } },
{ "type": "Feature", "properties": { "内容": "ＳＯＭＰＯケア　札幌北　訪問介護【訪問介護】北海道札幌市北区北２０条西５丁目２番５０号ＣＲＯＳＳ　ＰＯＩＮＴ　２階", "url2": "https://www.kaigokensaku.mhlw.go.jp/01/index.php?action_kouhyou_detail_004_kani=true&JigyosyoCd=0170208532-00&ServiceCd=110&Type=search" }, "geometry": { "type": "Point", "coordinates": [ 141.343892500000038, 43.085253799999983 ] } },
{ "type": "Feature", "properties": { "内容": "アースサポート札幌【訪問介護】北海道札幌市北区北25条西6丁目3番23号", "url2": "https://www.kaigokensaku.mhlw.go.jp/01/index.php?action_kouhyou_detail_004_kani=true&JigyosyoCd=0170201115-00&ServiceCd=110&Type=search" }, "geometry": { "type": "Point", "coordinates": [ 141.340639600000031, 43.0921057 ] } },
{ "type": "Feature", "properties": { "内容": "介護ステーションサンケアハート【訪問介護】札幌市北区篠路八条４丁目１番５号ゴールドリバー１０３号", "url2": "https://www.kaigokensaku.mhlw.go.jp/01/index.php?action_kouhyou_detail_004_kani=true&JigyosyoCd=0170207930-00&ServiceCd=110&Type=search" }, "geometry": { "type": "Point", "coordinates": [ 141.3584892, 43.1532383 ] } },
{ "type": "Feature", "properties": { "内容": "せるんヘルパーステーション【訪問介護】札幌市北区あいの里1条6丁目2番1号", "url2": "https://www.kaigokensaku.mhlw.go.jp/01/index.php?action_kouhyou_detail_004_kani=true&JigyosyoCd=0170204887-00&ServiceCd=110&Type=search" }, "geometry": { "type": "Point", "coordinates": [ 141.400282293806043, 43.155960757610359 ] } },
{ "type": "Feature", "properties": { "内容": "医療法人社団誠仁会訪問介護ステーション北大通り【訪問介護】北海道札幌市北区北２３条西４丁目２－２３プレイス２４", "url2": "https://www.kaigokensaku.mhlw.go.jp/01/index.php?action_kouhyou_detail_004_kani=true&JigyosyoCd=0170203483-00&ServiceCd=110&Type=search" }, "geometry": { "type": "Point", "coordinates": [ 141.343367299999954, 43.0893867 ] } },
{ "type": "Feature", "properties": { "内容": "優翔館ヘルパーステーション【訪問介護】北海道札幌市北区東茨戸２条２丁目８－２５", "url2": "https://www.kaigokensaku.mhlw.go.jp/01/index.php?action_kouhyou_detail_004_kani=true&JigyosyoCd=0170208326-00&ServiceCd=110&Type=search" }, "geometry": { "type": "Point", "coordinates": [ 141.35798920000002, 43.164768800000019 ] } },
{ "type": "Feature", "properties": { "内容": "ヘルパーステーションあかり【訪問介護】北海道札幌市北区北29条西4丁目2-1-156ファミール札幌", "url2": "https://www.kaigokensaku.mhlw.go.jp/01/index.php?action_kouhyou_detail_004_kani=true&JigyosyoCd=0170203665-00&ServiceCd=110&Type=search" }, "geometry": { "type": "Point", "coordinates": [ 141.342728099999931, 43.0964247 ] } },
{ "type": "Feature", "properties": { "内容": "ニチイケアセンターあいの里【訪問介護】北海道札幌市北区あいの里1条3丁目6-12あいの里1-3　C棟", "url2": "https://www.kaigokensaku.mhlw.go.jp/01/index.php?action_kouhyou_detail_004_kani=true&JigyosyoCd=0170208755-00&ServiceCd=110&Type=search" }, "geometry": { "type": "Point", "coordinates": [ 141.38829080000005, 43.1569092 ] } },
{ "type": "Feature", "properties": { "内容": "レインボーサービス【訪問介護】北海道札幌市北区篠路４条８丁目４番６号", "url2": "https://www.kaigokensaku.mhlw.go.jp/01/index.php?action_kouhyou_detail_004_kani=true&JigyosyoCd=0170202725-00&ServiceCd=110&Type=search" }, "geometry": { "type": "Point", "coordinates": [ 141.36808110000004, 43.146513 ] } },
{ "type": "Feature", "properties": { "内容": "青春かいごセンター【訪問介護】北海道札幌市北区北23条西3丁目1番30号フロンティア233", "url2": "https://www.kaigokensaku.mhlw.go.jp/01/index.php?action_kouhyou_detail_004_kani=true&JigyosyoCd=0170200919-00&ServiceCd=110&Type=search" }, "geometry": { "type": "Point", "coordinates": [ 141.345733800000062, 43.0893784 ] } },
{ "type": "Feature", "properties": { "内容": "あいヘルパーステーション【訪問介護】北海道札幌市北区北27条西11丁目6-10セントラルハイツ12", "url2": "https://www.kaigokensaku.mhlw.go.jp/01/index.php?action_kouhyou_detail_004_kani=true&JigyosyoCd=0170512313-00&ServiceCd=110&Type=search" }, "geometry": { "type": "Point", "coordinates": [ 141.331681332247456, 43.093781574076722 ] } },
{ "type": "Feature", "properties": { "内容": "訪問介護ステーションアムールの杜【訪問介護】北海道札幌市北区北26条西14丁目2番10号パステル北26A101号", "url2": "https://www.kaigokensaku.mhlw.go.jp/01/index.php?action_kouhyou_detail_004_kani=true&JigyosyoCd=0170208680-00&ServiceCd=110&Type=search" }, "geometry": { "type": "Point", "coordinates": [ 141.327682399999958, 43.0931941 ] } },
{ "type": "Feature", "properties": { "内容": "あかり【訪問介護】北海道札幌市北区百合が原4丁目7番19号", "url2": "https://www.kaigokensaku.mhlw.go.jp/01/index.php?action_kouhyou_detail_004_kani=true&JigyosyoCd=0170204143-00&ServiceCd=110&Type=search" }, "geometry": { "type": "Point", "coordinates": [ 141.3610605, 43.1295149 ] } },
{ "type": "Feature", "properties": { "内容": "ユートピアさんりん舎介護センター【訪問介護】北海道札幌市北区北33条西6丁目2-40", "url2": "https://www.kaigokensaku.mhlw.go.jp/01/index.php?action_kouhyou_detail_004_kani=true&JigyosyoCd=0170206502-00&ServiceCd=110&Type=search" }, "geometry": { "type": "Point", "coordinates": [ 141.338845600000013, 43.0996261 ] } },
{ "type": "Feature", "properties": { "内容": "ライフサポート希空【訪問介護】北海道札幌市北区新琴似8条7丁目1-2雄雪ビル２F雄雪ビル２F", "url2": "https://www.kaigokensaku.mhlw.go.jp/01/index.php?action_kouhyou_detail_004_kani=true&JigyosyoCd=0170209589-00&ServiceCd=110&Type=search" }, "geometry": { "type": "Point", "coordinates": [ 141.3261209, 43.1160763 ] } },
{ "type": "Feature", "properties": { "内容": "トーアいこいの杜介護相談センター【訪問介護】北海道札幌市北区北31条西4丁目3番18号", "url2": "https://www.kaigokensaku.mhlw.go.jp/01/index.php?action_kouhyou_detail_004_kani=true&JigyosyoCd=0170204721-00&ServiceCd=110&Type=search" }, "geometry": { "type": "Point", "coordinates": [ 141.341488639529871, 43.098391545474051 ] } },
{ "type": "Feature", "properties": { "内容": "ヘルパーステーションつばさ【訪問介護】北海道札幌市北区屯田3条3丁目5番11号", "url2": "https://www.kaigokensaku.mhlw.go.jp/01/index.php?action_kouhyou_detail_004_kani=true&JigyosyoCd=0170203210-00&ServiceCd=110&Type=search" }, "geometry": { "type": "Point", "coordinates": [ 141.336684278651433, 43.126077428889857 ] } },
{ "type": "Feature", "properties": { "内容": "はあとふるサポート【訪問介護】北海道札幌市北区新川四条１０丁目６－１４トラパーⅠ-１０１号", "url2": "https://www.kaigokensaku.mhlw.go.jp/01/index.php?action_kouhyou_detail_004_kani=true&JigyosyoCd=0170206510-00&ServiceCd=110&Type=search" }, "geometry": { "type": "Point", "coordinates": [ 141.309714578982266, 43.107683385955589 ] } },
{ "type": "Feature", "properties": { "内容": "ヘルパーステーションこころね【訪問介護】北海道札幌市北区北35条西4丁目2-18ココロホーム北35条", "url2": "https://www.kaigokensaku.mhlw.go.jp/01/index.php?action_kouhyou_detail_004_kani=true&JigyosyoCd=0170205900-00&ServiceCd=110&Type=search" }, "geometry": { "type": "Point", "coordinates": [ 141.340287587774668, 43.102632745713166 ] } },
{ "type": "Feature", "properties": { "内容": "ウェルスタイル拓北訪問介護事業所【訪問介護】北海道札幌市北区拓北８条３丁目２番１号トートイス拓北１階", "url2": "https://www.kaigokensaku.mhlw.go.jp/01/index.php?action_kouhyou_detail_004_kani=true&JigyosyoCd=0170205744-00&ServiceCd=110&Type=search" }, "geometry": { "type": "Point", "coordinates": [ 141.381070599999987, 43.1592319 ] } },
{ "type": "Feature", "properties": { "内容": "ベストライフ篠路訪問介護事業所【訪問介護】北海道札幌市北区篠路2条8丁目5-8", "url2": "https://www.kaigokensaku.mhlw.go.jp/01/index.php?action_kouhyou_detail_004_kani=true&JigyosyoCd=0170209662-00&ServiceCd=110&Type=search" }, "geometry": { "type": "Point", "coordinates": [ 141.3669528, 43.1415487 ] } },
{ "type": "Feature", "properties": { "内容": "あいしてぃヘルパーセンター【訪問介護】北海道札幌市北区あいの里２条２丁目８番５号", "url2": "https://www.kaigokensaku.mhlw.go.jp/01/index.php?action_kouhyou_detail_004_kani=true&JigyosyoCd=0170207823-00&ServiceCd=110&Type=search" }, "geometry": { "type": "Point", "coordinates": [ 141.387634, 43.1612152 ] } },
{ "type": "Feature", "properties": { "内容": "訪問介護事業所かえで【訪問介護】北海道札幌市北区南あいの里6丁目7番5号サービス付き高齢者向け住宅かえで", "url2": "https://www.kaigokensaku.mhlw.go.jp/01/index.php?action_kouhyou_detail_004_kani=true&JigyosyoCd=0170207724-00&ServiceCd=110&Type=search" }, "geometry": { "type": "Point", "coordinates": [ 141.399645511639363, 43.15472729910929 ] } },
{ "type": "Feature", "properties": { "内容": "さっぽろ訪問介護事業所【訪問介護】北海道札幌市北区屯田8条9丁目３－７ヴェラスクオーレ札幌北", "url2": "https://www.kaigokensaku.mhlw.go.jp/01/index.php?action_kouhyou_detail_004_kani=true&JigyosyoCd=0170204812-00&ServiceCd=110&Type=search" }, "geometry": { "type": "Point", "coordinates": [ 141.324046065731892, 43.141938570742511 ] } },
{ "type": "Feature", "properties": { "内容": "やさしい手札幌北麻生訪問介護事業所【訪問介護】北海道札幌市北区麻生町３丁目２番４号第５山重ビル１階", "url2": "https://www.kaigokensaku.mhlw.go.jp/01/index.php?action_kouhyou_detail_004_kani=true&JigyosyoCd=0170203285-00&ServiceCd=110&Type=search" }, "geometry": { "type": "Point", "coordinates": [ 141.3424966, 43.1100395 ] } },
{ "type": "Feature", "properties": { "内容": "ヘルパーステーション絆【訪問介護】北海道札幌市北区篠路1条10丁目14番16号", "url2": "https://www.kaigokensaku.mhlw.go.jp/01/index.php?action_kouhyou_detail_004_kani=true&JigyosyoCd=0170204689-00&ServiceCd=110&Type=search" }, "geometry": { "type": "Point", "coordinates": [ 141.362118099999947, 43.1412023 ] } },
{ "type": "Feature", "properties": { "内容": "すまいる南あいの里【訪問介護】北海道札幌市北区南あいの里5丁目1番5号ふれあいの里南あいの里", "url2": "https://www.kaigokensaku.mhlw.go.jp/01/index.php?action_kouhyou_detail_004_kani=true&JigyosyoCd=0170208185-00&ServiceCd=110&Type=search" }, "geometry": { "type": "Point", "coordinates": [ 141.397617, 43.15245 ] } },
{ "type": "Feature", "properties": { "内容": "訪問介護ステーション　あんじゅ【訪問介護】北海道札幌市北区新琴似11条16丁目8-21コーワハイツ新琴似202号室", "url2": "https://www.kaigokensaku.mhlw.go.jp/01/index.php?action_kouhyou_detail_004_kani=true&JigyosyoCd=0170207674-00&ServiceCd=110&Type=search" }, "geometry": { "type": "Point", "coordinates": [ 141.313315079098516, 43.132075874442521 ] } },
{ "type": "Feature", "properties": { "内容": "学研ココファン新琴似ヘルパーセンター【訪問介護】札幌市北区新琴似11条2丁目4-24", "url2": "https://www.kaigokensaku.mhlw.go.jp/01/index.php?action_kouhyou_detail_004_kani=true&JigyosyoCd=0170210256-00&ServiceCd=110&Type=search" }, "geometry": { "type": "Point", "coordinates": [ 141.3373291, 43.1169166 ] } },
{ "type": "Feature", "properties": { "内容": "介護サービスウェカルバ太平【訪問介護】北海道札幌市北区太平４条1丁目2番22号", "url2": "https://www.kaigokensaku.mhlw.go.jp/01/index.php?action_kouhyou_detail_004_kani=true&JigyosyoCd=0170204242-00&ServiceCd=110&Type=search" }, "geometry": { "type": "Point", "coordinates": [ 141.347689400000036, 43.1286174 ] } },
{ "type": "Feature", "properties": { "内容": "ヘルパーセンター　はるひな【訪問介護】北海道札幌市北区新琴似9条5丁目4番5号宝徳マンションB　101号", "url2": "https://www.kaigokensaku.mhlw.go.jp/01/index.php?action_kouhyou_detail_004_kani=true&JigyosyoCd=0170205116-00&ServiceCd=110&Type=search" }, "geometry": { "type": "Point", "coordinates": [ 141.330815560188285, 43.11657699110507 ] } },
{ "type": "Feature", "properties": { "内容": "ヘルパーステーション希望のつぼみ屯田【訪問介護】北海道札幌市北区屯田6条7丁目5番25号", "url2": "https://www.kaigokensaku.mhlw.go.jp/01/index.php?action_kouhyou_detail_004_kani=true&JigyosyoCd=0170208730-00&ServiceCd=110&Type=search" }, "geometry": { "type": "Point", "coordinates": [ 141.328887399999985, 43.1362921 ] } },
{ "type": "Feature", "properties": { "内容": "新琴似やわらぎ【訪問介護】北海道札幌市北区新琴似2条1丁目1番54号サニーライフ新琴似", "url2": "https://www.kaigokensaku.mhlw.go.jp/01/index.php?action_kouhyou_detail_004_kani=true&JigyosyoCd=0170209829-00&ServiceCd=110&Type=search" }, "geometry": { "type": "Point", "coordinates": [ 141.3284803, 43.102487 ] } },
{ "type": "Feature", "properties": { "内容": "訪問介護事業所つくしんぼ【訪問介護】北海道札幌市北区あいの里三条9-14-6", "url2": "https://www.kaigokensaku.mhlw.go.jp/01/index.php?action_kouhyou_detail_004_kani=true&JigyosyoCd=0170209308-00&ServiceCd=110&Type=search" }, "geometry": { "type": "Point", "coordinates": [ 141.4160516, 43.163968 ] } },
{ "type": "Feature", "properties": { "内容": "訪問介護事業所心愛【訪問介護】北海道札幌市北区篠路2条3丁目2-3", "url2": "https://www.kaigokensaku.mhlw.go.jp/01/index.php?action_kouhyou_detail_004_kani=true&JigyosyoCd=0170204655-00&ServiceCd=110&Type=search" }, "geometry": { "type": "Point", "coordinates": [ 141.354209, 43.144105500000016 ] } },
{ "type": "Feature", "properties": { "内容": "ラピネスケア【訪問介護】北海道札幌市北区拓北4条3丁目1番７号", "url2": "https://www.kaigokensaku.mhlw.go.jp/01/index.php?action_kouhyou_detail_004_kani=true&JigyosyoCd=0170209712-00&ServiceCd=110&Type=search" }, "geometry": { "type": "Point", "coordinates": [ 141.3796946, 43.1518205 ] } },
{ "type": "Feature", "properties": { "内容": "訪問介護ステーションさくら【訪問介護】北海道札幌市北区新琴似5条6丁目1-4", "url2": "https://www.kaigokensaku.mhlw.go.jp/01/index.php?action_kouhyou_detail_004_kani=true&JigyosyoCd=0170208565-00&ServiceCd=110&Type=search" }, "geometry": { "type": "Point", "coordinates": [ 141.323453800000038, 43.1111471 ] } },
{ "type": "Feature", "properties": { "内容": "ヘルパーステーション　りんご【訪問介護】札幌市北区北7条西2丁目6番地３７山京ビル９０３号室", "url2": "https://www.kaigokensaku.mhlw.go.jp/01/index.php?action_kouhyou_detail_004_kani=true&JigyosyoCd=0170204762-00&ServiceCd=110&Type=search" }, "geometry": { "type": "Point", "coordinates": [ 141.3523414, 43.0697047 ] } },
{ "type": "Feature", "properties": { "内容": "ヘルパーステーションととのう【訪問介護】北海道札幌市北区北25条西18丁目1-18リリーズスクエア1階", "url2": "https://www.kaigokensaku.mhlw.go.jp/01/index.php?action_kouhyou_detail_004_kani=true&JigyosyoCd=0170209795-00&ServiceCd=110&Type=search" }, "geometry": { "type": "Point", "coordinates": [ 141.3218259, 43.094037 ] } },
{ "type": "Feature", "properties": { "内容": "合同会社介護テラスあんあん訪問介護事業所【訪問介護】北海道札幌市北区太平2条4丁目2番21号", "url2": "https://www.kaigokensaku.mhlw.go.jp/01/index.php?action_kouhyou_detail_004_kani=true&JigyosyoCd=0170208581-00&ServiceCd=110&Type=search" }, "geometry": { "type": "Point", "coordinates": [ 141.347384599999941, 43.1254007 ] } },
{ "type": "Feature", "properties": { "内容": "ケアセンター陽だまり【訪問介護】北海道札幌市北区太平４条５丁目３－２３", "url2": "https://www.kaigokensaku.mhlw.go.jp/01/index.php?action_kouhyou_detail_004_kani=true&JigyosyoCd=0170209514-00&ServiceCd=110&Type=search" }, "geometry": { "type": "Point", "coordinates": [ 141.353533861645616, 43.125411350816798 ] } },
{ "type": "Feature", "properties": { "内容": "ホームヘルプサービスステーション禎心会北【訪問介護】北海道札幌市北区新川１条６丁目３番３号", "url2": "https://www.kaigokensaku.mhlw.go.jp/01/index.php?action_kouhyou_detail_004_kani=true&JigyosyoCd=0170200521-00&ServiceCd=110&Type=search" }, "geometry": { "type": "Point", "coordinates": [ 141.310739099999978, 43.1000841 ] } },
{ "type": "Feature", "properties": { "内容": "ホームヘルプサービスステーション　ら・ぱーす【訪問介護】北海道札幌市北区篠路町上篠路6番２８６", "url2": "https://www.kaigokensaku.mhlw.go.jp/01/index.php?action_kouhyou_detail_004_kani=true&JigyosyoCd=0170202329-00&ServiceCd=110&Type=search" }, "geometry": { "type": "Point", "coordinates": [ 141.382314100000031, 43.1303321 ] } },
{ "type": "Feature", "properties": { "内容": "勤医協北ヘルパーセンター【訪問介護】北海道札幌市北区北32条西8丁目1番1号勤医協北在宅総合センター", "url2": "https://www.kaigokensaku.mhlw.go.jp/01/index.php?action_kouhyou_detail_004_kani=true&JigyosyoCd=0170208854-00&ServiceCd=110&Type=search" }, "geometry": { "type": "Point", "coordinates": [ 141.335790699999961, 43.0982446 ] } },
{ "type": "Feature", "properties": { "内容": "勤医協しのろヘルパーステーション【訪問介護】北海道札幌市北区篠路6条1丁目1番1号", "url2": "https://www.kaigokensaku.mhlw.go.jp/01/index.php?action_kouhyou_detail_004_kani=true&JigyosyoCd=0170209621-00&ServiceCd=110&Type=search" }, "geometry": { "type": "Point", "coordinates": [ 141.3516196, 43.1506933 ] } },
{ "type": "Feature", "properties": { "内容": "社会福祉法人札幌市社会福祉協議会　北ヘルパーセンター【訪問介護】北海道札幌市北区北40条西4丁目2-7札幌N40ビル　5階", "url2": "https://www.kaigokensaku.mhlw.go.jp/01/index.php?action_kouhyou_detail_004_kani=true&JigyosyoCd=0170205728-00&ServiceCd=110&Type=search" }, "geometry": { "type": "Point", "coordinates": [ 141.338766048271168, 43.107999694654282 ] } },
{ "type": "Feature", "properties": { "内容": "訪問介護事業所心輪北【訪問介護】北海道札幌市北区北３３条西４丁目２－１６サービス付き高齢者向け住宅　大樹ふれあい１Ｆ", "url2": "https://www.kaigokensaku.mhlw.go.jp/01/index.php?action_kouhyou_detail_004_kani=true&JigyosyoCd=0170206734-00&ServiceCd=110&Type=search" }, "geometry": { "type": "Point", "coordinates": [ 141.340667470500193, 43.100338721928814 ] } },
{ "type": "Feature", "properties": { "内容": "ライブリーケア中銀あいの里【訪問介護】北海道札幌市北区あいの里2条6丁目３", "url2": "https://www.kaigokensaku.mhlw.go.jp/01/index.php?action_kouhyou_detail_004_kani=true&JigyosyoCd=0170202949-00&ServiceCd=110&Type=search" }, "geometry": { "type": "Point", "coordinates": [ 141.401537656240407, 43.158401383042275 ] } },
{ "type": "Feature", "properties": { "内容": "ヘルパーステーション風音【訪問介護】札幌市北区太平3条4丁目２－１３岡田マンション205号", "url2": "https://www.kaigokensaku.mhlw.go.jp/01/index.php?action_kouhyou_detail_004_kani=true&JigyosyoCd=0170511703-00&ServiceCd=110&Type=search" }, "geometry": { "type": "Point", "coordinates": [ 141.3502176, 43.1265421 ] } },
{ "type": "Feature", "properties": { "内容": "いこいケアセンター指定訪問介護事業所【訪問介護】北海道札幌市北区篠路3条8丁目8番7号", "url2": "https://www.kaigokensaku.mhlw.go.jp/01/index.php?action_kouhyou_detail_004_kani=true&JigyosyoCd=0170200851-00&ServiceCd=110&Type=search" }, "geometry": { "type": "Point", "coordinates": [ 141.369053399999984, 43.143890167693655 ] } },
{ "type": "Feature", "properties": { "内容": "訪問介護ステーションふもとばし【訪問介護】北海道札幌市北区麻生町９丁目１－６－３", "url2": "https://www.kaigokensaku.mhlw.go.jp/01/index.php?action_kouhyou_detail_004_kani=true&JigyosyoCd=0170404032-00&ServiceCd=110&Type=search" }, "geometry": { "type": "Point", "coordinates": [ 141.340431229102023, 43.115605923380095 ] } },
{ "type": "Feature", "properties": { "内容": "訪問介護事業所のどか【訪問介護】北海道札幌市北区拓北６条３丁目８番２号Ｂ．Ｂハウス２０１", "url2": "https://www.kaigokensaku.mhlw.go.jp/01/index.php?action_kouhyou_detail_004_kani=true&JigyosyoCd=0170202857-00&ServiceCd=110&Type=search" }, "geometry": { "type": "Point", "coordinates": [ 141.381052834321281, 43.15596790388323 ] } },
{ "type": "Feature", "properties": { "内容": "ヘルパーステーション　こんふぉーと【訪問介護】北海道札幌市あいの里4条5丁目4－10", "url2": "https://www.kaigokensaku.mhlw.go.jp/01/index.php?action_kouhyou_detail_004_kani=true&JigyosyoCd=0170204077-00&ServiceCd=110&Type=search" }, "geometry": { "type": "Point", "coordinates": [ 141.397149600000034, 43.1649377 ] } },
{ "type": "Feature", "properties": { "内容": "社会医療法人社団愛心館来夢ラインヘルパーステーション【訪問介護】北海道札幌市北区あいの里２条１丁目２０番１", "url2": "https://www.kaigokensaku.mhlw.go.jp/01/index.php?action_kouhyou_detail_004_kani=true&JigyosyoCd=0170207401-00&ServiceCd=110&Type=search" }, "geometry": { "type": "Point", "coordinates": [ 141.385192700000061, 43.1595319 ] } },
{ "type": "Feature", "properties": { "内容": "ヘルパーステーション　楽顔【訪問介護】札幌市東区北36条東1丁目8番7号", "url2": "https://www.kaigokensaku.mhlw.go.jp/01/index.php?action_kouhyou_detail_004_kani=true&JigyosyoCd=0170202881-00&ServiceCd=110&Type=search" }, "geometry": { "type": "Point", "coordinates": [ 141.3479132, 43.1043627 ] } },
{ "type": "Feature", "properties": { "内容": "ケアセンターどり～む【訪問介護】北海道札幌市東区伏古９条２丁目１－３・２F", "url2": "https://www.kaigokensaku.mhlw.go.jp/01/index.php?action_kouhyou_detail_004_kani=true&JigyosyoCd=0170202709-00&ServiceCd=110&Type=search" }, "geometry": { "type": "Point", "coordinates": [ 141.391121200000043, 43.0951207 ] } },
{ "type": "Feature", "properties": { "内容": "ヘルパーステーション　ソワン【訪問介護】北海道札幌市東区北14条東14丁目５－６１０２", "url2": "https://www.kaigokensaku.mhlw.go.jp/01/index.php?action_kouhyou_detail_004_kani=true&JigyosyoCd=0170206056-00&ServiceCd=110&Type=search" }, "geometry": { "type": "Point", "coordinates": [ 141.372668299999987, 43.0808608 ] } },
{ "type": "Feature", "properties": { "内容": "ケア・ふれんず介護支援事業所【訪問介護】札幌市東区北10条東9丁目3番５号興栄ビル2F", "url2": "https://www.kaigokensaku.mhlw.go.jp/01/index.php?action_kouhyou_detail_004_kani=true&JigyosyoCd=0170503254-00&ServiceCd=110&Type=search" }, "geometry": { "type": "Point", "coordinates": [ 141.36731629999997, 43.0759529 ] } },
{ "type": "Feature", "properties": { "内容": "アムズサービス【訪問介護】北海道札幌市東区北10条東4丁目2番45号", "url2": "https://www.kaigokensaku.mhlw.go.jp/01/index.php?action_kouhyou_detail_004_kani=true&JigyosyoCd=0170203947-00&ServiceCd=110&Type=search" }, "geometry": { "type": "Point", "coordinates": [ 141.36025767091482, 43.074101750223718 ] } },
{ "type": "Feature", "properties": { "内容": "ヘルパーステーションアットホームケアサービス【訪問介護】札幌市東区北３４条東７丁目２－１", "url2": "https://www.kaigokensaku.mhlw.go.jp/01/index.php?action_kouhyou_detail_004_kani=true&JigyosyoCd=0170201495-00&ServiceCd=110&Type=search" }, "geometry": { "type": "Point", "coordinates": [ 141.357170799999949, 43.103277 ] } },
{ "type": "Feature", "properties": { "内容": "共笑ヘルパーステーション【訪問介護】北海道札幌市東区北22条東22丁目5-5シテイーハウス102号室", "url2": "https://www.kaigokensaku.mhlw.go.jp/01/index.php?action_kouhyou_detail_004_kani=true&JigyosyoCd=0170207294-00&ServiceCd=110&Type=search" }, "geometry": { "type": "Point", "coordinates": [ 141.385215400000021, 43.1045638 ] } },
{ "type": "Feature", "properties": { "内容": "福祉生協東ヘルパーステーション【訪問介護】北海道札幌市東区北５条東10丁目16番1号イリス苗穂", "url2": "https://www.kaigokensaku.mhlw.go.jp/01/index.php?action_kouhyou_detail_004_kani=true&JigyosyoCd=0170208292-00&ServiceCd=110&Type=search" }, "geometry": { "type": "Point", "coordinates": [ 141.370885427014173, 43.069765348102401 ] } },
{ "type": "Feature", "properties": { "内容": "ライブラリ札幌東訪問介護事業所【訪問介護】北海道札幌市東区北23条東17丁目1－10ライブラリ元町", "url2": "https://www.kaigokensaku.mhlw.go.jp/01/index.php?action_kouhyou_detail_004_kani=true&JigyosyoCd=0170209142-00&ServiceCd=110&Type=search" }, "geometry": { "type": "Point", "coordinates": [ 141.37495770000001, 43.0932139 ] } },
{ "type": "Feature", "properties": { "内容": "つばさのかいご札幌東【訪問介護】北18条東7丁目1−38パイオニアマンション1階", "url2": "https://www.kaigokensaku.mhlw.go.jp/01/index.php?action_kouhyou_detail_004_kani=true&JigyosyoCd=0170209407-00&ServiceCd=110&Type=search" }, "geometry": { "type": "Point", "coordinates": [ 141.3618251, 43.0838881 ] } },
{ "type": "Feature", "properties": { "内容": "ゆたかケアサービス【訪問介護】札幌市東苗穂10条2丁目9-17カバサワハイツ101号", "url2": "https://www.kaigokensaku.mhlw.go.jp/01/index.php?action_kouhyou_detail_004_kani=true&JigyosyoCd=0170507271-00&ServiceCd=110&Type=search" }, "geometry": { "type": "Point", "coordinates": [ 141.416508700000037, 43.0997352 ] } },
{ "type": "Feature", "properties": { "内容": "小春海【訪問介護】北海道札幌市東区北７条東１３丁目４番８号", "url2": "https://www.kaigokensaku.mhlw.go.jp/01/index.php?action_kouhyou_detail_004_kani=true&JigyosyoCd=0170209076-00&ServiceCd=110&Type=search" }, "geometry": { "type": "Point", "coordinates": [ 141.3747085, 43.0734613 ] } },
{ "type": "Feature", "properties": { "内容": "訪問介護　ギフトヘルパーステーション・イースト【訪問介護】北海道札幌市東区北41条東8丁目2番1号丸藤ビル2階", "url2": "https://www.kaigokensaku.mhlw.go.jp/01/index.php?action_kouhyou_detail_004_kani=true&JigyosyoCd=0170210108-00&ServiceCd=110&Type=search" }, "geometry": { "type": "Point", "coordinates": [ 141.3565788, 43.110665 ] } },
{ "type": "Feature", "properties": { "内容": "訪問介護ステーション桜華【訪問介護】北海道札幌市東区伏古13条3丁目11番17号", "url2": "https://www.kaigokensaku.mhlw.go.jp/01/index.php?action_kouhyou_detail_004_kani=true&JigyosyoCd=0170209944-00&ServiceCd=110&Type=search" }, "geometry": { "type": "Point", "coordinates": [ 141.4005129, 43.1017363 ] } },
{ "type": "Feature", "properties": { "内容": "訪問介護事業所　翡翠（みどり）【訪問介護】北海道札幌市東区北30条東19丁目3番10第一包装資材（株）3階", "url2": "https://www.kaigokensaku.mhlw.go.jp/01/index.php?action_kouhyou_detail_004_kani=true&JigyosyoCd=0170209696-00&ServiceCd=110&Type=search" }, "geometry": { "type": "Point", "coordinates": [ 141.377760599999988, 43.1019421 ] } },
{ "type": "Feature", "properties": { "内容": "訪問介護ステーション　Nonno【訪問介護】札幌市東区北16条東5丁目1番1号", "url2": "https://www.kaigokensaku.mhlw.go.jp/01/index.php?action_kouhyou_detail_004_kani=true&JigyosyoCd=0170204291-00&ServiceCd=110&Type=search" }, "geometry": { "type": "Point", "coordinates": [ 141.358863161376973, 43.081128730311562 ] } },
{ "type": "Feature", "properties": { "内容": "ニチイケアセンター元町【訪問介護】北海道札幌市東区北25条東20丁目5-15", "url2": "https://www.kaigokensaku.mhlw.go.jp/01/index.php?action_kouhyou_detail_004_kani=true&JigyosyoCd=0170202006-00&ServiceCd=110&Type=search" }, "geometry": { "type": "Point", "coordinates": [ 141.383008792658273, 43.096426973227608 ] } },
{ "type": "Feature", "properties": { "内容": "ケアサポートさち【訪問介護】札幌市東区北14条東14丁目1番20号", "url2": "https://www.kaigokensaku.mhlw.go.jp/01/index.php?action_kouhyou_detail_004_kani=true&JigyosyoCd=0170505713-00&ServiceCd=110&Type=search" }, "geometry": { "type": "Point", "coordinates": [ 141.371828112072365, 43.081293400287727 ] } },
{ "type": "Feature", "properties": { "内容": "訪問介護事業所ライフアシスト【訪問介護】北海道札幌市東区伏古５条３丁目４－２２", "url2": "https://www.kaigokensaku.mhlw.go.jp/01/index.php?action_kouhyou_detail_004_kani=true&JigyosyoCd=0170205439-00&ServiceCd=110&Type=search" }, "geometry": { "type": "Point", "coordinates": [ 141.393147459483572, 43.087500561698121 ] } },
{ "type": "Feature", "properties": { "内容": "訪問介護事業所翔【訪問介護】北海道札幌市東区北30条東7丁目1-18プラザ３０", "url2": "https://www.kaigokensaku.mhlw.go.jp/01/index.php?action_kouhyou_detail_004_kani=true&JigyosyoCd=0170505754-00&ServiceCd=110&Type=search" }, "geometry": { "type": "Point", "coordinates": [ 141.358858525281789, 43.098376895390366 ] } },
{ "type": "Feature", "properties": { "内容": "あいヘルパー24【訪問介護】札幌市東区北24条東1丁目3⁻7ケアメゾン24", "url2": "https://www.kaigokensaku.mhlw.go.jp/01/index.php?action_kouhyou_detail_004_kani=true&JigyosyoCd=0170209886-00&ServiceCd=110&Type=search" }, "geometry": { "type": "Point", "coordinates": [ 141.3501566, 43.0917704 ] } },
{ "type": "Feature", "properties": { "内容": "訪問介護ステーショングリーンビレッジ【訪問介護】北海道札幌市東区東苗穂６条１丁目5-11-101石川マンション101", "url2": "https://www.kaigokensaku.mhlw.go.jp/01/index.php?action_kouhyou_detail_004_kani=true&JigyosyoCd=0170207922-00&ServiceCd=110&Type=search" }, "geometry": { "type": "Point", "coordinates": [ 141.404777415160311, 43.095201898753885 ] } },
{ "type": "Feature", "properties": { "内容": "訪問介護事業所瞳【訪問介護】北海道札幌市東区北２０条東１８丁目５－５ケアハウス瞳", "url2": "https://www.kaigokensaku.mhlw.go.jp/01/index.php?action_kouhyou_detail_004_kani=true&JigyosyoCd=0170206379-00&ServiceCd=110&Type=search" }, "geometry": { "type": "Point", "coordinates": [ 141.378545, 43.089771 ] } },
{ "type": "Feature", "properties": { "内容": "ヘルパーステーション元町【訪問介護】北海道札幌市東区北２５条東２１丁目３−２５", "url2": "https://www.kaigokensaku.mhlw.go.jp/01/index.php?action_kouhyou_detail_004_kani=true&JigyosyoCd=0170209498-00&ServiceCd=110&Type=search" }, "geometry": { "type": "Point", "coordinates": [ 141.384929699999986, 43.0960012 ] } },
{ "type": "Feature", "properties": { "内容": "サンウェルズ太平ヘルパーステーション【訪問介護】北海道札幌市東区北51条東5丁目2番10号", "url2": "https://www.kaigokensaku.mhlw.go.jp/01/index.php?action_kouhyou_detail_004_kani=true&JigyosyoCd=0170210157-00&ServiceCd=110&Type=search" }, "geometry": { "type": "Point", "coordinates": [ 141.3494221, 43.1227923 ] } },
{ "type": "Feature", "properties": { "内容": "介護クラーク札幌北【訪問介護】札幌市東区北32条東1丁目6-10", "url2": "https://www.kaigokensaku.mhlw.go.jp/01/index.php?action_kouhyou_detail_004_kani=true&JigyosyoCd=0170209324-00&ServiceCd=110&Type=search" }, "geometry": { "type": "Point", "coordinates": [ 141.3479213, 43.0998545 ] } },
{ "type": "Feature", "properties": { "内容": "ヘルパーステーション　福福【訪問介護】北海道札幌市東区本町１条５丁目2-12", "url2": "https://www.kaigokensaku.mhlw.go.jp/01/index.php?action_kouhyou_detail_004_kani=true&JigyosyoCd=0170515365-00&ServiceCd=110&Type=search" }, "geometry": { "type": "Point", "coordinates": [ 141.388715100000013, 43.0770172 ] } },
{ "type": "Feature", "properties": { "内容": "ヘルパーステーションすこやか東【訪問介護】北海道札幌市東区北２４条東５丁目２-１グレイスガーデン１F", "url2": "https://www.kaigokensaku.mhlw.go.jp/01/index.php?action_kouhyou_detail_004_kani=true&JigyosyoCd=0170208136-00&ServiceCd=110&Type=search" }, "geometry": { "type": "Point", "coordinates": [ 141.35727339999994, 43.092307 ] } },
{ "type": "Feature", "properties": { "内容": "ヘルパーステーションおもてなし北30条【訪問介護】北海道札幌市東区北30条東6丁目3番23号ダイアナ北30条", "url2": "https://www.kaigokensaku.mhlw.go.jp/01/index.php?action_kouhyou_detail_004_kani=true&JigyosyoCd=0170209738-00&ServiceCd=110&Type=search" }, "geometry": { "type": "Point", "coordinates": [ 141.357307, 43.0984397 ] } },
{ "type": "Feature", "properties": { "内容": "ヘルパーステーションコクア【訪問介護】札幌市東区北37条東16丁目2-5", "url2": "https://www.kaigokensaku.mhlw.go.jp/01/index.php?action_kouhyou_detail_004_kani=true&JigyosyoCd=0170208904-00&ServiceCd=110&Type=search" }, "geometry": { "type": "Point", "coordinates": [ 141.36860452698366, 43.107948131105459 ] } },
{ "type": "Feature", "properties": { "内容": "ツクイ札幌東【訪問介護】北海道札幌市東区北24条東21丁目7-22", "url2": "https://www.kaigokensaku.mhlw.go.jp/01/index.php?action_kouhyou_detail_004_kani=true&JigyosyoCd=0170209134-00&ServiceCd=110&Type=search" }, "geometry": { "type": "Point", "coordinates": [ 141.385783800000013, 43.0954519 ] } },
{ "type": "Feature", "properties": { "内容": "さっぽろ元町あかりの里【訪問介護】北海道札幌市東区北22条東20丁目5-3さっぽろ元町あかりの里", "url2": "https://www.kaigokensaku.mhlw.go.jp/01/index.php?action_kouhyou_detail_004_kani=true&JigyosyoCd=0170206668-00&ServiceCd=110&Type=search" }, "geometry": { "type": "Point", "coordinates": [ 141.381737500000014, 43.0915737 ] } },
{ "type": "Feature", "properties": { "内容": "札幌アシストセンターマザー訪問介護事業所【訪問介護】北海道札幌市東区伏古3条5丁目2番18号", "url2": "https://www.kaigokensaku.mhlw.go.jp/01/index.php?action_kouhyou_detail_004_kani=true&JigyosyoCd=0170208177-00&ServiceCd=110&Type=search" }, "geometry": { "type": "Point", "coordinates": [ 141.393821900000034, 43.0838 ] } },
{ "type": "Feature", "properties": { "内容": "すまいる東苗穂【訪問介護】北海道札幌市東区東苗穂三条１丁目２番９６号", "url2": "https://www.kaigokensaku.mhlw.go.jp/01/index.php?action_kouhyou_detail_004_kani=true&JigyosyoCd=0170203558-00&ServiceCd=110&Type=search" }, "geometry": { "type": "Point", "coordinates": [ 141.39891, 43.0867609 ] } },
{ "type": "Feature", "properties": { "内容": "すまいる北園【訪問介護】北海道札幌市東区北21条東13丁目3番20号ふれあいの里北園", "url2": "https://www.kaigokensaku.mhlw.go.jp/01/index.php?action_kouhyou_detail_004_kani=true&JigyosyoCd=0170207815-00&ServiceCd=110&Type=search" }, "geometry": { "type": "Point", "coordinates": [ 141.368376300000023, 43.0897985 ] } },
{ "type": "Feature", "properties": { "内容": "すまいる新道東【訪問介護】北海道札幌市東区北32条東18丁目6番3号ふれあいの里新道東", "url2": "https://www.kaigokensaku.mhlw.go.jp/01/index.php?action_kouhyou_detail_004_kani=true&JigyosyoCd=0170207963-00&ServiceCd=110&Type=search" }, "geometry": { "type": "Point", "coordinates": [ 141.375267799999961, 43.1031573 ] } },
{ "type": "Feature", "properties": { "内容": "すまいる元町【訪問介護】北海道札幌市東区北20条東20丁目4番3号ふれあいの里元町", "url2": "https://www.kaigokensaku.mhlw.go.jp/01/index.php?action_kouhyou_detail_004_kani=true&JigyosyoCd=0170208078-00&ServiceCd=110&Type=search" }, "geometry": { "type": "Point", "coordinates": [ 141.383052, 43.088915799999981 ] } },
{ "type": "Feature", "properties": { "内容": "ヘルパーステーション　ライフ新道東【訪問介護】北海道札幌市東区北36条東19丁目1番20号コーポ竹内102号室", "url2": "https://www.kaigokensaku.mhlw.go.jp/01/index.php?action_kouhyou_detail_004_kani=true&JigyosyoCd=0170209332-00&ServiceCd=110&Type=search" }, "geometry": { "type": "Point", "coordinates": [ 141.3753069, 43.1069706 ] } },
{ "type": "Feature", "properties": { "内容": "学研ココファン環状通東ヘルパーセンター【訪問介護】北海道札幌市東区北13条東15丁目3番29号", "url2": "https://www.kaigokensaku.mhlw.go.jp/01/index.php?action_kouhyou_detail_004_kani=true&JigyosyoCd=0170209753-00&ServiceCd=110&Type=search" }, "geometry": { "type": "Point", "coordinates": [ 141.375965900000011, 43.0801892 ] } },
{ "type": "Feature", "properties": { "内容": "介護サービス栄町【訪問介護】北海道札幌市東区北４２条東１３丁目2-8かがやき栄町", "url2": "https://www.kaigokensaku.mhlw.go.jp/01/index.php?action_kouhyou_detail_004_kani=true&JigyosyoCd=0170206577-00&ServiceCd=110&Type=search" }, "geometry": { "type": "Point", "coordinates": [ 141.348065600000041, 43.1107867 ] } },
{ "type": "Feature", "properties": { "内容": "ヘルパーステーションhale【訪問介護】札幌市東区北15条東4丁目2-33", "url2": "https://www.kaigokensaku.mhlw.go.jp/01/index.php?action_kouhyou_detail_004_kani=true&JigyosyoCd=0170210199-00&ServiceCd=110&Type=search" }, "geometry": { "type": "Point", "coordinates": [ 141.3576558, 43.080514 ] } },
{ "type": "Feature", "properties": { "内容": "健康会ヘルパーステーション札幌東【訪問介護】北海道札幌市東区北20条東15丁目4番22号", "url2": "https://www.kaigokensaku.mhlw.go.jp/01/index.php?action_kouhyou_detail_004_kani=true&JigyosyoCd=0170205199-00&ServiceCd=110&Type=search" }, "geometry": { "type": "Point", "coordinates": [ 141.3726341, 43.0888028 ] } },
{ "type": "Feature", "properties": { "内容": "苗穂やわらぎ【訪問介護】北海道札幌市東区本町2条7丁目6-32", "url2": "https://www.kaigokensaku.mhlw.go.jp/01/index.php?action_kouhyou_detail_004_kani=true&JigyosyoCd=0170208896-00&ServiceCd=110&Type=search" }, "geometry": { "type": "Point", "coordinates": [ 141.394794708598369, 43.07775904385813 ] } },
{ "type": "Feature", "properties": { "内容": "ﾍﾙﾊﾟｰｽﾃｰｼｮﾝ三角点通り【訪問介護】札幌市東区東苗穂５条２丁目10-15絆・三角点通り館", "url2": "https://www.kaigokensaku.mhlw.go.jp/01/index.php?action_kouhyou_detail_004_kani=true&JigyosyoCd=0170208656-00&ServiceCd=110&Type=search" }, "geometry": { "type": "Point", "coordinates": [ 141.407646525411252, 43.088348863535913 ] } },
{ "type": "Feature", "properties": { "内容": "訪問介護事業所すみれ【訪問介護】北海道札幌市東区伏古2条5丁目3-6コーポ25", "url2": "https://www.kaigokensaku.mhlw.go.jp/01/index.php?action_kouhyou_detail_004_kani=true&JigyosyoCd=0170209431-00&ServiceCd=110&Type=search" }, "geometry": { "type": "Point", "coordinates": [ 141.392631599999987, 43.0824692 ] } },
{ "type": "Feature", "properties": { "内容": "在宅介護支援サービス札幌【訪問介護】北海道札幌市東区北３２条東１７丁目１－１４", "url2": "https://www.kaigokensaku.mhlw.go.jp/01/index.php?action_kouhyou_detail_004_kani=true&JigyosyoCd=0170201123-00&ServiceCd=110&Type=search" }, "geometry": { "type": "Point", "coordinates": [ 141.3717279, 43.1027137 ] } },
{ "type": "Feature", "properties": { "内容": "ヘルパーステーションひのき【訪問介護】北海道札幌市東区中沼西4条1-1-5フィルドハウス202号", "url2": "https://www.kaigokensaku.mhlw.go.jp/01/index.php?action_kouhyou_detail_004_kani=true&JigyosyoCd=0170208151-00&ServiceCd=110&Type=search" }, "geometry": { "type": "Point", "coordinates": [ 141.352336499999979, 43.1052958 ] } },
{ "type": "Feature", "properties": { "内容": "ケアアシスト光【訪問介護】北海道札幌市東区北13条東6丁目1-68", "url2": "https://www.kaigokensaku.mhlw.go.jp/01/index.php?action_kouhyou_detail_004_kani=true&JigyosyoCd=0170205496-00&ServiceCd=110&Type=search" }, "geometry": { "type": "Point", "coordinates": [ 141.3614258, 43.077923 ] } },
{ "type": "Feature", "properties": { "内容": "ヘルパーステーションほほえみ【訪問介護】北海道札幌市東区北１７条東１５丁目4番20号ﾘﾍﾞﾙ元町208", "url2": "https://www.kaigokensaku.mhlw.go.jp/01/index.php?action_kouhyou_detail_004_kani=true&JigyosyoCd=0170207138-00&ServiceCd=110&Type=search" }, "geometry": { "type": "Point", "coordinates": [ 141.3735862, 43.0850244 ] } },
{ "type": "Feature", "properties": { "内容": "訪問介護事業所ミーサ【訪問介護】北海道札幌市東区北15条東７丁目1番20号KANTINEN15AH", "url2": "https://www.kaigokensaku.mhlw.go.jp/01/index.php?action_kouhyou_detail_004_kani=true&JigyosyoCd=0170515415-00&ServiceCd=110&Type=search" }, "geometry": { "type": "Point", "coordinates": [ 141.3632515, 43.0808294 ] } },
{ "type": "Feature", "properties": { "内容": "カレスヘルパーステーション【訪問介護】北海道札幌市東区北12条東4丁目1番1号カレスプレミアムガーデン", "url2": "https://www.kaigokensaku.mhlw.go.jp/01/index.php?action_kouhyou_detail_004_kani=true&JigyosyoCd=0160190153-00&ServiceCd=110&Type=search" }, "geometry": { "type": "Point", "coordinates": [ 141.358559005696065, 43.076649044466322 ] } },
{ "type": "Feature", "properties": { "内容": "ホームヘルプサービスステーション禎心会東【訪問介護】北海道札幌市東区北45条東9丁目2番7号禎心会東センター", "url2": "https://www.kaigokensaku.mhlw.go.jp/01/index.php?action_kouhyou_detail_004_kani=true&JigyosyoCd=0170201420-00&ServiceCd=110&Type=search" }, "geometry": { "type": "Point", "coordinates": [ 141.357146366934217, 43.116225684142599 ] } },
{ "type": "Feature", "properties": { "内容": "藤苑訪問介護事業所【訪問介護】札幌市東区伏古７条３丁目１番３３号", "url2": "https://www.kaigokensaku.mhlw.go.jp/01/index.php?action_kouhyou_detail_004_kani=true&JigyosyoCd=0170200083-00&ServiceCd=110&Type=search" }, "geometry": { "type": "Point", "coordinates": [ 141.392971499999931, 43.0897742 ] } },
{ "type": "Feature", "properties": { "内容": "訪問介護ステーションろく舎札幌東【訪問介護】北海道札幌市東区北33条東15丁目4-7アルカディア33　606号室", "url2": "https://www.kaigokensaku.mhlw.go.jp/01/index.php?action_kouhyou_detail_004_kani=true&JigyosyoCd=0170208490-00&ServiceCd=110&Type=search" }, "geometry": { "type": "Point", "coordinates": [ 141.367867, 43.1040634 ] } },
{ "type": "Feature", "properties": { "内容": "勤医協　ふしこヘルパーセンター【訪問介護】北海道札幌市東区伏古10条2丁目19番8号ひまわりビル", "url2": "https://www.kaigokensaku.mhlw.go.jp/01/index.php?action_kouhyou_detail_004_kani=true&JigyosyoCd=0170208862-00&ServiceCd=110&Type=search" }, "geometry": { "type": "Point", "coordinates": [ 141.3958432, 43.0950096 ] } },
{ "type": "Feature", "properties": { "内容": "社会福祉法人札幌市社会福祉協議会　東ヘルパーセンター【訪問介護】北海道札幌市東区北22条東16丁目1-3", "url2": "https://www.kaigokensaku.mhlw.go.jp/01/index.php?action_kouhyou_detail_004_kani=true&JigyosyoCd=0170205736-00&ServiceCd=110&Type=search" }, "geometry": { "type": "Point", "coordinates": [ 141.372680968851341, 43.091370009283771 ] } },
{ "type": "Feature", "properties": { "内容": "特定非営利活動法人たすけあいワーカーズそよ風【訪問介護】札幌市東区北17条東15丁目4-30鴻基ビル２階", "url2": "https://www.kaigokensaku.mhlw.go.jp/01/index.php?action_kouhyou_detail_004_kani=true&JigyosyoCd=0170202287-00&ServiceCd=110&Type=search" }, "geometry": { "type": "Point", "coordinates": [ 141.373786914539494, 43.084302581884415 ] } },
{ "type": "Feature", "properties": { "内容": "特定非営利活動法人　介護グループ　ありんこ【訪問介護】北海道札幌市東区北３７条東１８丁目１番１０号", "url2": "https://www.kaigokensaku.mhlw.go.jp/01/index.php?action_kouhyou_detail_004_kani=true&JigyosyoCd=0170201941-00&ServiceCd=110&Type=search" }, "geometry": { "type": "Point", "coordinates": [ 141.3717913670109, 43.108544117956193 ] } },
{ "type": "Feature", "properties": { "内容": "ファミリーサポートケアセンター【訪問介護】北海道札幌市東区東苗穂３条１丁目９番２1号", "url2": "https://www.kaigokensaku.mhlw.go.jp/01/index.php?action_kouhyou_detail_004_kani=true&JigyosyoCd=0170208235-00&ServiceCd=110&Type=search" }, "geometry": { "type": "Point", "coordinates": [ 141.400816747096343, 43.086119113114435 ] } },
{ "type": "Feature", "properties": { "内容": "ファミリーハート訪問介護事業所【訪問介護】北海道札幌市東区北三十七条東１０丁目２番１６号", "url2": "https://www.kaigokensaku.mhlw.go.jp/01/index.php?action_kouhyou_detail_004_kani=true&JigyosyoCd=0170202139-00&ServiceCd=110&Type=search" }, "geometry": { "type": "Point", "coordinates": [ 141.3615231, 43.1073205 ] } },
{ "type": "Feature", "properties": { "内容": "ホームケアサプライ【訪問介護】札幌市東区北49条東5丁目1番17号", "url2": "https://www.kaigokensaku.mhlw.go.jp/01/index.php?action_kouhyou_detail_004_kani=true&JigyosyoCd=0170201461-00&ServiceCd=110&Type=search" }, "geometry": { "type": "Point", "coordinates": [ 141.350367600000027, 43.1196772 ] } },
{ "type": "Feature", "properties": { "内容": "愛在宅介護サービス【訪問介護】札幌市東区東苗穂12条3丁目6番7号", "url2": "https://www.kaigokensaku.mhlw.go.jp/01/index.php?action_kouhyou_detail_004_kani=true&JigyosyoCd=0170201511-00&ServiceCd=110&Type=search" }, "geometry": { "type": "Point", "coordinates": [ 141.4239149, 43.1028625 ] } },
{ "type": "Feature", "properties": { "内容": "ヘルパーステヘション　はる風【訪問介護】北海道札幌市東区北35条東3丁目1番1号小野ビル2階", "url2": "https://www.kaigokensaku.mhlw.go.jp/01/index.php?action_kouhyou_detail_004_kani=true&JigyosyoCd=0170202345-00&ServiceCd=110&Type=search" }, "geometry": { "type": "Point", "coordinates": [ 141.350640800000065, 43.1036129 ] } },
{ "type": "Feature", "properties": { "内容": "訪問介護ステーション静友【訪問介護】札幌市東区中沼町69番地149", "url2": "https://www.kaigokensaku.mhlw.go.jp/01/index.php?action_kouhyou_detail_004_kani=true&JigyosyoCd=0170201974-00&ServiceCd=110&Type=search" }, "geometry": { "type": "Point", "coordinates": [ 141.439346480966861, 43.13574618902404 ] } },
{ "type": "Feature", "properties": { "内容": "ヘルパーステーション　きずな【訪問介護】北海道札幌市東区伏古９条４丁目２番16号", "url2": "https://www.kaigokensaku.mhlw.go.jp/01/index.php?action_kouhyou_detail_004_kani=true&JigyosyoCd=0170208664-00&ServiceCd=110&Type=search" }, "geometry": { "type": "Point", "coordinates": [ 141.388724200000013, 43.0831808 ] } },
{ "type": "Feature", "properties": { "内容": "訪問介護事業所スリール【訪問介護】北海道札幌市東区北24条東15丁目1-7スリールもとまち406号室", "url2": "https://www.kaigokensaku.mhlw.go.jp/01/index.php?action_kouhyou_detail_004_kani=true&JigyosyoCd=0170203194-00&ServiceCd=110&Type=search" }, "geometry": { "type": "Point", "coordinates": [ 141.370486320667084, 43.094090215091853 ] } },
{ "type": "Feature", "properties": { "内容": "訪問介護ステーションあやめ東苗穂【訪問介護】札幌市東区東苗穂8条2丁目13-8みなづきホーム東苗穂館　2階", "url2": "https://www.kaigokensaku.mhlw.go.jp/01/index.php?action_kouhyou_detail_004_kani=true&JigyosyoCd=0170210090-00&ServiceCd=110&Type=search" }, "geometry": { "type": "Point", "coordinates": [ 141.4127565, 43.0982993 ] } },
{ "type": "Feature", "properties": { "内容": "ヘルパーステーションリ・ボン【訪問介護】北海道札幌市東区東苗穂３条１丁目２－６５", "url2": "https://www.kaigokensaku.mhlw.go.jp/01/index.php?action_kouhyou_detail_004_kani=true&JigyosyoCd=0170204499-00&ServiceCd=110&Type=search" }, "geometry": { "type": "Point", "coordinates": [ 141.401412544952308, 43.087462800987389 ] } },
{ "type": "Feature", "properties": { "内容": "ホームヘルプサービス　おぶらーと【訪問介護】北海道札幌市白石区北郷３条３丁目４－７第３博栄マンション１０２号", "url2": "https://www.kaigokensaku.mhlw.go.jp/01/index.php?action_kouhyou_detail_004_kani=true&JigyosyoCd=0170508568-00&ServiceCd=110&Type=search" }, "geometry": { "type": "Point", "coordinates": [ 141.412511169940558, 43.061968802528064 ] } },
{ "type": "Feature", "properties": { "内容": "けあとらいぶ【訪問介護】北海道札幌市白石区栄通11丁目2番15号パークハイツ3号室", "url2": "https://www.kaigokensaku.mhlw.go.jp/01/index.php?action_kouhyou_detail_004_kani=true&JigyosyoCd=0170508360-00&ServiceCd=110&Type=search" }, "geometry": { "type": "Point", "coordinates": [ 141.415800200000035, 43.033925 ] } },
{ "type": "Feature", "properties": { "内容": "訪問介護事業所　森の時計【訪問介護】北海道札幌市白石区平和通11丁目南３－７リラウインド平和２０７", "url2": "https://www.kaigokensaku.mhlw.go.jp/01/index.php?action_kouhyou_detail_004_kani=true&JigyosyoCd=0170511810-00&ServiceCd=110&Type=search" }, "geometry": { "type": "Point", "coordinates": [ 141.425293199999942, 43.043827299999982 ] } },
{ "type": "Feature", "properties": { "内容": "オストケア訪問介護しろいし【訪問介護】北海道札幌市白石区平和通1丁目北2番3号イオル平和通内", "url2": "https://www.kaigokensaku.mhlw.go.jp/01/index.php?action_kouhyou_detail_004_kani=true&JigyosyoCd=0170512727-00&ServiceCd=110&Type=search" }, "geometry": { "type": "Point", "coordinates": [ 141.405850099999952, 43.0568948 ] } },
{ "type": "Feature", "properties": { "内容": "ケアサポート　コ・ミタス【訪問介護】北海道札幌市白石区川下3条7丁目1－33緑香ビル102", "url2": "https://www.kaigokensaku.mhlw.go.jp/01/index.php?action_kouhyou_detail_004_kani=true&JigyosyoCd=0170511000-00&ServiceCd=110&Type=search" }, "geometry": { "type": "Point", "coordinates": [ 141.45089889999997, 43.0477231 ] } },
{ "type": "Feature", "properties": { "内容": "コミュニティホーム白石　ホームヘルパーステーション【訪問介護】北海道札幌市白石区本郷通3丁目南1番35号", "url2": "https://www.kaigokensaku.mhlw.go.jp/01/index.php?action_kouhyou_detail_004_kani=true&JigyosyoCd=0170500128-00&ServiceCd=110&Type=search" }, "geometry": { "type": "Point", "coordinates": [ 141.4041221, 43.0460766 ] } },
{ "type": "Feature", "properties": { "内容": "福祉生協白石ヘルパーステーション【訪問介護】北海道札幌市白石区南郷通6丁目北2-10", "url2": "https://www.kaigokensaku.mhlw.go.jp/01/index.php?action_kouhyou_detail_004_kani=true&JigyosyoCd=0170508139-00&ServiceCd=110&Type=search" }, "geometry": { "type": "Point", "coordinates": [ 141.409042099999965, 43.0422796 ] } },
{ "type": "Feature", "properties": { "内容": "介護ステーションソニア【訪問介護】北海道札幌市白石区栄通１８丁目５-５５", "url2": "https://www.kaigokensaku.mhlw.go.jp/01/index.php?action_kouhyou_detail_004_kani=true&JigyosyoCd=0170511976-00&ServiceCd=110&Type=search" }, "geometry": { "type": "Point", "coordinates": [ 141.433327600000013, 43.0275854 ] } },
{ "type": "Feature", "properties": { "内容": "ブラウン【訪問介護】札幌市白石区東札幌２条６丁目８番２１号第５トーホービル２０３", "url2": "https://www.kaigokensaku.mhlw.go.jp/01/index.php?action_kouhyou_detail_004_kani=true&JigyosyoCd=0170208243-00&ServiceCd=110&Type=search" }, "geometry": { "type": "Point", "coordinates": [ 141.394681989551259, 43.045023755194784 ] } },
{ "type": "Feature", "properties": { "内容": "訪問介護事業所たんぽぽ【訪問介護】北海道札幌市白石区平和通2丁目北１０番５号登竜荘１０２", "url2": "https://www.kaigokensaku.mhlw.go.jp/01/index.php?action_kouhyou_detail_004_kani=true&JigyosyoCd=0170512826-00&ServiceCd=110&Type=search" }, "geometry": { "type": "Point", "coordinates": [ 141.409882599999946, 43.0536947 ] } },
{ "type": "Feature", "properties": { "内容": "ああちゃん菊水訪問介護事業所【訪問介護】菊水7条3丁目3番1パティオ竹善303号", "url2": "https://www.kaigokensaku.mhlw.go.jp/01/index.php?action_kouhyou_detail_004_kani=true&JigyosyoCd=0170514251-00&ServiceCd=110&Type=search" }, "geometry": { "type": "Point", "coordinates": [ 141.3809339, 43.0577365 ] } },
{ "type": "Feature", "properties": { "内容": "ＳＯＭＰＯケア　札幌菊水　訪問介護【訪問介護】北海道札幌市白石区菊水3条4丁目2番7号樋口ビル１Ｆ", "url2": "https://www.kaigokensaku.mhlw.go.jp/01/index.php?action_kouhyou_detail_004_kani=true&JigyosyoCd=0170513287-00&ServiceCd=110&Type=search" }, "geometry": { "type": "Point", "coordinates": [ 141.377486200000021, 43.0551276 ] } },
{ "type": "Feature", "properties": { "内容": "ＳＯＭＰＯケア　札幌川下　訪問介護【訪問介護】北海道札幌市白石区川下３条６丁目６番１号", "url2": "https://www.kaigokensaku.mhlw.go.jp/01/index.php?action_kouhyou_detail_004_kani=true&JigyosyoCd=0170513303-00&ServiceCd=110&Type=search" }, "geometry": { "type": "Point", "coordinates": [ 141.448452, 43.0496722 ] } },
{ "type": "Feature", "properties": { "内容": "訪問介護ファミリー・ホスピス白石【訪問介護】北海道札幌市白石区川下２条７丁目２番２２号", "url2": "https://www.kaigokensaku.mhlw.go.jp/01/index.php?action_kouhyou_detail_004_kani=true&JigyosyoCd=0170515654-00&ServiceCd=110&Type=search" }, "geometry": { "type": "Point", "coordinates": [ 141.4509349, 43.0473253 ] } },
{ "type": "Feature", "properties": { "内容": "ケアサポートうるおい白石【訪問介護】栄通21丁目14-7", "url2": "https://www.kaigokensaku.mhlw.go.jp/01/index.php?action_kouhyou_detail_004_kani=true&JigyosyoCd=0170514855-00&ServiceCd=110&Type=search" }, "geometry": { "type": "Point", "coordinates": [ 141.4422887, 43.0246543 ] } },
{ "type": "Feature", "properties": { "内容": "札幌介護センター徳洲苑しろいし（ヘルパーステーション）【訪問介護】北海道札幌市白石区栄通１８丁目４番１０号サービス付き高齢者向け住宅　徳洲苑しろいし", "url2": "https://www.kaigokensaku.mhlw.go.jp/01/index.php?action_kouhyou_detail_004_kani=true&JigyosyoCd=0170509020-00&ServiceCd=110&Type=search" }, "geometry": { "type": "Point", "coordinates": [ 141.431815265745513, 43.029087400000321 ] } },
{ "type": "Feature", "properties": { "内容": "福祉共済会在宅介護サービスセンター【訪問介護】北海道札幌市白石区菊水３条４丁目１－３こくみん共済coop北海道会館", "url2": "https://www.kaigokensaku.mhlw.go.jp/01/index.php?action_kouhyou_detail_004_kani=true&JigyosyoCd=0170508238-00&ServiceCd=110&Type=search" }, "geometry": { "type": "Point", "coordinates": [ 141.375916800000027, 43.0550359 ] } },
{ "type": "Feature", "properties": { "内容": "訪問介護　カトレア【訪問介護】北海道札幌市白石区北郷6条3丁目4番25号", "url2": "https://www.kaigokensaku.mhlw.go.jp/01/index.php?action_kouhyou_detail_004_kani=true&JigyosyoCd=0170510648-00&ServiceCd=110&Type=search" }, "geometry": { "type": "Point", "coordinates": [ 141.419957033053521, 43.064918003344637 ] } },
{ "type": "Feature", "properties": { "内容": "訪問介護事業所ケアビブレ【訪問介護】北海道札幌市白石区本郷通10丁目南1-10ストーンヒル10", "url2": "https://www.kaigokensaku.mhlw.go.jp/01/index.php?action_kouhyou_detail_004_kani=true&JigyosyoCd=0170505903-00&ServiceCd=110&Type=search" }, "geometry": { "type": "Point", "coordinates": [ 141.417773885658306, 43.03971751213151 ] } },
{ "type": "Feature", "properties": { "内容": "ヘルパーステーションはばたき【訪問介護】北海道札幌市白石区本郷通３丁目南４番１１号スピタール南郷丘１階", "url2": "https://www.kaigokensaku.mhlw.go.jp/01/index.php?action_kouhyou_detail_004_kani=true&JigyosyoCd=0170500359-00&ServiceCd=110&Type=search" }, "geometry": { "type": "Point", "coordinates": [ 141.40537, 43.0461486 ] } },
{ "type": "Feature", "properties": { "内容": "にこにこホームケア白石【訪問介護】北海道札幌市白石区北郷二条１２丁目１４－１５－１０１", "url2": "https://www.kaigokensaku.mhlw.go.jp/01/index.php?action_kouhyou_detail_004_kani=true&JigyosyoCd=0170507768-00&ServiceCd=110&Type=search" }, "geometry": { "type": "Point", "coordinates": [ 141.437585773217336, 43.048869348280725 ] } },
{ "type": "Feature", "properties": { "内容": "訪問介護ステーション　健寿の里【訪問介護】北海道札幌市白石区本郷通１０丁目北１番１２号", "url2": "https://www.kaigokensaku.mhlw.go.jp/01/index.php?action_kouhyou_detail_004_kani=true&JigyosyoCd=0170511604-00&ServiceCd=110&Type=search" }, "geometry": { "type": "Point", "coordinates": [ 141.418963399999939, 43.0408189 ] } },
{ "type": "Feature", "properties": { "内容": "札幌白石やわらぎ【訪問介護】北海道札幌市白石区川北１条１丁目12番40号有料老人ホームサニーライフ札幌白石", "url2": "https://www.kaigokensaku.mhlw.go.jp/01/index.php?action_kouhyou_detail_004_kani=true&JigyosyoCd=0170508550-00&ServiceCd=110&Type=search" }, "geometry": { "type": "Point", "coordinates": [ 141.434650980425999, 43.057097200188608 ] } },
{ "type": "Feature", "properties": { "内容": "ステップ訪問介護サービス【訪問介護】北海道札幌市白石区平和通4丁目南1番7号ラベンダー白石６F", "url2": "https://www.kaigokensaku.mhlw.go.jp/01/index.php?action_kouhyou_detail_004_kani=true&JigyosyoCd=0170509624-00&ServiceCd=110&Type=search" }, "geometry": { "type": "Point", "coordinates": [ 141.4119503, 43.0514755 ] } },
{ "type": "Feature", "properties": { "内容": "ヘルパーステーションクローバー【訪問介護】札幌市白石区北郷8条4丁目2-25OMレジデンス北郷8条　101", "url2": "https://www.kaigokensaku.mhlw.go.jp/01/index.php?action_kouhyou_detail_004_kani=true&JigyosyoCd=0170209613-00&ServiceCd=110&Type=search" }, "geometry": { "type": "Point", "coordinates": [ 141.422647195691212, 43.066680456698045 ] } },
{ "type": "Feature", "properties": { "内容": "訪問介護事業所ろぴ【訪問介護】北海道札幌市白石区菊水７条４丁目2番1号シティ菊水ビルA", "url2": "https://www.kaigokensaku.mhlw.go.jp/01/index.php?action_kouhyou_detail_004_kani=true&JigyosyoCd=0170405997-00&ServiceCd=110&Type=search" }, "geometry": { "type": "Point", "coordinates": [ 141.3818982, 43.0562266 ] } },
{ "type": "Feature", "properties": { "内容": "訪問介護事業所　一笑【訪問介護】北海道札幌市白石区本通９丁目南７番２０号オリーブコート１０３号", "url2": "https://www.kaigokensaku.mhlw.go.jp/01/index.php?action_kouhyou_detail_004_kani=true&JigyosyoCd=0170516066-00&ServiceCd=110&Type=search" }, "geometry": { "type": "Point", "coordinates": [ 141.4196052, 43.0420799 ] } },
{ "type": "Feature", "properties": { "内容": "医心館訪問介護ステーション東札幌【訪問介護】北海道札幌市白石区東札幌１条１丁目６番２５号", "url2": "https://www.kaigokensaku.mhlw.go.jp/01/index.php?action_kouhyou_detail_004_kani=true&JigyosyoCd=0170515308-00&ServiceCd=110&Type=search" }, "geometry": { "type": "Point", "coordinates": [ 141.37952820000001, 43.0500491 ] } },
{ "type": "Feature", "properties": { "内容": "ヘルパーステーションばらんす【訪問介護】北海道札幌市白石区川北３条１丁目３番１７号", "url2": "https://www.kaigokensaku.mhlw.go.jp/01/index.php?action_kouhyou_detail_004_kani=true&JigyosyoCd=0170203566-00&ServiceCd=110&Type=search" }, "geometry": { "type": "Point", "coordinates": [ 141.433119199999965, 43.0617842 ] } },
{ "type": "Feature", "properties": { "内容": "ヘルパーステーション　ケアライズ札幌【訪問介護】北海道札幌市白石区南郷通１１丁目南１－３ラシェット南郷１０２号", "url2": "https://www.kaigokensaku.mhlw.go.jp/01/index.php?action_kouhyou_detail_004_kani=true&JigyosyoCd=0170504567-00&ServiceCd=110&Type=search" }, "geometry": { "type": "Point", "coordinates": [ 141.369899, 43.031266099999982 ] } },
{ "type": "Feature", "properties": { "内容": "ケア・コルテ【訪問介護】北海道札幌市白石区平和通２丁目南6-34", "url2": "https://www.kaigokensaku.mhlw.go.jp/01/index.php?action_kouhyou_detail_004_kani=true&JigyosyoCd=0170510580-00&ServiceCd=110&Type=search" }, "geometry": { "type": "Point", "coordinates": [ 141.409241599999973, 43.0517815 ] } },
{ "type": "Feature", "properties": { "内容": "ヘルパーステーションいきいき・すこやか【訪問介護】北海道札幌市白石区北郷2条7丁目5-9", "url2": "https://www.kaigokensaku.mhlw.go.jp/01/index.php?action_kouhyou_detail_004_kani=true&JigyosyoCd=0170501001-00&ServiceCd=110&Type=search" }, "geometry": { "type": "Point", "coordinates": [ 141.422998399999983, 43.0533929 ] } },
{ "type": "Feature", "properties": { "内容": "訪問介護ステーションであい【訪問介護】北海道札幌市白石区栄通７丁目４番３０号", "url2": "https://www.kaigokensaku.mhlw.go.jp/01/index.php?action_kouhyou_detail_004_kani=true&JigyosyoCd=0170505515-00&ServiceCd=110&Type=search" }, "geometry": { "type": "Point", "coordinates": [ 141.407581400000026, 43.037002200000018 ] } },
{ "type": "Feature", "properties": { "内容": "訪問介護事業所レアマーレ【訪問介護】北海道札幌市白石区米里5条１丁目1－20", "url2": "https://www.kaigokensaku.mhlw.go.jp/01/index.php?action_kouhyou_detail_004_kani=true&JigyosyoCd=0170515100-00&ServiceCd=110&Type=search" }, "geometry": { "type": "Point", "coordinates": [ 141.4281681, 43.0857003 ] } },
{ "type": "Feature", "properties": { "内容": "訪問介護事業所菜の花【訪問介護】北海道札幌市白石区本郷通7丁目北４－２０レインボーハイムＡ２０３", "url2": "https://www.kaigokensaku.mhlw.go.jp/01/index.php?action_kouhyou_detail_004_kani=true&JigyosyoCd=0170509145-00&ServiceCd=110&Type=search" }, "geometry": { "type": "Point", "coordinates": [ 141.414206755276467, 43.043930225374979 ] } },
{ "type": "Feature", "properties": { "内容": "グリーン【訪問介護】札幌市白石区中央1条7丁目8番17号", "url2": "https://www.kaigokensaku.mhlw.go.jp/01/index.php?action_kouhyou_detail_004_kani=true&JigyosyoCd=0170506406-00&ServiceCd=110&Type=search" }, "geometry": { "type": "Point", "coordinates": [ 141.403168519712835, 43.05239835527756 ] } },
{ "type": "Feature", "properties": { "内容": "訪問介護ステーション　ゆう白石【訪問介護】北海道札幌市白石区平和通15丁目北16-11パールハイツ・102", "url2": "https://www.kaigokensaku.mhlw.go.jp/01/index.php?action_kouhyou_detail_004_kani=true&JigyosyoCd=0170402622-00&ServiceCd=110&Type=search" }, "geometry": { "type": "Point", "coordinates": [ 141.433061986055463, 43.043477665702767 ] } },
{ "type": "Feature", "properties": { "内容": "ヘルパーステーションゆうゆう【訪問介護】北海道札幌市白石区本通19丁目南2-32住宅型有料老人ホーム「遊楽館」白石本通1F", "url2": "https://www.kaigokensaku.mhlw.go.jp/01/index.php?action_kouhyou_detail_004_kani=true&JigyosyoCd=0170512131-00&ServiceCd=110&Type=search" }, "geometry": { "type": "Point", "coordinates": [ 141.438322761901901, 43.032231236316285 ] } },
{ "type": "Feature", "properties": { "内容": "介護サービス平和通【訪問介護】北海道札幌市白石区平和通4丁目北4番11号", "url2": "https://www.kaigokensaku.mhlw.go.jp/01/index.php?action_kouhyou_detail_004_kani=true&JigyosyoCd=0170501456-00&ServiceCd=110&Type=search" }, "geometry": { "type": "Point", "coordinates": [ 141.414609220901525, 43.053420238508679 ] } },
{ "type": "Feature", "properties": { "内容": "ヘルパーステーション皇寿の郷【訪問介護】北海道札幌市白石区本通14丁目北1番26号皇寿の郷Ⅰ番館", "url2": "https://www.kaigokensaku.mhlw.go.jp/01/index.php?action_kouhyou_detail_004_kani=true&JigyosyoCd=0170506935-00&ServiceCd=110&Type=search" }, "geometry": { "type": "Point", "coordinates": [ 141.429044980089429, 43.040591949284753 ] } },
{ "type": "Feature", "properties": { "内容": "ホームケア土屋白石【訪問介護】中央二条６丁目１−３８ＳＯＣ白石ビル３Ｆ−ＡＢ号室", "url2": "https://www.kaigokensaku.mhlw.go.jp/01/index.php?action_kouhyou_detail_004_kani=true&JigyosyoCd=0170515324-00&ServiceCd=110&Type=search" }, "geometry": { "type": "Point", "coordinates": [ 141.4009206, 43.0541552 ] } },
{ "type": "Feature", "properties": { "内容": "ヘルパーステーションたけうち【訪問介護】北海道札幌市白石区北郷1条2丁目1番16号", "url2": "https://www.kaigokensaku.mhlw.go.jp/01/index.php?action_kouhyou_detail_004_kani=true&JigyosyoCd=0170501225-00&ServiceCd=110&Type=search" }, "geometry": { "type": "Point", "coordinates": [ 141.4069637, 43.0594169 ] } },
{ "type": "Feature", "properties": { "内容": "ヘルパーステーションＴＯＭＯ【訪問介護】北海道札幌市白石区平和通１１丁目南３番７号リラウインド平和４０７号", "url2": "https://www.kaigokensaku.mhlw.go.jp/01/index.php?action_kouhyou_detail_004_kani=true&JigyosyoCd=0170515969-00&ServiceCd=110&Type=search" }, "geometry": { "type": "Point", "coordinates": [ 141.4252643, 43.0438251 ] } },
{ "type": "Feature", "properties": { "内容": "介護アイカンシャ【訪問介護】北海道札幌市白石区本通１７丁目北１４番１号冬春荘１０２号室", "url2": "https://www.kaigokensaku.mhlw.go.jp/01/index.php?action_kouhyou_detail_004_kani=true&JigyosyoCd=0170507776-00&ServiceCd=110&Type=search" }, "geometry": { "type": "Point", "coordinates": [ 141.436753640096669, 43.036510943992354 ] } },
{ "type": "Feature", "properties": { "内容": "訪問介護ステーション　喜日【訪問介護】北海道札幌市白石区本郷通7丁目北5-15ロサ・グラウクス202号室", "url2": "https://www.kaigokensaku.mhlw.go.jp/01/index.php?action_kouhyou_detail_004_kani=true&JigyosyoCd=0170514749-00&ServiceCd=110&Type=search" }, "geometry": { "type": "Point", "coordinates": [ 141.413948641719458, 43.043684375296479 ] } },
{ "type": "Feature", "properties": { "内容": "ヘルパーステーション絆【訪問介護】北海道札幌市白石区平和通２丁目北4-45ダイアナ白石ヒルズⅢ２２１号室", "url2": "https://www.kaigokensaku.mhlw.go.jp/01/index.php?action_kouhyou_detail_004_kani=true&JigyosyoCd=0170511174-00&ServiceCd=110&Type=search" }, "geometry": { "type": "Point", "coordinates": [ 141.411427300000014, 43.0544702 ] } },
{ "type": "Feature", "properties": { "内容": "ヘルパーステーションあおい【訪問介護】北海道札幌市白石区本通4丁目南1-12", "url2": "https://www.kaigokensaku.mhlw.go.jp/01/index.php?action_kouhyou_detail_004_kani=true&JigyosyoCd=0170513006-00&ServiceCd=110&Type=search" }, "geometry": { "type": "Point", "coordinates": [ 141.408939, 43.0486235 ] } },
{ "type": "Feature", "properties": { "内容": "ケアタウン結【訪問介護】北海道札幌市白石区菊水元町８条１丁目１３番６号", "url2": "https://www.kaigokensaku.mhlw.go.jp/01/index.php?action_kouhyou_detail_004_kani=true&JigyosyoCd=0170506885-00&ServiceCd=110&Type=search" }, "geometry": { "type": "Point", "coordinates": [ 141.410881612928591, 43.075989229857043 ] } },
{ "type": "Feature", "properties": { "内容": "ヘルパーステーションパステル【訪問介護】北海道札幌市白石区北郷六条４丁目７番１７号", "url2": "https://www.kaigokensaku.mhlw.go.jp/01/index.php?action_kouhyou_detail_004_kani=true&JigyosyoCd=0170515506-00&ServiceCd=110&Type=search" }, "geometry": { "type": "Point", "coordinates": [ 141.422320500000012, 43.062935 ] } },
{ "type": "Feature", "properties": { "内容": "訪問介護ステーションろく舎札幌白石【訪問介護】北海道札幌市白石区本郷通8丁目南2-24アーバン本郷　103号", "url2": "https://www.kaigokensaku.mhlw.go.jp/01/index.php?action_kouhyou_detail_004_kani=true&JigyosyoCd=0170513188-00&ServiceCd=110&Type=search" }, "geometry": { "type": "Point", "coordinates": [ 141.41399720000004, 43.0418492 ] } },
{ "type": "Feature", "properties": { "内容": "ヘルパーステーションぽるて【訪問介護】北海道札幌市白石区菊水二条1丁目8-8グランド菊水B館", "url2": "https://www.kaigokensaku.mhlw.go.jp/01/index.php?action_kouhyou_detail_004_kani=true&JigyosyoCd=0170513204-00&ServiceCd=110&Type=search" }, "geometry": { "type": "Point", "coordinates": [ 141.371105899999947, 43.0581189 ] } },
{ "type": "Feature", "properties": { "内容": "勤医協ヘルパーステーション北白石【訪問介護】北海道札幌市白石区米里１条４丁目６－１０", "url2": "https://www.kaigokensaku.mhlw.go.jp/01/index.php?action_kouhyou_detail_004_kani=true&JigyosyoCd=0170510846-00&ServiceCd=110&Type=search" }, "geometry": { "type": "Point", "coordinates": [ 141.419154094442746, 43.071702053853613 ] } },
{ "type": "Feature", "properties": { "内容": "勤医協ヘルパーステーションかしわの杜【訪問介護】北海道札幌市白石区本通７丁目北２番１６号", "url2": "https://www.kaigokensaku.mhlw.go.jp/01/index.php?action_kouhyou_detail_004_kani=true&JigyosyoCd=0170510911-00&ServiceCd=110&Type=search" }, "geometry": { "type": "Point", "coordinates": [ 141.416757800000028, 43.046485 ] } },
{ "type": "Feature", "properties": { "内容": "生活支援窓花【訪問介護】北海道札幌市白石区川北２条1丁目11-22", "url2": "https://www.kaigokensaku.mhlw.go.jp/01/index.php?action_kouhyou_detail_004_kani=true&JigyosyoCd=0170503155-00&ServiceCd=110&Type=search" }, "geometry": { "type": "Point", "coordinates": [ 141.433766500000047, 43.060351 ] } },
{ "type": "Feature", "properties": { "内容": "特定非営利活動法人　たすけあいワーカーズむく【訪問介護】北海道札幌市白石区平和通３丁目南1-7アルスタウン１階", "url2": "https://www.kaigokensaku.mhlw.go.jp/01/index.php?action_kouhyou_detail_004_kani=true&JigyosyoCd=0170505317-00&ServiceCd=110&Type=search" }, "geometry": { "type": "Point", "coordinates": [ 141.410458942327836, 43.052296776518368 ] } },
{ "type": "Feature", "properties": { "内容": "栄通訪問介護ステーション【訪問介護】北海道札幌市白石区栄通2丁目1-22虹の家　栄通1階", "url2": "https://www.kaigokensaku.mhlw.go.jp/01/index.php?action_kouhyou_detail_004_kani=true&JigyosyoCd=0170507560-00&ServiceCd=110&Type=search" }, "geometry": { "type": "Point", "coordinates": [ 141.396365599999967, 43.0408432 ] } },
{ "type": "Feature", "properties": { "内容": "訪問介護ぬくもりの手【訪問介護】北海道札幌市白石区北郷2条2丁目2－17", "url2": "https://www.kaigokensaku.mhlw.go.jp/01/index.php?action_kouhyou_detail_004_kani=true&JigyosyoCd=0170509749-00&ServiceCd=110&Type=search" }, "geometry": { "type": "Point", "coordinates": [ 141.407688499999949, 43.0625361 ] } },
{ "type": "Feature", "properties": { "内容": "訪問介護事業所アクア白石駅前【訪問介護】北海道札幌市白石区北郷1条5丁目3番5", "url2": "https://www.kaigokensaku.mhlw.go.jp/01/index.php?action_kouhyou_detail_004_kani=true&JigyosyoCd=0170513394-00&ServiceCd=110&Type=search" }, "geometry": { "type": "Point", "coordinates": [ 141.415133623229423, 43.055374287391373 ] } },
{ "type": "Feature", "properties": { "内容": "ヘルパーステーションモーニング【訪問介護】北海道札幌市白石区本通14丁目南5番25号サービス付き高齢者向け住宅モーニング", "url2": "https://www.kaigokensaku.mhlw.go.jp/01/index.php?action_kouhyou_detail_004_kani=true&JigyosyoCd=0170508154-00&ServiceCd=110&Type=search" }, "geometry": { "type": "Point", "coordinates": [ 141.429215500000026, 43.0378642 ] } },
{ "type": "Feature", "properties": { "内容": "訪問介護Sollaサポート【訪問介護】北海道札幌市白石区菊水9条3丁目5-19キャッスルニッコー318", "url2": "https://www.kaigokensaku.mhlw.go.jp/01/index.php?action_kouhyou_detail_004_kani=true&JigyosyoCd=0170516330-00&ServiceCd=110&Type=search" }, "geometry": { "type": "Point", "coordinates": [ 141.385639200000014, 43.0586235 ] } },
{ "type": "Feature", "properties": { "内容": "どんまいワークヘルプｻｰﾋﾞｽ【訪問介護】北海道札幌市豊平区月寒東2条15丁目2番1-702アイビーハイム福住東・702号", "url2": "https://www.kaigokensaku.mhlw.go.jp/01/index.php?action_kouhyou_detail_004_kani=true&JigyosyoCd=0170506224-00&ServiceCd=110&Type=search" }, "geometry": { "type": "Point", "coordinates": [ 141.40954320000003, 43.021318 ] } },
{ "type": "Feature", "properties": { "内容": "ケアサービス　美どり【訪問介護】北海道札幌市豊平区美園５条６丁目２－１０美園パールマンション事務所", "url2": "https://www.kaigokensaku.mhlw.go.jp/01/index.php?action_kouhyou_detail_004_kani=true&JigyosyoCd=0170510531-00&ServiceCd=110&Type=search" }, "geometry": { "type": "Point", "coordinates": [ 141.387201016355107, 43.038713239402078 ] } },
{ "type": "Feature", "properties": { "内容": "特定非営利活動法人　にこちゃん在宅サービス【訪問介護】札幌市豊平区西岡２条11丁目24番８号聞前コーポ２号室", "url2": "https://www.kaigokensaku.mhlw.go.jp/01/index.php?action_kouhyou_detail_004_kani=true&JigyosyoCd=0170503262-00&ServiceCd=110&Type=search" }, "geometry": { "type": "Point", "coordinates": [ 141.3763447, 43.0001335 ] } },
{ "type": "Feature", "properties": { "内容": "株式会社くらし【訪問介護】北海道札幌市平岸１条６丁目２－１１平岸第一マンションＥ", "url2": "https://www.kaigokensaku.mhlw.go.jp/01/index.php?action_kouhyou_detail_004_kani=true&JigyosyoCd=0170507172-00&ServiceCd=110&Type=search" }, "geometry": { "type": "Point", "coordinates": [ 141.3655046, 43.0367794 ] } },
{ "type": "Feature", "properties": { "内容": "ヘルパーステーションDCC【訪問介護】北海道札幌市豊平区中の島1条10丁目１１－２５しばたハイツB１０１", "url2": "https://www.kaigokensaku.mhlw.go.jp/01/index.php?action_kouhyou_detail_004_kani=true&JigyosyoCd=0170509491-00&ServiceCd=110&Type=search" }, "geometry": { "type": "Point", "coordinates": [ 141.355589799999962, 43.0209559 ] } },
{ "type": "Feature", "properties": { "内容": "ひまわりケアセンター【訪問介護】北海道札幌市豊平区中の島２条３丁目6-9-101", "url2": "https://www.kaigokensaku.mhlw.go.jp/01/index.php?action_kouhyou_detail_004_kani=true&JigyosyoCd=0170503676-00&ServiceCd=110&Type=search" }, "geometry": { "type": "Point", "coordinates": [ 141.360256413491811, 43.034197978897687 ] } },
{ "type": "Feature", "properties": { "内容": "サポートセンターくるくる【訪問介護】北海道札幌市豊平区平岸5条9丁目6-3右", "url2": "https://www.kaigokensaku.mhlw.go.jp/01/index.php?action_kouhyou_detail_004_kani=true&JigyosyoCd=0170512743-00&ServiceCd=110&Type=search" }, "geometry": { "type": "Point", "coordinates": [ 141.377044731253392, 43.031665923116392 ] } },
{ "type": "Feature", "properties": { "内容": "訪問介護事業所　絲【訪問介護】北海道札幌市豊平区月寒東3条3丁目4-8共生型住宅　結の家月寒東", "url2": "https://www.kaigokensaku.mhlw.go.jp/01/index.php?action_kouhyou_detail_004_kani=true&JigyosyoCd=0170514665-00&ServiceCd=110&Type=search" }, "geometry": { "type": "Point", "coordinates": [ 141.4009777, 43.0381711 ] } },
{ "type": "Feature", "properties": { "内容": "ヘルパーステーションかい【訪問介護】北海道札幌市豊平区平岸3条9丁目11-2成田マンション第二3号室", "url2": "https://www.kaigokensaku.mhlw.go.jp/01/index.php?action_kouhyou_detail_004_kani=true&JigyosyoCd=0170514210-00&ServiceCd=110&Type=search" }, "geometry": { "type": "Point", "coordinates": [ 141.3697507, 43.0313788 ] } },
{ "type": "Feature", "properties": { "内容": "とくていひえいりかつどうほうじん　ほっかいどうじりつしえんせんた－【訪問介護】美園３条８丁目４番１号キャンパスビル３階", "url2": "https://www.kaigokensaku.mhlw.go.jp/01/index.php?action_kouhyou_detail_004_kani=true&JigyosyoCd=0170514525-00&ServiceCd=110&Type=search" }, "geometry": { "type": "Point", "coordinates": [ 141.3913143, 43.038659 ] } },
{ "type": "Feature", "properties": { "内容": "訪問介護事業所　ぽかぽか【訪問介護】北海道札幌市豊平区美園1条3丁目5-2カリエンタ美園202号室", "url2": "https://www.kaigokensaku.mhlw.go.jp/01/index.php?action_kouhyou_detail_004_kani=true&JigyosyoCd=0170103154-00&ServiceCd=110&Type=search" }, "geometry": { "type": "Point", "coordinates": [ 141.386777700000039, 43.0446967 ] } },
{ "type": "Feature", "properties": { "内容": "せいこうケアサービス【訪問介護】北海道札幌市豊平区旭町2丁目1-15グランヒル学園前1003", "url2": "https://www.kaigokensaku.mhlw.go.jp/01/index.php?action_kouhyou_detail_004_kani=true&JigyosyoCd=0170509921-00&ServiceCd=110&Type=search" }, "geometry": { "type": "Point", "coordinates": [ 141.36815474355123, 43.049260565857651 ] } },
{ "type": "Feature", "properties": { "内容": "ライブリーケア中銀平岸天神山【訪問介護】北海道札幌市豊平区平岸1条18丁目1－1", "url2": "https://www.kaigokensaku.mhlw.go.jp/01/index.php?action_kouhyou_detail_004_kani=true&JigyosyoCd=0170511497-00&ServiceCd=110&Type=search" }, "geometry": { "type": "Point", "coordinates": [ 141.3643806, 43.022333600000017 ] } },
{ "type": "Feature", "properties": { "内容": "訪問介護事業所さんごの里【訪問介護】札幌市豊平区平岸１条17丁目2番1号東急ドエル平岸ビレジ１号棟404号室", "url2": "https://www.kaigokensaku.mhlw.go.jp/01/index.php?action_kouhyou_detail_004_kani=true&JigyosyoCd=0170515340-00&ServiceCd=110&Type=search" }, "geometry": { "type": "Point", "coordinates": [ 141.3606226, 43.0223793 ] } },
{ "type": "Feature", "properties": { "内容": "介護事業所いちごいちえ【訪問介護】美園7条1丁目2-251階", "url2": "https://www.kaigokensaku.mhlw.go.jp/01/index.php?action_kouhyou_detail_004_kani=true&JigyosyoCd=0170101422-00&ServiceCd=110&Type=search" }, "geometry": { "type": "Point", "coordinates": [ 141.379305, 43.0413849 ] } },
{ "type": "Feature", "properties": { "内容": "ライフサポートはみんぐ【訪問介護】北海道札幌市豊平区福住2条10丁目3-8", "url2": "https://www.kaigokensaku.mhlw.go.jp/01/index.php?action_kouhyou_detail_004_kani=true&JigyosyoCd=0170512800-00&ServiceCd=110&Type=search" }, "geometry": { "type": "Point", "coordinates": [ 141.387559569253597, 43.004791665345131 ] } },
{ "type": "Feature", "properties": { "内容": "訪問介護ファミリー・ホスピス月寒東【訪問介護】北海道札幌市豊平区月寒東2条20丁目1－5", "url2": "https://www.kaigokensaku.mhlw.go.jp/01/index.php?action_kouhyou_detail_004_kani=true&JigyosyoCd=0170516207-00&ServiceCd=110&Type=search" }, "geometry": { "type": "Point", "coordinates": [ 141.4233772, 43.0128443 ] } },
{ "type": "Feature", "properties": { "内容": "さんせいヘルパーステーション【訪問介護】北海道札幌市豊平区月寒東1条1丁目5-21", "url2": "https://www.kaigokensaku.mhlw.go.jp/01/index.php?action_kouhyou_detail_004_kani=true&JigyosyoCd=0170511307-00&ServiceCd=110&Type=search" }, "geometry": { "type": "Point", "coordinates": [ 141.393178486602011, 43.038528775068585 ] } },
{ "type": "Feature", "properties": { "内容": "ケアサポートうるおい豊平【訪問介護】北海道札幌市豊平区豊平１条８丁目２番１号うるおいの家豊平", "url2": "https://www.kaigokensaku.mhlw.go.jp/01/index.php?action_kouhyou_detail_004_kani=true&JigyosyoCd=0170514616-00&ServiceCd=110&Type=search" }, "geometry": { "type": "Point", "coordinates": [ 141.3772689, 43.0507993 ] } },
{ "type": "Feature", "properties": { "内容": "つきさっぷ訪問介護【訪問介護】北海道札幌市豊平区月寒西5条10丁目3番18号", "url2": "https://www.kaigokensaku.mhlw.go.jp/01/index.php?action_kouhyou_detail_004_kani=true&JigyosyoCd=0170513212-00&ServiceCd=110&Type=search" }, "geometry": { "type": "Point", "coordinates": [ 141.386623377420051, 43.024356031668447 ] } },
{ "type": "Feature", "properties": { "内容": "クロスケア【訪問介護】北海道札幌市豊平区美園12条７丁目1-15", "url2": "https://www.kaigokensaku.mhlw.go.jp/01/index.php?action_kouhyou_detail_004_kani=true&JigyosyoCd=0170515035-00&ServiceCd=110&Type=search" }, "geometry": { "type": "Point", "coordinates": [ 141.381783299999967, 43.032529 ] } },
{ "type": "Feature", "properties": { "内容": "へるぱーすてーしょんよつば【訪問介護】平岸1条18丁目1番6号ルワズィール天神山107号室", "url2": "https://www.kaigokensaku.mhlw.go.jp/01/index.php?action_kouhyou_detail_004_kani=true&JigyosyoCd=0170515217-00&ServiceCd=110&Type=search" }, "geometry": { "type": "Point", "coordinates": [ 141.363311399999986, 43.0220781 ] } },
{ "type": "Feature", "properties": { "内容": "株式会社ケアスタッフ　豊平ステーション【訪問介護】北海道札幌市豊平区豊平６条２丁目2-16コアとよひら１F", "url2": "https://www.kaigokensaku.mhlw.go.jp/01/index.php?action_kouhyou_detail_004_kani=true&JigyosyoCd=0170100275-00&ServiceCd=110&Type=search" }, "geometry": { "type": "Point", "coordinates": [ 141.365515, 43.051425 ] } },
{ "type": "Feature", "properties": { "内容": "ジェイ・ライフサービス月寒西【訪問介護】北海道札幌市豊平区月寒西1条6丁目1番30号", "url2": "https://www.kaigokensaku.mhlw.go.jp/01/index.php?action_kouhyou_detail_004_kani=true&JigyosyoCd=0170512511-00&ServiceCd=110&Type=search" }, "geometry": { "type": "Point", "coordinates": [ 141.392958, 43.0319024 ] } },
{ "type": "Feature", "properties": { "内容": "訪問介護ステーション　てぃだの里【訪問介護】北海道札幌市豊平区平岸１条１２丁目１－６７てぃだの里", "url2": "https://www.kaigokensaku.mhlw.go.jp/01/index.php?action_kouhyou_detail_004_kani=true&JigyosyoCd=0170508592-00&ServiceCd=110&Type=search" }, "geometry": { "type": "Point", "coordinates": [ 141.3624443, 43.0277914 ] } },
{ "type": "Feature", "properties": { "内容": "訪問介護事業所さらん【訪問介護】北海道札幌市豊平区美園３条４丁目３番１０号日拓ビル４階", "url2": "https://www.kaigokensaku.mhlw.go.jp/01/index.php?action_kouhyou_detail_004_kani=true&JigyosyoCd=0160590337-00&ServiceCd=110&Type=search" }, "geometry": { "type": "Point", "coordinates": [ 141.386629709416184, 43.041699866392889 ] } },
{ "type": "Feature", "properties": { "内容": "あざみ訪問介護サービス【訪問介護】北海道札幌市豊平区福住3条7丁目19番13号シティハイツ141号", "url2": "https://www.kaigokensaku.mhlw.go.jp/01/index.php?action_kouhyou_detail_004_kani=true&JigyosyoCd=0170502959-00&ServiceCd=110&Type=search" }, "geometry": { "type": "Point", "coordinates": [ 141.39866440000003, 43.0083387 ] } },
{ "type": "Feature", "properties": { "内容": "札幌豊平やわらぎ【訪問介護】北海道札幌市豊平区豊平3条1丁目1番50号サニーライフ札幌豊平", "url2": "https://www.kaigokensaku.mhlw.go.jp/01/index.php?action_kouhyou_detail_004_kani=true&JigyosyoCd=0170508584-00&ServiceCd=110&Type=search" }, "geometry": { "type": "Point", "coordinates": [ 141.366120773016291, 43.055672202746571 ] } },
{ "type": "Feature", "properties": { "内容": "ヘルパーステーションつのかけ【訪問介護】北海道札幌市豊平区豊平3条6丁目1-7-210", "url2": "https://www.kaigokensaku.mhlw.go.jp/01/index.php?action_kouhyou_detail_004_kani=true&JigyosyoCd=0170504484-00&ServiceCd=110&Type=search" }, "geometry": { "type": "Point", "coordinates": [ 141.373342200000025, 43.0511974 ] } },
{ "type": "Feature", "properties": { "内容": "ヘルパーステーション　ふみ【訪問介護】北海道札幌市豊平区豊平5条5丁目3-26201", "url2": "https://www.kaigokensaku.mhlw.go.jp/01/index.php?action_kouhyou_detail_004_kani=true&JigyosyoCd=0170513550-00&ServiceCd=110&Type=search" }, "geometry": { "type": "Point", "coordinates": [ 141.369370900000035, 43.0498742 ] } },
{ "type": "Feature", "properties": { "内容": "ねこの手ヘルパーステーション【訪問介護】西岡４条１３丁目１０番１号", "url2": "https://www.kaigokensaku.mhlw.go.jp/01/index.php?action_kouhyou_detail_004_kani=true&JigyosyoCd=0170514947-00&ServiceCd=110&Type=search" }, "geometry": { "type": "Point", "coordinates": [ 141.3779595, 42.9942096 ] } },
{ "type": "Feature", "properties": { "内容": "アセント【訪問介護】北海道札幌市豊平区月寒西1条9丁目9-10サンシャイン1-9　101", "url2": "https://www.kaigokensaku.mhlw.go.jp/01/index.php?action_kouhyou_detail_004_kani=true&JigyosyoCd=0170504864-00&ServiceCd=110&Type=search" }, "geometry": { "type": "Point", "coordinates": [ 141.397206899999986, 43.0272007 ] } },
{ "type": "Feature", "properties": { "内容": "ウィズ訪問介護ステーション【訪問介護】北海道札幌市豊平区美園4条2丁目2-25", "url2": "https://www.kaigokensaku.mhlw.go.jp/01/index.php?action_kouhyou_detail_004_kani=true&JigyosyoCd=0170513022-00&ServiceCd=110&Type=search" }, "geometry": { "type": "Point", "coordinates": [ 141.382265956217964, 43.042541935801211 ] } },
{ "type": "Feature", "properties": { "内容": "オストケア訪問介護とよひら【訪問介護】北海道札幌市豊平区美園７条３丁目2-1イオル美園", "url2": "https://www.kaigokensaku.mhlw.go.jp/01/index.php?action_kouhyou_detail_004_kani=true&JigyosyoCd=0170510408-00&ServiceCd=110&Type=search" }, "geometry": { "type": "Point", "coordinates": [ 141.3823856, 43.0396841 ] } },
{ "type": "Feature", "properties": { "内容": "サンウェルズ月寒ヘルパーステーション【訪問介護】月寒西４条６丁目1-50", "url2": "https://www.kaigokensaku.mhlw.go.jp/01/index.php?action_kouhyou_detail_004_kani=true&JigyosyoCd=0170405823-00&ServiceCd=110&Type=search" }, "geometry": { "type": "Point", "coordinates": [ 141.3870201, 43.029778 ] } },
{ "type": "Feature", "properties": { "内容": "ジョイア訪問介護事業所【訪問介護】北海道札幌市豊平区平岸1条19丁目2-43-102", "url2": "https://www.kaigokensaku.mhlw.go.jp/01/index.php?action_kouhyou_detail_004_kani=true&JigyosyoCd=0170504518-00&ServiceCd=110&Type=search" }, "geometry": { "type": "Point", "coordinates": [ 141.361919786381009, 43.019607070191682 ] } },
{ "type": "Feature", "properties": { "内容": "ヘルパーステーションすこやか豊平【訪問介護】北海道札幌市豊平区豊平4条3丁目3-2さんぱちBLDⅡ2F", "url2": "https://www.kaigokensaku.mhlw.go.jp/01/index.php?action_kouhyou_detail_004_kani=true&JigyosyoCd=0170515829-00&ServiceCd=110&Type=search" }, "geometry": { "type": "Point", "coordinates": [ 141.3702238, 43.0516366 ] } },
{ "type": "Feature", "properties": { "内容": "ヘルパーステーションそら【訪問介護】北海道札幌市豊平区平岸4条1丁目5番4号アップルシティ90　102号", "url2": "https://www.kaigokensaku.mhlw.go.jp/01/index.php?action_kouhyou_detail_004_kani=true&JigyosyoCd=0170512016-00&ServiceCd=110&Type=search" }, "geometry": { "type": "Point", "coordinates": [ 141.3740259, 43.0419539 ] } },
{ "type": "Feature", "properties": { "内容": "ケアスマイル【訪問介護】北海道札幌市豊平区美園１条２丁目１－２デイサポート美園内", "url2": "https://www.kaigokensaku.mhlw.go.jp/01/index.php?action_kouhyou_detail_004_kani=true&JigyosyoCd=0170507289-00&ServiceCd=110&Type=search" }, "geometry": { "type": "Point", "coordinates": [ 141.386358, 43.0463564 ] } },
{ "type": "Feature", "properties": { "内容": "ケアサポート　さっぷる【訪問介護】北海道札幌市豊平区西岡5条1丁目5番13号幸ハイツ101", "url2": "https://www.kaigokensaku.mhlw.go.jp/01/index.php?action_kouhyou_detail_004_kani=true&JigyosyoCd=0170515373-00&ServiceCd=110&Type=search" }, "geometry": { "type": "Point", "coordinates": [ 141.3976064, 43.0213409 ] } },
{ "type": "Feature", "properties": { "内容": "ヘルパーステーション絆【訪問介護】北海道札幌市豊平区月寒東2条16丁目1番-92号215.222号ひよこ月寒", "url2": "https://www.kaigokensaku.mhlw.go.jp/01/index.php?action_kouhyou_detail_004_kani=true&JigyosyoCd=0170510259-00&ServiceCd=110&Type=search" }, "geometry": { "type": "Point", "coordinates": [ 141.412132774278689, 43.020017136379217 ] } },
{ "type": "Feature", "properties": { "内容": "ベストライフ福住訪問介護事業所【訪問介護】北海道札幌市豊平区月寒西1条11丁目3-55", "url2": "https://www.kaigokensaku.mhlw.go.jp/01/index.php?action_kouhyou_detail_004_kani=true&JigyosyoCd=0170514269-00&ServiceCd=110&Type=search" }, "geometry": { "type": "Point", "coordinates": [ 141.3984769, 43.022888900000019 ] } },
{ "type": "Feature", "properties": { "内容": "訪問介護事業所寿【訪問介護】札幌市豊平区月寒中央通り3丁目1番8号ロイヤルハイツ月寒中央401号", "url2": "https://www.kaigokensaku.mhlw.go.jp/01/index.php?action_kouhyou_detail_004_kani=true&JigyosyoCd=0170515282-00&ServiceCd=110&Type=search" }, "geometry": { "type": "Point", "coordinates": [ 141.3925896, 43.0354571 ] } },
{ "type": "Feature", "properties": { "内容": "すまいる月寒東【訪問介護】札幌市豊平区月寒東2条19丁目20番70号ふれあいの里月寒東弐番館", "url2": "https://www.kaigokensaku.mhlw.go.jp/01/index.php?action_kouhyou_detail_004_kani=true&JigyosyoCd=0170511950-00&ServiceCd=110&Type=search" }, "geometry": { "type": "Point", "coordinates": [ 141.422798100000023, 43.013452700000016 ] } },
{ "type": "Feature", "properties": { "内容": "訪問介護事業所きずな【訪問介護】北海道札幌市豊平区旭町5丁目5番8号アルファレジデンス学園前", "url2": "https://www.kaigokensaku.mhlw.go.jp/01/index.php?action_kouhyou_detail_004_kani=true&JigyosyoCd=0170104699-00&ServiceCd=110&Type=search" }, "geometry": { "type": "Point", "coordinates": [ 141.367170552050936, 43.044723018178686 ] } },
{ "type": "Feature", "properties": { "内容": "ケアフィオーレ【訪問介護】北海道札幌市豊平区月寒東5条15丁目4番17号", "url2": "https://www.kaigokensaku.mhlw.go.jp/01/index.php?action_kouhyou_detail_004_kani=true&JigyosyoCd=0170402457-00&ServiceCd=110&Type=search" }, "geometry": { "type": "Point", "coordinates": [ 141.425191037405938, 43.029145355815615 ] } },
{ "type": "Feature", "properties": { "内容": "学研ココファン札幌南平岸ヘルパーセンター【訪問介護】北海道札幌市豊平区平岸2条14丁目1-18学研ココファン札幌南平岸", "url2": "https://www.kaigokensaku.mhlw.go.jp/01/index.php?action_kouhyou_detail_004_kani=true&JigyosyoCd=0170515274-00&ServiceCd=110&Type=search" }, "geometry": { "type": "Point", "coordinates": [ 141.366481099999987, 43.026304 ] } },
{ "type": "Feature", "properties": { "内容": "ヘルパーステーション　幸花【訪問介護】北海道札幌市豊平区月寒東3条3丁目1-11プレシューズ106号室", "url2": "https://www.kaigokensaku.mhlw.go.jp/01/index.php?action_kouhyou_detail_004_kani=true&JigyosyoCd=0170505747-00&ServiceCd=110&Type=search" }, "geometry": { "type": "Point", "coordinates": [ 141.401423499999964, 43.0383075 ] } },
{ "type": "Feature", "properties": { "内容": "ホームケア土屋　札幌【訪問介護】北海道札幌市豊平区平岸3条8丁目7-3KYビル2F", "url2": "https://www.kaigokensaku.mhlw.go.jp/01/index.php?action_kouhyou_detail_004_kani=true&JigyosyoCd=0170514475-00&ServiceCd=110&Type=search" }, "geometry": { "type": "Point", "coordinates": [ 141.36949, 43.0332915 ] } },
{ "type": "Feature", "properties": { "内容": "new　path　みつか【訪問介護】北海道札幌市豊平区平岸三条１７丁目３番４５号エルカミノ平岸２０３号室", "url2": "https://www.kaigokensaku.mhlw.go.jp/01/index.php?action_kouhyou_detail_004_kani=true&JigyosyoCd=0170515837-00&ServiceCd=110&Type=search" }, "geometry": { "type": "Point", "coordinates": [ 141.368918799999989, 43.0212849 ] } },
{ "type": "Feature", "properties": { "内容": "askケア【訪問介護】北海道札幌市豊平区中の島1条２丁目2-25-402", "url2": "https://www.kaigokensaku.mhlw.go.jp/01/index.php?action_kouhyou_detail_004_kani=true&JigyosyoCd=0170515720-00&ServiceCd=110&Type=search" }, "geometry": { "type": "Point", "coordinates": [ 141.359779300000014, 43.0377372 ] } },
{ "type": "Feature", "properties": { "内容": "訪問介護事業所きずな　豊平店【訪問介護】豊平３条８丁目1－26ヌーベルアーバンシティ３０１号室", "url2": "https://www.kaigokensaku.mhlw.go.jp/01/index.php?action_kouhyou_detail_004_kani=true&JigyosyoCd=0170515472-00&ServiceCd=110&Type=search" }, "geometry": { "type": "Point", "coordinates": [ 141.3759823, 43.0487926 ] } },
{ "type": "Feature", "properties": { "内容": "訪問介護ひとりふたり【訪問介護】平岸2条17丁目2番17号", "url2": "https://www.kaigokensaku.mhlw.go.jp/01/index.php?action_kouhyou_detail_004_kani=true&JigyosyoCd=0170514608-00&ServiceCd=110&Type=search" }, "geometry": { "type": "Point", "coordinates": [ 141.3666196, 43.0211865 ] } },
{ "type": "Feature", "properties": { "内容": "訪問介護事業所パークウェル【訪問介護】北海道札幌市豊平区豊平6条3丁目5番1号パークウェル豊平202", "url2": "https://www.kaigokensaku.mhlw.go.jp/01/index.php?action_kouhyou_detail_004_kani=true&JigyosyoCd=0170510176-00&ServiceCd=110&Type=search" }, "geometry": { "type": "Point", "coordinates": [ 141.3653889, 43.0504132 ] } },
{ "type": "Feature", "properties": { "内容": "アメニティ西岡水源池ヘルパーステーション【訪問介護】北海道札幌市豊平区西岡４条３丁目6-43アメニティホーム西岡　１階", "url2": "https://www.kaigokensaku.mhlw.go.jp/01/index.php?action_kouhyou_detail_004_kani=true&JigyosyoCd=0170511042-00&ServiceCd=110&Type=search" }, "geometry": { "type": "Point", "coordinates": [ 141.390354240475517, 43.016950633387815 ] } },
{ "type": "Feature", "properties": { "内容": "ヘルパーステーションしらかば【訪問介護】北海道札幌市豊平区月寒東３条１８丁目２０番４８号サービス付き高齢者向け住宅しらかばの杜　３階", "url2": "https://www.kaigokensaku.mhlw.go.jp/01/index.php?action_kouhyou_detail_004_kani=true&JigyosyoCd=0170510234-00&ServiceCd=110&Type=search" }, "geometry": { "type": "Point", "coordinates": [ 141.423642100000052, 43.0185327 ] } },
{ "type": "Feature", "properties": { "内容": "勤医協月寒ヘルパーステーション【訪問介護】北海道札幌市豊平区平岸6条１２丁目9-25", "url2": "https://www.kaigokensaku.mhlw.go.jp/01/index.php?action_kouhyou_detail_004_kani=true&JigyosyoCd=0170510473-00&ServiceCd=110&Type=search" }, "geometry": { "type": "Point", "coordinates": [ 141.379651100000046, 43.0272388 ] } },
{ "type": "Feature", "properties": { "内容": "ヘルパーステーション　ふぁいと【訪問介護】北海道札幌市豊平区西岡５条１２丁目１番２号", "url2": "https://www.kaigokensaku.mhlw.go.jp/01/index.php?action_kouhyou_detail_004_kani=true&JigyosyoCd=0170504708-00&ServiceCd=110&Type=search" }, "geometry": { "type": "Point", "coordinates": [ 141.382461, 42.9962897 ] } },
{ "type": "Feature", "properties": { "内容": "社会福祉法人札幌市社会福祉協議会　豊平ヘルパーセンター【訪問介護】北海道札幌市豊平区美園12条7丁目7-8八千代ビル", "url2": "https://www.kaigokensaku.mhlw.go.jp/01/index.php?action_kouhyou_detail_004_kani=true&JigyosyoCd=0170508527-00&ServiceCd=110&Type=search" }, "geometry": { "type": "Point", "coordinates": [ 141.381411800000024, 43.0313384 ] } },
{ "type": "Feature", "properties": { "内容": "労働者協同組合たすけあいワーカーズこすもす【訪問介護】北海道札幌市豊平区平岸３条８丁目２－２２酒井マンション１０３", "url2": "https://www.kaigokensaku.mhlw.go.jp/01/index.php?action_kouhyou_detail_004_kani=true&JigyosyoCd=0170505341-00&ServiceCd=110&Type=search" }, "geometry": { "type": "Point", "coordinates": [ 141.3706932, 43.0340547 ] } },
{ "type": "Feature", "properties": { "内容": "訪問介護事業所にしかぜ【訪問介護】北海道札幌市豊平区中の島１条９丁目２番５号リラコート増冨２０１号", "url2": "https://www.kaigokensaku.mhlw.go.jp/01/index.php?action_kouhyou_detail_004_kani=true&JigyosyoCd=0170505309-00&ServiceCd=110&Type=search" }, "geometry": { "type": "Point", "coordinates": [ 141.355814770794581, 43.024207715693137 ] } },
{ "type": "Feature", "properties": { "内容": "訪問介護事業所RED　ANGEL【訪問介護】札幌市豊平区月寒西4条10丁目1番23号", "url2": "https://www.kaigokensaku.mhlw.go.jp/01/index.php?action_kouhyou_detail_004_kani=true&JigyosyoCd=0170514517-00&ServiceCd=110&Type=search" }, "geometry": { "type": "Point", "coordinates": [ 141.386990139715209, 43.024220986786091 ] } },
{ "type": "Feature", "properties": { "内容": "ハルミ大空介護センターかわぞえ【訪問介護】北海道札幌市南区川沿６条４丁目3-14", "url2": "https://www.kaigokensaku.mhlw.go.jp/01/index.php?action_kouhyou_detail_004_kani=true&JigyosyoCd=0170511091-00&ServiceCd=110&Type=search" }, "geometry": { "type": "Point", "coordinates": [ 141.328496500000028, 42.9899583 ] } },
{ "type": "Feature", "properties": { "内容": "ヘルパーステーション笑丸【訪問介護】北海道札幌市澄川6条13丁目1-8グランドール英5号室", "url2": "https://www.kaigokensaku.mhlw.go.jp/01/index.php?action_kouhyou_detail_004_kani=true&JigyosyoCd=0170206940-00&ServiceCd=110&Type=search" }, "geometry": { "type": "Point", "coordinates": [ 141.370733158993062, 42.993625099178942 ] } },
{ "type": "Feature", "properties": { "内容": "ホームヘルパーきづな【訪問介護】北海道札幌市南区藤野4条5丁目5番25号", "url2": "https://www.kaigokensaku.mhlw.go.jp/01/index.php?action_kouhyou_detail_004_kani=true&JigyosyoCd=0170506646-00&ServiceCd=110&Type=search" }, "geometry": { "type": "Point", "coordinates": [ 141.30029, 42.9568077 ] } },
{ "type": "Feature", "properties": { "内容": "ヘルパーステーションほのか【訪問介護】石山東2丁目2番33号", "url2": "https://www.kaigokensaku.mhlw.go.jp/01/index.php?action_kouhyou_detail_004_kani=true&JigyosyoCd=0170103386-00&ServiceCd=110&Type=search" }, "geometry": { "type": "Point", "coordinates": [ 141.3435792, 42.9699898 ] } },
{ "type": "Feature", "properties": { "内容": "ヘルパーステーションほのかⅡ【訪問介護】北海道札幌市南区藤野5条4丁目4番5号", "url2": "https://www.kaigokensaku.mhlw.go.jp/01/index.php?action_kouhyou_detail_004_kani=true&JigyosyoCd=0170515704-00&ServiceCd=110&Type=search" }, "geometry": { "type": "Point", "coordinates": [ 141.3014847, 42.9555738 ] } },
{ "type": "Feature", "properties": { "内容": "訪問介護リブウェル石山東【訪問介護】北海道札幌市南区石山東7丁目1番10号リブウェル石山東", "url2": "https://www.kaigokensaku.mhlw.go.jp/01/index.php?action_kouhyou_detail_004_kani=true&JigyosyoCd=0170516306-00&ServiceCd=110&Type=search" }, "geometry": { "type": "Point", "coordinates": [ 141.3434758, 42.9549671 ] } },
{ "type": "Feature", "properties": { "内容": "ＳＯＭＰＯケア　札幌澄川　訪問介護【訪問介護】北海道札幌市南区澄川6条4丁目2番1号澄川ビル　2Ｆ", "url2": "https://www.kaigokensaku.mhlw.go.jp/01/index.php?action_kouhyou_detail_004_kani=true&JigyosyoCd=0170513279-00&ServiceCd=110&Type=search" }, "geometry": { "type": "Point", "coordinates": [ 141.375046406745923, 43.01258193450564 ] } },
{ "type": "Feature", "properties": { "内容": "アースサポート札幌南【訪問介護】北海道札幌市南区澄川４条２丁目3-10", "url2": "https://www.kaigokensaku.mhlw.go.jp/01/index.php?action_kouhyou_detail_004_kani=true&JigyosyoCd=0170503726-00&ServiceCd=110&Type=search" }, "geometry": { "type": "Point", "coordinates": [ 141.367672299999981, 43.016301 ] } },
{ "type": "Feature", "properties": { "内容": "ヘルパーステーションそふと【訪問介護】北海道札幌市南区真駒内柏丘6丁目2-18", "url2": "https://www.kaigokensaku.mhlw.go.jp/01/index.php?action_kouhyou_detail_004_kani=true&JigyosyoCd=0170206148-00&ServiceCd=110&Type=search" }, "geometry": { "type": "Point", "coordinates": [ 141.344160671163962, 42.990277895632872 ] } },
{ "type": "Feature", "properties": { "内容": "ケアサポートうるおい南の沢【訪問介護】北海道札幌市南区南の沢4条2丁目8-27", "url2": "https://www.kaigokensaku.mhlw.go.jp/01/index.php?action_kouhyou_detail_004_kani=true&JigyosyoCd=0170514590-00&ServiceCd=110&Type=search" }, "geometry": { "type": "Point", "coordinates": [ 141.3168014, 42.9878034 ] } },
{ "type": "Feature", "properties": { "内容": "ケアサポートうるおい川沿【訪問介護】北海道札幌市南区川沿2条3丁目4番1号", "url2": "https://www.kaigokensaku.mhlw.go.jp/01/index.php?action_kouhyou_detail_004_kani=true&JigyosyoCd=0170515795-00&ServiceCd=110&Type=search" }, "geometry": { "type": "Point", "coordinates": [ 141.3324054, 42.9985873 ] } },
{ "type": "Feature", "properties": { "内容": "ケアサポートうるおい芸術の森【訪問介護】北海道札幌市南区常盤4条1丁目1-1うるおいの家芸術の森", "url2": "https://www.kaigokensaku.mhlw.go.jp/01/index.php?action_kouhyou_detail_004_kani=true&JigyosyoCd=0170515951-00&ServiceCd=110&Type=search" }, "geometry": { "type": "Point", "coordinates": [ 141.344639610450741, 42.941709565927411 ] } },
{ "type": "Feature", "properties": { "内容": "愛全会　ヘルパーステーションみなみ【訪問介護】北海道札幌市南区川沿14条2丁目1番36号　すこやか愛ちゃんビル", "url2": "https://www.kaigokensaku.mhlw.go.jp/01/index.php?action_kouhyou_detail_004_kani=true&JigyosyoCd=0170511265-00&ServiceCd=110&Type=search" }, "geometry": { "type": "Point", "coordinates": [ 141.336248800000021, 42.977213 ] } },
{ "type": "Feature", "properties": { "内容": "川沿介護センター【訪問介護】北海道札幌市南区川沿６条４丁目3-14", "url2": "https://www.kaigokensaku.mhlw.go.jp/01/index.php?action_kouhyou_detail_004_kani=true&JigyosyoCd=0170512545-00&ServiceCd=110&Type=search" }, "geometry": { "type": "Point", "coordinates": [ 141.328496500000028, 42.9899583 ] } },
{ "type": "Feature", "properties": { "内容": "Willcareつむぎ【訪問介護】北海道札幌市南区澄川4条3丁目2番7号betura澄川103号室", "url2": "https://www.kaigokensaku.mhlw.go.jp/01/index.php?action_kouhyou_detail_004_kani=true&JigyosyoCd=0170515886-00&ServiceCd=110&Type=search" }, "geometry": { "type": "Point", "coordinates": [ 141.366694, 43.0149412 ] } },
{ "type": "Feature", "properties": { "内容": "ニチイケアセンターすみかわ【訪問介護】北海道札幌市南区澄川4条4丁目4-50", "url2": "https://www.kaigokensaku.mhlw.go.jp/01/index.php?action_kouhyou_detail_004_kani=true&JigyosyoCd=0170502983-00&ServiceCd=110&Type=search" }, "geometry": { "type": "Point", "coordinates": [ 141.3681613, 43.0131152 ] } },
{ "type": "Feature", "properties": { "内容": "芸術の森シルトピアホームケアサービス訪問介護部【訪問介護】北海道札幌市南区石山東7丁目1番1号", "url2": "https://www.kaigokensaku.mhlw.go.jp/01/index.php?action_kouhyou_detail_004_kani=true&JigyosyoCd=0170501282-00&ServiceCd=110&Type=search" }, "geometry": { "type": "Point", "coordinates": [ 141.343546400000037, 42.9557489 ] } },
{ "type": "Feature", "properties": { "内容": "花花ヘルパーステーション【訪問介護】北海道札幌市南区石山2条3丁目6番3号フルールハウス１階", "url2": "https://www.kaigokensaku.mhlw.go.jp/01/index.php?action_kouhyou_detail_004_kani=true&JigyosyoCd=0170511422-00&ServiceCd=110&Type=search" }, "geometry": { "type": "Point", "coordinates": [ 141.337510030688463, 42.967607178917362 ] } },
{ "type": "Feature", "properties": { "内容": "パルム訪問介護澄川【訪問介護】澄川5条3丁目3‐41パルム澄川ホスピス", "url2": "https://www.kaigokensaku.mhlw.go.jp/01/index.php?action_kouhyou_detail_004_kani=true&JigyosyoCd=0170515167-00&ServiceCd=110&Type=search" }, "geometry": { "type": "Point", "coordinates": [ 141.3704497, 43.0138092 ] } },
{ "type": "Feature", "properties": { "内容": "ジェイ・ライフサービス【訪問介護】北海道札幌市南区南沢1条1丁目5番46号", "url2": "https://www.kaigokensaku.mhlw.go.jp/01/index.php?action_kouhyou_detail_004_kani=true&JigyosyoCd=0170510465-00&ServiceCd=110&Type=search" }, "geometry": { "type": "Point", "coordinates": [ 141.324094125656075, 42.983462628993593 ] } },
{ "type": "Feature", "properties": { "内容": "セントラルケアサービス【訪問介護】北海道札幌市南区川沿5条4丁目5-11", "url2": "https://www.kaigokensaku.mhlw.go.jp/01/index.php?action_kouhyou_detail_004_kani=true&JigyosyoCd=0170506273-00&ServiceCd=110&Type=search" }, "geometry": { "type": "Point", "coordinates": [ 141.3271188, 42.9920219 ] } },
{ "type": "Feature", "properties": { "内容": "ベストライフ訪問介護事業所【訪問介護】北海道札幌市南区真駒内泉町2－2－10", "url2": "https://www.kaigokensaku.mhlw.go.jp/01/index.php?action_kouhyou_detail_004_kani=true&JigyosyoCd=0170514277-00&ServiceCd=110&Type=search" }, "geometry": { "type": "Point", "coordinates": [ 141.3533074, 42.985361 ] } },
{ "type": "Feature", "properties": { "内容": "学研ココファンすみかわヘルパーセンター【訪問介護】札幌市南区澄川3条4丁目4番10号学研ココファンすみかわ", "url2": "https://www.kaigokensaku.mhlw.go.jp/01/index.php?action_kouhyou_detail_004_kani=true&JigyosyoCd=0170514913-00&ServiceCd=110&Type=search" }, "geometry": { "type": "Point", "coordinates": [ 141.365559, 43.012738 ] } },
{ "type": "Feature", "properties": { "内容": "ホームヘルプサービス　ＨＡＣＣ石山【訪問介護】北海道札幌市南区石山2条3丁目13番12号", "url2": "https://www.kaigokensaku.mhlw.go.jp/01/index.php?action_kouhyou_detail_004_kani=true&JigyosyoCd=0170511398-00&ServiceCd=110&Type=search" }, "geometry": { "type": "Point", "coordinates": [ 141.3341713, 42.9669456 ] } },
{ "type": "Feature", "properties": { "内容": "株式会社在宅介護サービスサブチャン【訪問介護】北海道札幌市南区川沿11条1丁目1-13", "url2": "https://www.kaigokensaku.mhlw.go.jp/01/index.php?action_kouhyou_detail_004_kani=true&JigyosyoCd=0170201222-00&ServiceCd=110&Type=search" }, "geometry": { "type": "Point", "coordinates": [ 141.336673799999971, 42.982415 ] } },
{ "type": "Feature", "properties": { "内容": "訪問介護事業所杉の風【訪問介護】北海道札幌市南区川沿３条４丁目１－１２", "url2": "https://www.kaigokensaku.mhlw.go.jp/01/index.php?action_kouhyou_detail_004_kani=true&JigyosyoCd=0170506083-00&ServiceCd=110&Type=search" }, "geometry": { "type": "Point", "coordinates": [ 141.32809629999997, 42.997674 ] } },
{ "type": "Feature", "properties": { "内容": "和幸園ホームヘルプサービス事業所【訪問介護】北海道札幌市南区常盤5条1丁目1－7", "url2": "https://www.kaigokensaku.mhlw.go.jp/01/index.php?action_kouhyou_detail_004_kani=true&JigyosyoCd=0170500169-00&ServiceCd=110&Type=search" }, "geometry": { "type": "Point", "coordinates": [ 141.3427474, 42.938081599999975 ] } },
{ "type": "Feature", "properties": { "内容": "勤医協ヘルパーステーション　もなみの里【訪問介護】北海道札幌市南区藤野3条4丁目15番35号", "url2": "https://www.kaigokensaku.mhlw.go.jp/01/index.php?action_kouhyou_detail_004_kani=true&JigyosyoCd=0170509939-00&ServiceCd=110&Type=search" }, "geometry": { "type": "Point", "coordinates": [ 141.302316196366149, 42.958017691065002 ] } },
{ "type": "Feature", "properties": { "内容": "社会福祉法人札幌市社会福祉協議会　南ヘルパーセンター【訪問介護】北海道札幌市南区真駒内幸町2丁目1-5真駒内幸町ビル402", "url2": "https://www.kaigokensaku.mhlw.go.jp/01/index.php?action_kouhyou_detail_004_kani=true&JigyosyoCd=0170508535-00&ServiceCd=110&Type=search" }, "geometry": { "type": "Point", "coordinates": [ 141.353584853967305, 42.990423751289775 ] } },
{ "type": "Feature", "properties": { "内容": "訪問介護事業所　そよかぜ【訪問介護】澄川1条4丁目7番5号", "url2": "https://www.kaigokensaku.mhlw.go.jp/01/index.php?action_kouhyou_detail_004_kani=true&JigyosyoCd=0170515266-00&ServiceCd=110&Type=search" }, "geometry": { "type": "Point", "coordinates": [ 141.359822400000013, 43.012009300000017 ] } },
{ "type": "Feature", "properties": { "内容": "ライフステーション　マハロ【訪問介護】北海道札幌市南区石山2条4丁目4番32号", "url2": "https://www.kaigokensaku.mhlw.go.jp/01/index.php?action_kouhyou_detail_004_kani=true&JigyosyoCd=0170509137-00&ServiceCd=110&Type=search" }, "geometry": { "type": "Point", "coordinates": [ 141.327977899999951, 42.9629837 ] } },
{ "type": "Feature", "properties": { "内容": "ヘルパーステーションせせらぎ【訪問介護】札幌市南区川沿4条3丁目4-9　フラワーハイム102号室", "url2": "https://www.kaigokensaku.mhlw.go.jp/01/index.php?action_kouhyou_detail_004_kani=true&JigyosyoCd=0170502504-00&ServiceCd=110&Type=search" }, "geometry": { "type": "Point", "coordinates": [ 141.331222199999957, 42.9937031 ] } },
{ "type": "Feature", "properties": { "内容": "たすけあいワーカーズさくらんぼ【訪問介護】北海道札幌市南区真駒内南町1丁目７－３", "url2": "https://www.kaigokensaku.mhlw.go.jp/01/index.php?action_kouhyou_detail_004_kani=true&JigyosyoCd=0170505333-00&ServiceCd=110&Type=search" }, "geometry": { "type": "Point", "coordinates": [ 141.352211200000056, 42.9844319 ] } },
{ "type": "Feature", "properties": { "内容": "ななかまどケアサービス【訪問介護】北海道札幌市南区石山一条一丁目７番15号", "url2": "https://www.kaigokensaku.mhlw.go.jp/01/index.php?action_kouhyou_detail_004_kani=true&JigyosyoCd=0170101620-00&ServiceCd=110&Type=search" }, "geometry": { "type": "Point", "coordinates": [ 141.342548399999941, 42.9760603 ] } },
{ "type": "Feature", "properties": { "内容": "優和サービスケアセンター【訪問介護】北海道札幌市南区石山東7丁目11番3号", "url2": "https://www.kaigokensaku.mhlw.go.jp/01/index.php?action_kouhyou_detail_004_kani=true&JigyosyoCd=0170503031-00&ServiceCd=110&Type=search" }, "geometry": { "type": "Point", "coordinates": [ 141.3451135, 42.9540569 ] } },
{ "type": "Feature", "properties": { "内容": "ヘルパーステーションもなみ【訪問介護】北海道札幌市南区川沿５条２丁目５番１０号ホワイトピア川沿Ｂ２０１", "url2": "https://www.kaigokensaku.mhlw.go.jp/01/index.php?action_kouhyou_detail_004_kani=true&JigyosyoCd=0170504575-00&ServiceCd=110&Type=search" }, "geometry": { "type": "Point", "coordinates": [ 141.331623656448755, 42.993743121382835 ] } },
{ "type": "Feature", "properties": { "内容": "訪問介護ステーションあやめ澄川【訪問介護】北海道札幌市南区澄川2条2丁目1-5みなづきホーム澄川館内", "url2": "https://www.kaigokensaku.mhlw.go.jp/01/index.php?action_kouhyou_detail_004_kani=true&JigyosyoCd=0170515878-00&ServiceCd=110&Type=search" }, "geometry": { "type": "Point", "coordinates": [ 141.361873800000012, 43.017528 ] } },
{ "type": "Feature", "properties": { "内容": "ノアケアセンター芸術の森【訪問介護】北海道札幌市南区常盤2条2丁目17-10ノアガーデン　プレザント芸術の森", "url2": "https://www.kaigokensaku.mhlw.go.jp/01/index.php?action_kouhyou_detail_004_kani=true&JigyosyoCd=0170513469-00&ServiceCd=110&Type=search" }, "geometry": { "type": "Point", "coordinates": [ 141.2199991, 42.9539188 ] } },
{ "type": "Feature", "properties": { "内容": "あんどケア【訪問介護】北海道札幌市西区西町北5丁目1番10号2F-2", "url2": "https://www.kaigokensaku.mhlw.go.jp/01/index.php?action_kouhyou_detail_004_kani=true&JigyosyoCd=0170404453-00&ServiceCd=110&Type=search" }, "geometry": { "type": "Point", "coordinates": [ 141.289786700000036, 43.0788132 ] } },
{ "type": "Feature", "properties": { "内容": "訪問介護事業所志援.【訪問介護】北海道札幌市西区八軒1条西1丁目1-22", "url2": "https://www.kaigokensaku.mhlw.go.jp/01/index.php?action_kouhyou_detail_004_kani=true&JigyosyoCd=0170403695-00&ServiceCd=110&Type=search" }, "geometry": { "type": "Point", "coordinates": [ 141.308532, 43.08175 ] } },
{ "type": "Feature", "properties": { "内容": "ヘルパーステーションよりそい【訪問介護】北海道札幌市西区二十四軒３条４丁目５－２７２７コーポきむら１０３", "url2": "https://www.kaigokensaku.mhlw.go.jp/01/index.php?action_kouhyou_detail_004_kani=true&JigyosyoCd=0170402978-00&ServiceCd=110&Type=search" }, "geometry": { "type": "Point", "coordinates": [ 141.309451800000033, 43.0744176 ] } },
{ "type": "Feature", "properties": { "内容": "きらりケアサービス【訪問介護】八軒６条東４丁目4-13-105", "url2": "https://www.kaigokensaku.mhlw.go.jp/01/index.php?action_kouhyou_detail_004_kani=true&JigyosyoCd=0170405732-00&ServiceCd=110&Type=search" }, "geometry": { "type": "Point", "coordinates": [ 141.323054, 43.084067700000034 ] } },
{ "type": "Feature", "properties": { "内容": "セントケア札幌【訪問介護】北海道札幌市西区琴似１条６条4-3　札幌琴似第一ビル１F", "url2": "https://www.kaigokensaku.mhlw.go.jp/01/index.php?action_kouhyou_detail_004_kani=true&JigyosyoCd=0170500110-00&ServiceCd=110&Type=search" }, "geometry": { "type": "Point", "coordinates": [ 141.301410142530528, 43.074402006465192 ] } },
{ "type": "Feature", "properties": { "内容": "すこやか介護サービス【訪問介護】北海道札幌市西区西野4条7丁目7番35号サービス付き高齢者向け住宅　すこやか苑西野", "url2": "https://www.kaigokensaku.mhlw.go.jp/01/index.php?action_kouhyou_detail_004_kani=true&JigyosyoCd=0170400303-00&ServiceCd=110&Type=search" }, "geometry": { "type": "Point", "coordinates": [ 141.270514951451105, 43.076411423366885 ] } },
{ "type": "Feature", "properties": { "内容": "ニチイケアセンター八軒【訪問介護】北海道札幌市西区八軒１０条西６丁目5-1", "url2": "https://www.kaigokensaku.mhlw.go.jp/01/index.php?action_kouhyou_detail_004_kani=true&JigyosyoCd=0170400485-00&ServiceCd=110&Type=search" }, "geometry": { "type": "Point", "coordinates": [ 141.312347400000021, 43.0971568 ] } },
{ "type": "Feature", "properties": { "内容": "介護サービス山の手【訪問介護】北海道札幌市西区山の手2条7丁目2-15えんじゅ山の手", "url2": "https://www.kaigokensaku.mhlw.go.jp/01/index.php?action_kouhyou_detail_004_kani=true&JigyosyoCd=0170404685-00&ServiceCd=110&Type=search" }, "geometry": { "type": "Point", "coordinates": [ 141.29632289999995, 43.066504 ] } },
{ "type": "Feature", "properties": { "内容": "訪問介護ステーションエルメール【訪問介護】北海道札幌市西区八軒５条東3-1-4エルメール八軒", "url2": "https://www.kaigokensaku.mhlw.go.jp/01/index.php?action_kouhyou_detail_004_kani=true&JigyosyoCd=0170404933-00&ServiceCd=110&Type=search" }, "geometry": { "type": "Point", "coordinates": [ 141.319472799999971, 43.0824756 ] } },
{ "type": "Feature", "properties": { "内容": "シンプルスマイル【訪問介護】札幌市西区八軒九条東1丁目1番12号八軒ガーデンヒルズB202号", "url2": "https://www.kaigokensaku.mhlw.go.jp/01/index.php?action_kouhyou_detail_004_kani=true&JigyosyoCd=0170405211-00&ServiceCd=110&Type=search" }, "geometry": { "type": "Point", "coordinates": [ 141.2878637, 43.0796951 ] } },
{ "type": "Feature", "properties": { "内容": "ヘルパーステーション華【訪問介護】北海道札幌市西区西野3条10丁目6-10ウェルケアロータス", "url2": "https://www.kaigokensaku.mhlw.go.jp/01/index.php?action_kouhyou_detail_004_kani=true&JigyosyoCd=0170400592-00&ServiceCd=110&Type=search" }, "geometry": { "type": "Point", "coordinates": [ 141.268093599999929, 43.0827983 ] } },
{ "type": "Feature", "properties": { "内容": "ＳＯＭＰＯケア　札幌発寒　訪問介護【訪問介護】北海道札幌市西区発寒6条4丁目6番3号", "url2": "https://www.kaigokensaku.mhlw.go.jp/01/index.php?action_kouhyou_detail_004_kani=true&JigyosyoCd=0170404982-00&ServiceCd=110&Type=search" }, "geometry": { "type": "Point", "coordinates": [ 141.29242469999997, 43.0892759 ] } },
{ "type": "Feature", "properties": { "内容": "ケアサポートうるおい第2【訪問介護】北海道札幌市西区八軒7条西4丁目1-16うるおいの家　八軒", "url2": "https://www.kaigokensaku.mhlw.go.jp/01/index.php?action_kouhyou_detail_004_kani=true&JigyosyoCd=0170404487-00&ServiceCd=110&Type=search" }, "geometry": { "type": "Point", "coordinates": [ 141.31158389999996, 43.0915379 ] } },
{ "type": "Feature", "properties": { "内容": "ケアサポートうるおい西野【訪問介護】西区西野7条2丁目3番20号", "url2": "https://www.kaigokensaku.mhlw.go.jp/01/index.php?action_kouhyou_detail_004_kani=true&JigyosyoCd=0170405500-00&ServiceCd=110&Type=search" }, "geometry": { "type": "Point", "coordinates": [ 141.273814, 43.063951 ] } },
{ "type": "Feature", "properties": { "内容": "訪問介護事業所セージュ山の手【訪問介護】北海道札幌市西区山の手3条6丁目4番6号", "url2": "https://www.kaigokensaku.mhlw.go.jp/01/index.php?action_kouhyou_detail_004_kani=true&JigyosyoCd=0170400758-00&ServiceCd=110&Type=search" }, "geometry": { "type": "Point", "coordinates": [ 141.29495350000002, 43.0688063 ] } },
{ "type": "Feature", "properties": { "内容": "ハレルヤ訪問介護ステーション【訪問介護】宮の沢3条3丁目15-15ホサナケアホーム", "url2": "https://www.kaigokensaku.mhlw.go.jp/01/index.php?action_kouhyou_detail_004_kani=true&JigyosyoCd=0170406276-00&ServiceCd=110&Type=search" }, "geometry": { "type": "Point", "coordinates": [ 141.2655082, 43.0856676 ] } },
{ "type": "Feature", "properties": { "内容": "ヘルパーステーション　パンセ【訪問介護】北海道札幌市西区西野５条６丁目3-3", "url2": "https://www.kaigokensaku.mhlw.go.jp/01/index.php?action_kouhyou_detail_004_kani=true&JigyosyoCd=0170402739-00&ServiceCd=110&Type=search" }, "geometry": { "type": "Point", "coordinates": [ 141.270348569452977, 43.073867707437486 ] } },
{ "type": "Feature", "properties": { "内容": "株式会社　ケアスタッフ　西ステーション【訪問介護】北海道札幌市西区琴似3条4丁目3-18高橋ビル３Ｆ", "url2": "https://www.kaigokensaku.mhlw.go.jp/01/index.php?action_kouhyou_detail_004_kani=true&JigyosyoCd=0170401103-00&ServiceCd=110&Type=search" }, "geometry": { "type": "Point", "coordinates": [ 141.299674699999969, 43.0786138 ] } },
{ "type": "Feature", "properties": { "内容": "ニチイケアセンター八軒東【訪問介護】北海道札幌市西区八軒7条東5丁目4-46", "url2": "https://www.kaigokensaku.mhlw.go.jp/01/index.php?action_kouhyou_detail_004_kani=true&JigyosyoCd=0170200265-00&ServiceCd=110&Type=search" }, "geometry": { "type": "Point", "coordinates": [ 141.325555399999985, 43.0835785 ] } },
{ "type": "Feature", "properties": { "内容": "ヘルパーステーション　萌　やまのて【訪問介護】北海道札幌市西区山の手１条１丁目３番地MOE　Bldg", "url2": "https://www.kaigokensaku.mhlw.go.jp/01/index.php?action_kouhyou_detail_004_kani=true&JigyosyoCd=0170403547-00&ServiceCd=110&Type=search" }, "geometry": { "type": "Point", "coordinates": [ 141.304297, 43.0694818 ] } },
{ "type": "Feature", "properties": { "内容": "訪問介護事業所ケアライン【訪問介護】北海道札幌市西区西野４条２丁目１３-１５", "url2": "https://www.kaigokensaku.mhlw.go.jp/01/index.php?action_kouhyou_detail_004_kani=true&JigyosyoCd=0170406268-00&ServiceCd=110&Type=search" }, "geometry": { "type": "Point", "coordinates": [ 141.2789856, 43.0698677 ] } },
{ "type": "Feature", "properties": { "内容": "ヘルパーステーション裕【訪問介護】北海道札幌市西区琴似1条3丁目3番12号しなねん琴似ビル3階", "url2": "https://www.kaigokensaku.mhlw.go.jp/01/index.php?action_kouhyou_detail_004_kani=true&JigyosyoCd=0170404172-00&ServiceCd=110&Type=search" }, "geometry": { "type": "Point", "coordinates": [ 141.304964627830486, 43.07743726968301 ] } },
{ "type": "Feature", "properties": { "内容": "訪問介護事業所アクア琴似【訪問介護】北海道札幌市西区二十四軒４条２丁目９－２", "url2": "https://www.kaigokensaku.mhlw.go.jp/01/index.php?action_kouhyou_detail_004_kani=true&JigyosyoCd=0170405740-00&ServiceCd=110&Type=search" }, "geometry": { "type": "Point", "coordinates": [ 141.308851299999986, 43.07794 ] } },
{ "type": "Feature", "properties": { "内容": "医心館訪問介護ステーション琴似【訪問介護】北海道札幌市西区琴似2条2丁目1番7号", "url2": "https://www.kaigokensaku.mhlw.go.jp/01/index.php?action_kouhyou_detail_004_kani=true&JigyosyoCd=0170406086-00&ServiceCd=110&Type=search" }, "geometry": { "type": "Point", "coordinates": [ 141.305982777246129, 43.079196451941137 ] } },
{ "type": "Feature", "properties": { "内容": "サンウェルズ西野ヘルパーステーション【訪問介護】北海道西区西野６条２丁目８番２０号", "url2": "https://www.kaigokensaku.mhlw.go.jp/01/index.php?action_kouhyou_detail_004_kani=true&JigyosyoCd=0170405476-00&ServiceCd=110&Type=search" }, "geometry": { "type": "Point", "coordinates": [ 141.2738611, 43.0669821 ] } },
{ "type": "Feature", "properties": { "内容": "訪問介護事業所　こもんず【訪問介護】北海道札幌市西区西野3条6丁目5番20号サンヴィレッジ西野", "url2": "https://www.kaigokensaku.mhlw.go.jp/01/index.php?action_kouhyou_detail_004_kani=true&JigyosyoCd=0170207740-00&ServiceCd=110&Type=search" }, "geometry": { "type": "Point", "coordinates": [ 141.274726099999953, 43.0778376 ] } },
{ "type": "Feature", "properties": { "内容": "ツクイ・サンフォレスト札幌西野【訪問介護】札幌市西区西野６条８丁目１０番５号", "url2": "https://www.kaigokensaku.mhlw.go.jp/01/index.php?action_kouhyou_detail_004_kani=true&JigyosyoCd=0170405518-00&ServiceCd=110&Type=search" }, "geometry": { "type": "Point", "coordinates": [ 141.2665351, 43.0734191 ] } },
{ "type": "Feature", "properties": { "内容": "ななつ星訪問介護ステーション【訪問介護】札幌市西区二十四軒１条５丁目1-34メディカルスクエア北円山", "url2": "https://www.kaigokensaku.mhlw.go.jp/01/index.php?action_kouhyou_detail_004_kani=true&JigyosyoCd=0170404941-00&ServiceCd=110&Type=search" }, "geometry": { "type": "Point", "coordinates": [ 141.315951698407446, 43.069237750507661 ] } },
{ "type": "Feature", "properties": { "内容": "ノアケアセンターまきばの郷【訪問介護】北海道札幌市西区発寒8条13丁目1-10ノアガーデン　サングレース発寒", "url2": "https://www.kaigokensaku.mhlw.go.jp/01/index.php?action_kouhyou_detail_004_kani=true&JigyosyoCd=0170405443-00&ServiceCd=110&Type=search" }, "geometry": { "type": "Point", "coordinates": [ 141.274879, 43.097172 ] } },
{ "type": "Feature", "properties": { "内容": "フレンドリィ訪問介護事業所【訪問介護】北海道札幌市西区福井１丁目９番１５号ふくいトラストホーム", "url2": "https://www.kaigokensaku.mhlw.go.jp/01/index.php?action_kouhyou_detail_004_kani=true&JigyosyoCd=0170405153-00&ServiceCd=110&Type=search" }, "geometry": { "type": "Point", "coordinates": [ 141.2760088, 43.059528 ] } },
{ "type": "Feature", "properties": { "内容": "すまいる　八軒【訪問介護】北海道札幌市西区八軒5条西9丁目5番5号ふれあいの里八軒", "url2": "https://www.kaigokensaku.mhlw.go.jp/01/index.php?action_kouhyou_detail_004_kani=true&JigyosyoCd=0170404917-00&ServiceCd=110&Type=search" }, "geometry": { "type": "Point", "coordinates": [ 141.302051399999982, 43.093476 ] } },
{ "type": "Feature", "properties": { "内容": "りたけあ札幌【訪問介護】北海道札幌市西区山の手５条４丁目１－３８フレンドリー山の手B2号", "url2": "https://www.kaigokensaku.mhlw.go.jp/01/index.php?action_kouhyou_detail_004_kani=true&JigyosyoCd=0170403182-00&ServiceCd=110&Type=search" }, "geometry": { "type": "Point", "coordinates": [ 141.29359980000001, 43.0718476 ] } },
{ "type": "Feature", "properties": { "内容": "学研ココファン発寒ヘルパーセンター【訪問介護】北海道札幌市西区発寒8条14丁目516番地460ココファン発寒", "url2": "https://www.kaigokensaku.mhlw.go.jp/01/index.php?action_kouhyou_detail_004_kani=true&JigyosyoCd=0170406052-00&ServiceCd=110&Type=search" }, "geometry": { "type": "Point", "coordinates": [ 141.272368245308087, 43.09984322466233 ] } },
{ "type": "Feature", "properties": { "内容": "介護サービスかがやき【訪問介護】北海道札幌市西区八軒6条西9丁目1番37号かがやき八軒", "url2": "https://www.kaigokensaku.mhlw.go.jp/01/index.php?action_kouhyou_detail_004_kani=true&JigyosyoCd=0170401327-00&ServiceCd=110&Type=search" }, "geometry": { "type": "Point", "coordinates": [ 141.303934475471436, 43.09457318613515 ] } },
{ "type": "Feature", "properties": { "内容": "ホームヘルプサービスステーションけんそういん【訪問介護】北海道札幌市西区西野３条１丁目３－１０", "url2": "https://www.kaigokensaku.mhlw.go.jp/01/index.php?action_kouhyou_detail_004_kani=true&JigyosyoCd=0170400576-00&ServiceCd=110&Type=search" }, "geometry": { "type": "Point", "coordinates": [ 141.282743100000062, 43.0721415 ] } },
{ "type": "Feature", "properties": { "内容": "宮の沢やわらぎ【訪問介護】北海道札幌市西区宮の沢2条4丁目7-18サニーライフ宮の沢", "url2": "https://www.kaigokensaku.mhlw.go.jp/01/index.php?action_kouhyou_detail_004_kani=true&JigyosyoCd=0170406193-00&ServiceCd=110&Type=search" }, "geometry": { "type": "Point", "coordinates": [ 141.2657428, 43.0920904 ] } },
{ "type": "Feature", "properties": { "内容": "ヘルパーステーション　にしの【訪問介護】北海道札幌市西区平和２条３丁目３番１４号", "url2": "https://www.kaigokensaku.mhlw.go.jp/01/index.php?action_kouhyou_detail_004_kani=true&JigyosyoCd=0170402556-00&ServiceCd=110&Type=search" }, "geometry": { "type": "Point", "coordinates": [ 141.260786899999971, 43.0584761 ] } },
{ "type": "Feature", "properties": { "内容": "ライフサポートきずな【訪問介護】北海道札幌市西区二十四軒４条３丁目４番１８号ファミール琴似　202号室", "url2": "https://www.kaigokensaku.mhlw.go.jp/01/index.php?action_kouhyou_detail_004_kani=true&JigyosyoCd=0170404784-00&ServiceCd=110&Type=search" }, "geometry": { "type": "Point", "coordinates": [ 141.307896699999986, 43.0759163 ] } },
{ "type": "Feature", "properties": { "内容": "らいふステップ【訪問介護】北海道札幌市西区西野10条6丁目5番1号ララコム西野202", "url2": "https://www.kaigokensaku.mhlw.go.jp/01/index.php?action_kouhyou_detail_004_kani=true&JigyosyoCd=0170207781-00&ServiceCd=110&Type=search" }, "geometry": { "type": "Point", "coordinates": [ 141.260303300000032, 43.0632837 ] } },
{ "type": "Feature", "properties": { "内容": "ヘルパーステーションあんず【訪問介護】北海道札幌市西区八軒7条西1丁目3番22号", "url2": "https://www.kaigokensaku.mhlw.go.jp/01/index.php?action_kouhyou_detail_004_kani=true&JigyosyoCd=0170203749-00&ServiceCd=110&Type=search" }, "geometry": { "type": "Point", "coordinates": [ 141.314715438270582, 43.089967072225527 ] } },
{ "type": "Feature", "properties": { "内容": "訪問介護事業所　いちばんぼし【訪問介護】北海道札幌市西区西野8条2丁目10-6西野ハイツ202", "url2": "https://www.kaigokensaku.mhlw.go.jp/01/index.php?action_kouhyou_detail_004_kani=true&JigyosyoCd=0170206270-00&ServiceCd=110&Type=search" }, "geometry": { "type": "Point", "coordinates": [ 141.273497099999986, 43.060942800000014 ] } },
{ "type": "Feature", "properties": { "内容": "札幌介護ケアステーション【訪問介護】札幌市西区西野6条1丁目6番23号", "url2": "https://www.kaigokensaku.mhlw.go.jp/01/index.php?action_kouhyou_detail_004_kani=true&JigyosyoCd=0170405005-00&ServiceCd=110&Type=search" }, "geometry": { "type": "Point", "coordinates": [ 141.2765478, 43.0652481 ] } },
{ "type": "Feature", "properties": { "内容": "ケアフル心陽【訪問介護】北海道札幌市西区平和２条６丁目１－１平和ビル１０１", "url2": "https://www.kaigokensaku.mhlw.go.jp/01/index.php?action_kouhyou_detail_004_kani=true&JigyosyoCd=0170402994-00&ServiceCd=110&Type=search" }, "geometry": { "type": "Point", "coordinates": [ 141.254653494554077, 43.058238170571926 ] } },
{ "type": "Feature", "properties": { "内容": "社会福祉法人　札幌市社会福祉協議会　西ヘルパーセンター【訪問介護】北海道札幌市西区琴似１条６丁目4-3札幌琴似第一ビルディング　２階", "url2": "https://www.kaigokensaku.mhlw.go.jp/01/index.php?action_kouhyou_detail_004_kani=true&JigyosyoCd=0170403489-00&ServiceCd=110&Type=search" }, "geometry": { "type": "Point", "coordinates": [ 141.301549799999947, 43.0741422 ] } },
{ "type": "Feature", "properties": { "内容": "特定非営利活動法人在宅生活支援サービスホーム花凪指定訪問介護事業所【訪問介護】北海道札幌市西区平和2条7丁目11-26", "url2": "https://www.kaigokensaku.mhlw.go.jp/01/index.php?action_kouhyou_detail_004_kani=true&JigyosyoCd=0170400527-00&ServiceCd=110&Type=search" }, "geometry": { "type": "Point", "coordinates": [ 141.251118200000064, 43.0580148 ] } },
{ "type": "Feature", "properties": { "内容": "ケアアシスト【訪問介護】北海道札幌市西区西町北2丁目3番3号", "url2": "https://www.kaigokensaku.mhlw.go.jp/01/index.php?action_kouhyou_detail_004_kani=true&JigyosyoCd=0170400030-00&ServiceCd=110&Type=search" }, "geometry": { "type": "Point", "coordinates": [ 141.29263370000001, 43.0775579 ] } },
{ "type": "Feature", "properties": { "内容": "有限会社ミキヤ　なごみ介護センター【訪問介護】北海道札幌市西区西町北３丁目４－１２ラ・シャトーレイン２０８号室", "url2": "https://www.kaigokensaku.mhlw.go.jp/01/index.php?action_kouhyou_detail_004_kani=true&JigyosyoCd=0170401459-00&ServiceCd=110&Type=search" }, "geometry": { "type": "Point", "coordinates": [ 141.293144164497789, 43.079651551658976 ] } },
{ "type": "Feature", "properties": { "内容": "滝介護サービス【訪問介護】北海道札幌市西区発寒１１条１丁目８－５　２階", "url2": "https://www.kaigokensaku.mhlw.go.jp/01/index.php?action_kouhyou_detail_004_kani=true&JigyosyoCd=0170401137-00&ServiceCd=110&Type=search" }, "geometry": { "type": "Point", "coordinates": [ 141.298482299999932, 43.092026 ] } },
{ "type": "Feature", "properties": { "内容": "訪問介護ステーションはるか【訪問介護】北海道札幌市西区西野２条１丁目２－２０ふもと橋マンションB105号", "url2": "https://www.kaigokensaku.mhlw.go.jp/01/index.php?action_kouhyou_detail_004_kani=true&JigyosyoCd=0170404743-00&ServiceCd=110&Type=search" }, "geometry": { "type": "Point", "coordinates": [ 141.28543118941036, 43.07388174213775 ] } },
{ "type": "Feature", "properties": { "内容": "ヘルパーステーションSORA【訪問介護】北海道札幌市西区発寒6条12丁目5番41号フローラパレス宮の沢", "url2": "https://www.kaigokensaku.mhlw.go.jp/01/index.php?action_kouhyou_detail_004_kani=true&JigyosyoCd=0170404560-00&ServiceCd=110&Type=search" }, "geometry": { "type": "Point", "coordinates": [ 141.2730483, 43.0934018 ] } },
{ "type": "Feature", "properties": { "内容": "ライフデザイン訪問介護【訪問介護】北海道札幌市西区西野5条2丁目7-8ドリームス西野", "url2": "https://www.kaigokensaku.mhlw.go.jp/01/index.php?action_kouhyou_detail_004_kani=true&JigyosyoCd=0170104764-00&ServiceCd=110&Type=search" }, "geometry": { "type": "Point", "coordinates": [ 141.275961099999989, 43.0683083 ] } },
{ "type": "Feature", "properties": { "内容": "ケアステーション杏【訪問介護】札幌市西区西町南10丁目4-12-1F", "url2": "https://www.kaigokensaku.mhlw.go.jp/01/index.php?action_kouhyou_detail_004_kani=true&JigyosyoCd=0170404354-00&ServiceCd=110&Type=search" }, "geometry": { "type": "Point", "coordinates": [ 141.283872481681357, 43.079421212528807 ] } },
{ "type": "Feature", "properties": { "内容": "かがやき西町【訪問介護】札幌市西区西町南21丁目1-5", "url2": "https://www.kaigokensaku.mhlw.go.jp/01/index.php?action_kouhyou_detail_004_kani=true&JigyosyoCd=0170406284-00&ServiceCd=110&Type=search" }, "geometry": { "type": "Point", "coordinates": [ 141.2751683, 43.0863773 ] } },
{ "type": "Feature", "properties": { "内容": "訪問介護事業所サポート91【訪問介護】北海道札幌市厚別区上野幌1条3丁目1-1", "url2": "https://www.kaigokensaku.mhlw.go.jp/01/index.php?action_kouhyou_detail_004_kani=true&JigyosyoCd=0170510440-00&ServiceCd=110&Type=search" }, "geometry": { "type": "Point", "coordinates": [ 141.471970899999974, 43.0216396 ] } },
{ "type": "Feature", "properties": { "内容": "ヘルパーステーション　つみき【訪問介護】札幌市厚別区厚別南１丁目９番1号大砂ビル２０５", "url2": "https://www.kaigokensaku.mhlw.go.jp/01/index.php?action_kouhyou_detail_004_kani=true&JigyosyoCd=0170501837-00&ServiceCd=110&Type=search" }, "geometry": { "type": "Point", "coordinates": [ 141.465148699999986, 43.0319663 ] } },
{ "type": "Feature", "properties": { "内容": "かいけつ太郎～ケアサービスステーション【訪問介護】札幌市厚別区青葉町９丁目３番３５号", "url2": "https://www.kaigokensaku.mhlw.go.jp/01/index.php?action_kouhyou_detail_004_kani=true&JigyosyoCd=0170503635-00&ServiceCd=110&Type=search" }, "geometry": { "type": "Point", "coordinates": [ 141.47863126591497, 43.025531228177563 ] } },
{ "type": "Feature", "properties": { "内容": "ヘルパーセンタークローバー【訪問介護】北海道札幌市厚別区厚別北1条2丁目4-20", "url2": "https://www.kaigokensaku.mhlw.go.jp/01/index.php?action_kouhyou_detail_004_kani=true&JigyosyoCd=0170513337-00&ServiceCd=110&Type=search" }, "geometry": { "type": "Point", "coordinates": [ 141.4759613, 43.0525908 ] } },
{ "type": "Feature", "properties": { "内容": "オストケア訪問介護あつべつ【訪問介護】北海道札幌市厚別区もみじ台北６丁目１番３０号イオルもみじ台内", "url2": "https://www.kaigokensaku.mhlw.go.jp/01/index.php?action_kouhyou_detail_004_kani=true&JigyosyoCd=0170510390-00&ServiceCd=110&Type=search" }, "geometry": { "type": "Point", "coordinates": [ 141.491051700000071, 43.0349773 ] } },
{ "type": "Feature", "properties": { "内容": "ＳＯＭＰＯケア　札幌青葉　訪問介護【訪問介護】北海道札幌市厚別区青葉町13丁目5番40号", "url2": "https://www.kaigokensaku.mhlw.go.jp/01/index.php?action_kouhyou_detail_004_kani=true&JigyosyoCd=0170513295-00&ServiceCd=110&Type=search" }, "geometry": { "type": "Point", "coordinates": [ 141.480022299999973, 43.0331773 ] } },
{ "type": "Feature", "properties": { "内容": "アースサポート新札幌【訪問介護】北海道札幌市厚別区厚別中央3条5丁目7番23号", "url2": "https://www.kaigokensaku.mhlw.go.jp/01/index.php?action_kouhyou_detail_004_kani=true&JigyosyoCd=0170506562-00&ServiceCd=110&Type=search" }, "geometry": { "type": "Point", "coordinates": [ 141.4719725, 43.0430762 ] } },
{ "type": "Feature", "properties": { "内容": "アオハル訪問介護ステーション【訪問介護】厚別西５条２丁目１８－２２ノーザリーライフケア厚別西", "url2": "https://www.kaigokensaku.mhlw.go.jp/01/index.php?action_kouhyou_detail_004_kani=true&JigyosyoCd=0170515571-00&ServiceCd=110&Type=search" }, "geometry": { "type": "Point", "coordinates": [ 141.458128, 43.0522425 ] } },
{ "type": "Feature", "properties": { "内容": "聖陵ヘルパーステーション【訪問介護】北海道札幌市厚別区厚別東4条2丁目1番1号", "url2": "https://www.kaigokensaku.mhlw.go.jp/01/index.php?action_kouhyou_detail_004_kani=true&JigyosyoCd=0170511687-00&ServiceCd=110&Type=search" }, "geometry": { "type": "Point", "coordinates": [ 141.479477399999951, 43.0442567 ] } },
{ "type": "Feature", "properties": { "内容": "ヘルパーステーション白ゆり新さっぽろ【訪問介護】北海道札幌市厚別区厚別東１条２丁目１番１号ライフプレステージ白ゆり新さっぽろ", "url2": "https://www.kaigokensaku.mhlw.go.jp/01/index.php?action_kouhyou_detail_004_kani=true&JigyosyoCd=0170508576-00&ServiceCd=110&Type=search" }, "geometry": { "type": "Point", "coordinates": [ 141.484257699999944, 43.0400321 ] } },
{ "type": "Feature", "properties": { "内容": "あおいケア新さっぽろ【訪問介護】札幌市厚別区厚別東1条4丁目1-40", "url2": "https://www.kaigokensaku.mhlw.go.jp/01/index.php?action_kouhyou_detail_004_kani=true&JigyosyoCd=0170508766-00&ServiceCd=110&Type=search" }, "geometry": { "type": "Point", "coordinates": [ 141.4903961, 43.0398129 ] } },
{ "type": "Feature", "properties": { "内容": "すまいのヘルパーステーション【訪問介護】札幌市厚別区もみじ台南１丁目2－1あおいもみじ台南館", "url2": "https://www.kaigokensaku.mhlw.go.jp/01/index.php?action_kouhyou_detail_004_kani=true&JigyosyoCd=0170204333-00&ServiceCd=110&Type=search" }, "geometry": { "type": "Point", "coordinates": [ 141.491489310241121, 43.025982413778365 ] } },
{ "type": "Feature", "properties": { "内容": "ニチイケアセンター厚別【訪問介護】北海道札幌市厚別区厚別東4条4丁目11-31", "url2": "https://www.kaigokensaku.mhlw.go.jp/01/index.php?action_kouhyou_detail_004_kani=true&JigyosyoCd=0170506281-00&ServiceCd=110&Type=search" }, "geometry": { "type": "Point", "coordinates": [ 141.482707600000026, 43.0489368 ] } },
{ "type": "Feature", "properties": { "内容": "指定訪問介護事業所メディカルレイ【訪問介護】札幌市厚別区厚別東３条６丁目５番３５号", "url2": "https://www.kaigokensaku.mhlw.go.jp/01/index.php?action_kouhyou_detail_004_kani=true&JigyosyoCd=0170511273-00&ServiceCd=110&Type=search" }, "geometry": { "type": "Point", "coordinates": [ 141.488798390836536, 43.048842839867845 ] } },
{ "type": "Feature", "properties": { "内容": "ケアサポートにじか【訪問介護】北海道札幌市厚別区厚別西4条3丁目2-10ファミール北野101", "url2": "https://www.kaigokensaku.mhlw.go.jp/01/index.php?action_kouhyou_detail_004_kani=true&JigyosyoCd=0170514970-00&ServiceCd=110&Type=search" }, "geometry": { "type": "Point", "coordinates": [ 141.460000900000011, 43.0504414 ] } },
{ "type": "Feature", "properties": { "内容": "ヘルパーステーションかえで【訪問介護】北海道札幌市厚別区もみじ台西６丁目１－４勤医協もみじ台内科診療所３階", "url2": "https://www.kaigokensaku.mhlw.go.jp/01/index.php?action_kouhyou_detail_004_kani=true&JigyosyoCd=0170511737-00&ServiceCd=110&Type=search" }, "geometry": { "type": "Point", "coordinates": [ 141.490401257672147, 43.031786457487662 ] } },
{ "type": "Feature", "properties": { "内容": "訪問介護事業所サポーティ・もみじ台【訪問介護】北海道札幌市厚別区もみじ台北６丁目2-5-2", "url2": "https://www.kaigokensaku.mhlw.go.jp/01/index.php?action_kouhyou_detail_004_kani=true&JigyosyoCd=0170512479-00&ServiceCd=110&Type=search" }, "geometry": { "type": "Point", "coordinates": [ 141.493215400000054, 43.0350857 ] } },
{ "type": "Feature", "properties": { "内容": "社会福祉法人札幌市社会福祉協議会　白石・厚別・清田ヘルパーセンター【訪問介護】北海道札幌市厚別区大谷地東2丁目4-1札幌市交通局本局庁舎6階", "url2": "https://www.kaigokensaku.mhlw.go.jp/01/index.php?action_kouhyou_detail_004_kani=true&JigyosyoCd=0170508519-00&ServiceCd=110&Type=search" }, "geometry": { "type": "Point", "coordinates": [ 141.452293927647361, 43.028080964481539 ] } },
{ "type": "Feature", "properties": { "内容": "特定非営利活動法人ホームヘルパーノア　訪問介護事業所【訪問介護】北海道札幌市厚別区厚別南2丁目10-4　ツルハドラッグひばりが丘店2階", "url2": "https://www.kaigokensaku.mhlw.go.jp/01/index.php?action_kouhyou_detail_004_kani=true&JigyosyoCd=0170500953-00&ServiceCd=110&Type=search" }, "geometry": { "type": "Point", "coordinates": [ 141.469250491359134, 43.033118955163914 ] } },
{ "type": "Feature", "properties": { "内容": "ケアセンターのほろ【訪問介護】札幌市厚別区厚別中央2条6丁目5－40第2広地マンション11号室", "url2": "https://www.kaigokensaku.mhlw.go.jp/01/index.php?action_kouhyou_detail_004_kani=true&JigyosyoCd=0170502637-00&ServiceCd=110&Type=search" }, "geometry": { "type": "Point", "coordinates": [ 141.476176200000026, 43.0423072 ] } },
{ "type": "Feature", "properties": { "内容": "あいcareはなはな【訪問介護】札幌市手稲区前田10条13丁目1番22号", "url2": "https://www.kaigokensaku.mhlw.go.jp/01/index.php?action_kouhyou_detail_004_kani=true&JigyosyoCd=0170402531-00&ServiceCd=110&Type=search" }, "geometry": { "type": "Point", "coordinates": [ 141.262786799999958, 43.1170197 ] } },
{ "type": "Feature", "properties": { "内容": "NPO法人　ヘルパーステーションいちご【訪問介護】北海道札幌市手稲区手稲本町２条５丁目１２－５０１４０２", "url2": "https://www.kaigokensaku.mhlw.go.jp/01/index.php?action_kouhyou_detail_004_kani=true&JigyosyoCd=0170404446-00&ServiceCd=110&Type=search" }, "geometry": { "type": "Point", "coordinates": [ 141.2407634, 43.1211712 ] } },
{ "type": "Feature", "properties": { "内容": "手稲ゆうゆう訪問介護事業所【訪問介護】北海道札幌市手稲区稲穂5条2丁目6番5号", "url2": "https://www.kaigokensaku.mhlw.go.jp/01/index.php?action_kouhyou_detail_004_kani=true&JigyosyoCd=0170400055-00&ServiceCd=110&Type=search" }, "geometry": { "type": "Point", "coordinates": [ 141.226880320098871, 43.117408153154592 ] } },
{ "type": "Feature", "properties": { "内容": "ケアステーションゆかり【訪問介護】北海道札幌市手稲区金山1条2丁目1番16号わだ内科外科クリニック内", "url2": "https://www.kaigokensaku.mhlw.go.jp/01/index.php?action_kouhyou_detail_004_kani=true&JigyosyoCd=0170404586-00&ServiceCd=110&Type=search" }, "geometry": { "type": "Point", "coordinates": [ 141.208476, 43.1304638 ] } },
{ "type": "Feature", "properties": { "内容": "ヘルパーステーションあいの手【訪問介護】北海道札幌市手稲本町2条2丁目4番23号", "url2": "https://www.kaigokensaku.mhlw.go.jp/01/index.php?action_kouhyou_detail_004_kani=true&JigyosyoCd=0170405112-00&ServiceCd=110&Type=search" }, "geometry": { "type": "Point", "coordinates": [ 141.2436073, 43.117636400000016 ] } },
{ "type": "Feature", "properties": { "内容": "ＳＯＭＰＯケア　札幌星置　訪問介護【訪問介護】北海道札幌市手稲区星置1条4丁目2-29", "url2": "https://www.kaigokensaku.mhlw.go.jp/01/index.php?action_kouhyou_detail_004_kani=true&JigyosyoCd=0170404990-00&ServiceCd=110&Type=search" }, "geometry": { "type": "Point", "coordinates": [ 141.209104199999956, 43.1327993 ] } },
{ "type": "Feature", "properties": { "内容": "ケアサポートうるおい手稲【訪問介護】手稲本町2条2丁目1-33うるおいの家手稲", "url2": "https://www.kaigokensaku.mhlw.go.jp/01/index.php?action_kouhyou_detail_004_kani=true&JigyosyoCd=0170405385-00&ServiceCd=110&Type=search" }, "geometry": { "type": "Point", "coordinates": [ 141.243895598286429, 43.116300259835171 ] } },
{ "type": "Feature", "properties": { "内容": "ケアサポートうるおい手稲曙【訪問介護】北海道札幌市手稲区曙11条2丁目3番45号", "url2": "https://www.kaigokensaku.mhlw.go.jp/01/index.php?action_kouhyou_detail_004_kani=true&JigyosyoCd=0170405955-00&ServiceCd=110&Type=search" }, "geometry": { "type": "Point", "coordinates": [ 141.2340403, 43.1429685 ] } },
{ "type": "Feature", "properties": { "内容": "あらいぶ訪問介護事業所【訪問介護】北海道札幌市手稲区富丘3条4丁目10-30キロバビル2階", "url2": "https://www.kaigokensaku.mhlw.go.jp/01/index.php?action_kouhyou_detail_004_kani=true&JigyosyoCd=0170404891-00&ServiceCd=110&Type=search" }, "geometry": { "type": "Point", "coordinates": [ 141.249999729410746, 43.107065975122531 ] } },
{ "type": "Feature", "properties": { "内容": "訪問介護ステーション　エソラ【訪問介護】北海道札幌市手稲区西宮の沢１条２丁目3-18ウェーブ手稲ビル105号室", "url2": "https://www.kaigokensaku.mhlw.go.jp/01/index.php?action_kouhyou_detail_004_kani=true&JigyosyoCd=0170405187-00&ServiceCd=110&Type=search" }, "geometry": { "type": "Point", "coordinates": [ 141.26734110000001, 43.1048144 ] } },
{ "type": "Feature", "properties": { "内容": "札幌あんみケアステーション【訪問介護】北海道札幌市手稲区前田4条14丁目4-30", "url2": "https://www.kaigokensaku.mhlw.go.jp/01/index.php?action_kouhyou_detail_004_kani=true&JigyosyoCd=0170405195-00&ServiceCd=110&Type=search" }, "geometry": { "type": "Point", "coordinates": [ 141.242876650926206, 43.127652958013037 ] } },
{ "type": "Feature", "properties": { "内容": "Second　LifeCare【訪問介護】北海道札幌市手稲区前田十三条１０丁目４－１０マ・メゾン　２０１", "url2": "https://www.kaigokensaku.mhlw.go.jp/01/index.php?action_kouhyou_detail_004_kani=true&JigyosyoCd=0170405765-00&ServiceCd=110&Type=search" }, "geometry": { "type": "Point", "coordinates": [ 141.2712529, 43.134582 ] } },
{ "type": "Feature", "properties": { "内容": "ヘルパーステーションアクア手稲【訪問介護】北海道札幌市手稲区富丘１条４丁目３番２０号サービス付き高齢者向け住宅アクア稲積公園事務所内", "url2": "https://www.kaigokensaku.mhlw.go.jp/01/index.php?action_kouhyou_detail_004_kani=true&JigyosyoCd=0170403018-00&ServiceCd=110&Type=search" }, "geometry": { "type": "Point", "coordinates": [ 141.253829699999983, 43.1099704 ] } },
{ "type": "Feature", "properties": { "内容": "サンウェルズ西宮の沢ヘルパーステーション【訪問介護】北海道札幌市手稲区西宮の沢4条3丁目3－34", "url2": "https://www.kaigokensaku.mhlw.go.jp/01/index.php?action_kouhyou_detail_004_kani=true&JigyosyoCd=0170405591-00&ServiceCd=110&Type=search" }, "geometry": { "type": "Point", "coordinates": [ 141.256170200000014, 43.0996719 ] } },
{ "type": "Feature", "properties": { "内容": "ヘルパーステーション　ピンポンハート【訪問介護】北海道札幌市手稲区曙2条3丁目4-28", "url2": "https://www.kaigokensaku.mhlw.go.jp/01/index.php?action_kouhyou_detail_004_kani=true&JigyosyoCd=0170405666-00&ServiceCd=110&Type=search" }, "geometry": { "type": "Point", "coordinates": [ 141.2312375, 43.1284805 ] } },
{ "type": "Feature", "properties": { "内容": "訪問介護事業所パレード【訪問介護】北海道札幌市手稲区西宮の沢４条3丁目２番ビレッジハウス西宮の沢４号棟　３０４号室", "url2": "https://www.kaigokensaku.mhlw.go.jp/01/index.php?action_kouhyou_detail_004_kani=true&JigyosyoCd=0170405724-00&ServiceCd=110&Type=search" }, "geometry": { "type": "Point", "coordinates": [ 141.2585451, 43.1001741 ] } },
{ "type": "Feature", "properties": { "内容": "ベストライフ手稲訪問介護事業所【訪問介護】北海道札幌市手稲区稲穂2条7丁目1-1", "url2": "https://www.kaigokensaku.mhlw.go.jp/01/index.php?action_kouhyou_detail_004_kani=true&JigyosyoCd=0170405377-00&ServiceCd=110&Type=search" }, "geometry": { "type": "Point", "coordinates": [ 141.2144267, 43.1283565 ] } },
{ "type": "Feature", "properties": { "内容": "訪問介護ステーションゆう手稲【訪問介護】北海道札幌市手稲区手稲本町3条1丁目1-1　2F", "url2": "https://www.kaigokensaku.mhlw.go.jp/01/index.php?action_kouhyou_detail_004_kani=true&JigyosyoCd=0170404255-00&ServiceCd=110&Type=search" }, "geometry": { "type": "Point", "coordinates": [ 141.244241727226836, 43.114865882904517 ] } },
{ "type": "Feature", "properties": { "内容": "訪問介護ステーション花梨【訪問介護】札幌市手稲区手稲本町３条４丁目2-8", "url2": "https://www.kaigokensaku.mhlw.go.jp/01/index.php?action_kouhyou_detail_004_kani=true&JigyosyoCd=0170406003-00&ServiceCd=110&Type=search" }, "geometry": { "type": "Point", "coordinates": [ 141.2381326, 43.1187872 ] } },
{ "type": "Feature", "properties": { "内容": "介護サービス喜心【訪問介護】北海道札幌市手稲区西宮の沢3条1丁目12-15サービス付き高齢者向け住宅　喜心", "url2": "https://www.kaigokensaku.mhlw.go.jp/01/index.php?action_kouhyou_detail_004_kani=true&JigyosyoCd=0170505424-00&ServiceCd=110&Type=search" }, "geometry": { "type": "Point", "coordinates": [ 141.264555347885107, 43.099903908589773 ] } },
{ "type": "Feature", "properties": { "内容": "のぞみヘルパーステーション札幌【訪問介護】北海道札幌市手稲区稲穂1条8丁目4番18サービス付き高齢者向け住宅　のぞみグリーンコート手稲", "url2": "https://www.kaigokensaku.mhlw.go.jp/01/index.php?action_kouhyou_detail_004_kani=true&JigyosyoCd=0170207617-00&ServiceCd=110&Type=search" }, "geometry": { "type": "Point", "coordinates": [ 141.206031043978442, 43.131415049104845 ] } },
{ "type": "Feature", "properties": { "内容": "ライフサポートみき【訪問介護】札幌市手稲区前田9条14丁目1番25号", "url2": "https://www.kaigokensaku.mhlw.go.jp/01/index.php?action_kouhyou_detail_004_kani=true&JigyosyoCd=0170405096-00&ServiceCd=110&Type=search" }, "geometry": { "type": "Point", "coordinates": [ 141.2545509, 43.1347469 ] } },
{ "type": "Feature", "properties": { "内容": "MY宮の沢訪問介護ステーション【訪問介護】北海道札幌市手稲区富丘3条7丁目1-68リンデンビル2F", "url2": "https://www.kaigokensaku.mhlw.go.jp/01/index.php?action_kouhyou_detail_004_kani=true&JigyosyoCd=0170402564-00&ServiceCd=110&Type=search" }, "geometry": { "type": "Point", "coordinates": [ 141.247251600000027, 43.1124022 ] } },
{ "type": "Feature", "properties": { "内容": "訪問介護事業所WonderWall【訪問介護】新発寒7条8丁目6-17", "url2": "https://www.kaigokensaku.mhlw.go.jp/01/index.php?action_kouhyou_detail_004_kani=true&JigyosyoCd=0170406128-00&ServiceCd=110&Type=search" }, "geometry": { "type": "Point", "coordinates": [ 141.2741848, 43.12445 ] } },
{ "type": "Feature", "properties": { "内容": "札幌市稲寿園訪問介護事業所【訪問介護】北海道札幌市手稲区曙5条2丁目2-21", "url2": "https://www.kaigokensaku.mhlw.go.jp/01/index.php?action_kouhyou_detail_004_kani=true&JigyosyoCd=0170400121-00&ServiceCd=110&Type=search" }, "geometry": { "type": "Point", "coordinates": [ 141.237407100000041, 43.1328088 ] } },
{ "type": "Feature", "properties": { "内容": "神愛園手稲ヘルパーステーション【訪問介護】北海道札幌市手稲区手稲金山133－5軽費老人ホームＡ型　星置ハイツ内", "url2": "https://www.kaigokensaku.mhlw.go.jp/01/index.php?action_kouhyou_detail_004_kani=true&JigyosyoCd=0170404362-00&ServiceCd=110&Type=search" }, "geometry": { "type": "Point", "coordinates": [ 141.198835700000018, 43.121781200000065 ] } },
{ "type": "Feature", "properties": { "内容": "勤医協ヘルパーステーション手稲【訪問介護】北海道札幌市手稲区新発寒6条3丁目9番3号", "url2": "https://www.kaigokensaku.mhlw.go.jp/01/index.php?action_kouhyou_detail_004_kani=true&JigyosyoCd=0170405294-00&ServiceCd=110&Type=search" }, "geometry": { "type": "Point", "coordinates": [ 141.2790975, 43.1172732 ] } },
{ "type": "Feature", "properties": { "内容": "社会福祉法人札幌市社会福祉協議会　手稲ヘルパーセンター【訪問介護】北海道札幌市手稲区手稲本町２条２丁目1-1村田ビル１階", "url2": "https://www.kaigokensaku.mhlw.go.jp/01/index.php?action_kouhyou_detail_004_kani=true&JigyosyoCd=0170403497-00&ServiceCd=110&Type=search" }, "geometry": { "type": "Point", "coordinates": [ 141.243355, 43.1160221 ] } },
{ "type": "Feature", "properties": { "内容": "社会福祉法人緑誠会　ヘルパーステーションステラ【訪問介護】西宮の沢4条3丁目3番45号ライフコートステラ", "url2": "https://www.kaigokensaku.mhlw.go.jp/01/index.php?action_kouhyou_detail_004_kani=true&JigyosyoCd=0170405088-00&ServiceCd=110&Type=search" }, "geometry": { "type": "Point", "coordinates": [ 141.2572993, 43.1009326 ] } },
{ "type": "Feature", "properties": { "内容": "ヘルパーステーション　心の愛にこっと【訪問介護】札幌市手稲区西宮の沢2条4丁目11番34号", "url2": "https://www.kaigokensaku.mhlw.go.jp/01/index.php?action_kouhyou_detail_004_kani=true&JigyosyoCd=0170404677-00&ServiceCd=110&Type=search" }, "geometry": { "type": "Point", "coordinates": [ 141.261407100000042, 43.1049321 ] } },
{ "type": "Feature", "properties": { "内容": "訪問介護事業所　さくらケア【訪問介護】手稲前田５７３－１３", "url2": "https://www.kaigokensaku.mhlw.go.jp/01/index.php?action_kouhyou_detail_004_kani=true&JigyosyoCd=0170405542-00&ServiceCd=110&Type=search" }, "geometry": { "type": "Point", "coordinates": [ 141.2691403, 43.136812 ] } },
{ "type": "Feature", "properties": { "内容": "たすけあいワーカーズこころ【訪問介護】北海道札幌市手稲区曙5条2丁目7-30あけぼのコートハウス106号室", "url2": "https://www.kaigokensaku.mhlw.go.jp/01/index.php?action_kouhyou_detail_004_kani=true&JigyosyoCd=0170402382-00&ServiceCd=110&Type=search" }, "geometry": { "type": "Point", "coordinates": [ 141.261775633929489, 43.109725286178403 ] } },
{ "type": "Feature", "properties": { "内容": "特定非営利活動法人　訪問介護移送サービスセンター【訪問介護】北海道札幌市手稲区前田9条11丁目9番16号国中ビル22号", "url2": "https://www.kaigokensaku.mhlw.go.jp/01/index.php?action_kouhyou_detail_004_kani=true&JigyosyoCd=0170401343-00&ServiceCd=110&Type=search" }, "geometry": { "type": "Point", "coordinates": [ 141.261889757459784, 43.132198559065849 ] } },
{ "type": "Feature", "properties": { "内容": "温ったか介護ぬくぬく【訪問介護】北海道札幌市手稲区稲穂３条２丁目４番２０号ぬくもり山荘", "url2": "https://www.kaigokensaku.mhlw.go.jp/01/index.php?action_kouhyou_detail_004_kani=true&JigyosyoCd=0170400741-00&ServiceCd=110&Type=search" }, "geometry": { "type": "Point", "coordinates": [ 141.230238399999962, 43.1202408 ] } },
{ "type": "Feature", "properties": { "内容": "ヘルパーステーションむつみ【訪問介護】富丘４条３丁目4-5", "url2": "https://www.kaigokensaku.mhlw.go.jp/01/index.php?action_kouhyou_detail_004_kani=true&JigyosyoCd=0170401939-00&ServiceCd=110&Type=search" }, "geometry": { "type": "Point", "coordinates": [ 141.249256800000012, 43.1037196 ] } },
{ "type": "Feature", "properties": { "内容": "ヘルパーステーションのぞみ【訪問介護】北海道札幌市清田区美しが丘２条７丁目３番６号", "url2": "https://www.kaigokensaku.mhlw.go.jp/01/index.php?action_kouhyou_detail_004_kani=true&JigyosyoCd=0170508626-00&ServiceCd=110&Type=search" }, "geometry": { "type": "Point", "coordinates": [ 141.460724600000049, 42.9793329 ] } },
{ "type": "Feature", "properties": { "内容": "秀寿園ホームヘルプステーション【訪問介護】北海道札幌市清田区真栄３９５番地１", "url2": "https://www.kaigokensaku.mhlw.go.jp/01/index.php?action_kouhyou_detail_004_kani=true&JigyosyoCd=0170500060-00&ServiceCd=110&Type=search" }, "geometry": { "type": "Point", "coordinates": [ 141.4393043, 42.9766326 ] } },
{ "type": "Feature", "properties": { "内容": "有限会社ハートケアサポート【訪問介護】北海道札幌市清田区里塚3条3丁目14番16号", "url2": "https://www.kaigokensaku.mhlw.go.jp/01/index.php?action_kouhyou_detail_004_kani=true&JigyosyoCd=0170503338-00&ServiceCd=110&Type=search" }, "geometry": { "type": "Point", "coordinates": [ 141.4667205, 42.9915393 ] } },
{ "type": "Feature", "properties": { "内容": "訪問介護センター　ふきのとう【訪問介護】北海道札幌市清田区清田3条1丁目1番16号シティハイム　ふきのとう", "url2": "https://www.kaigokensaku.mhlw.go.jp/01/index.php?action_kouhyou_detail_004_kani=true&JigyosyoCd=0170501530-00&ServiceCd=110&Type=search" }, "geometry": { "type": "Point", "coordinates": [ 141.425201199999947, 43.0031401 ] } },
{ "type": "Feature", "properties": { "内容": "特定非営利活動法人　札幌コアラ【訪問介護】北海道札幌市清田区里塚緑ヶ丘３丁目２１－１２", "url2": "https://www.kaigokensaku.mhlw.go.jp/01/index.php?action_kouhyou_detail_004_kani=true&JigyosyoCd=0170506760-00&ServiceCd=110&Type=search" }, "geometry": { "type": "Point", "coordinates": [ 141.469199296669586, 42.997822620523202 ] } },
{ "type": "Feature", "properties": { "内容": "ヘルパーステーションハーベスト【訪問介護】札幌市清田区北野3条3丁目27番6号", "url2": "https://www.kaigokensaku.mhlw.go.jp/01/index.php?action_kouhyou_detail_004_kani=true&JigyosyoCd=0170509012-00&ServiceCd=110&Type=search" }, "geometry": { "type": "Point", "coordinates": [ 141.435585800000013, 43.0137699 ] } },
{ "type": "Feature", "properties": { "内容": "訪問介護ステーション　美しが丘テラス【訪問介護】北海道札幌市清田区美しが丘3条8丁目2－1美しが丘テラス", "url2": "https://www.kaigokensaku.mhlw.go.jp/01/index.php?action_kouhyou_detail_004_kani=true&JigyosyoCd=0170510416-00&ServiceCd=110&Type=search" }, "geometry": { "type": "Point", "coordinates": [ 141.462604355819764, 42.976795156107322 ] } },
{ "type": "Feature", "properties": { "内容": "訪問介護ステーションめぐみ白石【訪問介護】北海道札幌市清田区清田1条3丁目3-32ハイツパティオA棟102号", "url2": "https://www.kaigokensaku.mhlw.go.jp/01/index.php?action_kouhyou_detail_004_kani=true&JigyosyoCd=0170512966-00&ServiceCd=110&Type=search" }, "geometry": { "type": "Point", "coordinates": [ 141.443481568414427, 43.00351242201927 ] } },
{ "type": "Feature", "properties": { "内容": "あおいケア北野【訪問介護】北海道札幌市清田区北野7条2丁目12－14ウェルライフガーデン北野", "url2": "https://www.kaigokensaku.mhlw.go.jp/01/index.php?action_kouhyou_detail_004_kani=true&JigyosyoCd=0170505853-00&ServiceCd=110&Type=search" }, "geometry": { "type": "Point", "coordinates": [ 141.4372462, 43.0224024 ] } },
{ "type": "Feature", "properties": { "内容": "株式会社　ケアスタッフ　清田ステーション【訪問介護】北海道札幌市清田区北野２条３丁目２－１喜栄興産ビルⅡ２Ｆ", "url2": "https://www.kaigokensaku.mhlw.go.jp/01/index.php?action_kouhyou_detail_004_kani=true&JigyosyoCd=0170502736-00&ServiceCd=110&Type=search" }, "geometry": { "type": "Point", "coordinates": [ 141.433475199999947, 43.0081148 ] } },
{ "type": "Feature", "properties": { "内容": "ヘルパーステーション結【訪問介護】北海道札幌市清田区北野３条２丁目６－９アクアトビア北野Ⅲ303号", "url2": "https://www.kaigokensaku.mhlw.go.jp/01/index.php?action_kouhyou_detail_004_kani=true&JigyosyoCd=0170506372-00&ServiceCd=110&Type=search" }, "geometry": { "type": "Point", "coordinates": [ 141.432651599999986, 43.0154564 ] } },
{ "type": "Feature", "properties": { "内容": "訪問介護ステーションウィステリア清田【訪問介護】北海道札幌市清田区真栄1条1丁目1番15号ウィステリア清田", "url2": "https://www.kaigokensaku.mhlw.go.jp/01/index.php?action_kouhyou_detail_004_kani=true&JigyosyoCd=0170512719-00&ServiceCd=110&Type=search" }, "geometry": { "type": "Point", "coordinates": [ 141.439575200000036, 42.9988105 ] } },
{ "type": "Feature", "properties": { "内容": "訪問介護事業所元気【訪問介護】北海道札幌市清田区清田1条1丁目1番36号リバージュタナカ401号", "url2": "https://www.kaigokensaku.mhlw.go.jp/01/index.php?action_kouhyou_detail_004_kani=true&JigyosyoCd=0170513121-00&ServiceCd=110&Type=search" }, "geometry": { "type": "Point", "coordinates": [ 141.43333610000002, 43.0053759 ] } },
{ "type": "Feature", "properties": { "内容": "ハッピーケア【訪問介護】北海道札幌市清田区平岡８条１丁目７番３３号", "url2": "https://www.kaigokensaku.mhlw.go.jp/01/index.php?action_kouhyou_detail_004_kani=true&JigyosyoCd=0170509855-00&ServiceCd=110&Type=search" }, "geometry": { "type": "Point", "coordinates": [ 141.45497290000003, 43.0141762 ] } },
{ "type": "Feature", "properties": { "内容": "勤医協ヘルパーステーションきよた【訪問介護】北海道札幌市清田区清田1条2丁目5番8号勤医協月寒きよた在宅総合センター", "url2": "https://www.kaigokensaku.mhlw.go.jp/01/index.php?action_kouhyou_detail_004_kani=true&JigyosyoCd=0170510879-00&ServiceCd=110&Type=search" }, "geometry": { "type": "Point", "coordinates": [ 141.438761, 43.0046543 ] } },
{ "type": "Feature", "properties": { "内容": "特定非営利活動法人ボランティア杜の家【訪問介護】北海道札幌市清田区清田６条３丁目１－１まるみ会館２階", "url2": "https://www.kaigokensaku.mhlw.go.jp/01/index.php?action_kouhyou_detail_004_kani=true&JigyosyoCd=0170501662-00&ServiceCd=110&Type=search" }, "geometry": { "type": "Point", "coordinates": [ 141.431329, 42.994358 ] } },
{ "type": "Feature", "properties": { "内容": "訪問介護ステ-ション・ぽっけ【訪問介護】北海道札幌市清田区清田1条2丁目２-２", "url2": "https://www.kaigokensaku.mhlw.go.jp/01/index.php?action_kouhyou_detail_004_kani=true&JigyosyoCd=0170501563-00&ServiceCd=110&Type=search" }, "geometry": { "type": "Point", "coordinates": [ 141.440138899999965, 43.002099 ] } },
{ "type": "Feature", "properties": { "内容": "むつみ介護サービスセンター【訪問介護】北海道札幌市清田区平岡10条1丁目8－22", "url2": "https://www.kaigokensaku.mhlw.go.jp/01/index.php?action_kouhyou_detail_004_kani=true&JigyosyoCd=0170503304-00&ServiceCd=110&Type=search" }, "geometry": { "type": "Point", "coordinates": [ 141.4562446, 43.020284 ] } },
{ "type": "Feature", "properties": { "内容": "ヘルパーステーション　テーオーケアサービス【訪問介護】函館市北浜町5番12号", "url2": "https://www.kaigokensaku.mhlw.go.jp/01/index.php?action_kouhyou_detail_004_kani=true&JigyosyoCd=0171402829-00&ServiceCd=110&Type=search" }, "geometry": { "type": "Point", "coordinates": [ 140.727142800000024, 41.7972934 ] } },
{ "type": "Feature", "properties": { "内容": "訪問介護マザーツリー【訪問介護】北海道函館市日乃出町20番17号", "url2": "https://www.kaigokensaku.mhlw.go.jp/01/index.php?action_kouhyou_detail_004_kani=true&JigyosyoCd=0171404221-00&ServiceCd=110&Type=search" }, "geometry": { "type": "Point", "coordinates": [ 140.75342790000002, 41.7763766 ] } },
{ "type": "Feature", "properties": { "内容": "恵山恵愛会ホームヘルプサービスセンター【訪問介護】北海道函館市柏野町１１７番地", "url2": "https://www.kaigokensaku.mhlw.go.jp/01/index.php?action_kouhyou_detail_004_kani=true&JigyosyoCd=0171500184-00&ServiceCd=110&Type=search" }, "geometry": { "type": "Point", "coordinates": [ 141.154155700000047, 41.790963 ] } },
{ "type": "Feature", "properties": { "内容": "ヘルパーステーション　アニー【訪問介護】北海道函館市神山３丁目１６番１２号", "url2": "https://www.kaigokensaku.mhlw.go.jp/01/index.php?action_kouhyou_detail_004_kani=true&JigyosyoCd=0171403090-00&ServiceCd=110&Type=search" }, "geometry": { "type": "Point", "coordinates": [ 140.764613313973626, 41.819789077008082 ] } },
{ "type": "Feature", "properties": { "内容": "ヘルパーステーション萌みなと【訪問介護】北海道函館市港町3丁目4番2号", "url2": "https://www.kaigokensaku.mhlw.go.jp/01/index.php?action_kouhyou_detail_004_kani=true&JigyosyoCd=0171405046-00&ServiceCd=110&Type=search" }, "geometry": { "type": "Point", "coordinates": [ 140.7177194, 41.8111526 ] } },
{ "type": "Feature", "properties": { "内容": "ヘルパーステーションきずな【訪問介護】北海道函館市栄町4-16ハイツビオ1Ｆ", "url2": "https://www.kaigokensaku.mhlw.go.jp/01/index.php?action_kouhyou_detail_004_kani=true&JigyosyoCd=0171402886-00&ServiceCd=110&Type=search" }, "geometry": { "type": "Point", "coordinates": [ 135.60546469999997, 34.8282797 ] } },
{ "type": "Feature", "properties": { "内容": "ヘルパーステーション「松濤」【訪問介護】北海道函館市松風町18番15号", "url2": "https://www.kaigokensaku.mhlw.go.jp/01/index.php?action_kouhyou_detail_004_kani=true&JigyosyoCd=0171401177-00&ServiceCd=110&Type=search" }, "geometry": { "type": "Point", "coordinates": [ 140.732071099999985, 41.773168 ] } },
{ "type": "Feature", "properties": { "内容": "みらいケアサービス【訪問介護】北海道函館市富岡町２丁目３３番６号ルックスヒルズ富岡２F", "url2": "https://www.kaigokensaku.mhlw.go.jp/01/index.php?action_kouhyou_detail_004_kani=true&JigyosyoCd=0171405269-00&ServiceCd=110&Type=search" }, "geometry": { "type": "Point", "coordinates": [ 140.750417505210095, 41.805749229296786 ] } },
{ "type": "Feature", "properties": { "内容": "ヘルパーステーション萌はこだて【訪問介護】函館市谷地頭町８番２７号", "url2": "https://www.kaigokensaku.mhlw.go.jp/01/index.php?action_kouhyou_detail_004_kani=true&JigyosyoCd=0171402282-00&ServiceCd=110&Type=search" }, "geometry": { "type": "Point", "coordinates": [ 140.712176600000021, 41.7529923 ] } },
{ "type": "Feature", "properties": { "内容": "ヘルパーステーションのあ【訪問介護】北海道函館市中道2丁目46番21号コーポ山腰201", "url2": "https://www.kaigokensaku.mhlw.go.jp/01/index.php?action_kouhyou_detail_004_kani=true&JigyosyoCd=0171405525-00&ServiceCd=110&Type=search" }, "geometry": { "type": "Point", "coordinates": [ 140.762232399999988, 41.811622599999971 ] } },
{ "type": "Feature", "properties": { "内容": "訪問介護ステーション花奏【訪問介護】北海道函館市山の手１丁目１０番15-1号", "url2": "https://www.kaigokensaku.mhlw.go.jp/01/index.php?action_kouhyou_detail_004_kani=true&JigyosyoCd=0161490487-00&ServiceCd=110&Type=search" }, "geometry": { "type": "Point", "coordinates": [ 140.77928, 41.8062443 ] } },
{ "type": "Feature", "properties": { "内容": "ケアセンターFacetoFace【訪問介護】北海道函館市万代町14番33号", "url2": "https://www.kaigokensaku.mhlw.go.jp/01/index.php?action_kouhyou_detail_004_kani=true&JigyosyoCd=0171405251-00&ServiceCd=110&Type=search" }, "geometry": { "type": "Point", "coordinates": [ 140.730965700000013, 41.7878217 ] } },
{ "type": "Feature", "properties": { "内容": "ヘルパーステーションビオラ【訪問介護】北海道函館市白鳥町14番13号メゾンアスカ２ー205号室", "url2": "https://www.kaigokensaku.mhlw.go.jp/01/index.php?action_kouhyou_detail_004_kani=true&JigyosyoCd=0171405293-00&ServiceCd=110&Type=search" }, "geometry": { "type": "Point", "coordinates": [ 140.746544699999959, 41.795938200000037 ] } },
{ "type": "Feature", "properties": { "内容": "訪問介護ステーション　ライフシップ湯の川【訪問介護】北海道函館市本通2丁目39番21号", "url2": "https://www.kaigokensaku.mhlw.go.jp/01/index.php?action_kouhyou_detail_004_kani=true&JigyosyoCd=0171405483-00&ServiceCd=110&Type=search" }, "geometry": { "type": "Point", "coordinates": [ 140.769929, 41.8001056 ] } },
{ "type": "Feature", "properties": { "内容": "訪問介護ステーションライフデザイン石川【訪問介護】北海道函館市本通2丁目39番21号", "url2": "https://www.kaigokensaku.mhlw.go.jp/01/index.php?action_kouhyou_detail_004_kani=true&JigyosyoCd=0171404684-00&ServiceCd=110&Type=search" }, "geometry": { "type": "Point", "coordinates": [ 140.769922900000012, 41.8001147 ] } },
{ "type": "Feature", "properties": { "内容": "ヘルパーステーション翔和【訪問介護】北海道函館市昭和2丁目43番7号", "url2": "https://www.kaigokensaku.mhlw.go.jp/01/index.php?action_kouhyou_detail_004_kani=true&JigyosyoCd=0171405012-00&ServiceCd=110&Type=search" }, "geometry": { "type": "Point", "coordinates": [ 140.737894399999988, 41.8166561 ] } },
{ "type": "Feature", "properties": { "内容": "ヘルパーステーション松の木【訪問介護】北海道函館市富岡町３丁目３６番３３号", "url2": "https://www.kaigokensaku.mhlw.go.jp/01/index.php?action_kouhyou_detail_004_kani=true&JigyosyoCd=0171405368-00&ServiceCd=110&Type=search" }, "geometry": { "type": "Point", "coordinates": [ 140.74737155246271, 41.811801940296093 ] } },
{ "type": "Feature", "properties": { "内容": "ヘルパーステーションハートToハート【訪問介護】北海道函館市北浜町5-12", "url2": "https://www.kaigokensaku.mhlw.go.jp/01/index.php?action_kouhyou_detail_004_kani=true&JigyosyoCd=0171405566-00&ServiceCd=110&Type=search" }, "geometry": { "type": "Point", "coordinates": [ 140.7273324, 41.7974204 ] } },
{ "type": "Feature", "properties": { "内容": "ＳＯＭＰＯケア函館湯の川訪問介護【訪問介護】北海道函館市湯川町3丁目13番21号菊地ビル1Ｆ　左側", "url2": "https://www.kaigokensaku.mhlw.go.jp/01/index.php?action_kouhyou_detail_004_kani=true&JigyosyoCd=0171404577-00&ServiceCd=110&Type=search" }, "geometry": { "type": "Point", "coordinates": [ 140.793128300000035, 41.7773612 ] } },
{ "type": "Feature", "properties": { "内容": "SOMPOケア　函館昭和　訪問介護【訪問介護】北海道函館市昭和4丁目30-35", "url2": "https://www.kaigokensaku.mhlw.go.jp/01/index.php?action_kouhyou_detail_004_kani=true&JigyosyoCd=0171404585-00&ServiceCd=110&Type=search" }, "geometry": { "type": "Point", "coordinates": [ 140.731966400000033, 41.8166858 ] } },
{ "type": "Feature", "properties": { "内容": "アースサポート函館【訪問介護】北海道函館市富岡町３丁目１番１号", "url2": "https://www.kaigokensaku.mhlw.go.jp/01/index.php?action_kouhyou_detail_004_kani=true&JigyosyoCd=0171402258-00&ServiceCd=110&Type=search" }, "geometry": { "type": "Point", "coordinates": [ 140.752598499999976, 41.8075625 ] } },
{ "type": "Feature", "properties": { "内容": "ヘルパーステーションさくら【訪問介護】北海道函館市豊川町1番5号", "url2": "https://www.kaigokensaku.mhlw.go.jp/01/index.php?action_kouhyou_detail_004_kani=true&JigyosyoCd=0171401318-00&ServiceCd=110&Type=search" }, "geometry": { "type": "Point", "coordinates": [ 140.720225068122886, 41.763635211831087 ] } },
{ "type": "Feature", "properties": { "内容": "ヘルパーステーションともえ【訪問介護】北海道函館市富岡町1丁目3番2号ハイツ深田1-201", "url2": "https://www.kaigokensaku.mhlw.go.jp/01/index.php?action_kouhyou_detail_004_kani=true&JigyosyoCd=0171402944-00&ServiceCd=110&Type=search" }, "geometry": { "type": "Point", "coordinates": [ 140.745927100000017, 41.8013492 ] } },
{ "type": "Feature", "properties": { "内容": "ヘルパ－ステ－ションぱるむ【訪問介護】北海道函館市金堀町５番３号", "url2": "https://www.kaigokensaku.mhlw.go.jp/01/index.php?action_kouhyou_detail_004_kani=true&JigyosyoCd=0171404338-00&ServiceCd=110&Type=search" }, "geometry": { "type": "Point", "coordinates": [ 140.755691500000012, 41.779087599999983 ] } },
{ "type": "Feature", "properties": { "内容": "ホームヘルパーステーション金太郎【訪問介護】北海道函館市万代町１番１号", "url2": "https://www.kaigokensaku.mhlw.go.jp/01/index.php?action_kouhyou_detail_004_kani=true&JigyosyoCd=0171402472-00&ServiceCd=110&Type=search" }, "geometry": { "type": "Point", "coordinates": [ 140.73198500489346, 41.78499840011893 ] } },
{ "type": "Feature", "properties": { "内容": "グランユニライフホームヘルパーステーション函館湯の川【訪問介護】北海道函館市湯川町1丁目13番3号グランメゾン迎賓館函館湯の川内1階", "url2": "https://www.kaigokensaku.mhlw.go.jp/01/index.php?action_kouhyou_detail_004_kani=true&JigyosyoCd=0171404668-00&ServiceCd=110&Type=search" }, "geometry": { "type": "Point", "coordinates": [ 140.782260784796506, 41.777151869412641 ] } },
{ "type": "Feature", "properties": { "内容": "ヘルパーステーション笑福【訪問介護】北海道函館市本通4丁目15番5号", "url2": "https://www.kaigokensaku.mhlw.go.jp/01/index.php?action_kouhyou_detail_004_kani=true&JigyosyoCd=0171403322-00&ServiceCd=110&Type=search" }, "geometry": { "type": "Point", "coordinates": [ 140.77762820980908, 41.799610110283368 ] } },
{ "type": "Feature", "properties": { "内容": "ケアサポートever【訪問介護】函館市鍛治1丁目1番27号", "url2": "https://www.kaigokensaku.mhlw.go.jp/01/index.php?action_kouhyou_detail_004_kani=true&JigyosyoCd=0171402803-00&ServiceCd=110&Type=search" }, "geometry": { "type": "Point", "coordinates": [ 140.764282446269874, 41.801456263803047 ] } },
{ "type": "Feature", "properties": { "内容": "ヘルパーステーションブルーム【訪問介護】函館市北美原３丁目１３番１５号", "url2": "https://www.kaigokensaku.mhlw.go.jp/01/index.php?action_kouhyou_detail_004_kani=true&JigyosyoCd=0171402373-00&ServiceCd=110&Type=search" }, "geometry": { "type": "Point", "coordinates": [ 140.754772600000024, 41.8310015 ] } },
{ "type": "Feature", "properties": { "内容": "介護ヘルパーステーション　ここわ【訪問介護】北海道函館市富岡町1丁目21-14", "url2": "https://www.kaigokensaku.mhlw.go.jp/01/index.php?action_kouhyou_detail_004_kani=true&JigyosyoCd=0171403983-00&ServiceCd=110&Type=search" }, "geometry": { "type": "Point", "coordinates": [ 140.742381289551304, 41.804846981450801 ] } },
{ "type": "Feature", "properties": { "内容": "ケアステーションかなめ【訪問介護】北海道函館市豊川町７番９号", "url2": "https://www.kaigokensaku.mhlw.go.jp/01/index.php?action_kouhyou_detail_004_kani=true&JigyosyoCd=0171404528-00&ServiceCd=110&Type=search" }, "geometry": { "type": "Point", "coordinates": [ 140.719641700000011, 41.7650101 ] } },
{ "type": "Feature", "properties": { "内容": "ヘルパーステーション出逢い【訪問介護】函館市富岡町１丁目９番４－１号", "url2": "https://www.kaigokensaku.mhlw.go.jp/01/index.php?action_kouhyou_detail_004_kani=true&JigyosyoCd=0171402399-00&ServiceCd=110&Type=search" }, "geometry": { "type": "Point", "coordinates": [ 140.7445854, 41.8031462 ] } },
{ "type": "Feature", "properties": { "内容": "ニチイケアセンター松陰【訪問介護】函館市松陰町16-4", "url2": "https://www.kaigokensaku.mhlw.go.jp/01/index.php?action_kouhyou_detail_004_kani=true&JigyosyoCd=0171400310-00&ServiceCd=110&Type=search" }, "geometry": { "type": "Point", "coordinates": [ 140.760957400000052, 41.7866676 ] } },
{ "type": "Feature", "properties": { "内容": "ニチイケアセンター函館桔梗【訪問介護】北海道函館市桔梗3-22-9", "url2": "https://www.kaigokensaku.mhlw.go.jp/01/index.php?action_kouhyou_detail_004_kani=true&JigyosyoCd=0171401409-00&ServiceCd=110&Type=search" }, "geometry": { "type": "Point", "coordinates": [ 140.729331900000034, 41.8480071 ] } },
{ "type": "Feature", "properties": { "内容": "ニチイケアセンター湯の川【訪問介護】函館市湯川町1丁目40-20リ・ディオン・アパルトマン11号室", "url2": "https://www.kaigokensaku.mhlw.go.jp/01/index.php?action_kouhyou_detail_004_kani=true&JigyosyoCd=0171404882-00&ServiceCd=110&Type=search" }, "geometry": { "type": "Point", "coordinates": [ 140.780890399999947, 41.7805073 ] } },
{ "type": "Feature", "properties": { "内容": "ニチイケアセンター函館にし【訪問介護】北海道函館市東川町7-9オフィスウシオ1階左", "url2": "https://www.kaigokensaku.mhlw.go.jp/01/index.php?action_kouhyou_detail_004_kani=true&JigyosyoCd=0171404957-00&ServiceCd=110&Type=search" }, "geometry": { "type": "Point", "coordinates": [ 140.7238351, 41.7622256 ] } },
{ "type": "Feature", "properties": { "内容": "ヘルパーステーション白ゆり【訪問介護】北海道函館市美原2丁目50－2ライフプレステージ白ゆり美原内", "url2": "https://www.kaigokensaku.mhlw.go.jp/01/index.php?action_kouhyou_detail_004_kani=true&JigyosyoCd=0171404916-00&ServiceCd=110&Type=search" }, "geometry": { "type": "Point", "coordinates": [ 140.7594626, 41.8225064 ] } },
{ "type": "Feature", "properties": { "内容": "ヘルパーステーションリッシュ【訪問介護】北海道函館市富岡町1丁目56-26-2エステート３６９　２０２号", "url2": "https://www.kaigokensaku.mhlw.go.jp/01/index.php?action_kouhyou_detail_004_kani=true&JigyosyoCd=0171404387-00&ServiceCd=110&Type=search" }, "geometry": { "type": "Point", "coordinates": [ 140.744826755003231, 41.810033988099363 ] } },
{ "type": "Feature", "properties": { "内容": "ヘルパーステーション・リブ【訪問介護】北海道函館市高丘町41-12住宅型有料老人ホーム花楓", "url2": "https://www.kaigokensaku.mhlw.go.jp/01/index.php?action_kouhyou_detail_004_kani=true&JigyosyoCd=0171403512-00&ServiceCd=110&Type=search" }, "geometry": { "type": "Point", "coordinates": [ 140.805403394653325, 41.791283518367237 ] } },
{ "type": "Feature", "properties": { "内容": "訪問介護ステーション輪【訪問介護】北海道函館市山の手1丁目6番15号", "url2": "https://www.kaigokensaku.mhlw.go.jp/01/index.php?action_kouhyou_detail_004_kani=true&JigyosyoCd=0171402936-00&ServiceCd=110&Type=search" }, "geometry": { "type": "Point", "coordinates": [ 140.777947095106441, 41.805298274994144 ] } },
{ "type": "Feature", "properties": { "内容": "ヘルパーステーションよしずみ【訪問介護】北海道函館市梁川町1-10ヘルパーステーションよしずみ・下宿よしずみ（２階２１１号）", "url2": "https://www.kaigokensaku.mhlw.go.jp/01/index.php?action_kouhyou_detail_004_kani=true&JigyosyoCd=0171400807-00&ServiceCd=110&Type=search" }, "geometry": { "type": "Point", "coordinates": [ 140.744714, 41.787492 ] } },
{ "type": "Feature", "properties": { "内容": "ヘルパーステーションすみれ【訪問介護】北海道函館市的場町２２番７号ラ・マーレⅡ１階", "url2": "https://www.kaigokensaku.mhlw.go.jp/01/index.php?action_kouhyou_detail_004_kani=true&JigyosyoCd=0171402993-00&ServiceCd=110&Type=search" }, "geometry": { "type": "Point", "coordinates": [ 140.75520819999997, 41.7789126 ] } },
{ "type": "Feature", "properties": { "内容": "まるもヘルパーST【訪問介護】北海道函館市本通２丁目14-18", "url2": "https://www.kaigokensaku.mhlw.go.jp/01/index.php?action_kouhyou_detail_004_kani=true&JigyosyoCd=0171403967-00&ServiceCd=110&Type=search" }, "geometry": { "type": "Point", "coordinates": [ 140.773199399559218, 41.79641257536985 ] } },
{ "type": "Feature", "properties": { "内容": "ヘルパーステーションてまり【訪問介護】函館市上野町7番31号", "url2": "https://www.kaigokensaku.mhlw.go.jp/01/index.php?action_kouhyou_detail_004_kani=true&JigyosyoCd=0171402985-00&ServiceCd=110&Type=search" }, "geometry": { "type": "Point", "coordinates": [ 140.800210600000014, 41.784886 ] } },
{ "type": "Feature", "properties": { "内容": "ヘルパーステーション　友【訪問介護】北海道函館市日吉町3丁目5番15号合資会社朋友サービス", "url2": "https://www.kaigokensaku.mhlw.go.jp/01/index.php?action_kouhyou_detail_004_kani=true&JigyosyoCd=0171401227-00&ServiceCd=110&Type=search" }, "geometry": { "type": "Point", "coordinates": [ 140.784945099999959, 41.7933677 ] } },
{ "type": "Feature", "properties": { "内容": "ヘルパーステーションＳＵＮＮＹ【訪問介護】北海道函館市上湯川町67番20号", "url2": "https://www.kaigokensaku.mhlw.go.jp/01/index.php?action_kouhyou_detail_004_kani=true&JigyosyoCd=0171404965-00&ServiceCd=110&Type=search" }, "geometry": { "type": "Point", "coordinates": [ 140.815654, 41.7894891 ] } },
{ "type": "Feature", "properties": { "内容": "ケアステーションはれる【訪問介護】北海道函館市山の手１丁目２３番６号", "url2": "https://www.kaigokensaku.mhlw.go.jp/01/index.php?action_kouhyou_detail_004_kani=true&JigyosyoCd=0171405152-00&ServiceCd=110&Type=search" }, "geometry": { "type": "Point", "coordinates": [ 140.783423699999986, 41.8080976 ] } },
{ "type": "Feature", "properties": { "内容": "くらしサポートつなぐ【訪問介護】函館市高盛町17番19号", "url2": "https://www.kaigokensaku.mhlw.go.jp/01/index.php?action_kouhyou_detail_004_kani=true&JigyosyoCd=0171404692-00&ServiceCd=110&Type=search" }, "geometry": { "type": "Point", "coordinates": [ 140.743372042405781, 41.773846752223328 ] } },
{ "type": "Feature", "properties": { "内容": "ヘルパーステーションまりん【訪問介護】北海道函館市湯川町１丁目４０－１８", "url2": "https://www.kaigokensaku.mhlw.go.jp/01/index.php?action_kouhyou_detail_004_kani=true&JigyosyoCd=0171405186-00&ServiceCd=110&Type=search" }, "geometry": { "type": "Point", "coordinates": [ 140.7810672, 41.7805833 ] } },
{ "type": "Feature", "properties": { "内容": "ヘルパーステーション　ちょうじゅそう【訪問介護】北海道函館市釜谷町605-1", "url2": "https://www.kaigokensaku.mhlw.go.jp/01/index.php?action_kouhyou_detail_004_kani=true&JigyosyoCd=0171500283-00&ServiceCd=110&Type=search" }, "geometry": { "type": "Point", "coordinates": [ 140.938472499999989, 41.7367617 ] } },
{ "type": "Feature", "properties": { "内容": "ヘルパーステーションシンフォニー【訪問介護】北海道函館市中野町７４－１", "url2": "https://www.kaigokensaku.mhlw.go.jp/01/index.php?action_kouhyou_detail_004_kani=true&JigyosyoCd=0171400948-00&ServiceCd=110&Type=search" }, "geometry": { "type": "Point", "coordinates": [ 140.839165900000012, 41.7633536 ] } },
{ "type": "Feature", "properties": { "内容": "旭ヶ岡の家ヘルパーステーション【訪問介護】函館市旭岡町７６番地", "url2": "https://www.kaigokensaku.mhlw.go.jp/01/index.php?action_kouhyou_detail_004_kani=true&JigyosyoCd=0171400039-00&ServiceCd=110&Type=search" }, "geometry": { "type": "Point", "coordinates": [ 140.846374299999979, 41.8065747 ] } },
{ "type": "Feature", "properties": { "内容": "社会福祉法人函館市社会福祉協議会指定訪問介護事業所【訪問介護】函館市若松町33-6函館市総合福祉センター（あいよる21）", "url2": "https://www.kaigokensaku.mhlw.go.jp/01/index.php?action_kouhyou_detail_004_kani=true&JigyosyoCd=0171400070-00&ServiceCd=110&Type=search" }, "geometry": { "type": "Point", "coordinates": [ 140.730737699999963, 41.7772231 ] } },
{ "type": "Feature", "properties": { "内容": "訪問介護ステーションフォルテ【訪問介護】北海道函館市亀田港町59番19号大田ハイツⅢ　101", "url2": "https://www.kaigokensaku.mhlw.go.jp/01/index.php?action_kouhyou_detail_004_kani=true&JigyosyoCd=0171404973-00&ServiceCd=110&Type=search" }, "geometry": { "type": "Point", "coordinates": [ 140.7189885, 41.8120829 ] } },
{ "type": "Feature", "properties": { "内容": "ヘルパーステーションらいふ【訪問介護】北海道函館市中道２丁目４５番１号", "url2": "https://www.kaigokensaku.mhlw.go.jp/01/index.php?action_kouhyou_detail_004_kani=true&JigyosyoCd=0171402274-00&ServiceCd=110&Type=search" }, "geometry": { "type": "Point", "coordinates": [ 140.761978399999947, 41.8120428 ] } },
{ "type": "Feature", "properties": { "内容": "ヘルパーステーションそよかぜＰａｒｔ２ゆのかわ【訪問介護】北海道函館市湯川町１丁目２番９号", "url2": "https://www.kaigokensaku.mhlw.go.jp/01/index.php?action_kouhyou_detail_004_kani=true&JigyosyoCd=0171402365-00&ServiceCd=110&Type=search" }, "geometry": { "type": "Point", "coordinates": [ 140.781654200000048, 41.7750554 ] } },
{ "type": "Feature", "properties": { "内容": "ヘルパーステーション明日葉【訪問介護】北海道函館市堀川町22番3号", "url2": "https://www.kaigokensaku.mhlw.go.jp/01/index.php?action_kouhyou_detail_004_kani=true&JigyosyoCd=0171402589-00&ServiceCd=110&Type=search" }, "geometry": { "type": "Point", "coordinates": [ 140.74502, 41.7781346 ] } },
{ "type": "Feature", "properties": { "内容": "ヘルパーステーションつばさ【訪問介護】函館市山の手3丁目51番12号", "url2": "https://www.kaigokensaku.mhlw.go.jp/01/index.php?action_kouhyou_detail_004_kani=true&JigyosyoCd=0171400609-00&ServiceCd=110&Type=search" }, "geometry": { "type": "Point", "coordinates": [ 140.786491899999987, 41.8037723 ] } },
{ "type": "Feature", "properties": { "内容": "ヘルパーステーション　ほおずき【訪問介護】函館市宮前町32番15号カールパレス201号", "url2": "https://www.kaigokensaku.mhlw.go.jp/01/index.php?action_kouhyou_detail_004_kani=true&JigyosyoCd=0171401136-00&ServiceCd=110&Type=search" }, "geometry": { "type": "Point", "coordinates": [ 140.742591800000014, 41.7904584 ] } },
{ "type": "Feature", "properties": { "内容": "訪問介護ステーションひだまり【訪問介護】北海道函館市高松町４３０番地１２", "url2": "https://www.kaigokensaku.mhlw.go.jp/01/index.php?action_kouhyou_detail_004_kani=true&JigyosyoCd=0171401557-00&ServiceCd=110&Type=search" }, "geometry": { "type": "Point", "coordinates": [ 140.807538300000033, 41.7692628 ] } },
{ "type": "Feature", "properties": { "内容": "ヘルパーステーション虹【訪問介護】北海道函館市本通4丁目26番16号", "url2": "https://www.kaigokensaku.mhlw.go.jp/01/index.php?action_kouhyou_detail_004_kani=true&JigyosyoCd=0171401284-00&ServiceCd=110&Type=search" }, "geometry": { "type": "Point", "coordinates": [ 140.773873, 41.8001334 ] } },
{ "type": "Feature", "properties": { "内容": "ケアキューピット【訪問介護】北海道函館市宮前町3番6号", "url2": "https://www.kaigokensaku.mhlw.go.jp/01/index.php?action_kouhyou_detail_004_kani=true&JigyosyoCd=0171401466-00&ServiceCd=110&Type=search" }, "geometry": { "type": "Point", "coordinates": [ 140.739707413887572, 41.788432132985335 ] } },
{ "type": "Feature", "properties": { "内容": "ホームヘルパーステーションワンズホーム【訪問介護】北海道函館市亀田港町52番5号ワンズホーム", "url2": "https://www.kaigokensaku.mhlw.go.jp/01/index.php?action_kouhyou_detail_004_kani=true&JigyosyoCd=0171400732-00&ServiceCd=110&Type=search" }, "geometry": { "type": "Point", "coordinates": [ 140.722167500000069, 41.810989 ] } },
{ "type": "Feature", "properties": { "内容": "訪問介護とわ【訪問介護】北海道函館市豊川町6番9号山三伊藤商事株式会社　2階", "url2": "https://www.kaigokensaku.mhlw.go.jp/01/index.php?action_kouhyou_detail_004_kani=true&JigyosyoCd=0171404783-00&ServiceCd=110&Type=search" }, "geometry": { "type": "Point", "coordinates": [ 140.721134203041061, 41.765041640585117 ] } },
{ "type": "Feature", "properties": { "内容": "ヘルパーステーション　友愛おぐら【訪問介護】北海道函館市亀田町１７番２号", "url2": "https://www.kaigokensaku.mhlw.go.jp/01/index.php?action_kouhyou_detail_004_kani=true&JigyosyoCd=0171401482-00&ServiceCd=110&Type=search" }, "geometry": { "type": "Point", "coordinates": [ 140.734397967459131, 41.795837302087165 ] } },
{ "type": "Feature", "properties": { "内容": "有限会社　煌　ヘルパーステーション　たんぽぽ【訪問介護】函館市富岡町１丁目５２－７", "url2": "https://www.kaigokensaku.mhlw.go.jp/01/index.php?action_kouhyou_detail_004_kani=true&JigyosyoCd=0171401565-00&ServiceCd=110&Type=search" }, "geometry": { "type": "Point", "coordinates": [ 140.744932400000039, 41.8094065 ] } },
{ "type": "Feature", "properties": { "内容": "訪問介護ステーション　やまつつじ【訪問介護】北海道函館市本通3丁目26番15号", "url2": "https://www.kaigokensaku.mhlw.go.jp/01/index.php?action_kouhyou_detail_004_kani=true&JigyosyoCd=0171405434-00&ServiceCd=110&Type=search" }, "geometry": { "type": "Point", "coordinates": [ 140.775643500000029, 41.7958991 ] } },
{ "type": "Feature", "properties": { "内容": "ヘルパーステーションネーブル函館【訪問介護】北海道函館市本町32番9号", "url2": "https://www.kaigokensaku.mhlw.go.jp/01/index.php?action_kouhyou_detail_004_kani=true&JigyosyoCd=0171404122-00&ServiceCd=110&Type=search" }, "geometry": { "type": "Point", "coordinates": [ 140.75177450000001, 41.7881728 ] } },
{ "type": "Feature", "properties": { "内容": "ヘルパーステーションＭＲＣ【訪問介護】北海道函館市本通３丁目８番４号", "url2": "https://www.kaigokensaku.mhlw.go.jp/01/index.php?action_kouhyou_detail_004_kani=true&JigyosyoCd=0171405624-00&ServiceCd=110&Type=search" }, "geometry": { "type": "Point", "coordinates": [ 140.7721266, 41.7943807 ] } },
{ "type": "Feature", "properties": { "内容": "ヘルパーステーションいづみ【訪問介護】北海道函館市湯川町3丁目2番12号2F左", "url2": "https://www.kaigokensaku.mhlw.go.jp/01/index.php?action_kouhyou_detail_004_kani=true&JigyosyoCd=0171404551-00&ServiceCd=110&Type=search" }, "geometry": { "type": "Point", "coordinates": [ 140.79037029999995, 41.7746585 ] } },
{ "type": "Feature", "properties": { "内容": "社会福祉法人函館市社会福祉協議会指定訪問介護支援事業所みなみかやべ【訪問介護】北海道函館市川汲町1520番地", "url2": "https://www.kaigokensaku.mhlw.go.jp/01/index.php?action_kouhyou_detail_004_kani=true&JigyosyoCd=0171401359-00&ServiceCd=110&Type=search" }, "geometry": { "type": "Point", "coordinates": [ 140.970064900000011, 41.9055912 ] } },
{ "type": "Feature", "properties": { "内容": "訪問介護ステーション楽々ら・ら【訪問介護】北海道函館市松川町17番7号", "url2": "https://www.kaigokensaku.mhlw.go.jp/01/index.php?action_kouhyou_detail_004_kani=true&JigyosyoCd=0171404403-00&ServiceCd=110&Type=search" }, "geometry": { "type": "Point", "coordinates": [ 140.73584586309201, 41.784975676926869 ] } },
{ "type": "Feature", "properties": { "内容": "けあふるサポート【訪問介護】北海道函館市栄町７－３", "url2": "https://www.kaigokensaku.mhlw.go.jp/01/index.php?action_kouhyou_detail_004_kani=true&JigyosyoCd=0171402092-00&ServiceCd=110&Type=search" }, "geometry": { "type": "Point", "coordinates": [ 140.72391360000006, 41.7649214 ] } },
{ "type": "Feature", "properties": { "内容": "SmileAllSupport株式会社【訪問介護】北海道函館市本通2丁目52-11ワイアパート201号室", "url2": "https://www.kaigokensaku.mhlw.go.jp/01/index.php?action_kouhyou_detail_004_kani=true&JigyosyoCd=0161490503-00&ServiceCd=110&Type=search" }, "geometry": { "type": "Point", "coordinates": [ 140.7692726, 41.8016416 ] } },
{ "type": "Feature", "properties": { "内容": "ヘルパーステーション「あかね」【訪問介護】北海道函館市五稜郭町２５番６号渡島教育会館２階", "url2": "https://www.kaigokensaku.mhlw.go.jp/01/index.php?action_kouhyou_detail_004_kani=true&JigyosyoCd=0171405319-00&ServiceCd=110&Type=search" }, "geometry": { "type": "Point", "coordinates": [ 140.75374690000001, 41.7998549 ] } },
{ "type": "Feature", "properties": { "内容": "ヘルパーステーションケンゆのかわ【訪問介護】北海道函館市湯川町3丁目29番15号", "url2": "https://www.kaigokensaku.mhlw.go.jp/01/index.php?action_kouhyou_detail_004_kani=true&JigyosyoCd=0171405004-00&ServiceCd=110&Type=search" }, "geometry": { "type": "Point", "coordinates": [ 140.791138499999988, 41.783592 ] } },
{ "type": "Feature", "properties": { "内容": "ヘルパーステーションあい【訪問介護】北海道函館市日吉町1丁目29-1サンヒルズ203", "url2": "https://www.kaigokensaku.mhlw.go.jp/01/index.php?action_kouhyou_detail_004_kani=true&JigyosyoCd=0171403850-00&ServiceCd=110&Type=search" }, "geometry": { "type": "Point", "coordinates": [ 140.785251259803772, 41.791552708757806 ] } },
{ "type": "Feature", "properties": { "内容": "ケア工房かしわぎ【訪問介護】北海道函館市本通1-22-13", "url2": "https://www.kaigokensaku.mhlw.go.jp/01/index.php?action_kouhyou_detail_004_kani=true&JigyosyoCd=0171402977-00&ServiceCd=110&Type=search" }, "geometry": { "type": "Point", "coordinates": [ 140.760682622920143, 41.799044475657858 ] } },
{ "type": "Feature", "properties": { "内容": "ヘルパーステーションあーる【訪問介護】北海道函館市本町35番1号", "url2": "https://www.kaigokensaku.mhlw.go.jp/01/index.php?action_kouhyou_detail_004_kani=true&JigyosyoCd=0171402621-00&ServiceCd=110&Type=search" }, "geometry": { "type": "Point", "coordinates": [ 140.735653500000012, 41.7883473 ] } },
{ "type": "Feature", "properties": { "内容": "公益財団法人ソーシャルサービス協会せせらぎ【訪問介護】北海道小樽市色内2丁目10番18号", "url2": "https://www.kaigokensaku.mhlw.go.jp/01/index.php?action_kouhyou_detail_004_kani=true&JigyosyoCd=0172000309-00&ServiceCd=110&Type=search" }, "geometry": { "type": "Point", "coordinates": [ 140.998973637817755, 43.200543025844034 ] } },
{ "type": "Feature", "properties": { "内容": "訪問介護支援サービスこもれび【訪問介護】北海道小樽市入船4丁目10番2号", "url2": "https://www.kaigokensaku.mhlw.go.jp/01/index.php?action_kouhyou_detail_004_kani=true&JigyosyoCd=0172000739-00&ServiceCd=110&Type=search" }, "geometry": { "type": "Point", "coordinates": [ 140.996248700000024, 43.1802545 ] } },
{ "type": "Feature", "properties": { "内容": "ケアサポートあすなろ【訪問介護】小樽市入船4丁目5-13", "url2": "https://www.kaigokensaku.mhlw.go.jp/01/index.php?action_kouhyou_detail_004_kani=true&JigyosyoCd=0172001703-00&ServiceCd=110&Type=search" }, "geometry": { "type": "Point", "coordinates": [ 140.998570752782825, 43.182618864501826 ] } },
{ "type": "Feature", "properties": { "内容": "ケアステーションほおずき【訪問介護】北海道小樽市入船4-9-1共育の森学園3Ｆ325号室", "url2": "https://www.kaigokensaku.mhlw.go.jp/01/index.php?action_kouhyou_detail_004_kani=true&JigyosyoCd=0172002644-00&ServiceCd=110&Type=search" }, "geometry": { "type": "Point", "coordinates": [ 140.9963679, 43.1821817 ] } },
{ "type": "Feature", "properties": { "内容": "訪問介護事業所花夢【訪問介護】北海道小樽市桜2丁目38番3号アサヒレジデンス１０２号室", "url2": "https://www.kaigokensaku.mhlw.go.jp/01/index.php?action_kouhyou_detail_004_kani=true&JigyosyoCd=0172002875-00&ServiceCd=110&Type=search" }, "geometry": { "type": "Point", "coordinates": [ 141.0345738, 43.1719992 ] } },
{ "type": "Feature", "properties": { "内容": "ケアサポート笑こころ【訪問介護】北海道小樽市松ヶ枝1丁目36番30号", "url2": "https://www.kaigokensaku.mhlw.go.jp/01/index.php?action_kouhyou_detail_004_kani=true&JigyosyoCd=0172001455-00&ServiceCd=110&Type=search" }, "geometry": { "type": "Point", "coordinates": [ 140.990582503843711, 43.177480243383648 ] } },
{ "type": "Feature", "properties": { "内容": "有限会社　愛ケアサポート【訪問介護】小樽市稲穂５丁目２０番２号", "url2": "https://www.kaigokensaku.mhlw.go.jp/01/index.php?action_kouhyou_detail_004_kani=true&JigyosyoCd=0172000333-00&ServiceCd=110&Type=search" }, "geometry": { "type": "Point", "coordinates": [ 140.991061700000046, 43.2025467 ] } },
{ "type": "Feature", "properties": { "内容": "ニチイケアセンターぜにばこ【訪問介護】北海道小樽市銭函1丁目32-25ホープ銭函　102号室", "url2": "https://www.kaigokensaku.mhlw.go.jp/01/index.php?action_kouhyou_detail_004_kani=true&JigyosyoCd=0172002685-00&ServiceCd=110&Type=search" }, "geometry": { "type": "Point", "coordinates": [ 141.144638862565671, 43.144426301639115 ] } },
{ "type": "Feature", "properties": { "内容": "介護サポートきずな【訪問介護】小樽市塩谷1丁目19番5号", "url2": "https://www.kaigokensaku.mhlw.go.jp/01/index.php?action_kouhyou_detail_004_kani=true&JigyosyoCd=0172000861-00&ServiceCd=110&Type=search" }, "geometry": { "type": "Point", "coordinates": [ 140.920671099999936, 43.2102829 ] } },
{ "type": "Feature", "properties": { "内容": "ケアポート　凪【訪問介護】北海道小樽市新光町227番地23", "url2": "https://www.kaigokensaku.mhlw.go.jp/01/index.php?action_kouhyou_detail_004_kani=true&JigyosyoCd=0172003097-00&ServiceCd=110&Type=search" }, "geometry": { "type": "Point", "coordinates": [ 141.0574729, 43.1649287 ] } },
{ "type": "Feature", "properties": { "内容": "SecondLifeCareOtaru【訪問介護】北海道小樽市最上１丁目３２番９号", "url2": "https://www.kaigokensaku.mhlw.go.jp/01/index.php?action_kouhyou_detail_004_kani=true&JigyosyoCd=0172003055-00&ServiceCd=110&Type=search" }, "geometry": { "type": "Point", "coordinates": [ 140.9798956, 43.181569 ] } },
{ "type": "Feature", "properties": { "内容": "ＳＯＭＰＯケア小樽入船訪問介護【訪問介護】北海道小樽市入船2丁目10番13号日成ビルディング　2Ｆ", "url2": "https://www.kaigokensaku.mhlw.go.jp/01/index.php?action_kouhyou_detail_004_kani=true&JigyosyoCd=0172002545-00&ServiceCd=110&Type=search" }, "geometry": { "type": "Point", "coordinates": [ 140.9991731, 43.1848346 ] } },
{ "type": "Feature", "properties": { "内容": "ケアステーション　えがお【訪問介護】北海道小樽市色内2丁目14番8号", "url2": "https://www.kaigokensaku.mhlw.go.jp/01/index.php?action_kouhyou_detail_004_kani=true&JigyosyoCd=0172001463-00&ServiceCd=110&Type=search" }, "geometry": { "type": "Point", "coordinates": [ 140.997580699999958, 43.2006108 ] } },
{ "type": "Feature", "properties": { "内容": "訪問介護ステーションつばさ【訪問介護】小樽市高島5丁目９番７号", "url2": "https://www.kaigokensaku.mhlw.go.jp/01/index.php?action_kouhyou_detail_004_kani=true&JigyosyoCd=0172001174-00&ServiceCd=110&Type=search" }, "geometry": { "type": "Point", "coordinates": [ 141.002292119973703, 43.225784313700927 ] } },
{ "type": "Feature", "properties": { "内容": "ケアステーションかいろう【訪問介護】北海道小樽市桜２丁目２番２７号", "url2": "https://www.kaigokensaku.mhlw.go.jp/01/index.php?action_kouhyou_detail_004_kani=true&JigyosyoCd=0172002495-00&ServiceCd=110&Type=search" }, "geometry": { "type": "Point", "coordinates": [ 141.0358829300217, 43.17616624272992 ] } },
{ "type": "Feature", "properties": { "内容": "ヘルパーステーションきりん【訪問介護】小樽市緑3丁目11番35号", "url2": "https://www.kaigokensaku.mhlw.go.jp/01/index.php?action_kouhyou_detail_004_kani=true&JigyosyoCd=0172001497-00&ServiceCd=110&Type=search" }, "geometry": { "type": "Point", "coordinates": [ 140.983926900000029, 43.1885146 ] } },
{ "type": "Feature", "properties": { "内容": "ハートケア朝里　居宅介護支援・訪問介護事業所【訪問介護】北海道小樽市新光１丁目22番１3号", "url2": "https://www.kaigokensaku.mhlw.go.jp/01/index.php?action_kouhyou_detail_004_kani=true&JigyosyoCd=0172001216-00&ServiceCd=110&Type=search" }, "geometry": { "type": "Point", "coordinates": [ 141.053999941802999, 43.171709740947563 ] } },
{ "type": "Feature", "properties": { "内容": "訪問介護KTラボ【訪問介護】北海道小樽市桜5丁目７番５号サクラテラス小樽", "url2": "https://www.kaigokensaku.mhlw.go.jp/01/index.php?action_kouhyou_detail_004_kani=true&JigyosyoCd=0172002552-00&ServiceCd=110&Type=search" }, "geometry": { "type": "Point", "coordinates": [ 141.0334987, 43.1702566 ] } },
{ "type": "Feature", "properties": { "内容": "ケアサポートほほえみ訪問介護事業所【訪問介護】北海道小樽市朝里3丁目13番8号", "url2": "https://www.kaigokensaku.mhlw.go.jp/01/index.php?action_kouhyou_detail_004_kani=true&JigyosyoCd=0172000358-00&ServiceCd=110&Type=search" }, "geometry": { "type": "Point", "coordinates": [ 141.061665400000038, 43.175132 ] } },
{ "type": "Feature", "properties": { "内容": "訪問介護ステーションアイケア小樽【訪問介護】小樽市桂岡2番地510アイケア銭函３番館", "url2": "https://www.kaigokensaku.mhlw.go.jp/01/index.php?action_kouhyou_detail_004_kani=true&JigyosyoCd=0172001265-00&ServiceCd=110&Type=search" }, "geometry": { "type": "Point", "coordinates": [ 141.006765784655698, 43.182884842057057 ] } },
{ "type": "Feature", "properties": { "内容": "ヘルパーステーションあまらんす小樽【訪問介護】北海道小樽市赤岩２丁目３０－５サービス付き高齢者向け住宅　あまらんさす", "url2": "https://www.kaigokensaku.mhlw.go.jp/01/index.php?action_kouhyou_detail_004_kani=true&JigyosyoCd=0172001893-00&ServiceCd=110&Type=search" }, "geometry": { "type": "Point", "coordinates": [ 140.990096117466663, 43.223510288245272 ] } },
{ "type": "Feature", "properties": { "内容": "訪問介護事業所サポートユアライフ【訪問介護】北海道小樽市銭函1丁目32-2住宅型有料老人ホームCOCO輝楽", "url2": "https://www.kaigokensaku.mhlw.go.jp/01/index.php?action_kouhyou_detail_004_kani=true&JigyosyoCd=0172000978-00&ServiceCd=110&Type=search" }, "geometry": { "type": "Point", "coordinates": [ 141.144229206562841, 43.144879564698627 ] } },
{ "type": "Feature", "properties": { "内容": "ニチイケアセンター小樽奥沢【訪問介護】小樽市奥沢1丁目25番11号", "url2": "https://www.kaigokensaku.mhlw.go.jp/01/index.php?action_kouhyou_detail_004_kani=true&JigyosyoCd=0172000010-00&ServiceCd=110&Type=search" }, "geometry": { "type": "Point", "coordinates": [ 141.004953500000056, 43.1785048 ] } },
{ "type": "Feature", "properties": { "内容": "ヘルパーステーションぽえむ【訪問介護】北海道小樽市望洋台２丁目３０番７号", "url2": "https://www.kaigokensaku.mhlw.go.jp/01/index.php?action_kouhyou_detail_004_kani=true&JigyosyoCd=0172002305-00&ServiceCd=110&Type=search" }, "geometry": { "type": "Point", "coordinates": [ 141.038189351821018, 43.165194484743729 ] } },
{ "type": "Feature", "properties": { "内容": "介護サービス寿楽【訪問介護】北海道小樽市塩谷２丁目４２番１０号", "url2": "https://www.kaigokensaku.mhlw.go.jp/01/index.php?action_kouhyou_detail_004_kani=true&JigyosyoCd=0172001471-00&ServiceCd=110&Type=search" }, "geometry": { "type": "Point", "coordinates": [ 140.920613707409586, 43.202365162630947 ] } },
{ "type": "Feature", "properties": { "内容": "ヘルパーステーションほーぷ【訪問介護】北海道小樽市稲穂3丁目6番110号", "url2": "https://www.kaigokensaku.mhlw.go.jp/01/index.php?action_kouhyou_detail_004_kani=true&JigyosyoCd=0172002453-00&ServiceCd=110&Type=search" }, "geometry": { "type": "Point", "coordinates": [ 140.994884404229794, 43.199371384771077 ] } },
{ "type": "Feature", "properties": { "内容": "小樽訪問介護ステーション友【訪問介護】北海道小樽市勝納町９－１１１ハーバーライトビュー１階", "url2": "https://www.kaigokensaku.mhlw.go.jp/01/index.php?action_kouhyou_detail_004_kani=true&JigyosyoCd=0172002354-00&ServiceCd=110&Type=search" }, "geometry": { "type": "Point", "coordinates": [ 141.022937899999988, 43.181791 ] } },
{ "type": "Feature", "properties": { "内容": "社会福祉法人小樽市社会福祉協議会たんぽぽ指定訪問介護事業所【訪問介護】小樽市花園４丁目２番１４号花園ビル２F", "url2": "https://www.kaigokensaku.mhlw.go.jp/01/index.php?action_kouhyou_detail_004_kani=true&JigyosyoCd=0172000093-00&ServiceCd=110&Type=search" }, "geometry": { "type": "Point", "coordinates": [ 140.99761460000002, 43.1902813 ] } },
{ "type": "Feature", "properties": { "内容": "ヘルパーステーション若葉【訪問介護】小樽市住ノ江1丁目８番１１号", "url2": "https://www.kaigokensaku.mhlw.go.jp/01/index.php?action_kouhyou_detail_004_kani=true&JigyosyoCd=0172000853-00&ServiceCd=110&Type=search" }, "geometry": { "type": "Point", "coordinates": [ 141.004303199999981, 43.1848486 ] } },
{ "type": "Feature", "properties": { "内容": "ケアサービスあおぞら【訪問介護】北海道小樽市色内２丁目４番２０３号ジェルム小樽運河", "url2": "https://www.kaigokensaku.mhlw.go.jp/01/index.php?action_kouhyou_detail_004_kani=true&JigyosyoCd=0172000432-00&ServiceCd=110&Type=search" }, "geometry": { "type": "Point", "coordinates": [ 140.999088900000061, 43.2013963 ] } },
{ "type": "Feature", "properties": { "内容": "有限会社在宅介護サービス小樽【訪問介護】小樽市新光１丁目２９番８号", "url2": "https://www.kaigokensaku.mhlw.go.jp/01/index.php?action_kouhyou_detail_004_kani=true&JigyosyoCd=0172000069-00&ServiceCd=110&Type=search" }, "geometry": { "type": "Point", "coordinates": [ 141.052891400000021, 43.1703738 ] } },
{ "type": "Feature", "properties": { "内容": "訪問介護事業所ケアファーム【訪問介護】北海道小樽市星野町20番35号住宅型有料老人ホーム　ケアファーム小樽星野", "url2": "https://www.kaigokensaku.mhlw.go.jp/01/index.php?action_kouhyou_detail_004_kani=true&JigyosyoCd=0172003170-00&ServiceCd=110&Type=search" }, "geometry": { "type": "Point", "coordinates": [ 141.1902225, 43.130923 ] } },
{ "type": "Feature", "properties": { "内容": "ホームヘルパーステーション朝里温泉【訪問介護】小樽市朝里川温泉２丁目６９２番地１０９", "url2": "https://www.kaigokensaku.mhlw.go.jp/01/index.php?action_kouhyou_detail_004_kani=true&JigyosyoCd=0172000242-00&ServiceCd=110&Type=search" }, "geometry": { "type": "Point", "coordinates": [ 141.041882506745878, 43.151057598639007 ] } },
{ "type": "Feature", "properties": { "内容": "有限会社ケアサービスまごころ【訪問介護】北海道小樽市奥沢１丁目１４番６号カーサヤマダ101", "url2": "https://www.kaigokensaku.mhlw.go.jp/01/index.php?action_kouhyou_detail_004_kani=true&JigyosyoCd=0172000473-00&ServiceCd=110&Type=search" }, "geometry": { "type": "Point", "coordinates": [ 141.004417641061423, 43.180445094088455 ] } },
{ "type": "Feature", "properties": { "内容": "ヘルパーステーションone【訪問介護】北海道小樽市赤岩1丁目21番20号", "url2": "https://www.kaigokensaku.mhlw.go.jp/01/index.php?action_kouhyou_detail_004_kani=true&JigyosyoCd=0172002693-00&ServiceCd=110&Type=search" }, "geometry": { "type": "Point", "coordinates": [ 140.9921521, 43.2229705 ] } },
{ "type": "Feature", "properties": { "内容": "合同会社南樽サービス　ケアオフィスDAN【訪問介護】北海道小樽市入船４丁目１７番１２号", "url2": "https://www.kaigokensaku.mhlw.go.jp/01/index.php?action_kouhyou_detail_004_kani=true&JigyosyoCd=0172002974-00&ServiceCd=110&Type=search" }, "geometry": { "type": "Point", "coordinates": [ 140.992829342327894, 43.179578487116629 ] } },
{ "type": "Feature", "properties": { "内容": "ケアステーションいちご【訪問介護】北海道小樽市最上1-25-4", "url2": "https://www.kaigokensaku.mhlw.go.jp/01/index.php?action_kouhyou_detail_004_kani=true&JigyosyoCd=0172003063-00&ServiceCd=110&Type=search" }, "geometry": { "type": "Point", "coordinates": [ 140.9803133, 43.1828439 ] } },
{ "type": "Feature", "properties": { "内容": "訪問介護らいく【訪問介護】オタモイ３丁目１１番１０号", "url2": "https://www.kaigokensaku.mhlw.go.jp/01/index.php?action_kouhyou_detail_004_kani=true&JigyosyoCd=0172003071-00&ServiceCd=110&Type=search" }, "geometry": { "type": "Point", "coordinates": [ 140.9568964, 43.2217763 ] } },
{ "type": "Feature", "properties": { "内容": "ヘルパーステーション　ながはし【訪問介護】北海道小樽市長橋5丁目6番14号", "url2": "https://www.kaigokensaku.mhlw.go.jp/01/index.php?action_kouhyou_detail_004_kani=true&JigyosyoCd=0172003113-00&ServiceCd=110&Type=search" }, "geometry": { "type": "Point", "coordinates": [ 140.9732889, 43.2059136 ] } },
{ "type": "Feature", "properties": { "内容": "ヘルパーステーション萌おたる【訪問介護】北海道小樽市奥沢1丁目2-2", "url2": "https://www.kaigokensaku.mhlw.go.jp/01/index.php?action_kouhyou_detail_004_kani=true&JigyosyoCd=0172002834-00&ServiceCd=110&Type=search" }, "geometry": { "type": "Point", "coordinates": [ 141.0057888, 43.1829153 ] } },
{ "type": "Feature", "properties": { "内容": "ヘルパーステーションなぎさ【訪問介護】北海道小樽市緑3丁目13番15号グリーンヒルガーデン101", "url2": "https://www.kaigokensaku.mhlw.go.jp/01/index.php?action_kouhyou_detail_004_kani=true&JigyosyoCd=0172001802-00&ServiceCd=110&Type=search" }, "geometry": { "type": "Point", "coordinates": [ 140.980578499999979, 43.1871095 ] } },
{ "type": "Feature", "properties": { "内容": "ヘルパーステーションみどり【訪問介護】北海道小樽市稲穂4-8-19", "url2": "https://www.kaigokensaku.mhlw.go.jp/01/index.php?action_kouhyou_detail_004_kani=true&JigyosyoCd=0172000630-00&ServiceCd=110&Type=search" }, "geometry": { "type": "Point", "coordinates": [ 140.993475399999966, 43.2019718 ] } },
{ "type": "Feature", "properties": { "内容": "合同会社　ケアサービス　カナル【訪問介護】北海道小樽市奥沢4丁目15番20号", "url2": "https://www.kaigokensaku.mhlw.go.jp/01/index.php?action_kouhyou_detail_004_kani=true&JigyosyoCd=0172002750-00&ServiceCd=110&Type=search" }, "geometry": { "type": "Point", "coordinates": [ 140.990525399999967, 43.171318899999989 ] } },
{ "type": "Feature", "properties": { "内容": "株式会社　緑ケアライフサービス訪問介護事業所【訪問介護】旭川市４条通１３丁目１３８５番地３", "url2": "https://www.kaigokensaku.mhlw.go.jp/01/index.php?action_kouhyou_detail_004_kani=true&JigyosyoCd=0172900300-00&ServiceCd=110&Type=search" }, "geometry": { "type": "Point", "coordinates": [ 142.368907600000057, 43.7668471 ] } },
{ "type": "Feature", "properties": { "内容": "サポートセンター幸愛楽（コアラ）【訪問介護】旭川市５条通１３丁目１０８２番地２", "url2": "https://www.kaigokensaku.mhlw.go.jp/01/index.php?action_kouhyou_detail_004_kani=true&JigyosyoCd=0172903411-00&ServiceCd=110&Type=search" }, "geometry": { "type": "Point", "coordinates": [ 142.369713, 43.7676026 ] } },
{ "type": "Feature", "properties": { "内容": "ヘルパーステーションみやびの森【訪問介護】北海道旭川市東旭川北1条4丁目2番5号", "url2": "https://www.kaigokensaku.mhlw.go.jp/01/index.php?action_kouhyou_detail_004_kani=true&JigyosyoCd=0172905937-00&ServiceCd=110&Type=search" }, "geometry": { "type": "Point", "coordinates": [ 142.433265147221391, 43.772493247212211 ] } },
{ "type": "Feature", "properties": { "内容": "ホームヘルプサービス　愛あい【訪問介護】北海道旭川市川端町２条５丁目２番３号", "url2": "https://www.kaigokensaku.mhlw.go.jp/01/index.php?action_kouhyou_detail_004_kani=true&JigyosyoCd=0172903510-00&ServiceCd=110&Type=search" }, "geometry": { "type": "Point", "coordinates": [ 142.352336400000013, 43.7816615 ] } },
{ "type": "Feature", "properties": { "内容": "すゞらん交通(株)介護サービスセンター【訪問介護】旭川市春光4条5丁目4番27号", "url2": "https://www.kaigokensaku.mhlw.go.jp/01/index.php?action_kouhyou_detail_004_kani=true&JigyosyoCd=0172900839-00&ServiceCd=110&Type=search" }, "geometry": { "type": "Point", "coordinates": [ 142.364886899999988, 43.8007849 ] } },
{ "type": "Feature", "properties": { "内容": "訪問介護事業所　結心【訪問介護】北海道旭川市緑が丘東５条１丁目１－９宮の杜ハイツ２０２号室", "url2": "https://www.kaigokensaku.mhlw.go.jp/01/index.php?action_kouhyou_detail_004_kani=true&JigyosyoCd=0172905259-00&ServiceCd=110&Type=search" }, "geometry": { "type": "Point", "coordinates": [ 142.377148308598294, 43.726751474957808 ] } },
{ "type": "Feature", "properties": { "内容": "指定訪問介護事業所エール【訪問介護】北海道旭川市永山北２条１１丁目２６番地の８住宅型有料老人ホームエールⅠ", "url2": "https://www.kaigokensaku.mhlw.go.jp/01/index.php?action_kouhyou_detail_004_kani=true&JigyosyoCd=0172903932-00&ServiceCd=110&Type=search" }, "geometry": { "type": "Point", "coordinates": [ 142.434414599999968, 43.8203383 ] } },
{ "type": "Feature", "properties": { "内容": "ヘルパーステーション　トーサポ【訪問介護】北海道旭川市曙北3条7丁目3番10号VERYビル", "url2": "https://www.kaigokensaku.mhlw.go.jp/01/index.php?action_kouhyou_detail_004_kani=true&JigyosyoCd=0172900961-00&ServiceCd=110&Type=search" }, "geometry": { "type": "Point", "coordinates": [ 142.340804599999956, 43.7733622 ] } },
{ "type": "Feature", "properties": { "内容": "訪問介護事業所とわの鐘【訪問介護】北海道旭川市6条通16丁目76番2", "url2": "https://www.kaigokensaku.mhlw.go.jp/01/index.php?action_kouhyou_detail_004_kani=true&JigyosyoCd=0172904153-00&ServiceCd=110&Type=search" }, "geometry": { "type": "Point", "coordinates": [ 142.375720600000022, 43.7673084 ] } },
{ "type": "Feature", "properties": { "内容": "Relyon（リライオン）【訪問介護】旭川市1条通18丁目52-48ロジェ・エスト1F", "url2": "https://www.kaigokensaku.mhlw.go.jp/01/index.php?action_kouhyou_detail_004_kani=true&JigyosyoCd=0172908113-00&ServiceCd=110&Type=search" }, "geometry": { "type": "Point", "coordinates": [ 142.375265899999988, 43.7604151 ] } },
{ "type": "Feature", "properties": { "内容": "たいせつ介護サービス【訪問介護】北海道旭川市永山1条23丁目2-19シルバーハウスながやま201号", "url2": "https://www.kaigokensaku.mhlw.go.jp/01/index.php?action_kouhyou_detail_004_kani=true&JigyosyoCd=0172900912-00&ServiceCd=110&Type=search" }, "geometry": { "type": "Point", "coordinates": [ 142.4427723, 43.8184778 ] } },
{ "type": "Feature", "properties": { "内容": "指定訪問介護（指定介護予防訪問介護）事業所あいりぃ【訪問介護】北海道旭川市永山10条3丁目7-3", "url2": "https://www.kaigokensaku.mhlw.go.jp/01/index.php?action_kouhyou_detail_004_kani=true&JigyosyoCd=0172903460-00&ServiceCd=110&Type=search" }, "geometry": { "type": "Point", "coordinates": [ 142.4097911, 43.7808697 ] } },
{ "type": "Feature", "properties": { "内容": "ヘルパーステーション来生【訪問介護】北海道旭川市末広1条11丁目1番12号", "url2": "https://www.kaigokensaku.mhlw.go.jp/01/index.php?action_kouhyou_detail_004_kani=true&JigyosyoCd=0172906380-00&ServiceCd=110&Type=search" }, "geometry": { "type": "Point", "coordinates": [ 142.399613, 43.8135518 ] } },
{ "type": "Feature", "properties": { "内容": "ヘルパーステーションテンダネス【訪問介護】北海道旭川市１０条通１５丁目２４-２０５シルバーハウス　テンダネス", "url2": "https://www.kaigokensaku.mhlw.go.jp/01/index.php?action_kouhyou_detail_004_kani=true&JigyosyoCd=0172901506-00&ServiceCd=110&Type=search" }, "geometry": { "type": "Point", "coordinates": [ 142.375216212828036, 43.771866038002642 ] } },
{ "type": "Feature", "properties": { "内容": "ホームヘルパーステーションしんまち【訪問介護】旭川市６条西１丁目１番２号", "url2": "https://www.kaigokensaku.mhlw.go.jp/01/index.php?action_kouhyou_detail_004_kani=true&JigyosyoCd=0172900425-00&ServiceCd=110&Type=search" }, "geometry": { "type": "Point", "coordinates": [ 142.350570400000038, 43.7734763 ] } },
{ "type": "Feature", "properties": { "内容": "訪問介護事業所オアシス【訪問介護】北海道旭川市東7条10丁目2番1号", "url2": "https://www.kaigokensaku.mhlw.go.jp/01/index.php?action_kouhyou_detail_004_kani=true&JigyosyoCd=0172906786-00&ServiceCd=110&Type=search" }, "geometry": { "type": "Point", "coordinates": [ 142.38292390834863, 43.785740938982734 ] } },
{ "type": "Feature", "properties": { "内容": "指定訪問介護事業所ピュアハウス【訪問介護】北海道旭川市高砂台６丁目２２８番１１丘の灯り家", "url2": "https://www.kaigokensaku.mhlw.go.jp/01/index.php?action_kouhyou_detail_004_kani=true&JigyosyoCd=0172904534-00&ServiceCd=110&Type=search" }, "geometry": { "type": "Point", "coordinates": [ 142.314696599999934, 43.7609654 ] } },
{ "type": "Feature", "properties": { "内容": "訪問介護事業所　フォアライフ【訪問介護】北海道旭川市神楽岡5条5丁目4番5号ツインクル壱番館102号", "url2": "https://www.kaigokensaku.mhlw.go.jp/01/index.php?action_kouhyou_detail_004_kani=true&JigyosyoCd=0172904146-00&ServiceCd=110&Type=search" }, "geometry": { "type": "Point", "coordinates": [ 142.373105500000037, 43.741711 ] } },
{ "type": "Feature", "properties": { "内容": "指定訪問介護事業所ガーデナース南永山【訪問介護】北海道旭川市永山8条1丁目1番23号", "url2": "https://www.kaigokensaku.mhlw.go.jp/01/index.php?action_kouhyou_detail_004_kani=true&JigyosyoCd=0172907347-00&ServiceCd=110&Type=search" }, "geometry": { "type": "Point", "coordinates": [ 142.406688600000052, 43.7832054 ] } },
{ "type": "Feature", "properties": { "内容": "訪問介護事業所嬉楽【訪問介護】北海道旭川市忠和4条5丁目4番4号アリスビル　1階", "url2": "https://www.kaigokensaku.mhlw.go.jp/01/index.php?action_kouhyou_detail_004_kani=true&JigyosyoCd=0172907271-00&ServiceCd=110&Type=search" }, "geometry": { "type": "Point", "coordinates": [ 142.320125138135609, 43.775085635841535 ] } },
{ "type": "Feature", "properties": { "内容": "ヘルパーステーションもうひとつの家族【訪問介護】北海道旭川市７条西７丁目１番７号もうひとつの家族", "url2": "https://www.kaigokensaku.mhlw.go.jp/01/index.php?action_kouhyou_detail_004_kani=true&JigyosyoCd=0172906018-00&ServiceCd=110&Type=search" }, "geometry": { "type": "Point", "coordinates": [ 141.3447129, 43.0686947 ] } },
{ "type": "Feature", "properties": { "内容": "訪問介護あさひ【訪問介護】北海道旭川市永山2条18丁目2番30号", "url2": "https://www.kaigokensaku.mhlw.go.jp/01/index.php?action_kouhyou_detail_004_kani=true&JigyosyoCd=0172907594-00&ServiceCd=110&Type=search" }, "geometry": { "type": "Point", "coordinates": [ 142.432228400000014, 43.809758800000019 ] } },
{ "type": "Feature", "properties": { "内容": "訪問介護大和【訪問介護】北海道旭川市永山2条15丁目4-3屯山ハイツ101", "url2": "https://www.kaigokensaku.mhlw.go.jp/01/index.php?action_kouhyou_detail_004_kani=true&JigyosyoCd=0172908055-00&ServiceCd=110&Type=search" }, "geometry": { "type": "Point", "coordinates": [ 142.424982199999988, 43.8063372 ] } },
{ "type": "Feature", "properties": { "内容": "訪問介護事業所りぼんさぽーと【訪問介護】北海道旭川市宮下通19丁目1442番地7アドーニス1-2号室", "url2": "https://www.kaigokensaku.mhlw.go.jp/01/index.php?action_kouhyou_detail_004_kani=true&JigyosyoCd=0172906174-00&ServiceCd=110&Type=search" }, "geometry": { "type": "Point", "coordinates": [ 142.376196171827701, 43.759559059424809 ] } },
{ "type": "Feature", "properties": { "内容": "訪問介護本舗　旭川【訪問介護】北海道旭川市末広四条４丁目１－１８シャトラン１０１", "url2": "https://www.kaigokensaku.mhlw.go.jp/01/index.php?action_kouhyou_detail_004_kani=true&JigyosyoCd=0172908170-00&ServiceCd=110&Type=search" }, "geometry": { "type": "Point", "coordinates": [ 142.3798338, 43.8104996 ] } },
{ "type": "Feature", "properties": { "内容": "訪問介護事業所エール神楽岡【訪問介護】北海道旭川市神楽岡3条4丁目2-1ホワイトハウス3・4103号", "url2": "https://www.kaigokensaku.mhlw.go.jp/01/index.php?action_kouhyou_detail_004_kani=true&JigyosyoCd=0172908402-00&ServiceCd=110&Type=search" }, "geometry": { "type": "Point", "coordinates": [ 142.3730308, 43.746020200000011 ] } },
{ "type": "Feature", "properties": { "内容": "介護クラーク旭川神楽【訪問介護】北海道旭川市神楽３条１２丁目１―４５", "url2": "https://www.kaigokensaku.mhlw.go.jp/01/index.php?action_kouhyou_detail_004_kani=true&JigyosyoCd=0172908659-00&ServiceCd=110&Type=search" }, "geometry": { "type": "Point", "coordinates": [ 142.358738, 43.7534474 ] } },
{ "type": "Feature", "properties": { "内容": "ヘルパーステーション圭【訪問介護】旭川市永山3条3丁目84番1号", "url2": "https://www.kaigokensaku.mhlw.go.jp/01/index.php?action_kouhyou_detail_004_kani=true&JigyosyoCd=0172901811-00&ServiceCd=110&Type=search" }, "geometry": { "type": "Point", "coordinates": [ 142.400120404229739, 43.788607173676205 ] } },
{ "type": "Feature", "properties": { "内容": "あさひケアアテンダント【訪問介護】旭川市永山北2条9丁目13番地の5", "url2": "https://www.kaigokensaku.mhlw.go.jp/01/index.php?action_kouhyou_detail_004_kani=true&JigyosyoCd=0172900649-00&ServiceCd=110&Type=search" }, "geometry": { "type": "Point", "coordinates": [ 142.428035, 43.8141193 ] } },
{ "type": "Feature", "properties": { "内容": "大丸訪問介護センター【訪問介護】旭川市４条通１丁目１９６３番地４", "url2": "https://www.kaigokensaku.mhlw.go.jp/01/index.php?action_kouhyou_detail_004_kani=true&JigyosyoCd=0172900029-00&ServiceCd=110&Type=search" }, "geometry": { "type": "Point", "coordinates": [ 142.351463820237768, 43.771383305291877 ] } },
{ "type": "Feature", "properties": { "内容": "旭川中央ケアサポート【訪問介護】旭川市東光１５条３丁目６番１０号", "url2": "https://www.kaigokensaku.mhlw.go.jp/01/index.php?action_kouhyou_detail_004_kani=true&JigyosyoCd=0172901209-00&ServiceCd=110&Type=search" }, "geometry": { "type": "Point", "coordinates": [ 142.397370292529331, 43.741370899503245 ] } },
{ "type": "Feature", "properties": { "内容": "ヘルパーステーションぽとす【訪問介護】北海道旭川市永山５条６丁目４番６号住宅型有料老人ホームなでしこ内", "url2": "https://www.kaigokensaku.mhlw.go.jp/01/index.php?action_kouhyou_detail_004_kani=true&JigyosyoCd=0172900334-00&ServiceCd=110&Type=search" }, "geometry": { "type": "Point", "coordinates": [ 142.410195991249111, 43.791846716608326 ] } },
{ "type": "Feature", "properties": { "内容": "訪問介護事業所　圭泉会ケアセンター【訪問介護】北海道旭川市豊岡13条5丁目4番14号", "url2": "https://www.kaigokensaku.mhlw.go.jp/01/index.php?action_kouhyou_detail_004_kani=true&JigyosyoCd=0172901183-00&ServiceCd=110&Type=search" }, "geometry": { "type": "Point", "coordinates": [ 142.408541499999956, 43.7712595 ] } },
{ "type": "Feature", "properties": { "内容": "あさひ訪問介護サービス【訪問介護】旭川市春光台4条2丁目1-18", "url2": "https://www.kaigokensaku.mhlw.go.jp/01/index.php?action_kouhyou_detail_004_kani=true&JigyosyoCd=0172902769-00&ServiceCd=110&Type=search" }, "geometry": { "type": "Point", "coordinates": [ 142.349353584283449, 43.81646821129852 ] } },
{ "type": "Feature", "properties": { "内容": "えみな福祉企画訪問介護ステーションひろがり【訪問介護】旭川市東光１条１丁目２番８号", "url2": "https://www.kaigokensaku.mhlw.go.jp/01/index.php?action_kouhyou_detail_004_kani=true&JigyosyoCd=0172902751-00&ServiceCd=110&Type=search" }, "geometry": { "type": "Point", "coordinates": [ 142.390215079762243, 43.75595476446788 ] } },
{ "type": "Feature", "properties": { "内容": "ホームヘルプサービスステーション　さくら【訪問介護】旭川市5条通13丁目647-1", "url2": "https://www.kaigokensaku.mhlw.go.jp/01/index.php?action_kouhyou_detail_004_kani=true&JigyosyoCd=0172901035-00&ServiceCd=110&Type=search" }, "geometry": { "type": "Point", "coordinates": [ 142.369982400000026, 43.7679165 ] } },
{ "type": "Feature", "properties": { "内容": "ニチイケアセンター旭川【訪問介護】北海道旭川市豊岡６条４丁目4-18　旭プラザ1Ｆ", "url2": "https://www.kaigokensaku.mhlw.go.jp/01/index.php?action_kouhyou_detail_004_kani=true&JigyosyoCd=0172900359-00&ServiceCd=110&Type=search" }, "geometry": { "type": "Point", "coordinates": [ 142.402346299999977, 43.7636962 ] } },
{ "type": "Feature", "properties": { "内容": "ニチイケアセンター永山【訪問介護】北海道旭川市永山8条19丁目4番17号", "url2": "https://www.kaigokensaku.mhlw.go.jp/01/index.php?action_kouhyou_detail_004_kani=true&JigyosyoCd=0172900664-00&ServiceCd=110&Type=search" }, "geometry": { "type": "Point", "coordinates": [ 142.44420070000001, 43.8060263 ] } },
{ "type": "Feature", "properties": { "内容": "ニチイケアセンター　緑が丘【訪問介護】旭川市西御料2条1丁目1-2　メゾンフローラ1階", "url2": "https://www.kaigokensaku.mhlw.go.jp/01/index.php?action_kouhyou_detail_004_kani=true&JigyosyoCd=0172901944-00&ServiceCd=110&Type=search" }, "geometry": { "type": "Point", "coordinates": [ 142.374443799999966, 43.7279474 ] } },
{ "type": "Feature", "properties": { "内容": "訪問介護事業所せいな【訪問介護】旭川市東光11条2丁目3-2エスパニアⅣ　B113", "url2": "https://www.kaigokensaku.mhlw.go.jp/01/index.php?action_kouhyou_detail_004_kani=true&JigyosyoCd=0172903031-00&ServiceCd=110&Type=search" }, "geometry": { "type": "Point", "coordinates": [ 142.395734241008284, 43.744256378945366 ] } },
{ "type": "Feature", "properties": { "内容": "ヘルパーステーションあけぼの【訪問介護】旭川市曙1条7丁目2番1号國本ビル2階", "url2": "https://www.kaigokensaku.mhlw.go.jp/01/index.php?action_kouhyou_detail_004_kani=true&JigyosyoCd=0172900524-00&ServiceCd=110&Type=search" }, "geometry": { "type": "Point", "coordinates": [ 142.340229340965607, 43.770842336500955 ] } },
{ "type": "Feature", "properties": { "内容": "さわやかサービスセンター【訪問介護】旭川市豊岡1条1丁目5番10号", "url2": "https://www.kaigokensaku.mhlw.go.jp/01/index.php?action_kouhyou_detail_004_kani=true&JigyosyoCd=0172900177-00&ServiceCd=110&Type=search" }, "geometry": { "type": "Point", "coordinates": [ 142.391016600000057, 43.7569324 ] } },
{ "type": "Feature", "properties": { "内容": "あさひ園ホームヘルパーステーション【訪問介護】北海道旭川市緑が丘東１条２丁目１番２１号", "url2": "https://www.kaigokensaku.mhlw.go.jp/01/index.php?action_kouhyou_detail_004_kani=true&JigyosyoCd=0172900045-00&ServiceCd=110&Type=search" }, "geometry": { "type": "Point", "coordinates": [ 142.389432400000032, 43.7288581 ] } },
{ "type": "Feature", "properties": { "内容": "旭川市社会福祉協議会指定訪問介護事業所【訪問介護】旭川市神楽岡１０条５丁目１番２８号地域福祉活動拠点すずかけ１階", "url2": "https://www.kaigokensaku.mhlw.go.jp/01/index.php?action_kouhyou_detail_004_kani=true&JigyosyoCd=0172900086-00&ServiceCd=110&Type=search" }, "geometry": { "type": "Point", "coordinates": [ 142.36532729449408, 43.741129439723935 ] } },
{ "type": "Feature", "properties": { "内容": "誠徳園ホームヘルプサービスセンター【訪問介護】旭川市末広8条６丁目５３０７番地", "url2": "https://www.kaigokensaku.mhlw.go.jp/01/index.php?action_kouhyou_detail_004_kani=true&JigyosyoCd=0172900078-00&ServiceCd=110&Type=search" }, "geometry": { "type": "Point", "coordinates": [ 142.373348399999941, 43.8196834 ] } },
{ "type": "Feature", "properties": { "内容": "ホームヘルパーステーション　ほたる【訪問介護】北海道旭川市永山町5丁目136番地の１", "url2": "https://www.kaigokensaku.mhlw.go.jp/01/index.php?action_kouhyou_detail_004_kani=true&JigyosyoCd=0172900201-00&ServiceCd=110&Type=search" }, "geometry": { "type": "Point", "coordinates": [ 142.432152500000029, 43.7862616 ] } },
{ "type": "Feature", "properties": { "内容": "NPO法人訪問介護ステーションたのしび【訪問介護】旭川市豊岡５条３丁目１番５号", "url2": "https://www.kaigokensaku.mhlw.go.jp/01/index.php?action_kouhyou_detail_004_kani=true&JigyosyoCd=0172901266-00&ServiceCd=110&Type=search" }, "geometry": { "type": "Point", "coordinates": [ 142.396310200000016, 43.7614794 ] } },
{ "type": "Feature", "properties": { "内容": "ＮＰＯ法人まごころ介護サービス【訪問介護】北海道旭川市７条通８丁目３８－４７セントラル７条ビル２０２号室", "url2": "https://www.kaigokensaku.mhlw.go.jp/01/index.php?action_kouhyou_detail_004_kani=true&JigyosyoCd=0172900854-00&ServiceCd=110&Type=search" }, "geometry": { "type": "Point", "coordinates": [ 142.363535800000022, 43.7715242 ] } },
{ "type": "Feature", "properties": { "内容": "ＯＮＷＡ指定訪問介護事業所【訪問介護】北海道旭川市高砂台２丁目2番5号YSパレス206号", "url2": "https://www.kaigokensaku.mhlw.go.jp/01/index.php?action_kouhyou_detail_004_kani=true&JigyosyoCd=0172902348-00&ServiceCd=110&Type=search" }, "geometry": { "type": "Point", "coordinates": [ 142.314433785319579, 43.76903201512696 ] } },
{ "type": "Feature", "properties": { "内容": "ヘルパーステーション　あおぞら【訪問介護】旭川市旭岡６丁目６番地１", "url2": "https://www.kaigokensaku.mhlw.go.jp/01/index.php?action_kouhyou_detail_004_kani=true&JigyosyoCd=0172901241-00&ServiceCd=110&Type=search" }, "geometry": { "type": "Point", "coordinates": [ 142.325095770114103, 43.800092965879003 ] } },
{ "type": "Feature", "properties": { "内容": "訪問介護ステーション漣【訪問介護】北海道旭川市高砂台５丁目21番7号", "url2": "https://www.kaigokensaku.mhlw.go.jp/01/index.php?action_kouhyou_detail_004_kani=true&JigyosyoCd=0172900946-00&ServiceCd=110&Type=search" }, "geometry": { "type": "Point", "coordinates": [ 142.310136541622171, 43.759691063600407 ] } },
{ "type": "Feature", "properties": { "内容": "ケアサポートフクダ【訪問介護】北海道旭川市末広5条7丁目1番11号末広介護支援館", "url2": "https://www.kaigokensaku.mhlw.go.jp/01/index.php?action_kouhyou_detail_004_kani=true&JigyosyoCd=0172900938-00&ServiceCd=110&Type=search" }, "geometry": { "type": "Point", "coordinates": [ 142.383040477909844, 43.815026259177444 ] } },
{ "type": "Feature", "properties": { "内容": "ポプラ在宅介護サービスセンター【訪問介護】北海道旭川市春光２条９丁目３番２号住宅型有料老人ホーム　こぶし", "url2": "https://www.kaigokensaku.mhlw.go.jp/01/index.php?action_kouhyou_detail_004_kani=true&JigyosyoCd=0172900680-00&ServiceCd=110&Type=search" }, "geometry": { "type": "Point", "coordinates": [ 142.377200720412475, 43.802330306112665 ] } },
{ "type": "Feature", "properties": { "内容": "ホームヘルプサービスステーション　華泉【訪問介護】北海道旭川市大町１条９丁目１８１－９５", "url2": "https://www.kaigokensaku.mhlw.go.jp/01/index.php?action_kouhyou_detail_004_kani=true&JigyosyoCd=0172900409-00&ServiceCd=110&Type=search" }, "geometry": { "type": "Point", "coordinates": [ 142.353371899999956, 43.791091 ] } },
{ "type": "Feature", "properties": { "内容": "訪問介護ステーションたいし【訪問介護】北海道旭川市豊岡15条5丁目4番15号", "url2": "https://www.kaigokensaku.mhlw.go.jp/01/index.php?action_kouhyou_detail_004_kani=true&JigyosyoCd=0172901977-00&ServiceCd=110&Type=search" }, "geometry": { "type": "Point", "coordinates": [ 142.408783099999937, 43.7736176 ] } },
{ "type": "Feature", "properties": { "内容": "旭川高齢者ヘルパーステーションほーぷ【訪問介護】北海道旭川市大町２条１０丁目１７３－４８", "url2": "https://www.kaigokensaku.mhlw.go.jp/01/index.php?action_kouhyou_detail_004_kani=true&JigyosyoCd=0172900714-00&ServiceCd=110&Type=search" }, "geometry": { "type": "Point", "coordinates": [ 142.35407111353959, 43.792963689262493 ] } },
{ "type": "Feature", "properties": { "内容": "指定訪問介護事業所　プラタナス【訪問介護】旭川市宮下通14丁目1441-5", "url2": "https://www.kaigokensaku.mhlw.go.jp/01/index.php?action_kouhyou_detail_004_kani=true&JigyosyoCd=0172900920-00&ServiceCd=110&Type=search" }, "geometry": { "type": "Point", "coordinates": [ 142.368686692786213, 43.76131637940685 ] } },
{ "type": "Feature", "properties": { "内容": "ヘルパーステーション「啓翁舎」【訪問介護】北海道旭川市東光１４条４丁目６番２０号", "url2": "https://www.kaigokensaku.mhlw.go.jp/01/index.php?action_kouhyou_detail_004_kani=true&JigyosyoCd=0172902884-00&ServiceCd=110&Type=search" }, "geometry": { "type": "Point", "coordinates": [ 142.398131239672864, 43.741888784841777 ] } },
{ "type": "Feature", "properties": { "内容": "すえひろ指定訪問介護事業所【訪問介護】旭川市末広３条３丁目２番２０号パールハウス２号舘", "url2": "https://www.kaigokensaku.mhlw.go.jp/01/index.php?action_kouhyou_detail_004_kani=true&JigyosyoCd=0172900243-00&ServiceCd=110&Type=search" }, "geometry": { "type": "Point", "coordinates": [ 142.381301500000063, 43.8079323 ] } },
{ "type": "Feature", "properties": { "内容": "ヘルパーステーション　和の里【訪問介護】旭川市神楽岡１０条２丁目３番３号", "url2": "https://www.kaigokensaku.mhlw.go.jp/01/index.php?action_kouhyou_detail_004_kani=true&JigyosyoCd=0172902009-00&ServiceCd=110&Type=search" }, "geometry": { "type": "Point", "coordinates": [ 142.362890565498333, 43.74610170818432 ] } },
{ "type": "Feature", "properties": { "内容": "ヘルパーステーション　はなみずき【訪問介護】北海道旭川市豊岡3条2丁目1番24号B号室", "url2": "https://www.kaigokensaku.mhlw.go.jp/01/index.php?action_kouhyou_detail_004_kani=true&JigyosyoCd=0172906075-00&ServiceCd=110&Type=search" }, "geometry": { "type": "Point", "coordinates": [ 142.393013500000052, 43.758310099999981 ] } },
{ "type": "Feature", "properties": { "内容": "ＳＯＭＰＯケア　旭川神楽岡　訪問介護【訪問介護】北海道旭川市神楽岡14条3丁目3番1号", "url2": "https://www.kaigokensaku.mhlw.go.jp/01/index.php?action_kouhyou_detail_004_kani=true&JigyosyoCd=0172907321-00&ServiceCd=110&Type=search" }, "geometry": { "type": "Point", "coordinates": [ 142.35691810000003, 43.7439217 ] } },
{ "type": "Feature", "properties": { "内容": "ライズケア【訪問介護】北海道旭川市緑が丘３条３丁目１番地の２信宅ビル1階", "url2": "https://www.kaigokensaku.mhlw.go.jp/01/index.php?action_kouhyou_detail_004_kani=true&JigyosyoCd=0172908212-00&ServiceCd=110&Type=search" }, "geometry": { "type": "Point", "coordinates": [ 140.0755782, 35.7269537 ] } },
{ "type": "Feature", "properties": { "内容": "アースサポート旭川【訪問介護】北海道旭川市神居2条3丁目2番15号", "url2": "https://www.kaigokensaku.mhlw.go.jp/01/index.php?action_kouhyou_detail_004_kani=true&JigyosyoCd=0172903403-00&ServiceCd=110&Type=search" }, "geometry": { "type": "Point", "coordinates": [ 142.331205800000021, 43.7674459 ] } },
{ "type": "Feature", "properties": { "内容": "訪問介護ふくし生協【訪問介護】北海道旭川市３条通１５丁目８２０－１銀ビル　２階", "url2": "https://www.kaigokensaku.mhlw.go.jp/01/index.php?action_kouhyou_detail_004_kani=true&JigyosyoCd=0172906422-00&ServiceCd=110&Type=search" }, "geometry": { "type": "Point", "coordinates": [ 142.37142052570664, 43.765038537487662 ] } },
{ "type": "Feature", "properties": { "内容": "ヘルパーステーションジャンティ【訪問介護】北海道旭川市永山11条2丁目2番2号", "url2": "https://www.kaigokensaku.mhlw.go.jp/01/index.php?action_kouhyou_detail_004_kani=true&JigyosyoCd=0172908204-00&ServiceCd=110&Type=search" }, "geometry": { "type": "Point", "coordinates": [ 142.407702673179273, 43.779029322737664 ] } },
{ "type": "Feature", "properties": { "内容": "ケアステーションオスピタリテ【訪問介護】北海道旭川市10条通21丁目1番地の13", "url2": "https://www.kaigokensaku.mhlw.go.jp/01/index.php?action_kouhyou_detail_004_kani=true&JigyosyoCd=0172908014-00&ServiceCd=110&Type=search" }, "geometry": { "type": "Point", "coordinates": [ 142.3856404, 43.7694498 ] } },
{ "type": "Feature", "properties": { "内容": "ヘルパーステーションリアルケア【訪問介護】北海道旭川市永山4条13丁目1-13", "url2": "https://www.kaigokensaku.mhlw.go.jp/01/index.php?action_kouhyou_detail_004_kani=true&JigyosyoCd=0172906133-00&ServiceCd=110&Type=search" }, "geometry": { "type": "Point", "coordinates": [ 142.423672200000027, 43.8017622 ] } },
{ "type": "Feature", "properties": { "内容": "訪問介護事業所　エレナ【訪問介護】北海道旭川市春光３条９丁目１番８号", "url2": "https://www.kaigokensaku.mhlw.go.jp/01/index.php?action_kouhyou_detail_004_kani=true&JigyosyoCd=0172906778-00&ServiceCd=110&Type=search" }, "geometry": { "type": "Point", "coordinates": [ 142.375753717196602, 43.804027272508776 ] } },
{ "type": "Feature", "properties": { "内容": "医療法人仁友会ヘルパーステーションみやびの森【訪問介護】北海道旭川市東旭川北１条４丁目２番５号", "url2": "https://www.kaigokensaku.mhlw.go.jp/01/index.php?action_kouhyou_detail_004_kani=true&JigyosyoCd=0172906737-00&ServiceCd=110&Type=search" }, "geometry": { "type": "Point", "coordinates": [ 142.433277800000042, 43.7722883 ] } },
{ "type": "Feature", "properties": { "内容": "ヘルパーステーション　ソワン【訪問介護】北海道旭川市大雪通６丁目５００番地３５", "url2": "https://www.kaigokensaku.mhlw.go.jp/01/index.php?action_kouhyou_detail_004_kani=true&JigyosyoCd=0172907685-00&ServiceCd=110&Type=search" }, "geometry": { "type": "Point", "coordinates": [ 142.388477848313954, 43.781819070046289 ] } },
{ "type": "Feature", "properties": { "内容": "ヘルパーステーション光老【訪問介護】北海道旭川市東光10条6丁目2番3号", "url2": "https://www.kaigokensaku.mhlw.go.jp/01/index.php?action_kouhyou_detail_004_kani=true&JigyosyoCd=0172905614-00&ServiceCd=110&Type=search" }, "geometry": { "type": "Point", "coordinates": [ 142.407584690599066, 43.745743685874672 ] } },
{ "type": "Feature", "properties": { "内容": "訪問介護事業所すたいる【訪問介護】北海道旭川市6条通20丁目1717-36", "url2": "https://www.kaigokensaku.mhlw.go.jp/01/index.php?action_kouhyou_detail_004_kani=true&JigyosyoCd=0172907420-00&ServiceCd=110&Type=search" }, "geometry": { "type": "Point", "coordinates": [ 142.381247839950561, 43.765285137270467 ] } },
{ "type": "Feature", "properties": { "内容": "ヘルパーステーションいちご【訪問介護】北海道旭川市忠和5条5丁目8-1", "url2": "https://www.kaigokensaku.mhlw.go.jp/01/index.php?action_kouhyou_detail_004_kani=true&JigyosyoCd=0172907875-00&ServiceCd=110&Type=search" }, "geometry": { "type": "Point", "coordinates": [ 142.318119700000011, 43.7757011 ] } },
{ "type": "Feature", "properties": { "内容": "指定訪問介護事業所月のあかり【訪問介護】北海道旭川市緑町１６丁目2898-24グループハウス月のあかり", "url2": "https://www.kaigokensaku.mhlw.go.jp/01/index.php?action_kouhyou_detail_004_kani=true&JigyosyoCd=0172905200-00&ServiceCd=110&Type=search" }, "geometry": { "type": "Point", "coordinates": [ 142.332696371827751, 43.787467988741021 ] } },
{ "type": "Feature", "properties": { "内容": "ヘルパーステーション春の丘【訪問介護】旭川市春光台5条2丁目5番15号", "url2": "https://www.kaigokensaku.mhlw.go.jp/01/index.php?action_kouhyou_detail_004_kani=true&JigyosyoCd=0172904096-00&ServiceCd=110&Type=search" }, "geometry": { "type": "Point", "coordinates": [ 142.344573299999979, 43.8189822 ] } },
{ "type": "Feature", "properties": { "内容": "指定訪問介護事業所　りあん【訪問介護】旭川市大町１条１５丁目231番地の176", "url2": "https://www.kaigokensaku.mhlw.go.jp/01/index.php?action_kouhyou_detail_004_kani=true&JigyosyoCd=0172903478-00&ServiceCd=110&Type=search" }, "geometry": { "type": "Point", "coordinates": [ 142.346073934993285, 43.795111925248683 ] } },
{ "type": "Feature", "properties": { "内容": "訪問介護　あるくⅡ【訪問介護】北海道旭川市末広東２条４丁目１番１５号デイサービスあるく末広東内", "url2": "https://www.kaigokensaku.mhlw.go.jp/01/index.php?action_kouhyou_detail_004_kani=true&JigyosyoCd=0172907248-00&ServiceCd=110&Type=search" }, "geometry": { "type": "Point", "coordinates": [ 142.390851537093681, 43.802571183846432 ] } },
{ "type": "Feature", "properties": { "内容": "訪問介護事業所　いろは【訪問介護】北海道旭川市新富2条1丁目1-4ハイツノースビラ105号室", "url2": "https://www.kaigokensaku.mhlw.go.jp/01/index.php?action_kouhyou_detail_004_kani=true&JigyosyoCd=0172907586-00&ServiceCd=110&Type=search" }, "geometry": { "type": "Point", "coordinates": [ 142.383034901300732, 43.788894674046993 ] } },
{ "type": "Feature", "properties": { "内容": "訪問介護事業所りーふぐりーん【訪問介護】北海道旭川市西神楽北1条2丁目693-1", "url2": "https://www.kaigokensaku.mhlw.go.jp/01/index.php?action_kouhyou_detail_004_kani=true&JigyosyoCd=0172904021-00&ServiceCd=110&Type=search" }, "geometry": { "type": "Point", "coordinates": [ 142.390503451101182, 43.684216895014991 ] } },
{ "type": "Feature", "properties": { "内容": "ヘルパーステーションえがおの里【訪問介護】北海道旭川市末広２条４丁目７番８号", "url2": "https://www.kaigokensaku.mhlw.go.jp/01/index.php?action_kouhyou_detail_004_kani=true&JigyosyoCd=0172905341-00&ServiceCd=110&Type=search" }, "geometry": { "type": "Point", "coordinates": [ 142.384286931944416, 43.808322641836448 ] } },
{ "type": "Feature", "properties": { "内容": "ヘルパーステーション　かぐらの里【訪問介護】北海道旭川市神楽岡12条5丁目2番5号", "url2": "https://www.kaigokensaku.mhlw.go.jp/01/index.php?action_kouhyou_detail_004_kani=true&JigyosyoCd=0172905077-00&ServiceCd=110&Type=search" }, "geometry": { "type": "Point", "coordinates": [ 142.364028700000063, 43.7387587 ] } },
{ "type": "Feature", "properties": { "内容": "訪問介護ステーションぐっちょんぱ【訪問介護】北海道旭川市北門町19丁目2171-45フォーシーズン北門201", "url2": "https://www.kaigokensaku.mhlw.go.jp/01/index.php?action_kouhyou_detail_004_kani=true&JigyosyoCd=0172903551-00&ServiceCd=110&Type=search" }, "geometry": { "type": "Point", "coordinates": [ 142.334881235075073, 43.794826474370566 ] } },
{ "type": "Feature", "properties": { "内容": "指定訪問介護（指定介護予防訪問介護）事業所ぐりーん【訪問介護】北海道旭川市永山8条10丁目1番15号グランドパークＮ810　205号室", "url2": "https://www.kaigokensaku.mhlw.go.jp/01/index.php?action_kouhyou_detail_004_kani=true&JigyosyoCd=0172903544-00&ServiceCd=110&Type=search" }, "geometry": { "type": "Point", "coordinates": [ 142.421918659663334, 43.792479690903633 ] } },
{ "type": "Feature", "properties": { "内容": "ホームヘルプサービスステーション　さくらんぼ【訪問介護】北海道旭川市5条通13丁目647番地の1", "url2": "https://www.kaigokensaku.mhlw.go.jp/01/index.php?action_kouhyou_detail_004_kani=true&JigyosyoCd=0172906356-00&ServiceCd=110&Type=search" }, "geometry": { "type": "Point", "coordinates": [ 142.369948099999988, 43.7679143 ] } },
{ "type": "Feature", "properties": { "内容": "訪問介護事業所しぇすた【訪問介護】北海道旭川市永山8条18丁目１番20号有料老人ホーム　悠", "url2": "https://www.kaigokensaku.mhlw.go.jp/01/index.php?action_kouhyou_detail_004_kani=true&JigyosyoCd=0172903833-00&ServiceCd=110&Type=search" }, "geometry": { "type": "Point", "coordinates": [ 142.441259400000035, 43.8045208 ] } },
{ "type": "Feature", "properties": { "内容": "指定訪問介護(指定介護予防訪問介護)事業所スローライフ【訪問介護】旭川市新富2条2丁目1－16住宅型有料老人ホームスローライフ", "url2": "https://www.kaigokensaku.mhlw.go.jp/01/index.php?action_kouhyou_detail_004_kani=true&JigyosyoCd=0172903668-00&ServiceCd=110&Type=search" }, "geometry": { "type": "Point", "coordinates": [ 142.385796499999969, 43.7895205 ] } },
{ "type": "Feature", "properties": { "内容": "指定訪問介護事業所ヘルパーステーションそれいゆ【訪問介護】北海道旭川市神楽岡6条5丁目6番2号神旭コーポ1階501号", "url2": "https://www.kaigokensaku.mhlw.go.jp/01/index.php?action_kouhyou_detail_004_kani=true&JigyosyoCd=0172903254-00&ServiceCd=110&Type=search" }, "geometry": { "type": "Point", "coordinates": [ 142.370722136909535, 43.74333802526688 ] } },
{ "type": "Feature", "properties": { "内容": "指定訪問介護事業所　チェリー【訪問介護】旭川市緑町18丁目3037-5", "url2": "https://www.kaigokensaku.mhlw.go.jp/01/index.php?action_kouhyou_detail_004_kani=true&JigyosyoCd=0172904187-00&ServiceCd=110&Type=search" }, "geometry": { "type": "Point", "coordinates": [ 142.328183699999954, 43.788686399999982 ] } },
{ "type": "Feature", "properties": { "内容": "ツクイ旭川東【訪問介護】旭川市東６条２丁目2-11", "url2": "https://www.kaigokensaku.mhlw.go.jp/01/index.php?action_kouhyou_detail_004_kani=true&JigyosyoCd=0172907925-00&ServiceCd=110&Type=search" }, "geometry": { "type": "Point", "coordinates": [ 142.377459644844066, 43.776763893296952 ] } },
{ "type": "Feature", "properties": { "内容": "指定訪問介護（指定介護予防訪問介護）事業所太陽と花【訪問介護】北海道旭川市神楽６条９丁目７－１ダイヤハイツ神楽６－９　１０１号室", "url2": "https://www.kaigokensaku.mhlw.go.jp/01/index.php?action_kouhyou_detail_004_kani=true&JigyosyoCd=0172904633-00&ServiceCd=110&Type=search" }, "geometry": { "type": "Point", "coordinates": [ 142.349553608528566, 43.754179073430194 ] } },
{ "type": "Feature", "properties": { "内容": "訪問介護ステーションやさしい手【訪問介護】北海道旭川市宮下通１１丁目3-1おもてなし館", "url2": "https://www.kaigokensaku.mhlw.go.jp/01/index.php?action_kouhyou_detail_004_kani=true&JigyosyoCd=0172908105-00&ServiceCd=110&Type=search" }, "geometry": { "type": "Point", "coordinates": [ 142.36352930000001, 43.7620137 ] } },
{ "type": "Feature", "properties": { "内容": "訪問介護事業所ナチュラル【訪問介護】北海道旭川市東鷹栖２条４丁目６３８番地１９ロテルドトゥール１０３", "url2": "https://www.kaigokensaku.mhlw.go.jp/01/index.php?action_kouhyou_detail_004_kani=true&JigyosyoCd=0172906570-00&ServiceCd=110&Type=search" }, "geometry": { "type": "Point", "coordinates": [ 142.412701280674526, 43.829008382933743 ] } },
{ "type": "Feature", "properties": { "内容": "ニチイケアセンター神居【訪問介護】北海道旭川市神居2条8丁目２－１０ミカミビル第１", "url2": "https://www.kaigokensaku.mhlw.go.jp/01/index.php?action_kouhyou_detail_004_kani=true&JigyosyoCd=0172907628-00&ServiceCd=110&Type=search" }, "geometry": { "type": "Point", "coordinates": [ 142.334538800000018, 43.761342100000043 ] } },
{ "type": "Feature", "properties": { "内容": "ニチイケアセンター末広【訪問介護】北海道旭川市末広東1条9丁目4番7号", "url2": "https://www.kaigokensaku.mhlw.go.jp/01/index.php?action_kouhyou_detail_004_kani=true&JigyosyoCd=0172907636-00&ServiceCd=110&Type=search" }, "geometry": { "type": "Point", "coordinates": [ 142.398709300000064, 43.8102123 ] } },
{ "type": "Feature", "properties": { "内容": "ニチイケアセンター東光【訪問介護】北海道旭川市東光4条2丁目4-19", "url2": "https://www.kaigokensaku.mhlw.go.jp/01/index.php?action_kouhyou_detail_004_kani=true&JigyosyoCd=0172907644-00&ServiceCd=110&Type=search" }, "geometry": { "type": "Point", "coordinates": [ 142.3918363, 43.752008900000014 ] } },
{ "type": "Feature", "properties": { "内容": "訪問介護フォレスト【訪問介護】北海道旭川市神居8条15丁目2番13号", "url2": "https://www.kaigokensaku.mhlw.go.jp/01/index.php?action_kouhyou_detail_004_kani=true&JigyosyoCd=0172907784-00&ServiceCd=110&Type=search" }, "geometry": { "type": "Point", "coordinates": [ 142.330002, 43.7513905 ] } },
{ "type": "Feature", "properties": { "内容": "ヘルパーステーション　ハーティーライフ【訪問介護】北海道旭川市大町１条９丁目１８１－９５", "url2": "https://www.kaigokensaku.mhlw.go.jp/01/index.php?action_kouhyou_detail_004_kani=true&JigyosyoCd=0172906281-00&ServiceCd=110&Type=search" }, "geometry": { "type": "Point", "coordinates": [ 142.35355519999996, 43.7905799 ] } },
{ "type": "Feature", "properties": { "内容": "ヘルパーステーション　ハッピーライフ【訪問介護】北海道旭川市永山１条２０丁目５－１８", "url2": "https://www.kaigokensaku.mhlw.go.jp/01/index.php?action_kouhyou_detail_004_kani=true&JigyosyoCd=0172904815-00&ServiceCd=110&Type=search" }, "geometry": { "type": "Point", "coordinates": [ 142.43564820000006, 43.8140696 ] } },
{ "type": "Feature", "properties": { "内容": "指定訪問介護事業所ピープルケア【訪問介護】北海道旭川市神居２条２１丁目８８-６", "url2": "https://www.kaigokensaku.mhlw.go.jp/01/index.php?action_kouhyou_detail_004_kani=true&JigyosyoCd=0172903726-00&ServiceCd=110&Type=search" }, "geometry": { "type": "Point", "coordinates": [ 142.343947836923235, 43.745439473296997 ] } },
{ "type": "Feature", "properties": { "内容": "指定訪問介護事業所　ひだまり館【訪問介護】北海道旭川市永山8条1丁目1番２７号ひだまり館", "url2": "https://www.kaigokensaku.mhlw.go.jp/01/index.php?action_kouhyou_detail_004_kani=true&JigyosyoCd=0172904294-00&ServiceCd=110&Type=search" }, "geometry": { "type": "Point", "coordinates": [ 142.401900645507823, 43.780393137886655 ] } },
{ "type": "Feature", "properties": { "内容": "ヘルパーステーション介援隊【訪問介護】北海道旭川市７条通１６丁目７７番地２５", "url2": "https://www.kaigokensaku.mhlw.go.jp/01/index.php?action_kouhyou_detail_004_kani=true&JigyosyoCd=0172907883-00&ServiceCd=110&Type=search" }, "geometry": { "type": "Point", "coordinates": [ 142.37536424232789, 43.768417144513208 ] } },
{ "type": "Feature", "properties": { "内容": "指定訪問介護事業所ぽぷら舘【訪問介護】旭川市神楽岡１４条３丁目５番２号有料老人ホーム　かぐら内", "url2": "https://www.kaigokensaku.mhlw.go.jp/01/index.php?action_kouhyou_detail_004_kani=true&JigyosyoCd=0172903635-00&ServiceCd=110&Type=search" }, "geometry": { "type": "Point", "coordinates": [ 142.330889800000023, 43.7555748 ] } },
{ "type": "Feature", "properties": { "内容": "指定訪問介護（指定第１号訪問）事業所ぽるて【訪問介護】旭川市永山7条10丁目2番10号住宅型有料老人ホーム", "url2": "https://www.kaigokensaku.mhlw.go.jp/01/index.php?action_kouhyou_detail_004_kani=true&JigyosyoCd=0172903395-00&ServiceCd=110&Type=search" }, "geometry": { "type": "Point", "coordinates": [ 142.421314299999949, 43.7940631 ] } },
{ "type": "Feature", "properties": { "内容": "指定訪問介護事業所　松竹梅【訪問介護】北海道旭川市豊岡3条6丁目3番3号", "url2": "https://www.kaigokensaku.mhlw.go.jp/01/index.php?action_kouhyou_detail_004_kani=true&JigyosyoCd=0172904559-00&ServiceCd=110&Type=search" }, "geometry": { "type": "Point", "coordinates": [ 142.410264200000029, 43.7585 ] } },
{ "type": "Feature", "properties": { "内容": "ヘルパーステーションみつばちの郷【訪問介護】北海道旭川市東1条1丁目１番１号コーポしのぶ205号室", "url2": "https://www.kaigokensaku.mhlw.go.jp/01/index.php?action_kouhyou_detail_004_kani=true&JigyosyoCd=0172904112-00&ServiceCd=110&Type=search" }, "geometry": { "type": "Point", "coordinates": [ 142.368735242622392, 43.776628183463046 ] } },
{ "type": "Feature", "properties": { "内容": "ヘルパーステーション　縁【訪問介護】北海道旭川市神居6条10丁目1番2号", "url2": "https://www.kaigokensaku.mhlw.go.jp/01/index.php?action_kouhyou_detail_004_kani=true&JigyosyoCd=0172904997-00&ServiceCd=110&Type=search" }, "geometry": { "type": "Point", "coordinates": [ 142.33027875174767, 43.758296996206759 ] } },
{ "type": "Feature", "properties": { "内容": "訪問介護事業所　むつみ【訪問介護】北海道旭川市9条通8丁目2486番地の10小里ビル2階", "url2": "https://www.kaigokensaku.mhlw.go.jp/01/index.php?action_kouhyou_detail_004_kani=true&JigyosyoCd=0172904765-00&ServiceCd=110&Type=search" }, "geometry": { "type": "Point", "coordinates": [ 142.365078192323267, 43.774563895558174 ] } },
{ "type": "Feature", "properties": { "内容": "訪問介護事業所えんじゅ【訪問介護】北海道旭川市神居３条２０丁目６７－１６１住宅型有料老人ホーム　えんじゅ", "url2": "https://www.kaigokensaku.mhlw.go.jp/01/index.php?action_kouhyou_detail_004_kani=true&JigyosyoCd=0172907651-00&ServiceCd=110&Type=search" }, "geometry": { "type": "Point", "coordinates": [ 142.342556539240746, 43.746629392129421 ] } },
{ "type": "Feature", "properties": { "内容": "指定訪問介護（介護予防訪問）事業所ゆあん【訪問介護】旭川市9条通9丁目53番地42メゾンペガサス601号", "url2": "https://www.kaigokensaku.mhlw.go.jp/01/index.php?action_kouhyou_detail_004_kani=true&JigyosyoCd=0172904922-00&ServiceCd=110&Type=search" }, "geometry": { "type": "Point", "coordinates": [ 142.366539141453046, 43.773167675532669 ] } },
{ "type": "Feature", "properties": { "内容": "訪問介護事業所リボン【訪問介護】北海道旭川市神居８条８丁目２番９号住宅型有料老人ホーム　リボン", "url2": "https://www.kaigokensaku.mhlw.go.jp/01/index.php?action_kouhyou_detail_004_kani=true&JigyosyoCd=0172907909-00&ServiceCd=110&Type=search" }, "geometry": { "type": "Point", "coordinates": [ 142.3260567, 43.7594146 ] } },
{ "type": "Feature", "properties": { "内容": "ヘルパーステーションいこいの里旭川【訪問介護】北海道旭川市台場1条5丁目２番６号", "url2": "https://www.kaigokensaku.mhlw.go.jp/01/index.php?action_kouhyou_detail_004_kani=true&JigyosyoCd=0172905101-00&ServiceCd=110&Type=search" }, "geometry": { "type": "Point", "coordinates": [ 142.296465521040346, 43.76777334354415 ] } },
{ "type": "Feature", "properties": { "内容": "ピース【訪問介護】北海道旭川市永山１条１１丁目２－１１", "url2": "https://www.kaigokensaku.mhlw.go.jp/01/index.php?action_kouhyou_detail_004_kani=true&JigyosyoCd=0172906323-00&ServiceCd=110&Type=search" }, "geometry": { "type": "Point", "coordinates": [ 142.4168621, 43.8019217 ] } },
{ "type": "Feature", "properties": { "内容": "訪問介護　夢【訪問介護】北海道旭川市神居8条16丁目2番20号", "url2": "https://www.kaigokensaku.mhlw.go.jp/01/index.php?action_kouhyou_detail_004_kani=true&JigyosyoCd=0172903494-00&ServiceCd=110&Type=search" }, "geometry": { "type": "Point", "coordinates": [ 142.330170700000053, 43.7495893 ] } },
{ "type": "Feature", "properties": { "内容": "ヘルパーステーション縁縁【訪問介護】旭川市豊岡６条１０丁目６番１２号", "url2": "https://www.kaigokensaku.mhlw.go.jp/01/index.php?action_kouhyou_detail_004_kani=true&JigyosyoCd=0172903825-00&ServiceCd=110&Type=search" }, "geometry": { "type": "Point", "coordinates": [ 142.425298835581998, 43.760397839447634 ] } },
{ "type": "Feature", "properties": { "内容": "指定訪問介護事業所花ごよみ【訪問介護】北海道旭川市神楽岡５条７丁目１番１６号", "url2": "https://www.kaigokensaku.mhlw.go.jp/01/index.php?action_kouhyou_detail_004_kani=true&JigyosyoCd=0172904195-00&ServiceCd=110&Type=search" }, "geometry": { "type": "Point", "coordinates": [ 142.37433743543059, 43.739064814321601 ] } },
{ "type": "Feature", "properties": { "内容": "訪問介護事業所花さとか【訪問介護】旭川市東光旭川市東光11条5丁目１番22号", "url2": "https://www.kaigokensaku.mhlw.go.jp/01/index.php?action_kouhyou_detail_004_kani=true&JigyosyoCd=0172905150-00&ServiceCd=110&Type=search" }, "geometry": { "type": "Point", "coordinates": [ 142.402496990914614, 43.745102593791046 ] } },
{ "type": "Feature", "properties": { "内容": "エール訪問介護【訪問介護】北海道旭川市曙一条2丁目2番2号", "url2": "https://www.kaigokensaku.mhlw.go.jp/01/index.php?action_kouhyou_detail_004_kani=true&JigyosyoCd=0172905556-00&ServiceCd=110&Type=search" }, "geometry": { "type": "Point", "coordinates": [ 142.346846632566212, 43.768944857673439 ] } },
{ "type": "Feature", "properties": { "内容": "訪問介護ステーション養刻館【訪問介護】北海道旭川市永山9条2丁目1番28号", "url2": "https://www.kaigokensaku.mhlw.go.jp/01/index.php?action_kouhyou_detail_004_kani=true&JigyosyoCd=0172906877-00&ServiceCd=110&Type=search" }, "geometry": { "type": "Point", "coordinates": [ 142.406755299999986, 43.7815889 ] } },
{ "type": "Feature", "properties": { "内容": "指定訪問介護（指定介護予防訪問介護）事業所共済【訪問介護】北海道旭川市１１条通21丁目１-７", "url2": "https://www.kaigokensaku.mhlw.go.jp/01/index.php?action_kouhyou_detail_004_kani=true&JigyosyoCd=0172904013-00&ServiceCd=110&Type=search" }, "geometry": { "type": "Point", "coordinates": [ 142.384680472471587, 43.770958310889846 ] } },
{ "type": "Feature", "properties": { "内容": "指定訪問介護事業所　来夢舘Ⅲ【訪問介護】北海道旭川市緑町18丁目3037番地の16住宅型有料老人ホーム　来夢舘Ⅲ", "url2": "https://www.kaigokensaku.mhlw.go.jp/01/index.php?action_kouhyou_detail_004_kani=true&JigyosyoCd=0172905325-00&ServiceCd=110&Type=search" }, "geometry": { "type": "Point", "coordinates": [ 142.328874199999973, 43.7891405 ] } },
{ "type": "Feature", "properties": { "内容": "指定訪問介護事業所りん【訪問介護】旭川市緑が丘南２条２丁目７番３号", "url2": "https://www.kaigokensaku.mhlw.go.jp/01/index.php?action_kouhyou_detail_004_kani=true&JigyosyoCd=0172903122-00&ServiceCd=110&Type=search" }, "geometry": { "type": "Point", "coordinates": [ 142.371918832896966, 43.729677616522359 ] } },
{ "type": "Feature", "properties": { "内容": "ヘルパーステーション敬寿【訪問介護】北海道旭川市東光９条３丁目１番３号住宅型有料老人ホーム　敬寿館", "url2": "https://www.kaigokensaku.mhlw.go.jp/01/index.php?action_kouhyou_detail_004_kani=true&JigyosyoCd=0172903965-00&ServiceCd=110&Type=search" }, "geometry": { "type": "Point", "coordinates": [ 142.394949743099914, 43.747129158591562 ] } },
{ "type": "Feature", "properties": { "内容": "ヘルパーステーション敬心【訪問介護】旭川市東光11条2丁目4番10号有料老人ホーム敬和館", "url2": "https://www.kaigokensaku.mhlw.go.jp/01/index.php?action_kouhyou_detail_004_kani=true&JigyosyoCd=0172903213-00&ServiceCd=110&Type=search" }, "geometry": { "type": "Point", "coordinates": [ 142.391896818771329, 43.745173319739735 ] } },
{ "type": "Feature", "properties": { "内容": "指定訪問介護事業所すみれ【訪問介護】北海道旭川市新富２条１丁目２番１０号", "url2": "https://www.kaigokensaku.mhlw.go.jp/01/index.php?action_kouhyou_detail_004_kani=true&JigyosyoCd=0172906042-00&ServiceCd=110&Type=search" }, "geometry": { "type": "Point", "coordinates": [ 142.384840798811382, 43.789121092306807 ] } },
{ "type": "Feature", "properties": { "内容": "厚友会訪問介護事業所【訪問介護】北海道旭川市神楽3条8丁目2番15号けあらいふ神楽館", "url2": "https://www.kaigokensaku.mhlw.go.jp/01/index.php?action_kouhyou_detail_004_kani=true&JigyosyoCd=0172905309-00&ServiceCd=110&Type=search" }, "geometry": { "type": "Point", "coordinates": [ 142.352852432474492, 43.757227537912243 ] } },
{ "type": "Feature", "properties": { "内容": "訪問介護事業所　幸【訪問介護】北海道旭川市緑町18丁目3037番地の6クローバーライフ", "url2": "https://www.kaigokensaku.mhlw.go.jp/01/index.php?action_kouhyou_detail_004_kani=true&JigyosyoCd=0172904716-00&ServiceCd=110&Type=search" }, "geometry": { "type": "Point", "coordinates": [ 142.328339328620359, 43.788558558220146 ] } },
{ "type": "Feature", "properties": { "内容": "訪問介護ステーション　まごころ館【訪問介護】北海道旭川市東旭川北１条６丁目６‐５３　コーポきらら105号室", "url2": "https://www.kaigokensaku.mhlw.go.jp/01/index.php?action_kouhyou_detail_004_kani=true&JigyosyoCd=0172904047-00&ServiceCd=110&Type=search" }, "geometry": { "type": "Point", "coordinates": [ 142.439902965667642, 43.772135263873523 ] } },
{ "type": "Feature", "properties": { "内容": "訪問介護ステーション静療【訪問介護】北海道旭川市永山７条３丁目1-26静療館4", "url2": "https://www.kaigokensaku.mhlw.go.jp/01/index.php?action_kouhyou_detail_004_kani=true&JigyosyoCd=0172903718-00&ServiceCd=110&Type=search" }, "geometry": { "type": "Point", "coordinates": [ 142.405043290876705, 43.784228437077807 ] } },
{ "type": "Feature", "properties": { "内容": "訪問介護事業所スコーレ【訪問介護】北海道旭川市大町3条4丁目3639番地の3スコーレ大町", "url2": "https://www.kaigokensaku.mhlw.go.jp/01/index.php?action_kouhyou_detail_004_kani=true&JigyosyoCd=0172906315-00&ServiceCd=110&Type=search" }, "geometry": { "type": "Point", "coordinates": [ 142.36225730000001, 43.7875168 ] } },
{ "type": "Feature", "properties": { "内容": "ヘルパーステーション希望のつぼみ旭川【訪問介護】北海道旭川市神楽岡10条6丁目1番8号", "url2": "https://www.kaigokensaku.mhlw.go.jp/01/index.php?action_kouhyou_detail_004_kani=true&JigyosyoCd=0172907115-00&ServiceCd=110&Type=search" }, "geometry": { "type": "Point", "coordinates": [ 142.3676395, 43.7382311 ] } },
{ "type": "Feature", "properties": { "内容": "訪問介護事業所　善【訪問介護】北海道旭川市永山３条４丁目３番３号", "url2": "https://www.kaigokensaku.mhlw.go.jp/01/index.php?action_kouhyou_detail_004_kani=true&JigyosyoCd=0172905051-00&ServiceCd=110&Type=search" }, "geometry": { "type": "Point", "coordinates": [ 142.403499900000043, 43.7909544 ] } },
{ "type": "Feature", "properties": { "内容": "ヘルパーステーション　太雅【訪問介護】北海道旭川市神居３条４丁目２－１５", "url2": "https://www.kaigokensaku.mhlw.go.jp/01/index.php?action_kouhyou_detail_004_kani=true&JigyosyoCd=0172904450-00&ServiceCd=110&Type=search" }, "geometry": { "type": "Point", "coordinates": [ 142.330181, 43.7658016 ] } },
{ "type": "Feature", "properties": { "内容": "ホームヘルプサービスステーション藤華【訪問介護】北海道旭川市１条通２５丁目４８９番地の１１２パークスクエア１０１", "url2": "https://www.kaigokensaku.mhlw.go.jp/01/index.php?action_kouhyou_detail_004_kani=true&JigyosyoCd=0172905168-00&ServiceCd=110&Type=search" }, "geometry": { "type": "Point", "coordinates": [ 142.385144685041837, 43.757498190735696 ] } },
{ "type": "Feature", "properties": { "内容": "指定訪問介護事業所風花【訪問介護】北海道旭川市神楽岡12条5丁目2番4号住宅型有料老人ホーム　風花", "url2": "https://www.kaigokensaku.mhlw.go.jp/01/index.php?action_kouhyou_detail_004_kani=true&JigyosyoCd=0172905994-00&ServiceCd=110&Type=search" }, "geometry": { "type": "Point", "coordinates": [ 142.363706500000035, 43.7388531 ] } },
{ "type": "Feature", "properties": { "内容": "ヘルパーステーション穂の花【訪問介護】旭川市永山１条４丁目３番３１号", "url2": "https://www.kaigokensaku.mhlw.go.jp/01/index.php?action_kouhyou_detail_004_kani=true&JigyosyoCd=0172904682-00&ServiceCd=110&Type=search" }, "geometry": { "type": "Point", "coordinates": [ 142.400701750926146, 43.792591976812098 ] } },
{ "type": "Feature", "properties": { "内容": "ヘルパーステーションひまわり【訪問介護】北海道旭川市永山8条13丁目8番23号有料老人ホーム菜の花", "url2": "https://www.kaigokensaku.mhlw.go.jp/01/index.php?action_kouhyou_detail_004_kani=true&JigyosyoCd=0172903486-00&ServiceCd=110&Type=search" }, "geometry": { "type": "Point", "coordinates": [ 142.428889835489144, 43.796795740217206 ] } },
{ "type": "Feature", "properties": { "内容": "訪問介護ステーション　あすか【訪問介護】北海道旭川市東旭川南2条3丁目1番16号", "url2": "https://www.kaigokensaku.mhlw.go.jp/01/index.php?action_kouhyou_detail_004_kani=true&JigyosyoCd=0172906117-00&ServiceCd=110&Type=search" }, "geometry": { "type": "Point", "coordinates": [ 142.4296005, 43.7687719 ] } },
{ "type": "Feature", "properties": { "内容": "指定訪問介護事業所夕焼け小やけ【訪問介護】北海道旭川市神居２条２１丁目８８－６", "url2": "https://www.kaigokensaku.mhlw.go.jp/01/index.php?action_kouhyou_detail_004_kani=true&JigyosyoCd=0172904286-00&ServiceCd=110&Type=search" }, "geometry": { "type": "Point", "coordinates": [ 142.343909186846986, 43.745480633669153 ] } },
{ "type": "Feature", "properties": { "内容": "指定訪問介護事業所　来夢舘【訪問介護】北海道旭川市緑町19丁目2811番地", "url2": "https://www.kaigokensaku.mhlw.go.jp/01/index.php?action_kouhyou_detail_004_kani=true&JigyosyoCd=0172904237-00&ServiceCd=110&Type=search" }, "geometry": { "type": "Point", "coordinates": [ 142.328238100000021, 43.7891182 ] } },
{ "type": "Feature", "properties": { "内容": "株式会社　緑サービス【訪問介護】北海道旭川市神楽7条11丁目6番5号住宅型有料老人ホーム　ゆり神楽", "url2": "https://www.kaigokensaku.mhlw.go.jp/01/index.php?action_kouhyou_detail_004_kani=true&JigyosyoCd=0172904690-00&ServiceCd=110&Type=search" }, "geometry": { "type": "Point", "coordinates": [ 142.352254499999958, 43.7492293 ] } },
{ "type": "Feature", "properties": { "内容": "指定訪問介護事業所令花【訪問介護】北海道旭川市豊岡１２条１丁目４番１４号", "url2": "https://www.kaigokensaku.mhlw.go.jp/01/index.php?action_kouhyou_detail_004_kani=true&JigyosyoCd=0172907990-00&ServiceCd=110&Type=search" }, "geometry": { "type": "Point", "coordinates": [ 142.391727300000014, 43.7702425 ] } },
{ "type": "Feature", "properties": { "内容": "指定訪問介護事業所　　向日葵【訪問介護】北海道旭川市近文町24丁目1178番28住宅型有料老人ホーム　グループハウス　向日葵内", "url2": "https://www.kaigokensaku.mhlw.go.jp/01/index.php?action_kouhyou_detail_004_kani=true&JigyosyoCd=0172906067-00&ServiceCd=110&Type=search" }, "geometry": { "type": "Point", "coordinates": [ 142.319349412536667, 43.791451894620494 ] } },
{ "type": "Feature", "properties": { "内容": "のぞみヘルパーステーション旭川【訪問介護】北海道旭川市永山9条3丁目1番5号", "url2": "https://www.kaigokensaku.mhlw.go.jp/01/index.php?action_kouhyou_detail_004_kani=true&JigyosyoCd=0172906158-00&ServiceCd=110&Type=search" }, "geometry": { "type": "Point", "coordinates": [ 142.407014364140309, 43.782003427333606 ] } },
{ "type": "Feature", "properties": { "内容": "キョクトウ在宅介護サービスセンター【訪問介護】北海道旭川市永山北1条10丁目11番19号", "url2": "https://www.kaigokensaku.mhlw.go.jp/01/index.php?action_kouhyou_detail_004_kani=true&JigyosyoCd=0172905184-00&ServiceCd=110&Type=search" }, "geometry": { "type": "Point", "coordinates": [ 142.434556599999951, 43.8150722 ] } },
{ "type": "Feature", "properties": { "内容": "指定訪問介護事業所えくぼ【訪問介護】北海道旭川市神楽岡15条4丁目4-6谷口マンション202号室", "url2": "https://www.kaigokensaku.mhlw.go.jp/01/index.php?action_kouhyou_detail_004_kani=true&JigyosyoCd=0172906968-00&ServiceCd=110&Type=search" }, "geometry": { "type": "Point", "coordinates": [ 142.357195899999965, 43.7406721 ] } },
{ "type": "Feature", "properties": { "内容": "ヘルパーステーションひなた【訪問介護】北海道旭川市10条通19丁目1--1", "url2": "https://www.kaigokensaku.mhlw.go.jp/01/index.php?action_kouhyou_detail_004_kani=true&JigyosyoCd=0172903817-00&ServiceCd=110&Type=search" }, "geometry": { "type": "Point", "coordinates": [ 142.381132620179983, 43.769761245171615 ] } },
{ "type": "Feature", "properties": { "内容": "訪問介護事業所ひなたぼっこ【訪問介護】北海道旭川市豊岡2条2丁目1-10", "url2": "https://www.kaigokensaku.mhlw.go.jp/01/index.php?action_kouhyou_detail_004_kani=true&JigyosyoCd=0172907222-00&ServiceCd=110&Type=search" }, "geometry": { "type": "Point", "coordinates": [ 142.3925471, 43.7571491 ] } },
{ "type": "Feature", "properties": { "内容": "訪問介護ラパン【訪問介護】北海道旭川市新星町１丁目３番１５号", "url2": "https://www.kaigokensaku.mhlw.go.jp/01/index.php?action_kouhyou_detail_004_kani=true&JigyosyoCd=0172907362-00&ServiceCd=110&Type=search" }, "geometry": { "type": "Point", "coordinates": [ 142.401443128636259, 43.778814602011536 ] } },
{ "type": "Feature", "properties": { "内容": "ヘルパーステーション　うらら【訪問介護】北海道旭川市春光町１２番地２住宅型有料老人ホームうらら", "url2": "https://www.kaigokensaku.mhlw.go.jp/01/index.php?action_kouhyou_detail_004_kani=true&JigyosyoCd=0172907495-00&ServiceCd=110&Type=search" }, "geometry": { "type": "Point", "coordinates": [ 142.363108600000032, 43.7882798 ] } },
{ "type": "Feature", "properties": { "内容": "訪問介護事業所グレイス【訪問介護】北海道旭川市神居6条2丁目3番6号有料老人ホームグレイス神居内", "url2": "https://www.kaigokensaku.mhlw.go.jp/01/index.php?action_kouhyou_detail_004_kani=true&JigyosyoCd=0172907610-00&ServiceCd=110&Type=search" }, "geometry": { "type": "Point", "coordinates": [ 142.332011599999987, 43.7549575 ] } },
{ "type": "Feature", "properties": { "内容": "訪問介護大成【訪問介護】北海道旭川市8条通15丁目74番地の9プラスワンビル102号", "url2": "https://www.kaigokensaku.mhlw.go.jp/01/index.php?action_kouhyou_detail_004_kani=true&JigyosyoCd=0172907529-00&ServiceCd=110&Type=search" }, "geometry": { "type": "Point", "coordinates": [ 142.37542940000003, 43.7699531 ] } },
{ "type": "Feature", "properties": { "内容": "ヘルパーステーション陽の木【訪問介護】北海道旭川市北門町21丁目2168-87", "url2": "https://www.kaigokensaku.mhlw.go.jp/01/index.php?action_kouhyou_detail_004_kani=true&JigyosyoCd=0172906604-00&ServiceCd=110&Type=search" }, "geometry": { "type": "Point", "coordinates": [ 142.331865200000038, 43.796298 ] } },
{ "type": "Feature", "properties": { "内容": "訪問介護事業所ＳＫたいせつの郷【訪問介護】北海道旭川市末広東1条13丁目2番38号サービス付き高齢者向け住宅SKたいせつの郷", "url2": "https://www.kaigokensaku.mhlw.go.jp/01/index.php?action_kouhyou_detail_004_kani=true&JigyosyoCd=0172907966-00&ServiceCd=110&Type=search" }, "geometry": { "type": "Point", "coordinates": [ 142.404885784130869, 43.814767440885042 ] } },
{ "type": "Feature", "properties": { "内容": "プランタン訪問介護事業所【訪問介護】旭川市10条通19丁目1-1", "url2": "https://www.kaigokensaku.mhlw.go.jp/01/index.php?action_kouhyou_detail_004_kani=true&JigyosyoCd=0172903700-00&ServiceCd=110&Type=search" }, "geometry": { "type": "Point", "coordinates": [ 142.381183822396082, 43.769758001867586 ] } },
{ "type": "Feature", "properties": { "内容": "指定訪問介護事業所夕焼けの丘【訪問介護】北海道旭川市神楽岡14条5丁目1-5", "url2": "https://www.kaigokensaku.mhlw.go.jp/01/index.php?action_kouhyou_detail_004_kani=true&JigyosyoCd=0172905242-00&ServiceCd=110&Type=search" }, "geometry": { "type": "Point", "coordinates": [ 142.360312300000032, 43.7393057 ] } },
{ "type": "Feature", "properties": { "内容": "訪問介護事業所なの花【訪問介護】北海道旭川市春光3条9丁目7-1", "url2": "https://www.kaigokensaku.mhlw.go.jp/01/index.php?action_kouhyou_detail_004_kani=true&JigyosyoCd=0172906463-00&ServiceCd=110&Type=search" }, "geometry": { "type": "Point", "coordinates": [ 142.374928959654426, 43.805077918244017 ] } },
{ "type": "Feature", "properties": { "内容": "foryouステーション・セラ【訪問介護】北海道旭川市永山１１条２丁目２－１２", "url2": "https://www.kaigokensaku.mhlw.go.jp/01/index.php?action_kouhyou_detail_004_kani=true&JigyosyoCd=0172906372-00&ServiceCd=110&Type=search" }, "geometry": { "type": "Point", "coordinates": [ 142.4092057, 43.779696499999986 ] } },
{ "type": "Feature", "properties": { "内容": "訪問介護事業所ひかり【訪問介護】北海道旭川市春光台１条５丁目５－８高台コーポ第１－１０２", "url2": "https://www.kaigokensaku.mhlw.go.jp/01/index.php?action_kouhyou_detail_004_kani=true&JigyosyoCd=0172904872-00&ServiceCd=110&Type=search" }, "geometry": { "type": "Point", "coordinates": [ 142.36715780647279, 43.819266241768609 ] } },
{ "type": "Feature", "properties": { "内容": "ヘルパーステーション旭岡【訪問介護】北海道旭川市末広6条6丁目6番15号", "url2": "https://www.kaigokensaku.mhlw.go.jp/01/index.php?action_kouhyou_detail_004_kani=true&JigyosyoCd=0172904526-00&ServiceCd=110&Type=search" }, "geometry": { "type": "Point", "coordinates": [ 142.37836576049483, 43.817869717634601 ] } },
{ "type": "Feature", "properties": { "内容": "訪問介護　あるく【訪問介護】北海道旭川市末広３条４丁目２番８号", "url2": "https://www.kaigokensaku.mhlw.go.jp/01/index.php?action_kouhyou_detail_004_kani=true&JigyosyoCd=0172906554-00&ServiceCd=110&Type=search" }, "geometry": { "type": "Point", "coordinates": [ 142.381676414485582, 43.809115824931723 ] } },
{ "type": "Feature", "properties": { "内容": "ヘルパーステーションたすけあい【訪問介護】旭川市東3条5丁目3-3アルト31-110", "url2": "https://www.kaigokensaku.mhlw.go.jp/01/index.php?action_kouhyou_detail_004_kani=true&JigyosyoCd=0172908428-00&ServiceCd=110&Type=search" }, "geometry": { "type": "Point", "coordinates": [ 142.375159530630299, 43.781146534495647 ] } },
{ "type": "Feature", "properties": { "内容": "ヘルパーステーション映陽【訪問介護】北海道旭川市神居３条１８丁目３番８号有料老人ホーム太雅東館", "url2": "https://www.kaigokensaku.mhlw.go.jp/01/index.php?action_kouhyou_detail_004_kani=true&JigyosyoCd=0172908493-00&ServiceCd=110&Type=search" }, "geometry": { "type": "Point", "coordinates": [ 142.3406769, 43.748948 ] } },
{ "type": "Feature", "properties": { "内容": "訪問介護事業所スマイル【訪問介護】北海道旭川市忠和５条７丁目５番１０号ハイツYOUトピア１０６号室", "url2": "https://www.kaigokensaku.mhlw.go.jp/01/index.php?action_kouhyou_detail_004_kani=true&JigyosyoCd=0172908535-00&ServiceCd=110&Type=search" }, "geometry": { "type": "Point", "coordinates": [ 142.3885146, 43.793081300000011 ] } },
{ "type": "Feature", "properties": { "内容": "ヘルパーファイブ【訪問介護】旭川市神楽2条6丁目5番6号庭コーポ101号室", "url2": "https://www.kaigokensaku.mhlw.go.jp/01/index.php?action_kouhyou_detail_004_kani=true&JigyosyoCd=0172908568-00&ServiceCd=110&Type=search" }, "geometry": { "type": "Point", "coordinates": [ 142.35085, 43.7614671 ] } },
{ "type": "Feature", "properties": { "内容": "訪問介護ステーションlifura【訪問介護】北海道旭川市東鷹栖2条4丁目638番地の241", "url2": "https://www.kaigokensaku.mhlw.go.jp/01/index.php?action_kouhyou_detail_004_kani=true&JigyosyoCd=0172908261-00&ServiceCd=110&Type=search" }, "geometry": { "type": "Point", "coordinates": [ 142.4150129, 43.8278198 ] } },
{ "type": "Feature", "properties": { "内容": "訪問介護事業所　兎角【訪問介護】北海道旭川市東光3条4丁目1番2号SK−Ⅴ2F−C", "url2": "https://www.kaigokensaku.mhlw.go.jp/01/index.php?action_kouhyou_detail_004_kani=true&JigyosyoCd=0172908352-00&ServiceCd=110&Type=search" }, "geometry": { "type": "Point", "coordinates": [ 142.399745844784206, 43.753241737714887 ] } },
{ "type": "Feature", "properties": { "内容": "ヘルパーステーション　レミュー【訪問介護】北海道旭川市住吉6条2丁目1-13　住吉5条ハイツ101号", "url2": "https://www.kaigokensaku.mhlw.go.jp/01/index.php?action_kouhyou_detail_004_kani=true&JigyosyoCd=0172908485-00&ServiceCd=110&Type=search" }, "geometry": { "type": "Point", "coordinates": [ 142.3514039, 43.7978757 ] } },
{ "type": "Feature", "properties": { "内容": "訪問介護事業所風まど【訪問介護】旭川市東光旭川市東光11条5丁目１番22号", "url2": "https://www.kaigokensaku.mhlw.go.jp/01/index.php?action_kouhyou_detail_004_kani=true&JigyosyoCd=0172908758-00&ServiceCd=110&Type=search" }, "geometry": { "type": "Point", "coordinates": [ 142.402526, 43.7450915 ] } },
{ "type": "Feature", "properties": { "内容": "ファインリィケア【訪問介護】北海道旭川市永山１０条１２丁目１番１８号", "url2": "https://www.kaigokensaku.mhlw.go.jp/01/index.php?action_kouhyou_detail_004_kani=true&JigyosyoCd=0172905572-00&ServiceCd=110&Type=search" }, "geometry": { "type": "Point", "coordinates": [ 142.429163692634546, 43.793309988895054 ] } },
{ "type": "Feature", "properties": { "内容": "訪問介護事業所クスノキ【訪問介護】北海道旭川市東光１１条２丁目３番２号エスパニアⅣB112", "url2": "https://www.kaigokensaku.mhlw.go.jp/01/index.php?action_kouhyou_detail_004_kani=true&JigyosyoCd=0172908345-00&ServiceCd=110&Type=search" }, "geometry": { "type": "Point", "coordinates": [ 142.392509499999989, 43.7450472 ] } },
{ "type": "Feature", "properties": { "内容": "ヘルパーステーションＥ湯【訪問介護】北海道旭川市豊岡13条6丁目4番8号", "url2": "https://www.kaigokensaku.mhlw.go.jp/01/index.php?action_kouhyou_detail_004_kani=true&JigyosyoCd=0172901100-00&ServiceCd=110&Type=search" }, "geometry": { "type": "Point", "coordinates": [ 142.411302299999988, 43.770907 ] } },
{ "type": "Feature", "properties": { "内容": "訪問介護ステーション春の台【訪問介護】北海道旭川市春光台５条２丁目５番１８号", "url2": "https://www.kaigokensaku.mhlw.go.jp/01/index.php?action_kouhyou_detail_004_kani=true&JigyosyoCd=0172904070-00&ServiceCd=110&Type=search" }, "geometry": { "type": "Point", "coordinates": [ 142.344573299999979, 43.8187461 ] } },
{ "type": "Feature", "properties": { "内容": "訪問介護事業所ほっとライフ【訪問介護】北海道旭川市豊岡4条2丁目5番24号", "url2": "https://www.kaigokensaku.mhlw.go.jp/01/index.php?action_kouhyou_detail_004_kani=true&JigyosyoCd=0172907602-00&ServiceCd=110&Type=search" }, "geometry": { "type": "Point", "coordinates": [ 142.394280710423686, 43.760219688682483 ] } },
{ "type": "Feature", "properties": { "内容": "ヘルパーステーション　まひる【訪問介護】北海道旭川市永山4条13丁目1番14号", "url2": "https://www.kaigokensaku.mhlw.go.jp/01/index.php?action_kouhyou_detail_004_kani=true&JigyosyoCd=0172905739-00&ServiceCd=110&Type=search" }, "geometry": { "type": "Point", "coordinates": [ 142.423383300000069, 43.802115 ] } },
{ "type": "Feature", "properties": { "内容": "訪問介護ステーションまごのて【訪問介護】北海道旭川市東鷹栖東1条4丁目637番地の１０", "url2": "https://www.kaigokensaku.mhlw.go.jp/01/index.php?action_kouhyou_detail_004_kani=true&JigyosyoCd=0172905416-00&ServiceCd=110&Type=search" }, "geometry": { "type": "Point", "coordinates": [ 142.417548464450562, 43.825628628144038 ] } },
{ "type": "Feature", "properties": { "内容": "ヘルパーセンター笑【訪問介護】北海道旭川市永山３条２４丁目２番２号", "url2": "https://www.kaigokensaku.mhlw.go.jp/01/index.php?action_kouhyou_detail_004_kani=true&JigyosyoCd=0172904641-00&ServiceCd=110&Type=search" }, "geometry": { "type": "Point", "coordinates": [ 142.447111486369323, 43.818390650706519 ] } },
{ "type": "Feature", "properties": { "内容": "ロイヤルライフほのぼの在宅介護サービスセンター【訪問介護】北海道旭川市忠和４条６丁目３番２２号住宅型有料老人ホーム　ロイヤルほのぼの", "url2": "https://www.kaigokensaku.mhlw.go.jp/01/index.php?action_kouhyou_detail_004_kani=true&JigyosyoCd=0172904898-00&ServiceCd=110&Type=search" }, "geometry": { "type": "Point", "coordinates": [ 142.323258900000042, 43.7738144 ] } },
{ "type": "Feature", "properties": { "内容": "訪問介護事業所仕合わせの里【訪問介護】北海道旭川市末広７条６丁目１番１６号夕陽の丘仕合わせの里", "url2": "https://www.kaigokensaku.mhlw.go.jp/01/index.php?action_kouhyou_detail_004_kani=true&JigyosyoCd=0172904849-00&ServiceCd=110&Type=search" }, "geometry": { "type": "Point", "coordinates": [ 142.376336551555255, 43.817654476699353 ] } },
{ "type": "Feature", "properties": { "内容": "ヘルパーステーションつむぎ【訪問介護】北海道旭川市豊岡15条7丁目3番18号", "url2": "https://www.kaigokensaku.mhlw.go.jp/01/index.php?action_kouhyou_detail_004_kani=true&JigyosyoCd=0172905036-00&ServiceCd=110&Type=search" }, "geometry": { "type": "Point", "coordinates": [ 142.417185008525848, 43.772382206999794 ] } },
{ "type": "Feature", "properties": { "内容": "訪問介護事業所憩【訪問介護】旭川市6条通18丁目90番地13号シーズン燈", "url2": "https://www.kaigokensaku.mhlw.go.jp/01/index.php?action_kouhyou_detail_004_kani=true&JigyosyoCd=0172903015-00&ServiceCd=110&Type=search" }, "geometry": { "type": "Point", "coordinates": [ 142.377949430688517, 43.76699820000001 ] } },
{ "type": "Feature", "properties": { "内容": "訪問介護事業所アラン【訪問介護】北海道旭川市緑町18丁目3037番地2来夢ハイツ緑町2F", "url2": "https://www.kaigokensaku.mhlw.go.jp/01/index.php?action_kouhyou_detail_004_kani=true&JigyosyoCd=0172907065-00&ServiceCd=110&Type=search" }, "geometry": { "type": "Point", "coordinates": [ 142.329288630118185, 43.789332434409175 ] } },
{ "type": "Feature", "properties": { "内容": "訪問介護事業所えがおの花【訪問介護】北海道旭川市豊岡7条5丁目1番18号ティンカーベル　101号室", "url2": "https://www.kaigokensaku.mhlw.go.jp/01/index.php?action_kouhyou_detail_004_kani=true&JigyosyoCd=0172904245-00&ServiceCd=110&Type=search" }, "geometry": { "type": "Point", "coordinates": [ 142.405171665986813, 43.764241648570717 ] } },
{ "type": "Feature", "properties": { "内容": "ＳＯＭＰＯケア旭川中央訪問介護【訪問介護】北海道旭川市宮下通１３目1200-2", "url2": "https://www.kaigokensaku.mhlw.go.jp/01/index.php?action_kouhyou_detail_004_kani=true&JigyosyoCd=0172907297-00&ServiceCd=110&Type=search" }, "geometry": { "type": "Point", "coordinates": [ 142.366873650358826, 43.762311250437165 ] } },
{ "type": "Feature", "properties": { "内容": "いいね！訪問介護事業所【訪問介護】旭川市4条西7丁目2-24条西ビル3階301", "url2": "https://www.kaigokensaku.mhlw.go.jp/01/index.php?action_kouhyou_detail_004_kani=true&JigyosyoCd=0172908550-00&ServiceCd=110&Type=search" }, "geometry": { "type": "Point", "coordinates": [ 142.341963074740789, 43.774606762297843 ] } },
{ "type": "Feature", "properties": { "内容": "ヘルパーステーション樹【訪問介護】北海道旭川市大町1条15丁目231-165", "url2": "https://www.kaigokensaku.mhlw.go.jp/01/index.php?action_kouhyou_detail_004_kani=true&JigyosyoCd=0172905234-00&ServiceCd=110&Type=search" }, "geometry": { "type": "Point", "coordinates": [ 142.345744500000023, 43.7948125 ] } },
{ "type": "Feature", "properties": { "内容": "ニチイケアセンター亀吉【訪問介護】北海道旭川市亀吉1条3丁目1-10", "url2": "https://www.kaigokensaku.mhlw.go.jp/01/index.php?action_kouhyou_detail_004_kani=true&JigyosyoCd=0172900276-00&ServiceCd=110&Type=search" }, "geometry": { "type": "Point", "coordinates": [ 142.335024500000031, 43.7749618 ] } },
{ "type": "Feature", "properties": { "内容": "合同会社旭川介護センター【訪問介護】北海道旭川市豊岡10条10丁目1番3号", "url2": "https://www.kaigokensaku.mhlw.go.jp/01/index.php?action_kouhyou_detail_004_kani=true&JigyosyoCd=0172904708-00&ServiceCd=110&Type=search" }, "geometry": { "type": "Point", "coordinates": [ 142.422195699999946, 43.7664442 ] } },
{ "type": "Feature", "properties": { "内容": "なな訪問介護【訪問介護】北海道旭川市9条通15丁目24番地", "url2": "https://www.kaigokensaku.mhlw.go.jp/01/index.php?action_kouhyou_detail_004_kani=true&JigyosyoCd=0172908451-00&ServiceCd=110&Type=search" }, "geometry": { "type": "Point", "coordinates": [ 142.375052177246062, 43.771442221252443 ] } },
{ "type": "Feature", "properties": { "内容": "ＳＯＭＰＯケア　室蘭入江　訪問介護【訪問介護】北海道室蘭市入江町1-11ＫＡＺＵ入江ビル　２階", "url2": "https://www.kaigokensaku.mhlw.go.jp/01/index.php?action_kouhyou_detail_004_kani=true&JigyosyoCd=0173502089-00&ServiceCd=110&Type=search" }, "geometry": { "type": "Point", "coordinates": [ 140.973051899999973, 42.3212498 ] } },
{ "type": "Feature", "properties": { "内容": "ＳＯＭＰＯケア　室蘭寿　訪問介護【訪問介護】北海道室蘭市中島町3丁目40-11", "url2": "https://www.kaigokensaku.mhlw.go.jp/01/index.php?action_kouhyou_detail_004_kani=true&JigyosyoCd=0173502097-00&ServiceCd=110&Type=search" }, "geometry": { "type": "Point", "coordinates": [ 141.026048553561509, 42.350737957394621 ] } },
{ "type": "Feature", "properties": { "内容": "ヘルパーステーションこころ【訪問介護】室蘭市白鳥台５丁目１番３号", "url2": "https://www.kaigokensaku.mhlw.go.jp/01/index.php?action_kouhyou_detail_004_kani=true&JigyosyoCd=0173501032-00&ServiceCd=110&Type=search" }, "geometry": { "type": "Point", "coordinates": [ 140.94099540000002, 42.378112 ] } },
{ "type": "Feature", "properties": { "内容": "ニチイケアセンター室蘭たかさご【訪問介護】北海道室蘭市高砂町4丁目32-13", "url2": "https://www.kaigokensaku.mhlw.go.jp/01/index.php?action_kouhyou_detail_004_kani=true&JigyosyoCd=0173500091-00&ServiceCd=110&Type=search" }, "geometry": { "type": "Point", "coordinates": [ 141.035365, 42.370404 ] } },
{ "type": "Feature", "properties": { "内容": "ニチイケアセンター室蘭ふなみ【訪問介護】北海道室蘭市舟見町１丁目６番１号", "url2": "https://www.kaigokensaku.mhlw.go.jp/01/index.php?action_kouhyou_detail_004_kani=true&JigyosyoCd=0173501081-00&ServiceCd=110&Type=search" }, "geometry": { "type": "Point", "coordinates": [ 140.970866099999967, 42.3107752 ] } },
{ "type": "Feature", "properties": { "内容": "介護・福祉ビューロー丸京【訪問介護】北海道室蘭市港南町1丁目29-18", "url2": "https://www.kaigokensaku.mhlw.go.jp/01/index.php?action_kouhyou_detail_004_kani=true&JigyosyoCd=0173501784-00&ServiceCd=110&Type=search" }, "geometry": { "type": "Point", "coordinates": [ 140.9571206, 42.3322449 ] } },
{ "type": "Feature", "properties": { "内容": "勤医協むろらんヘルパーステーション【訪問介護】北海道室蘭市輪西町2丁目3番17号勤医協室蘭診療所（右側）", "url2": "https://www.kaigokensaku.mhlw.go.jp/01/index.php?action_kouhyou_detail_004_kani=true&JigyosyoCd=0173502170-00&ServiceCd=110&Type=search" }, "geometry": { "type": "Point", "coordinates": [ 141.011935423128278, 42.334456477672646 ] } },
{ "type": "Feature", "properties": { "内容": "在宅介護センター泉寿園【訪問介護】室蘭市柏木町38番25号", "url2": "https://www.kaigokensaku.mhlw.go.jp/01/index.php?action_kouhyou_detail_004_kani=true&JigyosyoCd=0173501123-00&ServiceCd=110&Type=search" }, "geometry": { "type": "Point", "coordinates": [ 140.998280799999947, 42.3768384 ] } },
{ "type": "Feature", "properties": { "内容": "特定非営利活動法人　わっく室蘭【訪問介護】室蘭市高砂町1丁目10番17号", "url2": "https://www.kaigokensaku.mhlw.go.jp/01/index.php?action_kouhyou_detail_004_kani=true&JigyosyoCd=0173500208-00&ServiceCd=110&Type=search" }, "geometry": { "type": "Point", "coordinates": [ 141.035207345403677, 42.357401919824554 ] } },
{ "type": "Feature", "properties": { "内容": "訪問介護サービスコスモス愛【訪問介護】室蘭市本輪西町3丁目16番8号", "url2": "https://www.kaigokensaku.mhlw.go.jp/01/index.php?action_kouhyou_detail_004_kani=true&JigyosyoCd=0173500984-00&ServiceCd=110&Type=search" }, "geometry": { "type": "Point", "coordinates": [ 140.981993399999965, 42.3666971 ] } },
{ "type": "Feature", "properties": { "内容": "有限会社高橋介護サービス【訪問介護】北海道室蘭市白鳥台１－３０－９", "url2": "https://www.kaigokensaku.mhlw.go.jp/01/index.php?action_kouhyou_detail_004_kani=true&JigyosyoCd=0173500240-00&ServiceCd=110&Type=search" }, "geometry": { "type": "Point", "coordinates": [ 140.93607929999996, 42.3713987 ] } },
{ "type": "Feature", "properties": { "内容": "介護サービス　秀楽園【訪問介護】北海道室蘭市宮の森町4丁目2番8号", "url2": "https://www.kaigokensaku.mhlw.go.jp/01/index.php?action_kouhyou_detail_004_kani=true&JigyosyoCd=0173501537-00&ServiceCd=110&Type=search" }, "geometry": { "type": "Point", "coordinates": [ 141.02637720000007, 42.352016 ] } },
{ "type": "Feature", "properties": { "内容": "ミヤロcarecenterinBlossom【訪問介護】北海道室蘭市沢町8番19号", "url2": "https://www.kaigokensaku.mhlw.go.jp/01/index.php?action_kouhyou_detail_004_kani=true&JigyosyoCd=0173502220-00&ServiceCd=110&Type=search" }, "geometry": { "type": "Point", "coordinates": [ 140.966519618645776, 42.322869695130002 ] } },
{ "type": "Feature", "properties": { "内容": "訪問介護事業所　ひまわり【訪問介護】北海道室蘭市寿町１－１９－１４", "url2": "https://www.kaigokensaku.mhlw.go.jp/01/index.php?action_kouhyou_detail_004_kani=true&JigyosyoCd=0173501974-00&ServiceCd=110&Type=search" }, "geometry": { "type": "Point", "coordinates": [ 141.028818799999954, 42.3495384 ] } },
{ "type": "Feature", "properties": { "内容": "特定非営利活動法人サポート室蘭【訪問介護】北海道室蘭市輪西町２丁目１２番１５号", "url2": "https://www.kaigokensaku.mhlw.go.jp/01/index.php?action_kouhyou_detail_004_kani=true&JigyosyoCd=0173501115-00&ServiceCd=110&Type=search" }, "geometry": { "type": "Point", "coordinates": [ 141.014184200000045, 42.3345639 ] } },
{ "type": "Feature", "properties": { "内容": "inhomecare実【訪問介護】北海道室蘭市母恋南町5丁目11ー15", "url2": "https://www.kaigokensaku.mhlw.go.jp/01/index.php?action_kouhyou_detail_004_kani=true&JigyosyoCd=0173502311-00&ServiceCd=110&Type=search" }, "geometry": { "type": "Point", "coordinates": [ 140.9952372, 42.3092464 ] } },
{ "type": "Feature", "properties": { "内容": "ヘルパーステーションこまば【訪問介護】北海道釧路市駒場町３番２９号", "url2": "https://www.kaigokensaku.mhlw.go.jp/01/index.php?action_kouhyou_detail_004_kani=true&JigyosyoCd=0174142109-00&ServiceCd=110&Type=search" }, "geometry": { "type": "Point", "coordinates": [ 144.367397267017481, 43.00017238186291 ] } },
{ "type": "Feature", "properties": { "内容": "ヘルパーステーションぽかぽか【訪問介護】北海道釧路市新橋大通1丁目2-20釧路農協ビル4F", "url2": "https://www.kaigokensaku.mhlw.go.jp/01/index.php?action_kouhyou_detail_004_kani=true&JigyosyoCd=0174142711-00&ServiceCd=110&Type=search" }, "geometry": { "type": "Point", "coordinates": [ 144.378221200000013, 43.002208 ] } },
{ "type": "Feature", "properties": { "内容": "ヘルパーセンターONE【訪問介護】北海道釧路市貝塚2丁目16番34号", "url2": "https://www.kaigokensaku.mhlw.go.jp/01/index.php?action_kouhyou_detail_004_kani=true&JigyosyoCd=0174142521-00&ServiceCd=110&Type=search" }, "geometry": { "type": "Point", "coordinates": [ 144.417226, 42.991369 ] } },
{ "type": "Feature", "properties": { "内容": "太陽自動車株式会社釧路交通介護サービス【訪問介護】北海道釧路市星が浦大通５丁目５番４９号", "url2": "https://www.kaigokensaku.mhlw.go.jp/01/index.php?action_kouhyou_detail_004_kani=true&JigyosyoCd=0174142851-00&ServiceCd=110&Type=search" }, "geometry": { "type": "Point", "coordinates": [ 144.306466199999988, 43.0147563 ] } },
{ "type": "Feature", "properties": { "内容": "ヘルパーステーションコクア【訪問介護】北海道釧路市新富士町5-3-17", "url2": "https://www.kaigokensaku.mhlw.go.jp/01/index.php?action_kouhyou_detail_004_kani=true&JigyosyoCd=0174142570-00&ServiceCd=110&Type=search" }, "geometry": { "type": "Point", "coordinates": [ 144.34305928958193, 43.007098482841101 ] } },
{ "type": "Feature", "properties": { "内容": "ヘルパーステーシヨン・ケア・プロセス釧路【訪問介護】北海道釧路市若松町2-16釧路グランドビル1階", "url2": "https://www.kaigokensaku.mhlw.go.jp/01/index.php?action_kouhyou_detail_004_kani=true&JigyosyoCd=0174101501-00&ServiceCd=110&Type=search" }, "geometry": { "type": "Point", "coordinates": [ 144.3859326, 42.9904764 ] } },
{ "type": "Feature", "properties": { "内容": "介護タクシーらぐぅ【訪問介護】北海道釧路市駒場町6番24号", "url2": "https://www.kaigokensaku.mhlw.go.jp/01/index.php?action_kouhyou_detail_004_kani=true&JigyosyoCd=0174142885-00&ServiceCd=110&Type=search" }, "geometry": { "type": "Point", "coordinates": [ 144.369014860713207, 43.000803178846418 ] } },
{ "type": "Feature", "properties": { "内容": "介護福祉サポートいまい【訪問介護】北海道釧路市新富士町2丁目3番4号", "url2": "https://www.kaigokensaku.mhlw.go.jp/01/index.php?action_kouhyou_detail_004_kani=true&JigyosyoCd=0174102038-00&ServiceCd=110&Type=search" }, "geometry": { "type": "Point", "coordinates": [ 144.354822928523731, 43.001561297875007 ] } },
{ "type": "Feature", "properties": { "内容": "ヘルパーセンターティーダ【訪問介護】北海道釧路市紫雲台2番31号", "url2": "https://www.kaigokensaku.mhlw.go.jp/01/index.php?action_kouhyou_detail_004_kani=true&JigyosyoCd=0174142968-00&ServiceCd=110&Type=search" }, "geometry": { "type": "Point", "coordinates": [ 144.3973531, 42.9641567 ] } },
{ "type": "Feature", "properties": { "内容": "ヘルパーステーションわたすげ【訪問介護】北海道釧路市共栄大通4丁目2番7号", "url2": "https://www.kaigokensaku.mhlw.go.jp/01/index.php?action_kouhyou_detail_004_kani=true&JigyosyoCd=0174142786-00&ServiceCd=110&Type=search" }, "geometry": { "type": "Point", "coordinates": [ 144.3800137, 42.9960849 ] } },
{ "type": "Feature", "properties": { "内容": "GS桜【訪問介護】北海道釧路市大楽毛三線１８２番地の25", "url2": "https://www.kaigokensaku.mhlw.go.jp/01/index.php?action_kouhyou_detail_004_kani=true&JigyosyoCd=0174142802-00&ServiceCd=110&Type=search" }, "geometry": { "type": "Point", "coordinates": [ 144.258967122177438, 43.011232566325759 ] } },
{ "type": "Feature", "properties": { "内容": "ＳＯＭＰＯケア　釧路春採　訪問介護【訪問介護】北海道釧路市春採４丁目２９番１６号", "url2": "https://www.kaigokensaku.mhlw.go.jp/01/index.php?action_kouhyou_detail_004_kani=true&JigyosyoCd=0174142422-00&ServiceCd=110&Type=search" }, "geometry": { "type": "Point", "coordinates": [ 144.409469800000011, 42.9649162 ] } },
{ "type": "Feature", "properties": { "内容": "ＳＯＭＰＯケア　釧路愛国　訪問介護【訪問介護】北海道釧路市愛国東３丁目1-3今野貸事務所Ａ・Ｂ号", "url2": "https://www.kaigokensaku.mhlw.go.jp/01/index.php?action_kouhyou_detail_004_kani=true&JigyosyoCd=0174142430-00&ServiceCd=110&Type=search" }, "geometry": { "type": "Point", "coordinates": [ 144.388506900000039, 43.0069796 ] } },
{ "type": "Feature", "properties": { "内容": "アースサポート釧路【訪問介護】北海道釧路市新富町9番21号", "url2": "https://www.kaigokensaku.mhlw.go.jp/01/index.php?action_kouhyou_detail_004_kani=true&JigyosyoCd=0174101584-00&ServiceCd=110&Type=search" }, "geometry": { "type": "Point", "coordinates": [ 144.391899942497275, 42.992456643111858 ] } },
{ "type": "Feature", "properties": { "内容": "みらいヘルパーセンター【訪問介護】北海道釧路市武佐1丁目44番-2", "url2": "https://www.kaigokensaku.mhlw.go.jp/01/index.php?action_kouhyou_detail_004_kani=true&JigyosyoCd=0174102046-00&ServiceCd=110&Type=search" }, "geometry": { "type": "Point", "coordinates": [ 144.4294668, 42.9753577 ] } },
{ "type": "Feature", "properties": { "内容": "あさひ会ヘルパーステーション【訪問介護】北海道釧路市昭和中央５丁目２９番２３号みのるの家内事務所１階", "url2": "https://www.kaigokensaku.mhlw.go.jp/01/index.php?action_kouhyou_detail_004_kani=true&JigyosyoCd=0174101907-00&ServiceCd=110&Type=search" }, "geometry": { "type": "Point", "coordinates": [ 144.358842399999958, 43.028502 ] } },
{ "type": "Feature", "properties": { "内容": "あいけあ釧路ヘルパーセンター【訪問介護】北海道釧路市大川町7番10号", "url2": "https://www.kaigokensaku.mhlw.go.jp/01/index.php?action_kouhyou_detail_004_kani=true&JigyosyoCd=0174100958-00&ServiceCd=110&Type=search" }, "geometry": { "type": "Point", "coordinates": [ 144.391968499999962, 42.9817938 ] } },
{ "type": "Feature", "properties": { "内容": "ヘルパーステーションいっ歩【訪問介護】北海道釧路市住吉2丁目9番8号", "url2": "https://www.kaigokensaku.mhlw.go.jp/01/index.php?action_kouhyou_detail_004_kani=true&JigyosyoCd=0174142075-00&ServiceCd=110&Type=search" }, "geometry": { "type": "Point", "coordinates": [ 144.394376380356533, 42.979809014478306 ] } },
{ "type": "Feature", "properties": { "内容": "いちごケアセンター【訪問介護】北海道釧路市益浦２丁目２２番１６号", "url2": "https://www.kaigokensaku.mhlw.go.jp/01/index.php?action_kouhyou_detail_004_kani=true&JigyosyoCd=0174102103-00&ServiceCd=110&Type=search" }, "geometry": { "type": "Point", "coordinates": [ 144.413505569311496, 42.965398386467847 ] } },
{ "type": "Feature", "properties": { "内容": "介護センターえくぼ【訪問介護】北海道釧路市双葉町８番21号", "url2": "https://www.kaigokensaku.mhlw.go.jp/01/index.php?action_kouhyou_detail_004_kani=true&JigyosyoCd=0174101626-00&ServiceCd=110&Type=search" }, "geometry": { "type": "Point", "coordinates": [ 144.386595623773246, 42.996222702270771 ] } },
{ "type": "Feature", "properties": { "内容": "ヘルパーステーションクプナ【訪問介護】北海道釧路市昭和南5丁目5番8号", "url2": "https://www.kaigokensaku.mhlw.go.jp/01/index.php?action_kouhyou_detail_004_kani=true&JigyosyoCd=0174142026-00&ServiceCd=110&Type=search" }, "geometry": { "type": "Point", "coordinates": [ 144.347681190772619, 43.021633371330545 ] } },
{ "type": "Feature", "properties": { "内容": "そんぐケアセンター【訪問介護】北海道釧路市鳥取大通５丁目６番１０号", "url2": "https://www.kaigokensaku.mhlw.go.jp/01/index.php?action_kouhyou_detail_004_kani=true&JigyosyoCd=0174100339-00&ServiceCd=110&Type=search" }, "geometry": { "type": "Point", "coordinates": [ 144.345947656097451, 43.015996938035663 ] } },
{ "type": "Feature", "properties": { "内容": "訪問介護　ドナルド【訪問介護】北海道釧路市入舟四丁目1番1号HOKUBUビル１階", "url2": "https://www.kaigokensaku.mhlw.go.jp/01/index.php?action_kouhyou_detail_004_kani=true&JigyosyoCd=0174100586-00&ServiceCd=110&Type=search" }, "geometry": { "type": "Point", "coordinates": [ 144.380572698503101, 42.979591004011759 ] } },
{ "type": "Feature", "properties": { "内容": "ニチイケアセンターくしろ【訪問介護】北海道釧路市文苑４丁目６６番１５号", "url2": "https://www.kaigokensaku.mhlw.go.jp/01/index.php?action_kouhyou_detail_004_kani=true&JigyosyoCd=0174100016-00&ServiceCd=110&Type=search" }, "geometry": { "type": "Point", "coordinates": [ 144.395888499999955, 43.0220593 ] } },
{ "type": "Feature", "properties": { "内容": "ニチイケアセンター　ひぶな【訪問介護】北海道釧路市武佐１丁目４０番２８号", "url2": "https://www.kaigokensaku.mhlw.go.jp/01/index.php?action_kouhyou_detail_004_kani=true&JigyosyoCd=0174100263-00&ServiceCd=110&Type=search" }, "geometry": { "type": "Point", "coordinates": [ 144.429289400000016, 42.977363 ] } },
{ "type": "Feature", "properties": { "内容": "ニチイケアセンター星が浦【訪問介護】北海道釧路市星が浦大通３丁目１番４号", "url2": "https://www.kaigokensaku.mhlw.go.jp/01/index.php?action_kouhyou_detail_004_kani=true&JigyosyoCd=0174101550-00&ServiceCd=110&Type=search" }, "geometry": { "type": "Point", "coordinates": [ 144.318980499999952, 43.0125859 ] } },
{ "type": "Feature", "properties": { "内容": "ニチイケアセンター釧路昭和【訪問介護】北海道釧路市昭和中央6-31-18", "url2": "https://www.kaigokensaku.mhlw.go.jp/01/index.php?action_kouhyou_detail_004_kani=true&JigyosyoCd=0174142505-00&ServiceCd=110&Type=search" }, "geometry": { "type": "Point", "coordinates": [ 144.3550383, 43.0303713 ] } },
{ "type": "Feature", "properties": { "内容": "指定訪問介護事業所　株式会社ハートピア【訪問介護】釧路市大楽毛５丁目１番１６号", "url2": "https://www.kaigokensaku.mhlw.go.jp/01/index.php?action_kouhyou_detail_004_kani=true&JigyosyoCd=0174100578-00&ServiceCd=110&Type=search" }, "geometry": { "type": "Point", "coordinates": [ 144.271324099999987, 43.0094471 ] } },
{ "type": "Feature", "properties": { "内容": "みなみケアサービスセンター【訪問介護】北海道釧路市新富町8-16パッションハイツ1-A", "url2": "https://www.kaigokensaku.mhlw.go.jp/01/index.php?action_kouhyou_detail_004_kani=true&JigyosyoCd=0174102087-00&ServiceCd=110&Type=search" }, "geometry": { "type": "Point", "coordinates": [ 144.39076840000007, 42.9916759 ] } },
{ "type": "Feature", "properties": { "内容": "訪問介護事業所　みなみな【訪問介護】釧路市双葉町10-22住宅型有料老人ホーム　うらら内", "url2": "https://www.kaigokensaku.mhlw.go.jp/01/index.php?action_kouhyou_detail_004_kani=true&JigyosyoCd=0174142042-00&ServiceCd=110&Type=search" }, "geometry": { "type": "Point", "coordinates": [ 144.367897399999947, 43.0160841 ] } },
{ "type": "Feature", "properties": { "内容": "株式会社　介護サービスこころ【訪問介護】釧路市若竹町8番20号", "url2": "https://www.kaigokensaku.mhlw.go.jp/01/index.php?action_kouhyou_detail_004_kani=true&JigyosyoCd=0174101246-00&ServiceCd=110&Type=search" }, "geometry": { "type": "Point", "coordinates": [ 144.3745669, 42.9994442 ] } },
{ "type": "Feature", "properties": { "内容": "訪問介護メルシー【訪問介護】北海道釧路市幸町13丁目2番地の5", "url2": "https://www.kaigokensaku.mhlw.go.jp/01/index.php?action_kouhyou_detail_004_kani=true&JigyosyoCd=0174142299-00&ServiceCd=110&Type=search" }, "geometry": { "type": "Point", "coordinates": [ 144.378666899999985, 42.9886538 ] } },
{ "type": "Feature", "properties": { "内容": "介護サービスあゆち星が浦【訪問介護】北海道釧路市星が浦大通1丁目8番30号あゆち星が浦", "url2": "https://www.kaigokensaku.mhlw.go.jp/01/index.php?action_kouhyou_detail_004_kani=true&JigyosyoCd=0174142018-00&ServiceCd=110&Type=search" }, "geometry": { "type": "Point", "coordinates": [ 144.326250049073792, 43.017929354999723 ] } },
{ "type": "Feature", "properties": { "内容": "咲笑ケアサービス【訪問介護】北海道釧路市東川町12番3号", "url2": "https://www.kaigokensaku.mhlw.go.jp/01/index.php?action_kouhyou_detail_004_kani=true&JigyosyoCd=0174101733-00&ServiceCd=110&Type=search" }, "geometry": { "type": "Point", "coordinates": [ 144.374143355819712, 43.011379016510766 ] } },
{ "type": "Feature", "properties": { "内容": "ヘルパーステーション優輪【訪問介護】北海道釧路市住吉２丁目１０番５号ハーバーシティ住吉103号室", "url2": "https://www.kaigokensaku.mhlw.go.jp/01/index.php?action_kouhyou_detail_004_kani=true&JigyosyoCd=0174142083-00&ServiceCd=110&Type=search" }, "geometry": { "type": "Point", "coordinates": [ 144.393792452166991, 42.980008257350917 ] } },
{ "type": "Feature", "properties": { "内容": "釧路市音別町指定訪問介護事業所【訪問介護】釧路市音別町中園2丁目119番地1音別町福祉保健センター", "url2": "https://www.kaigokensaku.mhlw.go.jp/01/index.php?action_kouhyou_detail_004_kani=true&JigyosyoCd=0174100784-00&ServiceCd=110&Type=search" }, "geometry": { "type": "Point", "coordinates": [ 143.9303721, 42.8934439 ] } },
{ "type": "Feature", "properties": { "内容": "訪問介護サービスぱるむ【訪問介護】北海道釧路市鳥取南8丁目４番８号", "url2": "https://www.kaigokensaku.mhlw.go.jp/01/index.php?action_kouhyou_detail_004_kani=true&JigyosyoCd=0174142612-00&ServiceCd=110&Type=search" }, "geometry": { "type": "Point", "coordinates": [ 144.333740300000017, 43.0132605 ] } },
{ "type": "Feature", "properties": { "内容": "介護サービスまーぶる【訪問介護】北海道釧路市春採7丁目29番3号", "url2": "https://www.kaigokensaku.mhlw.go.jp/01/index.php?action_kouhyou_detail_004_kani=true&JigyosyoCd=0174142166-00&ServiceCd=110&Type=search" }, "geometry": { "type": "Point", "coordinates": [ 144.421179100000018, 42.9763546 ] } },
{ "type": "Feature", "properties": { "内容": "コールサポート笑家【訪問介護】北海道釧路市昭和中央5-29-20サニーコーポ２　103号室", "url2": "https://www.kaigokensaku.mhlw.go.jp/01/index.php?action_kouhyou_detail_004_kani=true&JigyosyoCd=0174142158-00&ServiceCd=110&Type=search" }, "geometry": { "type": "Point", "coordinates": [ 144.359225432540825, 43.028838414463216 ] } },
{ "type": "Feature", "properties": { "内容": "ヘルパーステーションはまなす【訪問介護】北海道釧路市星が浦大通３丁目９番２６号", "url2": "https://www.kaigokensaku.mhlw.go.jp/01/index.php?action_kouhyou_detail_004_kani=true&JigyosyoCd=0174100628-00&ServiceCd=110&Type=search" }, "geometry": { "type": "Point", "coordinates": [ 144.315604690737899, 43.01677077807733 ] } },
{ "type": "Feature", "properties": { "内容": "道東勤医協ヘルパーステーションすこやか【訪問介護】釧路市治水町2番2号サービス付き高齢者住宅すずらん内", "url2": "https://www.kaigokensaku.mhlw.go.jp/01/index.php?action_kouhyou_detail_004_kani=true&JigyosyoCd=0174100503-00&ServiceCd=110&Type=search" }, "geometry": { "type": "Point", "coordinates": [ 144.371539344319189, 43.007484204842974 ] } },
{ "type": "Feature", "properties": { "内容": "在宅サービス釧路鶴ケ岱啓生園ホームヘルパーステイション【訪問介護】北海道釧路市鶴ケ岱２丁目２番５号", "url2": "https://www.kaigokensaku.mhlw.go.jp/01/index.php?action_kouhyou_detail_004_kani=true&JigyosyoCd=0174100099-00&ServiceCd=110&Type=search" }, "geometry": { "type": "Point", "coordinates": [ 144.401856400000042, 42.9772672 ] } },
{ "type": "Feature", "properties": { "内容": "在宅サービス釧路昭和啓生園ホームヘルパーステーション【訪問介護】釧路市昭和南5丁目２３番１号", "url2": "https://www.kaigokensaku.mhlw.go.jp/01/index.php?action_kouhyou_detail_004_kani=true&JigyosyoCd=0174100107-00&ServiceCd=110&Type=search" }, "geometry": { "type": "Point", "coordinates": [ 144.351890499999968, 43.0220553 ] } },
{ "type": "Feature", "properties": { "内容": "釧路市社会福祉協議会訪問介護事業所【訪問介護】釧路市旭町１２番３号釧路市総合福祉センター内", "url2": "https://www.kaigokensaku.mhlw.go.jp/01/index.php?action_kouhyou_detail_004_kani=true&JigyosyoCd=0174100818-00&ServiceCd=110&Type=search" }, "geometry": { "type": "Point", "coordinates": [ 144.39106019999997, 42.9852739 ] } },
{ "type": "Feature", "properties": { "内容": "はるとりの里ホームヘルパーステーション【訪問介護】釧路市春採７丁目９番７号", "url2": "https://www.kaigokensaku.mhlw.go.jp/01/index.php?action_kouhyou_detail_004_kani=true&JigyosyoCd=0174100131-00&ServiceCd=110&Type=search" }, "geometry": { "type": "Point", "coordinates": [ 144.418779299999983, 42.9781292 ] } },
{ "type": "Feature", "properties": { "内容": "のんき家ホームヘルプサービス【訪問介護】北海道釧路市星が浦大通3丁目7番22号", "url2": "https://www.kaigokensaku.mhlw.go.jp/01/index.php?action_kouhyou_detail_004_kani=true&JigyosyoCd=0174102129-00&ServiceCd=110&Type=search" }, "geometry": { "type": "Point", "coordinates": [ 144.312790782664479, 43.016460889062607 ] } },
{ "type": "Feature", "properties": { "内容": "ヘルパーステーション歩々【訪問介護】北海道釧路市昭和中央６丁目２０番１号", "url2": "https://www.kaigokensaku.mhlw.go.jp/01/index.php?action_kouhyou_detail_004_kani=true&JigyosyoCd=0174100941-00&ServiceCd=110&Type=search" }, "geometry": { "type": "Point", "coordinates": [ 144.352843600000028, 43.0283459 ] } },
{ "type": "Feature", "properties": { "内容": "ヘルパーステーションみつばち【訪問介護】北海道釧路市鶴野東5丁目5番21号", "url2": "https://www.kaigokensaku.mhlw.go.jp/01/index.php?action_kouhyou_detail_004_kani=true&JigyosyoCd=0174102160-00&ServiceCd=110&Type=search" }, "geometry": { "type": "Point", "coordinates": [ 144.325664885144079, 43.023170402218426 ] } },
{ "type": "Feature", "properties": { "内容": "ヘルパーステーション入江【訪問介護】北海道釧路市中島町13－22パークコート中島町1－3号室", "url2": "https://www.kaigokensaku.mhlw.go.jp/01/index.php?action_kouhyou_detail_004_kani=true&JigyosyoCd=0174102152-00&ServiceCd=110&Type=search" }, "geometry": { "type": "Point", "coordinates": [ 144.390354214528543, 42.99869345139404 ] } },
{ "type": "Feature", "properties": { "内容": "訪問介護事業所鶴の園【訪問介護】北海道釧路市阿寒町富士見２丁目５番３９号ライフステージ鶴の園", "url2": "https://www.kaigokensaku.mhlw.go.jp/01/index.php?action_kouhyou_detail_004_kani=true&JigyosyoCd=0174300160-00&ServiceCd=110&Type=search" }, "geometry": { "type": "Point", "coordinates": [ 144.12079140000003, 43.106590200000014 ] } },
{ "type": "Feature", "properties": { "内容": "訪問介護のみかん【訪問介護】釧路市緑ヶ岡５丁目１４番２７号", "url2": "https://www.kaigokensaku.mhlw.go.jp/01/index.php?action_kouhyou_detail_004_kani=true&JigyosyoCd=0174142778-00&ServiceCd=110&Type=search" }, "geometry": { "type": "Point", "coordinates": [ 144.414481200000012, 42.9833624 ] } },
{ "type": "Feature", "properties": { "内容": "ヘルパーステーションりん【訪問介護】北海道釧路市宝町10番4号", "url2": "https://www.kaigokensaku.mhlw.go.jp/01/index.php?action_kouhyou_detail_004_kani=true&JigyosyoCd=0174142794-00&ServiceCd=110&Type=search" }, "geometry": { "type": "Point", "coordinates": [ 144.3683475, 42.9948418 ] } },
{ "type": "Feature", "properties": { "内容": "合同会社千寿【訪問介護】北海道釧路市鳥取北5丁目2番5号", "url2": "https://www.kaigokensaku.mhlw.go.jp/01/index.php?action_kouhyou_detail_004_kani=true&JigyosyoCd=0174142646-00&ServiceCd=110&Type=search" }, "geometry": { "type": "Point", "coordinates": [ 144.347557599999988, 43.0161038 ] } },
{ "type": "Feature", "properties": { "内容": "たんぽぽの家企業組合たんぽぽの家ヘルパーステーション【訪問介護】北海道釧路市桜ヶ岡６丁目１６番１４号なし", "url2": "https://www.kaigokensaku.mhlw.go.jp/01/index.php?action_kouhyou_detail_004_kani=true&JigyosyoCd=0174100735-00&ServiceCd=110&Type=search" }, "geometry": { "type": "Point", "coordinates": [ 144.4344601, 42.964593 ] } },
{ "type": "Feature", "properties": { "内容": "株式会社　ダイチサポート【訪問介護】北海道釧路市貝塚２丁目１５番７号", "url2": "https://www.kaigokensaku.mhlw.go.jp/01/index.php?action_kouhyou_detail_004_kani=true&JigyosyoCd=0174101592-00&ServiceCd=110&Type=search" }, "geometry": { "type": "Point", "coordinates": [ 144.416043100000024, 42.9922579 ] } },
{ "type": "Feature", "properties": { "内容": "ヘルパーステーションはるあゆか【訪問介護】北海道釧路市住之江町8番4号", "url2": "https://www.kaigokensaku.mhlw.go.jp/01/index.php?action_kouhyou_detail_004_kani=true&JigyosyoCd=0174142729-00&ServiceCd=110&Type=search" }, "geometry": { "type": "Point", "coordinates": [ 144.370723815725228, 43.003729905937853 ] } },
{ "type": "Feature", "properties": { "内容": "訪問介護事業所八【訪問介護】釧路市昭和中央１丁目30番18号", "url2": "https://www.kaigokensaku.mhlw.go.jp/01/index.php?action_kouhyou_detail_004_kani=true&JigyosyoCd=0174142976-00&ServiceCd=110&Type=search" }, "geometry": { "type": "Point", "coordinates": [ 144.369779599999987, 43.0212752 ] } },
{ "type": "Feature", "properties": { "内容": "訪問介護事業所　あっとほ～む【訪問介護】北海道帯広市東１条南１７丁目３番地１", "url2": "https://www.kaigokensaku.mhlw.go.jp/01/index.php?action_kouhyou_detail_004_kani=true&JigyosyoCd=0174601708-00&ServiceCd=110&Type=search" }, "geometry": { "type": "Point", "coordinates": [ 143.207994, 42.913337 ] } },
{ "type": "Feature", "properties": { "内容": "合同会社ふらっとらいふ【訪問介護】北海道帯広市西十二条北５丁目２番地３２ノースインA　１０１号室", "url2": "https://www.kaigokensaku.mhlw.go.jp/01/index.php?action_kouhyou_detail_004_kani=true&JigyosyoCd=0174602896-00&ServiceCd=110&Type=search" }, "geometry": { "type": "Point", "coordinates": [ 143.183252399999986, 42.9364317 ] } },
{ "type": "Feature", "properties": { "内容": "スマートテンダー訪問介護事業所【訪問介護】北海道帯広市東6条南11丁目2‐3", "url2": "https://www.kaigokensaku.mhlw.go.jp/01/index.php?action_kouhyou_detail_004_kani=true&JigyosyoCd=0174602672-00&ServiceCd=110&Type=search" }, "geometry": { "type": "Point", "coordinates": [ 143.215768626397704, 42.920756266472274 ] } },
{ "type": "Feature", "properties": { "内容": "訪問介護事業所みるみるみちる【訪問介護】北海道帯広市清流東２丁目１５－１３", "url2": "https://www.kaigokensaku.mhlw.go.jp/01/index.php?action_kouhyou_detail_004_kani=true&JigyosyoCd=0174602573-00&ServiceCd=110&Type=search" }, "geometry": { "type": "Point", "coordinates": [ 143.1947475, 42.8724803 ] } },
{ "type": "Feature", "properties": { "内容": "ヘルパーステーション　すてっぷ【訪問介護】帯広市稲田町基線2番地1介護老人保健施設かけはし1階", "url2": "https://www.kaigokensaku.mhlw.go.jp/01/index.php?action_kouhyou_detail_004_kani=true&JigyosyoCd=0114613078-00&ServiceCd=110&Type=search" }, "geometry": { "type": "Point", "coordinates": [ 143.192154745260638, 42.885383199297472 ] } },
{ "type": "Feature", "properties": { "内容": "訪問介護事業所　木もれび【訪問介護】北海道帯広市西１７条北２丁目37-8", "url2": "https://www.kaigokensaku.mhlw.go.jp/01/index.php?action_kouhyou_detail_004_kani=true&JigyosyoCd=0164690109-00&ServiceCd=110&Type=search" }, "geometry": { "type": "Point", "coordinates": [ 143.165813393254126, 42.934499145066781 ] } },
{ "type": "Feature", "properties": { "内容": "ＳＯＭＰＯケア帯広南訪問介護【訪問介護】北海道帯広市西5条南34丁目29番地4", "url2": "https://www.kaigokensaku.mhlw.go.jp/01/index.php?action_kouhyou_detail_004_kani=true&JigyosyoCd=0174602524-00&ServiceCd=110&Type=search" }, "geometry": { "type": "Point", "coordinates": [ 143.201067800000033, 42.8926724 ] } },
{ "type": "Feature", "properties": { "内容": "アースサポート帯広【訪問介護】北海道帯広市東７条南１4丁目１番地１３", "url2": "https://www.kaigokensaku.mhlw.go.jp/01/index.php?action_kouhyou_detail_004_kani=true&JigyosyoCd=0174601401-00&ServiceCd=110&Type=search" }, "geometry": { "type": "Point", "coordinates": [ 143.216598500000032, 42.9156539 ] } },
{ "type": "Feature", "properties": { "内容": "おびひろ２４【訪問介護】北海道帯広市東二条南9-2", "url2": "https://www.kaigokensaku.mhlw.go.jp/01/index.php?action_kouhyou_detail_004_kani=true&JigyosyoCd=0174602284-00&ServiceCd=110&Type=search" }, "geometry": { "type": "Point", "coordinates": [ 143.20906279999997, 42.9228748 ] } },
{ "type": "Feature", "properties": { "内容": "介護ステーションしらゆり【訪問介護】北海道帯広市東4条南23丁目4番地有料老人ホームしらゆり", "url2": "https://www.kaigokensaku.mhlw.go.jp/01/index.php?action_kouhyou_detail_004_kani=true&JigyosyoCd=0174601666-00&ServiceCd=110&Type=search" }, "geometry": { "type": "Point", "coordinates": [ 143.214504799999986, 42.9061744 ] } },
{ "type": "Feature", "properties": { "内容": "訪問介護サービスはなえみ【訪問介護】北海道帯広市東9条南19丁目4番地3", "url2": "https://www.kaigokensaku.mhlw.go.jp/01/index.php?action_kouhyou_detail_004_kani=true&JigyosyoCd=0174600304-00&ServiceCd=110&Type=search" }, "geometry": { "type": "Point", "coordinates": [ 143.221651100000031, 42.9113964 ] } },
{ "type": "Feature", "properties": { "内容": "訪問介護サービスあゆみ【訪問介護】北海道帯広市西16条南1丁目24-16", "url2": "https://www.kaigokensaku.mhlw.go.jp/01/index.php?action_kouhyou_detail_004_kani=true&JigyosyoCd=0174601203-00&ServiceCd=110&Type=search" }, "geometry": { "type": "Point", "coordinates": [ 143.173235002563842, 42.929308851348601 ] } },
{ "type": "Feature", "properties": { "内容": "ニチイケアセンター帯広東【訪問介護】北海道帯広市東4条南21丁目4-15", "url2": "https://www.kaigokensaku.mhlw.go.jp/01/index.php?action_kouhyou_detail_004_kani=true&JigyosyoCd=0174600320-00&ServiceCd=110&Type=search" }, "geometry": { "type": "Point", "coordinates": [ 143.214382500000056, 42.9082936 ] } },
{ "type": "Feature", "properties": { "内容": "ニチイケアセンターみなみの森【訪問介護】北海道帯広市南の森西1丁目5-9", "url2": "https://www.kaigokensaku.mhlw.go.jp/01/index.php?action_kouhyou_detail_004_kani=true&JigyosyoCd=0174601377-00&ServiceCd=110&Type=search" }, "geometry": { "type": "Point", "coordinates": [ 143.17275159999997, 42.8833915 ] } },
{ "type": "Feature", "properties": { "内容": "訪問介護事業所　ニューライフたんぽぽ【訪問介護】帯広市東２条南７丁目１番地サンパークビル１Ｆ", "url2": "https://www.kaigokensaku.mhlw.go.jp/01/index.php?action_kouhyou_detail_004_kani=true&JigyosyoCd=0174600627-00&ServiceCd=110&Type=search" }, "geometry": { "type": "Point", "coordinates": [ 143.207618701188721, 42.925071144123073 ] } },
{ "type": "Feature", "properties": { "内容": "ヘルパーステーションはるす【訪問介護】北海道帯広市西１２条北２丁目３番地１５号はるすのお家とかち", "url2": "https://www.kaigokensaku.mhlw.go.jp/01/index.php?action_kouhyou_detail_004_kani=true&JigyosyoCd=0174602300-00&ServiceCd=110&Type=search" }, "geometry": { "type": "Point", "coordinates": [ 143.185686220237699, 42.932322369333001 ] } },
{ "type": "Feature", "properties": { "内容": "まりも介護タクシー【訪問介護】北海道帯広市大通南17丁目12番地", "url2": "https://www.kaigokensaku.mhlw.go.jp/01/index.php?action_kouhyou_detail_004_kani=true&JigyosyoCd=0174600759-00&ServiceCd=110&Type=search" }, "geometry": { "type": "Point", "coordinates": [ 143.206988499999966, 42.9129176 ] } },
{ "type": "Feature", "properties": { "内容": "ヘルパーステーションらいぱる【訪問介護】帯広市東2条南16丁目11番地1", "url2": "https://www.kaigokensaku.mhlw.go.jp/01/index.php?action_kouhyou_detail_004_kani=true&JigyosyoCd=0174601120-00&ServiceCd=110&Type=search" }, "geometry": { "type": "Point", "coordinates": [ 143.209174399999938, 42.914181400000018 ] } },
{ "type": "Feature", "properties": { "内容": "ケア・ステーション　鳳悠【訪問介護】帯広市大通南5丁目11番地1", "url2": "https://www.kaigokensaku.mhlw.go.jp/01/index.php?action_kouhyou_detail_004_kani=true&JigyosyoCd=0174601559-00&ServiceCd=110&Type=search" }, "geometry": { "type": "Point", "coordinates": [ 143.219498771741428, 42.926912320624531 ] } },
{ "type": "Feature", "properties": { "内容": "洋玄堂訪問介護事業所【訪問介護】北海道帯広市東９条南１２丁目１６番地２６", "url2": "https://www.kaigokensaku.mhlw.go.jp/01/index.php?action_kouhyou_detail_004_kani=true&JigyosyoCd=0174602292-00&ServiceCd=110&Type=search" }, "geometry": { "type": "Point", "coordinates": [ 143.221055299999989, 42.920004600000034 ] } },
{ "type": "Feature", "properties": { "内容": "ケアセンターハピネス【訪問介護】北海道帯広市西15条南１丁目1番地2", "url2": "https://www.kaigokensaku.mhlw.go.jp/01/index.php?action_kouhyou_detail_004_kani=true&JigyosyoCd=0174600387-00&ServiceCd=110&Type=search" }, "geometry": { "type": "Point", "coordinates": [ 143.177595175432344, 42.92998005659588 ] } },
{ "type": "Feature", "properties": { "内容": "ヘルパーステーションまこと【訪問介護】北海道帯広市西１１条南５丁目1－8", "url2": "https://www.kaigokensaku.mhlw.go.jp/01/index.php?action_kouhyou_detail_004_kani=true&JigyosyoCd=0174602565-00&ServiceCd=110&Type=search" }, "geometry": { "type": "Point", "coordinates": [ 143.1877586, 42.9253961 ] } },
{ "type": "Feature", "properties": { "内容": "訪問介護事業所ふるさと【訪問介護】北海道帯広市白樺16条東5丁目10番地", "url2": "https://www.kaigokensaku.mhlw.go.jp/01/index.php?action_kouhyou_detail_004_kani=true&JigyosyoCd=0174601757-00&ServiceCd=110&Type=search" }, "geometry": { "type": "Point", "coordinates": [ 143.178124499999967, 42.918943 ] } },
{ "type": "Feature", "properties": { "内容": "社会福祉法人帯広市社会福祉協議会　指定訪問介護事業所【訪問介護】帯広市公園東町3丁目9番地1帯広市グリーンプラザ内", "url2": "https://www.kaigokensaku.mhlw.go.jp/01/index.php?action_kouhyou_detail_004_kani=true&JigyosyoCd=0174600015-00&ServiceCd=110&Type=search" }, "geometry": { "type": "Point", "coordinates": [ 143.192454, 42.9081228 ] } },
{ "type": "Feature", "properties": { "内容": "ヘルパーステーション　向日葵【訪問介護】帯広市西16条北1丁目27番地34", "url2": "https://www.kaigokensaku.mhlw.go.jp/01/index.php?action_kouhyou_detail_004_kani=true&JigyosyoCd=0174600122-00&ServiceCd=110&Type=search" }, "geometry": { "type": "Point", "coordinates": [ 143.175463199999967, 42.9313691 ] } },
{ "type": "Feature", "properties": { "内容": "十勝バス介護サービスセンター【訪問介護】帯広市西１４条南３２丁目2－13", "url2": "https://www.kaigokensaku.mhlw.go.jp/01/index.php?action_kouhyou_detail_004_kani=true&JigyosyoCd=0174601062-00&ServiceCd=110&Type=search" }, "geometry": { "type": "Point", "coordinates": [ 143.18537777714846, 42.894113107539546 ] } },
{ "type": "Feature", "properties": { "内容": "おびたく介護ステーション【訪問介護】北海道帯広市西１９条南１丁目７番地帯広ハイヤー株式会社内", "url2": "https://www.kaigokensaku.mhlw.go.jp/01/index.php?action_kouhyou_detail_004_kani=true&JigyosyoCd=0174601641-00&ServiceCd=110&Type=search" }, "geometry": { "type": "Point", "coordinates": [ 143.153958034462647, 42.92424811160928 ] } },
{ "type": "Feature", "properties": { "内容": "訪問介護事業所　ケアセンターアシスト【訪問介護】北海道帯広市西16条北1丁目13番地71", "url2": "https://www.kaigokensaku.mhlw.go.jp/01/index.php?action_kouhyou_detail_004_kani=true&JigyosyoCd=0174601518-00&ServiceCd=110&Type=search" }, "geometry": { "type": "Point", "coordinates": [ 143.174395299999986, 42.9348294 ] } },
{ "type": "Feature", "properties": { "内容": "訪問介護事業所たきあ【訪問介護】北海道帯広市東１条南5丁目7-１", "url2": "https://www.kaigokensaku.mhlw.go.jp/01/index.php?action_kouhyou_detail_004_kani=true&JigyosyoCd=0174602243-00&ServiceCd=110&Type=search" }, "geometry": { "type": "Point", "coordinates": [ 143.2057356099657, 42.927054968974005 ] } },
{ "type": "Feature", "properties": { "内容": "シグナル帯広訪問介護ステーション【訪問介護】帯広市西2条南20丁目10番地", "url2": "https://www.kaigokensaku.mhlw.go.jp/01/index.php?action_kouhyou_detail_004_kani=true&JigyosyoCd=0174600353-00&ServiceCd=110&Type=search" }, "geometry": { "type": "Point", "coordinates": [ 143.204461199999969, 42.9091567 ] } },
{ "type": "Feature", "properties": { "内容": "Ｓｉｌｖｅｒ　Ｂａｃｋ【訪問介護】北海道帯広市西２条北２丁目１５番地５", "url2": "https://www.kaigokensaku.mhlw.go.jp/01/index.php?action_kouhyou_detail_004_kani=true&JigyosyoCd=0174602946-00&ServiceCd=110&Type=search" }, "geometry": { "type": "Point", "coordinates": [ 143.200355800000011, 42.9347505 ] } },
{ "type": "Feature", "properties": { "内容": "ライフ帯広訪問介護【訪問介護】北海道帯広市西7条南6丁目1番地4", "url2": "https://www.kaigokensaku.mhlw.go.jp/01/index.php?action_kouhyou_detail_004_kani=true&JigyosyoCd=0174602953-00&ServiceCd=110&Type=search" }, "geometry": { "type": "Point", "coordinates": [ 143.1932812, 42.9251204 ] } },
{ "type": "Feature", "properties": { "内容": "訪問介護ステーションテラス【訪問介護】北海道帯広市大通南23丁目9-1", "url2": "https://www.kaigokensaku.mhlw.go.jp/01/index.php?action_kouhyou_detail_004_kani=true&JigyosyoCd=0174602912-00&ServiceCd=110&Type=search" }, "geometry": { "type": "Point", "coordinates": [ 143.206851140475464, 42.905924585824415 ] } },
{ "type": "Feature", "properties": { "内容": "訪問介護ふれあい【訪問介護】北海道帯広市清流西２丁目２０番地７", "url2": "https://www.kaigokensaku.mhlw.go.jp/01/index.php?action_kouhyou_detail_004_kani=true&JigyosyoCd=0174600361-00&ServiceCd=110&Type=search" }, "geometry": { "type": "Point", "coordinates": [ 143.191308888838165, 42.875399493631605 ] } },
{ "type": "Feature", "properties": { "内容": "ヘルパーステーションリーフ【訪問介護】北海道帯広市西3条南22丁目16番地1住宅型有料老人ホーム　リスターテ", "url2": "https://www.kaigokensaku.mhlw.go.jp/01/index.php?action_kouhyou_detail_004_kani=true&JigyosyoCd=0174701805-00&ServiceCd=110&Type=search" }, "geometry": { "type": "Point", "coordinates": [ 143.203244988557827, 42.906277961329003 ] } },
{ "type": "Feature", "properties": { "内容": "訪問介護事業所ひなた【訪問介護】北海道帯広市西２５条南３丁目３３番地３５", "url2": "https://www.kaigokensaku.mhlw.go.jp/01/index.php?action_kouhyou_detail_004_kani=true&JigyosyoCd=0174602458-00&ServiceCd=110&Type=search" }, "geometry": { "type": "Point", "coordinates": [ 143.114877, 42.9132586 ] } },
{ "type": "Feature", "properties": { "内容": "ヘルパーステーションエムズ【訪問介護】北海道帯広市西21条南3丁目5-4", "url2": "https://www.kaigokensaku.mhlw.go.jp/01/index.php?action_kouhyou_detail_004_kani=true&JigyosyoCd=0174601823-00&ServiceCd=110&Type=search" }, "geometry": { "type": "Point", "coordinates": [ 143.143508300561535, 42.912823308856254 ] } },
{ "type": "Feature", "properties": { "内容": "ニチイケアセンター帯広【訪問介護】北海道帯広市西22条南3丁目33-1", "url2": "https://www.kaigokensaku.mhlw.go.jp/01/index.php?action_kouhyou_detail_004_kani=true&JigyosyoCd=0174600031-00&ServiceCd=110&Type=search" }, "geometry": { "type": "Point", "coordinates": [ 143.131808222090172, 42.912391797486883 ] } },
{ "type": "Feature", "properties": { "内容": "TKタクシー訪問介護事業所【訪問介護】北海道帯広市西19条南1丁目7番地30", "url2": "https://www.kaigokensaku.mhlw.go.jp/01/index.php?action_kouhyou_detail_004_kani=true&JigyosyoCd=0174602268-00&ServiceCd=110&Type=search" }, "geometry": { "type": "Point", "coordinates": [ 143.152818199999956, 42.9239523 ] } },
{ "type": "Feature", "properties": { "内容": "ホームヘルプサービス事業所ぽっけ【訪問介護】北海道北見市錦町180番地54", "url2": "https://www.kaigokensaku.mhlw.go.jp/01/index.php?action_kouhyou_detail_004_kani=true&JigyosyoCd=0175012897-00&ServiceCd=110&Type=search" }, "geometry": { "type": "Point", "coordinates": [ 143.876909157672173, 43.786403153607587 ] } },
{ "type": "Feature", "properties": { "内容": "ヘルパーステーシヨン・ケア・プロセス北見【訪問介護】北海道北見市北1条東2丁目2番地", "url2": "https://www.kaigokensaku.mhlw.go.jp/01/index.php?action_kouhyou_detail_004_kani=true&JigyosyoCd=0175011774-00&ServiceCd=110&Type=search" }, "geometry": { "type": "Point", "coordinates": [ 143.8966959744522, 43.806823190599104 ] } },
{ "type": "Feature", "properties": { "内容": "訪問介護アムール【訪問介護】北海道北見市小泉466-37", "url2": "https://www.kaigokensaku.mhlw.go.jp/01/index.php?action_kouhyou_detail_004_kani=true&JigyosyoCd=0175012004-00&ServiceCd=110&Type=search" }, "geometry": { "type": "Point", "coordinates": [ 143.920899264589906, 43.834123316727023 ] } },
{ "type": "Feature", "properties": { "内容": "ヘルパーステーション　アイビー【訪問介護】北海道北見市朝日町41番地60ヴァンドーム青葉110号", "url2": "https://www.kaigokensaku.mhlw.go.jp/01/index.php?action_kouhyou_detail_004_kani=true&JigyosyoCd=0175013077-00&ServiceCd=110&Type=search" }, "geometry": { "type": "Point", "coordinates": [ 143.908395300000024, 43.8105553 ] } },
{ "type": "Feature", "properties": { "内容": "訪問介護事業所シーズン【訪問介護】北海道北見市本町1丁目2番8号網走交通本町ビル3階", "url2": "https://www.kaigokensaku.mhlw.go.jp/01/index.php?action_kouhyou_detail_004_kani=true&JigyosyoCd=0175013051-00&ServiceCd=110&Type=search" }, "geometry": { "type": "Point", "coordinates": [ 143.892880600000012, 43.8005618 ] } },
{ "type": "Feature", "properties": { "内容": "ケアセンターソレイユ【訪問介護】北海道北見市緑ヶ丘2丁目12-13グリーンヒルズB4", "url2": "https://www.kaigokensaku.mhlw.go.jp/01/index.php?action_kouhyou_detail_004_kani=true&JigyosyoCd=0175013101-00&ServiceCd=110&Type=search" }, "geometry": { "type": "Point", "coordinates": [ 143.872789406366195, 43.821624922996087 ] } },
{ "type": "Feature", "properties": { "内容": "ヘルパーステーションたんぽぽ【訪問介護】北見市常盤町5丁目9番5", "url2": "https://www.kaigokensaku.mhlw.go.jp/01/index.php?action_kouhyou_detail_004_kani=true&JigyosyoCd=0165090044-00&ServiceCd=110&Type=search" }, "geometry": { "type": "Point", "coordinates": [ 143.8913741, 43.7931936 ] } },
{ "type": "Feature", "properties": { "内容": "ヘルパーステーションコウメイ【訪問介護】北海道北見市広明町203-40", "url2": "https://www.kaigokensaku.mhlw.go.jp/01/index.php?action_kouhyou_detail_004_kani=true&JigyosyoCd=0165090127-00&ServiceCd=110&Type=search" }, "geometry": { "type": "Point", "coordinates": [ 143.8756009, 43.783611 ] } },
{ "type": "Feature", "properties": { "内容": "訪問介護ステーションみずの綾【訪問介護】北海道北見市北斗町2丁目4-24", "url2": "https://www.kaigokensaku.mhlw.go.jp/01/index.php?action_kouhyou_detail_004_kani=true&JigyosyoCd=0165090168-00&ServiceCd=110&Type=search" }, "geometry": { "type": "Point", "coordinates": [ 143.883591900000056, 43.811745400000014 ] } },
{ "type": "Feature", "properties": { "内容": "ＳＯＭＰＯケア北見　訪問介護【訪問介護】北海道北見市三住町14番地1PENTHOUSE　1階", "url2": "https://www.kaigokensaku.mhlw.go.jp/01/index.php?action_kouhyou_detail_004_kani=true&JigyosyoCd=0175012749-00&ServiceCd=110&Type=search" }, "geometry": { "type": "Point", "coordinates": [ 143.890256053039622, 43.812226109972734 ] } },
{ "type": "Feature", "properties": { "内容": "ヘルパーステーション和里（にこり）【訪問介護】北海道北見市東相内町167番地35", "url2": "https://www.kaigokensaku.mhlw.go.jp/01/index.php?action_kouhyou_detail_004_kani=true&JigyosyoCd=0175012434-00&ServiceCd=110&Type=search" }, "geometry": { "type": "Point", "coordinates": [ 143.821292074855023, 43.802622613279773 ] } },
{ "type": "Feature", "properties": { "内容": "訪問介護事業所はな【訪問介護】北海道北見市桜町６丁目１番２号", "url2": "https://www.kaigokensaku.mhlw.go.jp/01/index.php?action_kouhyou_detail_004_kani=true&JigyosyoCd=0175012665-00&ServiceCd=110&Type=search" }, "geometry": { "type": "Point", "coordinates": [ 143.906315010450754, 43.805512687050793 ] } },
{ "type": "Feature", "properties": { "内容": "かげつ訪問介護事業所【訪問介護】北海道北見とん田東町539番地1", "url2": "https://www.kaigokensaku.mhlw.go.jp/01/index.php?action_kouhyou_detail_004_kani=true&JigyosyoCd=0175012673-00&ServiceCd=110&Type=search" }, "geometry": { "type": "Point", "coordinates": [ 143.879664, 43.7911425 ] } },
{ "type": "Feature", "properties": { "内容": "指定訪問介護事業所エムユウ【訪問介護】北海道北見市三楽町１６１番地３２", "url2": "https://www.kaigokensaku.mhlw.go.jp/01/index.php?action_kouhyou_detail_004_kani=true&JigyosyoCd=0175012392-00&ServiceCd=110&Type=search" }, "geometry": { "type": "Point", "coordinates": [ 143.893186799999967, 43.815258656290325 ] } },
{ "type": "Feature", "properties": { "内容": "ヘルパーステーション松風【訪問介護】北海道北見市とん田東町450番地7", "url2": "https://www.kaigokensaku.mhlw.go.jp/01/index.php?action_kouhyou_detail_004_kani=true&JigyosyoCd=0175000926-00&ServiceCd=110&Type=search" }, "geometry": { "type": "Point", "coordinates": [ 143.878161099999943, 43.797826 ] } },
{ "type": "Feature", "properties": { "内容": "ニチイケアセンター小泉【訪問介護】北見市ひかり野６丁目２－２", "url2": "https://www.kaigokensaku.mhlw.go.jp/01/index.php?action_kouhyou_detail_004_kani=true&JigyosyoCd=0175000736-00&ServiceCd=110&Type=search" }, "geometry": { "type": "Point", "coordinates": [ 143.931385200000022, 43.8296966 ] } },
{ "type": "Feature", "properties": { "内容": "ニチイケアセンター高栄東【訪問介護】北見市高栄東町1丁目11番39号アクティブウェルズ21　3番街　2号室　2階", "url2": "https://www.kaigokensaku.mhlw.go.jp/01/index.php?action_kouhyou_detail_004_kani=true&JigyosyoCd=0175012772-00&ServiceCd=110&Type=search" }, "geometry": { "type": "Point", "coordinates": [ 143.873068900000021, 43.8100598 ] } },
{ "type": "Feature", "properties": { "内容": "ノーブル指定訪問介護事業所【訪問介護】北海道北見市とん田西町317番地11", "url2": "https://www.kaigokensaku.mhlw.go.jp/01/index.php?action_kouhyou_detail_004_kani=true&JigyosyoCd=0175011865-00&ServiceCd=110&Type=search" }, "geometry": { "type": "Point", "coordinates": [ 143.876066388885533, 43.792433737403663 ] } },
{ "type": "Feature", "properties": { "内容": "ファミリー指定訪問介護事業所【訪問介護】北海道北見市山下町3丁目3番14号　　前田ビル1F", "url2": "https://www.kaigokensaku.mhlw.go.jp/01/index.php?action_kouhyou_detail_004_kani=true&JigyosyoCd=0175012236-00&ServiceCd=110&Type=search" }, "geometry": { "type": "Point", "coordinates": [ 143.870681266392921, 43.795868752215554 ] } },
{ "type": "Feature", "properties": { "内容": "ふれやか訪問介護事業所【訪問介護】北見市大正56番地52", "url2": "https://www.kaigokensaku.mhlw.go.jp/01/index.php?action_kouhyou_detail_004_kani=true&JigyosyoCd=0175000041-00&ServiceCd=110&Type=search" }, "geometry": { "type": "Point", "coordinates": [ 143.840318321426366, 43.807962913087763 ] } },
{ "type": "Feature", "properties": { "内容": "訪問介護センターみのり【訪問介護】北海道北見市美山町西4丁目113-13緑の丘弐番館内", "url2": "https://www.kaigokensaku.mhlw.go.jp/01/index.php?action_kouhyou_detail_004_kani=true&JigyosyoCd=0175012350-00&ServiceCd=110&Type=search" }, "geometry": { "type": "Point", "coordinates": [ 143.87513667486877, 43.829624847660426 ] } },
{ "type": "Feature", "properties": { "内容": "株式会社介護タクシーピース【訪問介護】北見市栄町4丁目2番地２", "url2": "https://www.kaigokensaku.mhlw.go.jp/01/index.php?action_kouhyou_detail_004_kani=true&JigyosyoCd=0175011923-00&ServiceCd=110&Type=search" }, "geometry": { "type": "Point", "coordinates": [ 143.8752528, 43.8012839 ] } },
{ "type": "Feature", "properties": { "内容": "ヘルパーステーションあいれん【訪問介護】北海道北見市とん田東町470番地8", "url2": "https://www.kaigokensaku.mhlw.go.jp/01/index.php?action_kouhyou_detail_004_kani=true&JigyosyoCd=0175012715-00&ServiceCd=110&Type=search" }, "geometry": { "type": "Point", "coordinates": [ 143.878519500000039, 43.7953513 ] } },
{ "type": "Feature", "properties": { "内容": "訪問介護あいせいの杜【訪問介護】北海道北見市相内町97番地1", "url2": "https://www.kaigokensaku.mhlw.go.jp/01/index.php?action_kouhyou_detail_004_kani=true&JigyosyoCd=0175000942-00&ServiceCd=110&Type=search" }, "geometry": { "type": "Point", "coordinates": [ 143.7557405, 43.8003785 ] } },
{ "type": "Feature", "properties": { "内容": "ヘルパーステーション光の苑【訪問介護】北海道北見市東陵町118番70", "url2": "https://www.kaigokensaku.mhlw.go.jp/01/index.php?action_kouhyou_detail_004_kani=true&JigyosyoCd=0175000025-00&ServiceCd=110&Type=search" }, "geometry": { "type": "Point", "coordinates": [ 143.8973677, 43.8261413 ] } },
{ "type": "Feature", "properties": { "内容": "北見市社会福祉協議会ヘルパーステーション【訪問介護】北海道北見市常盤町１丁目５番９号", "url2": "https://www.kaigokensaku.mhlw.go.jp/01/index.php?action_kouhyou_detail_004_kani=true&JigyosyoCd=0175000884-00&ServiceCd=110&Type=search" }, "geometry": { "type": "Point", "coordinates": [ 143.893195144141231, 43.793540900608278 ] } },
{ "type": "Feature", "properties": { "内容": "ヘルパーステーション　ゆうゆう【訪問介護】北海道北見市東相内町１７１番５７", "url2": "https://www.kaigokensaku.mhlw.go.jp/01/index.php?action_kouhyou_detail_004_kani=true&JigyosyoCd=0175000470-00&ServiceCd=110&Type=search" }, "geometry": { "type": "Point", "coordinates": [ 143.816659800000025, 43.8017802 ] } },
{ "type": "Feature", "properties": { "内容": "北見睦会訪問介護事業所【訪問介護】北海道北見市美芳町10丁目1番8号", "url2": "https://www.kaigokensaku.mhlw.go.jp/01/index.php?action_kouhyou_detail_004_kani=true&JigyosyoCd=0175000645-00&ServiceCd=110&Type=search" }, "geometry": { "type": "Point", "coordinates": [ 143.880202300000064, 43.8028505 ] } },
{ "type": "Feature", "properties": { "内容": "ヘルパー事業所歩～夢【訪問介護】北海道北見市留辺蘂町栄町152-18", "url2": "https://www.kaigokensaku.mhlw.go.jp/01/index.php?action_kouhyou_detail_004_kani=true&JigyosyoCd=0175012723-00&ServiceCd=110&Type=search" }, "geometry": { "type": "Point", "coordinates": [ 143.616286438407798, 43.78658693185757 ] } },
{ "type": "Feature", "properties": { "内容": "ケアフレンドすずらん訪問介護事業所【訪問介護】北海道北見市北進町５丁目４番１２号", "url2": "https://www.kaigokensaku.mhlw.go.jp/01/index.php?action_kouhyou_detail_004_kani=true&JigyosyoCd=0175000934-00&ServiceCd=110&Type=search" }, "geometry": { "type": "Point", "coordinates": [ 143.867129051178807, 43.80777684169297 ] } },
{ "type": "Feature", "properties": { "内容": "訪問介護オリーブ【訪問介護】北海道北見市東相内町143番地30", "url2": "https://www.kaigokensaku.mhlw.go.jp/01/index.php?action_kouhyou_detail_004_kani=true&JigyosyoCd=0175011907-00&ServiceCd=110&Type=search" }, "geometry": { "type": "Point", "coordinates": [ 143.8154515, 43.8040716 ] } },
{ "type": "Feature", "properties": { "内容": "有限会社　あゆみ介護サービス【訪問介護】北海道北見市高栄東町３丁目２０番２０号", "url2": "https://www.kaigokensaku.mhlw.go.jp/01/index.php?action_kouhyou_detail_004_kani=true&JigyosyoCd=0175000587-00&ServiceCd=110&Type=search" }, "geometry": { "type": "Point", "coordinates": [ 143.869587372244268, 43.814313995742815 ] } },
{ "type": "Feature", "properties": { "内容": "訪問介護蓮（れん）【訪問介護】北海道北見市北光319-88ハイツエスケー1階ハイツエスケー1階", "url2": "https://www.kaigokensaku.mhlw.go.jp/01/index.php?action_kouhyou_detail_004_kani=true&JigyosyoCd=0175000702-00&ServiceCd=110&Type=search" }, "geometry": { "type": "Point", "coordinates": [ 143.872561134671059, 43.782109802982646 ] } },
{ "type": "Feature", "properties": { "内容": "訪問介護事業所きずな【訪問介護】北海道北見市東三輪1丁目31-84", "url2": "https://www.kaigokensaku.mhlw.go.jp/01/index.php?action_kouhyou_detail_004_kani=true&JigyosyoCd=0175012418-00&ServiceCd=110&Type=search" }, "geometry": { "type": "Point", "coordinates": [ 143.861522082544241, 43.799126994236488 ] } },
{ "type": "Feature", "properties": { "内容": "訪問介護事業所ヤクジュ【訪問介護】北海道北見市末広町163番地23", "url2": "https://www.kaigokensaku.mhlw.go.jp/01/index.php?action_kouhyou_detail_004_kani=true&JigyosyoCd=0175012921-00&ServiceCd=110&Type=search" }, "geometry": { "type": "Point", "coordinates": [ 143.8724043, 43.7881508 ] } },
{ "type": "Feature", "properties": { "内容": "訪問介護事業所ゆきんこ【訪問介護】北見市双葉町1丁目1番18号", "url2": "https://www.kaigokensaku.mhlw.go.jp/01/index.php?action_kouhyou_detail_004_kani=true&JigyosyoCd=0175012962-00&ServiceCd=110&Type=search" }, "geometry": { "type": "Point", "coordinates": [ 143.855229784655762, 43.807097413648719 ] } },
{ "type": "Feature", "properties": { "内容": "ヘルパーステーション和季あいあい【訪問介護】北海道北見市西富町４丁目１番２５号", "url2": "https://www.kaigokensaku.mhlw.go.jp/01/index.php?action_kouhyou_detail_004_kani=true&JigyosyoCd=0175013135-00&ServiceCd=110&Type=search" }, "geometry": { "type": "Point", "coordinates": [ 143.868868862426751, 43.80176420997752 ] } },
{ "type": "Feature", "properties": { "内容": "ハートケアライフ訪問介護事業所【訪問介護】北海道北見市若葉１丁目１番３号", "url2": "https://www.kaigokensaku.mhlw.go.jp/01/index.php?action_kouhyou_detail_004_kani=true&JigyosyoCd=0175000769-00&ServiceCd=110&Type=search" }, "geometry": { "type": "Point", "coordinates": [ 143.855043320743874, 43.808348945244958 ] } },
{ "type": "Feature", "properties": { "内容": "ヘルパーステーションむか川【訪問介護】北海道北見市留辺蘂町温根湯温泉440-1おんねゆ診療所", "url2": "https://www.kaigokensaku.mhlw.go.jp/01/index.php?action_kouhyou_detail_004_kani=true&JigyosyoCd=0115012551-00&ServiceCd=110&Type=search" }, "geometry": { "type": "Point", "coordinates": [ 143.505388399999987, 43.7578026 ] } },
{ "type": "Feature", "properties": { "内容": "訪問介護事業所エーデルワイス【訪問介護】北海道北見市末広町350番地20", "url2": "https://www.kaigokensaku.mhlw.go.jp/01/index.php?action_kouhyou_detail_004_kani=true&JigyosyoCd=0175012343-00&ServiceCd=110&Type=search" }, "geometry": { "type": "Point", "coordinates": [ 143.89019329719693, 43.783774842953129 ] } },
{ "type": "Feature", "properties": { "内容": "ヘルパーステーション心結【訪問介護】北海道北見市無加川町408番地51", "url2": "https://www.kaigokensaku.mhlw.go.jp/01/index.php?action_kouhyou_detail_004_kani=true&JigyosyoCd=0175012855-00&ServiceCd=110&Type=search" }, "geometry": { "type": "Point", "coordinates": [ 143.8607365, 43.7860046 ] } },
{ "type": "Feature", "properties": { "内容": "特定非営利活動法人北見コアラ【訪問介護】北海道北見市広明町１８８－１１", "url2": "https://www.kaigokensaku.mhlw.go.jp/01/index.php?action_kouhyou_detail_004_kani=true&JigyosyoCd=0175011832-00&ServiceCd=110&Type=search" }, "geometry": { "type": "Point", "coordinates": [ 143.879625600000054, 43.7830167 ] } },
{ "type": "Feature", "properties": { "内容": "みんとけあヘルパーステーション【訪問介護】北海道北見市西三輪３丁目７４６番地２７", "url2": "https://www.kaigokensaku.mhlw.go.jp/01/index.php?action_kouhyou_detail_004_kani=true&JigyosyoCd=0175013010-00&ServiceCd=110&Type=search" }, "geometry": { "type": "Point", "coordinates": [ 143.8336234, 43.802796 ] } },
{ "type": "Feature", "properties": { "内容": "訪問介護事業所こころ【訪問介護】北海道北見市東相内町250番地3桑原ビル１階", "url2": "https://www.kaigokensaku.mhlw.go.jp/01/index.php?action_kouhyou_detail_004_kani=true&JigyosyoCd=0175012764-00&ServiceCd=110&Type=search" }, "geometry": { "type": "Point", "coordinates": [ 143.808851600000054, 43.8026086 ] } },
{ "type": "Feature", "properties": { "内容": "ヘルパーステーションよりそい【訪問介護】北海道夕張市鹿の谷３丁目１１８番複合施設　和家", "url2": "https://www.kaigokensaku.mhlw.go.jp/01/index.php?action_kouhyou_detail_004_kani=true&JigyosyoCd=0175900232-00&ServiceCd=110&Type=search" }, "geometry": { "type": "Point", "coordinates": [ 139.090065, 34.8863785 ] } },
{ "type": "Feature", "properties": { "内容": "ＳＯＭＰＯケア夕張　訪問介護【訪問介護】北海道夕張市沼ノ沢38番地旧緑小学校", "url2": "https://www.kaigokensaku.mhlw.go.jp/01/index.php?action_kouhyou_detail_004_kani=true&JigyosyoCd=0175900216-00&ServiceCd=110&Type=search" }, "geometry": { "type": "Point", "coordinates": [ 142.031163770639068, 42.956320829144303 ] } },
{ "type": "Feature", "properties": { "内容": "訪問介護のりーふ【訪問介護】北海道岩見沢市7条西18丁目21シニアホームりーふ", "url2": "https://www.kaigokensaku.mhlw.go.jp/01/index.php?action_kouhyou_detail_004_kani=true&JigyosyoCd=0175701002-00&ServiceCd=110&Type=search" }, "geometry": { "type": "Point", "coordinates": [ 141.75280284714654, 43.192532262052474 ] } },
{ "type": "Feature", "properties": { "内容": "らしく【訪問介護】北海道岩見沢市5条東11丁目56番地", "url2": "https://www.kaigokensaku.mhlw.go.jp/01/index.php?action_kouhyou_detail_004_kani=true&JigyosyoCd=0175701119-00&ServiceCd=110&Type=search" }, "geometry": { "type": "Point", "coordinates": [ 141.7775547, 43.2071014 ] } },
{ "type": "Feature", "properties": { "内容": "訪問介護　さぁまる【訪問介護】北海道岩見沢市緑が丘2丁目76番地15", "url2": "https://www.kaigokensaku.mhlw.go.jp/01/index.php?action_kouhyou_detail_004_kani=true&JigyosyoCd=0175700806-00&ServiceCd=110&Type=search" }, "geometry": { "type": "Point", "coordinates": [ 141.780744199999958, 43.1847764 ] } },
{ "type": "Feature", "properties": { "内容": "訪問介護ライブリー【訪問介護】北海道岩見沢市５条西１９丁目１０", "url2": "https://www.kaigokensaku.mhlw.go.jp/01/index.php?action_kouhyou_detail_004_kani=true&JigyosyoCd=0175700400-00&ServiceCd=110&Type=search" }, "geometry": { "type": "Point", "coordinates": [ 141.749854975401405, 43.194695984387728 ] } },
{ "type": "Feature", "properties": { "内容": "ヘルパーステーションみまもーる【訪問介護】岩見沢市東山町８番地１サービス付き高齢者向け住宅東山ヒルズ", "url2": "https://www.kaigokensaku.mhlw.go.jp/01/index.php?action_kouhyou_detail_004_kani=true&JigyosyoCd=0175701374-00&ServiceCd=110&Type=search" }, "geometry": { "type": "Point", "coordinates": [ 141.7904825, 43.1926234 ] } },
{ "type": "Feature", "properties": { "内容": "医療法人北翔会　ヘルパーステーションひまわり【訪問介護】北海道岩見沢市１０条西２１丁目２番地", "url2": "https://www.kaigokensaku.mhlw.go.jp/01/index.php?action_kouhyou_detail_004_kani=true&JigyosyoCd=0175700236-00&ServiceCd=110&Type=search" }, "geometry": { "type": "Point", "coordinates": [ 141.753427099999953, 43.1877919 ] } },
{ "type": "Feature", "properties": { "内容": "指定訪問介護事業所さくら【訪問介護】岩見沢市7条西6丁目20-3おおぜきビル201", "url2": "https://www.kaigokensaku.mhlw.go.jp/01/index.php?action_kouhyou_detail_004_kani=true&JigyosyoCd=0175700897-00&ServiceCd=110&Type=search" }, "geometry": { "type": "Point", "coordinates": [ 141.764721715510092, 43.198125994493672 ] } },
{ "type": "Feature", "properties": { "内容": "株式会社エイド　ヘルパーステーションあきず【訪問介護】北海道岩見沢市西川町503番地171", "url2": "https://www.kaigokensaku.mhlw.go.jp/01/index.php?action_kouhyou_detail_004_kani=true&JigyosyoCd=0175700657-00&ServiceCd=110&Type=search" }, "geometry": { "type": "Point", "coordinates": [ 141.74331, 43.2109972 ] } },
{ "type": "Feature", "properties": { "内容": "ニチイケアセンター岩見沢【訪問介護】北海道岩見沢市4条西8丁目1番地ヤマシチ4・8ビル5F", "url2": "https://www.kaigokensaku.mhlw.go.jp/01/index.php?action_kouhyou_detail_004_kani=true&JigyosyoCd=0175700160-00&ServiceCd=110&Type=search" }, "geometry": { "type": "Point", "coordinates": [ 141.763389700000062, 43.2017267 ] } },
{ "type": "Feature", "properties": { "内容": "訪問介護サービス・ほろむい【訪問介護】北海道岩見沢市幌向北２条１丁目６１１番地", "url2": "https://www.kaigokensaku.mhlw.go.jp/01/index.php?action_kouhyou_detail_004_kani=true&JigyosyoCd=0175700608-00&ServiceCd=110&Type=search" }, "geometry": { "type": "Point", "coordinates": [ 141.656558200000063, 43.1581694 ] } },
{ "type": "Feature", "properties": { "内容": "訪問介護事業所　道央【訪問介護】岩見沢市大和４条４丁目１－４", "url2": "https://www.kaigokensaku.mhlw.go.jp/01/index.php?action_kouhyou_detail_004_kani=true&JigyosyoCd=0175700038-00&ServiceCd=110&Type=search" }, "geometry": { "type": "Point", "coordinates": [ 141.747355199999987, 43.1892609 ] } },
{ "type": "Feature", "properties": { "内容": "介護サービス大護【訪問介護】北海道岩見沢市三条西2丁目9番地サービス付き高齢者向け住宅大護", "url2": "https://www.kaigokensaku.mhlw.go.jp/01/index.php?action_kouhyou_detail_004_kani=true&JigyosyoCd=0175700772-00&ServiceCd=110&Type=search" }, "geometry": { "type": "Point", "coordinates": [ 144.2659711, 44.0211455 ] } },
{ "type": "Feature", "properties": { "内容": "サービス付き高齢者向け住宅　くらしさ緑が丘【訪問介護】北海道岩見沢市緑が丘４丁目221-56サービス付き高齢者向け住宅　くらしさ緑が丘", "url2": "https://www.kaigokensaku.mhlw.go.jp/01/index.php?action_kouhyou_detail_004_kani=true&JigyosyoCd=0175701093-00&ServiceCd=110&Type=search" }, "geometry": { "type": "Point", "coordinates": [ 141.774278200000026, 43.1797907 ] } },
{ "type": "Feature", "properties": { "内容": "ヘルパーステーション栞【訪問介護】北海道岩見沢市5条東17丁目15-1サービス付高齢者向け住宅　ナーシングホーム栞里　1階", "url2": "https://www.kaigokensaku.mhlw.go.jp/01/index.php?action_kouhyou_detail_004_kani=true&JigyosyoCd=0175701127-00&ServiceCd=110&Type=search" }, "geometry": { "type": "Point", "coordinates": [ 141.769375099999934, 43.2034128 ] } },
{ "type": "Feature", "properties": { "内容": "訪問介護事業所　悠愛【訪問介護】岩見沢市北本町東1丁目2-3", "url2": "https://www.kaigokensaku.mhlw.go.jp/01/index.php?action_kouhyou_detail_004_kani=true&JigyosyoCd=0175700723-00&ServiceCd=110&Type=search" }, "geometry": { "type": "Point", "coordinates": [ 141.760954910185291, 43.210031137405437 ] } },
{ "type": "Feature", "properties": { "内容": "社会福祉法人　岩見沢市社会福祉協議会　指定訪問介護事業所【訪問介護】北海道岩見沢市11条西3丁目1番地9岩見沢広域総合福祉センター", "url2": "https://www.kaigokensaku.mhlw.go.jp/01/index.php?action_kouhyou_detail_004_kani=true&JigyosyoCd=0175700046-00&ServiceCd=110&Type=search" }, "geometry": { "type": "Point", "coordinates": [ 141.770413900000023, 43.1957263 ] } },
{ "type": "Feature", "properties": { "内容": "訪問介護　ファイン【訪問介護】北海道岩見沢市1条西13丁目2-4", "url2": "https://www.kaigokensaku.mhlw.go.jp/01/index.php?action_kouhyou_detail_004_kani=true&JigyosyoCd=0175700343-00&ServiceCd=110&Type=search" }, "geometry": { "type": "Point", "coordinates": [ 141.752885512889037, 43.199970641511946 ] } },
{ "type": "Feature", "properties": { "内容": "合同会社訪問介護さい華【訪問介護】北海道岩見沢市上幌向北１条３丁目721－85", "url2": "https://www.kaigokensaku.mhlw.go.jp/01/index.php?action_kouhyou_detail_004_kani=true&JigyosyoCd=0175701325-00&ServiceCd=110&Type=search" }, "geometry": { "type": "Point", "coordinates": [ 141.7162617, 43.1850236 ] } },
{ "type": "Feature", "properties": { "内容": "ヘルパーステーション恵【訪問介護】北海道岩見沢市栗沢町由良739番地4", "url2": "https://www.kaigokensaku.mhlw.go.jp/01/index.php?action_kouhyou_detail_004_kani=true&JigyosyoCd=0175701366-00&ServiceCd=110&Type=search" }, "geometry": { "type": "Point", "coordinates": [ 141.7483637, 43.1246 ] } },
{ "type": "Feature", "properties": { "内容": "訪問介護あまね【訪問介護】岩見沢市六条西６丁目６番地５", "url2": "https://www.kaigokensaku.mhlw.go.jp/01/index.php?action_kouhyou_detail_004_kani=true&JigyosyoCd=0175701358-00&ServiceCd=110&Type=search" }, "geometry": { "type": "Point", "coordinates": [ 141.763158317196655, 43.199413363184803 ] } },
{ "type": "Feature", "properties": { "内容": "リビングケア・シーズン美幌【訪問介護】北海道網走郡美幌町大通北２丁目２０－１リビングケア・シーズン美幌", "url2": "https://www.kaigokensaku.mhlw.go.jp/01/index.php?action_kouhyou_detail_004_kani=true&JigyosyoCd=0175200328-00&ServiceCd=110&Type=search" }, "geometry": { "type": "Point", "coordinates": [ 144.103870300000011, 43.8253522 ] } },
{ "type": "Feature", "properties": { "内容": "訪問介護ステーションすみれ【訪問介護】北海道網走市字潮見157番地5", "url2": "https://www.kaigokensaku.mhlw.go.jp/01/index.php?action_kouhyou_detail_004_kani=true&JigyosyoCd=0165390089-00&ServiceCd=110&Type=search" }, "geometry": { "type": "Point", "coordinates": [ 144.266897, 43.9923318 ] } },
{ "type": "Feature", "properties": { "内容": "いせの里指定訪問介護事業所【訪問介護】北海道網走市字潮見192番地", "url2": "https://www.kaigokensaku.mhlw.go.jp/01/index.php?action_kouhyou_detail_004_kani=true&JigyosyoCd=0155380017-00&ServiceCd=110&Type=search" }, "geometry": { "type": "Point", "coordinates": [ 144.2691188, 43.9980867 ] } },
{ "type": "Feature", "properties": { "内容": "網走市社会福祉協議会　訪問介護事業所【訪問介護】北海道網走市北１１条東１丁目10番地網走市総合福祉センター", "url2": "https://www.kaigokensaku.mhlw.go.jp/01/index.php?action_kouhyou_detail_004_kani=true&JigyosyoCd=0175300029-00&ServiceCd=110&Type=search" }, "geometry": { "type": "Point", "coordinates": [ 144.261938669172622, 44.0293769050988 ] } },
{ "type": "Feature", "properties": { "内容": "網走レインボーハイツ　ホームヘルパー派遣センター【訪問介護】北海道網走市南6条東6丁目8番地の3", "url2": "https://www.kaigokensaku.mhlw.go.jp/01/index.php?action_kouhyou_detail_004_kani=true&JigyosyoCd=0175300037-00&ServiceCd=110&Type=search" }, "geometry": { "type": "Point", "coordinates": [ 144.276599408543518, 44.020362661910845 ] } },
{ "type": "Feature", "properties": { "内容": "社会福祉法人　緑明会　ケアサービスはまなす【訪問介護】北海道網走市つくしヶ丘3丁目9番1号", "url2": "https://www.kaigokensaku.mhlw.go.jp/01/index.php?action_kouhyou_detail_004_kani=true&JigyosyoCd=0175300292-00&ServiceCd=110&Type=search" }, "geometry": { "type": "Point", "coordinates": [ 144.280979099708276, 43.993007473719963 ] } },
{ "type": "Feature", "properties": { "内容": "医療法人社団心優会　訪問介護事業所季実の杜【訪問介護】留萌市開運町1丁目5-1", "url2": "https://www.kaigokensaku.mhlw.go.jp/01/index.php?action_kouhyou_detail_004_kani=true&JigyosyoCd=0176400539-00&ServiceCd=110&Type=search" }, "geometry": { "type": "Point", "coordinates": [ 141.64771410000003, 43.940764900000019 ] } },
{ "type": "Feature", "properties": { "内容": "訪問介護事業所ウィズユー【訪問介護】北海道留萌市錦町1丁目4番8号中心街ビル2階", "url2": "https://www.kaigokensaku.mhlw.go.jp/01/index.php?action_kouhyou_detail_004_kani=true&JigyosyoCd=0176400679-00&ServiceCd=110&Type=search" }, "geometry": { "type": "Point", "coordinates": [ 141.642699332471466, 43.939987953332121 ] } },
{ "type": "Feature", "properties": { "内容": "訪問介護事業所プラチナ館【訪問介護】北海道留萌市幸町3丁目8番1号サービス付き高齢者向け住宅プラチナ館", "url2": "https://www.kaigokensaku.mhlw.go.jp/01/index.php?action_kouhyou_detail_004_kani=true&JigyosyoCd=0176400620-00&ServiceCd=110&Type=search" }, "geometry": { "type": "Point", "coordinates": [ 141.639461899999986, 43.9397703 ] } },
{ "type": "Feature", "properties": { "内容": "シニアライフあや【訪問介護】北海道留萌市東雲町2丁目62番地住宅型有料老人ホームあや内", "url2": "https://www.kaigokensaku.mhlw.go.jp/01/index.php?action_kouhyou_detail_004_kani=true&JigyosyoCd=0176400638-00&ServiceCd=110&Type=search" }, "geometry": { "type": "Point", "coordinates": [ 141.673536092416612, 43.931495907576931 ] } },
{ "type": "Feature", "properties": { "内容": "ファミリーケアサポート訪問介護事業所【訪問介護】留萌市栄町一丁目５番６号", "url2": "https://www.kaigokensaku.mhlw.go.jp/01/index.php?action_kouhyou_detail_004_kani=true&JigyosyoCd=0176400208-00&ServiceCd=110&Type=search" }, "geometry": { "type": "Point", "coordinates": [ 141.6492, 43.9422509 ] } },
{ "type": "Feature", "properties": { "内容": "ヘルパーステーション萌るもい【訪問介護】北海道留萌市開運町１丁目２番１号", "url2": "https://www.kaigokensaku.mhlw.go.jp/01/index.php?action_kouhyou_detail_004_kani=true&JigyosyoCd=0176400018-00&ServiceCd=110&Type=search" }, "geometry": { "type": "Point", "coordinates": [ 141.650036300000011, 43.9391457 ] } },
{ "type": "Feature", "properties": { "内容": "ウイシュホームパートナー【訪問介護】留萌市開運町2丁目１１2", "url2": "https://www.kaigokensaku.mhlw.go.jp/01/index.php?action_kouhyou_detail_004_kani=true&JigyosyoCd=0176400299-00&ServiceCd=110&Type=search" }, "geometry": { "type": "Point", "coordinates": [ 141.646261247848656, 43.940953997533803 ] } },
{ "type": "Feature", "properties": { "内容": "有限会社なの花介護サービス【訪問介護】北海道留萌市港町3丁目1番地の2", "url2": "https://www.kaigokensaku.mhlw.go.jp/01/index.php?action_kouhyou_detail_004_kani=true&JigyosyoCd=0176400265-00&ServiceCd=110&Type=search" }, "geometry": { "type": "Point", "coordinates": [ 141.638681099999985, 43.9436782 ] } },
{ "type": "Feature", "properties": { "内容": "やさしい手江戸訪問介護事業所【訪問介護】北海道留萌市錦町3丁目1番30号江戸薬局ビル2階", "url2": "https://www.kaigokensaku.mhlw.go.jp/01/index.php?action_kouhyou_detail_004_kani=true&JigyosyoCd=0176400331-00&ServiceCd=110&Type=search" }, "geometry": { "type": "Point", "coordinates": [ 141.64612539999996, 43.938615 ] } },
{ "type": "Feature", "properties": { "内容": "ヘルパーステーションけやき【訪問介護】北海道苫小牧市美原町3丁目5番7号ライジングサン102号", "url2": "https://www.kaigokensaku.mhlw.go.jp/01/index.php?action_kouhyou_detail_004_kani=true&JigyosyoCd=0173602103-00&ServiceCd=110&Type=search" }, "geometry": { "type": "Point", "coordinates": [ 141.507331199999953, 42.6137771 ] } },
{ "type": "Feature", "properties": { "内容": "介護サービスさわやか【訪問介護】苫小牧市宮の森町1丁目7番16号", "url2": "https://www.kaigokensaku.mhlw.go.jp/01/index.php?action_kouhyou_detail_004_kani=true&JigyosyoCd=0173600677-00&ServiceCd=110&Type=search" }, "geometry": { "type": "Point", "coordinates": [ 141.526519300000018, 42.6316237 ] } },
{ "type": "Feature", "properties": { "内容": "ヘルパーステーション縁【訪問介護】北海道苫小牧市元中野町2丁目４－１４", "url2": "https://www.kaigokensaku.mhlw.go.jp/01/index.php?action_kouhyou_detail_004_kani=true&JigyosyoCd=0173600685-00&ServiceCd=110&Type=search" }, "geometry": { "type": "Point", "coordinates": [ 141.617050799999987, 42.6350139 ] } },
{ "type": "Feature", "properties": { "内容": "ヘルパーステーションみかん【訪問介護】北海道苫小牧市しらかば町３丁目９番２５号", "url2": "https://www.kaigokensaku.mhlw.go.jp/01/index.php?action_kouhyou_detail_004_kani=true&JigyosyoCd=0173602889-00&ServiceCd=110&Type=search" }, "geometry": { "type": "Point", "coordinates": [ 141.538957399999987, 42.6215569 ] } },
{ "type": "Feature", "properties": { "内容": "うらら苫小牧【訪問介護】苫小牧市もえぎ町1丁目15番2号シティハイムアイリス102号", "url2": "https://www.kaigokensaku.mhlw.go.jp/01/index.php?action_kouhyou_detail_004_kani=true&JigyosyoCd=0173601030-00&ServiceCd=110&Type=search" }, "geometry": { "type": "Point", "coordinates": [ 141.478016897157659, 42.611593566833434 ] } },
{ "type": "Feature", "properties": { "内容": "ヘルパーステーションたくゆう【訪問介護】北海道苫小牧市拓勇東町3-13-16", "url2": "https://www.kaigokensaku.mhlw.go.jp/01/index.php?action_kouhyou_detail_004_kani=true&JigyosyoCd=0173602426-00&ServiceCd=110&Type=search" }, "geometry": { "type": "Point", "coordinates": [ 141.67578180000001, 42.671331 ] } },
{ "type": "Feature", "properties": { "内容": "訪問介護こころ【訪問介護】北海道苫小牧市のぞみ町２丁目９番２４号", "url2": "https://www.kaigokensaku.mhlw.go.jp/01/index.php?action_kouhyou_detail_004_kani=true&JigyosyoCd=0173602145-00&ServiceCd=110&Type=search" }, "geometry": { "type": "Point", "coordinates": [ 141.497706896958874, 42.616137542839994 ] } },
{ "type": "Feature", "properties": { "内容": "苫都病院訪問介護ステーションわかくさ【訪問介護】苫小牧市若草町５丁目１０－２４", "url2": "https://www.kaigokensaku.mhlw.go.jp/01/index.php?action_kouhyou_detail_004_kani=true&JigyosyoCd=0113612303-00&ServiceCd=110&Type=search" }, "geometry": { "type": "Point", "coordinates": [ 141.607837600000039, 42.6420015 ] } },
{ "type": "Feature", "properties": { "内容": "日翔訪問介護センター【訪問介護】苫小牧市青葉町２丁目９番１９号", "url2": "https://www.kaigokensaku.mhlw.go.jp/01/index.php?action_kouhyou_detail_004_kani=true&JigyosyoCd=0113612246-00&ServiceCd=110&Type=search" }, "geometry": { "type": "Point", "coordinates": [ 141.569958300000053, 42.6300702 ] } },
{ "type": "Feature", "properties": { "内容": "訪問介護ハートエール【訪問介護】北海道苫小牧市澄川町4丁目９-２２オーシャンヴィラ103号", "url2": "https://www.kaigokensaku.mhlw.go.jp/01/index.php?action_kouhyou_detail_004_kani=true&JigyosyoCd=0173602608-00&ServiceCd=110&Type=search" }, "geometry": { "type": "Point", "coordinates": [ 141.505191477909847, 42.617245824048254 ] } },
{ "type": "Feature", "properties": { "内容": "訪問介護オールツー【訪問介護】北海道苫小牧市光洋町1-7-10", "url2": "https://www.kaigokensaku.mhlw.go.jp/01/index.php?action_kouhyou_detail_004_kani=true&JigyosyoCd=0173602541-00&ServiceCd=110&Type=search" }, "geometry": { "type": "Point", "coordinates": [ 141.564127513491826, 42.622770317393609 ] } },
{ "type": "Feature", "properties": { "内容": "ヘルパーステーションこぶし【訪問介護】苫小牧市元中野町3丁目3番1号1階", "url2": "https://www.kaigokensaku.mhlw.go.jp/01/index.php?action_kouhyou_detail_004_kani=true&JigyosyoCd=0173602061-00&ServiceCd=110&Type=search" }, "geometry": { "type": "Point", "coordinates": [ 141.614467600000012, 42.637467600000015 ] } },
{ "type": "Feature", "properties": { "内容": "ヘルパーステーションたいよう【訪問介護】北海道苫小牧市日吉町４丁目1-14", "url2": "https://www.kaigokensaku.mhlw.go.jp/01/index.php?action_kouhyou_detail_004_kani=true&JigyosyoCd=0173601626-00&ServiceCd=110&Type=search" }, "geometry": { "type": "Point", "coordinates": [ 141.558335299999953, 42.6238869 ] } },
{ "type": "Feature", "properties": { "内容": "訪問介護にこにこ【訪問介護】北海道苫小牧市光洋町１丁目8番3号", "url2": "https://www.kaigokensaku.mhlw.go.jp/01/index.php?action_kouhyou_detail_004_kani=true&JigyosyoCd=0173601774-00&ServiceCd=110&Type=search" }, "geometry": { "type": "Point", "coordinates": [ 141.565452387171973, 42.622791116277632 ] } },
{ "type": "Feature", "properties": { "内容": "ヘルパーステーションあいりす【訪問介護】北海道苫小牧市しらかば町3丁目2番18号共同住宅ウエストビレッジ", "url2": "https://www.kaigokensaku.mhlw.go.jp/01/index.php?action_kouhyou_detail_004_kani=true&JigyosyoCd=0173601840-00&ServiceCd=110&Type=search" }, "geometry": { "type": "Point", "coordinates": [ 141.535341437434454, 42.619557653005153 ] } },
{ "type": "Feature", "properties": { "内容": "訪問介護ミライ【訪問介護】北海道苫小牧市音羽町1丁目11番13号", "url2": "https://www.kaigokensaku.mhlw.go.jp/01/index.php?action_kouhyou_detail_004_kani=true&JigyosyoCd=0173602350-00&ServiceCd=110&Type=search" }, "geometry": { "type": "Point", "coordinates": [ 141.61669346137694, 42.648409075872038 ] } },
{ "type": "Feature", "properties": { "内容": "ライフ・リバイバル【訪問介護】苫小牧市栄町2丁目１番23号栄ビル", "url2": "https://www.kaigokensaku.mhlw.go.jp/01/index.php?action_kouhyou_detail_004_kani=true&JigyosyoCd=0173602210-00&ServiceCd=110&Type=search" }, "geometry": { "type": "Point", "coordinates": [ 141.602307886744512, 42.630859912042055 ] } },
{ "type": "Feature", "properties": { "内容": "ヘルパーステーションらぽーる【訪問介護】北海道苫小牧市美原町2丁目5-14共同ハウス美原の郷", "url2": "https://www.kaigokensaku.mhlw.go.jp/01/index.php?action_kouhyou_detail_004_kani=true&JigyosyoCd=0173602525-00&ServiceCd=110&Type=search" }, "geometry": { "type": "Point", "coordinates": [ 141.502531978880683, 42.608082814256441 ] } },
{ "type": "Feature", "properties": { "内容": "ヘルパーステーション優らいふ【訪問介護】北海道苫小牧市新明町4丁目20番22号", "url2": "https://www.kaigokensaku.mhlw.go.jp/01/index.php?action_kouhyou_detail_004_kani=true&JigyosyoCd=0173601253-00&ServiceCd=110&Type=search" }, "geometry": { "type": "Point", "coordinates": [ 141.622794351745597, 42.664573079531891 ] } },
{ "type": "Feature", "properties": { "内容": "株式会社健康会　ヘルパーステーションしらかば【訪問介護】苫小牧市しらかば町2丁目1番23号　糸井駅前オフィス2階", "url2": "https://www.kaigokensaku.mhlw.go.jp/01/index.php?action_kouhyou_detail_004_kani=true&JigyosyoCd=0173600750-00&ServiceCd=110&Type=search" }, "geometry": { "type": "Point", "coordinates": [ 141.544569396883986, 42.622486294429216 ] } },
{ "type": "Feature", "properties": { "内容": "ＰＯＰケア苫小牧【訪問介護】北海道苫小牧市表町1丁目3番4号大東ビル　3階", "url2": "https://www.kaigokensaku.mhlw.go.jp/01/index.php?action_kouhyou_detail_004_kani=true&JigyosyoCd=0173600503-00&ServiceCd=110&Type=search" }, "geometry": { "type": "Point", "coordinates": [ 141.601605638237061, 42.634521660735807 ] } },
{ "type": "Feature", "properties": { "内容": "ヘルパーステーション萌とまこまい【訪問介護】北海道苫小牧市字錦岡443番地453202号室", "url2": "https://www.kaigokensaku.mhlw.go.jp/01/index.php?action_kouhyou_detail_004_kani=true&JigyosyoCd=0173601592-00&ServiceCd=110&Type=search" }, "geometry": { "type": "Point", "coordinates": [ 141.49133489999997, 42.6258174 ] } },
{ "type": "Feature", "properties": { "内容": "ヘルパーステーションまごころ【訪問介護】北海道苫小牧市元中野町２丁目１８番１９号ハイツサクラ1-2", "url2": "https://www.kaigokensaku.mhlw.go.jp/01/index.php?action_kouhyou_detail_004_kani=true&JigyosyoCd=0173602343-00&ServiceCd=110&Type=search" }, "geometry": { "type": "Point", "coordinates": [ 141.614667700000041, 42.6365136 ] } },
{ "type": "Feature", "properties": { "内容": "訪問介護事業所あおぞら【訪問介護】北海道苫小牧市花園町２丁目１２番３号", "url2": "https://www.kaigokensaku.mhlw.go.jp/01/index.php?action_kouhyou_detail_004_kani=true&JigyosyoCd=0173602566-00&ServiceCd=110&Type=search" }, "geometry": { "type": "Point", "coordinates": [ 141.5679278, 42.6323423 ] } },
{ "type": "Feature", "properties": { "内容": "合同会社たんぽぽ苫小牧【訪問介護】北海道苫小牧市澄川町8-16-19", "url2": "https://www.kaigokensaku.mhlw.go.jp/01/index.php?action_kouhyou_detail_004_kani=true&JigyosyoCd=0173601519-00&ServiceCd=110&Type=search" }, "geometry": { "type": "Point", "coordinates": [ 141.514751499999988, 42.6263792 ] } },
{ "type": "Feature", "properties": { "内容": "訪問介護事業所マインドハート【訪問介護】苫小牧市のぞみ町3丁目2-19アルカディアⅠ-105", "url2": "https://www.kaigokensaku.mhlw.go.jp/01/index.php?action_kouhyou_detail_004_kani=true&JigyosyoCd=0173601915-00&ServiceCd=110&Type=search" }, "geometry": { "type": "Point", "coordinates": [ 141.500284400000027, 42.6177712 ] } },
{ "type": "Feature", "properties": { "内容": "勤医協ヘルパーステーションコスモス【訪問介護】北海道苫小牧市山手町２丁目１４番９号", "url2": "https://www.kaigokensaku.mhlw.go.jp/01/index.php?action_kouhyou_detail_004_kani=true&JigyosyoCd=0173602707-00&ServiceCd=110&Type=search" }, "geometry": { "type": "Point", "coordinates": [ 141.570976, 42.640578 ] } },
{ "type": "Feature", "properties": { "内容": "指定訪問介護事業所　陽だまりの樹【訪問介護】北海道苫小牧市元中野町2丁目3番3号陽だまりの樹ななかまど", "url2": "https://www.kaigokensaku.mhlw.go.jp/01/index.php?action_kouhyou_detail_004_kani=true&JigyosyoCd=0173602087-00&ServiceCd=110&Type=search" }, "geometry": { "type": "Point", "coordinates": [ 141.618400542362593, 42.635012488540205 ] } },
{ "type": "Feature", "properties": { "内容": "ヘルパーステーション松風【訪問介護】北海道苫小牧市松風２番１５号", "url2": "https://www.kaigokensaku.mhlw.go.jp/01/index.php?action_kouhyou_detail_004_kani=true&JigyosyoCd=0173601568-00&ServiceCd=110&Type=search" }, "geometry": { "type": "Point", "coordinates": [ 141.558659199999965, 42.6378054 ] } },
{ "type": "Feature", "properties": { "内容": "NPOふれあい【訪問介護】苫小牧市新富町２丁目6-21", "url2": "https://www.kaigokensaku.mhlw.go.jp/01/index.php?action_kouhyou_detail_004_kani=true&JigyosyoCd=0173600859-00&ServiceCd=110&Type=search" }, "geometry": { "type": "Point", "coordinates": [ 141.573391600000036, 42.6249651 ] } },
{ "type": "Feature", "properties": { "内容": "ケア・サービス苫小牧【訪問介護】北海道苫小牧市青葉町１丁目２番３号", "url2": "https://www.kaigokensaku.mhlw.go.jp/01/index.php?action_kouhyou_detail_004_kani=true&JigyosyoCd=0173600024-00&ServiceCd=110&Type=search" }, "geometry": { "type": "Point", "coordinates": [ 141.57408, 42.629417599999989 ] } },
{ "type": "Feature", "properties": { "内容": "訪問介護事業所グリーングラス苫小牧【訪問介護】苫小牧市見山町4丁目1番26号", "url2": "https://www.kaigokensaku.mhlw.go.jp/01/index.php?action_kouhyou_detail_004_kani=true&JigyosyoCd=0173600909-00&ServiceCd=110&Type=search" }, "geometry": { "type": "Point", "coordinates": [ 141.563125500000069, 42.6353558 ] } },
{ "type": "Feature", "properties": { "内容": "ヘルパーステーション縁【訪問介護】北海道苫小牧市元中野町２丁目４番１４号", "url2": "https://www.kaigokensaku.mhlw.go.jp/01/index.php?action_kouhyou_detail_004_kani=true&JigyosyoCd=0173629726-00&ServiceCd=110&Type=search" }, "geometry": { "type": "Point", "coordinates": [ 141.6171086, 42.6350796 ] } },
{ "type": "Feature", "properties": { "内容": "合同会社訪問介護あさがお【訪問介護】北海道苫小牧市桜木町２丁目２３番２１号桜木コーポ１０１号", "url2": "https://www.kaigokensaku.mhlw.go.jp/01/index.php?action_kouhyou_detail_004_kani=true&JigyosyoCd=0173629858-00&ServiceCd=110&Type=search" }, "geometry": { "type": "Point", "coordinates": [ 141.5519487, 42.6275309 ] } },
{ "type": "Feature", "properties": { "内容": "訪問介護事業所クラウネックス【訪問介護】北海道苫小牧市住吉町2丁目2番4号", "url2": "https://www.kaigokensaku.mhlw.go.jp/01/index.php?action_kouhyou_detail_004_kani=true&JigyosyoCd=0173602202-00&ServiceCd=110&Type=search" }, "geometry": { "type": "Point", "coordinates": [ 141.608642, 42.652131 ] } },
{ "type": "Feature", "properties": { "内容": "ニチイケアセンター苫小牧【訪問介護】北海道苫小牧市光洋町1丁目５－１７", "url2": "https://www.kaigokensaku.mhlw.go.jp/01/index.php?action_kouhyou_detail_004_kani=true&JigyosyoCd=0173600016-00&ServiceCd=110&Type=search" }, "geometry": { "type": "Point", "coordinates": [ 141.5603602, 42.6218149 ] } },
{ "type": "Feature", "properties": { "内容": "訪問介護笹舟【訪問介護】北海道苫小牧市船見町２丁目6－4ラフィーネB202", "url2": "https://www.kaigokensaku.mhlw.go.jp/01/index.php?action_kouhyou_detail_004_kani=true&JigyosyoCd=0173602376-00&ServiceCd=110&Type=search" }, "geometry": { "type": "Point", "coordinates": [ 141.619632599999989, 42.6446781 ] } },
{ "type": "Feature", "properties": { "内容": "ヘルパーステーションすまいる【訪問介護】北海道苫小牧市日新町4丁目1-34", "url2": "https://www.kaigokensaku.mhlw.go.jp/01/index.php?action_kouhyou_detail_004_kani=true&JigyosyoCd=0173601238-00&ServiceCd=110&Type=search" }, "geometry": { "type": "Point", "coordinates": [ 141.532841, 42.627216 ] } },
{ "type": "Feature", "properties": { "内容": "訪問介護　桃たろう【訪問介護】北海道苫小牧市双葉町2丁目3番18号", "url2": "https://www.kaigokensaku.mhlw.go.jp/01/index.php?action_kouhyou_detail_004_kani=true&JigyosyoCd=0173602111-00&ServiceCd=110&Type=search" }, "geometry": { "type": "Point", "coordinates": [ 141.610989300000057, 42.6484454 ] } },
{ "type": "Feature", "properties": { "内容": "訪問介護ライフプラス【訪問介護】北海道苫小牧市花園町３丁目３－２１", "url2": "https://www.kaigokensaku.mhlw.go.jp/01/index.php?action_kouhyou_detail_004_kani=true&JigyosyoCd=0173602285-00&ServiceCd=110&Type=search" }, "geometry": { "type": "Point", "coordinates": [ 141.571712899999966, 42.6370754 ] } },
{ "type": "Feature", "properties": { "内容": "ヘルパーステーションきぼう【訪問介護】苫小牧市新中野町3丁目６－５華紋ビル２０１", "url2": "https://www.kaigokensaku.mhlw.go.jp/01/index.php?action_kouhyou_detail_004_kani=true&JigyosyoCd=0173601360-00&ServiceCd=110&Type=search" }, "geometry": { "type": "Point", "coordinates": [ 141.612570425502668, 42.641460764677355 ] } },
{ "type": "Feature", "properties": { "内容": "ヘルパーステーション葵【訪問介護】北海道苫小牧市汐見町3丁目1-26", "url2": "https://www.kaigokensaku.mhlw.go.jp/01/index.php?action_kouhyou_detail_004_kani=true&JigyosyoCd=0173602616-00&ServiceCd=110&Type=search" }, "geometry": { "type": "Point", "coordinates": [ 141.608728899999988, 42.6278625 ] } },
{ "type": "Feature", "properties": { "内容": "ヘルパーステーション　いこい【訪問介護】苫小牧市美原町２丁目５番１号", "url2": "https://www.kaigokensaku.mhlw.go.jp/01/index.php?action_kouhyou_detail_004_kani=true&JigyosyoCd=0173601436-00&ServiceCd=110&Type=search" }, "geometry": { "type": "Point", "coordinates": [ 141.5027671110565, 42.608483551089165 ] } },
{ "type": "Feature", "properties": { "内容": "訪問介護ひよこ【訪問介護】北海道苫小牧市川沿町5丁目10番4サンクタス川沿201", "url2": "https://www.kaigokensaku.mhlw.go.jp/01/index.php?action_kouhyou_detail_004_kani=true&JigyosyoCd=0173602665-00&ServiceCd=110&Type=search" }, "geometry": { "type": "Point", "coordinates": [ 141.526508572352611, 42.621426842295421 ] } },
{ "type": "Feature", "properties": { "内容": "ヘルパーステーションふらっと【訪問介護】北海道苫小牧市豊川町丁目1番２号", "url2": "https://www.kaigokensaku.mhlw.go.jp/01/index.php?action_kouhyou_detail_004_kani=true&JigyosyoCd=0173601741-00&ServiceCd=110&Type=search" }, "geometry": { "type": "Point", "coordinates": [ 141.526372199999969, 42.6288183 ] } },
{ "type": "Feature", "properties": { "内容": "訪問介護事業所ぽかぽか【訪問介護】北海道苫小牧市光洋町2丁目6番2号", "url2": "https://www.kaigokensaku.mhlw.go.jp/01/index.php?action_kouhyou_detail_004_kani=true&JigyosyoCd=0173602640-00&ServiceCd=110&Type=search" }, "geometry": { "type": "Point", "coordinates": [ 141.560673542938588, 42.623295602335581 ] } },
{ "type": "Feature", "properties": { "内容": "介護サービスライラック訪問介護事業所【訪問介護】苫小牧市有珠の沢町4丁目14-10", "url2": "https://www.kaigokensaku.mhlw.go.jp/01/index.php?action_kouhyou_detail_004_kani=true&JigyosyoCd=0173600735-00&ServiceCd=110&Type=search" }, "geometry": { "type": "Point", "coordinates": [ 141.549174099999959, 42.6401908 ] } },
{ "type": "Feature", "properties": { "内容": "チーム指定訪問介護ステーション【訪問介護】北海道苫小牧市ウトナイ北７丁目１４番３号", "url2": "https://www.kaigokensaku.mhlw.go.jp/01/index.php?action_kouhyou_detail_004_kani=true&JigyosyoCd=0173629957-00&ServiceCd=110&Type=search" }, "geometry": { "type": "Point", "coordinates": [ 141.689997942738586, 42.687813804303275 ] } },
{ "type": "Feature", "properties": { "内容": "ケアサービスあおい【訪問介護】北海道苫小牧市双葉町１丁目１番５号こだまビル２階", "url2": "https://www.kaigokensaku.mhlw.go.jp/01/index.php?action_kouhyou_detail_004_kani=true&JigyosyoCd=0173629825-00&ServiceCd=110&Type=search" }, "geometry": { "type": "Point", "coordinates": [ 141.6155487, 42.6491597 ] } },
{ "type": "Feature", "properties": { "内容": "さくら・介護ステーション苫小牧【訪問介護】苫小牧市大成町2丁目7-18lifeone101号", "url2": "https://www.kaigokensaku.mhlw.go.jp/01/index.php?action_kouhyou_detail_004_kani=true&JigyosyoCd=0173629874-00&ServiceCd=110&Type=search" }, "geometry": { "type": "Point", "coordinates": [ 141.570858299999969, 42.6266636 ] } },
{ "type": "Feature", "properties": { "内容": "ヘルパーステーション　こもれび【訪問介護】北海道苫小牧市川沿町4丁目7－13グランド川沿１C", "url2": "https://www.kaigokensaku.mhlw.go.jp/01/index.php?action_kouhyou_detail_004_kani=true&JigyosyoCd=0173629742-00&ServiceCd=110&Type=search" }, "geometry": { "type": "Point", "coordinates": [ 141.521845399999989, 42.6207457 ] } },
{ "type": "Feature", "properties": { "内容": "ヘルパーステーション　ササエさん【訪問介護】北海道苫小牧市日新町1丁目4番28号", "url2": "https://www.kaigokensaku.mhlw.go.jp/01/index.php?action_kouhyou_detail_004_kani=true&JigyosyoCd=0173629783-00&ServiceCd=110&Type=search" }, "geometry": { "type": "Point", "coordinates": [ 141.5453202, 42.6302071 ] } },
{ "type": "Feature", "properties": { "内容": "ヘルパーステーションエール【訪問介護】北海道稚内市潮見４丁目４番３５号", "url2": "https://www.kaigokensaku.mhlw.go.jp/01/index.php?action_kouhyou_detail_004_kani=true&JigyosyoCd=0176700961-00&ServiceCd=110&Type=search" }, "geometry": { "type": "Point", "coordinates": [ 141.705074238911038, 45.395167729754505 ] } },
{ "type": "Feature", "properties": { "内容": "ライフサポートケイト【訪問介護】北海道稚内市中央2丁目12-30", "url2": "https://www.kaigokensaku.mhlw.go.jp/01/index.php?action_kouhyou_detail_004_kani=true&JigyosyoCd=0176700946-00&ServiceCd=110&Type=search" }, "geometry": { "type": "Point", "coordinates": [ 141.675745900000038, 45.4178223 ] } },
{ "type": "Feature", "properties": { "内容": "介護サービスあさひ【訪問介護】北海道稚内市朝日4丁目2187番6ハピリアあさひ", "url2": "https://www.kaigokensaku.mhlw.go.jp/01/index.php?action_kouhyou_detail_004_kani=true&JigyosyoCd=0176700870-00&ServiceCd=110&Type=search" }, "geometry": { "type": "Point", "coordinates": [ 141.71075, 45.379936 ] } },
{ "type": "Feature", "properties": { "内容": "社会医療法人禎心会ヘルパーステーション優【訪問介護】稚内市栄1丁目24番2号老人保健施設ら・ぷらーさ内", "url2": "https://www.kaigokensaku.mhlw.go.jp/01/index.php?action_kouhyou_detail_004_kani=true&JigyosyoCd=0176700508-00&ServiceCd=110&Type=search" }, "geometry": { "type": "Point", "coordinates": [ 141.696209801713621, 45.386931920152861 ] } },
{ "type": "Feature", "properties": { "内容": "訪問介護事業所ひまわり【訪問介護】稚内市中央４丁目7番28号", "url2": "https://www.kaigokensaku.mhlw.go.jp/01/index.php?action_kouhyou_detail_004_kani=true&JigyosyoCd=0176700458-00&ServiceCd=110&Type=search" }, "geometry": { "type": "Point", "coordinates": [ 141.676090400000021, 45.413097900000011 ] } },
{ "type": "Feature", "properties": { "内容": "社会福祉法人渓仁会　ホームヘルパーステーションすまいる【訪問介護】美唄市東４条南５丁目１番４号（美唄市東地区生活支援センターすまいる内）東地区生活支援センターすまいる", "url2": "https://www.kaigokensaku.mhlw.go.jp/01/index.php?action_kouhyou_detail_004_kani=true&JigyosyoCd=0176100048-00&ServiceCd=110&Type=search" }, "geometry": { "type": "Point", "coordinates": [ 141.867759, 43.325663 ] } },
{ "type": "Feature", "properties": { "内容": "訪問介護まる美【訪問介護】北海道美唄市東7条北8丁目2-15", "url2": "https://www.kaigokensaku.mhlw.go.jp/01/index.php?action_kouhyou_detail_004_kani=true&JigyosyoCd=0176100378-00&ServiceCd=110&Type=search" }, "geometry": { "type": "Point", "coordinates": [ 141.8849731, 43.3397671 ] } },
{ "type": "Feature", "properties": { "内容": "ヘルパーステーションシニアリスペクト【訪問介護】北海道美唄市字美唄及茶志内1759-6（東明３区）サービス付き高齢者住宅　シニアリスペクト12（内）", "url2": "https://www.kaigokensaku.mhlw.go.jp/01/index.php?action_kouhyou_detail_004_kani=true&JigyosyoCd=0176100220-00&ServiceCd=110&Type=search" }, "geometry": { "type": "Point", "coordinates": [ 141.888868093914766, 43.341722509774947 ] } },
{ "type": "Feature", "properties": { "内容": "びばい社協さわやかヘルパーステーション【訪問介護】北海道美唄市西３条南３丁目6-2　美唄市総合福祉センタ－ぽぷら内", "url2": "https://www.kaigokensaku.mhlw.go.jp/01/index.php?action_kouhyou_detail_004_kani=true&JigyosyoCd=0176100022-00&ServiceCd=110&Type=search" }, "geometry": { "type": "Point", "coordinates": [ 141.85261, 43.3305982 ] } },
{ "type": "Feature", "properties": { "内容": "訪問介護事業所絆【訪問介護】北海道美唄市西４条南２丁目２番地1号ウエストドーム内１号棟", "url2": "https://www.kaigokensaku.mhlw.go.jp/01/index.php?action_kouhyou_detail_004_kani=true&JigyosyoCd=0176100238-00&ServiceCd=110&Type=search" }, "geometry": { "type": "Point", "coordinates": [ 141.85158193068844, 43.332506513805534 ] } },
{ "type": "Feature", "properties": { "内容": "社会福祉法人芦別市社会福祉協議会訪問介護ステーション【訪問介護】北海道芦別市北1条東1丁目8番地", "url2": "https://www.kaigokensaku.mhlw.go.jp/01/index.php?action_kouhyou_detail_004_kani=true&JigyosyoCd=0177300035-00&ServiceCd=110&Type=search" }, "geometry": { "type": "Point", "coordinates": [ 142.189169699999979, 43.518968799999982 ] } },
{ "type": "Feature", "properties": { "内容": "芦別慈恵園訪問介護サービス【訪問介護】北海道芦別市旭町28番地", "url2": "https://www.kaigokensaku.mhlw.go.jp/01/index.php?action_kouhyou_detail_004_kani=true&JigyosyoCd=0177300050-00&ServiceCd=110&Type=search" }, "geometry": { "type": "Point", "coordinates": [ 142.197282399999949, 43.5257846 ] } },
{ "type": "Feature", "properties": { "内容": "指定訪問介護事業所はるケアサービス【訪問介護】３条３丁目２番地", "url2": "https://www.kaigokensaku.mhlw.go.jp/01/index.php?action_kouhyou_detail_004_kani=true&JigyosyoCd=0171000847-00&ServiceCd=110&Type=search" }, "geometry": { "type": "Point", "coordinates": [ 141.558550299999979, 43.1131579 ] } },
{ "type": "Feature", "properties": { "内容": "訪問介護事業所　花ひかり【訪問介護】北海道江別市大麻晴美町１０番地５", "url2": "https://www.kaigokensaku.mhlw.go.jp/01/index.php?action_kouhyou_detail_004_kani=true&JigyosyoCd=0171001316-00&ServiceCd=110&Type=search" }, "geometry": { "type": "Point", "coordinates": [ 141.50311261244201, 43.084130665263665 ] } },
{ "type": "Feature", "properties": { "内容": "訪問介護ステーションブルーライズ野幌【訪問介護】北海道江別市野幌末広町39番地の1", "url2": "https://www.kaigokensaku.mhlw.go.jp/01/index.php?action_kouhyou_detail_004_kani=true&JigyosyoCd=0171001811-00&ServiceCd=110&Type=search" }, "geometry": { "type": "Point", "coordinates": [ 141.511791200000062, 43.0889209 ] } },
{ "type": "Feature", "properties": { "内容": "ほのぼのさくら野幌ヘルパーステーション【訪問介護】北海道江別市野幌松並町8番地", "url2": "https://www.kaigokensaku.mhlw.go.jp/01/index.php?action_kouhyou_detail_004_kani=true&JigyosyoCd=0171002025-00&ServiceCd=110&Type=search" }, "geometry": { "type": "Point", "coordinates": [ 141.51987410000001, 43.0877729 ] } },
{ "type": "Feature", "properties": { "内容": "訪問介護ステーション和心【訪問介護】北海道江別市文京台６１番地２住宅型有料老人ホームあんせむ", "url2": "https://www.kaigokensaku.mhlw.go.jp/01/index.php?action_kouhyou_detail_004_kani=true&JigyosyoCd=0171001951-00&ServiceCd=110&Type=search" }, "geometry": { "type": "Point", "coordinates": [ 141.4890198, 43.0607445 ] } },
{ "type": "Feature", "properties": { "内容": "訪問介護事業所ラ・ムーン【訪問介護】北海道江別市新栄台91-2住宅型有料老人ホーム　ラ・ムーン", "url2": "https://www.kaigokensaku.mhlw.go.jp/01/index.php?action_kouhyou_detail_004_kani=true&JigyosyoCd=0171001860-00&ServiceCd=110&Type=search" }, "geometry": { "type": "Point", "coordinates": [ 141.521116774205012, 43.108022298227311 ] } },
{ "type": "Feature", "properties": { "内容": "ヘルパーステーションいきいき【訪問介護】江別市大麻沢町5番地の6", "url2": "https://www.kaigokensaku.mhlw.go.jp/01/index.php?action_kouhyou_detail_004_kani=true&JigyosyoCd=0171000011-00&ServiceCd=110&Type=search" }, "geometry": { "type": "Point", "coordinates": [ 141.486650899999972, 43.0722237 ] } },
{ "type": "Feature", "properties": { "内容": "ヘルパーステーションわかくさ【訪問介護】江別市若草町6番地の1", "url2": "https://www.kaigokensaku.mhlw.go.jp/01/index.php?action_kouhyou_detail_004_kani=true&JigyosyoCd=0171000276-00&ServiceCd=110&Type=search" }, "geometry": { "type": "Point", "coordinates": [ 141.545606799999973, 43.112466 ] } },
{ "type": "Feature", "properties": { "内容": "ホームヘルプサービス夢ふうせんみどり【訪問介護】北海道江別市緑町東3丁目111-32", "url2": "https://www.kaigokensaku.mhlw.go.jp/01/index.php?action_kouhyou_detail_004_kani=true&JigyosyoCd=0171001514-00&ServiceCd=110&Type=search" }, "geometry": { "type": "Point", "coordinates": [ 141.542123299999957, 43.1187179 ] } },
{ "type": "Feature", "properties": { "内容": "ヘルパーステーションはばたき江別センター【訪問介護】北海道江別市元町３２番地の８元町ビル１階", "url2": "https://www.kaigokensaku.mhlw.go.jp/01/index.php?action_kouhyou_detail_004_kani=true&JigyosyoCd=0171000169-00&ServiceCd=110&Type=search" }, "geometry": { "type": "Point", "coordinates": [ 141.53821240000002, 43.1075968 ] } },
{ "type": "Feature", "properties": { "内容": "ヘルパーステーションおもてなし江別【訪問介護】北海道江別市文京台62番地2ダイアナ文京台", "url2": "https://www.kaigokensaku.mhlw.go.jp/01/index.php?action_kouhyou_detail_004_kani=true&JigyosyoCd=0171001829-00&ServiceCd=110&Type=search" }, "geometry": { "type": "Point", "coordinates": [ 141.488893500000017, 43.0617362 ] } },
{ "type": "Feature", "properties": { "内容": "ニチイケアセンター野幌【訪問介護】北海道江別市野幌松並町2番地4レジデンス三幸1階", "url2": "https://www.kaigokensaku.mhlw.go.jp/01/index.php?action_kouhyou_detail_004_kani=true&JigyosyoCd=0171000136-00&ServiceCd=110&Type=search" }, "geometry": { "type": "Point", "coordinates": [ 141.522878399999968, 43.0907341 ] } },
{ "type": "Feature", "properties": { "内容": "ニチイケアセンター江別向ヶ丘【訪問介護】北海道江別市向ヶ丘２番地14第2三信ビル2階", "url2": "https://www.kaigokensaku.mhlw.go.jp/01/index.php?action_kouhyou_detail_004_kani=true&JigyosyoCd=0171001217-00&ServiceCd=110&Type=search" }, "geometry": { "type": "Point", "coordinates": [ 141.536224299999958, 43.1073524 ] } },
{ "type": "Feature", "properties": { "内容": "株式会社健康会　ヘルパーステーションおおあさ【訪問介護】北海道江別市大麻中町2-17メディカルビルおおあさ3階", "url2": "https://www.kaigokensaku.mhlw.go.jp/01/index.php?action_kouhyou_detail_004_kani=true&JigyosyoCd=0171000235-00&ServiceCd=110&Type=search" }, "geometry": { "type": "Point", "coordinates": [ 141.492183601865321, 43.074904772788656 ] } },
{ "type": "Feature", "properties": { "内容": "ヘルパーステーション結の謌【訪問介護】北海道江別市ゆめみ野東町1番地1社会福祉法人北叡会　夢結路", "url2": "https://www.kaigokensaku.mhlw.go.jp/01/index.php?action_kouhyou_detail_004_kani=true&JigyosyoCd=0171001498-00&ServiceCd=110&Type=search" }, "geometry": { "type": "Point", "coordinates": [ 141.565701408506555, 43.104911631202569 ] } },
{ "type": "Feature", "properties": { "内容": "静苑ホームヘルパーステーション友愛野幌【訪問介護】北海道江別市新栄台46番地の10", "url2": "https://www.kaigokensaku.mhlw.go.jp/01/index.php?action_kouhyou_detail_004_kani=true&JigyosyoCd=0171000102-00&ServiceCd=110&Type=search" }, "geometry": { "type": "Point", "coordinates": [ 141.512493, 43.1075267 ] } },
{ "type": "Feature", "properties": { "内容": "ヘルパーステーションげんき【訪問介護】北海道江別市野幌町80番地１FKマンションのっぽろ101号室", "url2": "https://www.kaigokensaku.mhlw.go.jp/01/index.php?action_kouhyou_detail_004_kani=true&JigyosyoCd=0171000920-00&ServiceCd=110&Type=search" }, "geometry": { "type": "Point", "coordinates": [ 141.521434399999947, 43.0926507 ] } },
{ "type": "Feature", "properties": { "内容": "いろはケア江別駅前【訪問介護】北海道江別市上江別東町４－１ウェルライフヴィラ江別駅前", "url2": "https://www.kaigokensaku.mhlw.go.jp/01/index.php?action_kouhyou_detail_004_kani=true&JigyosyoCd=0171001852-00&ServiceCd=110&Type=search" }, "geometry": { "type": "Point", "coordinates": [ 141.555176977909866, 43.108588306632413 ] } },
{ "type": "Feature", "properties": { "内容": "ヘルパーステーションこはる【訪問介護】北海道江別市緑ヶ丘５８番地の１安心住宅こはる内", "url2": "https://www.kaigokensaku.mhlw.go.jp/01/index.php?action_kouhyou_detail_004_kani=true&JigyosyoCd=0171001084-00&ServiceCd=110&Type=search" }, "geometry": { "type": "Point", "coordinates": [ 141.542639399999985, 43.0813912 ] } },
{ "type": "Feature", "properties": { "内容": "ヘルパーステーションプラネット【訪問介護】江別市東光町106-1", "url2": "https://www.kaigokensaku.mhlw.go.jp/01/index.php?action_kouhyou_detail_004_kani=true&JigyosyoCd=0171002140-00&ServiceCd=110&Type=search" }, "geometry": { "type": "Point", "coordinates": [ 141.574093, 43.110833700000015 ] } },
{ "type": "Feature", "properties": { "内容": "指定訪問介護事業所　なごみの杜【訪問介護】北海道江別市元江別本町34-10", "url2": "https://www.kaigokensaku.mhlw.go.jp/01/index.php?action_kouhyou_detail_004_kani=true&JigyosyoCd=0171001464-00&ServiceCd=110&Type=search" }, "geometry": { "type": "Point", "coordinates": [ 141.526954700000033, 43.1087514 ] } },
{ "type": "Feature", "properties": { "内容": "訪問介護ステーションくるみ【訪問介護】北海道江別市野幌町61番６号シンフォニー201", "url2": "https://www.kaigokensaku.mhlw.go.jp/01/index.php?action_kouhyou_detail_004_kani=true&JigyosyoCd=0171002173-00&ServiceCd=110&Type=search" }, "geometry": { "type": "Point", "coordinates": [ 141.5245658, 43.0922408 ] } },
{ "type": "Feature", "properties": { "内容": "みなみケアセンター【訪問介護】赤平市昭和町３丁目３７番地３", "url2": "https://www.kaigokensaku.mhlw.go.jp/01/index.php?action_kouhyou_detail_004_kani=true&JigyosyoCd=0177200086-00&ServiceCd=110&Type=search" }, "geometry": { "type": "Point", "coordinates": [ 142.031453, 43.5671532 ] } },
{ "type": "Feature", "properties": { "内容": "赤平市社会福祉協議会　訪問介護事業所【訪問介護】北海道赤平市東大町３丁目４番地", "url2": "https://www.kaigokensaku.mhlw.go.jp/01/index.php?action_kouhyou_detail_004_kani=true&JigyosyoCd=0177200029-00&ServiceCd=110&Type=search" }, "geometry": { "type": "Point", "coordinates": [ 142.0573157, 43.5526807 ] } },
{ "type": "Feature", "properties": { "内容": "ホームヘルプサービス夢ふうせんラポール【訪問介護】北海道紋別市落石町5丁目4-13", "url2": "https://www.kaigokensaku.mhlw.go.jp/01/index.php?action_kouhyou_detail_004_kani=true&JigyosyoCd=0175100452-00&ServiceCd=110&Type=search" }, "geometry": { "type": "Point", "coordinates": [ 143.335837500000025, 44.3580696 ] } },
{ "type": "Feature", "properties": { "内容": "みらいケアセンター【訪問介護】北海道紋別市渚滑町元新2丁目169-2", "url2": "https://www.kaigokensaku.mhlw.go.jp/01/index.php?action_kouhyou_detail_004_kani=true&JigyosyoCd=0175100304-00&ServiceCd=110&Type=search" }, "geometry": { "type": "Point", "coordinates": [ 143.327540099999965, 44.365952 ] } },
{ "type": "Feature", "properties": { "内容": "かさいヘルパーステーション【訪問介護】北海道紋別市南が丘町4丁目9番15号", "url2": "https://www.kaigokensaku.mhlw.go.jp/01/index.php?action_kouhyou_detail_004_kani=true&JigyosyoCd=0175100346-00&ServiceCd=110&Type=search" }, "geometry": { "type": "Point", "coordinates": [ 143.355527, 44.3378332 ] } },
{ "type": "Feature", "properties": { "内容": "ほくしあケアセンター【訪問介護】紋別市幸町１丁目３－６", "url2": "https://www.kaigokensaku.mhlw.go.jp/01/index.php?action_kouhyou_detail_004_kani=true&JigyosyoCd=0175100312-00&ServiceCd=110&Type=search" }, "geometry": { "type": "Point", "coordinates": [ 143.3544475, 44.3587563 ] } },
{ "type": "Feature", "properties": { "内容": "みんと　紋別ケアセンター【訪問介護】紋別市大山町１丁目３６番１号", "url2": "https://www.kaigokensaku.mhlw.go.jp/01/index.php?action_kouhyou_detail_004_kani=true&JigyosyoCd=0175100189-00&ServiceCd=110&Type=search" }, "geometry": { "type": "Point", "coordinates": [ 143.345594099999971, 44.3398688 ] } },
{ "type": "Feature", "properties": { "内容": "有限会社紋別介護サービス【訪問介護】北海道紋別市潮見町4丁目2番23号", "url2": "https://www.kaigokensaku.mhlw.go.jp/01/index.php?action_kouhyou_detail_004_kani=true&JigyosyoCd=0175100015-00&ServiceCd=110&Type=search" }, "geometry": { "type": "Point", "coordinates": [ 143.348511700000017, 44.3586811 ] } },
{ "type": "Feature", "properties": { "内容": "結ホームケアサービス【訪問介護】北海道紋別市緑町5丁目１８番３号", "url2": "https://www.kaigokensaku.mhlw.go.jp/01/index.php?action_kouhyou_detail_004_kani=true&JigyosyoCd=0175100460-00&ServiceCd=110&Type=search" }, "geometry": { "type": "Point", "coordinates": [ 143.341310499999963, 44.3443933 ] } },
{ "type": "Feature", "properties": { "内容": "訪問介護事業所はなことば【訪問介護】北海道士別市東1条10丁目7番地エステート１１０　１０１号室", "url2": "https://www.kaigokensaku.mhlw.go.jp/01/index.php?action_kouhyou_detail_004_kani=true&JigyosyoCd=0173201005-00&ServiceCd=110&Type=search" }, "geometry": { "type": "Point", "coordinates": [ 142.396103399999987, 44.1718307 ] } },
{ "type": "Feature", "properties": { "内容": "士別市社協ヘルパーステーション【訪問介護】北海道士別市東５条３丁目１番地１サポートセンターしべつ内", "url2": "https://www.kaigokensaku.mhlw.go.jp/01/index.php?action_kouhyou_detail_004_kani=true&JigyosyoCd=0173200635-00&ServiceCd=110&Type=search" }, "geometry": { "type": "Point", "coordinates": [ 142.399030208984414, 44.179430138371323 ] } },
{ "type": "Feature", "properties": { "内容": "士別ケアステップ【訪問介護】北海道士別市東１条北７丁目１番地７", "url2": "https://www.kaigokensaku.mhlw.go.jp/01/index.php?action_kouhyou_detail_004_kani=true&JigyosyoCd=0173201070-00&ServiceCd=110&Type=search" }, "geometry": { "type": "Point", "coordinates": [ 142.391306947221381, 44.187175892578246 ] } },
{ "type": "Feature", "properties": { "内容": "指定訪問介護事業所ヘルパーステーションじゅん【訪問介護】北海道名寄市西7条北7丁目14-32　16号", "url2": "https://www.kaigokensaku.mhlw.go.jp/01/index.php?action_kouhyou_detail_004_kani=true&JigyosyoCd=0173201013-00&ServiceCd=110&Type=search" }, "geometry": { "type": "Point", "coordinates": [ 142.453023724810691, 44.363852079730094 ] } },
{ "type": "Feature", "properties": { "内容": "なよろヘルパーセンターぬくもり【訪問介護】北海道名寄市西１条南１２丁目１番地２総合福祉センター内", "url2": "https://www.kaigokensaku.mhlw.go.jp/01/index.php?action_kouhyou_detail_004_kani=true&JigyosyoCd=0173200692-00&ServiceCd=110&Type=search" }, "geometry": { "type": "Point", "coordinates": [ 142.461326800000052, 44.3430784 ] } },
{ "type": "Feature", "properties": { "内容": "ホームヘルパーステーション　やすらぎ【訪問介護】北海道名寄市風連町緑町98番地の１", "url2": "https://www.kaigokensaku.mhlw.go.jp/01/index.php?action_kouhyou_detail_004_kani=true&JigyosyoCd=0173200627-00&ServiceCd=110&Type=search" }, "geometry": { "type": "Point", "coordinates": [ 142.426464900000042, 44.2906743 ] } },
{ "type": "Feature", "properties": { "内容": "名寄ケアセンターきらり株式会社【訪問介護】名寄市西１０条南９丁目４７番地９", "url2": "https://www.kaigokensaku.mhlw.go.jp/01/index.php?action_kouhyou_detail_004_kani=true&JigyosyoCd=0173200775-00&ServiceCd=110&Type=search" }, "geometry": { "type": "Point", "coordinates": [ 142.449060899999949, 44.3469998 ] } },
{ "type": "Feature", "properties": { "内容": "ヘルパーステーションひだまり【訪問介護】北海道三笠市若草町３９７番地７３", "url2": "https://www.kaigokensaku.mhlw.go.jp/01/index.php?action_kouhyou_detail_004_kani=true&JigyosyoCd=0176000032-00&ServiceCd=110&Type=search" }, "geometry": { "type": "Point", "coordinates": [ 141.886495599999989, 43.2481236 ] } },
{ "type": "Feature", "properties": { "内容": "医療法人社団幾生会　ヘルパーステーション笑【訪問介護】北海道三笠市岡山506番地50ヘルパーステーション笑", "url2": "https://www.kaigokensaku.mhlw.go.jp/01/index.php?action_kouhyou_detail_004_kani=true&JigyosyoCd=0176000156-00&ServiceCd=110&Type=search" }, "geometry": { "type": "Point", "coordinates": [ 141.803022610559083, 43.239902583911316 ] } },
{ "type": "Feature", "properties": { "内容": "社会福祉法人　根室市社会福祉協議会　指定訪問介護事業所【訪問介護】根室市有磯町２丁目６番地根室市福祉会館", "url2": "https://www.kaigokensaku.mhlw.go.jp/01/index.php?action_kouhyou_detail_004_kani=true&JigyosyoCd=0174200089-00&ServiceCd=110&Type=search" }, "geometry": { "type": "Point", "coordinates": [ 145.587751, 43.3345476 ] } },
{ "type": "Feature", "properties": { "内容": "道夢ケアセンター訪問介護事業所【訪問介護】北海道根室市宝林町4丁目255番地13住宅型有料老人ホーム宝林道夢", "url2": "https://www.kaigokensaku.mhlw.go.jp/01/index.php?action_kouhyou_detail_004_kani=true&JigyosyoCd=0174200618-00&ServiceCd=110&Type=search" }, "geometry": { "type": "Point", "coordinates": [ 145.594883258860818, 43.314276158031504 ] } },
{ "type": "Feature", "properties": { "内容": "ヘルパーステーション根室たんぽぽ【訪問介護】北海道根室市穂香106番地15", "url2": "https://www.kaigokensaku.mhlw.go.jp/01/index.php?action_kouhyou_detail_004_kani=true&JigyosyoCd=0174200386-00&ServiceCd=110&Type=search" }, "geometry": { "type": "Point", "coordinates": [ 145.548273879534918, 43.314363813629726 ] } },
{ "type": "Feature", "properties": { "内容": "ヘルパーステーション白樺【訪問介護】北海道根室市月岡町１丁目３０番地９", "url2": "https://www.kaigokensaku.mhlw.go.jp/01/index.php?action_kouhyou_detail_004_kani=true&JigyosyoCd=0174200675-00&ServiceCd=110&Type=search" }, "geometry": { "type": "Point", "coordinates": [ 145.582645606756387, 43.316815548054258 ] } },
{ "type": "Feature", "properties": { "内容": "ライフヘルプちとせ【訪問介護】北海道千歳市北栄１丁目８番１４号", "url2": "https://www.kaigokensaku.mhlw.go.jp/01/index.php?action_kouhyou_detail_004_kani=true&JigyosyoCd=0171101140-00&ServiceCd=110&Type=search" }, "geometry": { "type": "Point", "coordinates": [ 141.641252182209001, 42.827838932868879 ] } },
{ "type": "Feature", "properties": { "内容": "グラン・セラ訪問介護事業所【訪問介護】千歳市柏陽4丁目3番2号", "url2": "https://www.kaigokensaku.mhlw.go.jp/01/index.php?action_kouhyou_detail_004_kani=true&JigyosyoCd=0171100928-00&ServiceCd=110&Type=search" }, "geometry": { "type": "Point", "coordinates": [ 141.591995699999984, 42.7808514 ] } },
{ "type": "Feature", "properties": { "内容": "ニチイケアセンター千歳【訪問介護】北海道千歳市千代田町5丁目１－３", "url2": "https://www.kaigokensaku.mhlw.go.jp/01/index.php?action_kouhyou_detail_004_kani=true&JigyosyoCd=0171100050-00&ServiceCd=110&Type=search" }, "geometry": { "type": "Point", "coordinates": [ 141.649153599999977, 42.8258765 ] } },
{ "type": "Feature", "properties": { "内容": "ケアサポートえいぶる【訪問介護】北海道千歳市豊里1丁目3-3", "url2": "https://www.kaigokensaku.mhlw.go.jp/01/index.php?action_kouhyou_detail_004_kani=true&JigyosyoCd=0171100183-00&ServiceCd=110&Type=search" }, "geometry": { "type": "Point", "coordinates": [ 141.665823925339481, 42.839506494385375 ] } },
{ "type": "Feature", "properties": { "内容": "訪問介護事業所ナイスケアひまわり【訪問介護】北海道千歳市北斗4丁目14番4号", "url2": "https://www.kaigokensaku.mhlw.go.jp/01/index.php?action_kouhyou_detail_004_kani=true&JigyosyoCd=0171100126-00&ServiceCd=110&Type=search" }, "geometry": { "type": "Point", "coordinates": [ 141.627924500000063, 42.8338749 ] } },
{ "type": "Feature", "properties": { "内容": "ＳＯＭＰＯケア　千歳　訪問介護【訪問介護】北海道千歳市北陽1丁目13-17溝ビルＸ・2001Ｂ-1Ｆ", "url2": "https://www.kaigokensaku.mhlw.go.jp/01/index.php?action_kouhyou_detail_004_kani=true&JigyosyoCd=0171101033-00&ServiceCd=110&Type=search" }, "geometry": { "type": "Point", "coordinates": [ 141.643233099999946, 42.8471237 ] } },
{ "type": "Feature", "properties": { "内容": "ナーシングビラ訪問介護【訪問介護】北海道千歳市里美2丁目2番6号第3ビジュアルコーポ101号室", "url2": "https://www.kaigokensaku.mhlw.go.jp/01/index.php?action_kouhyou_detail_004_kani=true&JigyosyoCd=0171101199-00&ServiceCd=110&Type=search" }, "geometry": { "type": "Point", "coordinates": [ 141.599273956344632, 42.785733965036862 ] } },
{ "type": "Feature", "properties": { "内容": "指定訪問介護事業所VIAREST千歳緑町【訪問介護】北海道千歳市緑町1丁目3番22号", "url2": "https://www.kaigokensaku.mhlw.go.jp/01/index.php?action_kouhyou_detail_004_kani=true&JigyosyoCd=0171101074-00&ServiceCd=110&Type=search" }, "geometry": { "type": "Point", "coordinates": [ 141.639726800000062, 42.8236348 ] } },
{ "type": "Feature", "properties": { "内容": "ヘルパーステーションえみな【訪問介護】北海道千歳市長都駅前5丁目1番10号", "url2": "https://www.kaigokensaku.mhlw.go.jp/01/index.php?action_kouhyou_detail_004_kani=true&JigyosyoCd=0171100621-00&ServiceCd=110&Type=search" }, "geometry": { "type": "Point", "coordinates": [ 141.627131474868747, 42.857865776481646 ] } },
{ "type": "Feature", "properties": { "内容": "やさしい介護ちとせ【訪問介護】北海道千歳市北斗1丁目25-1", "url2": "https://www.kaigokensaku.mhlw.go.jp/01/index.php?action_kouhyou_detail_004_kani=true&JigyosyoCd=0171101017-00&ServiceCd=110&Type=search" }, "geometry": { "type": "Point", "coordinates": [ 141.632388617495252, 42.828109426033429 ] } },
{ "type": "Feature", "properties": { "内容": "訪問介護ゆうしんかん【訪問介護】北海道千歳市みどり台北２丁目５番１５号", "url2": "https://www.kaigokensaku.mhlw.go.jp/01/index.php?action_kouhyou_detail_004_kani=true&JigyosyoCd=0171101124-00&ServiceCd=110&Type=search" }, "geometry": { "type": "Point", "coordinates": [ 141.613284382139597, 42.863221692926977 ] } },
{ "type": "Feature", "properties": { "内容": "訪問介護ステーションくらしさ千歳【訪問介護】北海道千歳市本町5丁目1502-3メイライズA2", "url2": "https://www.kaigokensaku.mhlw.go.jp/01/index.php?action_kouhyou_detail_004_kani=true&JigyosyoCd=0171100910-00&ServiceCd=110&Type=search" }, "geometry": { "type": "Point", "coordinates": [ 141.649941650926166, 42.816041930268867 ] } },
{ "type": "Feature", "properties": { "内容": "新富ヘルパーステーション【訪問介護】千歳市新富1丁目3番5号", "url2": "https://www.kaigokensaku.mhlw.go.jp/01/index.php?action_kouhyou_detail_004_kani=true&JigyosyoCd=0171100662-00&ServiceCd=110&Type=search" }, "geometry": { "type": "Point", "coordinates": [ 141.640076368122863, 42.830562140902281 ] } },
{ "type": "Feature", "properties": { "内容": "祝梅ヘルパーステーション【訪問介護】北海道千歳市流通3丁目3番地の16", "url2": "https://www.kaigokensaku.mhlw.go.jp/01/index.php?action_kouhyou_detail_004_kani=true&JigyosyoCd=0171100688-00&ServiceCd=110&Type=search" }, "geometry": { "type": "Point", "coordinates": [ 141.687930400000027, 42.8298438 ] } },
{ "type": "Feature", "properties": { "内容": "すまいるケア・ポライト【訪問介護】北海道千歳市あずさ5丁目2-13ピュアパレスⅡA102", "url2": "https://www.kaigokensaku.mhlw.go.jp/01/index.php?action_kouhyou_detail_004_kani=true&JigyosyoCd=0171101256-00&ServiceCd=110&Type=search" }, "geometry": { "type": "Point", "coordinates": [ 141.647539199999983, 42.846104200000042 ] } },
{ "type": "Feature", "properties": { "内容": "訪問介護ステーションみのり【訪問介護】北海道千歳市稲穂4丁目2-14メゾンY･H21ー102号", "url2": "https://www.kaigokensaku.mhlw.go.jp/01/index.php?action_kouhyou_detail_004_kani=true&JigyosyoCd=0171101173-00&ServiceCd=110&Type=search" }, "geometry": { "type": "Point", "coordinates": [ 141.6585232, 42.8399348 ] } },
{ "type": "Feature", "properties": { "内容": "訪問介護事業所すずらん【訪問介護】北海道千歳市末広4丁目7-1ユーポート末広1階", "url2": "https://www.kaigokensaku.mhlw.go.jp/01/index.php?action_kouhyou_detail_004_kani=true&JigyosyoCd=0171101009-00&ServiceCd=110&Type=search" }, "geometry": { "type": "Point", "coordinates": [ 141.655609663419852, 42.831047199718881 ] } },
{ "type": "Feature", "properties": { "内容": "ヘルパーステーションひなた【訪問介護】北海道滝川市江部乙町西１１丁目３番１２号", "url2": "https://www.kaigokensaku.mhlw.go.jp/01/index.php?action_kouhyou_detail_004_kani=true&JigyosyoCd=0177540713-00&ServiceCd=110&Type=search" }, "geometry": { "type": "Point", "coordinates": [ 141.937364500000058, 43.6209174 ] } },
{ "type": "Feature", "properties": { "内容": "訪問介護事業所ゆい【訪問介護】北海道滝川市新町３丁目１１番２９号", "url2": "https://www.kaigokensaku.mhlw.go.jp/01/index.php?action_kouhyou_detail_004_kani=true&JigyosyoCd=0177500501-00&ServiceCd=110&Type=search" }, "geometry": { "type": "Point", "coordinates": [ 141.918617507934613, 43.553747534825433 ] } },
{ "type": "Feature", "properties": { "内容": "社会福祉法人滝川市社会福祉協議会訪問介護事業所【訪問介護】北海道滝川市明神町1丁目３番１号　NTT東日本滝川ビル１F", "url2": "https://www.kaigokensaku.mhlw.go.jp/01/index.php?action_kouhyou_detail_004_kani=true&JigyosyoCd=0177500089-00&ServiceCd=110&Type=search" }, "geometry": { "type": "Point", "coordinates": [ 141.908422246418723, 43.555948446938309 ] } },
{ "type": "Feature", "properties": { "内容": "ヘルパーステーションちゃいむ【訪問介護】北海道滝川市江部乙町東11丁目3番4号", "url2": "https://www.kaigokensaku.mhlw.go.jp/01/index.php?action_kouhyou_detail_004_kani=true&JigyosyoCd=0177540739-00&ServiceCd=110&Type=search" }, "geometry": { "type": "Point", "coordinates": [ 141.9389761, 43.6203487 ] } },
{ "type": "Feature", "properties": { "内容": "訪問介護事業所土筆【訪問介護】北海道滝川市東町4丁目2番11号土筆の郷", "url2": "https://www.kaigokensaku.mhlw.go.jp/01/index.php?action_kouhyou_detail_004_kani=true&JigyosyoCd=0177500162-00&ServiceCd=110&Type=search" }, "geometry": { "type": "Point", "coordinates": [ 141.923073119976493, 43.560015671257887 ] } },
{ "type": "Feature", "properties": { "内容": "ヘルパーステーションあると【訪問介護】北海道滝川市栄町3丁目3番16号神部メディケアビル　１階", "url2": "https://www.kaigokensaku.mhlw.go.jp/01/index.php?action_kouhyou_detail_004_kani=true&JigyosyoCd=0117510446-00&ServiceCd=110&Type=search" }, "geometry": { "type": "Point", "coordinates": [ 141.906261464977661, 43.55772975056616 ] } },
{ "type": "Feature", "properties": { "内容": "ＳＯＭＰＯケア　空知　訪問介護【訪問介護】北海道砂川市東１条北８丁目１番２号", "url2": "https://www.kaigokensaku.mhlw.go.jp/01/index.php?action_kouhyou_detail_004_kani=true&JigyosyoCd=0177100864-00&ServiceCd=110&Type=search" }, "geometry": { "type": "Point", "coordinates": [ 141.906164699999977, 43.4950291 ] } },
{ "type": "Feature", "properties": { "内容": "ヘルパーセンターひまわり【訪問介護】北海道砂川市東2条南３丁目１番１１号", "url2": "https://www.kaigokensaku.mhlw.go.jp/01/index.php?action_kouhyou_detail_004_kani=true&JigyosyoCd=0177100708-00&ServiceCd=110&Type=search" }, "geometry": { "type": "Point", "coordinates": [ 141.907712299999957, 43.488271400000016 ] } },
{ "type": "Feature", "properties": { "内容": "ヘルパーステーションりんごの里【訪問介護】砂川市晴見3条北8丁目3番5号", "url2": "https://www.kaigokensaku.mhlw.go.jp/01/index.php?action_kouhyou_detail_004_kani=true&JigyosyoCd=0177100310-00&ServiceCd=110&Type=search" }, "geometry": { "type": "Point", "coordinates": [ 141.9253211, 43.4975414 ] } },
{ "type": "Feature", "properties": { "内容": "勤医協そらちヘルパーセンターいきいき【訪問介護】北海道歌志内市字中村２６番地２", "url2": "https://www.kaigokensaku.mhlw.go.jp/01/index.php?action_kouhyou_detail_004_kani=true&JigyosyoCd=0177100898-00&ServiceCd=110&Type=search" }, "geometry": { "type": "Point", "coordinates": [ 142.004559199999989, 43.5018199 ] } },
{ "type": "Feature", "properties": { "内容": "訪問介護みんソラ【訪問介護】北海道深川市広里町2-3-2", "url2": "https://www.kaigokensaku.mhlw.go.jp/01/index.php?action_kouhyou_detail_004_kani=true&JigyosyoCd=0177400538-00&ServiceCd=110&Type=search" }, "geometry": { "type": "Point", "coordinates": [ 142.05200990000003, 43.708541 ] } },
{ "type": "Feature", "properties": { "内容": "深川市社会福祉協議会ホームヘルプサービス事業所【訪問介護】北海道深川市３条１８番３６号深川市総合福祉センター内", "url2": "https://www.kaigokensaku.mhlw.go.jp/01/index.php?action_kouhyou_detail_004_kani=true&JigyosyoCd=0177400074-00&ServiceCd=110&Type=search" }, "geometry": { "type": "Point", "coordinates": [ 142.0548129, 43.7233159 ] } },
{ "type": "Feature", "properties": { "内容": "ヘルパーステーション　アニスティ深川【訪問介護】北海道深川市2条4番3号", "url2": "https://www.kaigokensaku.mhlw.go.jp/01/index.php?action_kouhyou_detail_004_kani=true&JigyosyoCd=0177400355-00&ServiceCd=110&Type=search" }, "geometry": { "type": "Point", "coordinates": [ 142.035270500000024, 43.7180215 ] } },
{ "type": "Feature", "properties": { "内容": "ヘルパーステーションここにーる【訪問介護】北海道深川市９条１６番７２号", "url2": "https://www.kaigokensaku.mhlw.go.jp/01/index.php?action_kouhyou_detail_004_kani=true&JigyosyoCd=0177400702-00&ServiceCd=110&Type=search" }, "geometry": { "type": "Point", "coordinates": [ 142.055579099999989, 43.7176432 ] } },
{ "type": "Feature", "properties": { "内容": "ニチイケアセンターふらの【訪問介護】北海道富良野市緑町11番5号", "url2": "https://www.kaigokensaku.mhlw.go.jp/01/index.php?action_kouhyou_detail_004_kani=true&JigyosyoCd=0173000381-00&ServiceCd=110&Type=search" }, "geometry": { "type": "Point", "coordinates": [ 142.397597, 43.3326941 ] } },
{ "type": "Feature", "properties": { "内容": "訪問介護事業所かえで【訪問介護】北海道富良野市春日町15番57号", "url2": "https://www.kaigokensaku.mhlw.go.jp/01/index.php?action_kouhyou_detail_004_kani=true&JigyosyoCd=0173000415-00&ServiceCd=110&Type=search" }, "geometry": { "type": "Point", "coordinates": [ 142.396088299999974, 43.3400348 ] } },
{ "type": "Feature", "properties": { "内容": "ＳＯＭＰＯケア　富良野　訪問介護【訪問介護】北海道富良野市本町6-29本社貸事務所1Ｆ", "url2": "https://www.kaigokensaku.mhlw.go.jp/01/index.php?action_kouhyou_detail_004_kani=true&JigyosyoCd=0173000506-00&ServiceCd=110&Type=search" }, "geometry": { "type": "Point", "coordinates": [ 142.385013500000014, 43.348548 ] } },
{ "type": "Feature", "properties": { "内容": "愛・訪問介護ステーション富良野【訪問介護】富良野市錦町2-12", "url2": "https://www.kaigokensaku.mhlw.go.jp/01/index.php?action_kouhyou_detail_004_kani=true&JigyosyoCd=0173000373-00&ServiceCd=110&Type=search" }, "geometry": { "type": "Point", "coordinates": [ 142.39266754660872, 43.349325650312728 ] } },
{ "type": "Feature", "properties": { "内容": "株式会社富良野タクシー介護・福祉ショップポピー【訪問介護】富良野市本町2番3号", "url2": "https://www.kaigokensaku.mhlw.go.jp/01/index.php?action_kouhyou_detail_004_kani=true&JigyosyoCd=0173000092-00&ServiceCd=110&Type=search" }, "geometry": { "type": "Point", "coordinates": [ 142.38828860000001, 43.3469004 ] } },
{ "type": "Feature", "properties": { "内容": "富良野市社会福祉協議会ホームヘルパーステーション【訪問介護】富良野市住吉町１番２８号富良野市地域福祉センターいちい", "url2": "https://www.kaigokensaku.mhlw.go.jp/01/index.php?action_kouhyou_detail_004_kani=true&JigyosyoCd=0173000019-00&ServiceCd=110&Type=search" }, "geometry": { "type": "Point", "coordinates": [ 142.39313, 43.3464475 ] } },
{ "type": "Feature", "properties": { "内容": "あいケア【訪問介護】北海道登別市新生町3丁目11番地10NKマンション1階", "url2": "https://www.kaigokensaku.mhlw.go.jp/01/index.php?action_kouhyou_detail_004_kani=true&JigyosyoCd=0173502378-00&ServiceCd=110&Type=search" }, "geometry": { "type": "Point", "coordinates": [ 141.062736800000039, 42.3754688 ] } },
{ "type": "Feature", "properties": { "内容": "皆川病院訪問介護事業所みらく【訪問介護】北海道登別市中央町３丁目１９番地５皆川病院在宅サポートセンター2階", "url2": "https://www.kaigokensaku.mhlw.go.jp/01/index.php?action_kouhyou_detail_004_kani=true&JigyosyoCd=0113513220-00&ServiceCd=110&Type=search" }, "geometry": { "type": "Point", "coordinates": [ 141.103421, 42.4089908 ] } },
{ "type": "Feature", "properties": { "内容": "ＳＯＭＰＯケア登別訪問介護【訪問介護】北海道登別市富岸町2丁目11-12生田ビル　2Ｆ", "url2": "https://www.kaigokensaku.mhlw.go.jp/01/index.php?action_kouhyou_detail_004_kani=true&JigyosyoCd=0173502105-00&ServiceCd=110&Type=search" }, "geometry": { "type": "Point", "coordinates": [ 141.067898300000024, 42.382909100000056 ] } },
{ "type": "Feature", "properties": { "内容": "ヘルパーステーションあおい（愛桜）【訪問介護】登別市登別東町３丁目１番地２", "url2": "https://www.kaigokensaku.mhlw.go.jp/01/index.php?action_kouhyou_detail_004_kani=true&JigyosyoCd=0173501602-00&ServiceCd=110&Type=search" }, "geometry": { "type": "Point", "coordinates": [ 141.17809520000003, 42.454845 ] } },
{ "type": "Feature", "properties": { "内容": "在宅介護サービスくらしさ【訪問介護】北海道登別市登別東町5丁目1－6ハイツアラジン203", "url2": "https://www.kaigokensaku.mhlw.go.jp/01/index.php?action_kouhyou_detail_004_kani=true&JigyosyoCd=0173501883-00&ServiceCd=110&Type=search" }, "geometry": { "type": "Point", "coordinates": [ 141.1739407, 42.4527493 ] } },
{ "type": "Feature", "properties": { "内容": "ヘルパーステーション　アンデルセンの丘【訪問介護】北海道登別市富岸町１丁目７番地８", "url2": "https://www.kaigokensaku.mhlw.go.jp/01/index.php?action_kouhyou_detail_004_kani=true&JigyosyoCd=0173501040-00&ServiceCd=110&Type=search" }, "geometry": { "type": "Point", "coordinates": [ 141.073000200000024, 42.3877838 ] } },
{ "type": "Feature", "properties": { "内容": "NPO法人いぶりたすけ愛・優サ－ビス【訪問介護】北海道登別市桜木町3丁目2番地10", "url2": "https://www.kaigokensaku.mhlw.go.jp/01/index.php?action_kouhyou_detail_004_kani=true&JigyosyoCd=0173500034-00&ServiceCd=110&Type=search" }, "geometry": { "type": "Point", "coordinates": [ 141.090333399999963, 42.4066966 ] } },
{ "type": "Feature", "properties": { "内容": "訪問介護事業所　暖‐はる‐【訪問介護】北海道登別市桜木町１丁目８－１５コンフォーティア桜木１０１号室", "url2": "https://www.kaigokensaku.mhlw.go.jp/01/index.php?action_kouhyou_detail_004_kani=true&JigyosyoCd=0173502287-00&ServiceCd=110&Type=search" }, "geometry": { "type": "Point", "coordinates": [ 141.097696954370946, 42.403230717715729 ] } },
{ "type": "Feature", "properties": { "内容": "訪問介護事業所　ねこの手【訪問介護】恵み野東2丁目12番地9", "url2": "https://www.kaigokensaku.mhlw.go.jp/01/index.php?action_kouhyou_detail_004_kani=true&JigyosyoCd=0171200884-00&ServiceCd=110&Type=search" }, "geometry": { "type": "Point", "coordinates": [ 141.5936026, 42.9066698 ] } },
{ "type": "Feature", "properties": { "内容": "訪問介護事業所ひすい【訪問介護】北海道恵庭市相生町1丁目6-12サービス付き高齢者向け住宅　翡翠", "url2": "https://www.kaigokensaku.mhlw.go.jp/01/index.php?action_kouhyou_detail_004_kani=true&JigyosyoCd=0171200892-00&ServiceCd=110&Type=search" }, "geometry": { "type": "Point", "coordinates": [ 141.584369236106852, 42.881380752457495 ] } },
{ "type": "Feature", "properties": { "内容": "訪問介護事業所はすね【訪問介護】北海道恵庭市白樺町２丁目８－１８", "url2": "https://www.kaigokensaku.mhlw.go.jp/01/index.php?action_kouhyou_detail_004_kani=true&JigyosyoCd=0171200579-00&ServiceCd=110&Type=search" }, "geometry": { "type": "Point", "coordinates": [ 141.573648689549259, 42.868553151647106 ] } },
{ "type": "Feature", "properties": { "内容": "CHささやか丸【訪問介護】北海道恵庭市島松本町１丁目１３－２なのはなマンション101号", "url2": "https://www.kaigokensaku.mhlw.go.jp/01/index.php?action_kouhyou_detail_004_kani=true&JigyosyoCd=0171200967-00&ServiceCd=110&Type=search" }, "geometry": { "type": "Point", "coordinates": [ 141.5778607, 42.9215172 ] } },
{ "type": "Feature", "properties": { "内容": "訪問介護ＳＴほすぴぃ【訪問介護】北海道恵庭市白樺町3丁目24番1号", "url2": "https://www.kaigokensaku.mhlw.go.jp/01/index.php?action_kouhyou_detail_004_kani=true&JigyosyoCd=0171200744-00&ServiceCd=110&Type=search" }, "geometry": { "type": "Point", "coordinates": [ 141.567963400000053, 42.8633443 ] } },
{ "type": "Feature", "properties": { "内容": "指定訪問介護事業所フォーレスト恵庭【訪問介護】北海道恵庭市黄金中央1丁目4番3号サービス付き高齢者向け住宅　フォーレスト恵庭", "url2": "https://www.kaigokensaku.mhlw.go.jp/01/index.php?action_kouhyou_detail_004_kani=true&JigyosyoCd=0171200819-00&ServiceCd=110&Type=search" }, "geometry": { "type": "Point", "coordinates": [ 141.586642, 42.8839635 ] } },
{ "type": "Feature", "properties": { "内容": "ヘルプサービスきずな【訪問介護】北海道恵庭市大町１丁目８番５号", "url2": "https://www.kaigokensaku.mhlw.go.jp/01/index.php?action_kouhyou_detail_004_kani=true&JigyosyoCd=0171200389-00&ServiceCd=110&Type=search" }, "geometry": { "type": "Point", "coordinates": [ 141.567362378265443, 42.888964584523443 ] } },
{ "type": "Feature", "properties": { "内容": "ニチイケアセンター恵庭こがね【訪問介護】北海道恵庭市黄金中央2丁目5-8VIVI101号", "url2": "https://www.kaigokensaku.mhlw.go.jp/01/index.php?action_kouhyou_detail_004_kani=true&JigyosyoCd=0171200785-00&ServiceCd=110&Type=search" }, "geometry": { "type": "Point", "coordinates": [ 141.589077399999951, 42.8856371 ] } },
{ "type": "Feature", "properties": { "内容": "株式会社恵み野介護サービス【訪問介護】北海道恵庭市有明町１丁目８番８号", "url2": "https://www.kaigokensaku.mhlw.go.jp/01/index.php?action_kouhyou_detail_004_kani=true&JigyosyoCd=0171200033-00&ServiceCd=110&Type=search" }, "geometry": { "type": "Point", "coordinates": [ 141.570609086508171, 42.890053393923921 ] } },
{ "type": "Feature", "properties": { "内容": "恵庭市社会福祉協議会　指定訪問介護事業所【訪問介護】恵庭市末広町125番地1恵庭市第２福祉会館", "url2": "https://www.kaigokensaku.mhlw.go.jp/01/index.php?action_kouhyou_detail_004_kani=true&JigyosyoCd=0171200025-00&ServiceCd=110&Type=search" }, "geometry": { "type": "Point", "coordinates": [ 141.580378457008351, 42.881373981979763 ] } },
{ "type": "Feature", "properties": { "内容": "ヘルパーステーション萌えにわ【訪問介護】恵庭市和光町5丁目16番6号フルールハピネスえにわ", "url2": "https://www.kaigokensaku.mhlw.go.jp/01/index.php?action_kouhyou_detail_004_kani=true&JigyosyoCd=0171200942-00&ServiceCd=110&Type=search" }, "geometry": { "type": "Point", "coordinates": [ 141.598261495106499, 42.871106126031421 ] } },
{ "type": "Feature", "properties": { "内容": "いちい訪問介護サービス【訪問介護】北海道恵庭市有明町4丁目1番1号", "url2": "https://www.kaigokensaku.mhlw.go.jp/01/index.php?action_kouhyou_detail_004_kani=true&JigyosyoCd=0161290044-00&ServiceCd=110&Type=search" }, "geometry": { "type": "Point", "coordinates": [ 141.575375400000013, 42.8902733 ] } },
{ "type": "Feature", "properties": { "内容": "指定訪問介護事業所そらまめ【訪問介護】北海道伊達市山下町124-8", "url2": "https://www.kaigokensaku.mhlw.go.jp/01/index.php?action_kouhyou_detail_004_kani=true&JigyosyoCd=0173700766-00&ServiceCd=110&Type=search" }, "geometry": { "type": "Point", "coordinates": [ 140.85194960000004, 42.4723337 ] } },
{ "type": "Feature", "properties": { "内容": "社会福祉法人伊達市社会福祉協議会訪問介護事業所【訪問介護】伊達市鹿島町20番地1", "url2": "https://www.kaigokensaku.mhlw.go.jp/01/index.php?action_kouhyou_detail_004_kani=true&JigyosyoCd=0173700071-00&ServiceCd=110&Type=search" }, "geometry": { "type": "Point", "coordinates": [ 140.86495254923949, 42.471683878489877 ] } },
{ "type": "Feature", "properties": { "内容": "ヘルパーステーション湘南【訪問介護】伊達市松ヶ枝町１５７－１１０", "url2": "https://www.kaigokensaku.mhlw.go.jp/01/index.php?action_kouhyou_detail_004_kani=true&JigyosyoCd=0153780028-00&ServiceCd=110&Type=search" }, "geometry": { "type": "Point", "coordinates": [ 140.883904799999982, 42.4765841 ] } },
{ "type": "Feature", "properties": { "内容": "訪問介護ステーションあけび【訪問介護】北海道伊達市舟岡町352-22ハイムストローブ1F-C号室", "url2": "https://www.kaigokensaku.mhlw.go.jp/01/index.php?action_kouhyou_detail_004_kani=true&JigyosyoCd=0173700477-00&ServiceCd=110&Type=search" }, "geometry": { "type": "Point", "coordinates": [ 140.877059899999949, 42.4579324 ] } },
{ "type": "Feature", "properties": { "内容": "訪問介護事業所つくし【訪問介護】北海道伊達市元町44番36号", "url2": "https://www.kaigokensaku.mhlw.go.jp/01/index.php?action_kouhyou_detail_004_kani=true&JigyosyoCd=0173700378-00&ServiceCd=110&Type=search" }, "geometry": { "type": "Point", "coordinates": [ 140.868073020472906, 42.470832882564345 ] } },
{ "type": "Feature", "properties": { "内容": "サポート幸恵【訪問介護】北海道北広島市高台町１丁目１３－６", "url2": "https://www.kaigokensaku.mhlw.go.jp/01/index.php?action_kouhyou_detail_004_kani=true&JigyosyoCd=0171300429-00&ServiceCd=110&Type=search" }, "geometry": { "type": "Point", "coordinates": [ 141.547572899999977, 42.9625402 ] } },
{ "type": "Feature", "properties": { "内容": "ヘルパーステーション　ライフ大曲【訪問介護】北海道北広島市大曲南ヶ丘３丁目１４番１９号コーポ山田２０２号室", "url2": "https://www.kaigokensaku.mhlw.go.jp/01/index.php?action_kouhyou_detail_004_kani=true&JigyosyoCd=0171300734-00&ServiceCd=110&Type=search" }, "geometry": { "type": "Point", "coordinates": [ 141.477777100000026, 42.9680487 ] } },
{ "type": "Feature", "properties": { "内容": "Fビレッジ訪問介護ステーション【訪問介護】北広島市Fビレッジ21番地", "url2": "https://www.kaigokensaku.mhlw.go.jp/01/index.php?action_kouhyou_detail_004_kani=true&JigyosyoCd=0171301039-00&ServiceCd=110&Type=search" }, "geometry": { "type": "Point", "coordinates": [ 141.549772099999984, 42.9904013 ] } },
{ "type": "Feature", "properties": { "内容": "えがおキタヒロ【訪問介護】北海道北広島市広葉町3丁目7番地7", "url2": "https://www.kaigokensaku.mhlw.go.jp/01/index.php?action_kouhyou_detail_004_kani=true&JigyosyoCd=0171301096-00&ServiceCd=110&Type=search" }, "geometry": { "type": "Point", "coordinates": [ 141.553032300000041, 42.9730917 ] } },
{ "type": "Feature", "properties": { "内容": "ヘルパーステーション　Eはうす札幌【訪問介護】北海道北広島市西の里北１丁目１番地１８", "url2": "https://www.kaigokensaku.mhlw.go.jp/01/index.php?action_kouhyou_detail_004_kani=true&JigyosyoCd=0171300650-00&ServiceCd=110&Type=search" }, "geometry": { "type": "Point", "coordinates": [ 141.501729699999942, 43.0155605 ] } },
{ "type": "Feature", "properties": { "内容": "ヘルパーステーション喜望の杜【訪問介護】北海道北広島市中央6丁目9-2", "url2": "https://www.kaigokensaku.mhlw.go.jp/01/index.php?action_kouhyou_detail_004_kani=true&JigyosyoCd=0171300825-00&ServiceCd=110&Type=search" }, "geometry": { "type": "Point", "coordinates": [ 141.566607881614686, 42.977290513407631 ] } },
{ "type": "Feature", "properties": { "内容": "ヘルパーステーション華結び北広島【訪問介護】北広島市稲穂町東８丁目５番地１１", "url2": "https://www.kaigokensaku.mhlw.go.jp/01/index.php?action_kouhyou_detail_004_kani=true&JigyosyoCd=0171300437-00&ServiceCd=110&Type=search" }, "geometry": { "type": "Point", "coordinates": [ 141.5748916, 42.9861436 ] } },
{ "type": "Feature", "properties": { "内容": "ヘルパーステーション南公園【訪問介護】北海道北広島市南町4丁目1番地3フォレストビュー北広島", "url2": "https://www.kaigokensaku.mhlw.go.jp/01/index.php?action_kouhyou_detail_004_kani=true&JigyosyoCd=0171300536-00&ServiceCd=110&Type=search" }, "geometry": { "type": "Point", "coordinates": [ 141.5557268, 42.9676494 ] } },
{ "type": "Feature", "properties": { "内容": "ヘルパーステーション松ぽっくり【訪問介護】北広島市大曲南ヶ丘４丁目１４番地５", "url2": "https://www.kaigokensaku.mhlw.go.jp/01/index.php?action_kouhyou_detail_004_kani=true&JigyosyoCd=0171300221-00&ServiceCd=110&Type=search" }, "geometry": { "type": "Point", "coordinates": [ 141.478977100000066, 42.9661462 ] } },
{ "type": "Feature", "properties": { "内容": "北広島市高齢者総合ケアセンター聖芳園ホームヘルパーステーション【訪問介護】北海道北広島市西の里３４７番地４", "url2": "https://www.kaigokensaku.mhlw.go.jp/01/index.php?action_kouhyou_detail_004_kani=true&JigyosyoCd=0171300015-00&ServiceCd=110&Type=search" }, "geometry": { "type": "Point", "coordinates": [ 141.515873100000022, 43.0120559 ] } },
{ "type": "Feature", "properties": { "内容": "北広島ホームヘルプサービスステーション四恩園【訪問介護】北広島市緑陽町1丁目2番地", "url2": "https://www.kaigokensaku.mhlw.go.jp/01/index.php?action_kouhyou_detail_004_kani=true&JigyosyoCd=0171300023-00&ServiceCd=110&Type=search" }, "geometry": { "type": "Point", "coordinates": [ 141.542236655355879, 42.964309237665937 ] } },
{ "type": "Feature", "properties": { "内容": "労働者協同組合たすけあいワーカーズどんぐり【訪問介護】北広島市美沢１丁目1－2", "url2": "https://www.kaigokensaku.mhlw.go.jp/01/index.php?action_kouhyou_detail_004_kani=true&JigyosyoCd=0171300148-00&ServiceCd=110&Type=search" }, "geometry": { "type": "Point", "coordinates": [ 141.561014544210849, 42.985373483764562 ] } },
{ "type": "Feature", "properties": { "内容": "訪問介護ステーション希望ヶ丘【訪問介護】北広島市希望ヶ丘１丁目6番地2", "url2": "https://www.kaigokensaku.mhlw.go.jp/01/index.php?action_kouhyou_detail_004_kani=true&JigyosyoCd=0171300098-00&ServiceCd=110&Type=search" }, "geometry": { "type": "Point", "coordinates": [ 141.5015195, 42.948722 ] } },
{ "type": "Feature", "properties": { "内容": "北広島介護【訪問介護】北広島市共栄町１丁目４番地２コーポ松本６・１０２号室", "url2": "https://www.kaigokensaku.mhlw.go.jp/01/index.php?action_kouhyou_detail_004_kani=true&JigyosyoCd=0171300312-00&ServiceCd=110&Type=search" }, "geometry": { "type": "Point", "coordinates": [ 141.561356697605788, 42.989733314951593 ] } },
{ "type": "Feature", "properties": { "内容": "訪問介護ステーションアゼリア北広島中央【訪問介護】北広島市共栄町1丁目2-5コーポ松本3-101", "url2": "https://www.kaigokensaku.mhlw.go.jp/01/index.php?action_kouhyou_detail_004_kani=true&JigyosyoCd=0171300619-00&ServiceCd=110&Type=search" }, "geometry": { "type": "Point", "coordinates": [ 141.561921277238866, 42.989021303295047 ] } },
{ "type": "Feature", "properties": { "内容": "MCF訪問介護アルタイル【訪問介護】北海道北広島市大曲緑ヶ丘2丁目10-4", "url2": "https://www.kaigokensaku.mhlw.go.jp/01/index.php?action_kouhyou_detail_004_kani=true&JigyosyoCd=0171301021-00&ServiceCd=110&Type=search" }, "geometry": { "type": "Point", "coordinates": [ 141.4779768, 42.9789133 ] } },
{ "type": "Feature", "properties": { "内容": "ドレミファ空訪問介護センター【訪問介護】石狩市花川北５条１丁目９６番地", "url2": "https://www.kaigokensaku.mhlw.go.jp/01/index.php?action_kouhyou_detail_004_kani=true&JigyosyoCd=0177600590-00&ServiceCd=110&Type=search" }, "geometry": { "type": "Point", "coordinates": [ 141.315344900000014, 43.1677069 ] } },
{ "type": "Feature", "properties": { "内容": "憩いの園豊寿【訪問介護】北海道石狩市花川北2条5丁目59番地憩いの園　豊寿第３", "url2": "https://www.kaigokensaku.mhlw.go.jp/01/index.php?action_kouhyou_detail_004_kani=true&JigyosyoCd=0177640687-00&ServiceCd=110&Type=search" }, "geometry": { "type": "Point", "coordinates": [ 141.3115243, 43.1541552 ] } },
{ "type": "Feature", "properties": { "内容": "ヘルパーステーションあいえす【訪問介護】北海道石狩市花川南2条3丁目91番地２", "url2": "https://www.kaigokensaku.mhlw.go.jp/01/index.php?action_kouhyou_detail_004_kani=true&JigyosyoCd=0177640646-00&ServiceCd=110&Type=search" }, "geometry": { "type": "Point", "coordinates": [ 141.29803620000007, 43.151745 ] } },
{ "type": "Feature", "properties": { "内容": "石狩市訪問介護事業所はまます【訪問介護】石狩市浜益区浜益2番地4石狩市高齢者生活福祉センター", "url2": "https://www.kaigokensaku.mhlw.go.jp/01/index.php?action_kouhyou_detail_004_kani=true&JigyosyoCd=0177600681-00&ServiceCd=110&Type=search" }, "geometry": { "type": "Point", "coordinates": [ 141.386148271725688, 43.600475047311754 ] } },
{ "type": "Feature", "properties": { "内容": "ブルー【訪問介護】北海道石狩市は花川東1条3著梅12番地", "url2": "https://www.kaigokensaku.mhlw.go.jp/01/index.php?action_kouhyou_detail_004_kani=true&JigyosyoCd=0177640786-00&ServiceCd=110&Type=search" }, "geometry": { "type": "Point", "coordinates": [ 141.339051899999987, 43.168763 ] } },
{ "type": "Feature", "properties": { "内容": "ＳＯＭＰＯケア石狩訪問介護【訪問介護】石狩市花畔２条１丁目９番地１北ガスプラザ石狩", "url2": "https://www.kaigokensaku.mhlw.go.jp/01/index.php?action_kouhyou_detail_004_kani=true&JigyosyoCd=0177640620-00&ServiceCd=110&Type=search" }, "geometry": { "type": "Point", "coordinates": [ 141.314580799999931, 43.1722647 ] } },
{ "type": "Feature", "properties": { "内容": "石狩ふれあい・ほっと館介護センター訪問介護事業所【訪問介護】北海道石狩市花川南７条4丁目376番地1花ぴりか　1F", "url2": "https://www.kaigokensaku.mhlw.go.jp/01/index.php?action_kouhyou_detail_004_kani=true&JigyosyoCd=0177600038-00&ServiceCd=110&Type=search" }, "geometry": { "type": "Point", "coordinates": [ 141.29228927394044, 43.14081524317227 ] } },
{ "type": "Feature", "properties": { "内容": "ヘルパーステーショントムテの里『花川』【訪問介護】北海道石狩市花川北6条2丁目28番地", "url2": "https://www.kaigokensaku.mhlw.go.jp/01/index.php?action_kouhyou_detail_004_kani=true&JigyosyoCd=0177600640-00&ServiceCd=110&Type=search" }, "geometry": { "type": "Point", "coordinates": [ 141.318205600000027, 43.1685403 ] } },
{ "type": "Feature", "properties": { "内容": "ヘルパーステーションSun【訪問介護】北海道石狩市花川北６条２丁目８８番地", "url2": "https://www.kaigokensaku.mhlw.go.jp/01/index.php?action_kouhyou_detail_004_kani=true&JigyosyoCd=0177640737-00&ServiceCd=110&Type=search" }, "geometry": { "type": "Point", "coordinates": [ 141.318533699999989, 43.1707586 ] } },
{ "type": "Feature", "properties": { "内容": "ヘルパーステーションぬくもり花川【訪問介護】北海道石狩市花川南9条4丁目86番地サービス付高齢者向け住宅　ぬくもり花川", "url2": "https://www.kaigokensaku.mhlw.go.jp/01/index.php?action_kouhyou_detail_004_kani=true&JigyosyoCd=0177600657-00&ServiceCd=110&Type=search" }, "geometry": { "type": "Point", "coordinates": [ 141.287122350679027, 43.137567379442245 ] } },
{ "type": "Feature", "properties": { "内容": "ヘルパーステーションこころね石狩【訪問介護】北海道石狩市花川北３条３丁目１３－１", "url2": "https://www.kaigokensaku.mhlw.go.jp/01/index.php?action_kouhyou_detail_004_kani=true&JigyosyoCd=0177640679-00&ServiceCd=110&Type=search" }, "geometry": { "type": "Point", "coordinates": [ 141.310464799999977, 43.1631034 ] } },
{ "type": "Feature", "properties": { "内容": "ヘルパーステーション緑苑【訪問介護】北海道石狩市緑苑台東3条2丁目170-2グランドハウス　緑苑", "url2": "https://www.kaigokensaku.mhlw.go.jp/01/index.php?action_kouhyou_detail_004_kani=true&JigyosyoCd=0177600665-00&ServiceCd=110&Type=search" }, "geometry": { "type": "Point", "coordinates": [ 141.34494559999996, 43.1663045 ] } },
{ "type": "Feature", "properties": { "内容": "社会福祉法人藤の園　訪問介護事業所　花川聖マリア【訪問介護】石狩市花川南３条４丁目２７５-２プリオールハイツ１階", "url2": "https://www.kaigokensaku.mhlw.go.jp/01/index.php?action_kouhyou_detail_004_kani=true&JigyosyoCd=0177600525-00&ServiceCd=110&Type=search" }, "geometry": { "type": "Point", "coordinates": [ 141.30020020019515, 43.146615827151962 ] } },
{ "type": "Feature", "properties": { "内容": "労働者協同組合　たすけあいワーカーズエルサ【訪問介護】北海道石狩市花川南６条１丁目111番地", "url2": "https://www.kaigokensaku.mhlw.go.jp/01/index.php?action_kouhyou_detail_004_kani=true&JigyosyoCd=0177600277-00&ServiceCd=110&Type=search" }, "geometry": { "type": "Point", "coordinates": [ 141.2855434, 43.1465053 ] } },
{ "type": "Feature", "properties": { "内容": "ヘルパーステーションあるふぁ【訪問介護】北海道石狩市花川東2条3丁目28番地", "url2": "https://www.kaigokensaku.mhlw.go.jp/01/index.php?action_kouhyou_detail_004_kani=true&JigyosyoCd=0177640778-00&ServiceCd=110&Type=search" }, "geometry": { "type": "Point", "coordinates": [ 141.34002910000001, 43.1671587 ] } },
{ "type": "Feature", "properties": { "内容": "ヘルパーステーションひな【訪問介護】北海道北斗市七重浜2丁目14番15号", "url2": "https://www.kaigokensaku.mhlw.go.jp/01/index.php?action_kouhyou_detail_004_kani=true&JigyosyoCd=0171501968-00&ServiceCd=110&Type=search" }, "geometry": { "type": "Point", "coordinates": [ 140.715145299999989, 41.8143155 ] } },
{ "type": "Feature", "properties": { "内容": "訪問介護事業所はまなすの里【訪問介護】北海道北斗市中野通３丁目１９番９号", "url2": "https://www.kaigokensaku.mhlw.go.jp/01/index.php?action_kouhyou_detail_004_kani=true&JigyosyoCd=0171501281-00&ServiceCd=110&Type=search" }, "geometry": { "type": "Point", "coordinates": [ 140.646445099999937, 41.8285898 ] } },
{ "type": "Feature", "properties": { "内容": "北斗市社会福祉協議会指定訪問介護事業所【訪問介護】北海道北斗市中野通2丁目18番1号北斗市保健センター", "url2": "https://www.kaigokensaku.mhlw.go.jp/01/index.php?action_kouhyou_detail_004_kani=true&JigyosyoCd=0171501034-00&ServiceCd=110&Type=search" }, "geometry": { "type": "Point", "coordinates": [ 140.648906, 41.824454 ] } },
{ "type": "Feature", "properties": { "内容": "ヘルパーステーション　ミントハウス【訪問介護】北海道北斗市追分７丁目１番９号", "url2": "https://www.kaigokensaku.mhlw.go.jp/01/index.php?action_kouhyou_detail_004_kani=true&JigyosyoCd=0171500747-00&ServiceCd=110&Type=search" }, "geometry": { "type": "Point", "coordinates": [ 140.6445259, 41.8273037 ] } },
{ "type": "Feature", "properties": { "内容": "ホームヘルパーステーション木漏れ日【訪問介護】北海道北斗市追分4丁目7番43号", "url2": "https://www.kaigokensaku.mhlw.go.jp/01/index.php?action_kouhyou_detail_004_kani=true&JigyosyoCd=0171501299-00&ServiceCd=110&Type=search" }, "geometry": { "type": "Point", "coordinates": [ 140.68677219999995, 41.8271746 ] } },
{ "type": "Feature", "properties": { "内容": "ケアステーションこはく【訪問介護】北海道北斗市谷好4丁目3番15号サービス付き高齢者住宅ひまわり館内", "url2": "https://www.kaigokensaku.mhlw.go.jp/01/index.php?action_kouhyou_detail_004_kani=true&JigyosyoCd=0171501935-00&ServiceCd=110&Type=search" }, "geometry": { "type": "Point", "coordinates": [ 140.6312973, 41.8135844 ] } },
{ "type": "Feature", "properties": { "内容": "訪問介護ステーション「歩っと」【訪問介護】石狩郡当別町白樺町163-4番地ミキハウス106号", "url2": "https://www.kaigokensaku.mhlw.go.jp/01/index.php?action_kouhyou_detail_004_kani=true&JigyosyoCd=0171001159-00&ServiceCd=110&Type=search" }, "geometry": { "type": "Point", "coordinates": [ 141.516403700000012, 43.2233773 ] } },
{ "type": "Feature", "properties": { "内容": "ヘルパーステーションりっか【訪問介護】北海道石狩郡当別町幸町５１番地３２", "url2": "https://www.kaigokensaku.mhlw.go.jp/01/index.php?action_kouhyou_detail_004_kani=true&JigyosyoCd=0171001415-00&ServiceCd=110&Type=search" }, "geometry": { "type": "Point", "coordinates": [ 141.517319499999985, 43.2164363 ] } },
{ "type": "Feature", "properties": { "内容": "ヘルパーステーションajisai【訪問介護】北海道石狩郡当別町六軒町70-18", "url2": "https://www.kaigokensaku.mhlw.go.jp/01/index.php?action_kouhyou_detail_004_kani=true&JigyosyoCd=0171001233-00&ServiceCd=110&Type=search" }, "geometry": { "type": "Point", "coordinates": [ 141.516388021220109, 43.232110295307457 ] } },
{ "type": "Feature", "properties": { "内容": "勤医協ヘルパーステーションとうべつ【訪問介護】北海道石狩郡当別町末広１１８番地５２", "url2": "https://www.kaigokensaku.mhlw.go.jp/01/index.php?action_kouhyou_detail_004_kani=true&JigyosyoCd=0171001886-00&ServiceCd=110&Type=search" }, "geometry": { "type": "Point", "coordinates": [ 141.513496, 43.2178965 ] } },
{ "type": "Feature", "properties": { "内容": "当別町ホームヘルパーステーション【訪問介護】石狩郡当別町西町32番地2当別町総合保健福祉センター　ゆとろ", "url2": "https://www.kaigokensaku.mhlw.go.jp/01/index.php?action_kouhyou_detail_004_kani=true&JigyosyoCd=0171000177-00&ServiceCd=110&Type=search" }, "geometry": { "type": "Point", "coordinates": [ 141.510925499999985, 43.2225299 ] } },
{ "type": "Feature", "properties": { "内容": "新篠津福祉園ホームヘルプサービス【訪問介護】北海道石狩郡新篠津村第４５線北１２番地", "url2": "https://www.kaigokensaku.mhlw.go.jp/01/index.php?action_kouhyou_detail_004_kani=true&JigyosyoCd=0171000037-00&ServiceCd=110&Type=search" }, "geometry": { "type": "Point", "coordinates": [ 141.640819599999986, 43.2232791 ] } },
{ "type": "Feature", "properties": { "内容": "ヘルパーステーション　LaLa【訪問介護】北海道松前郡松前町字博多14番地1シニアパンションホーム博多", "url2": "https://www.kaigokensaku.mhlw.go.jp/01/index.php?action_kouhyou_detail_004_kani=true&JigyosyoCd=0171501190-00&ServiceCd=110&Type=search" }, "geometry": { "type": "Point", "coordinates": [ 140.101557899999989, 41.4266753 ] } },
{ "type": "Feature", "properties": { "内容": "社会福祉法人松前町社会福祉協議会指定訪問介護事業所【訪問介護】北海道松前郡松前町字福山２３６番地４", "url2": "https://www.kaigokensaku.mhlw.go.jp/01/index.php?action_kouhyou_detail_004_kani=true&JigyosyoCd=0171500341-00&ServiceCd=110&Type=search" }, "geometry": { "type": "Point", "coordinates": [ 140.111703799999987, 41.4327724 ] } },
{ "type": "Feature", "properties": { "内容": "社会福祉法人福島町社会福祉協議会指定訪問介護事業所【訪問介護】北海道松前郡福島町字三岳32-3福島町福祉センター", "url2": "https://www.kaigokensaku.mhlw.go.jp/01/index.php?action_kouhyou_detail_004_kani=true&JigyosyoCd=0171500150-00&ServiceCd=110&Type=search" }, "geometry": { "type": "Point", "coordinates": [ 140.255184, 41.4860244 ] } },
{ "type": "Feature", "properties": { "内容": "スマイル指定訪問介護事業所【訪問介護】松前郡福島町字月崎261番地の1", "url2": "https://www.kaigokensaku.mhlw.go.jp/01/index.php?action_kouhyou_detail_004_kani=true&JigyosyoCd=0171500705-00&ServiceCd=110&Type=search" }, "geometry": { "type": "Point", "coordinates": [ 140.257703399999968, 41.4832886 ] } },
{ "type": "Feature", "properties": { "内容": "社会福祉法人　知内町社会福祉協議会　指定訪問介護事業所【訪問介護】北海道上磯郡知内町字重内21番地の1町民センター", "url2": "https://www.kaigokensaku.mhlw.go.jp/01/index.php?action_kouhyou_detail_004_kani=true&JigyosyoCd=0171500143-00&ServiceCd=110&Type=search" }, "geometry": { "type": "Point", "coordinates": [ 140.4187900513123, 41.598189055653506 ] } },
{ "type": "Feature", "properties": { "内容": "社会福祉法人木古内町社会福祉協議会訪問介護事業所【訪問介護】上磯郡木古内町字本町150番地1", "url2": "https://www.kaigokensaku.mhlw.go.jp/01/index.php?action_kouhyou_detail_004_kani=true&JigyosyoCd=0171500077-00&ServiceCd=110&Type=search" }, "geometry": { "type": "Point", "coordinates": [ 140.436656998147555, 41.675344777378321 ] } },
{ "type": "Feature", "properties": { "内容": "ヘルパーステーションそよかぜPart２きこない【訪問介護】北海道上磯郡木古内町本町２６３", "url2": "https://www.kaigokensaku.mhlw.go.jp/01/index.php?action_kouhyou_detail_004_kani=true&JigyosyoCd=0171501471-00&ServiceCd=110&Type=search" }, "geometry": { "type": "Point", "coordinates": [ 143.148037400000021, 42.0151439 ] } },
{ "type": "Feature", "properties": { "内容": "ヘルパーステーション　ほのか【訪問介護】北海道亀田郡七飯町本町４丁目６番１０号老人保健施設あかまつの里ななえ内", "url2": "https://www.kaigokensaku.mhlw.go.jp/01/index.php?action_kouhyou_detail_004_kani=true&JigyosyoCd=0151580024-00&ServiceCd=110&Type=search" }, "geometry": { "type": "Point", "coordinates": [ 140.69014459999994, 41.8968527 ] } },
{ "type": "Feature", "properties": { "内容": "訪問介護事業所輝（きらり）【訪問介護】北海道亀田郡七飯町字藤城３６３番地１０", "url2": "https://www.kaigokensaku.mhlw.go.jp/01/index.php?action_kouhyou_detail_004_kani=true&JigyosyoCd=0171501463-00&ServiceCd=110&Type=search" }, "geometry": { "type": "Point", "coordinates": [ 140.669244899999967, 41.928138 ] } },
{ "type": "Feature", "properties": { "内容": "ホームヘルパーステーション「七飯社協」【訪問介護】北海道亀田郡七飯町中野２１０－２", "url2": "https://www.kaigokensaku.mhlw.go.jp/01/index.php?action_kouhyou_detail_004_kani=true&JigyosyoCd=0171500010-00&ServiceCd=110&Type=search" }, "geometry": { "type": "Point", "coordinates": [ 140.707410699999969, 41.8610714 ] } },
{ "type": "Feature", "properties": { "内容": "ヘルパーステーションそよかぜPart２【訪問介護】北海道亀田郡七飯町字本町６丁目７番１２号", "url2": "https://www.kaigokensaku.mhlw.go.jp/01/index.php?action_kouhyou_detail_004_kani=true&JigyosyoCd=0171500580-00&ServiceCd=110&Type=search" }, "geometry": { "type": "Point", "coordinates": [ 140.692414480157908, 41.899891361636975 ] } },
{ "type": "Feature", "properties": { "内容": "訪問介護ステーションだんだん【訪問介護】北海道亀田郡七飯町大川1丁目12番1号", "url2": "https://www.kaigokensaku.mhlw.go.jp/01/index.php?action_kouhyou_detail_004_kani=true&JigyosyoCd=0171501943-00&ServiceCd=110&Type=search" }, "geometry": { "type": "Point", "coordinates": [ 140.714687117620088, 41.863492649210855 ] } },
{ "type": "Feature", "properties": { "内容": "社会福祉法人鹿部町社会福祉協議会訪問介護事業所【訪問介護】北海道茅部郡鹿部町字宮浜２１０番地６鹿部町宮浜児童館", "url2": "https://www.kaigokensaku.mhlw.go.jp/01/index.php?action_kouhyou_detail_004_kani=true&JigyosyoCd=0171500465-00&ServiceCd=110&Type=search" }, "geometry": { "type": "Point", "coordinates": [ 140.811007616953731, 42.044757865731043 ] } },
{ "type": "Feature", "properties": { "内容": "青雲の森訪問介護事業所【訪問介護】北海道茅部郡森町字駒ケ岳358", "url2": "https://www.kaigokensaku.mhlw.go.jp/01/index.php?action_kouhyou_detail_004_kani=true&JigyosyoCd=0171400864-00&ServiceCd=110&Type=search" }, "geometry": { "type": "Point", "coordinates": [ 140.611828400000036, 42.0378976 ] } },
{ "type": "Feature", "properties": { "内容": "訪問介護事業所ゆう【訪問介護】北海道茅部郡森町字尾白内町614番地5", "url2": "https://www.kaigokensaku.mhlw.go.jp/01/index.php?action_kouhyou_detail_004_kani=true&JigyosyoCd=0171502040-00&ServiceCd=110&Type=search" }, "geometry": { "type": "Point", "coordinates": [ 140.624150016964791, 42.116205138360883 ] } },
{ "type": "Feature", "properties": { "内容": "道南森ロイヤル指定訪問介護事業所【訪問介護】北海道茅部郡森町字上台町326番地１１８サービス付き高齢者住宅　道南森ロイヤルあじさいの里", "url2": "https://www.kaigokensaku.mhlw.go.jp/01/index.php?action_kouhyou_detail_004_kani=true&JigyosyoCd=0171502107-00&ServiceCd=110&Type=search" }, "geometry": { "type": "Point", "coordinates": [ 140.568333560713199, 42.103592198644883 ] } },
{ "type": "Feature", "properties": { "内容": "コミュニティホーム八雲　ホームヘルパーステーション【訪問介護】北海道二海郡八雲町栄町１３番地１コミュニティホーム八雲内", "url2": "https://www.kaigokensaku.mhlw.go.jp/01/index.php?action_kouhyou_detail_004_kani=true&JigyosyoCd=0151580032-00&ServiceCd=110&Type=search" }, "geometry": { "type": "Point", "coordinates": [ 140.258662299999969, 42.2562207 ] } },
{ "type": "Feature", "properties": { "内容": "八雲町社協くまいし訪問介護事業所【訪問介護】北海道二海郡八雲町熊石根崎町１１６番地八雲町役場熊石総合支所内", "url2": "https://www.kaigokensaku.mhlw.go.jp/01/index.php?action_kouhyou_detail_004_kani=true&JigyosyoCd=0171501133-00&ServiceCd=110&Type=search" }, "geometry": { "type": "Point", "coordinates": [ 139.982964095106496, 42.1292501 ] } },
{ "type": "Feature", "properties": { "内容": "八雲町訪問介護事業所【訪問介護】北海道二海郡八雲町栄町13番地1八雲町総合保健福祉施設シルバープラザ", "url2": "https://www.kaigokensaku.mhlw.go.jp/01/index.php?action_kouhyou_detail_004_kani=true&JigyosyoCd=0171500994-00&ServiceCd=110&Type=search" }, "geometry": { "type": "Point", "coordinates": [ 140.258662299999969, 42.2562207 ] } },
{ "type": "Feature", "properties": { "内容": "長万部長愛会指定訪問介護事業所【訪問介護】北海道山越郡長万部町字長万部４２２番地２６", "url2": "https://www.kaigokensaku.mhlw.go.jp/01/index.php?action_kouhyou_detail_004_kani=true&JigyosyoCd=0171500093-00&ServiceCd=110&Type=search" }, "geometry": { "type": "Point", "coordinates": [ 140.3707756, 42.513519 ] } },
{ "type": "Feature", "properties": { "内容": "えさし社協ヘルパーステーション【訪問介護】檜山郡江差町字新栄町２６４番地２", "url2": "https://www.kaigokensaku.mhlw.go.jp/01/index.php?action_kouhyou_detail_004_kani=true&JigyosyoCd=0171600042-00&ServiceCd=110&Type=search" }, "geometry": { "type": "Point", "coordinates": [ 140.135537099999965, 41.8737778 ] } },
{ "type": "Feature", "properties": { "内容": "ヘルパーステーションゆいっこ【訪問介護】檜山郡江差町字中歌町199-6", "url2": "https://www.kaigokensaku.mhlw.go.jp/01/index.php?action_kouhyou_detail_004_kani=true&JigyosyoCd=0111610846-00&ServiceCd=110&Type=search" }, "geometry": { "type": "Point", "coordinates": [ 140.1291043, 41.8702974 ] } },
{ "type": "Feature", "properties": { "内容": "桧山ケアグループやなぎだ【訪問介護】北海道檜山郡上ノ国町字中須田１５７番地３", "url2": "https://www.kaigokensaku.mhlw.go.jp/01/index.php?action_kouhyou_detail_004_kani=true&JigyosyoCd=0171600521-00&ServiceCd=110&Type=search" }, "geometry": { "type": "Point", "coordinates": [ 140.137433, 41.7911105 ] } },
{ "type": "Feature", "properties": { "内容": "かみのくに社協ヘルパーサービス【訪問介護】北海道檜山郡上ノ国町字大留96番地", "url2": "https://www.kaigokensaku.mhlw.go.jp/01/index.php?action_kouhyou_detail_004_kani=true&JigyosyoCd=0171600166-00&ServiceCd=110&Type=search" }, "geometry": { "type": "Point", "coordinates": [ 140.122283700000025, 41.8014342 ] } },
{ "type": "Feature", "properties": { "内容": "あっさぶ社協ヘルパーサービス【訪問介護】檜山郡厚沢部町新町１８１番地6", "url2": "https://www.kaigokensaku.mhlw.go.jp/01/index.php?action_kouhyou_detail_004_kani=true&JigyosyoCd=0171600182-00&ServiceCd=110&Type=search" }, "geometry": { "type": "Point", "coordinates": [ 140.224261100000035, 41.920606299999989 ] } },
{ "type": "Feature", "properties": { "内容": "訪問介護ステーションノテ乙部【訪問介護】北海道爾志郡乙部町字緑町704-10", "url2": "https://www.kaigokensaku.mhlw.go.jp/01/index.php?action_kouhyou_detail_004_kani=true&JigyosyoCd=0171600513-00&ServiceCd=110&Type=search" }, "geometry": { "type": "Point", "coordinates": [ 140.140380199999981, 41.9688508 ] } },
{ "type": "Feature", "properties": { "内容": "訪問介護ステーションおとべ【訪問介護】北海道爾志郡乙部町字緑町704-10", "url2": "https://www.kaigokensaku.mhlw.go.jp/01/index.php?action_kouhyou_detail_004_kani=true&JigyosyoCd=0171600562-00&ServiceCd=110&Type=search" }, "geometry": { "type": "Point", "coordinates": [ 140.140478300000012, 41.9690151 ] } },
{ "type": "Feature", "properties": { "内容": "訪問介護ステーション　愛【訪問介護】北海道爾志郡乙部町字元町１５１－１", "url2": "https://www.kaigokensaku.mhlw.go.jp/01/index.php?action_kouhyou_detail_004_kani=true&JigyosyoCd=0171600323-00&ServiceCd=110&Type=search" }, "geometry": { "type": "Point", "coordinates": [ 140.131266900000014, 41.9680756 ] } },
{ "type": "Feature", "properties": { "内容": "奥尻社協指定訪問介護事業所【訪問介護】北海道奥尻郡奥尻町字奥尻467番地4", "url2": "https://www.kaigokensaku.mhlw.go.jp/01/index.php?action_kouhyou_detail_004_kani=true&JigyosyoCd=0171600190-00&ServiceCd=110&Type=search" }, "geometry": { "type": "Point", "coordinates": [ 139.507841720970873, 42.172996765935366 ] } },
{ "type": "Feature", "properties": { "内容": "ホームヘルプサービスとしべつ【訪問介護】北海道瀬棚郡今金町字今金１７番地の２", "url2": "https://www.kaigokensaku.mhlw.go.jp/01/index.php?action_kouhyou_detail_004_kani=true&JigyosyoCd=0171700081-00&ServiceCd=110&Type=search" }, "geometry": { "type": "Point", "coordinates": [ 140.007461199999966, 42.4297362 ] } },
{ "type": "Feature", "properties": { "内容": "ケアステーションかがやき【訪問介護】北海道久遠郡せたな町北檜山区豊岡337-1生活支援ハウスぬくだまり内", "url2": "https://www.kaigokensaku.mhlw.go.jp/01/index.php?action_kouhyou_detail_004_kani=true&JigyosyoCd=0171700362-00&ServiceCd=110&Type=search" }, "geometry": { "type": "Point", "coordinates": [ 139.873081059755719, 42.421083680068278 ] } },
{ "type": "Feature", "properties": { "内容": "ヘルパー灯り【訪問介護】北海道久遠郡せたな町北檜山区北檜山９１番地２", "url2": "https://www.kaigokensaku.mhlw.go.jp/01/index.php?action_kouhyou_detail_004_kani=true&JigyosyoCd=0171700297-00&ServiceCd=110&Type=search" }, "geometry": { "type": "Point", "coordinates": [ 139.873815170037801, 42.414325067475446 ] } },
{ "type": "Feature", "properties": { "内容": "島牧村社会福祉協議会　訪問介護事業所【訪問介護】北海道島牧郡島牧村字泊２９番地1", "url2": "https://www.kaigokensaku.mhlw.go.jp/01/index.php?action_kouhyou_detail_004_kani=true&JigyosyoCd=0172100091-00&ServiceCd=110&Type=search" }, "geometry": { "type": "Point", "coordinates": [ 140.061896100000013, 42.7025508 ] } },
{ "type": "Feature", "properties": { "内容": "寿都訪問介護センター【訪問介護】北海道寿都郡寿都町字歌棄町歌棄４８番地２", "url2": "https://www.kaigokensaku.mhlw.go.jp/01/index.php?action_kouhyou_detail_004_kani=true&JigyosyoCd=0172100059-00&ServiceCd=110&Type=search" }, "geometry": { "type": "Point", "coordinates": [ 140.30178490000003, 42.7729793 ] } },
{ "type": "Feature", "properties": { "内容": "勤医協くろまつないヘルパーステーションすまいる【訪問介護】北海道寿都郡黒松内町字黒松内３０６－３勤医協黒松内在宅総合センター", "url2": "https://www.kaigokensaku.mhlw.go.jp/01/index.php?action_kouhyou_detail_004_kani=true&JigyosyoCd=0172100158-00&ServiceCd=110&Type=search" }, "geometry": { "type": "Point", "coordinates": [ 140.3099618, 42.6667089 ] } },
{ "type": "Feature", "properties": { "内容": "蘭越町訪問介護事業所【訪問介護】北海道磯谷郡蘭越町蘭越町250番地1", "url2": "https://www.kaigokensaku.mhlw.go.jp/01/index.php?action_kouhyou_detail_004_kani=true&JigyosyoCd=0172200164-00&ServiceCd=110&Type=search" }, "geometry": { "type": "Point", "coordinates": [ 140.527631499999984, 42.8083059 ] } },
{ "type": "Feature", "properties": { "内容": "社会福祉法人ニセコ町社会福祉協議会訪問介護事業所【訪問介護】北海道虻田郡ニセコ町字富士見９５番地", "url2": "https://www.kaigokensaku.mhlw.go.jp/01/index.php?action_kouhyou_detail_004_kani=true&JigyosyoCd=0172200115-00&ServiceCd=110&Type=search" }, "geometry": { "type": "Point", "coordinates": [ 140.68991230000006, 42.8046991 ] } },
{ "type": "Feature", "properties": { "内容": "社会福祉法人渓仁会　ケアセンターこころようてい【訪問介護】北海道虻田郡喜茂別町字伏見２７２番地1きもべつ喜らめきの郷内", "url2": "https://www.kaigokensaku.mhlw.go.jp/01/index.php?action_kouhyou_detail_004_kani=true&JigyosyoCd=0172200305-00&ServiceCd=110&Type=search" }, "geometry": { "type": "Point", "coordinates": [ 140.948831837625903, 42.796766671760707 ] } },
{ "type": "Feature", "properties": { "内容": "ヘルパーステーションろっかえん【訪問介護】北海道虻田郡倶知安町南３条東５丁目１番地２", "url2": "https://www.kaigokensaku.mhlw.go.jp/01/index.php?action_kouhyou_detail_004_kani=true&JigyosyoCd=0152280012-00&ServiceCd=110&Type=search" }, "geometry": { "type": "Point", "coordinates": [ 140.762161699999979, 42.8994327 ] } },
{ "type": "Feature", "properties": { "内容": "倶知安町社会福祉協議会ヘルパーステーション【訪問介護】虻田郡倶知安町北３条東４丁目２番地保健福祉会館内", "url2": "https://www.kaigokensaku.mhlw.go.jp/01/index.php?action_kouhyou_detail_004_kani=true&JigyosyoCd=0172200107-00&ServiceCd=110&Type=search" }, "geometry": { "type": "Point", "coordinates": [ 140.7610532, 42.9018268 ] } },
{ "type": "Feature", "properties": { "内容": "共和町訪問介護事業所【訪問介護】北海道岩内郡共和町南幌似５７番地１２共和町保健福祉センター内", "url2": "https://www.kaigokensaku.mhlw.go.jp/01/index.php?action_kouhyou_detail_004_kani=true&JigyosyoCd=0172300097-00&ServiceCd=110&Type=search" }, "geometry": { "type": "Point", "coordinates": [ 140.6143889, 42.978062 ] } },
{ "type": "Feature", "properties": { "内容": "指定居宅サービス事業所　ライフサポートはみんぐいわない【訪問介護】北海道岩内郡岩内町万代19－7", "url2": "https://www.kaigokensaku.mhlw.go.jp/01/index.php?action_kouhyou_detail_004_kani=true&JigyosyoCd=0172300295-00&ServiceCd=110&Type=search" }, "geometry": { "type": "Point", "coordinates": [ 140.5164523, 42.9826981 ] } },
{ "type": "Feature", "properties": { "内容": "みらいケア・サポート合同会社　後志事業所【訪問介護】北海道岩内郡岩内町字相生296-1", "url2": "https://www.kaigokensaku.mhlw.go.jp/01/index.php?action_kouhyou_detail_004_kani=true&JigyosyoCd=0172300287-00&ServiceCd=110&Type=search" }, "geometry": { "type": "Point", "coordinates": [ 140.510139900000013, 42.972397 ] } },
{ "type": "Feature", "properties": { "内容": "訪問介護いわない【訪問介護】北海道岩内郡岩内町字野束６９番地３５岩内町デイサービスセンター内", "url2": "https://www.kaigokensaku.mhlw.go.jp/01/index.php?action_kouhyou_detail_004_kani=true&JigyosyoCd=0172300071-00&ServiceCd=110&Type=search" }, "geometry": { "type": "Point", "coordinates": [ 140.511341861870051, 42.967699957940511 ] } },
{ "type": "Feature", "properties": { "内容": "看取りステーションふるびら和み【訪問介護】古平郡古平町大字浜町487番地の1", "url2": "https://www.kaigokensaku.mhlw.go.jp/01/index.php?action_kouhyou_detail_004_kani=true&JigyosyoCd=0172500423-00&ServiceCd=110&Type=search" }, "geometry": { "type": "Point", "coordinates": [ 140.641644499999984, 43.2633354 ] } },
{ "type": "Feature", "properties": { "内容": "古平町社協ホームヘルプサービス事業所【訪問介護】北海道古平郡古平町大字浜町７１１番地", "url2": "https://www.kaigokensaku.mhlw.go.jp/01/index.php?action_kouhyou_detail_004_kani=true&JigyosyoCd=0172500142-00&ServiceCd=110&Type=search" }, "geometry": { "type": "Point", "coordinates": [ 140.634209300000066, 43.2581551 ] } },
{ "type": "Feature", "properties": { "内容": "グッドケア【訪問介護】北海道古平郡古平町大字歌棄町204番地9　れい明の里介護支援センター内", "url2": "https://www.kaigokensaku.mhlw.go.jp/01/index.php?action_kouhyou_detail_004_kani=true&JigyosyoCd=0172500167-00&ServiceCd=110&Type=search" }, "geometry": { "type": "Point", "coordinates": [ 140.661355196156364, 43.248757700155593 ] } },
{ "type": "Feature", "properties": { "内容": "社会福祉法人仁木町社会福祉協議会【訪問介護】北海道余市郡仁木町西町1丁目52番地6", "url2": "https://www.kaigokensaku.mhlw.go.jp/01/index.php?action_kouhyou_detail_004_kani=true&JigyosyoCd=0172500589-00&ServiceCd=110&Type=search" }, "geometry": { "type": "Point", "coordinates": [ 140.763451756016366, 43.153199094032885 ] } },
{ "type": "Feature", "properties": { "内容": "さくらケアセンター訪問介護事業所【訪問介護】余市郡余市町大川町17-15", "url2": "https://www.kaigokensaku.mhlw.go.jp/01/index.php?action_kouhyou_detail_004_kani=true&JigyosyoCd=0172500183-00&ServiceCd=110&Type=search" }, "geometry": { "type": "Point", "coordinates": [ 140.813628900000026, 43.1909812 ] } },
{ "type": "Feature", "properties": { "内容": "株式会社　在宅介護サービスサブチャン【訪問介護】北海道余市郡余市町黒川町3丁目106番地", "url2": "https://www.kaigokensaku.mhlw.go.jp/01/index.php?action_kouhyou_detail_004_kani=true&JigyosyoCd=0172500159-00&ServiceCd=110&Type=search" }, "geometry": { "type": "Point", "coordinates": [ 140.791628299999957, 43.1882496 ] } },
{ "type": "Feature", "properties": { "内容": "ケアセンターはやぶさ【訪問介護】北海道余市郡余市町黒川町１７丁目２番地８コーポ山田", "url2": "https://www.kaigokensaku.mhlw.go.jp/01/index.php?action_kouhyou_detail_004_kani=true&JigyosyoCd=0172500605-00&ServiceCd=110&Type=search" }, "geometry": { "type": "Point", "coordinates": [ 140.807243500000027, 43.1883116 ] } },
{ "type": "Feature", "properties": { "内容": "ヘルパーステーション華（余市）【訪問介護】北海道余市郡余市町黒川町12丁目3番地ロータスビル111", "url2": "https://www.kaigokensaku.mhlw.go.jp/01/index.php?action_kouhyou_detail_004_kani=true&JigyosyoCd=0172500191-00&ServiceCd=110&Type=search" }, "geometry": { "type": "Point", "coordinates": [ 140.798568183992074, 43.187966853570046 ] } },
{ "type": "Feature", "properties": { "内容": "ケアサポート花ごころ【訪問介護】北海道余市郡余市町入舟町9番地4GRACEガーデンモイレ", "url2": "https://www.kaigokensaku.mhlw.go.jp/01/index.php?action_kouhyou_detail_004_kani=true&JigyosyoCd=0172500621-00&ServiceCd=110&Type=search" }, "geometry": { "type": "Point", "coordinates": [ 140.78777735952454, 43.198310754967089 ] } },
{ "type": "Feature", "properties": { "内容": "赤井川村訪問介護事業所【訪問介護】北海道余市郡赤井川村字赤井川318番地1", "url2": "https://www.kaigokensaku.mhlw.go.jp/01/index.php?action_kouhyou_detail_004_kani=true&JigyosyoCd=0172500662-00&ServiceCd=110&Type=search" }, "geometry": { "type": "Point", "coordinates": [ 140.8123704, 43.0863687 ] } },
{ "type": "Feature", "properties": { "内容": "医療法人やわらぎ　ヘルパーステーションおひさま【訪問介護】北海道空知郡南幌町栄町１丁目１番２０号", "url2": "https://www.kaigokensaku.mhlw.go.jp/01/index.php?action_kouhyou_detail_004_kani=true&JigyosyoCd=0175800507-00&ServiceCd=110&Type=search" }, "geometry": { "type": "Point", "coordinates": [ 141.6536208932541, 43.064242742454326 ] } },
{ "type": "Feature", "properties": { "内容": "ＳＯＭＰＯケア　奈井江　訪問介護【訪問介護】北海道空知郡奈井江町字奈井江28番地15", "url2": "https://www.kaigokensaku.mhlw.go.jp/01/index.php?action_kouhyou_detail_004_kani=true&JigyosyoCd=0177100849-00&ServiceCd=110&Type=search" }, "geometry": { "type": "Point", "coordinates": [ 141.887478072595059, 43.432726541850762 ] } },
{ "type": "Feature", "properties": { "内容": "ヘルパーステーション　サンシャイン【訪問介護】北海道空知郡上砂川町字上砂川町字上砂川町2番地2", "url2": "https://www.kaigokensaku.mhlw.go.jp/01/index.php?action_kouhyou_detail_004_kani=true&JigyosyoCd=0177100435-00&ServiceCd=110&Type=search" }, "geometry": { "type": "Point", "coordinates": [ 141.989786699999968, 43.4800861 ] } },
{ "type": "Feature", "properties": { "内容": "由仁町社協居宅サービスステーション【訪問介護】北海道夕張郡由仁町東栄８７番地の１由仁町文化交流館内", "url2": "https://www.kaigokensaku.mhlw.go.jp/01/index.php?action_kouhyou_detail_004_kani=true&JigyosyoCd=0175800101-00&ServiceCd=110&Type=search" }, "geometry": { "type": "Point", "coordinates": [ 141.7871404, 43.0119426 ] } },
{ "type": "Feature", "properties": { "内容": "長沼町社会福祉協議会　訪問介護事業所【訪問介護】北海道夕張郡長沼町宮下２丁目１１番１号", "url2": "https://www.kaigokensaku.mhlw.go.jp/01/index.php?action_kouhyou_detail_004_kani=true&JigyosyoCd=0175800135-00&ServiceCd=110&Type=search" }, "geometry": { "type": "Point", "coordinates": [ 141.702811900000029, 43.0110037 ] } },
{ "type": "Feature", "properties": { "内容": "訪問介護ステーション　かりん【訪問介護】夕張郡長沼町しらかば２丁目８－５", "url2": "https://www.kaigokensaku.mhlw.go.jp/01/index.php?action_kouhyou_detail_004_kani=true&JigyosyoCd=0175800416-00&ServiceCd=110&Type=search" }, "geometry": { "type": "Point", "coordinates": [ 141.68951549999997, 43.0164358 ] } },
{ "type": "Feature", "properties": { "内容": "訪問介護　ステーション　ほのか【訪問介護】夕張郡栗山町松風２丁目１２０番地１１号", "url2": "https://www.kaigokensaku.mhlw.go.jp/01/index.php?action_kouhyou_detail_004_kani=true&JigyosyoCd=0175800226-00&ServiceCd=110&Type=search" }, "geometry": { "type": "Point", "coordinates": [ 141.7836079, 43.0613477 ] } },
{ "type": "Feature", "properties": { "内容": "訪問介護ステーションくらしさ栗山【訪問介護】北海道夕張郡栗山町松風３丁目４５－１介護付き有料老人ホーム　サンヴィレッジ栗山内　訪問介護ステーションくらしさ栗山", "url2": "https://www.kaigokensaku.mhlw.go.jp/01/index.php?action_kouhyou_detail_004_kani=true&JigyosyoCd=0175809441-00&ServiceCd=110&Type=search" }, "geometry": { "type": "Point", "coordinates": [ 141.788202, 43.059398 ] } },
{ "type": "Feature", "properties": { "内容": "社協訪問介護事業所はーとふるつきがた【訪問介護】樺戸郡月形町1064番地13月形町交流センター", "url2": "https://www.kaigokensaku.mhlw.go.jp/01/index.php?action_kouhyou_detail_004_kani=true&JigyosyoCd=0176100188-00&ServiceCd=110&Type=search" }, "geometry": { "type": "Point", "coordinates": [ 141.674942200000032, 43.3401806 ] } },
{ "type": "Feature", "properties": { "内容": "社会福祉法人新十津川町社会福祉協議会訪問介護事業所【訪問介護】北海道樺戸郡新十津川町字中央306番地３新十津川町農村環境改善センターみらいえ", "url2": "https://www.kaigokensaku.mhlw.go.jp/01/index.php?action_kouhyou_detail_004_kani=true&JigyosyoCd=0177100187-00&ServiceCd=110&Type=search" }, "geometry": { "type": "Point", "coordinates": [ 141.876682903566007, 43.550837081606083 ] } },
{ "type": "Feature", "properties": { "内容": "あったか訪問介護事業所【訪問介護】北海道樺戸郡新十津川町字中央７１‐２３", "url2": "https://www.kaigokensaku.mhlw.go.jp/01/index.php?action_kouhyou_detail_004_kani=true&JigyosyoCd=0177500477-00&ServiceCd=110&Type=search" }, "geometry": { "type": "Point", "coordinates": [ 141.912353100000018, 43.5590003 ] } },
{ "type": "Feature", "properties": { "内容": "秩父別町社会福祉協議会指定訪問介護事業所【訪問介護】北海道雨竜郡秩父別町4101番地秩父別町老人福祉ｾﾝﾀｰ内", "url2": "https://www.kaigokensaku.mhlw.go.jp/01/index.php?action_kouhyou_detail_004_kani=true&JigyosyoCd=0177400629-00&ServiceCd=110&Type=search" }, "geometry": { "type": "Point", "coordinates": [ 141.9579579, 43.7670133 ] } },
{ "type": "Feature", "properties": { "内容": "雨竜寿園訪問介護事業所【訪問介護】雨竜郡雨竜町字満寿37番地43", "url2": "https://www.kaigokensaku.mhlw.go.jp/01/index.php?action_kouhyou_detail_004_kani=true&JigyosyoCd=0177400140-00&ServiceCd=110&Type=search" }, "geometry": { "type": "Point", "coordinates": [ 141.8889974, 43.674002 ] } },
{ "type": "Feature", "properties": { "内容": "社会福祉法人北竜町社会福祉協議会訪問介護事業所【訪問介護】北海道雨竜郡北竜町字和19番地6北竜町老人福祉センター", "url2": "https://www.kaigokensaku.mhlw.go.jp/01/index.php?action_kouhyou_detail_004_kani=true&JigyosyoCd=0177400090-00&ServiceCd=110&Type=search" }, "geometry": { "type": "Point", "coordinates": [ 141.881910992590292, 43.727235084403162 ] } },
{ "type": "Feature", "properties": { "内容": "沼田町訪問介護事業所和風園【訪問介護】北海道雨竜郡沼田町旭町３丁目５番４０号養護老人ホーム　和風園", "url2": "https://www.kaigokensaku.mhlw.go.jp/01/index.php?action_kouhyou_detail_004_kani=true&JigyosyoCd=0177400413-00&ServiceCd=110&Type=search" }, "geometry": { "type": "Point", "coordinates": [ 141.945470399999977, 43.807188699999983 ] } },
{ "type": "Feature", "properties": { "内容": "社会福祉法人沼田町社会福祉協議会　訪問介護事業所【訪問介護】北海道雨竜郡沼田町南１条１丁目８番２５号沼田町暮らしの安心センター", "url2": "https://www.kaigokensaku.mhlw.go.jp/01/index.php?action_kouhyou_detail_004_kani=true&JigyosyoCd=0177400199-00&ServiceCd=110&Type=search" }, "geometry": { "type": "Point", "coordinates": [ 141.937837862596098, 43.806298459718505 ] } },
{ "type": "Feature", "properties": { "内容": "ホームケアサポートまぁる【訪問介護】北海道上川郡鷹栖町１４線１５号６番地", "url2": "https://www.kaigokensaku.mhlw.go.jp/01/index.php?action_kouhyou_detail_004_kani=true&JigyosyoCd=0173100504-00&ServiceCd=110&Type=search" }, "geometry": { "type": "Point", "coordinates": [ 142.372296154631073, 43.879055272715846 ] } },
{ "type": "Feature", "properties": { "内容": "鷹栖町ヘルパーステーションさつき苑【訪問介護】北海道上川郡鷹栖町北野東３条１丁目７番１号サービス付き高齢者向け住宅　ぬくもりの家　たかほ内１階事務所", "url2": "https://www.kaigokensaku.mhlw.go.jp/01/index.php?action_kouhyou_detail_004_kani=true&JigyosyoCd=0173100082-00&ServiceCd=110&Type=search" }, "geometry": { "type": "Point", "coordinates": [ 142.336551880273419, 43.821089228356911 ] } },
{ "type": "Feature", "properties": { "内容": "医療法人回生会　花時計訪問介護事業所【訪問介護】上川郡東神楽町ひじり野南１条１０丁目１番６号", "url2": "https://www.kaigokensaku.mhlw.go.jp/01/index.php?action_kouhyou_detail_004_kani=true&JigyosyoCd=0153180070-00&ServiceCd=110&Type=search" }, "geometry": { "type": "Point", "coordinates": [ 142.401693384130795, 43.727137282662511 ] } },
{ "type": "Feature", "properties": { "内容": "指定訪問介護事業所ひばり【訪問介護】北海道上川郡東神楽町北１条東２丁目11番7号住宅型有料老人ホームひばり内", "url2": "https://www.kaigokensaku.mhlw.go.jp/01/index.php?action_kouhyou_detail_004_kani=true&JigyosyoCd=0173100538-00&ServiceCd=110&Type=search" }, "geometry": { "type": "Point", "coordinates": [ 142.458378080176374, 43.69709304219824 ] } },
{ "type": "Feature", "properties": { "内容": "訪問介護事業所　ほがらか【訪問介護】北海道上川郡東神楽町ひじり野北1条1丁目１番1号グレースフルひじり野101号室", "url2": "https://www.kaigokensaku.mhlw.go.jp/01/index.php?action_kouhyou_detail_004_kani=true&JigyosyoCd=0173100553-00&ServiceCd=110&Type=search" }, "geometry": { "type": "Point", "coordinates": [ 142.4179475, 43.7184306 ] } },
{ "type": "Feature", "properties": { "内容": "指定（介護予防）訪問介護ケンセイシャレバレッジ【訪問介護】上川郡東神楽町北2条西3丁目254番73号ケンセイシャレバレッジ", "url2": "https://www.kaigokensaku.mhlw.go.jp/01/index.php?action_kouhyou_detail_004_kani=true&JigyosyoCd=0173100439-00&ServiceCd=110&Type=search" }, "geometry": { "type": "Point", "coordinates": [ 142.449701784220849, 43.700719489677127 ] } },
{ "type": "Feature", "properties": { "内容": "東神楽町ホームヘルプサービスセンター【訪問介護】北海道上川郡東神楽町南2条東1丁目4番2号", "url2": "https://www.kaigokensaku.mhlw.go.jp/01/index.php?action_kouhyou_detail_004_kani=true&JigyosyoCd=0173100058-00&ServiceCd=110&Type=search" }, "geometry": { "type": "Point", "coordinates": [ 142.45383430000004, 43.6938539 ] } },
{ "type": "Feature", "properties": { "内容": "当麻町ホームヘルプサービスセンター【訪問介護】北海道上川郡当麻町4条東2丁目16番3号当麻町農村環境改善センター内", "url2": "https://www.kaigokensaku.mhlw.go.jp/01/index.php?action_kouhyou_detail_004_kani=true&JigyosyoCd=0173100181-00&ServiceCd=110&Type=search" }, "geometry": { "type": "Point", "coordinates": [ 142.510654188082867, 43.828753001491727 ] } },
{ "type": "Feature", "properties": { "内容": "訪問介護事業所　当麻柏陽園【訪問介護】上川郡当麻町４条東３丁目４番３５号１１１", "url2": "https://www.kaigokensaku.mhlw.go.jp/01/index.php?action_kouhyou_detail_004_kani=true&JigyosyoCd=0173100108-00&ServiceCd=110&Type=search" }, "geometry": { "type": "Point", "coordinates": [ 142.51655930000004, 43.8275824 ] } },
{ "type": "Feature", "properties": { "内容": "ヘルパーステーション菜の花【訪問介護】北海道上川郡当麻町中央２区180-4", "url2": "https://www.kaigokensaku.mhlw.go.jp/01/index.php?action_kouhyou_detail_004_kani=true&JigyosyoCd=0173100413-00&ServiceCd=110&Type=search" }, "geometry": { "type": "Point", "coordinates": [ 142.51450669999997, 43.828223900000019 ] } },
{ "type": "Feature", "properties": { "内容": "指定訪問介護事業所ヘルパーステーションセルフ【訪問介護】北海道上川郡当麻町4条西3丁目18番3号", "url2": "https://www.kaigokensaku.mhlw.go.jp/01/index.php?action_kouhyou_detail_004_kani=true&JigyosyoCd=0173100686-00&ServiceCd=110&Type=search" }, "geometry": { "type": "Point", "coordinates": [ 142.5136345, 43.8284297 ] } },
{ "type": "Feature", "properties": { "内容": "訪問介護ステーション桂【訪問介護】北海道上川郡比布町寿町１丁目１－１比布生活支援館　のどか", "url2": "https://www.kaigokensaku.mhlw.go.jp/01/index.php?action_kouhyou_detail_004_kani=true&JigyosyoCd=0173100405-00&ServiceCd=110&Type=search" }, "geometry": { "type": "Point", "coordinates": [ 142.475792505773939, 43.876038765344312 ] } },
{ "type": "Feature", "properties": { "内容": "社会福祉法人比布町社会福祉協議会指定訪問介護事業所【訪問介護】北海道上川郡比布町北町１丁目２番２号福祉会館", "url2": "https://www.kaigokensaku.mhlw.go.jp/01/index.php?action_kouhyou_detail_004_kani=true&JigyosyoCd=0173100140-00&ServiceCd=110&Type=search" }, "geometry": { "type": "Point", "coordinates": [ 142.477511214155584, 43.875420440336562 ] } },
{ "type": "Feature", "properties": { "内容": "指定訪問介護事業所　フォーシーズン【訪問介護】北海道上川郡愛別町字北町211番地グループハウス四季", "url2": "https://www.kaigokensaku.mhlw.go.jp/01/index.php?action_kouhyou_detail_004_kani=true&JigyosyoCd=0173100462-00&ServiceCd=110&Type=search" }, "geometry": { "type": "Point", "coordinates": [ 142.574666181614731, 43.909093958824641 ] } },
{ "type": "Feature", "properties": { "内容": "愛別町ホームヘルプサービスセンター【訪問介護】北海道上川郡愛別町字本町３４５番地１愛別町総合センター内", "url2": "https://www.kaigokensaku.mhlw.go.jp/01/index.php?action_kouhyou_detail_004_kani=true&JigyosyoCd=0173100207-00&ServiceCd=110&Type=search" }, "geometry": { "type": "Point", "coordinates": [ 142.578514899999959, 43.9062758 ] } },
{ "type": "Feature", "properties": { "内容": "上川町ホームヘルパーサービスセンター【訪問介護】上川郡上川町本町２番地　上川町保健福祉センター", "url2": "https://www.kaigokensaku.mhlw.go.jp/01/index.php?action_kouhyou_detail_004_kani=true&JigyosyoCd=0173100017-00&ServiceCd=110&Type=search" }, "geometry": { "type": "Point", "coordinates": [ 142.772359, 43.8484858 ] } },
{ "type": "Feature", "properties": { "内容": "指定訪問介護（指定介護予防訪問介護）事業所縁結び【訪問介護】北海道上川郡東川町新栄南1丁目6番9号", "url2": "https://www.kaigokensaku.mhlw.go.jp/01/index.php?action_kouhyou_detail_004_kani=true&JigyosyoCd=0173100488-00&ServiceCd=110&Type=search" }, "geometry": { "type": "Point", "coordinates": [ 142.499311152253767, 43.737196668082746 ] } },
{ "type": "Feature", "properties": { "内容": "訪問介護ステーションゆう【訪問介護】北海道上川郡東川町北町４丁目９ー２１", "url2": "https://www.kaigokensaku.mhlw.go.jp/01/index.php?action_kouhyou_detail_004_kani=true&JigyosyoCd=0173100355-00&ServiceCd=110&Type=search" }, "geometry": { "type": "Point", "coordinates": [ 142.500792300000057, 43.704779 ] } },
{ "type": "Feature", "properties": { "内容": "東川町社協訪問介護事業所【訪問介護】北海道上川郡東川町東町２丁目１２－１０", "url2": "https://www.kaigokensaku.mhlw.go.jp/01/index.php?action_kouhyou_detail_004_kani=true&JigyosyoCd=0173100033-00&ServiceCd=110&Type=search" }, "geometry": { "type": "Point", "coordinates": [ 142.514632674546078, 43.697448573790375 ] } },
{ "type": "Feature", "properties": { "内容": "ヘルパーステーションフラワー【訪問介護】北海道上川郡東川町北町７丁目５番１６号有料老人ホーム華", "url2": "https://www.kaigokensaku.mhlw.go.jp/01/index.php?action_kouhyou_detail_004_kani=true&JigyosyoCd=0173100652-00&ServiceCd=110&Type=search" }, "geometry": { "type": "Point", "coordinates": [ 142.491836299999989, 43.7081057 ] } },
{ "type": "Feature", "properties": { "内容": "訪問介護事業所　桜華【訪問介護】北海道上川郡東川町西町８丁目５番２３号", "url2": "https://www.kaigokensaku.mhlw.go.jp/01/index.php?action_kouhyou_detail_004_kani=true&JigyosyoCd=0173100660-00&ServiceCd=110&Type=search" }, "geometry": { "type": "Point", "coordinates": [ 142.4843155, 43.70829 ] } },
{ "type": "Feature", "properties": { "内容": "指定訪問介護事業所恩送り【訪問介護】北海道上川郡東川町西町4丁目13番5号", "url2": "https://www.kaigokensaku.mhlw.go.jp/01/index.php?action_kouhyou_detail_004_kani=true&JigyosyoCd=0173100678-00&ServiceCd=110&Type=search" }, "geometry": { "type": "Point", "coordinates": [ 142.494663, 43.7000571 ] } },
{ "type": "Feature", "properties": { "内容": "シルバーハウス訪問介護事業所【訪問介護】北海道上川郡美瑛町大町2丁目5番28号", "url2": "https://www.kaigokensaku.mhlw.go.jp/01/index.php?action_kouhyou_detail_004_kani=true&JigyosyoCd=0173100496-00&ServiceCd=110&Type=search" }, "geometry": { "type": "Point", "coordinates": [ 142.454602087696799, 43.589984577308563 ] } },
{ "type": "Feature", "properties": { "内容": "美瑛町ホームヘルプサービスセンター【訪問介護】北海道上川郡美瑛町南町1丁目５－５美瑛町福祉センター", "url2": "https://www.kaigokensaku.mhlw.go.jp/01/index.php?action_kouhyou_detail_004_kani=true&JigyosyoCd=0173100066-00&ServiceCd=110&Type=search" }, "geometry": { "type": "Point", "coordinates": [ 142.4656635, 43.5846344 ] } },
{ "type": "Feature", "properties": { "内容": "社会福祉法人上富良野町社会福祉協議会指定訪問介護事業所【訪問介護】北海道空知郡上富良野町大町２丁目８番４号保健福祉総合センターかみん", "url2": "https://www.kaigokensaku.mhlw.go.jp/01/index.php?action_kouhyou_detail_004_kani=true&JigyosyoCd=0173000050-00&ServiceCd=110&Type=search" }, "geometry": { "type": "Point", "coordinates": [ 142.468328199999974, 43.4550086 ] } },
{ "type": "Feature", "properties": { "内容": "訪問介護事業所やまびこ【訪問介護】北海道空知郡上富良野町宮町4丁目１番25号HIFビル1階", "url2": "https://www.kaigokensaku.mhlw.go.jp/01/index.php?action_kouhyou_detail_004_kani=true&JigyosyoCd=0173000514-00&ServiceCd=110&Type=search" }, "geometry": { "type": "Point", "coordinates": [ 142.473937839996864, 43.461576474696251 ] } },
{ "type": "Feature", "properties": { "内容": "訪問介護事業所たんぽぽ【訪問介護】北海道空知郡中富良野町宮町1番5号住宅型有料老人ホームたんぽぽ内", "url2": "https://www.kaigokensaku.mhlw.go.jp/01/index.php?action_kouhyou_detail_004_kani=true&JigyosyoCd=0173000431-00&ServiceCd=110&Type=search" }, "geometry": { "type": "Point", "coordinates": [ 142.420206, 43.4097312 ] } },
{ "type": "Feature", "properties": { "内容": "南富良野町ホームヘルプサービスセンター【訪問介護】空知郡南富良野町字幾寅708番地南富良野町保健福祉センターみなくる", "url2": "https://www.kaigokensaku.mhlw.go.jp/01/index.php?action_kouhyou_detail_004_kani=true&JigyosyoCd=0173000100-00&ServiceCd=110&Type=search" }, "geometry": { "type": "Point", "coordinates": [ 142.569726400000036, 43.168854 ] } },
{ "type": "Feature", "properties": { "内容": "なのはな訪問介護事業所【訪問介護】北海道上川郡和寒町字三笠６番地", "url2": "https://www.kaigokensaku.mhlw.go.jp/01/index.php?action_kouhyou_detail_004_kani=true&JigyosyoCd=0173200452-00&ServiceCd=110&Type=search" }, "geometry": { "type": "Point", "coordinates": [ 142.4081013, 44.0224432 ] } },
{ "type": "Feature", "properties": { "内容": "指定訪問介護事業所ヘルパーステーションだいち【訪問介護】北海道上川郡剣淵町仲町5番2", "url2": "https://www.kaigokensaku.mhlw.go.jp/01/index.php?action_kouhyou_detail_004_kani=true&JigyosyoCd=0173201062-00&ServiceCd=110&Type=search" }, "geometry": { "type": "Point", "coordinates": [ 142.36479121824641, 44.098549017615056 ] } },
{ "type": "Feature", "properties": { "内容": "剣淵町社協訪問介護事業所【訪問介護】北海道上川郡剣淵町仲町２８番１号ふれあい健康センター内", "url2": "https://www.kaigokensaku.mhlw.go.jp/01/index.php?action_kouhyou_detail_004_kani=true&JigyosyoCd=0173200015-00&ServiceCd=110&Type=search" }, "geometry": { "type": "Point", "coordinates": [ 142.36153969999998, 44.1008682 ] } },
{ "type": "Feature", "properties": { "内容": "指定訪問介護事業所とも【訪問介護】北海道上川郡下川町旭町18番地", "url2": "https://www.kaigokensaku.mhlw.go.jp/01/index.php?action_kouhyou_detail_004_kani=true&JigyosyoCd=0173200957-00&ServiceCd=110&Type=search" }, "geometry": { "type": "Point", "coordinates": [ 142.639716772467949, 44.302914671068223 ] } },
{ "type": "Feature", "properties": { "内容": "下川町社会福祉協議会指定訪問介護事業所【訪問介護】北海道上川郡下川町幸町４０番地１下川町総合福祉センター", "url2": "https://www.kaigokensaku.mhlw.go.jp/01/index.php?action_kouhyou_detail_004_kani=true&JigyosyoCd=0173200056-00&ServiceCd=110&Type=search" }, "geometry": { "type": "Point", "coordinates": [ 142.63301679999995, 44.3020173 ] } },
{ "type": "Feature", "properties": { "内容": "社会福祉法人　美深町社会福祉協議会指定訪問介護事業所【訪問介護】中川郡美深町字西１条北１丁目４番地第３コミュニティーセンター内", "url2": "https://www.kaigokensaku.mhlw.go.jp/01/index.php?action_kouhyou_detail_004_kani=true&JigyosyoCd=0173200148-00&ServiceCd=110&Type=search" }, "geometry": { "type": "Point", "coordinates": [ 142.344657048583571, 44.482227887292154 ] } },
{ "type": "Feature", "properties": { "内容": "訪問介護ステーション　マイライフ【訪問介護】中川郡美深町字南町２５番地", "url2": "https://www.kaigokensaku.mhlw.go.jp/01/index.php?action_kouhyou_detail_004_kani=true&JigyosyoCd=0173200874-00&ServiceCd=110&Type=search" }, "geometry": { "type": "Point", "coordinates": [ 142.355960900000014, 44.4763936 ] } },
{ "type": "Feature", "properties": { "内容": "社会福祉法人音威子府村社会福祉協議会訪問介護事業所【訪問介護】北海道中川郡音威子府村字音威子府509番地88", "url2": "https://www.kaigokensaku.mhlw.go.jp/01/index.php?action_kouhyou_detail_004_kani=true&JigyosyoCd=0173200361-00&ServiceCd=110&Type=search" }, "geometry": { "type": "Point", "coordinates": [ 142.260139309062197, 44.728432361087869 ] } },
{ "type": "Feature", "properties": { "内容": "中川町社協指定訪問介護事業所【訪問介護】北海道中川郡中川町字中川337番地中川町総合保健福祉センター「ぬくもり」", "url2": "https://www.kaigokensaku.mhlw.go.jp/01/index.php?action_kouhyou_detail_004_kani=true&JigyosyoCd=0173200312-00&ServiceCd=110&Type=search" }, "geometry": { "type": "Point", "coordinates": [ 142.071341, 44.8116236 ] } },
{ "type": "Feature", "properties": { "内容": "幌加内町社会福祉協議会　ホームヘルパーステーション【訪問介護】北海道雨竜郡幌加内町字親和４５９６番地３", "url2": "https://www.kaigokensaku.mhlw.go.jp/01/index.php?action_kouhyou_detail_004_kani=true&JigyosyoCd=0177400330-00&ServiceCd=110&Type=search" }, "geometry": { "type": "Point", "coordinates": [ 142.168052100000068, 44.0012945 ] } },
{ "type": "Feature", "properties": { "内容": "ヘルパーステーション元気100才！【訪問介護】北海道増毛郡増毛町見晴町235番3", "url2": "https://www.kaigokensaku.mhlw.go.jp/01/index.php?action_kouhyou_detail_004_kani=true&JigyosyoCd=0176400588-00&ServiceCd=110&Type=search" }, "geometry": { "type": "Point", "coordinates": [ 141.546768499999985, 43.8568252 ] } },
{ "type": "Feature", "properties": { "内容": "有限会社　横木介護サービス【訪問介護】北海道増毛郡増毛町阿分２２４番地の７", "url2": "https://www.kaigokensaku.mhlw.go.jp/01/index.php?action_kouhyou_detail_004_kani=true&JigyosyoCd=0176400349-00&ServiceCd=110&Type=search" }, "geometry": { "type": "Point", "coordinates": [ 141.592255472491416, 43.879821899786883 ] } },
{ "type": "Feature", "properties": { "内容": "訪問介護事業所なごみ【訪問介護】北海道苫前郡苫前町字古丹別249番地の33", "url2": "https://www.kaigokensaku.mhlw.go.jp/01/index.php?action_kouhyou_detail_004_kani=true&JigyosyoCd=0176400711-00&ServiceCd=110&Type=search" }, "geometry": { "type": "Point", "coordinates": [ 141.714663803548433, 44.263304018120287 ] } },
{ "type": "Feature", "properties": { "内容": "羽幌町指定訪問介護事業所【訪問介護】北海道苫前郡羽幌町南７条３丁目１番地羽幌町勤労青少年ホーム内", "url2": "https://www.kaigokensaku.mhlw.go.jp/01/index.php?action_kouhyou_detail_004_kani=true&JigyosyoCd=0176400141-00&ServiceCd=110&Type=search" }, "geometry": { "type": "Point", "coordinates": [ 141.706255, 44.3615467 ] } },
{ "type": "Feature", "properties": { "内容": "ヘルパーステーションフルールハピネスはぼろ【訪問介護】苫前郡羽幌町南町３番地４", "url2": "https://www.kaigokensaku.mhlw.go.jp/01/index.php?action_kouhyou_detail_004_kani=true&JigyosyoCd=0176400307-00&ServiceCd=110&Type=search" }, "geometry": { "type": "Point", "coordinates": [ 141.696630899999946, 44.3603075 ] } },
{ "type": "Feature", "properties": { "内容": "初山別村ヘルパーステーション【訪問介護】苫前郡初山別村字初山別１４９番地", "url2": "https://www.kaigokensaku.mhlw.go.jp/01/index.php?action_kouhyou_detail_004_kani=true&JigyosyoCd=0176400117-00&ServiceCd=110&Type=search" }, "geometry": { "type": "Point", "coordinates": [ 141.76928369999996, 44.533679 ] } },
{ "type": "Feature", "properties": { "内容": "遠別訪問介護事業所【訪問介護】天塩郡遠別町字本町４丁目４３番地遠別町アクティブシニア多世代拠点交流センター", "url2": "https://www.kaigokensaku.mhlw.go.jp/01/index.php?action_kouhyou_detail_004_kani=true&JigyosyoCd=0176700326-00&ServiceCd=110&Type=search" }, "geometry": { "type": "Point", "coordinates": [ 141.79252898650816, 44.722815158712535 ] } },
{ "type": "Feature", "properties": { "内容": "天塩訪問介護事業所【訪問介護】天塩郡天塩町字川口５６９９番地の１", "url2": "https://www.kaigokensaku.mhlw.go.jp/01/index.php?action_kouhyou_detail_004_kani=true&JigyosyoCd=0176700334-00&ServiceCd=110&Type=search" }, "geometry": { "type": "Point", "coordinates": [ 141.749407799999972, 44.8850417 ] } },
{ "type": "Feature", "properties": { "内容": "さるふつやすらぎ苑訪問介護事業所【訪問介護】北海道宗谷郡猿払村鬼志別北町７０番地", "url2": "https://www.kaigokensaku.mhlw.go.jp/01/index.php?action_kouhyou_detail_004_kani=true&JigyosyoCd=0176700011-00&ServiceCd=110&Type=search" }, "geometry": { "type": "Point", "coordinates": [ 142.120404600000029, 45.3325358 ] } },
{ "type": "Feature", "properties": { "内容": "清風苑訪問介護事業所【訪問介護】北海道枝幸郡浜頓別町旭ヶ丘３丁目８番地", "url2": "https://www.kaigokensaku.mhlw.go.jp/01/index.php?action_kouhyou_detail_004_kani=true&JigyosyoCd=0176700789-00&ServiceCd=110&Type=search" }, "geometry": { "type": "Point", "coordinates": [ 142.367581100000052, 45.1180553 ] } },
{ "type": "Feature", "properties": { "内容": "中頓別町訪問介護事業所【訪問介護】北海道枝幸郡中頓別町字中頓別160番地9", "url2": "https://www.kaigokensaku.mhlw.go.jp/01/index.php?action_kouhyou_detail_004_kani=true&JigyosyoCd=0176711208-00&ServiceCd=110&Type=search" }, "geometry": { "type": "Point", "coordinates": [ 142.285019, 44.9712098 ] } },
{ "type": "Feature", "properties": { "内容": "ホームヘルプサービスステーション歌翠園【訪問介護】北海道枝幸郡枝幸町歌登桧垣町１４２番地", "url2": "https://www.kaigokensaku.mhlw.go.jp/01/index.php?action_kouhyou_detail_004_kani=true&JigyosyoCd=0176700037-00&ServiceCd=110&Type=search" }, "geometry": { "type": "Point", "coordinates": [ 142.466947, 44.837182600000013 ] } },
{ "type": "Feature", "properties": { "内容": "枝幸町ホームヘルプサービスセンター【訪問介護】枝幸郡枝幸町北栄町1474番地1枝幸町保健福祉センター内", "url2": "https://www.kaigokensaku.mhlw.go.jp/01/index.php?action_kouhyou_detail_004_kani=true&JigyosyoCd=0176700599-00&ServiceCd=110&Type=search" }, "geometry": { "type": "Point", "coordinates": [ 142.575786, 44.9431491 ] } },
{ "type": "Feature", "properties": { "内容": "社会福祉法人豊富町社会福祉協議会　訪問介護事業所【訪問介護】北海道天塩郡豊富町字上サロベツ２５４５番地の２", "url2": "https://www.kaigokensaku.mhlw.go.jp/01/index.php?action_kouhyou_detail_004_kani=true&JigyosyoCd=0176700433-00&ServiceCd=110&Type=search" }, "geometry": { "type": "Point", "coordinates": [ 141.775434816394778, 45.104421309900161 ] } },
{ "type": "Feature", "properties": { "内容": "社会福祉法人礼文町社会福祉協議会　指定訪問介護事業所【訪問介護】北海道礼文郡礼文町香深字ベッシュ961-2稚内港湾事務所礼文分駐所", "url2": "https://www.kaigokensaku.mhlw.go.jp/01/index.php?action_kouhyou_detail_004_kani=true&JigyosyoCd=0176700110-00&ServiceCd=110&Type=search" }, "geometry": { "type": "Point", "coordinates": [ 141.047408678633303, 45.29979055842611 ] } },
{ "type": "Feature", "properties": { "内容": "社会福祉法人利尻町社会福祉協議会訪問介護事業所【訪問介護】北海道利尻郡利尻町沓形字緑町9番地2", "url2": "https://www.kaigokensaku.mhlw.go.jp/01/index.php?action_kouhyou_detail_004_kani=true&JigyosyoCd=0176700359-00&ServiceCd=110&Type=search" }, "geometry": { "type": "Point", "coordinates": [ 141.138357700000029, 45.1861934 ] } },
{ "type": "Feature", "properties": { "内容": "ＳＯＭＰＯケア　利尻富士　訪問介護【訪問介護】北海道利尻郡利尻富士町鴛泊字栄町119番地1利尻富士町総合交流促進施設りぷら内", "url2": "https://www.kaigokensaku.mhlw.go.jp/01/index.php?action_kouhyou_detail_004_kani=true&JigyosyoCd=0176701043-00&ServiceCd=110&Type=search" }, "geometry": { "type": "Point", "coordinates": [ 141.217673900000023, 45.2462209 ] } },
{ "type": "Feature", "properties": { "内容": "社会福祉法人幌延町社会福祉協議会　幌延町指定訪問介護事業所【訪問介護】北海道天塩郡幌延町字幌延１０２番地１", "url2": "https://www.kaigokensaku.mhlw.go.jp/01/index.php?action_kouhyou_detail_004_kani=true&JigyosyoCd=0176700284-00&ServiceCd=110&Type=search" }, "geometry": { "type": "Point", "coordinates": [ 141.846448, 45.0204858 ] } },
{ "type": "Feature", "properties": { "内容": "社会福祉法人　恵和福祉会　ヘルパーステーション　アメニティ美幌【訪問介護】北海道網走郡美幌町字稲美１０５番地の７無", "url2": "https://www.kaigokensaku.mhlw.go.jp/01/index.php?action_kouhyou_detail_004_kani=true&JigyosyoCd=0175200138-00&ServiceCd=110&Type=search" }, "geometry": { "type": "Point", "coordinates": [ 144.120965599999977, 43.8211156 ] } },
{ "type": "Feature", "properties": { "内容": "有限会社　みんと　美幌ケアセンター【訪問介護】網走郡美幌町字日の出１丁目２番４", "url2": "https://www.kaigokensaku.mhlw.go.jp/01/index.php?action_kouhyou_detail_004_kani=true&JigyosyoCd=0175200070-00&ServiceCd=110&Type=search" }, "geometry": { "type": "Point", "coordinates": [ 144.119197097869886, 43.824160536623779 ] } },
{ "type": "Feature", "properties": { "内容": "いなみ介護支援センター【訪問介護】北海道網走郡美幌町字稲美５９-１２９", "url2": "https://www.kaigokensaku.mhlw.go.jp/01/index.php?action_kouhyou_detail_004_kani=true&JigyosyoCd=0175200088-00&ServiceCd=110&Type=search" }, "geometry": { "type": "Point", "coordinates": [ 144.114862280287184, 43.816787023880281 ] } },
{ "type": "Feature", "properties": { "内容": "社会福祉法人津別町社会福祉協議会訪問介護事業所【訪問介護】北海道網走郡津別町字幸町41番地", "url2": "https://www.kaigokensaku.mhlw.go.jp/01/index.php?action_kouhyou_detail_004_kani=true&JigyosyoCd=0175200054-00&ServiceCd=110&Type=search" }, "geometry": { "type": "Point", "coordinates": [ 144.025077910205681, 43.706464762552926 ] } },
{ "type": "Feature", "properties": { "内容": "社会福祉法人斜里町社会福祉協議会ホームヘルパーステーション【訪問介護】斜里郡斜里町文光町５２番地１７", "url2": "https://www.kaigokensaku.mhlw.go.jp/01/index.php?action_kouhyou_detail_004_kani=true&JigyosyoCd=0175300193-00&ServiceCd=110&Type=search" }, "geometry": { "type": "Point", "coordinates": [ 144.664913699999943, 43.9082906 ] } },
{ "type": "Feature", "properties": { "内容": "社会福祉法人清里町社会福祉協議会　指定訪問介護事業所【訪問介護】北海道斜里郡清里町羽衣町３５番地３５清里町保健センター内", "url2": "https://www.kaigokensaku.mhlw.go.jp/01/index.php?action_kouhyou_detail_004_kani=true&JigyosyoCd=0175300151-00&ServiceCd=110&Type=search" }, "geometry": { "type": "Point", "coordinates": [ 144.592945699999973, 43.8302609 ] } },
{ "type": "Feature", "properties": { "内容": "社会福祉法人　小清水町社会福祉協議会　指定訪問介護事業所【訪問介護】北海道斜里郡小清水町字共和13番地の3", "url2": "https://www.kaigokensaku.mhlw.go.jp/01/index.php?action_kouhyou_detail_004_kani=true&JigyosyoCd=0175300169-00&ServiceCd=110&Type=search" }, "geometry": { "type": "Point", "coordinates": [ 144.459200883050443, 43.853767479727878 ] } },
{ "type": "Feature", "properties": { "内容": "訓子府町社会福祉協議会訪問介護事業所【訪問介護】北海道常呂郡訓子府町東町398番地訓子府町総合福祉センター「うらら」", "url2": "https://www.kaigokensaku.mhlw.go.jp/01/index.php?action_kouhyou_detail_004_kani=true&JigyosyoCd=0175000082-00&ServiceCd=110&Type=search" }, "geometry": { "type": "Point", "coordinates": [ 143.74173509325405, 43.72525238347437 ] } },
{ "type": "Feature", "properties": { "内容": "置戸町社会福祉協議会訪問介護事業所【訪問介護】北海道常呂郡置戸町字置戸２４６番地の３置戸町地域福祉センター内", "url2": "https://www.kaigokensaku.mhlw.go.jp/01/index.php?action_kouhyou_detail_004_kani=true&JigyosyoCd=0175012046-00&ServiceCd=110&Type=search" }, "geometry": { "type": "Point", "coordinates": [ 143.593696499999965, 43.6780975 ] } },
{ "type": "Feature", "properties": { "内容": "ホームヘルプサービス夢ふうせんさろま【訪問介護】北海道常呂郡佐呂間町字北302番地10", "url2": "https://www.kaigokensaku.mhlw.go.jp/01/index.php?action_kouhyou_detail_004_kani=true&JigyosyoCd=0175400639-00&ServiceCd=110&Type=search" }, "geometry": { "type": "Point", "coordinates": [ 143.767936100000043, 44.025502 ] } },
{ "type": "Feature", "properties": { "内容": "佐呂間町社会福祉協議会訪問介護事業所【訪問介護】北海道常呂郡佐呂間町字永代町１７１－３佐呂間町老人福祉センター内", "url2": "https://www.kaigokensaku.mhlw.go.jp/01/index.php?action_kouhyou_detail_004_kani=true&JigyosyoCd=0175400126-00&ServiceCd=110&Type=search" }, "geometry": { "type": "Point", "coordinates": [ 143.777244200000041, 44.015697900000013 ] } },
{ "type": "Feature", "properties": { "内容": "ふれあいインさろま【訪問介護】北海道常呂郡佐呂間町字若佐12番地の6", "url2": "https://www.kaigokensaku.mhlw.go.jp/01/index.php?action_kouhyou_detail_004_kani=true&JigyosyoCd=0175400332-00&ServiceCd=110&Type=search" }, "geometry": { "type": "Point", "coordinates": [ 143.700643500000012, 43.9836995 ] } },
{ "type": "Feature", "properties": { "内容": "訪問介護事業所　遊らいふ【訪問介護】北海道紋別郡遠軽町大通北５丁目1-14", "url2": "https://www.kaigokensaku.mhlw.go.jp/01/index.php?action_kouhyou_detail_004_kani=true&JigyosyoCd=0175400779-00&ServiceCd=110&Type=search" }, "geometry": { "type": "Point", "coordinates": [ 143.5268524, 44.0665667 ] } },
{ "type": "Feature", "properties": { "内容": "ヘルパーステーションふくろう【訪問介護】北海道紋別郡遠軽町１条南1丁目4－21", "url2": "https://www.kaigokensaku.mhlw.go.jp/01/index.php?action_kouhyou_detail_004_kani=true&JigyosyoCd=0175400696-00&ServiceCd=110&Type=search" }, "geometry": { "type": "Point", "coordinates": [ 143.529084256622355, 44.061972574035806 ] } },
{ "type": "Feature", "properties": { "内容": "遠軽町社協ホームへルパーステーション【訪問介護】紋別郡遠軽町西町３丁目４番地２５", "url2": "https://www.kaigokensaku.mhlw.go.jp/01/index.php?action_kouhyou_detail_004_kani=true&JigyosyoCd=0175400373-00&ServiceCd=110&Type=search" }, "geometry": { "type": "Point", "coordinates": [ 143.511941445663382, 44.04929413854029 ] } },
{ "type": "Feature", "properties": { "内容": "遠軽町社協白滝ヘルパーステーション【訪問介護】北海道紋別郡遠軽町白滝376番地遠軽町白滝高齢者総合生活福祉センター", "url2": "https://www.kaigokensaku.mhlw.go.jp/01/index.php?action_kouhyou_detail_004_kani=true&JigyosyoCd=0175400423-00&ServiceCd=110&Type=search" }, "geometry": { "type": "Point", "coordinates": [ 143.1660574, 43.8745188 ] } },
{ "type": "Feature", "properties": { "内容": "ホームヘルパーステーションひなた【訪問介護】北海道紋別郡遠軽町岩見通北７丁目", "url2": "https://www.kaigokensaku.mhlw.go.jp/01/index.php?action_kouhyou_detail_004_kani=true&JigyosyoCd=0175400043-00&ServiceCd=110&Type=search" }, "geometry": { "type": "Point", "coordinates": [ 143.525938399999973, 44.0693498 ] } },
{ "type": "Feature", "properties": { "内容": "ヘルパーステーションかたつむり【訪問介護】北海道紋別郡遠軽町西町2丁目4番地61", "url2": "https://www.kaigokensaku.mhlw.go.jp/01/index.php?action_kouhyou_detail_004_kani=true&JigyosyoCd=0175400621-00&ServiceCd=110&Type=search" }, "geometry": { "type": "Point", "coordinates": [ 143.506883353369489, 44.051382717849918 ] } },
{ "type": "Feature", "properties": { "内容": "ホームヘルプ向日葵【訪問介護】紋別郡湧別町中湧別東町９８９番地16", "url2": "https://www.kaigokensaku.mhlw.go.jp/01/index.php?action_kouhyou_detail_004_kani=true&JigyosyoCd=0175400498-00&ServiceCd=110&Type=search" }, "geometry": { "type": "Point", "coordinates": [ 143.597232100000042, 44.1814071 ] } },
{ "type": "Feature", "properties": { "内容": "湧別町社協訪問介護事業所【訪問介護】紋別郡湧別町中湧別南町911番地福祉会館内", "url2": "https://www.kaigokensaku.mhlw.go.jp/01/index.php?action_kouhyou_detail_004_kani=true&JigyosyoCd=0175400571-00&ServiceCd=110&Type=search" }, "geometry": { "type": "Point", "coordinates": [ 143.589210399999956, 44.1814846 ] } },
{ "type": "Feature", "properties": { "内容": "訪問介護事業所オリーブ【訪問介護】湧別町上湧別屯田市街地１３８番地", "url2": "https://www.kaigokensaku.mhlw.go.jp/01/index.php?action_kouhyou_detail_004_kani=true&JigyosyoCd=0175400597-00&ServiceCd=110&Type=search" }, "geometry": { "type": "Point", "coordinates": [ 143.569296158374726, 44.146767242477182 ] } },
{ "type": "Feature", "properties": { "内容": "滝上町ホームヘルプサービスセンター【訪問介護】北海道紋別郡滝上町字オシラネップ原野北一線10番地", "url2": "https://www.kaigokensaku.mhlw.go.jp/01/index.php?action_kouhyou_detail_004_kani=true&JigyosyoCd=0175100130-00&ServiceCd=110&Type=search" }, "geometry": { "type": "Point", "coordinates": [ 143.113209078836832, 44.192587737731984 ] } },
{ "type": "Feature", "properties": { "内容": "興部町社協　ホームヘルプサービスセンター【訪問介護】紋別郡興部町字興部138番地1", "url2": "https://www.kaigokensaku.mhlw.go.jp/01/index.php?action_kouhyou_detail_004_kani=true&JigyosyoCd=0175100197-00&ServiceCd=110&Type=search" }, "geometry": { "type": "Point", "coordinates": [ 143.127348500000039, 44.4707834 ] } },
{ "type": "Feature", "properties": { "内容": "特定非営利活動法人わたぼうし【訪問介護】北海道紋別郡興部町字興部２１６番地の５", "url2": "https://www.kaigokensaku.mhlw.go.jp/01/index.php?action_kouhyou_detail_004_kani=true&JigyosyoCd=0175100429-00&ServiceCd=110&Type=search" }, "geometry": { "type": "Point", "coordinates": [ 143.116403504234341, 44.472422239619931 ] } },
{ "type": "Feature", "properties": { "内容": "雄武町社協ホームヘルプサービスセンター【訪問介護】北海道紋別郡雄武町字雄武３７６番地１", "url2": "https://www.kaigokensaku.mhlw.go.jp/01/index.php?action_kouhyou_detail_004_kani=true&JigyosyoCd=0175100221-00&ServiceCd=110&Type=search" }, "geometry": { "type": "Point", "coordinates": [ 142.964163099999951, 44.5803095 ] } },
{ "type": "Feature", "properties": { "内容": "豊浦町指定訪問介護事業所【訪問介護】虻田郡豊浦町字東雲町16番地1", "url2": "https://www.kaigokensaku.mhlw.go.jp/01/index.php?action_kouhyou_detail_004_kani=true&JigyosyoCd=0173700022-00&ServiceCd=110&Type=search" }, "geometry": { "type": "Point", "coordinates": [ 140.715848300000061, 42.5831807 ] } },
{ "type": "Feature", "properties": { "内容": "ヘルパーステーション　ふれあい【訪問介護】北海道有珠郡壮瞥町字滝之町２８７番地　８", "url2": "https://www.kaigokensaku.mhlw.go.jp/01/index.php?action_kouhyou_detail_004_kani=true&JigyosyoCd=0173700154-00&ServiceCd=110&Type=search" }, "geometry": { "type": "Point", "coordinates": [ 140.890378714155531, 42.552689914688919 ] } },
{ "type": "Feature", "properties": { "内容": "訪問介護あんしん【訪問介護】北海道白老郡白老町字竹浦１０１番地３３", "url2": "https://www.kaigokensaku.mhlw.go.jp/01/index.php?action_kouhyou_detail_004_kani=true&JigyosyoCd=0173600578-00&ServiceCd=110&Type=search" }, "geometry": { "type": "Point", "coordinates": [ 141.246124499999951, 42.4827408 ] } },
{ "type": "Feature", "properties": { "内容": "白老町社協ホームヘルパーステーション【訪問介護】白老郡白老町東町４丁目６番７号白老町総合保健福祉センター内", "url2": "https://www.kaigokensaku.mhlw.go.jp/01/index.php?action_kouhyou_detail_004_kani=true&JigyosyoCd=0173600222-00&ServiceCd=110&Type=search" }, "geometry": { "type": "Point", "coordinates": [ 141.368207100000063, 42.5550432 ] } },
{ "type": "Feature", "properties": { "内容": "訪問介護事業所　ふくろう【訪問介護】北海道白老郡白老町社台118番地24", "url2": "https://www.kaigokensaku.mhlw.go.jp/01/index.php?action_kouhyou_detail_004_kani=true&JigyosyoCd=0173602301-00&ServiceCd=110&Type=search" }, "geometry": { "type": "Point", "coordinates": [ 141.406827799999974, 42.5718937 ] } },
{ "type": "Feature", "properties": { "内容": "厚真町社会福祉協議会指定訪問介護事業所【訪問介護】勇払郡厚真町京町158番地", "url2": "https://www.kaigokensaku.mhlw.go.jp/01/index.php?action_kouhyou_detail_004_kani=true&JigyosyoCd=0173600305-00&ServiceCd=110&Type=search" }, "geometry": { "type": "Point", "coordinates": [ 141.879093584861721, 42.723522954862048 ] } },
{ "type": "Feature", "properties": { "内容": "合同会社介護サービスぷろけあ【訪問介護】北海道勇払郡厚真町上厚真１９４番地の５", "url2": "https://www.kaigokensaku.mhlw.go.jp/01/index.php?action_kouhyou_detail_004_kani=true&JigyosyoCd=0173629841-00&ServiceCd=110&Type=search" }, "geometry": { "type": "Point", "coordinates": [ 141.846445313858908, 42.644400337307282 ] } },
{ "type": "Feature", "properties": { "内容": "ヘルパーステーションデイゴ【訪問介護】北海道虻田郡洞爺湖町栄町８４番地", "url2": "https://www.kaigokensaku.mhlw.go.jp/01/index.php?action_kouhyou_detail_004_kani=true&JigyosyoCd=0173700626-00&ServiceCd=110&Type=search" }, "geometry": { "type": "Point", "coordinates": [ 140.768653399999948, 42.5533077 ] } },
{ "type": "Feature", "properties": { "内容": "ヘルパーステーション　あじさい【訪問介護】北海道虻田郡洞爺湖町高砂町126洞爺協会病院内", "url2": "https://www.kaigokensaku.mhlw.go.jp/01/index.php?action_kouhyou_detail_004_kani=true&JigyosyoCd=0173700014-00&ServiceCd=110&Type=search" }, "geometry": { "type": "Point", "coordinates": [ 140.773558500000036, 42.5501889 ] } },
{ "type": "Feature", "properties": { "内容": "在宅サッポロあびらヘルパーステーション【訪問介護】北海道勇払郡安平町追分本町5丁目４1番地", "url2": "https://www.kaigokensaku.mhlw.go.jp/01/index.php?action_kouhyou_detail_004_kani=true&JigyosyoCd=0173600461-00&ServiceCd=110&Type=search" }, "geometry": { "type": "Point", "coordinates": [ 141.813527900000054, 42.8722553 ] } },
{ "type": "Feature", "properties": { "内容": "安平町社協ホームヘルパーセンター【訪問介護】北海道勇払郡安平町早来大町４１番地", "url2": "https://www.kaigokensaku.mhlw.go.jp/01/index.php?action_kouhyou_detail_004_kani=true&JigyosyoCd=0173601014-00&ServiceCd=110&Type=search" }, "geometry": { "type": "Point", "coordinates": [ 141.818172799999957, 42.7640844 ] } },
{ "type": "Feature", "properties": { "内容": "安平町社協追分ホームヘルパーセンター【訪問介護】北海道勇払郡安平町追分本町5丁目41番地", "url2": "https://www.kaigokensaku.mhlw.go.jp/01/index.php?action_kouhyou_detail_004_kani=true&JigyosyoCd=0173602921-00&ServiceCd=110&Type=search" }, "geometry": { "type": "Point", "coordinates": [ 141.813498, 42.8722075 ] } },
{ "type": "Feature", "properties": { "内容": "宅老所日和【訪問介護】北海道勇払郡むかわ町田浦251番地6", "url2": "https://www.kaigokensaku.mhlw.go.jp/01/index.php?action_kouhyou_detail_004_kani=true&JigyosyoCd=0173600727-00&ServiceCd=110&Type=search" }, "geometry": { "type": "Point", "coordinates": [ 141.912405900000067, 42.5991282 ] } },
{ "type": "Feature", "properties": { "内容": "訪問介護事業所ＧＲＡＣＥ【訪問介護】北海道沙流郡日高町富川東4丁目7-15", "url2": "https://www.kaigokensaku.mhlw.go.jp/01/index.php?action_kouhyou_detail_004_kani=true&JigyosyoCd=0173801275-00&ServiceCd=110&Type=search" }, "geometry": { "type": "Point", "coordinates": [ 142.032760300000064, 42.5099054 ] } },
{ "type": "Feature", "properties": { "内容": "富川訪問介護ステーション【訪問介護】北海道沙流郡日高町富川東2丁目9番6号", "url2": "https://www.kaigokensaku.mhlw.go.jp/01/index.php?action_kouhyou_detail_004_kani=true&JigyosyoCd=0173801499-00&ServiceCd=110&Type=search" }, "geometry": { "type": "Point", "coordinates": [ 142.0439381, 42.5058092 ] } },
{ "type": "Feature", "properties": { "内容": "訪問介護事業所Ｌｉｆｅｔｉｍｅ【訪問介護】北海道沙流郡日高町富川西2丁目10ー16", "url2": "https://www.kaigokensaku.mhlw.go.jp/01/index.php?action_kouhyou_detail_004_kani=true&JigyosyoCd=0173801309-00&ServiceCd=110&Type=search" }, "geometry": { "type": "Point", "coordinates": [ 142.020577679762226, 42.524370706369496 ] } },
{ "type": "Feature", "properties": { "内容": "ヘルパーステーションポラリス【訪問介護】北海道沙流郡日高町28番地の7", "url2": "https://www.kaigokensaku.mhlw.go.jp/01/index.php?action_kouhyou_detail_004_kani=true&JigyosyoCd=0173801457-00&ServiceCd=110&Type=search" }, "geometry": { "type": "Point", "coordinates": [ 142.0269567, 42.5185507 ] } },
{ "type": "Feature", "properties": { "内容": "社会福祉法人愛光会　在宅ケアセンター【訪問介護】沙流郡日高町富川南１丁目６番２６", "url2": "https://www.kaigokensaku.mhlw.go.jp/01/index.php?action_kouhyou_detail_004_kani=true&JigyosyoCd=0173800061-00&ServiceCd=110&Type=search" }, "geometry": { "type": "Point", "coordinates": [ 142.027323027342106, 42.519288035514691 ] } },
{ "type": "Feature", "properties": { "内容": "社会福祉法人日高町社会福祉協議会指定訪問介護事業所【訪問介護】北海道沙流郡日高町本町東１丁目２９７番地の４", "url2": "https://www.kaigokensaku.mhlw.go.jp/01/index.php?action_kouhyou_detail_004_kani=true&JigyosyoCd=0173800640-00&ServiceCd=110&Type=search" }, "geometry": { "type": "Point", "coordinates": [ 142.442510099999936, 42.8782619 ] } },
{ "type": "Feature", "properties": { "内容": "訪問介護事業所プラチナ【訪問介護】北海道沙流郡日高町富川東5丁目21−2", "url2": "https://www.kaigokensaku.mhlw.go.jp/01/index.php?action_kouhyou_detail_004_kani=true&JigyosyoCd=0173801549-00&ServiceCd=110&Type=search" }, "geometry": { "type": "Point", "coordinates": [ 142.039815900000036, 42.505596699999984 ] } },
{ "type": "Feature", "properties": { "内容": "社会福祉法人平取町社会福祉協議会　指定訪問介護事業所【訪問介護】北海道沙流郡平取町本町８８番地１", "url2": "https://www.kaigokensaku.mhlw.go.jp/01/index.php?action_kouhyou_detail_004_kani=true&JigyosyoCd=0173800301-00&ServiceCd=110&Type=search" }, "geometry": { "type": "Point", "coordinates": [ 142.137362745260617, 42.589570524949806 ] } },
{ "type": "Feature", "properties": { "内容": "ヘルパーステーションおうるの郷新冠【訪問介護】北海道新冠郡新冠町字共栄３１８番地１９", "url2": "https://www.kaigokensaku.mhlw.go.jp/01/index.php?action_kouhyou_detail_004_kani=true&JigyosyoCd=0173801135-00&ServiceCd=110&Type=search" }, "geometry": { "type": "Point", "coordinates": [ 142.29635810000002, 42.453231800000019 ] } },
{ "type": "Feature", "properties": { "内容": "新冠町社会福祉協議会　指定訪問介護事業所【訪問介護】北海道新冠郡新冠町字本町４２番地の２", "url2": "https://www.kaigokensaku.mhlw.go.jp/01/index.php?action_kouhyou_detail_004_kani=true&JigyosyoCd=0173800244-00&ServiceCd=110&Type=search" }, "geometry": { "type": "Point", "coordinates": [ 142.310384115344249, 42.359986366918186 ] } },
{ "type": "Feature", "properties": { "内容": "訪問介護ステーション介護や浦河事業所【訪問介護】北海道浦河郡浦河町堺町東東2丁目14番9号", "url2": "https://www.kaigokensaku.mhlw.go.jp/01/index.php?action_kouhyou_detail_004_kani=true&JigyosyoCd=0173801226-00&ServiceCd=110&Type=search" }, "geometry": { "type": "Point", "coordinates": [ 142.76412849999997, 42.1768232 ] } },
{ "type": "Feature", "properties": { "内容": "ルピナス訪問介護事業所【訪問介護】北海道浦河郡浦河町字野深1番地の１", "url2": "https://www.kaigokensaku.mhlw.go.jp/01/index.php?action_kouhyou_detail_004_kani=true&JigyosyoCd=0173801200-00&ServiceCd=110&Type=search" }, "geometry": { "type": "Point", "coordinates": [ 142.733742, 42.2441927 ] } },
{ "type": "Feature", "properties": { "内容": "ヘルパーステーションマルコ【訪問介護】北海道浦河郡浦河町築地3丁目5番21号", "url2": "https://www.kaigokensaku.mhlw.go.jp/01/index.php?action_kouhyou_detail_004_kani=true&JigyosyoCd=0173801234-00&ServiceCd=110&Type=search" }, "geometry": { "type": "Point", "coordinates": [ 142.765967499999988, 42.1739347 ] } },
{ "type": "Feature", "properties": { "内容": "浦河町社協ホームヘルプサービス【訪問介護】北海道浦河郡浦河町築地１丁目４番３８号浦河町社会福祉会館内", "url2": "https://www.kaigokensaku.mhlw.go.jp/01/index.php?action_kouhyou_detail_004_kani=true&JigyosyoCd=0173800236-00&ServiceCd=110&Type=search" }, "geometry": { "type": "Point", "coordinates": [ 142.767653800000062, 42.1677298 ] } },
{ "type": "Feature", "properties": { "内容": "勤医協浦河ヘルパーステーションわかば【訪問介護】北海道浦河郡浦河町築地2丁目1番2号", "url2": "https://www.kaigokensaku.mhlw.go.jp/01/index.php?action_kouhyou_detail_004_kani=true&JigyosyoCd=0173801341-00&ServiceCd=110&Type=search" }, "geometry": { "type": "Point", "coordinates": [ 142.767582899999979, 42.1697679 ] } },
{ "type": "Feature", "properties": { "内容": "日交介護サービス【訪問介護】浦河郡浦河町昌平町3-11", "url2": "https://www.kaigokensaku.mhlw.go.jp/01/index.php?action_kouhyou_detail_004_kani=true&JigyosyoCd=0173800434-00&ServiceCd=110&Type=search" }, "geometry": { "type": "Point", "coordinates": [ 142.770525899999939, 42.1676189 ] } },
{ "type": "Feature", "properties": { "内容": "さまにホームヘルプサービス事業所【訪問介護】様似郡様似町大通２丁目98番地の２", "url2": "https://www.kaigokensaku.mhlw.go.jp/01/index.php?action_kouhyou_detail_004_kani=true&JigyosyoCd=0173800020-00&ServiceCd=110&Type=search" }, "geometry": { "type": "Point", "coordinates": [ 142.936363300000039, 42.1270055 ] } },
{ "type": "Feature", "properties": { "内容": "えりも町社協ヘルパーセンター【訪問介護】北海道幌泉郡えりも町字本町206番地えりも町役場　1階", "url2": "https://www.kaigokensaku.mhlw.go.jp/01/index.php?action_kouhyou_detail_004_kani=true&JigyosyoCd=0173800293-00&ServiceCd=110&Type=search" }, "geometry": { "type": "Point", "coordinates": [ 143.148529, 42.0162355 ] } },
{ "type": "Feature", "properties": { "内容": "さくら介護サービス【訪問介護】北海道日高郡新ひだか町静内柏台２３番１０号", "url2": "https://www.kaigokensaku.mhlw.go.jp/01/index.php?action_kouhyou_detail_004_kani=true&JigyosyoCd=0173800632-00&ServiceCd=110&Type=search" }, "geometry": { "type": "Point", "coordinates": [ 142.3501774, 42.3493993 ] } },
{ "type": "Feature", "properties": { "内容": "医療法人社団　静和会　石井病院指定訪問介護事業所【訪問介護】日高郡新ひだか町静内高砂町3丁目3番1号", "url2": "https://www.kaigokensaku.mhlw.go.jp/01/index.php?action_kouhyou_detail_004_kani=true&JigyosyoCd=0113811467-00&ServiceCd=110&Type=search" }, "geometry": { "type": "Point", "coordinates": [ 142.363973699999974, 42.3501552 ] } },
{ "type": "Feature", "properties": { "内容": "日高徳洲会訪問介護センター【訪問介護】北海道日高郡新ひだか町静内こうせい町一丁目10番27号", "url2": "https://www.kaigokensaku.mhlw.go.jp/01/index.php?action_kouhyou_detail_004_kani=true&JigyosyoCd=0173801291-00&ServiceCd=110&Type=search" }, "geometry": { "type": "Point", "coordinates": [ 142.374876099999938, 42.344628300000011 ] } },
{ "type": "Feature", "properties": { "内容": "ヘルパーステーション萌みついし【訪問介護】北海道日高郡新ひだか町三石旭町49番地の16", "url2": "https://www.kaigokensaku.mhlw.go.jp/01/index.php?action_kouhyou_detail_004_kani=true&JigyosyoCd=0173801424-00&ServiceCd=110&Type=search" }, "geometry": { "type": "Point", "coordinates": [ 142.567308897314064, 42.248006610655857 ] } },
{ "type": "Feature", "properties": { "内容": "ヘルパーステーションしずない【訪問介護】北海道日高郡新ひだか町静内神森248-10", "url2": "https://www.kaigokensaku.mhlw.go.jp/01/index.php?action_kouhyou_detail_004_kani=true&JigyosyoCd=0173801085-00&ServiceCd=110&Type=search" }, "geometry": { "type": "Point", "coordinates": [ 142.383658211611845, 42.356046762413918 ] } },
{ "type": "Feature", "properties": { "内容": "ヘルパーステーション新ひだか社協【訪問介護】日高郡新ひだか町静内青柳町２丁目３番１号", "url2": "https://www.kaigokensaku.mhlw.go.jp/01/index.php?action_kouhyou_detail_004_kani=true&JigyosyoCd=0173800087-00&ServiceCd=110&Type=search" }, "geometry": { "type": "Point", "coordinates": [ 142.3704464, 42.3356678 ] } },
{ "type": "Feature", "properties": { "内容": "訪問介護なずな【訪問介護】北海道日高郡新ひだか町静内吉野町２-２-２６", "url2": "https://www.kaigokensaku.mhlw.go.jp/01/index.php?action_kouhyou_detail_004_kani=true&JigyosyoCd=0173800780-00&ServiceCd=110&Type=search" }, "geometry": { "type": "Point", "coordinates": [ 142.366888099999983, 42.3376842 ] } },
{ "type": "Feature", "properties": { "内容": "静内ケアセンター訪問介護事業所【訪問介護】北海道日高郡新ひだか町静内中野町2丁目12番54ほほ笑みハウス2号館", "url2": "https://www.kaigokensaku.mhlw.go.jp/01/index.php?action_kouhyou_detail_004_kani=true&JigyosyoCd=0173800574-00&ServiceCd=110&Type=search" }, "geometry": { "type": "Point", "coordinates": [ 142.370042299999966, 42.3533399 ] } },
{ "type": "Feature", "properties": { "内容": "ｔｗｉｎ【訪問介護】北海道河東郡音更町南鈴蘭南２丁目６－４", "url2": "https://www.kaigokensaku.mhlw.go.jp/01/index.php?action_kouhyou_detail_004_kani=true&JigyosyoCd=0174702191-00&ServiceCd=110&Type=search" }, "geometry": { "type": "Point", "coordinates": [ 143.1978523, 42.9481607 ] } },
{ "type": "Feature", "properties": { "内容": "ヘルパーステーションほほえみ【訪問介護】北海道河東郡音更町緑陽台南区２番地６老健とかち内", "url2": "https://www.kaigokensaku.mhlw.go.jp/01/index.php?action_kouhyou_detail_004_kani=true&JigyosyoCd=0164690075-00&ServiceCd=110&Type=search" }, "geometry": { "type": "Point", "coordinates": [ 143.198960052917556, 42.963815146424309 ] } },
{ "type": "Feature", "properties": { "内容": "ヘルパーステーションくろーばー【訪問介護】北海道河東郡音更町宝来東町南2丁目11番地11サービス付き高齢者向け住宅くろーばー宝来", "url2": "https://www.kaigokensaku.mhlw.go.jp/01/index.php?action_kouhyou_detail_004_kani=true&JigyosyoCd=0174701466-00&ServiceCd=110&Type=search" }, "geometry": { "type": "Point", "coordinates": [ 143.21982554588385, 42.943926179405587 ] } },
{ "type": "Feature", "properties": { "内容": "ニチイケアセンター音更【訪問介護】北海道河東郡音更町宝来仲町南1丁目1-13-2Town宝来南　B号室", "url2": "https://www.kaigokensaku.mhlw.go.jp/01/index.php?action_kouhyou_detail_004_kani=true&JigyosyoCd=0174702035-00&ServiceCd=110&Type=search" }, "geometry": { "type": "Point", "coordinates": [ 143.218414068647803, 42.947974473168529 ] } },
{ "type": "Feature", "properties": { "内容": "北勝館ヘルパーステーション【訪問介護】北海道河東郡音更町木野大通東17丁目2番地4", "url2": "https://www.kaigokensaku.mhlw.go.jp/01/index.php?action_kouhyou_detail_004_kani=true&JigyosyoCd=0174701516-00&ServiceCd=110&Type=search" }, "geometry": { "type": "Point", "coordinates": [ 143.208731529751304, 42.970624370428055 ] } },
{ "type": "Feature", "properties": { "内容": "フクロウ在宅介護事業所【訪問介護】北海道河東郡音更町宝来東町南２丁目１番１６住宅型有料老人ホーム宝来フクロウの郷", "url2": "https://www.kaigokensaku.mhlw.go.jp/01/index.php?action_kouhyou_detail_004_kani=true&JigyosyoCd=0174701946-00&ServiceCd=110&Type=search" }, "geometry": { "type": "Point", "coordinates": [ 143.220914686508195, 42.944298836376802 ] } },
{ "type": "Feature", "properties": { "内容": "訪問介護事業所楓【訪問介護】北海道河東郡音更町宝来西町南2丁目4番地4", "url2": "https://www.kaigokensaku.mhlw.go.jp/01/index.php?action_kouhyou_detail_004_kani=true&JigyosyoCd=0174702084-00&ServiceCd=110&Type=search" }, "geometry": { "type": "Point", "coordinates": [ 143.214030900000012, 42.9449849 ] } },
{ "type": "Feature", "properties": { "内容": "アニカライフ音更【訪問介護】北海道河東郡音更町すずらん台仲町1丁目1番地17", "url2": "https://www.kaigokensaku.mhlw.go.jp/01/index.php?action_kouhyou_detail_004_kani=true&JigyosyoCd=0174702225-00&ServiceCd=110&Type=search" }, "geometry": { "type": "Point", "coordinates": [ 143.186921500000011, 42.951605 ] } },
{ "type": "Feature", "properties": { "内容": "ヘルパーステーションしほろ【訪問介護】北海道河東郡士幌町字士幌西２線１６９番５", "url2": "https://www.kaigokensaku.mhlw.go.jp/01/index.php?action_kouhyou_detail_004_kani=true&JigyosyoCd=0174700021-00&ServiceCd=110&Type=search" }, "geometry": { "type": "Point", "coordinates": [ 143.2482149, 43.1720325 ] } },
{ "type": "Feature", "properties": { "内容": "社会福祉法人上士幌福寿協会指定訪問介護事業所【訪問介護】北海道河東郡上士幌町字上士幌東2線242番地", "url2": "https://www.kaigokensaku.mhlw.go.jp/01/index.php?action_kouhyou_detail_004_kani=true&JigyosyoCd=0174700153-00&ServiceCd=110&Type=search" }, "geometry": { "type": "Point", "coordinates": [ 143.290783799999986, 43.2363059 ] } },
{ "type": "Feature", "properties": { "内容": "鹿追町社会福祉協議会訪問介護事業所【訪問介護】北海道河東郡鹿追町東町４丁目２－１", "url2": "https://www.kaigokensaku.mhlw.go.jp/01/index.php?action_kouhyou_detail_004_kani=true&JigyosyoCd=0174700401-00&ServiceCd=110&Type=search" }, "geometry": { "type": "Point", "coordinates": [ 142.991245899999967, 43.0956523 ] } },
{ "type": "Feature", "properties": { "内容": "訪問介護事業所新得やすらぎ荘【訪問介護】北海道上川郡新得町西３条北1丁目", "url2": "https://www.kaigokensaku.mhlw.go.jp/01/index.php?action_kouhyou_detail_004_kani=true&JigyosyoCd=0174700179-00&ServiceCd=110&Type=search" }, "geometry": { "type": "Point", "coordinates": [ 142.825725622723439, 43.081116473816202 ] } },
{ "type": "Feature", "properties": { "内容": "しんとく訪問介護事業所【訪問介護】上川郡新得町２条南１丁目１４番地グループホームちかっと内", "url2": "https://www.kaigokensaku.mhlw.go.jp/01/index.php?action_kouhyou_detail_004_kani=true&JigyosyoCd=0174700328-00&ServiceCd=110&Type=search" }, "geometry": { "type": "Point", "coordinates": [ 142.835096766517609, 43.082450494079104 ] } },
{ "type": "Feature", "properties": { "内容": "訪問介護つむぎ【訪問介護】北海道河西郡芽室町東1条南1丁目2番地8コーポパル　3号室", "url2": "https://www.kaigokensaku.mhlw.go.jp/01/index.php?action_kouhyou_detail_004_kani=true&JigyosyoCd=0174701995-00&ServiceCd=110&Type=search" }, "geometry": { "type": "Point", "coordinates": [ 143.050298699999985, 42.9093959 ] } },
{ "type": "Feature", "properties": { "内容": "社会福祉法人　芽室町社会福祉協議会　指定訪問介護事業所【訪問介護】北海道河西郡芽室町東４条４丁目５番地５芽室町保健福祉センター", "url2": "https://www.kaigokensaku.mhlw.go.jp/01/index.php?action_kouhyou_detail_004_kani=true&JigyosyoCd=0174700344-00&ServiceCd=110&Type=search" }, "geometry": { "type": "Point", "coordinates": [ 143.05438161390839, 42.91427508564891 ] } },
{ "type": "Feature", "properties": { "内容": "指定訪問介護（指定介護予防訪問介護）事業所朝日【訪問介護】北海道河西郡芽室町西４条５丁目１番地１０", "url2": "https://www.kaigokensaku.mhlw.go.jp/01/index.php?action_kouhyou_detail_004_kani=true&JigyosyoCd=0174701847-00&ServiceCd=110&Type=search" }, "geometry": { "type": "Point", "coordinates": [ 143.042285518810985, 42.915083686270449 ] } },
{ "type": "Feature", "properties": { "内容": "ホームヘルプサービス中札内恵津美ハイツ【訪問介護】北海道河西郡中札内村西２条南５丁目5-２", "url2": "https://www.kaigokensaku.mhlw.go.jp/01/index.php?action_kouhyou_detail_004_kani=true&JigyosyoCd=0174700203-00&ServiceCd=110&Type=search" }, "geometry": { "type": "Point", "coordinates": [ 143.127423499999963, 42.6966273 ] } },
{ "type": "Feature", "properties": { "内容": "ヘルパーステーション夢といろ【訪問介護】北海道河西郡中札内村大通北１丁目１３番地", "url2": "https://www.kaigokensaku.mhlw.go.jp/01/index.php?action_kouhyou_detail_004_kani=true&JigyosyoCd=0174700906-00&ServiceCd=110&Type=search" }, "geometry": { "type": "Point", "coordinates": [ 143.133486799999986, 42.6995911 ] } },
{ "type": "Feature", "properties": { "内容": "社会福祉法人博愛会　訪問介護事業所コムニの里さらべつ【訪問介護】北海道河西郡更別村字更別南３線９５番地６", "url2": "https://www.kaigokensaku.mhlw.go.jp/01/index.php?action_kouhyou_detail_004_kani=true&JigyosyoCd=0174701243-00&ServiceCd=110&Type=search" }, "geometry": { "type": "Point", "coordinates": [ 143.196154200000024, 42.6453405 ] } },
{ "type": "Feature", "properties": { "内容": "ホームヘルパーステーション「ひなたぼっこ」【訪問介護】北海道広尾郡大樹町緑町22番地９７", "url2": "https://www.kaigokensaku.mhlw.go.jp/01/index.php?action_kouhyou_detail_004_kani=true&JigyosyoCd=0174700724-00&ServiceCd=110&Type=search" }, "geometry": { "type": "Point", "coordinates": [ 143.270731699999942, 42.4899684 ] } },
{ "type": "Feature", "properties": { "内容": "訪問介護ヘルパーステーション「ケアポートげんき」【訪問介護】北海道広尾郡大樹町字大樹１０番８号", "url2": "https://www.kaigokensaku.mhlw.go.jp/01/index.php?action_kouhyou_detail_004_kani=true&JigyosyoCd=0174700302-00&ServiceCd=110&Type=search" }, "geometry": { "type": "Point", "coordinates": [ 143.267089599999963, 42.502128 ] } },
{ "type": "Feature", "properties": { "内容": "ホームヘルプセンターひろお【訪問介護】北海道広尾郡広尾町公園通南4丁目1番地", "url2": "https://www.kaigokensaku.mhlw.go.jp/01/index.php?action_kouhyou_detail_004_kani=true&JigyosyoCd=0174700336-00&ServiceCd=110&Type=search" }, "geometry": { "type": "Point", "coordinates": [ 143.305481200000031, 42.2988669 ] } },
{ "type": "Feature", "properties": { "内容": "訪問介護事業所　それい結【訪問介護】北海道中川郡幕別町札内青葉町10-8　BL108　203号室", "url2": "https://www.kaigokensaku.mhlw.go.jp/01/index.php?action_kouhyou_detail_004_kani=true&JigyosyoCd=0174702209-00&ServiceCd=110&Type=search" }, "geometry": { "type": "Point", "coordinates": [ 143.2657853, 42.9145909 ] } },
{ "type": "Feature", "properties": { "内容": "ＳＯＭＰＯケア幕別訪問介護【訪問介護】北海道中川郡幕別町札内桜町136番地", "url2": "https://www.kaigokensaku.mhlw.go.jp/01/index.php?action_kouhyou_detail_004_kani=true&JigyosyoCd=0174702001-00&ServiceCd=110&Type=search" }, "geometry": { "type": "Point", "coordinates": [ 143.240653625794948, 42.919856917226952 ] } },
{ "type": "Feature", "properties": { "内容": "てと手【訪問介護】北海道中川郡幕別町札内文京町37-30", "url2": "https://www.kaigokensaku.mhlw.go.jp/01/index.php?action_kouhyou_detail_004_kani=true&JigyosyoCd=0174701979-00&ServiceCd=110&Type=search" }, "geometry": { "type": "Point", "coordinates": [ 143.24595908488331, 42.908655240735321 ] } },
{ "type": "Feature", "properties": { "内容": "居宅介護事業所ひかり【訪問介護】北海道中川郡幕別町札内北町19-22", "url2": "https://www.kaigokensaku.mhlw.go.jp/01/index.php?action_kouhyou_detail_004_kani=true&JigyosyoCd=0174701409-00&ServiceCd=110&Type=search" }, "geometry": { "type": "Point", "coordinates": [ 143.248446158748578, 42.92034339685403 ] } },
{ "type": "Feature", "properties": { "内容": "指定訪問介護事業所　ヘルパーステーション　つなぐ【訪問介護】中川郡幕別町札内新北町４７-１８レジデンスマンワⅣ　１０１", "url2": "https://www.kaigokensaku.mhlw.go.jp/01/index.php?action_kouhyou_detail_004_kani=true&JigyosyoCd=0174701789-00&ServiceCd=110&Type=search" }, "geometry": { "type": "Point", "coordinates": [ 143.25058690000003, 42.9183964 ] } },
{ "type": "Feature", "properties": { "内容": "ケアフィオーレ帯広【訪問介護】北海道中川郡幕別町札内青葉町311-1", "url2": "https://www.kaigokensaku.mhlw.go.jp/01/index.php?action_kouhyou_detail_004_kani=true&JigyosyoCd=0174702167-00&ServiceCd=110&Type=search" }, "geometry": { "type": "Point", "coordinates": [ 143.2630443, 42.913570800000066 ] } },
{ "type": "Feature", "properties": { "内容": "福祉サポートとかち野【訪問介護】北海道中川郡池田町字利別西町７７番地１２", "url2": "https://www.kaigokensaku.mhlw.go.jp/01/index.php?action_kouhyou_detail_004_kani=true&JigyosyoCd=0174701425-00&ServiceCd=110&Type=search" }, "geometry": { "type": "Point", "coordinates": [ 143.422134699999987, 42.929667899999963 ] } },
{ "type": "Feature", "properties": { "内容": "ホームヘルプ　にじの家【訪問介護】中川郡池田町字利別西町32番地16", "url2": "https://www.kaigokensaku.mhlw.go.jp/01/index.php?action_kouhyou_detail_004_kani=true&JigyosyoCd=0174701383-00&ServiceCd=110&Type=search" }, "geometry": { "type": "Point", "coordinates": [ 143.4232816, 42.9322009 ] } },
{ "type": "Feature", "properties": { "内容": "ホームヘルプセンターとよころ【訪問介護】中川郡豊頃町茂岩栄町１０２番地　豊頃町福祉センター内", "url2": "https://www.kaigokensaku.mhlw.go.jp/01/index.php?action_kouhyou_detail_004_kani=true&JigyosyoCd=0174700484-00&ServiceCd=110&Type=search" }, "geometry": { "type": "Point", "coordinates": [ 143.511699503179898, 42.795662460621877 ] } },
{ "type": "Feature", "properties": { "内容": "訪問介護事業部きらり【訪問介護】北海道中川郡本別町緑町４７番地", "url2": "https://www.kaigokensaku.mhlw.go.jp/01/index.php?action_kouhyou_detail_004_kani=true&JigyosyoCd=0174701219-00&ServiceCd=110&Type=search" }, "geometry": { "type": "Point", "coordinates": [ 143.6102404, 43.1170152 ] } },
{ "type": "Feature", "properties": { "内容": "ホームヘルプセンター　ほんべつ【訪問介護】北海道中川郡本別町西美里別６番地１５本別町総合ケアセンター内", "url2": "https://www.kaigokensaku.mhlw.go.jp/01/index.php?action_kouhyou_detail_004_kani=true&JigyosyoCd=0174700492-00&ServiceCd=110&Type=search" }, "geometry": { "type": "Point", "coordinates": [ 143.591266799999971, 43.1219694 ] } },
{ "type": "Feature", "properties": { "内容": "社会福祉法人足寄町社会福祉協議会　指定訪問介護事業所【訪問介護】北海道足寄郡足寄町南６条２丁目７番地", "url2": "https://www.kaigokensaku.mhlw.go.jp/01/index.php?action_kouhyou_detail_004_kani=true&JigyosyoCd=0174700443-00&ServiceCd=110&Type=search" }, "geometry": { "type": "Point", "coordinates": [ 143.5475308, 43.2377903 ] } },
{ "type": "Feature", "properties": { "内容": "ホームヘルプセンターうらほろ【訪問介護】北海道十勝郡浦幌町字北町８番地１浦幌町保健福祉センター内", "url2": "https://www.kaigokensaku.mhlw.go.jp/01/index.php?action_kouhyou_detail_004_kani=true&JigyosyoCd=0174700310-00&ServiceCd=110&Type=search" }, "geometry": { "type": "Point", "coordinates": [ 143.6622059, 42.8153656 ] } },
{ "type": "Feature", "properties": { "内容": "そよかぜ釧路ケアセンター【訪問介護】北海道釧路群釧路町中央4丁目1番1号", "url2": "https://www.kaigokensaku.mhlw.go.jp/01/index.php?action_kouhyou_detail_004_kani=true&JigyosyoCd=0174101394-00&ServiceCd=110&Type=search" }, "geometry": { "type": "Point", "coordinates": [ 144.422036321301221, 43.004262598031403 ] } },
{ "type": "Feature", "properties": { "内容": "ニチイケアセンター北都【訪問介護】北海道釧路郡釧路町北都2丁目5-5北都ビル2階B号室", "url2": "https://www.kaigokensaku.mhlw.go.jp/01/index.php?action_kouhyou_detail_004_kani=true&JigyosyoCd=0174300905-00&ServiceCd=110&Type=search" }, "geometry": { "type": "Point", "coordinates": [ 144.41105170000003, 43.0174751 ] } },
{ "type": "Feature", "properties": { "内容": "昴宿かつらぎヘルパーステーション【訪問介護】釧路郡釧路町桂木5丁目16番地", "url2": "https://www.kaigokensaku.mhlw.go.jp/01/index.php?action_kouhyou_detail_004_kani=true&JigyosyoCd=0174300764-00&ServiceCd=110&Type=search" }, "geometry": { "type": "Point", "coordinates": [ 144.406408850262437, 43.011650643548691 ] } },
{ "type": "Feature", "properties": { "内容": "社会福祉法人釧路町社会福祉協議会指定訪問介護事業所【訪問介護】北海道釧路郡釧路町東陽大通西1丁目1番地１釧路町保健福祉センター", "url2": "https://www.kaigokensaku.mhlw.go.jp/01/index.php?action_kouhyou_detail_004_kani=true&JigyosyoCd=0174300483-00&ServiceCd=110&Type=search" }, "geometry": { "type": "Point", "coordinates": [ 144.435110200000054, 42.9971692 ] } },
{ "type": "Feature", "properties": { "内容": "にこにこケアセンター【訪問介護】北海道釧路郡釧路町新開6丁目20番地2", "url2": "https://www.kaigokensaku.mhlw.go.jp/01/index.php?action_kouhyou_detail_004_kani=true&JigyosyoCd=0174300400-00&ServiceCd=110&Type=search" }, "geometry": { "type": "Point", "coordinates": [ 144.405819, 43.0019923 ] } },
{ "type": "Feature", "properties": { "内容": "訪問介護きずな【訪問介護】釧路郡釧路町新開5丁目32番地", "url2": "https://www.kaigokensaku.mhlw.go.jp/01/index.php?action_kouhyou_detail_004_kani=true&JigyosyoCd=0174300921-00&ServiceCd=110&Type=search" }, "geometry": { "type": "Point", "coordinates": [ 144.40498, 43.001268100000019 ] } },
{ "type": "Feature", "properties": { "内容": "介護サポート第一共栄【訪問介護】北海道釧路郡釧路町光和1丁目2番地", "url2": "https://www.kaigokensaku.mhlw.go.jp/01/index.php?action_kouhyou_detail_004_kani=true&JigyosyoCd=0174300376-00&ServiceCd=110&Type=search" }, "geometry": { "type": "Point", "coordinates": [ 144.4005085, 43.0030724 ] } },
{ "type": "Feature", "properties": { "内容": "ヘルパーステーションＨＫ【訪問介護】北海道釧路郡釧路町東陽大通西１丁目３番２７住宅型有料老人ホームHK", "url2": "https://www.kaigokensaku.mhlw.go.jp/01/index.php?action_kouhyou_detail_004_kani=true&JigyosyoCd=0174142737-00&ServiceCd=110&Type=search" }, "geometry": { "type": "Point", "coordinates": [ 144.4290901, 42.9986611 ] } },
{ "type": "Feature", "properties": { "内容": "ヘルパーステーションすみれ【訪問介護】北海道厚岸郡厚岸町真栄1丁目89番地ベイサイドアイリス１Ｆ", "url2": "https://www.kaigokensaku.mhlw.go.jp/01/index.php?action_kouhyou_detail_004_kani=true&JigyosyoCd=0174300723-00&ServiceCd=110&Type=search" }, "geometry": { "type": "Point", "coordinates": [ 144.843024240669564, 43.054792776375727 ] } },
{ "type": "Feature", "properties": { "内容": "株式会社ホームヘルプステーションおはなさん【訪問介護】北海道厚岸郡厚岸町光栄143番地", "url2": "https://www.kaigokensaku.mhlw.go.jp/01/index.php?action_kouhyou_detail_004_kani=true&JigyosyoCd=0174300574-00&ServiceCd=110&Type=search" }, "geometry": { "type": "Point", "coordinates": [ 144.815239199999951, 43.0787692 ] } },
{ "type": "Feature", "properties": { "内容": "社会福祉法人厚岸町社会福祉協議会指定訪問介護事業所【訪問介護】厚岸郡厚岸町梅香2丁目1番地", "url2": "https://www.kaigokensaku.mhlw.go.jp/01/index.php?action_kouhyou_detail_004_kani=true&JigyosyoCd=0174300020-00&ServiceCd=110&Type=search" }, "geometry": { "type": "Point", "coordinates": [ 144.848349699999972, 43.0375251 ] } },
{ "type": "Feature", "properties": { "内容": "しゃきょう介護センター「えぞふうろ」【訪問介護】北海道厚岸郡浜中町琵琶瀬60番地旧琵琶瀬小学校", "url2": "https://www.kaigokensaku.mhlw.go.jp/01/index.php?action_kouhyou_detail_004_kani=true&JigyosyoCd=0174300707-00&ServiceCd=110&Type=search" }, "geometry": { "type": "Point", "coordinates": [ 145.129657800000018, 43.0781334 ] } },
{ "type": "Feature", "properties": { "内容": "訪問介護こすもす【訪問介護】北海道川上郡標茶町字コッタロ原野北17線東49番地17", "url2": "https://www.kaigokensaku.mhlw.go.jp/01/index.php?action_kouhyou_detail_004_kani=true&JigyosyoCd=0174300475-00&ServiceCd=110&Type=search" }, "geometry": { "type": "Point", "coordinates": [ 144.520594599999981, 43.2002001 ] } },
{ "type": "Feature", "properties": { "内容": "ホームヘルプステーションいちご【訪問介護】北海道川上郡標茶町開運4丁目5番地", "url2": "https://www.kaigokensaku.mhlw.go.jp/01/index.php?action_kouhyou_detail_004_kani=true&JigyosyoCd=0174300491-00&ServiceCd=110&Type=search" }, "geometry": { "type": "Point", "coordinates": [ 144.598176200000012, 43.2992572 ] } },
{ "type": "Feature", "properties": { "内容": "ヘルパーセンター「ケアー・サポートまつやま」【訪問介護】北海道川上郡弟子屈町川湯温泉１丁目３番６号", "url2": "https://www.kaigokensaku.mhlw.go.jp/01/index.php?action_kouhyou_detail_004_kani=true&JigyosyoCd=0174300665-00&ServiceCd=110&Type=search" }, "geometry": { "type": "Point", "coordinates": [ 144.437866699999972, 43.6359352 ] } },
{ "type": "Feature", "properties": { "内容": "訪問介護事業所森の家【訪問介護】北海道川上郡弟子屈町川湯温泉４丁目１１番５号住宅型有料老人ホーム森の家しらかば", "url2": "https://www.kaigokensaku.mhlw.go.jp/01/index.php?action_kouhyou_detail_004_kani=true&JigyosyoCd=0174300822-00&ServiceCd=110&Type=search" }, "geometry": { "type": "Point", "coordinates": [ 144.439609719049059, 43.641891193485847 ] } },
{ "type": "Feature", "properties": { "内容": "弟子屈町社協ヘルパーステーションましゅう【訪問介護】北海道川上郡弟子屈町中央２丁目１０番２５号弟子屈町社会老人福祉センター内", "url2": "https://www.kaigokensaku.mhlw.go.jp/01/index.php?action_kouhyou_detail_004_kani=true&JigyosyoCd=0174300731-00&ServiceCd=110&Type=search" }, "geometry": { "type": "Point", "coordinates": [ 144.460418, 43.4841119 ] } },
{ "type": "Feature", "properties": { "内容": "鶴居村ホームヘルプサービス事業所【訪問介護】北海道阿寒郡鶴居村鶴居東１丁目１番地２　鶴居村村民福祉センター内", "url2": "https://www.kaigokensaku.mhlw.go.jp/01/index.php?action_kouhyou_detail_004_kani=true&JigyosyoCd=0174300061-00&ServiceCd=110&Type=search" }, "geometry": { "type": "Point", "coordinates": [ 144.323005764695722, 43.230717778577848 ] } },
{ "type": "Feature", "properties": { "内容": "白糠町社会福祉協議会指定訪問介護事業所【訪問介護】北海道白糠郡白糠町東１条北１丁目１番地９", "url2": "https://www.kaigokensaku.mhlw.go.jp/01/index.php?action_kouhyou_detail_004_kani=true&JigyosyoCd=0174300459-00&ServiceCd=110&Type=search" }, "geometry": { "type": "Point", "coordinates": [ 144.075357299999951, 42.9574578 ] } },
{ "type": "Feature", "properties": { "内容": "社会福祉法人別海町社会福祉協議会　介護サポートセンターほほえみ【訪問介護】北海道野付郡別海町別常盤町246番地24", "url2": "https://www.kaigokensaku.mhlw.go.jp/01/index.php?action_kouhyou_detail_004_kani=true&JigyosyoCd=0174200170-00&ServiceCd=110&Type=search" }, "geometry": { "type": "Point", "coordinates": [ 145.118084939585657, 43.394863712928803 ] } },
{ "type": "Feature", "properties": { "内容": "ＪＡ中春別訪問介護ステーション「あさひな」【訪問介護】北海道野付郡別海町中春別南町３番地", "url2": "https://www.kaigokensaku.mhlw.go.jp/01/index.php?action_kouhyou_detail_004_kani=true&JigyosyoCd=0174200303-00&ServiceCd=110&Type=search" }, "geometry": { "type": "Point", "coordinates": [ 145.0604869, 43.4747386 ] } },
{ "type": "Feature", "properties": { "内容": "JA道東あさひ介護事業所【訪問介護】野付郡別海町西春別駅前曙町9-3", "url2": "https://www.kaigokensaku.mhlw.go.jp/01/index.php?action_kouhyou_detail_004_kani=true&JigyosyoCd=0174200196-00&ServiceCd=110&Type=search" }, "geometry": { "type": "Point", "coordinates": [ 144.769561899999985, 43.4165426 ] } },
{ "type": "Feature", "properties": { "内容": "ホームヘルプステーション　「すずらん」【訪問介護】北海道野付郡別海町別海鶴舞町６番地４５", "url2": "https://www.kaigokensaku.mhlw.go.jp/01/index.php?action_kouhyou_detail_004_kani=true&JigyosyoCd=0174200204-00&ServiceCd=110&Type=search" }, "geometry": { "type": "Point", "coordinates": [ 145.135086399999977, 43.3856582 ] } },
{ "type": "Feature", "properties": { "内容": "ニットー介護ヘルプステーション【訪問介護】北海道標津郡中標津町東１条北１丁目７番地", "url2": "https://www.kaigokensaku.mhlw.go.jp/01/index.php?action_kouhyou_detail_004_kani=true&JigyosyoCd=0174200469-00&ServiceCd=110&Type=search" }, "geometry": { "type": "Point", "coordinates": [ 144.973438900000019, 43.5485265 ] } },
{ "type": "Feature", "properties": { "内容": "ホームヘルプステーション　たんぽぽ【訪問介護】北海道標津郡中標津町東19条南１０丁目２番地", "url2": "https://www.kaigokensaku.mhlw.go.jp/01/index.php?action_kouhyou_detail_004_kani=true&JigyosyoCd=0174200337-00&ServiceCd=110&Type=search" }, "geometry": { "type": "Point", "coordinates": [ 144.9970978, 43.5518296 ] } },
{ "type": "Feature", "properties": { "内容": "中標津町社協ケアサービスセンター【訪問介護】北海道標津郡市中標津町西10条南9丁目1", "url2": "https://www.kaigokensaku.mhlw.go.jp/01/index.php?action_kouhyou_detail_004_kani=true&JigyosyoCd=0174200733-00&ServiceCd=110&Type=search" }, "geometry": { "type": "Point", "coordinates": [ 144.97194, 43.5367724 ] } },
{ "type": "Feature", "properties": { "内容": "社会福祉法人羅臼町社会福祉協議会指定訪問介護事業所【訪問介護】北海道目梨郡羅臼町栄町8番地1", "url2": "https://www.kaigokensaku.mhlw.go.jp/01/index.php?action_kouhyou_detail_004_kani=true&JigyosyoCd=0174200147-00&ServiceCd=110&Type=search" }, "geometry": { "type": "Point", "coordinates": [ 145.181542300000046, 44.0287441 ] } }
]
}
